-0.0186470000,-0.0028870000,0.0272010000,0.0968652289,-1.1627350000,-0.2085160000
-0.0006920000,0.0069840000,-0.0232270000,0.0936158503,0.1103230000,-0.0252930000
-0.0204260000,-0.0060740000,0.0126570000,0.0903876988,-0.2602650000,-0.7347990000
0.0012440000,0.0049350000,0.0004720000,0.0871821031,-0.2452570000,-0.0901810000
-0.0019070000,0.0115460000,0.0002060000,0.0840003732,1.2122240000,0.1659350000
-0.0082220000,0.0059730000,0.0165950000,0.0808437988,-1.8150080000,0.0759140000
-0.0085210000,0.0059730000,0.0070400000,0.0777136483,-0.3292190000,0.3435180000
-0.0013420000,-0.0002210000,-0.0072580000,0.0746111675,0.3236090000,-0.4540130000
-0.0036730000,0.0005370000,0.0150790000,0.0715375787,-1.0613770000,0.2157030000
-0.0031110000,-0.0065700000,-0.0442870000,0.0684940797,0.3516700000,-1.0079600000
-0.0088660000,0.0063200000,0.0128270000,0.0654818424,-0.3714280000,0.2783120000
0.0091750000,0.0177470000,-0.0184450000,0.0625020118,0.0808920000,0.1928770000
-0.0275230000,-0.0282830000,0.0146820000,0.0595557054,-0.3437400000,-1.4080040000
0.0094700000,0.0118090000,-0.0025610000,0.0566440121,0.7486810000,0.1981650000
0.0040510000,0.0234450000,0.0125290000,0.0537679909,0.0608920000,0.8245070000
0.0014180000,0.0177400000,0.0169570000,0.0509286704,-1.4070500000,0.5031400000
-0.0154470000,-0.0084210000,0.0012930000,0.0481270481,-0.9654570000,-0.3502940000
0.0016640000,-0.0074560000,0.0276110000,0.0453640890,-0.2401430000,-0.7914410000
0.0056330000,0.0223750000,-0.0033980000,0.0426407254,-0.3124620000,0.4854470000
0.0049730000,0.0029630000,-0.0037200000,0.0399578561,0.4348180000,0.3359000000
0.0087550000,0.0045940000,0.0061970000,0.0373163453,0.1362640000,0.4521150000
0.0005680000,-0.0106830000,-0.0145580000,0.0347170224,-0.1324040000,-0.3105010000
-0.0119480000,-0.0277550000,0.0084390000,0.0321606813,-0.3223680000,-1.2343600000
0.0001680000,-0.0016460000,0.0058820000,0.0296480798,-0.5236970000,0.3364280000
-0.0020150000,-0.0048430000,-0.0222720000,0.0271799389,0.3849770000,-0.5768020000
-0.0093550000,-0.0040030000,0.0198840000,0.0247569429,-0.4374210000,0.0574730000
0.0128810000,0.0257820000,-0.0163080000,0.0223797382,-0.0199180000,0.6111980000
-0.0363690000,-0.0310990000,0.0175540000,0.0200489336,-0.4514340000,-1.6303400000
0.0055250000,0.0204640000,0.0126660000,0.0177650997,0.3006220000,0.6529340000
-0.0043290000,-0.0051880000,0.0036560000,0.0155287683,0.1641380000,-0.3813100000
0.0011000000,0.0140370000,0.0171010000,0.0133404327,-1.5853390000,0.5365950000
-0.0173210000,-0.0159020000,-0.0066700000,0.0112005473,0.0411910000,-0.6620630000
-0.0033250000,-0.0037470000,0.0189820000,0.0091095272,-0.3260780000,-0.1052860000
-0.0126400000,0.0044660000,0.0108220000,0.0070677481,-0.5372570000,0.0984610000
-0.0027180000,0.0023090000,-0.0080520000,0.0050755468,0.4876850000,-0.4136520000
-0.0006330000,0.0138900000,0.0174160000,0.0031332204,-0.2096530000,0.3822250000
0.0000790000,-0.0020790000,-0.0136550000,0.0012410266,1.3111500000,-0.1625120000
0.0030070000,-0.0005890000,0.0131060000,-0.0006008162,0.0547380000,-0.0665400000
0.0046550000,0.0059730000,-0.0113120000,-0.0023921287,0.2260550000,0.4349110000
0.0068540000,0.0020400000,-0.0010410000,-0.0041327711,0.8133490000,-0.3310330000
0.0033450000,0.0011340000,-0.0173450000,-0.0058226423,0.0717700000,0.1582050000
0.0092170000,0.0273080000,-0.0097790000,-0.0074616803,1.1284790000,0.1334220000
-0.0028850000,-0.0046950000,0.0190440000,-0.0090498616,-0.5354770000,0.1243860000
0.0062430000,0.0100720000,-0.0370170000,-0.0105872012,1.3747340000,0.0313910000
-0.0136420000,-0.0103050000,-0.0014190000,-0.0120737520,0.1548820000,-0.3463130000
0.0089120000,0.0146320000,-0.0093000000,-0.0135096051,0.1676600000,-0.0515860000
-0.0080710000,-0.0073410000,-0.0097720000,-0.0148948887,0.3851380000,-0.2774470000
0.0012900000,0.0001230000,0.0097190000,-0.0162297683,0.3740600000,-0.2215500000
0.0044250000,-0.0040290000,-0.0160160000,-0.0175144461,0.2982420000,0.2164850000
-0.0171800000,-0.0093760000,0.0082520000,-0.0187491606,-0.0052190000,-0.9329530000
0.0037620000,-0.0021580000,0.0089410000,-0.0199341860,-0.6983620000,0.2048940000
-0.0035250000,0.0001260000,0.0032430000,-0.0210698322,0.8512380000,-0.5877490000
0.0054030000,0.0014100000,0.0017650000,-0.0221564436,-0.3675310000,0.5510140000
-0.0047590000,0.0065670000,-0.0044550000,-0.0231943991,0.4190130000,-0.3685220000
0.0040670000,0.0132830000,0.0112220000,-0.0241841115,0.2973590000,0.5030380000
-0.0062760000,0.0096780000,-0.0007780000,-0.0251260267,0.0059840000,0.0818620000
0.0017530000,0.0140770000,0.0085600000,-0.0260206230,0.2677520000,0.3442140000
-0.0031770000,0.0143690000,0.0106740000,-0.0268684111,-0.8310740000,0.4368020000
0.0000200000,0.0083060000,0.0005120000,-0.0276699326,0.4744990000,0.0317190000
-0.0076610000,0.0037800000,0.0181810000,-0.0284257599,-0.2696030000,0.5096550000
0.0115970000,0.0167420000,-0.0315120000,-0.0291364953,1.5076600000,-0.1203170000
-0.0168650000,0.0054050000,0.0309170000,-0.0298027704,-1.5879750000,-0.0151340000
0.0048480000,0.0134370000,-0.0307900000,-0.0304252448,0.2197560000,0.1569310000
-0.0090760000,0.0047350000,0.0223330000,-0.0310046063,-0.4156520000,-0.3100940000
0.0079570000,0.0213700000,0.0054940000,-0.0315415691,-0.1179250000,0.3428060000
-0.0189790000,0.0050900000,0.0106350000,-0.0320368736,-0.4327040000,-0.3928220000
0.0034210000,0.0174740000,0.0201410000,-0.0324912853,-0.1062560000,0.0023680000
-0.0014370000,0.0134140000,0.0021200000,-0.0329055939,-0.5391140000,0.1652780000
0.0119190000,0.0058810000,0.0194640000,-0.0332806127,0.0769570000,0.0593510000
0.0143670000,0.0200510000,-0.0016610000,-0.0336171773,0.4495890000,0.5642200000
0.0054720000,0.0021780000,-0.0038710000,-0.0339161449,0.3073250000,-0.0330170000
0.0057510000,0.0118090000,0.0122530000,-0.0341783935,-0.2838920000,0.1683710000
0.0011360000,0.0043150000,-0.0126410000,-0.0344048207,0.1585940000,0.2030000000
-0.0027140000,0.0101970000,0.0172980000,-0.0345963428,0.2984030000,-0.2367580000
0.0163040000,0.0072460000,0.0017190000,-0.0347538938,0.2674920000,0.7626830000
0.0108260000,0.0160530000,0.0034200000,-0.0348784248,0.9113750000,-0.2634670000
0.0092140000,0.0068130000,0.0049260000,-0.0349709025,-0.5190720000,0.3119310000
0.0113870000,0.0183010000,-0.0217010000,-0.0350323085,1.2316170000,-0.0533980000
0.0043920000,-0.0034870000,0.0105530000,-0.0350636385,-0.1498800000,0.3485210000
0.0077860000,0.0165550000,-0.0124610000,-0.0350659008,0.6661210000,0.1561240000
-0.0123120000,0.0064220000,0.0068070000,-0.0350401160,-0.1307000000,0.0131570000
0.0072810000,0.0193290000,-0.0182410000,-0.0349873155,-0.0648410000,0.2415560000
-0.0086030000,0.0025750000,-0.0142890000,-0.0349085408,0.6594810000,-0.1394760000
0.0067490000,0.0123140000,0.0055570000,-0.0348048427,-0.0374660000,-0.1338040000
0.0003940000,0.0124260000,-0.0092310000,-0.0346772797,1.0446780000,0.4516090000
0.0038700000,0.0141260000,-0.0153690000,-0.0345269182,0.1758990000,-0.2744770000
-0.0041360000,0.0096090000,0.0044110000,-0.0343548303,0.0245950000,0.2360510000
0.0016480000,0.0136630000,-0.0110200000,-0.0341620940,0.6565370000,-0.1314310000
-0.0058820000,0.0059360000,0.0286580000,-0.0339497915,-0.4909280000,0.0125990000
0.0118140000,0.0136630000,-0.0325490000,-0.0337190088,0.5490240000,0.1288400000
-0.0118820000,-0.0071610000,0.0142680000,-0.0334708347,0.3032020000,-0.3375290000
0.0084360000,0.0233960000,-0.0250980000,-0.0332063599,-0.4285680000,0.4349370000
-0.0101920000,-0.0001530000,0.0076710000,-0.0329266761,0.2442760000,-0.2760620000
0.0048650000,0.0188660000,-0.0133470000,-0.0326328754,0.1871780000,0.5550880000
-0.0123580000,0.0073580000,-0.0027050000,-0.0323260494,0.0259280000,0.1400920000
0.0005290000,0.0056310000,0.0110840000,-0.0320072880,0.1075260000,0.1143740000
-0.0037450000,0.0119830000,0.0116230000,-0.0316776794,-0.8449850000,0.0801780000
0.0031710000,0.0055230000,0.0022710000,-0.0313383086,0.8407040000,-0.5449360000
-0.0046380000,0.0152190000,0.0320890000,-0.0309902570,-1.9875850000,0.1731860000
0.0014080000,0.0087490000,-0.0026100000,-0.0306346017,0.0617880000,-0.0669540000
-0.0038040000,0.0039280000,0.0157290000,-0.0302724145,-0.2328010000,-0.0251330000
0.0022420000,0.0123540000,-0.0173220000,-0.0299047614,0.5716100000,0.6730590000
0.0006730000,0.0162500000,0.0172390000,-0.0295327017,-0.0478550000,0.1672840000
0.0147550000,0.0107160000,-0.0081640000,-0.0291572875,0.3139910000,0.8964550000
0.0033020000,0.0133220000,-0.0138950000,-0.0287795629,0.3324850000,-0.0586890000
0.0002100000,0.0024960000,-0.0026950000,-0.0284005634,0.3880300000,0.3373770000
0.0125820000,0.0208520000,-0.0100640000,-0.0280213151,0.4746760000,0.2535140000
-0.0069490000,-0.0051090000,-0.0039460000,-0.0276428341,0.5978630000,-0.3721360000
0.0105990000,0.0136670000,-0.0092240000,-0.0272661262,-0.4635300000,0.1467290000
-0.0000190000,0.0020270000,-0.0166650000,-0.0268921857,1.4722030000,-0.0785580000
0.0000300000,0.0093860000,0.0043850000,-0.0265219951,-1.4055760000,0.3563070000
-0.0099720000,0.0029720000,-0.0046980000,-0.0261565248,0.2484970000,-0.0011450000
0.0008340000,0.0128000000,0.0019530000,-0.0257967318,0.0166060000,0.3081200000
-0.0056230000,0.0114440000,-0.0019630000,-0.0254435598,-0.0038540000,0.3885890000
0.0039750000,0.0143200000,-0.0057780000,-0.0250979384,0.2035570000,0.1047760000
-0.0064230000,0.0044170000,0.0108220000,-0.0247607824,0.0295580000,0.5735970000
0.0082750000,0.0156590000,-0.0372690000,-0.0244329916,0.7987420000,-0.1275680000
-0.0061840000,0.0045050000,0.0230590000,-0.0241154498,-0.1070440000,0.3138970000
0.0033290000,0.0130460000,-0.0268540000,-0.0238090246,0.1569040000,0.0140010000
-0.0137890000,-0.0018430000,0.0144620000,-0.0235145671,-0.2594440000,-0.1226900000
0.0101730000,0.0163290000,-0.0152670000,-0.0232329107,0.1962930000,0.8646780000
-0.0133260000,0.0050730000,0.0023230000,-0.0229648712,0.1427270000,-0.1552780000
0.0110690000,0.0174350000,0.0115410000,-0.0227112460,0.0346530000,0.4583900000
-0.0102380000,0.0011900000,0.0133260000,-0.0224728138,-0.6326800000,-0.0231760000
0.0034570000,0.0101080000,0.0035220000,-0.0222503338,0.7697350000,-0.1152290000
-0.0037220000,0.0118910000,0.0272110000,-0.0220445454,-1.1165050000,0.3454090000
0.0037490000,0.0107940000,-0.0094930000,-0.0218561677,0.4059520000,-0.2381070000
-0.0239940000,0.0140010000,0.0545110000,-0.0216858986,-4.6930890000,0.3970220000
0.0019370000,0.0110310000,-0.0252100000,-0.0215344150,0.3505020000,0.4074010000
-0.0128700000,0.0072130000,0.0186500000,-0.0214023716,-0.3508140000,-0.2744900000
0.0012710000,0.0153830000,0.0066790000,-0.0212904005,-0.2324920000,0.6373690000
-0.0132180000,0.0112280000,0.0109690000,-0.0211991109,-0.7418940000,0.0627970000
0.0017600000,0.0028440000,0.0110050000,-0.0211290884,-0.0323780000,0.3709690000
-0.0110620000,0.0102100000,0.0019620000,-0.0210808943,-0.1271950000,-0.2177040000
-0.0037580000,0.0031500000,0.0155450000,-0.0210550652,-0.0892860000,-0.1431690000
0.0024520000,0.0131710000,0.0014860000,-0.0210521123,-0.2091470000,0.2796620000
-0.0006040000,-0.0039770000,0.0269480000,-0.0210725209,0.2975070000,-0.1053720000
-0.0020640000,0.0185770000,0.0072600000,-0.0211167496,-0.6870410000,0.4189450000
0.0035980000,0.0049290000,-0.0153820000,-0.0211852301,0.6669350000,0.1711700000
0.0103690000,0.0163610000,-0.0024530000,-0.0212783661,0.9692180000,0.5773230000
0.0004500000,0.0111190000,-0.0068080000,-0.0213965328,0.7007580000,0.1163930000
0.0047240000,0.0137650000,-0.0020000000,-0.0215400765,0.6957060000,0.0689120000
0.0008600000,0.0048270000,-0.0041430000,-0.0217093139,-0.2347700000,0.4898030000
0.0042810000,0.0141230000,0.0007120000,-0.0219045310,0.7843780000,-0.1803950000
0.0052590000,0.0186790000,0.0078710000,-0.0221259830,-0.1637510000,0.8479700000
0.0016050000,0.0172250000,-0.0234270000,-0.0223738934,1.4169530000,0.2555420000
0.0078910000,0.0085820000,0.0147970000,-0.0226484533,-0.1878800000,0.5435470000
-0.0044180000,0.0047090000,0.0066600000,-0.0229498209,0.1543110000,0.0927460000
0.0011620000,0.0111520000,0.0082610000,-0.0232781205,-0.3597880000,0.1746660000
0.0003350000,0.0216430000,0.0113210000,-0.0236334422,-0.8203800000,0.3778620000
0.0080780000,0.0137520000,-0.0024850000,-0.0240158410,1.0664440000,0.3680410000
-0.0058650000,0.0061760000,0.0196580000,-0.0244253359,-0.4039300000,0.1798520000
0.0145250000,0.0232380000,-0.0212670000,-0.0248619099,1.3046770000,0.5161510000
0.0021630000,0.0152780000,0.0154110000,-0.0253255085,-0.2732240000,-0.0944480000
0.0105400000,0.0166960000,-0.0062400000,-0.0258160395,0.2145330000,0.7448190000
0.0016840000,0.0086410000,-0.0014450000,-0.0263333720,0.0074580000,-0.2142310000
0.0032370000,0.0057760000,-0.0035190000,-0.0268773361,0.3113390000,0.3820840000
0.0113900000,0.0259260000,-0.0189830000,-0.0274477217,0.7003110000,0.2927780000
0.0027510000,-0.0046790000,-0.0012810000,-0.0280442785,0.1355710000,0.1628360000
0.0193860000,0.0233530000,-0.0345020000,-0.0286667144,0.6453400000,0.5222900000
-0.0182370000,0.0028440000,0.0106250000,-0.0293146956,-0.3209800000,-0.2367520000
0.0132840000,0.0145890000,-0.0081050000,-0.0299878457,-0.2473020000,0.7154510000
-0.0116920000,0.0050860000,0.0033610000,-0.0306857449,0.1760700000,-0.3598990000
0.0035950000,0.0169820000,0.0091340000,-0.0314079295,-0.5199740000,0.2143540000
-0.0033050000,0.0086120000,0.0006330000,-0.0321538911,-0.0941500000,0.1422460000
0.0006340000,0.0111460000,0.0122790000,-0.0329230762,0.1120490000,-0.1271020000
0.0015330000,0.0136500000,0.0127880000,-0.0337148856,-0.3096880000,0.3001310000
0.0085740000,0.0052270000,-0.0076680000,-0.0345286735,0.6284090000,-0.2114670000
-0.0025960000,0.0120060000,0.0210430000,-0.0353637472,-1.1622330000,0.2655700000
0.0016220000,0.0072230000,-0.0235130000,-0.0362193665,1.3036300000,-0.2857520000
0.0033420000,0.0078240000,0.0100730000,-0.0370947432,0.0645100000,0.2059910000
0.0056000000,-0.0044130000,-0.0249240000,-0.0379890403,0.7420770000,0.4276540000
0.0019370000,0.0152490000,0.0050770000,-0.0389013719,0.1175730000,-0.1582620000
0.0005940000,0.0071210000,0.0027990000,-0.0398308026,-0.1754660000,0.5839670000
-0.0009220000,0.0079260000,-0.0124020000,-0.0407763469,0.2478170000,0.0422260000
-0.0008370000,-0.0015340000,0.0272730000,-0.0417369689,-1.5657790000,0.5096290000
0.0063060000,0.0133880000,-0.0331630000,-0.0427115821,1.2143740000,0.1446680000
0.0040380000,0.0019940000,0.0038990000,-0.0436990487,0.3530520000,0.1722040000
0.0068380000,0.0235270000,0.0008070000,-0.0446981796,0.3006450000,0.5098290000
0.0008770000,0.0079520000,-0.0054850000,-0.0457077338,0.0471190000,0.0974070000
-0.0070830000,0.0206190000,0.0082880000,-0.0467264184,0.0354140000,0.6111880000
0.0052360000,0.0048170000,-0.0029880000,-0.0477528882,1.0741280000,0.4670230000
-0.0082940000,0.0069770000,0.0186400000,-0.0487857459,-0.7714720000,-0.1227100000
0.0026820000,0.0097180000,0.0007310000,-0.0498235414,-0.2274630000,0.3016150000
-0.0080840000,0.0105380000,0.0134770000,-0.0508647719,-0.0498570000,-0.4578440000
0.0101500000,0.0211080000,0.0087470000,-0.0519078821,-0.8316350000,0.5785670000
-0.0138880000,0.0035170000,0.0091870000,-0.0529512640,-0.1123940000,-0.1155770000
0.0038600000,0.0078500000,0.0066860000,-0.0539932568,-0.1901450000,0.1339570000
-0.0153190000,0.0030410000,0.0094300000,-0.0550321469,-0.3961900000,-0.0754690000
-0.0015060000,0.0156390000,0.0058620000,-0.0560661686,0.2667010000,-0.0082150000
-0.0020640000,0.0095370000,0.0165360000,-0.0570935035,-0.4453480000,0.3284550000
0.0010470000,0.0132100000,-0.0193700000,-0.0581122812,0.4299790000,-0.6769230000
-0.0155880000,0.0040820000,0.0204720000,-0.0591205793,-1.4201700000,0.2269910000
0.0126280000,0.0158460000,-0.0462070000,-0.0601164238,1.7512560000,0.0261850000
-0.0138380000,-0.0007860000,0.0166220000,-0.0610977895,-0.2708600000,0.1965930000
0.0031190000,0.0099710000,-0.0277010000,-0.0620626004,0.4416680000,-0.0341990000
0.0013030000,-0.0028180000,-0.0046120000,-0.0630087300,0.1804950000,-0.2842780000
0.0130770000,0.0184200000,-0.0274420000,-0.0639340020,2.6068170000,0.2822870000
0.0062500000,0.0045550000,-0.0212670000,-0.0648361909,1.2519150000,0.0115290000
0.0092470000,0.0152450000,0.0107400000,-0.0657130223,0.1576290000,0.3600850000
0.0144200000,0.0160300000,-0.0180830000,-0.0665621741,1.1576110000,0.4861110000
-0.0063380000,0.0055950000,0.0121810000,-0.0673812766,-0.0600690000,-0.2719950000
0.0077700000,0.0127740000,-0.0063680000,-0.0681679141,0.1971070000,0.6140830000
-0.0094140000,0.0057230000,0.0069250000,-0.0689196249,-0.3961670000,-0.2727990000
-0.0017460000,0.0088220000,0.0108640000,-0.0696339028,-0.4245540000,0.3015490000
-0.0116160000,0.0052770000,0.0044500000,-0.0703081980,-0.1724360000,-0.3152870000
0.0015300000,0.0117460000,0.0120950000,-0.0709399179,-0.2523020000,-0.0792240000
-0.0128140000,0.0097510000,0.0121940000,-0.0715264281,-1.2461190000,-0.0150060000
0.0035520000,0.0048960000,-0.0043200000,-0.0720650541,0.8279320000,-0.1894510000
-0.0018210000,0.0139190000,0.0181870000,-0.0725530819,-0.4560160000,0.3626250000
0.0055110000,0.0146840000,-0.0405650000,-0.0729877596,0.5316300000,0.1867260000
-0.0129920000,0.0095370000,0.0231930000,-0.0733662985,0.2911000000,0.2776290000
0.0034270000,0.0151570000,0.0020670000,-0.0736858747,-1.6794660000,0.4311430000
-0.0074250000,0.0008620000,-0.0042680000,-0.0739436304,0.2353800000,-0.4902940000
0.0102510000,0.0232610000,0.0048080000,-0.0741366753,-1.2316400000,-0.0869610000
0.0003150000,0.0024700000,-0.0205810000,-0.0742620885,0.7174980000,-0.1367950000
0.0077800000,0.0116310000,0.0112710000,-0.0743169196,-0.2869280000,0.0062080000
0.0024330000,0.0053550000,-0.0101400000,-0.0742981909,0.4370700000,0.2797830000
0.0033320000,0.0107350000,-0.0059060000,-0.0742028987,-0.1456160000,-0.3593270000
0.0020810000,0.0057560000,0.0011810000,-0.0740280155,-0.1298440000,0.6195520000
0.0175780000,0.0224180000,-0.0053020000,-0.0737704915,1.5569950000,0.4121540000
0.0078090000,0.0040920000,0.0116650000,-0.0734272566,-0.0905300000,0.0165250000
0.0049860000,0.0211600000,-0.0174300000,-0.0729952225,0.1007640000,0.2572390000
0.0019010000,-0.0086310000,0.0118430000,-0.0724712847,-0.3979790000,-0.1449740000
0.0083080000,0.0200670000,0.0050770000,-0.0718523243,-0.1972850000,0.4521730000
0.0025510000,0.0062120000,-0.0065650000,-0.0711352104,-0.1350330000,0.1417370000
-0.0123650000,0.0047740000,0.0222280000,-0.0703168023,-0.1522230000,-0.1083230000
0.0050620000,0.0156390000,-0.0102940000,-0.0693939516,-0.3121270000,0.0696410000
-0.0159160000,-0.0073250000,0.0239150000,-0.0683635043,-0.0936480000,-0.3208640000
0.0080880000,0.0204090000,-0.0345550000,-0.0672223035,0.4013110000,0.3559550000
-0.0054420000,-0.0012360000,-0.0090630000,-0.0659671917,0.1661440000,0.2390350000
0.0122670000,0.0184060000,-0.0022520000,-0.0645950128,0.2048040000,0.4995420000
0.0055340000,0.0058970000,-0.0126410000,-0.0631026150,0.2198180000,0.2603770000
0.0046450000,0.0174580000,0.0134800000,-0.0614868534,-0.5483050000,-0.0799660000
0.0088070000,0.0121960000,-0.0042090000,-0.0597445918,0.1194710000,0.5773200000
-0.0068730000,0.0074630000,0.0180920000,-0.0578727060,-0.3227660000,-0.0327280000
-0.0006960000,0.0080600000,0.0060290000,-0.0558680864,-0.0462370000,0.2453570000
0.0037880000,0.0046000000,0.0032100000,-0.0537276398,0.4530480000,-0.0625290000
0.0159140000,0.0088870000,0.0092230000,-0.0514482932,0.2925570000,0.0993540000
-0.0014670000,0.0089000000,-0.0151360000,-0.0490269957,1.3745440000,0.2208140000
0.0040250000,0.0084870000,0.0149080000,-0.0464607213,-0.2046310000,0.2730180000
-0.0036700000,0.0129180000,-0.0015010000,-0.0437464721,-0.0888890000,0.3068370000
0.0051470000,0.0044790000,0.0009020000,-0.0408812804,0.0496500000,-0.0447780000
0.0014900000,0.0153930000,0.0051990000,-0.0378622119,-0.1234460000,0.3862650000
0.0093490000,0.0059130000,-0.0120730000,-0.0346863685,0.5773810000,0.2363760000
-0.0036300000,0.0074300000,0.0242760000,-0.0313508907,-0.3061890000,-0.1283190000
0.0023210000,0.0087690000,-0.0133370000,-0.0278529609,-0.0942000000,0.6292450000
-0.0052480000,-0.0042390000,0.0212430000,-0.0241898057,0.1523970000,-0.2558650000
0.0031480000,-0.0043410000,0.0053890000,-0.0203586990,-0.7011520000,0.7889980000
0.0004500000,0.0025620000,-0.0066610000,-0.0163569649,0.3909940000,-0.1638940000
-0.0047330000,-0.0010750000,0.0022840000,-0.0121819802,-0.2961980000,0.4296360000
0.0005060000,0.0102590000,-0.0080390000,-0.0078311772,-0.0037750000,0.0790290000
-0.0007450000,-0.0170870000,0.0027530000,-0.0033020468,0.4801220000,-0.0141070000
0.0138690000,0.0161420000,0.0009350000,0.0014078591,0.5817400000,-0.0062810000
0.0051310000,-0.0085650000,-0.0054690000,0.0063009246,0.6841940000,-0.4799600000
0.0052460000,0.0164630000,-0.0013820000,0.0113794672,-0.0095290000,0.5006220000
-0.0001900000,-0.0022700000,-0.0092270000,0.0166457351,0.7414040000,0.1262630000
0.0035190000,0.0020660000,0.0169570000,0.0221019044,-0.2372780000,-0.1367160000
-0.0024120000,-0.0051160000,-0.0137440000,0.0277500768,0.2518220000,0.2362320000
-0.0008400000,0.0074730000,-0.0150410000,0.0335922763,0.1461960000,-0.1050210000
-0.0015490000,-0.0007110000,0.0077990000,0.0396304475,0.0158540000,0.4314650000
0.0013330000,0.0149200000,-0.0138290000,0.0458664523,1.1805610000,0.3015320000
0.0077530000,-0.0072430000,0.0077160000,0.0523020681,0.1781210000,0.3743010000
0.0046150000,0.0097800000,-0.0031250000,0.0589389847,-0.0255080000,0.1299360000
-0.0039980000,-0.0075940000,0.0044180000,0.0657788023,0.1831700000,0.1450360000
0.0027970000,0.0139550000,0.0060650000,0.0728230293,-0.4324060000,0.5669140000
-0.0031050000,0.0011410000,-0.0094770000,0.0800730796,0.3252570000,0.0981200000
-0.0044840000,0.0108080000,0.0260420000,0.0875302709,-0.5331600000,0.5074730000
0.0030330000,0.0126060000,-0.0080030000,0.0951958221,0.1188730000,0.2883080000
-0.0074800000,0.0017350000,0.0046700000,0.1030708518,-0.0163830000,0.1466900000
-0.0078910000,0.0137490000,0.0191850000,0.1111563757,-2.7197460000,0.2959230000
-0.0102050000,-0.0042160000,0.0147310000,0.1194533053,0.2624670000,-0.3412640000
-0.0007320000,0.0092220000,0.0063970000,0.1279624458,-1.7197420000,0.4593330000
-0.0074410000,0.0051780000,-0.0019670000,0.1366844943,0.2425130000,0.3781250000
0.0041230000,0.0034350000,-0.0108460000,0.1456200386,-0.2974650000,-0.2343810000
0.0001480000,0.0069970000,0.0067420000,0.1547695552,0.4860830000,0.1597050000
-0.0019360000,0.0058350000,-0.0056100000,0.1641334082,0.0501160000,-0.5464920000
-0.0228060000,-0.0032480000,0.0266690000,0.1737118479,-3.8155460000,-0.0776350000
0.0066900000,0.0075090000,-0.0145750000,0.1835050097,0.2549830000,0.0775880000
-0.0042210000,-0.0037170000,0.0182240000,0.1935129127,-0.2561320000,0.0674780000
0.0032990000,0.0166830000,0.0065740000,0.2037354592,-0.1283600000,0.5728100000
-0.0023070000,0.0023090000,-0.0150240000,0.2141724333,0.3670220000,-0.1668520000
0.0053010000,0.0116640000,0.0033900000,0.2248235007,0.1970740000,0.5074830000
-0.0029470000,0.0062380000,-0.0101270000,0.2356882077,0.0426290000,-0.2415900000
-0.0001150000,0.0100160000,0.0075130000,0.2467659809,0.3247150000,-0.1701640000
0.0000690000,0.0048860000,-0.0078420000,0.2580561266,1.2836370000,0.1773380000
-0.0006430000,0.0110870000,-0.0140230000,0.2695578311,0.5566320000,-0.7722290000
-0.0106780000,-0.0017440000,0.0333650000,0.2812701598,-1.1032180000,-0.0343630000
0.0011520000,0.0073910000,-0.0432700000,0.2931920579,1.2844670000,-0.0339300000
-0.0086360000,-0.0051580000,0.0118030000,0.3053223502,-0.1187100000,-0.1058080000
-0.0046540000,0.0105580000,-0.0279410000,0.3176597416,0.0511270000,0.2798290000
-0.0129620000,-0.0057490000,0.0239250000,0.3302028173,-0.0981580000,-0.4370100000
0.0004700000,0.0217350000,-0.0054720000,0.3429500436,-0.1364150000,-0.1186950000
-0.0118170000,0.0075280000,0.0082580000,0.3558997685,0.4681740000,-0.1395880000
0.0069230000,0.0152910000,0.0040830000,0.3690502224,0.1144060000,0.2770650000
-0.0041680000,0.0116480000,-0.0128250000,0.3823995194,1.8224850000,0.3867740000
-0.0034130000,-0.0025160000,0.0072410000,0.3959456583,-0.2571790000,-0.3088040000
-0.0164150000,0.0030380000,-0.0031910000,0.4096865238,-0.2126370000,0.4372870000
0.0026820000,0.0067240000,-0.0036310000,0.4236198880,0.1336210000,0.0645400000
-0.0059210000,0.0027850000,0.0141530000,0.4377434119,0.0072010000,0.4347670000
0.0129040000,0.0097140000,-0.0113150000,0.4520546472,1.0104920000,0.7963140000
-0.0060950000,0.0062880000,0.0195960000,0.4665510380,-0.4368660000,0.4368940000
0.0113380000,0.0173360000,-0.0037200000,0.4812299231,-0.0818870000,0.9530470000
0.0011330000,0.0124950000,0.0002230000,0.4960885377,0.3476890000,0.3390050000
0.0119320000,0.0125570000,-0.0074390000,0.5111240159,-0.7598350000,1.3999060000
0.0042080000,0.0184290000,-0.0239560000,0.5263333931,0.4743740000,1.0488490000
0.0100640000,0.0122220000,-0.0096080000,0.5417136082,-0.0851530000,1.2576350000
0.0108220000,0.0227520000,-0.0279830000,0.5572615069,0.1513430000,1.0463930000
0.0208830000,0.0132040000,-0.0068740000,0.5729738434,-0.0328710000,1.3354680000
0.0190420000,0.0282540000,-0.0173090000,0.5888472845,-0.5956280000,1.1665110000
0.0257380000,0.0151210000,-0.0232370000,0.6048784115,1.1859680000,1.0817450000
0.0393110000,0.0394630000,-0.0185590000,0.6210637238,0.7278870000,1.9971490000
0.0243890000,0.0225420000,-0.0317290000,0.6373996420,0.6313080000,1.5813790000
0.0306520000,0.0371890000,-0.0142460000,0.6538825112,-0.6056400000,2.2928860000
0.0209550000,0.0298290000,-0.0321320000,0.6705086039,0.1754000000,1.3434970000
0.0282620000,0.0351070000,-0.0168620000,0.6872741240,-0.1142550000,2.3592800000
0.0216250000,0.0442460000,-0.0058500000,0.7041752099,-0.2484410000,2.3927810000
0.0348760000,0.0328520000,-0.0148210000,0.7212079381,-0.0219660000,1.7410990000
0.0196290000,0.0267180000,0.0148690000,0.7383683267,-0.3716150000,1.8459230000
0.0371480000,0.0404580000,-0.0197180000,0.7556523390,-0.1210990000,1.9294220000
0.0129360000,0.0401390000,0.0254220000,0.7730558872,-1.6144250000,2.5556780000
0.0144760000,0.0446860000,-0.0070320000,0.7905748362,-0.4718610000,2.7147980000
0.0019960000,0.0391350000,0.0431770000,0.8082050066,-1.3163600000,2.2364410000
0.0220420000,0.0559180000,0.0073420000,0.8259421792,-0.6036470000,2.5949660000
-0.0060430000,0.0392790000,0.0433110000,0.8437820981,-1.2009690000,2.2452910000
0.0025210000,0.0469600000,0.0357450000,0.8617204744,-1.0277120000,2.7494110000
-0.0158010000,0.0348450000,0.0351020000,0.8797529898,0.4939610000,2.1022120000
-0.0171180000,0.0398080000,0.0717930000,0.8978753003,-0.7693410000,2.3642070000
-0.0480190000,0.0306700000,0.0532050000,0.9160830395,-0.8119010000,2.2304530000
-0.0488060000,0.0301440000,0.0693610000,0.9343718222,-1.4923570000,2.3792590000
-0.0701060000,0.0345300000,0.0583220000,0.9527372477,-0.8701650000,2.2281030000
-0.0768190000,0.0294720000,0.0507660000,0.9711749031,-0.3731180000,1.7228960000
-0.1026910000,0.0237540000,0.0639610000,0.9896803666,-0.6768680000,2.0214200000
-0.1132440000,0.0204650000,0.0608330000,1.0082492105,-0.2838690000,2.0121970000
-0.1347040000,0.0303870000,0.0780920000,1.0268770043,-0.3107060000,2.1292410000
-0.1434360000,0.0318510000,0.0470110000,1.0455593176,0.7745800000,2.4797660000
-0.1700230000,0.0229200000,0.0675220000,1.0642917227,-0.0632230000,1.9489100000
-0.1627000000,0.0356100000,0.0509040000,1.0830697974,0.0514160000,2.3241420000
-0.1932500000,0.0225360000,0.0429630000,1.1018891276,0.2441250000,1.3378900000
-0.1903880000,0.0456050000,0.0221070000,1.1207453093,0.3012490000,2.9303290000
-0.2097210000,0.0420330000,0.0204360000,1.1396339509,0.9257620000,2.0918010000
-0.2001200000,0.0402840000,0.0117370000,1.1585506752,1.1040380000,2.5196140000
-0.2025980000,0.0404020000,-0.0080260000,1.1774911211,1.0005360000,2.3055660000
-0.2016100000,0.0204780000,-0.0014740000,1.1964509452,1.1795310000,1.9672360000
-0.1853980000,0.0491070000,-0.0200990000,1.2154258230,1.8145180000,2.2546920000
-0.1989680000,0.0268460000,-0.0135540000,1.2344114503,1.4801560000,1.8409990000
-0.1799170000,0.0563220000,-0.0318800000,1.2534035439,0.2324590000,3.1666480000
-0.1863960000,0.0334070000,-0.0475630000,1.2723978419,2.2290350000,1.9166630000
-0.1603440000,0.0525210000,-0.0140690000,1.2913901047,0.8905020000,2.9279430000
-0.1669280000,0.0312870000,-0.0233850000,1.3103761145,1.3557980000,2.6757440000
-0.1526820000,0.0375760000,0.0133100000,1.3293516756,0.9789180000,2.8782080000
-0.1547900000,0.0279710000,0.0300240000,1.3483126135,0.9750610000,3.0031020000
-0.1332340000,0.0267040000,0.0642330000,1.3672547743,0.9279350000,2.8619930000
-0.1296720000,-0.0050370000,0.1090650000,1.3861740238,-0.1276150000,2.7619750000
-0.1081860000,-0.0078730000,0.0968740000,1.4050662460,0.6429570000,3.0693160000
-0.1111330000,-0.0340630000,0.1579440000,1.4239273415,-0.3126000000,3.1699040000
-0.0865080000,-0.0389840000,0.1177110000,1.4427532259,1.7605750000,3.0048760000
-0.1050840000,-0.0811240000,0.2188660000,1.4615398273,-0.8898460000,2.3274300000
-0.0750030000,-0.0970110000,0.1952550000,1.4802830841,-0.0875530000,3.1882510000
-0.0837540000,-0.1438810000,0.2403330000,1.4989789422,-0.3787670000,2.0895040000
-0.0587620000,-0.1549460000,0.2537680000,1.5176233525,0.3753830000,2.2211470000
-0.0818670000,-0.1989760000,0.2713060000,1.5362122671,-0.7794440000,1.1701430000
-0.0690460000,-0.2242940000,0.3147920000,1.5547416369,-0.4835880000,1.1632870000
-0.0604200000,-0.2512230000,0.2964790000,1.5732074072,0.4751690000,1.0356030000
-0.0556960000,-0.2934320000,0.3324580000,1.5916055147,0.4941810000,-0.3635550000
-0.0541300000,-0.3198650000,0.3004410000,1.6099318834,-0.6752860000,-0.4494560000
-0.0660590000,-0.3621010000,0.2995350000,1.6281824209,0.9210820000,-1.5700210000
-0.0837150000,-0.3932870000,0.3163250000,1.6463530141,0.1537000000,-1.7373470000
-0.0840200000,-0.4309860000,0.2746440000,1.6644395255,0.9349300000,-2.4564470000
-0.1050080000,-0.4728570000,0.2853190000,1.6824377888,0.4504330000,-2.7460070000
-0.1022080000,-0.5117310000,0.2484540000,1.7003436052,0.9641800000,-3.5956520000
-0.1106010000,-0.5343960000,0.2169920000,1.7181527388,1.1548960000,-4.4175550000
-0.1114840000,-0.5771100000,0.2032250000,1.7358609133,1.3166780000,-4.4845130000
-0.1172450000,-0.5934760000,0.1357910000,1.7534638077,1.7579590000,-5.3872330000
-0.1283590000,-0.6398700000,0.1221460000,1.7709570527,1.3566610000,-5.9877020000
-0.1147210000,-0.6438260000,0.0547510000,1.7883362272,2.8268950000,-6.0069670000
-0.1330500000,-0.6957240000,0.0133690000,1.8055968550,1.5053590000,-7.0997430000
-0.1085240000,-0.7003860000,-0.0429380000,1.8227344018,1.4711760000,-6.9194770000
-0.1213220000,-0.7347170000,-0.0749980000,1.8397442722,0.7650900000,-8.0118660000
-0.0858810000,-0.7421550000,-0.1307560000,1.8566218077,1.1963600000,-7.9987060000
-0.0818640000,-0.7619180000,-0.1915670000,1.8733622842,2.0997460000,-8.5343340000
-0.0497020000,-0.7703440000,-0.2118980000,1.8899609108,1.3423170000,-8.5997000000
-0.0442240000,-0.7727110000,-0.2558860000,1.9064128281,1.0856070000,-8.7335020000
-0.0166190000,-0.7739880000,-0.3057890000,1.9227131078,0.2563220000,-9.4118340000
-0.0011120000,-0.7719690000,-0.3435930000,1.9388567526,-0.0126050000,-8.5777030000
0.0324410000,-0.7633950000,-0.3815610000,1.9548386958,0.6082880000,-9.4137600000
0.0441200000,-0.7582910000,-0.4166990000,1.9706538029,-0.5098090000,-9.1918730000
0.0817300000,-0.7497630000,-0.4401030000,1.9862968725,0.1511400000,-9.6377490000
0.0974590000,-0.7452470000,-0.4432280000,2.0017626383,0.0754170000,-9.8966970000
0.1469810000,-0.7151010000,-0.4540140000,2.0170457720,0.2068000000,-9.0141870000
0.1526530000,-0.7023190000,-0.4768800000,2.0321408860,0.7967000000,-10.1902650000
0.2013980000,-0.6574610000,-0.4591640000,2.0470425376,-0.5729400000,-8.9304540000
0.2159780000,-0.6320710000,-0.4728290000,2.0617452331,-0.3373850000,-9.6936810000
0.2526040000,-0.6171760000,-0.4488840000,2.0762434329,-0.8399040000,-9.1525470000
0.2777640000,-0.5841310000,-0.4362400000,2.0905315572,-0.4888540000,-9.4659080000
0.3136670000,-0.5732730000,-0.4133380000,2.1046039923,-0.3408880000,-9.4342650000
0.3462450000,-0.5156600000,-0.4009860000,2.1184550972,-0.1948650000,-8.8925050000
0.3638420000,-0.5035410000,-0.3707260000,2.1320792111,0.1961190000,-9.6245290000
0.3823940000,-0.4510350000,-0.3225620000,2.1454706615,-2.1360140000,-8.8009980000
0.4079580000,-0.4248900000,-0.3323240000,2.1586237724,0.1446600000,-9.1970010000
0.4407530000,-0.3682620000,-0.2602290000,2.1715328735,-0.5281870000,-7.7848040000
0.4556620000,-0.3408600000,-0.2426350000,2.1841923099,0.9761250000,-8.1226890000
0.4817470000,-0.2917150000,-0.2003380000,2.1965964514,-0.8226780000,-7.7662950000
0.4882600000,-0.2690760000,-0.1595170000,2.2087397036,-1.0526680000,-6.8750110000
0.5142200000,-0.2259320000,-0.1455700000,2.2206165179,-0.8505160000,-6.5009970000
0.5181530000,-0.2021280000,-0.0611260000,2.2322214032,-1.2462890000,-6.1935670000
0.5487120000,-0.1590850000,-0.0694670000,2.2435489368,-0.3728420000,-5.4437370000
0.5353360000,-0.1420950000,0.0049530000,2.2545937764,-1.5600840000,-5.2480750000
0.5687610000,-0.0993120000,-0.0158840000,2.2653506717,-2.1572710000,-3.8357790000
0.5483610000,-0.0874100000,0.0457570000,2.2758144765,-1.7826760000,-3.8731900000
0.5785690000,-0.0499440000,0.0480610000,2.2859801609,-1.8156120000,-2.6775880000
0.5622620000,-0.0249250000,0.0552260000,2.2958428237,-2.2284700000,-1.6769440000
0.5763040000,-0.0067630000,0.0682380000,2.3053977045,-1.9944790000,-1.1427200000
0.5567210000,0.0130850000,0.0812430000,2.3146401960,-3.0488400000,-0.2314860000
0.5599450000,0.0289260000,0.0823160000,2.3235658567,-0.9595820000,0.5784680000
0.5483320000,0.0421710000,0.1059070000,2.3321704224,-2.4986740000,1.5831340000
0.5347780000,0.0560460000,0.0460550000,2.3404498191,-0.8812950000,2.5920600000
0.5098220000,0.0646890000,0.0985870000,2.3484001742,-2.4433190000,2.6609670000
0.4891820000,0.0587570000,0.0431500000,2.3560178285,-2.0179940000,4.3410770000
0.4656670000,0.0615010000,0.0579180000,2.3632993480,-2.2992460000,5.1279750000
0.4448990000,0.0622600000,0.0474500000,2.3702415344,-1.6231460000,6.4540900000
0.4082040000,0.0688840000,0.0487900000,2.3768414363,-1.6989570000,7.0335840000
0.3450340000,0.0413140000,0.0582990000,2.3830963600,-2.4041530000,8.1098980000
0.3060680000,0.0521890000,0.0330670000,2.3890038787,-2.3169810000,9.1813150000
0.2546810000,0.0247610000,0.0520820000,2.3945618432,-1.6258700000,9.6198550000
0.2063410000,0.0271280000,0.0515340000,2.3997683900,-3.0906850000,10.9574550000
0.1357780000,0.0149790000,0.0256810000,2.4046219507,-1.4486020000,11.1782600000
0.0766850000,0.0235200000,0.0182630000,2.4091212600,-1.5942250000,12.3401240000
-0.0026810000,0.0001230000,0.0324590000,2.4132653627,-1.5152850000,12.2804460000
-0.0596250000,-0.0131050000,0.0507790000,2.4170536213,-1.0964950000,13.1696280000
-0.1261400000,-0.0475770000,0.0440040000,2.4204857220,-0.4969090000,13.1237290000
-0.1852310000,-0.0672160000,0.0778230000,2.4235616803,-0.6380900000,13.1217370000
-0.2466520000,-0.0800540000,0.0888580000,2.4262818461,-1.4009150000,14.3658400000
-0.3100520000,-0.1098910000,0.0765620000,2.4286469081,0.1562540000,14.5419290000
-0.3673410000,-0.1279120000,0.1030780000,2.4306578973,0.4356160000,14.7974330000
-0.4227350000,-0.1641270000,0.1171790000,2.4323161897,0.4272390000,15.2300790000
-0.4773450000,-0.1936690000,0.1448630000,2.4336235089,1.4464100000,14.8729880000
-0.5280230000,-0.2310620000,0.1738930000,2.4345819269,0.4657680000,15.7549470000
-0.5968420000,-0.2570200000,0.1650900000,2.4351938651,2.2386060000,14.7230200000
-0.6532670000,-0.3128020000,0.2033300000,2.4354620942,1.3430920000,15.2881380000
-0.7062790000,-0.3324990000,0.1661430000,2.4353897331,3.3876630000,14.6187760000
-0.7622310000,-0.3791040000,0.2184690000,2.4349802472,2.2412650000,14.6256630000
-0.8185510000,-0.3993170000,0.2129150000,2.4342374463,2.4987230000,14.7285310000
-0.8646070000,-0.4575870000,0.2302300000,2.4331654809,3.3232090000,13.9167020000
-0.9075480000,-0.4883860000,0.2717160000,2.4317688387,0.8585580000,13.6550120000
-0.9343030000,-0.5512810000,0.2416620000,2.4300523397,3.8454380000,13.2248030000
-0.9514830000,-0.5780060000,0.2603530000,2.4280211308,3.2217260000,13.2250300000
-0.9751920000,-0.6365810000,0.2330790000,2.4256806797,5.5991760000,12.0846780000
-0.9931310000,-0.6770670000,0.2501700000,2.4230367680,1.8764710000,12.3467680000
-1.0142300000,-0.7247670000,0.2418300000,2.4200954839,3.2251100000,11.6441790000
-1.0015830000,-0.7471830000,0.2302100000,2.4168632138,2.7855230000,11.6923030000
-1.0050820000,-0.7864280000,0.2143820000,2.4133466339,3.5805420000,11.4872430000
-1.0027160000,-0.8308850000,0.2001850000,2.4095527006,3.2207740000,9.8751650000
-0.9965940000,-0.8617600000,0.1939780000,2.4054886407,3.7841520000,10.2015580000
-0.9827320000,-0.8972270000,0.1348120000,2.4011619410,3.0920900000,9.4117840000
-0.9714210000,-0.9370850000,0.1567920000,2.3965803377,2.4551090000,9.1369430000
-0.9301240000,-0.9595770000,0.0733420000,2.3917518045,4.4817980000,8.8207260000
-0.9142310000,-1.0132870000,0.0791750000,2.3866845415,2.5430760000,7.9097490000
-0.8710010000,-1.0285830000,0.0377440000,2.3813869627,2.2642320000,7.8368990000
-0.8259040000,-1.0454190000,0.0048120000,2.3758676840,2.2937810000,6.4886900000
-0.7796710000,-1.0802100000,-0.0136620000,2.3701355101,2.5895020000,6.8491880000
-0.7361680000,-1.0781550000,-0.0581490000,2.3641994218,2.4075860000,5.3969230000
-0.6903090000,-1.1059930000,-0.0791630000,2.3580685630,2.9555890000,5.0941650000
-0.6299550000,-1.0914090000,-0.1441490000,2.3517522274,1.7675600000,4.7982830000
-0.5899130000,-1.1161100000,-0.1375580000,2.3452598447,1.6864740000,3.4874840000
-0.5103400000,-1.0825860000,-0.1950400000,2.3386009679,1.4680840000,3.4310830000
-0.4797110000,-1.0889250000,-0.2098800000,2.3317852589,1.4483790000,2.1215900000
-0.3958060000,-1.0457570000,-0.2656680000,2.3248224760,1.1191310000,2.7883600000
-0.3502850000,-1.0548100000,-0.2689080000,2.3177224593,1.5262850000,0.9765000000
-0.2694250000,-1.0063550000,-0.3071090000,2.3104951183,0.8324130000,0.6567620000
-0.2117140000,-0.9749580000,-0.3379050000,2.3031504177,0.6292470000,0.1497800000
-0.1387780000,-0.9407490000,-0.3375960000,2.2956983650,0.6037490000,-1.2602770000
-0.0693870000,-0.8973650000,-0.3156920000,2.2881489966,1.2409650000,-1.6332890000
-0.0020970000,-0.8560720000,-0.3315860000,2.2805123655,0.7859310000,-2.9670720000
0.0581880000,-0.8004840000,-0.3093410000,2.2727985284,-2.2225720000,-3.3785740000
0.1378230000,-0.7475280000,-0.3579770000,2.2650175329,0.0903820000,-4.2969830000
0.1951380000,-0.6996800000,-0.2943930000,2.2571794058,-0.8023100000,-4.9802690000
0.2682250000,-0.6558260000,-0.2965390000,2.2492941403,0.0709070000,-5.6868750000
0.3225720000,-0.5903610000,-0.2842990000,2.2413716851,-0.7784560000,-7.4064330000
0.3897540000,-0.5436820000,-0.2551710000,2.2334219321,-0.7259080000,-7.4804880000
0.4479320000,-0.4709430000,-0.2498010000,2.2254547055,-0.0026360000,-8.7168050000
0.5024100000,-0.4323220000,-0.1876380000,2.2174797509,-1.3392450000,-9.3730160000
0.5756840000,-0.3614010000,-0.2213620000,2.2095067245,0.5565930000,-10.2848320000
0.6089880000,-0.3238270000,-0.1298570000,2.2015451828,-2.3414190000,-11.2662940000
0.6801940000,-0.2602630000,-0.1476540000,2.1936045725,-1.1691520000,-11.6693670000
0.7045300000,-0.2170630000,-0.0962740000,2.1856942205,-1.6575000000,-13.1286470000
0.7764710000,-0.1492900000,-0.1076020000,2.1778233248,-1.3993960000,-13.1365900000
0.8047390000,-0.1134070000,-0.0746660000,2.1700009450,-1.5911880000,-14.2734500000
0.8613580000,-0.0628900000,-0.0597970000,2.1622359933,-1.1670940000,-14.6828050000
0.8850340000,-0.0172740000,-0.0511380000,2.1545372265,-1.0324130000,-15.5638220000
0.9156760000,0.0205100000,-0.0002240000,2.1469132368,-2.1250050000,-16.2006810000
0.9304100000,0.0625550000,-0.0020520000,2.1393724444,-2.9711320000,-16.0919730000
0.9627000000,0.0802510000,-0.0184380000,2.1319230896,-1.2298740000,-17.5211890000
0.9678560000,0.1158950000,0.0371990000,2.1245732252,-1.9720300000,-17.1472840000
0.9851320000,0.1346050000,-0.0026950000,2.1173307095,-0.8868690000,-17.7046810000
0.9809800000,0.1446030000,0.0565100000,2.1102031994,-3.0184160000,-17.5896810000
0.9884140000,0.1624330000,0.0045750000,2.1031981438,-1.2948860000,-18.1004940000
0.9792630000,0.1574540000,0.0496100000,2.0963227774,-1.9889610000,-17.8943600000
0.9929830000,0.1631320000,0.0352040000,2.0895841145,-1.5234520000,-17.6828270000
0.9759340000,0.1539020000,0.0312840000,2.0829889435,-1.4221590000,-17.8711240000
0.9778380000,0.1466710000,0.0227370000,2.0765438219,-1.4143470000,-17.1722860000
0.9426770000,0.1322710000,0.0028580000,2.0702550704,-0.8690490000,-17.1526970000
0.9290120000,0.1101050000,-0.0078750000,2.0641287692,-2.2350090000,-16.5281410000
0.9101810000,0.1155700000,-0.0736550000,2.0581707531,-0.3666720000,-15.9201880000
0.8663600000,0.0679480000,-0.0544530000,2.0523866075,-1.4906510000,-15.6058950000
0.8476270000,0.0653220000,-0.1072900000,2.0467816652,-1.1809490000,-14.8767570000
0.7835250000,0.0218130000,-0.1041590000,2.0413610028,-1.6442850000,-14.7115660000
0.7756070000,0.0157110000,-0.1592910000,2.0361294381,-1.1315620000,-13.2515240000
0.7168260000,-0.0203530000,-0.1777710000,2.0310915273,-1.1354060000,-13.1145590000
0.6807580000,-0.0514600000,-0.1867550000,2.0262515635,-1.9546790000,-12.2271220000
0.6390740000,-0.0784290000,-0.2045780000,2.0216135748,-1.4775410000,-11.3736460000
0.6069230000,-0.1212780000,-0.2162380000,2.0171813231,-1.0478890000,-10.5336370000
0.5570960000,-0.1604080000,-0.2254580000,2.0129583033,-1.8513640000,-9.0658620000
0.5265390000,-0.2004500000,-0.2603040000,2.0089477431,-0.6329720000,-8.9265190000
0.4705310000,-0.2349910000,-0.2338150000,2.0051526034,-2.3455480000,-7.5568400000
0.4432310000,-0.2671040000,-0.2546060000,2.0015755782,-0.4254930000,-6.7322460000
0.3859130000,-0.3209390000,-0.2197630000,1.9982190964,-0.5172500000,-5.4977540000
0.3520710000,-0.3529230000,-0.2540710000,1.9950853227,0.5847200000,-4.5822910000
0.2816300000,-0.3948630000,-0.2262720000,1.9921761600,0.0618570000,-4.1686490000
0.2343630000,-0.4243780000,-0.1963560000,1.9894932516,-1.3460720000,-2.2842540000
0.1731560000,-0.4651360000,-0.2022180000,1.9870379843,0.2541430000,-1.9698690000
0.1367660000,-0.4985650000,-0.1779150000,1.9848114912,0.3226140000,-0.2887480000
0.0864470000,-0.5261700000,-0.1733260000,1.9828146563,0.5284590000,-0.3023680000
0.0280590000,-0.5694000000,-0.1217820000,1.9810481180,0.1837640000,0.5989830000
-0.0126440000,-0.5716750000,-0.1260860000,1.9795122743,-0.1329090000,1.3361170000
-0.0866000000,-0.6070590000,-0.0512160000,1.9782072876,0.0603740000,1.8185880000
-0.1039350000,-0.6025200000,-0.0559140000,1.9771330902,0.8258060000,3.4764100000
-0.1804580000,-0.6446560000,-0.0133960000,1.9762893903,-0.1601500000,3.5086400000
-0.2019550000,-0.6359510000,-0.0002830000,1.9756756784,-0.2366700000,5.3009100000
-0.2677050000,-0.6548810000,0.0106120000,1.9752912339,0.7467910000,5.2247210000
-0.3099700000,-0.6706660000,0.0535950000,1.9751351319,-0.2517000000,6.3527110000
-0.3639070000,-0.6649060000,0.0355450000,1.9752062509,0.1319970000,6.9380540000
-0.4171550000,-0.6845310000,0.0769890000,1.9755032801,-0.2297020000,7.6110260000
-0.4502940000,-0.6742410000,0.0816500000,1.9760247277,0.2644890000,8.2591430000
-0.5128640000,-0.6885160000,0.1146520000,1.9767689291,0.1166510000,7.9254070000
-0.5429380000,-0.6644950000,0.1176810000,1.9777340553,0.1892130000,9.4006530000
-0.5887050000,-0.6655850000,0.1236590000,1.9789181215,1.4536540000,9.2883790000
-0.6122300000,-0.6716940000,0.1618370000,1.9803189964,0.9398080000,9.9209450000
-0.6587460000,-0.6439140000,0.1407210000,1.9819344111,0.6886190000,10.7568860000
-0.6752560000,-0.6508110000,0.1666420000,1.9837619683,1.1656860000,10.8031520000
-0.7037640000,-0.6235930000,0.1441310000,1.9857991520,0.9495440000,11.3434140000
-0.7352560000,-0.6216040000,0.1390240000,1.9880433371,1.3154340000,10.9175010000
-0.7516680000,-0.5820670000,0.1307820000,1.9904917985,1.2456000000,11.6609760000
-0.7748190000,-0.5627100000,0.1270950000,1.9931417216,1.7842090000,11.2882220000
-0.8136340000,-0.5239580000,0.1386330000,1.9959902114,-0.2762470000,11.5250060000
-0.8182850000,-0.4971240000,0.0724000000,1.9990343025,0.8592730000,12.0795280000
-0.8481260000,-0.4637480000,0.1080740000,2.0022709689,0.3627850000,11.3546200000
-0.8502990000,-0.4228420000,0.0506570000,2.0056971337,1.0407230000,12.1632780000
-0.8658610000,-0.3963590000,0.0365330000,2.0093096787,1.4058250000,11.0322510000
-0.8751960000,-0.3620380000,0.0395300000,2.0131054537,0.6471420000,11.9900000000
-0.8748290000,-0.3260630000,-0.0033550000,2.0170812864,1.2394940000,11.0016410000
-0.8809010000,-0.3012410000,0.0143830000,2.0212339911,0.8888810000,11.6820800000
-0.8562370000,-0.2544070000,-0.0253380000,2.0255603783,1.5527010000,11.6528790000
-0.8408420000,-0.2208670000,0.0126300000,2.0300572632,1.0920470000,11.6371070000
-0.8055260000,-0.1828400000,-0.0085640000,2.0347214741,2.3850420000,11.6563320000
-0.8160530000,-0.1716990000,0.0182990000,2.0395498615,0.9855220000,10.6525950000
-0.7743140000,-0.1215760000,-0.0149520000,2.0445393052,1.1844710000,11.7243570000
-0.7675390000,-0.0998140000,0.0027440000,2.0496867226,1.5115000000,10.6250810000
-0.7380360000,-0.0603880000,0.0248710000,2.0549890762,1.2654620000,11.1246280000
-0.7216800000,-0.0256180000,0.0145640000,2.0604433797,1.0954670000,10.8623910000
-0.7059080000,-0.0120810000,0.0498890000,2.0660467057,1.5743160000,10.6154790000
-0.6833570000,0.0311650000,0.0597830000,2.0717961910,1.2045820000,10.7713350000
-0.6551380000,0.0306200000,0.0595590000,2.0776890424,1.8340390000,9.4889820000
-0.6174590000,0.0649940000,0.1036290000,2.0837225425,-1.1431190000,10.1875240000
-0.5832000000,0.0554850000,0.0902270000,2.0898940534,1.9466200000,9.2690780000
-0.5303170000,0.0762330000,0.1183250000,2.0962010218,1.0164000000,9.6082500000
-0.4990090000,0.0774870000,0.1598770000,2.1026409820,0.9498880000,9.1122570000
-0.4417470000,0.0913060000,0.1984230000,2.1092115593,1.2796940000,8.7412960000
-0.4084960000,0.0804640000,0.2519500000,2.1159104722,0.6649000000,9.3733300000
-0.3489260000,0.0768770000,0.2454830000,2.1227355346,1.1494370000,8.1102650000
-0.3318380000,0.0672260000,0.3147060000,2.1296846571,-0.7782960000,8.4390310000
-0.2658150000,0.0691500000,0.3065760000,2.1367558475,0.7672860000,8.1819050000
-0.2370210000,0.0462580000,0.3368100000,2.1439472111,0.0879890000,7.6124720000
-0.1923800000,0.0352550000,0.3429980000,2.1512569503,0.6216740000,8.0166000000
-0.1569230000,0.0109090000,0.3669960000,2.1586833636,-0.0510260000,7.1686970000
-0.1053530000,-0.0062840000,0.3713290000,2.1662248436,0.5013370000,7.4374840000
-0.0641780000,-0.0227090000,0.3335740000,2.1738798753,0.0965430000,6.9456410000
-0.0196980000,-0.0788520000,0.3711480000,2.1816470331,-0.5075170000,6.5424210000
0.0375680000,-0.0780090000,0.3349720000,2.1895249773,-0.3332890000,6.7112540000
0.0814150000,-0.1448230000,0.3199490000,2.1975124509,0.0861870000,5.7851950000
0.1256160000,-0.1494440000,0.2811730000,2.2056082744,-0.7153060000,5.8848180000
0.1677300000,-0.1974440000,0.2578740000,2.2138113418,-0.7389820000,5.4001380000
0.2054610000,-0.2199050000,0.2464940000,2.2221206149,-0.8699540000,5.0918220000
0.2301550000,-0.2671630000,0.2078500000,2.2305351176,-1.1334520000,5.1202400000
0.2663180000,-0.3000200000,0.1831330000,2.2390539301,-0.3113200000,3.9750500000
0.2741760000,-0.3363990000,0.1441900000,2.2476761819,-1.3030130000,3.8293270000
0.3031790000,-0.3580930000,0.0642040000,2.2564010456,-1.2265160000,3.6053450000
0.2998020000,-0.4109700000,0.0707660000,2.2652277298,-1.5382880000,3.1170560000
0.3233300000,-0.4168260000,-0.0013660000,2.2741554712,-1.6317200000,2.6782930000
0.3130990000,-0.4681630000,-0.0039030000,2.2831835278,-1.7679830000,1.7165820000
0.3495440000,-0.4884160000,-0.1018320000,2.2923111708,-0.2805040000,1.6737110000
0.3443680000,-0.5367170000,-0.1107890000,2.3015376767,-1.1702580000,0.3011500000
0.3683390000,-0.5547700000,-0.1539570000,2.3108623200,-2.1999230000,0.6575750000
0.3635040000,-0.6043020000,-0.2099350000,2.3202843646,-0.9078860000,-1.0223610000
0.3873380000,-0.6330200000,-0.2167920000,2.3298030562,-1.5231330000,-1.3673700000
0.3937810000,-0.6581900000,-0.2822080000,2.3394176142,-1.0529470000,-1.7827390000
0.4043640000,-0.6912800000,-0.2960730000,2.3491272244,-0.4492250000,-3.2017270000
0.4227000000,-0.6926000000,-0.3150160000,2.3589310308,-0.4311910000,-2.9437930000
0.4124120000,-0.7359510000,-0.3642820000,2.3688281280,0.6118140000,-4.8056020000
0.4070690000,-0.7295800000,-0.3472660000,2.3788175545,-1.9596680000,-4.9795580000
0.3831430000,-0.7544610000,-0.3741750000,2.3888982850,0.4500680000,-6.3149530000
0.3857460000,-0.7682660000,-0.3479290000,2.3990692238,-0.5765270000,-6.7004750000
0.3692550000,-0.7604900000,-0.3839740000,2.4093291979,-0.0333630000,-7.3528010000
0.3556990000,-0.7922780000,-0.3558140000,2.4196769515,-0.4777780000,-7.8301790000
0.3515920000,-0.7757440000,-0.3592730000,2.4301111393,-0.6335760000,-8.7175870000
0.3334400000,-0.7940660000,-0.3449450000,2.4406303211,0.0020380000,-9.8545620000
0.3414890000,-0.7908890000,-0.3158960000,2.4512329571,0.4895590000,-10.3129480000
0.3270460000,-0.7949920000,-0.3076210000,2.4619174027,0.9869340000,-10.9660880000
0.3246700000,-0.7941710000,-0.2628980000,2.4726819043,-0.5633910000,-11.6314080000
0.3139360000,-0.7912270000,-0.2444670000,2.4835245952,-0.0348300000,-11.8948470000
0.3311660000,-0.7868810000,-0.2392020000,2.4944434925,0.0867910000,-12.7688420000
0.3164010000,-0.7722610000,-0.1853530000,2.5054364940,-0.6860890000,-13.1150250000
0.3264030000,-0.7743950000,-0.2057240000,2.5165013756,1.4872960000,-13.3626890000
0.3097480000,-0.7566140000,-0.1588540000,2.5276357891,0.1317700000,-14.5293170000
0.2946680000,-0.7329670000,-0.1561850000,2.5388372610,-0.0963660000,-13.6673100000
0.2788300000,-0.7079190000,-0.1373800000,2.5501031913,-0.0798850000,-15.0007520000
0.2634880000,-0.6972410000,-0.0925230000,2.5614308529,-0.4350120000,-14.9484700000
0.2601470000,-0.6690320000,-0.1293840000,2.5728173913,0.4768430000,-15.1261230000
0.2350000000,-0.6628440000,-0.0621730000,2.5842598253,-0.3123370000,-15.4721420000
0.2487990000,-0.6363710000,-0.0804690000,2.5957550478,-0.5916760000,-15.5232530000
0.2223070000,-0.6360760000,-0.0407160000,2.6072998269,-0.2206420000,-15.6773640000
0.2380530000,-0.6102690000,-0.0187960000,2.6188908081,-0.1260850000,-14.7633780000
0.2178330000,-0.6156070000,-0.0134550000,2.6305245162,-0.0690690000,-15.8688390000
0.2245750000,-0.5848570000,0.0074180000,2.6421973584,-1.1462210000,-15.0609580000
0.2158900000,-0.5628740000,-0.0179980000,2.6539056270,-0.5738880000,-14.9069530000
0.2221030000,-0.5495050000,-0.0011000000,2.6656455036,0.1206920000,-14.6630850000
0.2096820000,-0.5285600000,-0.0237520000,2.6774130626,0.7320200000,-13.7703080000
0.2048640000,-0.5197630000,-0.0256790000,2.6892042763,0.7020610000,-13.8387960000
0.1982140000,-0.5086190000,-0.0206500000,2.7010150189,0.5997180000,-12.8329820000
0.1891970000,-0.5088260000,-0.0581550000,2.7128410727,0.3653940000,-12.6352640000
0.1805210000,-0.4937890000,-0.0451470000,2.7246781330,-1.1170400000,-12.2945930000
0.1916390000,-0.4615580000,-0.0961270000,2.7365218146,1.1122310000,-10.5040660000
0.1636330000,-0.4599110000,-0.0716400000,2.7483676577,-1.4272800000,-10.2438020000
0.1810430000,-0.4453040000,-0.1087020000,2.7602111348,-0.2716940000,-9.0104810000
0.1636400000,-0.4378230000,-0.1161790000,2.7720476576,-0.3774410000,-8.7173140000
0.1753840000,-0.4430390000,-0.1186800000,2.7838725844,0.0162280000,-7.9086580000
0.1611190000,-0.4274570000,-0.1490860000,2.7956812271,0.5399180000,-7.0670580000
0.1426060000,-0.4467580000,-0.1362350000,2.8074688596,-0.4974400000,-7.3850050000
0.1368650000,-0.4147150000,-0.1544520000,2.8192307251,-0.8401800000,-5.6109260000
0.1247460000,-0.4193200000,-0.1357560000,2.8309620449,-0.0472930000,-5.2104290000
0.0898010000,-0.3951650000,-0.1475360000,2.8426580262,-2.3459190000,-3.4436240000
0.0656620000,-0.4014900000,-0.1663910000,2.8543138709,-0.2789450000,-3.6047230000
0.0353820000,-0.3944100000,-0.1341670000,2.8659247842,-0.8305260000,-2.5969890000
0.0358540000,-0.3779320000,-0.1557330000,2.8774859832,-0.0480520000,-1.6640350000
0.0002200000,-0.3827730000,-0.1247130000,2.8889927056,-0.3759480000,-1.4973660000
-0.0088290000,-0.3871060000,-0.1223960000,2.9004402189,0.0138910000,0.2529650000
-0.0279590000,-0.3862460000,-0.1164610000,2.9118238288,0.2273350000,0.7450610000
-0.0390610000,-0.3975180000,-0.0611460000,2.9231388884,-0.6239920000,1.5598870000
-0.0495610000,-0.3967530000,-0.0676150000,2.9343808070,0.6502150000,2.3014850000
-0.0684610000,-0.4030130000,-0.0467330000,2.9455450584,0.9286250000,3.2973770000
-0.0738410000,-0.3881270000,-0.0302450000,2.9566271901,0.9810090000,4.3954020000
-0.1007310000,-0.4094370000,-0.0132620000,2.9676228317,1.4610760000,5.0732550000
-0.1140050000,-0.3902740000,0.0057730000,2.9785277029,1.6588330000,6.4445420000
-0.1196640000,-0.3968650000,-0.0047670000,2.9893376223,2.9092740000,7.3553110000
-0.1467180000,-0.3985460000,0.0537990000,3.0000485147,1.3343410000,7.6183980000
-0.1753670000,-0.4055730000,0.0297090000,3.0106564195,1.1267530000,8.5162830000
-0.2051420000,-0.4050780000,0.0580460000,3.0211574978,0.2353280000,8.7841230000
-0.2319100000,-0.3972230000,0.0694920000,3.0315480397,0.4392530000,10.4246920000
-0.2363150000,-0.3892500000,0.0681630000,3.0418244711,0.2816330000,11.2334090000
-0.2608680000,-0.3919450000,0.1330890000,3.0519833606,-0.4924020000,12.2476270000
-0.2602640000,-0.4055990000,0.1361940000,3.0620214251,0.2355900000,12.3596370000
-0.2670950000,-0.4207610000,0.1551870000,3.0719355362,1.9433180000,12.7394550000
-0.2599290000,-0.4348160000,0.1444230000,3.0817227252,0.4299110000,13.6972050000
-0.2658900000,-0.4459010000,0.1642620000,3.0913801885,0.3990100000,13.1472260000
-0.2794630000,-0.4585750000,0.1644300000,3.1009052919,-0.6471460000,14.6127530000
-0.2878100000,-0.4706050000,0.1584920000,3.1102955746,0.6664960000,14.0328350000
-0.3099730000,-0.4867380000,0.1735750000,3.1195487535,0.6422780000,14.2751510000
-0.3100460000,-0.4784140000,0.1334240000,3.1286627259,1.3314160000,14.3246470000
-0.3420170000,-0.4936250000,0.1851910000,3.1376355725,0.4945190000,14.7013130000
-0.3386190000,-0.4837970000,0.1459430000,3.1464655596,0.6447600000,14.9162900000
-0.3676060000,-0.5053590000,0.1540970000,3.1551511413,0.8955710000,14.1440890000
-0.3628800000,-0.5164740000,0.1389190000,3.1636909602,-0.0059280000,14.5638910000
-0.3775190000,-0.5334240000,0.1083560000,3.1720838493,0.7770550000,13.6524720000
-0.3722740000,-0.5587220000,0.1096990000,3.1803288313,1.2021310000,13.9774870000
-0.3763670000,-0.5577540000,0.0817120000,3.1884251195,1.8403380000,13.8692740000
-0.3736330000,-0.5815680000,0.0662100000,3.1963721171,1.2875630000,12.8627870000
-0.3761670000,-0.5911750000,0.0736510000,3.2041694160,0.0978730000,12.5226050000
-0.3682010000,-0.6068790000,0.0205800000,3.2118167957,2.3664710000,11.9918480000
-0.3699240000,-0.6209440000,0.0462790000,3.2193142215,0.1213550000,11.6521620000
-0.3772670000,-0.6405760000,0.0025370000,3.2266618421,1.2252980000,11.4335380000
-0.3705510000,-0.6519270000,0.0010860000,3.2338599875,1.4589650000,10.2846810000
-0.3635950000,-0.6688310000,-0.0215400000,3.2409091656,1.5341360000,10.2477050000
-0.3575880000,-0.6757020000,-0.0568130000,3.2478100589,0.9114680000,9.2594970000
-0.3505940000,-0.6816850000,-0.0312990000,3.2545635208,0.9998310000,8.8999520000
-0.3123990000,-0.6831170000,-0.1024780000,3.2611705721,2.3510100000,8.4434610000
-0.3183300000,-0.7103580000,-0.0579720000,3.2676323957,0.6325420000,7.5669640000
-0.2853060000,-0.7003070000,-0.0863290000,3.2739503329,-0.5264730000,7.4708350000
-0.2751930000,-0.7289390000,-0.1142880000,3.2801258779,0.5663550000,6.2366320000
-0.2364960000,-0.7289300000,-0.1061410000,3.2861606732,0.1782370000,5.9436320000
-0.2201030000,-0.7387440000,-0.1328770000,3.2920565036,-0.2136140000,5.2217850000
-0.1920810000,-0.7506270000,-0.1411720000,3.2978152911,0.4295200000,4.1776880000
-0.1687040000,-0.7452070000,-0.1434430000,3.3034390889,0.1074540000,3.9461050000
-0.1638850000,-0.7625780000,-0.1718790000,3.3089300758,0.4713060000,3.0663660000
-0.1541630000,-0.7444980000,-0.1527190000,3.3142905497,-0.9814750000,2.8201110000
-0.1359150000,-0.7437010000,-0.1928140000,3.3195229216,-0.5144270000,2.4984550000
-0.1292780000,-0.7428700000,-0.1596390000,3.3246297096,-0.4317850000,1.1243370000
-0.1164410000,-0.7593710000,-0.1734080000,3.3296135319,-0.5117020000,1.1283330000
-0.0971470000,-0.7453190000,-0.1796650000,3.3344771008,-0.5638140000,-0.5432360000
-0.0995660000,-0.7615800000,-0.1485110000,3.3392232162,-1.4698070000,-1.1519250000
-0.0872240000,-0.7512170000,-0.1630230000,3.3438547589,-0.8108250000,-1.6548740000
-0.0719340000,-0.7588360000,-0.1391000000,3.3483746841,-0.7095510000,-2.5602520000
-0.0513800000,-0.7442780000,-0.1553450000,3.3527860148,-0.1247750000,-3.0019860000
-0.0336480000,-0.7569940000,-0.1487470000,3.3570918354,0.2721340000,-3.6349350000
-0.0284290000,-0.7590260000,-0.1067390000,3.3612952853,-0.2719300000,-4.6773850000
-0.0120030000,-0.7619640000,-0.1123650000,3.3653995523,0.0143080000,-4.5315230000
-0.0188240000,-0.7599290000,-0.0866210000,3.3694078663,0.2462780000,-5.7341700000
0.0123520000,-0.7593610000,-0.1058620000,3.3733234931,0.2840660000,-5.1970900000
0.0241260000,-0.7499140000,-0.1228230000,3.3771497282,0.7858090000,-6.4462840000
0.0405220000,-0.7568110000,-0.0954900000,3.3808898908,0.1672930000,-6.3390660000
0.0782240000,-0.7354750000,-0.1260170000,3.3845473180,0.2005110000,-7.7799780000
0.0700280000,-0.7433230000,-0.1019960000,3.3881253589,0.8548520000,-7.6704630000
0.0991140000,-0.7233920000,-0.0861970000,3.3916273691,-0.1689960000,-6.9153800000
0.1099030000,-0.7376480000,-0.1155420000,3.3950567051,1.0772700000,-7.5710570000
0.1296070000,-0.7247120000,-0.1080030000,3.3984167194,-0.8847780000,-7.6926930000
0.1421990000,-0.7265930000,-0.1395070000,3.4017107553,0.0151850000,-7.2295900000
0.1704970000,-0.7152780000,-0.1351350000,3.4049421418,-0.4207760000,-8.0122220000
0.1859210000,-0.7161310000,-0.1477040000,3.4081141893,-0.8985210000,-7.4533400000
0.2164250000,-0.6991710000,-0.1488430000,3.4112301849,0.0181520000,-8.5945320000
0.2305460000,-0.7028010000,-0.1358930000,3.4142933886,-0.9373260000,-7.3668010000
0.2479660000,-0.6850730000,-0.2001210000,3.4173070287,0.4618820000,-7.5079890000
0.2453170000,-0.7087430000,-0.1280580000,3.4202742984,-1.7077900000,-7.3973310000
0.2722260000,-0.6815580000,-0.1634070000,3.4231983525,-0.8943720000,-6.6670570000
0.2605210000,-0.6908930000,-0.1535790000,3.4260823036,-1.0488510000,-6.6561660000
0.2841740000,-0.6609440000,-0.1606070000,3.4289292194,-1.1697360000,-6.2849290000
0.3013310000,-0.6633300000,-0.1819430000,3.4317421196,0.8831240000,-6.9899400000
0.2930270000,-0.6630640000,-0.1610430000,3.4345239738,-1.2978960000,-6.6627170000
0.3023490000,-0.6652670000,-0.1843980000,3.4372776987,-0.5717120000,-6.2152520000
0.3178260000,-0.6482970000,-0.2018740000,3.4400061560,-0.1159360000,-6.1513590000
0.3174810000,-0.6525240000,-0.1601210000,3.4427121508,-0.0122570000,-5.8676580000
0.3624960000,-0.6404120000,-0.2005480000,3.4453984300,2.0042860000,-5.8387750000
0.3275880000,-0.6632550000,-0.1283010000,3.4480676804,-0.8520550000,-5.7702350000
0.3619450000,-0.6357580000,-0.1723480000,3.4507225277,0.0767270000,-5.3893960000
0.3348220000,-0.6521270000,-0.1487770000,3.4533655359,0.2596570000,-5.7782670000
0.3448800000,-0.6234650000,-0.1358080000,3.4559992057,-0.0038860000,-4.0714480000
0.3119300000,-0.6215320000,-0.1405840000,3.4586259745,0.1950030000,-4.5797150000
0.3048770000,-0.6098950000,-0.1067030000,3.4612482159,-0.2570770000,-3.8680330000
0.2935090000,-0.6237180000,-0.0870800000,3.4638682390,-0.5935010000,-3.3707900000
0.3058740000,-0.6086710000,-0.1043100000,3.4664882890,0.1511200000,-4.1152340000
0.2865830000,-0.6148290000,-0.0510490000,3.4691105466,-2.4842410000,-3.1245900000
0.2877680000,-0.6130070000,-0.0818120000,3.4717371288,0.8006260000,-3.5066470000
0.2613220000,-0.6163810000,-0.0273760000,3.4743700889,-1.4893210000,-2.3604720000
0.2698300000,-0.5987150000,-0.0758450000,3.4770114171,-0.2961870000,-2.9772230000
0.2439280000,-0.6115070000,-0.0171120000,3.4796630414,-0.4675140000,-2.2189370000
0.2429630000,-0.5942250000,-0.0308950000,3.4823268278,0.1598520000,-1.8551250000
0.2213320000,-0.6067770000,-0.0137410000,3.4850045817,-0.1695410000,-1.6111280000
0.2147110000,-0.5902560000,-0.0103600000,3.4876980484,-0.3764690000,-1.7822450000
0.2023500000,-0.6134700000,-0.0235980000,3.4904089146,0.6621660000,-1.5335550000
0.1885530000,-0.6150450000,0.0121220000,3.4931388089,-0.8110670000,-1.2729650000
0.1740850000,-0.6229270000,-0.0244120000,3.4958893036,0.1760010000,-1.3522100000
0.1701850000,-0.6136900000,0.0029640000,3.4986619151,-0.3720050000,-1.5345010000
0.1411520000,-0.6146750000,-0.0049040000,3.5014581061,0.4206680000,-0.0204070000
0.1293780000,-0.6078210000,-0.0055150000,3.5042792859,0.9115960000,-0.5189380000
0.0962350000,-0.6206580000,0.0084350000,3.5071268126,0.1082880000,0.4842970000
0.0884560000,-0.6135350000,0.0048150000,3.5100019937,0.9135880000,1.0522570000
0.0655930000,-0.6474990000,0.0217550000,3.5129060876,1.3131690000,0.2790750000
0.0515180000,-0.6422730000,-0.0213400000,3.5158403053,0.6494830000,1.2883100000
0.0331990000,-0.6568010000,0.0119180000,3.5188058110,0.8349510000,1.1488290000
0.0199150000,-0.6695040000,0.0124860000,3.5218037241,0.1556500000,1.1549870000
0.0190580000,-0.6877910000,-0.0222100000,3.5248351199,0.8284050000,1.0168820000
-0.0153810000,-0.6977560000,0.0262200000,3.5279010314,-0.1175410000,1.1989780000
-0.0388050000,-0.6932790000,0.0209350000,3.5310024500,-0.5412350000,1.8314670000
-0.0503000000,-0.6925600000,-0.0157200000,3.5341403272,1.5612060000,1.5308220000
-0.0781540000,-0.6874790000,0.0080410000,3.5373155752,-0.1892620000,2.6338750000
-0.1176980000,-0.7063920000,-0.0244710000,3.5405290689,0.7226750000,2.1557190000
-0.1298430000,-0.7268810000,-0.0188550000,3.5437816459,-0.7457730000,2.3688970000
-0.1544970000,-0.7476400000,-0.0316100000,3.5470741087,-0.1125710000,2.2646000000
-0.1639900000,-0.7606810000,-0.0276980000,3.5504072249,-0.3577400000,1.7826300000
-0.1808850000,-0.7760880000,-0.0026330000,3.5537817286,-0.5375160000,2.6088690000
-0.2064350000,-0.7693760000,-0.0250850000,3.5571983210,0.1644370000,1.9414600000
-0.2202150000,-0.7925930000,-0.0020230000,3.5606576719,-0.1651790000,2.6188770000
-0.2392110000,-0.7868020000,-0.0205980000,3.5641604198,1.2271360000,2.5189750000
-0.2660770000,-0.8206510000,0.0087470000,3.5677071732,-1.3748360000,1.9771140000
-0.2786950000,-0.8085940000,-0.0495460000,3.5712985114,0.4699700000,2.1612420000
-0.3162590000,-0.8372170000,-0.0238610000,3.5749349847,0.4431420000,1.8519340000
-0.3258080000,-0.8265890000,-0.0400070000,3.5786171158,1.1495790000,2.2807220000
-0.3541650000,-0.8557470000,-0.0293910000,3.5823454000,1.0523920000,1.8898030000
-0.3552680000,-0.8430600000,-0.0324080000,3.5861203056,0.5741180000,1.7101780000
-0.3767810000,-0.8643070000,-0.0832330000,3.5899422751,1.9212830000,1.8962460000
-0.4002930000,-0.8441630000,-0.0459580000,3.5938117255,-0.1595400000,1.8407590000
-0.3946960000,-0.8505080000,-0.0840180000,3.5977290483,1.5000480000,2.3770840000
-0.4162820000,-0.8559070000,-0.0624550000,3.6016946110,1.1295400000,1.8100750000
-0.4032930000,-0.8633720000,-0.0801410000,3.6057087566,1.8334350000,2.4703940000
-0.4023670000,-0.8693060000,-0.1117710000,3.6097718045,1.2259510000,1.1452240000
-0.3945520000,-0.8753660000,-0.0677140000,3.6138840512,1.1970130000,2.0379560000
-0.3918670000,-0.8697000000,-0.0632920000,3.6180457700,0.7783840000,2.0287450000
-0.3862510000,-0.8899890000,-0.0603510000,3.6222572121,1.7965840000,2.0681020000
-0.3649800000,-0.8724510000,-0.0856030000,3.6265186065,0.5982440000,2.9651530000
-0.3688270000,-0.8679970000,-0.1035350000,3.6308301607,1.1580410000,2.9623400000
-0.3579820000,-0.8514470000,-0.0875760000,3.6351920607,0.2543790000,3.9648560000
-0.3430800000,-0.8500780000,-0.1075040000,3.6396044716,1.0881940000,3.8559290000
-0.3291330000,-0.8443240000,-0.1005480000,3.6440675380,1.1966160000,3.3281360000
-0.2891560000,-0.8246090000,-0.1259740000,3.6485813839,0.5618260000,3.7653240000
-0.2735580000,-0.8424690000,-0.1042670000,3.6531461134,0.4227060000,3.1742130000
-0.2372610000,-0.8100290000,-0.1513570000,3.6577618108,-0.1119800000,4.5324640000
-0.2387080000,-0.8053810000,-0.1348300000,3.6624285407,0.3500160000,3.3985710000
-0.1916710000,-0.7813140000,-0.1388540000,3.6671463486,-0.3038620000,4.0613980000
-0.1939060000,-0.7778610000,-0.1422480000,3.6719152606,-0.3572930000,3.5732920000
-0.1674960000,-0.7693960000,-0.1243260000,3.6767352842,-0.1050080000,3.6764040000
-0.1686910000,-0.7630410000,-0.0946630000,3.6816064079,0.4351890000,3.5200220000
-0.1482770000,-0.7454140000,-0.1227570000,3.6865286016,0.3367590000,2.9229170000
-0.1393100000,-0.7398570000,-0.0740790000,3.6915018164,-1.5992330000,3.1630310000
-0.1146420000,-0.7172340000,-0.1236800000,3.6965259852,0.6605680000,3.3332510000
-0.1106570000,-0.7224890000,-0.0627610000,3.7016010223,0.4434410000,2.5273730000
-0.0817780000,-0.7040420000,-0.0539970000,3.7067268233,0.2567590000,2.6335900000
-0.0557190000,-0.7033790000,-0.0422320000,3.7119032652,1.4349440000,1.6461010000
-0.0368250000,-0.6856440000,-0.0028430000,3.7171302067,0.6578400000,1.9686080000
-0.0183160000,-0.6864420000,-0.0170070000,3.7224074871,1.1211860000,1.4018590000
-0.0032620000,-0.6612620000,0.0085470000,3.7277349273,0.0178170000,1.5452780000
0.0159300000,-0.6567290000,-0.0204270000,3.7331123285,2.3292610000,2.3085540000
0.0397510000,-0.6472590000,-0.0099360000,3.7385394727,0.9601070000,0.9770100000
0.0742060000,-0.6227850000,-0.0395970000,3.7440161222,1.1936290000,1.6533730000
0.0851400000,-0.6282410000,-0.0549160000,3.7495420192,1.0783570000,0.3440350000
0.1126040000,-0.6139850000,-0.0303240000,3.7551168856,0.6227900000,0.7790530000
0.1356240000,-0.6065870000,-0.0297230000,3.7607404224,2.1212000000,0.6627200000
0.1722630000,-0.5874200000,-0.0522730000,3.7664123096,0.2044200000,0.0781450000
0.1533530000,-0.5818270000,-0.0582740000,3.7721322056,-1.1750640000,0.4519420000
0.1874410000,-0.5675160000,-0.0769800000,3.7778997466,-0.8234980000,0.3762720000
0.1991520000,-0.5631010000,-0.0815460000,3.7837145464,-1.6933800000,0.4035470000
0.2169660000,-0.5592410000,-0.1206990000,3.7895761958,-0.8451750000,0.0061060000
0.2241420000,-0.5611250000,-0.0824230000,3.7954842621,-1.4063570000,0.1743410000
0.2692100000,-0.5539230000,-0.1482880000,3.8014382883,-1.3647620000,-0.2720960000
0.2549150000,-0.5825530000,-0.0722400000,3.8074377931,-2.1428120000,-0.6592210000
0.2849420000,-0.5638000000,-0.1317380000,3.8134822699,-1.1356190000,0.6634620000
0.2965490000,-0.5800090000,-0.1119220000,3.8195711864,-0.6923060000,-1.0466950000
0.3068660000,-0.5584170000,-0.1189360000,3.8257039843,-2.2311950000,-0.1306030000
0.2970350000,-0.5637700000,-0.1374430000,3.8318800784,-0.7681990000,-1.1594440000
0.3138050000,-0.5724620000,-0.1391330000,3.8380988565,-0.8971360000,-0.7687510000
0.2972280000,-0.5840300000,-0.1300280000,3.8443596785,-1.3133560000,-1.3723460000
0.2973760000,-0.6002650000,-0.1519350000,3.8506618765,-1.4730990000,-2.1528770000
0.2860650000,-0.6087960000,-0.1265450000,3.8570047537,-0.9703180000,-1.9516730000
0.2748260000,-0.6163950000,-0.1739300000,3.8633875848,0.2751700000,-3.1036190000
0.2510150000,-0.6343560000,-0.1143380000,3.8698096150,-1.5889330000,-2.6126450000
0.2424050000,-0.6487820000,-0.1602330000,3.8762700602,-0.6744720000,-3.4914130000
0.2372580000,-0.6672560000,-0.1047790000,3.8827681065,-0.7170450000,-3.5072940000
0.2318720000,-0.6740930000,-0.1147870000,3.8893029102,-0.7287370000,-4.0389110000
0.2093670000,-0.7086440000,-0.1160940000,3.8958735976,-0.2431790000,-4.0407820000
0.1871290000,-0.7069340000,-0.0974690000,3.9024792652,-0.2000710000,-3.7334310000
0.1644930000,-0.7372410000,-0.1108190000,3.9091189794,0.2980650000,-4.0803780000
0.1312060000,-0.7531310000,-0.0596190000,3.9157917772,-1.6026600000,-3.7303160000
0.1116100000,-0.7796960000,-0.0979520000,3.9224966661,0.5314960000,-3.7179750000
0.0902440000,-0.7959210000,-0.0562190000,3.9292326244,-0.7043130000,-4.4653370000
0.0821730000,-0.8124680000,-0.0915840000,3.9359986022,-0.0155000000,-4.1349460000
0.0617990000,-0.8363250000,-0.0660400000,3.9427935218,-0.2540340000,-4.1491990000
0.0619630000,-0.8539090000,-0.0814740000,3.9496162782,-0.0690130000,-3.8840920000
0.0235950000,-0.8793020000,-0.0935170000,3.9564657403,-0.3863790000,-4.0334960000
0.0335140000,-0.8914860000,-0.0838900000,3.9633407521,-0.9412000000,-3.4104260000
0.0314170000,-0.9100120000,-0.1129000000,3.9702401336,-1.0398660000,-3.3899400000
0.0128480000,-0.9389630000,-0.1079990000,3.9771626820,-1.0943120000,-3.1486970000
0.0087940000,-0.9267460000,-0.1447720000,3.9841071739,-1.2695650000,-2.2951880000
-0.0024150000,-0.9539340000,-0.1782430000,3.9910723662,-0.6049700000,-2.6072750000
-0.0122230000,-0.9536450000,-0.1584630000,3.9980569982,-1.3960730000,-2.3135990000
-0.0457830000,-0.9695590000,-0.1779640000,4.0050597936,-0.9620960000,-1.3319070000
-0.0560470000,-0.9667790000,-0.1697910000,4.0120794626,-0.6073890000,-0.9724280000
-0.0597140000,-0.9823930000,-0.2194280000,4.0191147038,-0.5247630000,-1.1380400000
-0.1045650000,-0.9795600000,-0.1715470000,4.0261642069,-2.2929770000,-0.9463500000
-0.1067210000,-0.9953360000,-0.1968910000,4.0332266554,-0.7562340000,0.2626550000
-0.1319400000,-1.0050880000,-0.1613490000,4.0403007285,-0.1383020000,-0.6896600000
-0.1454900000,-1.0016150000,-0.1560670000,4.0473851044,-1.3763850000,0.8371670000
-0.1488520000,-1.0048810000,-0.1897320000,4.0544784630,0.8467740000,0.0122990000
-0.1857400000,-1.0223310000,-0.1336420000,4.0615794887,-0.7550660000,0.7431310000
-0.1912740000,-1.0105560000,-0.1820610000,4.0686868737,0.1578200000,0.6575250000
-0.2146410000,-1.0276450000,-0.1105830000,4.0757993206,-0.1296990000,1.4646730000
-0.2133710000,-1.0084030000,-0.1315800000,4.0829155462,0.8563560000,1.5380060000
-0.2443840000,-1.0276780000,-0.0766420000,4.0900342842,0.5547680000,1.1148040000
-0.2621510000,-1.0050750000,-0.0601840000,4.0971542884,-3.8477560000,2.2953000000
-0.2691530000,-1.0092960000,-0.1046280000,4.1042743365,0.9417550000,2.1774340000
-0.2594890000,-0.9791070000,-0.0686200000,4.1113932329,0.8147930000,2.7381630000
-0.2844030000,-0.9684790000,-0.0973840000,4.1185098121,2.5980300000,3.1683720000
-0.3100090000,-0.9547650000,-0.0668830000,4.1256229421,-0.2950550000,3.7310760000
-0.3206740000,-0.9337770000,-0.0486460000,4.1327315273,0.5923190000,4.0506940000
-0.3040350000,-0.9277770000,-0.0653080000,4.1398345121,0.9491800000,3.3474440000
-0.3250040000,-0.9043100000,-0.0424060000,4.1469308836,0.2644040000,4.2904820000
-0.3122640000,-0.8855250000,-0.0708390000,4.1540196750,0.4972860000,4.3001780000
-0.3229720000,-0.8676420000,-0.0172600000,4.1610999680,0.4725470000,4.7140310000
-0.3044460000,-0.8336460000,-0.0521060000,4.1681708962,1.3339240000,4.7323010000
-0.3255680000,-0.8360220000,-0.0104940000,4.1752316472,-0.8545400000,3.9296100000
-0.3060050000,-0.7975620000,-0.0236900000,4.1822814656,0.5887810000,5.4194430000
-0.3157110000,-0.8048950000,-0.0018350000,4.1893196548,0.6623300000,4.5662420000
-0.2918310000,-0.7714570000,-0.0143680000,4.1963455797,0.3560130000,5.3836680000
-0.3211110000,-0.7902130000,-0.0000960000,4.2033586683,-0.7702500000,4.9716230000
-0.2996730000,-0.7572930000,-0.0015830000,4.2103584136,0.3219610000,5.7807440000
-0.3093890000,-0.7619310000,0.0116550000,4.2173443749,1.1846190000,5.6802290000
-0.2778320000,-0.7397090000,0.0066330000,4.2243161796,1.5149570000,5.5614770000
-0.2875480000,-0.7315620000,0.0081040000,4.2312735237,1.0390660000,5.4812900000
-0.2606940000,-0.7356130000,0.0321610000,4.2382161728,1.3674310000,4.6930420000
-0.2610980000,-0.7421350000,0.0566940000,4.2451439629,0.3625720000,5.3041210000
-0.2334330000,-0.7430080000,0.0326500000,4.2520568002,2.2926940000,4.1742170000
-0.2351370000,-0.7237370000,0.0575470000,4.2589546615,0.8624020000,5.0174460000
-0.2167950000,-0.7183080000,0.0386140000,4.2658375937,1.6677410000,4.4795460000
-0.2128390000,-0.7270780000,0.0577540000,4.2727057135,1.1806600000,4.8999220000
-0.1819290000,-0.7144210000,0.0272830000,4.2795592061,1.4554990000,4.0346970000
-0.1668030000,-0.7459360000,0.0522030000,4.2863983248,1.7171320000,3.4055100000
-0.1519830000,-0.7382320000,0.0483330000,4.2932233889,1.3357420000,3.3089840000
-0.1499150000,-0.7555600000,0.0666920000,4.3000347827,-0.1969660000,2.5314600000
-0.1220210000,-0.7467140000,0.0589590000,4.3068329532,0.8693310000,3.3367440000
-0.1057010000,-0.7607920000,0.0369860000,4.3136184081,1.7201190000,2.7478350000
-0.0843710000,-0.7753110000,0.0415060000,4.3203917136,0.5042120000,3.3290900000
-0.0558800000,-0.7780320000,0.0125380000,4.3271534915,0.8712910000,2.2392650000
-0.0379610000,-0.8109910000,0.0226450000,4.3339044166,0.5819310000,1.5491860000
-0.0213220000,-0.8141160000,-0.0077080000,4.3406452138,0.4375980000,2.6083080000
-0.0186500000,-0.8354150000,0.0116920000,4.3473766545,0.0188580000,1.9153460000
0.0089350000,-0.8307440000,-0.0300050000,4.3540995539,-2.2532330000,2.3472760000
0.0308290000,-0.8591440000,-0.0484530000,4.3608147670,1.0281480000,1.4871660000
0.0713110000,-0.8647640000,-0.0749580000,4.3675231851,-1.4310180000,1.7740160000
0.0918300000,-0.8969380000,-0.1195040000,4.3742257322,0.6543870000,0.3483220000
0.1158840000,-0.9020420000,-0.1139340000,4.3809233611,0.0362710000,0.5359930000
0.1237450000,-0.9174890000,-0.1289020000,4.3876170494,-0.1330670000,0.9461640000
0.1524530000,-0.9150540000,-0.1658230000,4.3943077957,0.0866040000,0.6742300000
0.1574070000,-0.9363900000,-0.1408500000,4.4009966153,-0.6222020000,1.0158840000
0.2030780000,-0.9490800000,-0.1874540000,4.4076845365,0.9414330000,0.2869600000
0.2027570000,-0.9924930000,-0.1569170000,4.4143725965,-0.3081390000,-0.5306100000
0.2388210000,-0.9849670000,-0.2213190000,4.4210618370,1.0214790000,-0.3162130000
0.2248770000,-1.0154510000,-0.1858320000,4.4277533007,-0.3775160000,-0.5431940000
0.2435710000,-0.9982150000,-0.2112550000,4.4344480267,0.0198260000,0.5068690000
0.2236460000,-1.0192480000,-0.2175340000,4.4411470475,-0.5730770000,-0.2082670000
0.2516090000,-1.0177480000,-0.2054940000,4.4478513840,-0.1938340000,-0.4406010000
0.2565560000,-1.0570190000,-0.2003740000,4.4545620430,-0.5692700000,-0.9952570000
0.2477920000,-1.0674610000,-0.1795730000,4.4612800126,-1.8699290000,-1.8785480000
0.2649100000,-1.0667120000,-0.2007810000,4.4680062593,-1.1168760000,-1.8212200000
0.2651300000,-1.0646900000,-0.1740260000,4.4747417242,-0.6968580000,-1.8692840000
0.2573210000,-1.0699650000,-0.2027170000,4.4814873204,-0.5428490000,-1.2834380000
0.2547770000,-1.0710980000,-0.1649360000,4.4882439295,-0.9196700000,-2.0672220000
0.2617320000,-1.0838800000,-0.1778820000,4.4950123987,-0.9890150000,-2.2949380000
0.2723050000,-1.0722660000,-0.1797400000,4.5017935387,-0.0550890000,-3.2133450000
0.2621130000,-1.0895780000,-0.1597900000,4.5085881206,-1.2446710000,-3.5177840000
0.2531030000,-1.0600260000,-0.1617530000,4.5153968743,-0.9186230000,-3.2663600000
0.2318290000,-1.0656130000,-0.1360310000,4.5222204857,-0.8647680000,-3.2975470000
0.2223360000,-1.0441290000,-0.1281670000,4.5290595958,-1.2549020000,-3.5508500000
0.2144260000,-1.0486000000,-0.1388740000,4.5359147981,-0.1952650000,-4.8834540000
0.2084350000,-1.0462170000,-0.0950270000,4.5427866381,-2.7523500000,-4.6906570000
0.2106770000,-1.0468340000,-0.1153650000,4.5496756115,-0.6669940000,-5.6619080000
0.1899520000,-1.0355390000,-0.0704350000,4.5565821637,-0.7669020000,-5.4878050000
0.1668040000,-1.0153950000,-0.1110520000,4.5635066888,0.0434430000,-5.2373320000
0.1386370000,-1.0087940000,-0.0683740000,4.5704495290,-0.6808400000,-5.6143150000
0.1473690000,-0.9999480000,-0.0674320000,4.5774109747,-0.3091560000,-5.7430190000
0.1247300000,-1.0201640000,-0.0493950000,4.5843912639,-0.1324530000,-6.4277070000
0.1304120000,-1.0022810000,-0.0438150000,4.5913905826,-0.2589910000,-6.6176480000
0.1032360000,-0.9882390000,-0.0529270000,4.5984090650,0.2848500000,-6.5199830000
0.0881370000,-0.9803280000,-0.0213990000,4.6054467940,0.5259260000,-5.7320610000
0.0561530000,-0.9743120000,-0.0527130000,4.6125038020,1.4290820000,-5.4099950000
0.0468110000,-1.0006860000,-0.0149030000,4.6195800715,0.6880550000,-6.2633990000
0.0320830000,-0.9898770000,-0.0388840000,4.6266755361,0.4859450000,-6.5191380000
0.0174930000,-1.0091450000,0.0020580000,4.6337900820,0.5534260000,-6.7336780000
0.0086430000,-0.9874780000,-0.0028000000,4.6409235493,1.4204100000,-5.9839630000
-0.0130640000,-0.9923030000,-0.0015560000,4.6480757332,1.0880960000,-5.8907750000
-0.0298990000,-0.9891910000,0.0199370000,4.6552463862,1.0753200000,-5.3328660000
-0.0348030000,-0.9939440000,-0.0280100000,4.6624352193,1.7119920000,-5.5044420000
-0.0518620000,-1.0042150000,0.0234920000,4.6696419046,0.7966320000,-5.6552370000
-0.0710410000,-0.9966950000,0.0110810000,4.6768660770,0.8243450000,-4.8268320000
-0.0819750000,-0.9764060000,0.0092990000,4.6841073367,0.7268700000,-4.8390700000
-0.0966540000,-0.9811560000,0.0068470000,4.6913652513,0.1446240000,-4.1958760000
-0.0989550000,-0.9809850000,-0.0197580000,4.6986393586,0.2485370000,-4.1271060000
-0.0959290000,-0.9873360000,0.0034890000,4.7059291688,0.1066890000,-4.3144670000
-0.0763030000,-0.9734190000,-0.0555790000,4.7132341676,2.2139460000,-3.4949700000
-0.1127320000,-0.9765440000,-0.0207390000,4.7205538188,0.3897830000,-3.6255130000
-0.0986570000,-0.9474450000,-0.0688560000,4.7278875670,0.0585160000,-2.4609070000
-0.1146060000,-0.9664470000,-0.0594750000,4.7352348406,1.0918150000,-2.4308330000
-0.0849560000,-0.9522960000,-0.0731630000,4.7425950550,0.9265370000,-1.7202310000
-0.0921540000,-0.9721450000,-0.0890990000,4.7499676154,0.9007540000,-1.8151950000
-0.0724820000,-0.9752570000,-0.0821800000,4.7573519196,1.0140900000,-1.4181900000
-0.0859340000,-0.9887840000,-0.0806630000,4.7647473618,0.6733960000,-0.8550650000
-0.0816040000,-0.9751750000,-0.0690110000,4.7721533349,1.0286470000,-0.5120370000
-0.0881660000,-0.9790840000,-0.0631120000,4.7795692341,-1.2033580000,0.9300040000
-0.0630350000,-0.9731530000,-0.0783060000,4.7869944596,2.0552560000,0.9423790000
-0.0643250000,-0.9994420000,-0.0446550000,4.7944284202,-1.0750930000,2.0871110000
-0.0410100000,-0.9946630000,-0.0831580000,4.8018705359,1.6333870000,1.6995830000
-0.0474040000,-1.0104150000,-0.0582050000,4.8093202409,0.7595370000,2.8826600000
-0.0403770000,-0.9973120000,-0.0663220000,4.8167769872,1.3175320000,3.9039310000
-0.0404420000,-1.0164320000,-0.0718470000,4.8242402466,0.9014920000,4.4121090000
-0.0166780000,-1.0074840000,-0.0577880000,4.8317095146,0.2844200000,5.1107500000
-0.0134670000,-1.0542100000,-0.0611920000,4.8391843123,1.0814910000,4.5953590000
0.0153030000,-1.0326600000,-0.0719450000,4.8466641900,0.2594870000,5.4847980000
0.0074520000,-1.0309930000,-0.0899430000,4.8541487295,1.3867680000,6.2075850000
0.0001550000,-1.0274610000,-0.0729400000,4.8616375465,-0.3648920000,6.7221070000
-0.0088520000,-1.0103790000,-0.0681440000,4.8691302938,-0.9531900000,7.8745580000
0.0046350000,-1.0345770000,-0.0743970000,4.8766266633,-0.6336090000,7.3650160000
0.0126540000,-1.0415530000,-0.0426530000,4.8841263882,-1.5032970000,7.3774630000
0.0213270000,-1.0412770000,-0.0869290000,4.8916292460,-0.9849050000,7.6607610000
0.0066150000,-1.0264300000,-0.0513310000,4.8991350599,-0.7912670000,7.9983790000
-0.0100140000,-1.0272970000,-0.0518270000,4.9066437013,-0.5549120000,9.0605230000
-0.0093410000,-1.0254290000,-0.0507540000,4.9141550915,-0.5714790000,8.7250350000
-0.0172290000,-1.0317120000,-0.0364190000,4.9216692039,-0.8301150000,8.7894360000
0.0003650000,-1.0447730000,-0.0439460000,4.9291860651,-0.0272700000,8.2529150000
-0.0159650000,-1.0477860000,-0.0183690000,4.9367057570,-0.3481580000,8.0919610000
-0.0207480000,-1.0191300000,-0.0674710000,4.9442284180,-0.0023730000,8.7469580000
-0.0619950000,-1.0323880000,-0.0300250000,4.9517542443,0.0273730000,7.8870110000
-0.0451760000,-1.0177350000,-0.0523820000,4.9592834910,-0.9785370000,8.6011060000
-0.0563660000,-1.0362970000,-0.0450550000,4.9668164733,0.2622340000,7.5852730000
-0.0487960000,-1.0404560000,-0.0295130000,4.9743535671,0.0590120000,7.3755380000
-0.0768220000,-1.0326740000,-0.0519620000,4.9818952098,-0.3821770000,6.8729670000
-0.0953380000,-1.0228100000,-0.0444220000,4.9894419008,0.3754950000,7.0446840000
-0.1225530000,-1.0090500000,-0.0424360000,4.9969942020,-0.4653380000,7.3451480000
-0.1098790000,-1.0214770000,-0.0674480000,5.0045527379,0.7758010000,6.1894110000
-0.1155910000,-1.0348600000,-0.0476520000,5.0121181956,-0.4136030000,5.3758450000
-0.1081560000,-1.0385560000,-0.0789270000,5.0196913250,0.6272640000,5.5914820000
-0.1548450000,-1.0439520000,-0.0527850000,5.0272729381,-1.0441370000,5.3149200000
-0.1612950000,-1.0254650000,-0.0575970000,5.0348639090,0.3198480000,5.7678040000
-0.1719140000,-1.0343380000,-0.0718530000,5.0424651730,-0.0304280000,4.2194640000
-0.1654570000,-1.0568390000,-0.0685350000,5.0500777262,0.4587280000,4.2120400000
-0.1485130000,-1.0660620000,-0.0920340000,5.0577026240,3.1203420000,3.4950070000
-0.1907030000,-1.0799080000,-0.0684820000,5.0653409809,0.5019870000,3.6951050000
-0.2144480000,-1.0455930000,-0.0747580000,5.0729939687,-1.1200990000,4.2908700000
-0.2203300000,-1.0537830000,-0.1032270000,5.0806628150,1.5673350000,3.6971910000
-0.2132430000,-1.0747770000,-0.0647110000,5.0883488025,0.0235580000,3.0775130000
-0.2135710000,-1.1054120000,-0.0710490000,5.0960532666,0.8351900000,2.0421960000
-0.2148090000,-1.0937930000,-0.0788450000,5.1037775940,0.5045340000,1.5219260000
-0.2518840000,-1.0709070000,-0.0646090000,5.1115232208,0.2579340000,2.4279410000
-0.2594990000,-1.0587490000,-0.0666870000,5.1192916303,1.0258930000,2.2492110000
-0.2605860000,-1.0574990000,-0.0612610000,5.1270843509,-0.7335260000,1.7305270000
-0.2171260000,-1.0800950000,-0.1299290000,5.1349029541,1.8449010000,0.7184930000
-0.2192500000,-1.0997900000,-0.0758120000,5.1427490516,-1.2641490000,-0.0314880000
-0.2206710000,-1.0811580000,-0.1341210000,5.1506242930,0.8783580000,-0.1132810000
-0.2465040000,-1.0552470000,-0.1150270000,5.1585303633,0.2368080000,0.4952070000
-0.2368830000,-1.0483830000,-0.1486460000,5.1664689798,1.1393150000,0.9937310000
-0.2262810000,-1.0661280000,-0.1188970000,5.1744418893,1.2208140000,-0.4271610000
-0.1955800000,-1.0960310000,-0.1005020000,5.1824508652,0.8931910000,-1.0079120000
-0.1846300000,-1.0906740000,-0.1345150000,5.1904977044,2.0415160000,-1.3275200000
-0.2040360000,-1.1011910000,-0.0743840000,5.1985842236,1.2396000000,-1.0455420000
-0.2058810000,-1.0679890000,-0.1011060000,5.2067122566,1.9692370000,-0.0607160000
-0.1957970000,-1.0968780000,-0.1125650000,5.2148836502,1.6602180000,-0.8388210000
-0.1641940000,-1.1011850000,-0.0723780000,5.2231002612,1.0899600000,-0.8130990000
-0.1471380000,-1.1428680000,-0.0463880000,5.2313639523,1.2071530000,-1.3350290000
-0.1485360000,-1.1269880000,-0.0627800000,5.2396765886,1.2659970000,-0.8773950000
-0.1580460000,-1.1164350000,-0.0246420000,5.2480400335,0.0366650000,0.1626990000
-0.1335850000,-1.1138550000,-0.0571510000,5.2564561453,1.1018790000,-0.8158390000
-0.0988300000,-1.1362610000,-0.0410770000,5.2649267726,0.4797840000,-0.4908370000
-0.0608890000,-1.1513630000,-0.0591040000,5.2734537506,0.9155940000,-1.1518270000
-0.0463640000,-1.1500630000,-0.0485710000,5.2820388970,0.3223130000,-0.3727400000
-0.0272080000,-1.1099260000,-0.0821930000,5.2906840078,0.5665980000,0.6458920000
-0.0294950000,-1.1202920000,-0.0621570000,5.2993908530,0.3420730000,-0.1269050000
0.0177720000,-1.1177020000,-0.0691220000,5.3081611727,-0.2626410000,0.5683920000
0.0612540000,-1.1347670000,-0.1200750000,5.3169966725,1.0905180000,-0.4653590000
0.0898240000,-1.1449760000,-0.0696970000,5.3258990195,-0.4356350000,-0.9907090000
0.0860200000,-1.1130440000,-0.1185100000,5.3348698380,-0.4298050000,-0.2806850000
0.0890010000,-1.1032530000,-0.1161300000,5.3439107053,-0.1346160000,0.1173370000
0.1042410000,-1.0873460000,-0.0900570000,5.3530231471,-0.8218530000,0.1044100000
0.1502840000,-1.1174590000,-0.1379550000,5.3622086338,0.8696890000,-0.8677450000
0.1734220000,-1.1396380000,-0.1027610000,5.3714685760,0.0141410000,-1.7213820000
0.1939300000,-1.1361520000,-0.1179390000,5.3808043203,1.2938820000,-1.3753240000
0.1776200000,-1.1225500000,-0.0951450000,5.3902171452,0.9569290000,-1.3236620000
0.1647000000,-1.1187590000,-0.0981850000,5.3997082571,0.6293450000,-0.7701680000
0.1802820000,-1.1310320000,-0.0828530000,5.4092787860,0.5035950000,-2.2219840000
0.2041450000,-1.1725580000,-0.0738230000,5.4189297819,0.5153790000,-2.4094030000
0.2224510000,-1.1936050000,-0.0739340000,5.4286622106,0.7027870000,-3.3111870000
0.2092850000,-1.1882810000,-0.0480060000,5.4384769502,0.5993280000,-2.6550570000
0.2084290000,-1.1735300000,-0.0764550000,5.4483747872,1.5324200000,-2.3595130000
0.1826480000,-1.1942390000,-0.0360840000,5.4583564128,0.7659010000,-2.5643670000
0.2253830000,-1.2019560000,-0.0766450000,5.4684224200,0.5718210000,-2.4461430000
0.2216730000,-1.2460450000,-0.0444810000,5.4785732998,0.2012200000,-3.9022910000
0.2376590000,-1.2384730000,-0.0517250000,5.4888094385,-0.3939780000,-2.9957600000
0.2088130000,-1.2465180000,-0.0622060000,5.4991311144,0.3379500000,-3.4795040000
0.2041940000,-1.2296490000,-0.0611520000,5.5095384955,-1.3058850000,-3.3422350000
0.2183120000,-1.2562240000,-0.0805060000,5.5200316366,-0.5187360000,-3.6541390000
0.2279130000,-1.2796510000,-0.0758940000,5.5306104775,-1.6954770000,-4.7241480000
0.2227600000,-1.2787880000,-0.0820810000,5.5412748405,-1.9285370000,-4.3649900000
0.2223040000,-1.2731060000,-0.1184800000,5.5520244288,0.0936780000,-4.7013120000
0.2020380000,-1.2532630000,-0.1003320000,5.5628588251,-1.7894240000,-4.1091010000
0.2139600000,-1.2708310000,-0.1547770000,5.5737774903,-0.8200280000,-5.0128680000
0.2059140000,-1.2886780000,-0.1288950000,5.5847797624,-1.5273770000,-5.0291720000
0.2081660000,-1.2887140000,-0.1743410000,5.5958648561,-0.6853330000,-5.1688920000
0.1802620000,-1.2888150000,-0.1561070000,5.6070318624,-0.6569800000,-5.5341040000
0.1696990000,-1.2790670000,-0.1855860000,5.6182797484,-0.3877870000,-5.1750710000
0.1586740000,-1.2858780000,-0.2003870000,5.6296073579,0.1948950000,-6.1954270000
0.1739300000,-1.2993190000,-0.2000720000,5.6410134120,-1.1015660000,-5.1540360000
0.1703950000,-1.3039770000,-0.2303420000,5.6524965097,3.2245850000,-6.4645470000
0.1364910000,-1.3100430000,-0.2033570000,5.6640551298,0.1817620000,-5.7860510000
0.1239910000,-1.2893180000,-0.2377410000,5.6756876323,1.3234270000,-5.7674340000
0.1153090000,-1.3118520000,-0.2169990000,5.6873922604,1.2481150000,-6.1189440000
0.1377970000,-1.3121140000,-0.2533590000,5.6991671431,1.0679480000,-5.6247850000
0.1076020000,-1.3269110000,-0.2329980000,5.7110102975,0.8574780000,-6.1875730000
0.1129720000,-1.2957120000,-0.2464300000,5.7229196326,0.1561200000,-5.0517050000
0.0876840000,-1.2940280000,-0.2474010000,5.7348929522,1.1659580000,-5.4943130000
0.0960090000,-1.2941890000,-0.2389290000,5.7469279589,-1.7834860000,-4.8119230000
0.0963330000,-1.3011840000,-0.2765490000,5.7590222582,-0.2421320000,-5.0589060000
0.1025600000,-1.2885820000,-0.2622800000,5.7711733630,-0.5746100000,-4.3130110000
0.0848420000,-1.2570510000,-0.2739460000,5.7833786985,-0.9979330000,-3.4956520000
0.0852420000,-1.2411840000,-0.2726270000,5.7956356073,-0.4911410000,-2.9119070000
0.0913310000,-1.2259670000,-0.2607510000,5.8079413544,-2.0485170000,-2.9514960000
0.1096270000,-1.2472500000,-0.2874900000,5.8202931338,-0.4122380000,-3.1317970000
0.1151290000,-1.2320000000,-0.2629530000,5.8326880736,-1.6302980000,-2.2993770000
0.1011260000,-1.2012240000,-0.3143660000,5.8451232427,-0.3143360000,-1.2117080000
0.0598130000,-1.1745270000,-0.2784040000,5.8575956572,-1.7072750000,-1.1794730000
0.0643430000,-1.1600350000,-0.2908740000,5.8701022871,-1.0315290000,-0.1147840000
0.0571350000,-1.1652450000,-0.2928690000,5.8826400631,-1.4604520000,-1.2599810000
0.0530940000,-1.1703720000,-0.2759780000,5.8952058837,-1.4748580000,-0.5990720000
0.0308260000,-1.1558730000,-0.2839480000,5.9077966224,-0.5228820000,-0.9792220000
-0.0094660000,-1.1387320000,-0.2491180000,5.9204091350,0.5348740000,0.3383780000
-0.0157850000,-1.0932770000,-0.2424180000,5.9330402669,-0.5385820000,0.7032010000
-0.0294950000,-1.1252020000,-0.2262950000,5.9456868608,1.1206510000,0.4688340000
-0.0191100000,-1.1043190000,-0.2305390000,5.9583457638,0.3873740000,1.3027840000
-0.0379050000,-1.1105100000,-0.2019560000,5.9710138351,1.4699840000,1.0523300000
-0.0449000000,-1.0720300000,-0.1990150000,5.9836879534,1.1139280000,2.0565620000
-0.0717010000,-1.0715110000,-0.1913340000,5.9963650242,2.1671640000,2.3726940000
-0.0648210000,-1.0570490000,-0.1665090000,6.0090419872,1.6007670000,2.9183930000
-0.0729650000,-1.0616940000,-0.1706310000,6.0217158235,1.2237750000,3.4330760000
-0.0839840000,-1.0478290000,-0.1396780000,6.0343835622,1.8688270000,3.7149320000
-0.0973430000,-1.0307200000,-0.1548760000,6.0470422879,0.0523490000,5.0151680000
-0.1048410000,-1.0178370000,-0.1440540000,6.0596891465,1.3587490000,5.0358240000
-0.1038130000,-1.0162480000,-0.1619200000,6.0723213524,1.4638920000,6.3528370000
-0.1113460000,-1.0090600000,-0.1690490000,6.0849361939,1.0670290000,6.5048370000
-0.1282210000,-1.0117150000,-0.1280520000,6.0975310394,-0.7938800000,7.6052970000
-0.1268590000,-0.9961890000,-0.1631510000,6.1101033427,0.2223300000,7.5413680000
-0.1490320000,-1.0066540000,-0.1290330000,6.1226506482,-0.4704220000,7.8514670000
-0.1274760000,-0.9986350000,-0.1531300000,6.1351705956,-0.3088640000,8.7976470000
-0.1467310000,-1.0196650000,-0.1220880000,6.1476609242,-0.3193550000,8.9119020000
-0.1493010000,-1.0048940000,-0.1325420000,6.1601194770,-1.2299650000,9.9544140000
-0.1685920000,-1.0300840000,-0.1072080000,6.1725442037,1.0564430000,9.4764710000
-0.1683330000,-1.0269290000,-0.0833740000,6.1849331646,-1.0831160000,10.5735020000
-0.1840160000,-1.0628420000,-0.1047200000,6.1972845323,0.9035540000,9.9562260000
-0.1979530000,-1.0722200000,-0.0617270000,6.2095965943,-0.1914350000,10.0171350000
-0.2342900000,-1.0800620000,-0.0590380000,6.2218677546,0.2901650000,11.0704430000
-0.2632670000,-1.0914230000,-0.0648420000,6.2340965346,0.0121490000,10.7143510000
-0.2838350000,-1.1315110000,-0.0124970000,6.2462815740,0.3701080000,10.2603660000
-0.2841500000,-1.1559590000,-0.0505990000,6.2584216307,1.0351730000,9.4865810000
-0.3178580000,-1.1996480000,-0.0034670000,6.2705155807,0.9932890000,9.2876850000
-0.3247700000,-1.2018730000,-0.0499820000,6.2825624174,1.3529230000,9.5856940000
-0.3839040000,-1.2306870000,-0.0017630000,6.2945612499,0.9362110000,9.3072510000
-0.3823440000,-1.2441610000,-0.0427350000,6.3065113017,1.4695740000,9.4094270000
-0.3973090000,-1.2982950000,-0.0189860000,6.3184119082,1.1621080000,7.8583960000
-0.3809460000,-1.3305940000,-0.0327950000,6.3302625144,1.7952020000,7.7363780000
-0.4258010000,-1.3652960000,-0.0301270000,6.3420626716,0.9321440000,7.0536900000
-0.4486690000,-1.3792040000,-0.0356940000,6.3538120340,2.0158010000,6.9307560000
-0.4691320000,-1.3964170000,-0.0442050000,6.3655103549,1.0283290000,7.1207920000
-0.4731860000,-1.4482760000,-0.0800560000,6.3771574827,2.7135820000,5.6263800000
-0.4666510000,-1.4943750000,-0.0713870000,6.3887533561,1.5967100000,5.5272020000
-0.4638050000,-1.5332690000,-0.1090730000,6.4002979994,2.2343820000,4.4626020000
-0.4779620000,-1.5612280000,-0.0763530000,6.4117915175,1.3727780000,4.8796660000
-0.4672970000,-1.5880720000,-0.1230820000,6.4232340902,1.7862570000,5.2170320000
-0.4770460000,-1.6441920000,-0.1135660000,6.4346259670,1.7459560000,4.2598930000
-0.4245960000,-1.6822320000,-0.1552990000,6.4459674612,2.3134920000,4.4087040000
-0.4143680000,-1.7332710000,-0.1639620000,6.4572589437,1.9755790000,3.7148950000
-0.3761730000,-1.7354440000,-0.1713370000,6.4685008372,2.1579080000,4.2158130000
-0.3736130000,-1.7651800000,-0.2054980000,6.4796936099,1.5919760000,3.9960730000
-0.3490370000,-1.7992180000,-0.2034070000,6.4908377690,0.6803020000,3.3421830000
-0.3130910000,-1.8228490000,-0.2604720000,6.5019338549,1.4841940000,4.2459670000
-0.2864580000,-1.8428980000,-0.2469480000,6.5129824344,0.6610970000,3.4529110000
-0.2675080000,-1.8452220000,-0.2746980000,6.5239840945,0.2030750000,4.1651060000
-0.2286050000,-1.8456290000,-0.3110440000,6.5349394363,1.2374960000,3.4665770000
-0.1995190000,-1.8712780000,-0.3035370000,6.5458490684,0.2556170000,3.5968480000
-0.1626570000,-1.8650910000,-0.3490290000,6.5567136013,0.5665170000,3.4687810000
-0.1385940000,-1.8815520000,-0.3434620000,6.5675336411,-0.8828010000,3.3180030000
-0.1089570000,-1.8546060000,-0.3518060000,6.5783097834,-0.6411650000,3.3785740000
-0.0818730000,-1.8601640000,-0.3531090000,6.5890426082,-0.3214060000,2.1409730000
-0.0551510000,-1.8554930000,-0.3395980000,6.5997326738,-0.6444860000,2.3471470000
-0.0081140000,-1.8593360000,-0.3445910000,6.6103805116,-0.2784520000,1.7730530000
-0.0087010000,-1.8596750000,-0.2999400000,6.6209866213,-2.9179980000,1.1366730000
0.0496080000,-1.8349450000,-0.3288650000,6.6315514654,-0.9440150000,1.0363130000
0.0571840000,-1.8350230000,-0.2807700000,6.6420754649,-0.3093660000,-0.0729700000
0.1017530000,-1.8065150000,-0.2926560000,6.6525589947,-1.2543110000,0.4167600000
0.1129790000,-1.8129460000,-0.2711630000,6.6630023796,-0.1005040000,-0.9744060000
0.1510750000,-1.7629150000,-0.2530600000,6.6734058897,-0.4552770000,-0.3617450000
0.1661480000,-1.7467820000,-0.2278440000,6.6837697376,-0.1082900000,-1.1832740000
0.1908970000,-1.7128670000,-0.2142090000,6.6940940741,-0.3097110000,-1.7631990000
0.2170580000,-1.6962980000,-0.1920200000,6.7043789855,-0.3576010000,-2.3431330000
0.2499120000,-1.6696670000,-0.2081270000,6.7146244905,-0.0779210000,-2.9758000000
0.2556340000,-1.6183890000,-0.1466570000,6.7248305373,-1.9770380000,-2.6515450000
0.2616440000,-1.5692250000,-0.1892790000,6.7349970016,-0.8907020000,-3.1289430000
0.2708580000,-1.5327500000,-0.1354180000,6.7451236840,-1.8720920000,-4.2582080000
0.3252380000,-1.4791940000,-0.1883700000,6.7552103080,2.7736280000,-4.2048680000
0.3011180000,-1.4642520000,-0.1468540000,6.7652565186,-2.1088320000,-5.8760930000
0.3326360000,-1.4142410000,-0.1422420000,6.7752618804,-1.9664660000,-6.0719950000
0.3244040000,-1.3721440000,-0.1558050000,6.7852258767,-1.3163230000,-6.4626820000
0.3399950000,-1.3388000000,-0.1319150000,6.7951479080,-1.6438610000,-7.2995890000
0.3307550000,-1.3001860000,-0.1506280000,6.8050272910,-2.0534140000,-7.1228010000
0.3379080000,-1.2814890000,-0.1615190000,6.8148632584,-0.9612120000,-8.3066810000
0.3409770000,-1.2335950000,-0.1381090000,6.8246549576,-1.0422920000,-8.3041050000
0.3425980000,-1.2359980000,-0.1600690000,6.8344014511,-0.0091350000,-9.5746950000
0.3305520000,-1.2050410000,-0.1125290000,6.8441017152,-0.5017040000,-9.8542350000
0.3332830000,-1.1836100000,-0.1267810000,6.8537546409,0.2922390000,-9.7074900000
0.3079750000,-1.1690060000,-0.1085970000,6.8633590328,-0.3387440000,-10.4451600000
0.3027360000,-1.1506540000,-0.1041260000,6.8729136103,0.0732150000,-9.9567010000
0.3003660000,-1.1366250000,-0.1334510000,6.8824170067,2.2193980000,-10.7495610000
0.2967890000,-1.1499850000,-0.0914720000,6.8918677702,0.8135920000,-10.5447070000
0.2936900000,-1.1287670000,-0.1294630000,6.9012643639,1.8853770000,-10.7594020000
0.2718390000,-1.1312710000,-0.0934250000,6.9106051665,0.8910080000,-10.5936660000
0.2575470000,-1.1101780000,-0.1153450000,6.9198884723,0.5584940000,-10.6288830000
0.2353510000,-1.1327450000,-0.1086920000,6.9291124926,0.9175470000,-10.8801540000
0.2308670000,-1.1200160000,-0.1055540000,6.9382753552,-0.0821490000,-10.0298940000
0.2167760000,-1.1447290000,-0.1380600000,6.9473751062,1.6010160000,-9.8530010000
0.1980960000,-1.1477620000,-0.1089410000,6.9564097099,-0.3407140000,-9.4772570000
0.1796780000,-1.1621620000,-0.1484230000,6.9653770499,0.4079880000,-9.0081870000
0.1692820000,-1.1747440000,-0.1139210000,6.9742749302,-0.3624470000,-8.8530780000
0.1610960000,-1.2109100000,-0.1364580000,6.9831010754,0.4220360000,-7.9171560000
0.1406890000,-1.2301750000,-0.1296730000,6.9918531322,0.0737140000,-7.6597640000
0.1154470000,-1.2642990000,-0.1113900000,7.0005286699,-0.3568990000,-6.9782080000
0.1184640000,-1.2876500000,-0.1246540000,7.0091251820,-0.3388590000,-6.5300170000
0.0904910000,-1.3408260000,-0.1177480000,7.0176400865,0.4766300000,-5.9643610000
0.0753590000,-1.3677380000,-0.1147710000,7.0260707277,-0.0294270000,-5.1139950000
0.0404140000,-1.4334460000,-0.1039880000,7.0344143769,0.2591950000,-5.0278800000
0.0395900000,-1.4496650000,-0.1153260000,7.0426682340,-0.1747630000,-3.3354280000
0.0160250000,-1.5011790000,-0.1266400000,7.0508294284,0.8499650000,-2.8418580000
0.0182870000,-1.5187010000,-0.1205380000,7.0588950209,0.9551210000,-1.8350080000
-0.0010560000,-1.5843990000,-0.1348200000,7.0668620046,1.3887510000,-1.3188180000
-0.0006760000,-1.6192090000,-0.1166550000,7.0747273072,1.4399700000,-1.1881040000
-0.0030030000,-1.6627870000,-0.1299560000,7.0824877918,1.1251780000,0.0385240000
-0.0139430000,-1.6873960000,-0.1270050000,7.0901402596,1.0134210000,-0.0230120000
-0.0330730000,-1.7306250000,-0.1418050000,7.0976814511,-0.7352030000,2.2593240000
-0.0468500000,-1.7582730000,-0.1588940000,7.1051080486,1.4110650000,1.8801170000
-0.0644140000,-1.7941870000,-0.1424910000,7.1124166781,-1.0887180000,3.2970710000
-0.0630850000,-1.8016080000,-0.1836370000,7.1196039121,0.5310010000,3.6034870000
-0.0731680000,-1.8540580000,-0.1627960000,7.1266662712,-0.0987120000,4.4372700000
-0.0961030000,-1.8652350000,-0.1868760000,7.1336002280,-0.0905680000,5.7897100000
-0.1068160000,-1.8895250000,-0.1872340000,7.1404022086,-0.0086810000,5.8190840000
-0.1245680000,-1.9066920000,-0.1915570000,7.1470685968,0.0372070000,6.5282950000
-0.1206520000,-1.9289870000,-0.1935560000,7.1535957365,0.0249370000,7.0573720000
-0.1280240000,-1.9509950000,-0.1726670000,7.1599799353,-1.2430360000,8.0240770000
-0.1231600000,-1.9515010000,-0.2278770000,7.1662174682,0.2606660000,8.6440410000
-0.1515070000,-1.9712280000,-0.1807640000,7.1723045810,-0.2534820000,8.8615810000
-0.1425460000,-1.9590700000,-0.2500760000,7.1782374949,0.6322670000,9.9137770000
-0.1518350000,-1.9952890000,-0.2168880000,7.1840124099,0.0378970000,9.7005430000
-0.1360070000,-1.9824870000,-0.2371370000,7.1896255095,0.0003450000,10.6183590000
-0.1403010000,-1.9973040000,-0.2452610000,7.1950729653,0.4687660000,10.7930480000
-0.1583740000,-1.9651160000,-0.2316910000,7.2003509414,-0.2088080000,11.2760650000
-0.1614560000,-1.9626970000,-0.2529060000,7.2054555998,0.1655960000,10.6994940000
-0.1751800000,-1.9545440000,-0.2164220000,7.2103831046,-1.7563040000,10.6676280000
-0.1744050000,-1.9376190000,-0.2620540000,7.2151296283,-0.5111630000,11.5730100000
-0.1903450000,-1.9097650000,-0.2540550000,7.2196913561,-0.1962460000,10.9707540000
-0.2130980000,-1.8808430000,-0.2605800000,7.2240644923,-1.2891510000,11.5593570000
-0.2292580000,-1.8545900000,-0.2622940000,7.2282452652,-0.1873410000,10.6434770000
-0.2213370000,-1.8438270000,-0.2443750000,7.2322299335,-0.5785750000,10.2729620000
-0.2249840000,-1.8068270000,-0.2528730000,7.2360147914,-0.4816840000,9.7330920000
-0.2346610000,-1.7905730000,-0.2370550000,7.2395961753,-0.1321040000,9.7645570000
-0.2434640000,-1.7462460000,-0.2345010000,7.2429704691,-0.0681790000,9.6922470000
-0.2617670000,-1.7229410000,-0.2400580000,7.2461341106,1.9871070000,9.0149610000
-0.2614820000,-1.6939410000,-0.2062590000,7.2490835973,-0.7530730000,8.3577770000
-0.2690840000,-1.6760380000,-0.1999960000,7.2518154926,0.7715020000,7.8308140000
-0.2657490000,-1.6435680000,-0.1836530000,7.2543264316,0.6570950000,7.1172110000
-0.2907180000,-1.6110660000,-0.1317610000,7.2566131271,0.4125310000,6.6765330000
-0.2782620000,-1.5730680000,-0.1645360000,7.2586723756,3.0638310000,5.8699480000
-0.3019180000,-1.5445270000,-0.1156670000,7.2605010629,1.0912630000,5.6888360000
-0.2811530000,-1.5064810000,-0.1373340000,7.2620961702,1.8651340000,5.2493600000
-0.2909090000,-1.4821840000,-0.1136250000,7.2634547789,0.7367570000,3.8349960000
-0.2870590000,-1.4402510000,-0.1220220000,7.2645740768,1.1368630000,3.7000180000
-0.3026530000,-1.4030480000,-0.1191010000,7.2654513630,1.4071950000,2.4413100000
-0.3045870000,-1.3709090000,-0.1098800000,7.2660840528,1.1162760000,2.6657860000
-0.3005850000,-1.3333190000,-0.1270080000,7.2664696830,0.8519640000,1.4757070000
-0.2981300000,-1.3220240000,-0.1147680000,7.2666059162,1.3015000000,0.4718720000
-0.2936920000,-1.2832420000,-0.1304710000,7.2664905454,0.2768900000,0.3581320000
-0.2977860000,-1.2832060000,-0.1189230000,7.2661214978,1.0365750000,-0.4048880000
-0.2874820000,-1.2474010000,-0.1204760000,7.2654968391,-0.5137540000,-0.3148840000
-0.2898550000,-1.2466520000,-0.1512090000,7.2646147769,1.2285380000,-1.1241300000
-0.2799550000,-1.2383680000,-0.1136650000,7.2634736640,0.5706750000,-1.8523950000
-0.2645570000,-1.2350790000,-0.1277760000,7.2620720011,1.2470350000,-1.7129300000
-0.2604910000,-1.2362240000,-0.1047830000,7.2604084399,1.4548820000,-1.9736050000
-0.2359510000,-1.2338900000,-0.1198690000,7.2584817850,2.3416850000,-1.6843430000
-0.2291500000,-1.2478410000,-0.1038930000,7.2562909963,2.6594050000,-2.8768530000
-0.2059430000,-1.2629300000,-0.0853640000,7.2538351899,0.7923120000,-2.3693380000
-0.1840880000,-1.2764640000,-0.1160680000,7.2511136403,2.4697400000,-2.8790580000
-0.1540770000,-1.2960110000,-0.0866800000,7.2481257807,1.8079080000,-1.9041590000
-0.1340180000,-1.2919700000,-0.1211780000,7.2448712036,2.4189500000,-1.8365510000
-0.1274340000,-1.3142710000,-0.0985790000,7.2413496616,1.6469770000,-1.7688430000
-0.0859800000,-1.3173000000,-0.1276050000,7.2375610668,1.2870380000,-1.4919360000
-0.0679660000,-1.3423650000,-0.1364610000,7.2335054906,1.2092740000,-1.4275040000
-0.0349970000,-1.3692190000,-0.1460790000,7.2291831631,0.2859400000,-1.0211930000
-0.0236460000,-1.3686710000,-0.1920990000,7.2245944718,1.2226330000,-0.6621760000
-0.0038370000,-1.4056240000,-0.1868570000,7.2197399607,-0.1132900000,-0.0731510000
0.0336590000,-1.4284210000,-0.2093870000,7.2146203285,-0.0358640000,0.1357120000
0.0533570000,-1.4865070000,-0.2135790000,7.2092364265,-0.4509080000,-0.1595560000
0.0854130000,-1.4979500000,-0.2070570000,7.2035892570,-1.1100770000,0.6487560000
0.0869460000,-1.5292280000,-0.2178130000,7.1976799704,-1.2711830000,0.7858670000
0.1177680000,-1.5595680000,-0.1933030000,7.1915098628,-0.7071650000,1.4348220000
0.1275730000,-1.5722710000,-0.2247100000,7.1850803734,-0.8298750000,2.2356590000
0.1442870000,-1.6347030000,-0.2221170000,7.1783930811,-0.7560370000,2.1386810000
0.1546400000,-1.6538920000,-0.2271940000,7.1714497014,-0.9960590000,2.6930950000
0.1812600000,-1.6898440000,-0.2387780000,7.1642520832,-0.2599780000,2.6675320000
0.1894270000,-1.7107600000,-0.2223270000,7.1568022050,-0.3775390000,2.5965430000
0.2015190000,-1.7482160000,-0.2448150000,7.1491021718,-0.4777190000,2.9135360000
0.2291800000,-1.7810700000,-0.2676310000,7.1411542106,1.2900090000,2.5742020000
0.2253760000,-1.8048410000,-0.2595630000,7.1329606670,-0.5984630000,3.0953150000
0.2335560000,-1.8176170000,-0.2906440000,7.1245240015,-0.1414950000,2.4370360000
0.2246740000,-1.8320890000,-0.2620610000,7.1158467850,-1.5073210000,3.1401240000
0.2455530000,-1.8454480000,-0.2932340000,7.1069316952,-1.0442970000,2.7497220000
0.2300730000,-1.8784240000,-0.2669250000,7.0977815123,-2.0151870000,1.9857770000
0.2390900000,-1.8900670000,-0.2916910000,7.0883991152,-2.8826920000,2.4603160000
0.2254390000,-1.9173310000,-0.2743500000,7.0787874773,-0.9139380000,1.6758330000
0.2175640000,-1.9227660000,-0.2650740000,7.0689496626,-2.9557100000,2.0977670000
0.1914720000,-1.9390240000,-0.2879950000,7.0588888214,-1.3022310000,1.5297700000
0.1972980000,-1.9561850000,-0.2645450000,7.0486081868,-1.5453610000,0.8818370000
0.1767300000,-1.9602390000,-0.2478050000,7.0381110704,-1.4951430000,1.4878300000
0.1689150000,-1.9712940000,-0.2394640000,7.0274008588,-0.9034870000,0.6699610000
0.1116040000,-1.9765920000,-0.1681660000,7.0164810095,-6.7240080000,0.7600410000
0.1227610000,-1.9670040000,-0.2430550000,7.0053550475,-0.4207980000,0.3865480000
-0.0239680000,-1.9867970000,-0.0599510000,6.9940265618,-24.6295080000,-1.0961540000
0.0832600000,-1.9677780000,-0.2171400000,6.9824992017,-0.8705710000,-0.3378280000
0.0556510000,-1.9687040000,-0.2103160000,6.9707766737,-0.8536470000,-1.7682310000
0.0328610000,-1.9522620000,-0.2132610000,6.9588627381,-0.9974500000,-2.0170860000
0.0147320000,-1.9310050000,-0.2279000000,6.9467612063,-0.8866060000,-2.3464040000
-0.0359290000,-1.9239180000,-0.2047820000,6.9344759373,-4.0893990000,-2.8703480000
-0.0365330000,-1.8766220000,-0.2654150000,6.9220108354,0.3498070000,-2.9626480000
-0.0561060000,-1.8862690000,-0.2553580000,6.9093698473,-0.1705780000,-4.3938510000
-0.0681790000,-1.8561030000,-0.2650710000,6.8965569594,-0.8598570000,-4.6583900000
-0.0968480000,-1.8481200000,-0.2856280000,6.8835761955,0.5842980000,-5.6342530000
-0.1125180000,-1.8119610000,-0.2689700000,6.8704316146,0.3420770000,-5.3520390000
-0.1344320000,-1.8049330000,-0.3011310000,6.8571273081,1.5841810000,-5.9751420000
-0.1468850000,-1.7863380000,-0.2712280000,6.8436673983,1.2709610000,-6.7065650000
-0.1532560000,-1.7666800000,-0.2534540000,6.8300560357,-0.3164460000,-6.7007430000
-0.1628220000,-1.7447990000,-0.2620870000,6.8162973975,2.1918980000,-7.7640990000
-0.1816040000,-1.7274380000,-0.2305160000,6.8023956853,-0.0615980000,-6.6824740000
-0.1748750000,-1.7005150000,-0.2444800000,6.7883551232,2.2375990000,-7.2079330000
-0.1864390000,-1.6874410000,-0.2119110000,6.7741799561,1.8254660000,-7.1074750000
-0.1786560000,-1.6511940000,-0.2329350000,6.7598744478,2.1662780000,-7.2015330000
-0.1842200000,-1.6409920000,-0.2002750000,6.7454428794,1.6457300000,-6.9571690000
-0.1792040000,-1.6051240000,-0.2175900000,6.7308895469,1.6130560000,-6.1602520000
-0.1853290000,-1.5919320000,-0.2074870000,6.7162187601,2.3426110000,-6.6505500000
-0.1670360000,-1.5677310000,-0.1901620000,6.7014348407,1.0310180000,-6.3005800000
-0.1578160000,-1.5515260000,-0.2011450000,6.6865421201,1.8324710000,-5.6899740000
-0.1469580000,-1.5337380000,-0.1793920000,6.6715449379,1.5660580000,-6.0637090000
-0.1456910000,-1.5171810000,-0.1809840000,6.6564476403,0.5452170000,-5.0364860000
-0.1254380000,-1.4918240000,-0.2027140000,6.6412545777,0.6083900000,-4.9573400000
-0.1152920000,-1.4963510000,-0.1579880000,6.6259701033,0.1277300000,-4.5423610000
-0.0872270000,-1.4887550000,-0.1599470000,6.6105985706,1.5503520000,-4.7855560000
-0.0817620000,-1.4949490000,-0.1388480000,6.5951443321,0.1602590000,-4.5941240000
-0.0675910000,-1.4648490000,-0.1313370000,6.5796117366,-0.1012100000,-3.4461530000
-0.0734600000,-1.4760980000,-0.1209620000,6.5640051275,0.7429510000,-3.1965860000
-0.0680350000,-1.4562660000,-0.1174400000,6.5483288405,0.3889690000,-2.3726780000
-0.0575040000,-1.4712600000,-0.1082820000,6.5325872013,0.7110220000,-2.6275060000
-0.0492230000,-1.4761180000,-0.1012080000,6.5167845235,0.4112740000,-2.3590320000
-0.0435310000,-1.4832150000,-0.0897650000,6.5009251061,0.0857440000,-1.7604230000
-0.0335330000,-1.4806020000,-0.1047270000,6.4850132314,1.2034670000,-1.8526200000
-0.0300400000,-1.4836870000,-0.0866540000,6.4690531625,-0.2604410000,-0.7451840000
-0.0143470000,-1.4888150000,-0.1383650000,6.4530491407,1.2489810000,-0.6716440000
-0.0039610000,-1.5049640000,-0.1091480000,6.4370053834,1.0300430000,0.0722290000
0.0191600000,-1.4916930000,-0.1313180000,6.4209260818,0.6463320000,0.4681440000
0.0258990000,-1.5211430000,-0.1226060000,6.4048153978,0.9453130000,-0.0861380000
0.0632500000,-1.5166890000,-0.1475460000,6.3886774624,0.4074530000,0.9100370000
0.0577750000,-1.5410250000,-0.1648810000,6.3725163728,1.5335620000,0.7832470000
0.0617530000,-1.5518180000,-0.1578370000,6.3563361906,-0.7796250000,1.2178160000
0.0580440000,-1.5787300000,-0.1824910000,6.3401409389,-0.2407890000,1.9084840000
0.0810140000,-1.5854590000,-0.1926170000,6.3239346008,-0.2795940000,1.7638080000
0.0676710000,-1.6005090000,-0.1729030000,6.3077211170,-0.5422060000,2.8665920000
0.0843790000,-1.6224850000,-0.1942130000,6.2915043838,-0.4676420000,2.2268780000
0.0559600000,-1.6493360000,-0.1777870000,6.2752882516,-1.1170950000,2.4271170000
0.0685610000,-1.6340560000,-0.2224120000,6.2590765229,-1.6022920000,2.8018800000
0.0361340000,-1.6764360000,-0.1838890000,6.2428729512,-0.7259400000,2.9289360000
0.0325890000,-1.6419860000,-0.2256220000,6.2266812392,-2.1595420000,4.2007140000
-0.0035770000,-1.6647440000,-0.2184630000,6.2105050383,-1.1946890000,3.4065990000
0.0086330000,-1.6691260000,-0.2343630000,6.1943479474,-2.4176230000,3.4758360000
-0.0074800000,-1.6762290000,-0.2358900000,6.1782135126,-1.8187890000,3.7342230000
-0.0106340000,-1.6797900000,-0.2849330000,6.1621052264,-0.5735200000,2.6338470000
-0.0251860000,-1.6625900000,-0.2815090000,6.1460265282,-1.1543870000,3.1217750000
-0.0317010000,-1.6480000000,-0.3461860000,6.1299808042,2.5253510000,2.7379780000
-0.0641250000,-1.6381070000,-0.3109430000,6.1139713881,-0.9408090000,2.9270430000
-0.0605370000,-1.6072680000,-0.3970250000,6.0980015620,-0.0826320000,2.1110050000
-0.0874570000,-1.6048850000,-0.3869640000,6.0820745574,-0.2046860000,1.5456700000
-0.0814430000,-1.5621740000,-0.4190860000,6.0661935567,-0.3725000000,1.2417260000
-0.1048210000,-1.5509710000,-0.4372150000,6.0503616953,1.7111350000,1.0323810000
-0.1082480000,-1.5210150000,-0.4370340000,6.0345820631,1.1203060000,1.1089040000
-0.1334500000,-1.5002830000,-0.4586650000,6.0188577076,0.5485060000,1.2298420000
-0.1373530000,-1.4640650000,-0.4598180000,6.0031916357,0.9853920000,1.1654660000
-0.1455070000,-1.4227820000,-0.4597810000,5.9875868176,1.4564350000,1.8744200000
-0.1191360000,-1.3826830000,-0.4620630000,5.9720461892,1.3844610000,1.6762880000
-0.1223950000,-1.3635300000,-0.4157510000,5.9565726558,1.2629250000,2.1431100000
-0.0902440000,-1.3204580000,-0.4459820000,5.9411690960,2.0993950000,2.2221640000
-0.1038620000,-1.3024540000,-0.3836580000,5.9258383652,1.0673740000,2.5375170000
-0.0664560000,-1.2440960000,-0.4081090000,5.9105832996,0.9075940000,3.7901060000
-0.0802650000,-1.2119670000,-0.3639440000,5.8954067206,0.1381810000,3.9050270000
-0.0484190000,-1.1477530000,-0.3608780000,5.8803114388,-0.1735950000,5.4305170000
-0.0476740000,-1.1063910000,-0.3599490000,5.8653002586,0.2168910000,6.0879700000
-0.0249100000,-1.0610210000,-0.3231040000,5.8503759824,-0.1869050000,6.2921010000
-0.0051070000,-1.0161040000,-0.3311430000,5.8355414148,-0.8778520000,7.0094580000
0.0031940000,-0.9867820000,-0.2785510000,5.8207993675,-1.2099000000,7.7696680000
0.0261780000,-0.9468870000,-0.2906210000,5.8061526631,-1.4245160000,8.9519730000
0.0487050000,-0.9230560000,-0.2558760000,5.7916041391,-0.8287830000,8.7525220000
0.0675660000,-0.8906160000,-0.2126600000,5.7771566526,-1.8100180000,9.9157360000
0.1019860000,-0.8647210000,-0.1871750000,5.7628130832,-1.1570170000,10.4084300000
0.1059770000,-0.8620060000,-0.1076250000,5.7485763371,-2.1690450000,10.6606790000
0.1324210000,-0.8339220000,-0.0841330000,5.7344493501,-1.9472370000,11.4893510000
0.1222550000,-0.8381990000,-0.0594850000,5.7204350904,0.2919270000,11.5027720000
0.1260760000,-0.8186980000,0.0034070000,5.7065365612,-1.3855660000,12.5896890000
0.0964420000,-0.8193840000,0.0493510000,5.6927568029,-1.0355890000,12.9301210000
0.0940880000,-0.8129570000,0.0932730000,5.6790988943,-1.1025150000,13.0358440000
0.0652230000,-0.8218790000,0.1664090000,5.6655659541,-1.3757980000,12.8569310000
0.0437720000,-0.8250460000,0.1715790000,5.6521611413,-0.5175520000,12.3126300000
-0.0041980000,-0.8434240000,0.2451980000,5.6388876555,-1.8689120000,12.9876700000
-0.0259960000,-0.8427750000,0.2549560000,5.6257487362,-0.2005070000,12.9705350000
-0.0707920000,-0.8854590000,0.2983070000,5.6127476617,-1.3421720000,12.2613180000
-0.0784500000,-0.8849830000,0.3064970000,5.5998877477,-0.5945940000,12.4657190000
-0.1365980000,-0.9358680000,0.3096970000,5.5871723448,-0.0602000000,12.1125610000
-0.1415090000,-0.9647930000,0.3279150000,5.5746048357,0.4458110000,11.5389910000
-0.1665140000,-1.0132810000,0.3222040000,5.5621886319,1.4617320000,11.3430890000
-0.2087660000,-1.0751150000,0.3080920000,5.5499271692,0.9784750000,9.8984250000
-0.2372710000,-1.1201280000,0.3277610000,5.5378239035,-0.3520480000,9.9514040000
-0.2727960000,-1.1582660000,0.2566890000,5.5258823053,0.9487170000,9.2893690000
-0.3234210000,-1.2119830000,0.2812750000,5.5141058540,0.7655630000,9.0662680000
-0.3388780000,-1.2509330000,0.2022340000,5.5024980315,1.5563620000,8.8638270000
-0.3871760000,-1.3248700000,0.1944410000,5.4910623156,1.2321520000,6.5366140000
-0.3824300000,-1.3641840000,0.1257370000,5.4798021724,3.7706880000,6.6398040000
-0.4501330000,-1.4336630000,0.0886710000,5.4687210487,2.1920850000,5.2551070000
-0.4711900000,-1.4847570000,0.0484610000,5.4578223639,0.2905950000,5.3937840000
-0.5035680000,-1.5535740000,-0.0321290000,5.4471095016,2.2199820000,4.3673820000
-0.5192190000,-1.6167940000,-0.0800300000,5.4365858005,2.0410570000,3.5106650000
-0.5347120000,-1.6890330000,-0.1097980000,5.4262545458,1.8681180000,2.8503440000
-0.5275730000,-1.7494990000,-0.1895350000,5.4161189595,3.0764390000,1.1011290000
-0.5558020000,-1.8170580000,-0.1953610000,5.4061821913,1.4371730000,0.9753110000
-0.5636790000,-1.8641190000,-0.2710280000,5.3964473087,2.6564510000,0.5601510000
-0.5766520000,-1.9380660000,-0.2892880000,5.3869172878,2.2984000000,-0.2096290000
-0.5907830000,-1.9646210000,-0.3391450000,5.3775950036,1.9712950000,-0.1828810000
-0.6001540000,-2.0210980000,-0.3818790000,5.3684832204,2.7339790000,-1.2047460000
-0.6055340000,-2.0615940000,-0.3928030000,5.3595845822,1.9070680000,-1.7986510000
-0.5946490000,-2.1105740000,-0.4461200000,5.3509016039,1.7426500000,-2.8710500000
-0.6007510000,-2.1375890000,-0.4218920000,5.3424366617,1.1550610000,-3.3341360000
-0.5818050000,-2.1511060000,-0.4765190000,5.3341919849,1.4679300000,-3.2343360000
-0.5811350000,-2.1648170000,-0.4779600000,5.3261696469,1.6856610000,-3.7767400000
-0.5538060000,-2.1728060000,-0.4784490000,5.3183715575,2.0812440000,-3.9978410000
-0.5285380000,-2.1814980000,-0.4930720000,5.3107994551,1.1927240000,-5.1309750000
-0.4789270000,-2.1975720000,-0.4820330000,5.3034548993,0.0198400000,-6.4153820000
-0.4318630000,-2.1744800000,-0.4941450000,5.2963392646,0.4585410000,-5.8076810000
-0.3853640000,-2.1671600000,-0.5054630000,5.2894537336,1.0893530000,-6.9006860000
-0.3512530000,-2.1293830000,-0.4855160000,5.2827992917,0.7213950000,-7.2168600000
-0.3096520000,-2.1010360000,-0.5164690000,5.2763767221,1.3977780000,-7.0451850000
-0.2662180000,-2.0718780000,-0.4617250000,5.2701866011,0.7147940000,-8.2417190000
-0.1812920000,-2.0171100000,-0.4856730000,5.2642292941,0.9072400000,-8.5767140000
-0.1320680000,-1.9933060000,-0.4591550000,5.2585049528,1.2068580000,-9.7102540000
-0.0904570000,-1.9239480000,-0.4294850000,5.2530135122,-0.7147340000,-9.1525350000
-0.0312780000,-1.8645060000,-0.4440950000,5.2477546891,1.2225280000,-9.8010460000
0.0062240000,-1.7954010000,-0.3684310000,5.2427279803,0.0128350000,-9.6957680000
0.0723130000,-1.7321840000,-0.3783340000,5.2379326622,0.9711460000,-10.2542050000
0.1263190000,-1.6714950000,-0.3398740000,5.2333677910,0.5096190000,-10.6801380000
0.2130700000,-1.5755070000,-0.3304440000,5.2290322032,0.8056220000,-10.2177400000
0.2651030000,-1.5123920000,-0.3292590000,5.2249245167,1.1628600000,-10.5321480000
0.3468750000,-1.4276890000,-0.2930760000,5.2210431332,0.3253230000,-10.5773160000
0.4044890000,-1.3575730000,-0.2949540000,5.2173862400,0.6052000000,-10.8437480000
0.4832180000,-1.2710710000,-0.3100500000,5.2139518140,0.1132250000,-10.4788620000
0.5457880000,-1.1864000000,-0.2749410000,5.2107376244,-0.6457410000,-9.8344730000
0.6283310000,-1.0927090000,-0.2980790000,5.2077412379,-0.3912300000,-10.3845400000
0.6859150000,-1.0174790000,-0.2725640000,5.2049600222,-1.9416540000,-10.1287030000
0.7616700000,-0.9285410000,-0.2934670000,5.2023911524,-1.2845160000,-10.0542300000
0.8225960000,-0.8665230000,-0.2802620000,5.2000316155,-1.6275840000,-9.9860270000
0.8732240000,-0.7715390000,-0.2836950000,5.1978782171,-2.4595180000,-9.0076900000
0.9227790000,-0.7033830000,-0.2998840000,5.1959275875,-2.0400850000,-8.4781500000
0.9535720000,-0.6288840000,-0.2600550000,5.1941761882,-3.0602930000,-8.3820930000
1.0079120000,-0.5776490000,-0.2707160000,5.1926203191,-2.1275620000,-8.2017560000
1.0237800000,-0.5306180000,-0.2368250000,5.1912561255,-3.4739650000,-8.2644830000
1.0543000000,-0.4725980000,-0.2328960000,5.1900796058,-4.0907720000,-7.8273970000
1.0484240000,-0.4368290000,-0.2166120000,5.1890866186,-3.7458990000,-7.3457260000
1.0494780000,-0.3749910000,-0.2142320000,5.1882728907,-3.8427210000,-6.5588910000
1.0253620000,-0.3529100000,-0.1798780000,5.1876340246,-3.8157070000,-6.0810340000
1.0235690000,-0.3158120000,-0.1454520000,5.1871655067,-2.9925500000,-6.0083880000
1.0186980000,-0.3009520000,-0.1304540000,5.1868627146,-3.6655710000,-5.7332710000
0.9941000000,-0.2882330000,-0.1160410000,5.1867209256,-2.6541900000,-5.9230790000
0.9521170000,-0.2852420000,-0.0750760000,5.1867353237,-2.8382520000,-5.0617980000
0.8995460000,-0.2860500000,-0.0614740000,5.1869010076,-2.8621910000,-5.0871560000
0.8477290000,-0.3004470000,-0.0139050000,5.1872129983,-1.9647330000,-4.8897380000
0.7970520000,-0.3054000000,0.0118000000,5.1876662464,-4.0816630000,-4.6575200000
0.7716820000,-0.3362740000,-0.0059350000,5.1882556392,-0.0691610000,-5.1306740000
0.7088360000,-0.3656620000,0.0528700000,5.1889760078,-2.5689380000,-4.5309100000
0.6526470000,-0.4154960000,0.0475920000,5.1898221337,-0.1708350000,-3.9260300000
0.5861060000,-0.4529260000,0.0907920000,5.1907887556,0.0090730000,-3.9573810000
0.5112140000,-0.5111270000,0.1095310000,5.1918705756,-0.5592030000,-2.9278060000
0.4389770000,-0.5448960000,0.1227820000,5.1930622651,0.5001020000,-2.8905940000
0.3510670000,-0.6145630000,0.1488020000,5.1943584704,0.1227240000,-2.4111970000
0.2713170000,-0.6622210000,0.1392340000,5.1957538185,0.7971300000,-2.4289400000
0.1560540000,-0.7453250000,0.1725310000,5.1972429220,0.1855470000,-2.1686300000
0.0743640000,-0.7908820000,0.1520120000,5.1988203842,-0.1128890000,-0.4806800000
-0.0300040000,-0.8888600000,0.1558860000,5.2004808035,0.1185360000,-0.7666000000
-0.0987550000,-0.9461610000,0.1507750000,5.2022187779,0.6950240000,0.5915280000
-0.1993680000,-1.0324470000,0.1419190000,5.2040289092,1.6938170000,0.7804190000
-0.2778710000,-1.1158770000,0.1250570000,5.2059058067,0.4003100000,0.4729820000
-0.3590490000,-1.1984040000,0.1165980000,5.2078440911,-0.0556140000,1.0138360000
-0.4243140000,-1.2878110000,0.0602350000,5.2098383977,1.1112400000,1.0333930000
-0.5189760000,-1.3749630000,0.0636790000,5.2118833801,0.7675820000,1.6045370000
-0.5992610000,-1.4521300000,0.0127650000,5.2139737131,1.6100920000,2.3395270000
-0.6868690000,-1.5328290000,-0.0247110000,5.2161040961,2.8787610000,2.1869650000
-0.7622470000,-1.6090540000,-0.0353000000,5.2182692556,1.4308250000,3.3970170000
-0.8281090000,-1.6756510000,-0.1095130000,5.2204639488,2.8468920000,3.7580160000
-0.9030970000,-1.7688620000,-0.1243850000,5.2226829657,2.8725240000,4.1798000000
-0.9620560000,-1.8249230000,-0.1832200000,5.2249211328,2.7239420000,5.3906780000
-1.0265950000,-1.8842990000,-0.2351080000,5.2271733155,3.6747650000,5.6133450000
-1.0560060000,-1.9348320000,-0.2389650000,5.2294344214,3.0654690000,6.1202100000
-1.0637000000,-1.9992800000,-0.3040530000,5.2316994032,4.1004060000,7.7696660000
-1.0711350000,-2.0410620000,-0.3432160000,5.2339632620,5.6509510000,8.4104120000
-1.0922800000,-2.0594080000,-0.3752290000,5.2362210503,4.1912080000,9.9257670000
-1.1059090000,-2.0721470000,-0.4249550000,5.2384678760,4.0772120000,10.3149290000
-1.0913770000,-2.1010490000,-0.4392760000,5.2406989054,3.9880970000,11.1699760000
-1.0481740000,-2.1065960000,-0.4897140000,5.2429093674,4.3442780000,11.6725410000
-1.0416750000,-2.1409530000,-0.5046790000,5.2450945573,3.2345910000,12.1834470000
-1.0140070000,-2.0854140000,-0.5364660000,5.2472498410,1.4873420000,13.9357900000
-1.0021740000,-2.0801230000,-0.5500650000,5.2493706591,3.0434670000,15.2096720000
-0.9629810000,-2.0323500000,-0.5263850000,5.2514525320,1.8035590000,15.8549870000
-0.9038610000,-2.0338210000,-0.5111610000,5.2534910637,1.4807450000,17.1531990000
-0.8316770000,-2.0198310000,-0.5096450000,5.2554819475,1.7560130000,16.8855800000
-0.7804120000,-1.9675390000,-0.4533480000,5.2574209706,0.9819680000,18.0682760000
-0.7131250000,-1.9212430000,-0.4416760000,5.2593040194,1.5297610000,18.7497960000
-0.6643520000,-1.8744220000,-0.3702460000,5.2611270846,-0.2900950000,19.4573330000
-0.5657640000,-1.8169630000,-0.3643450000,5.2628862668,0.9702200000,20.2003040000
-0.4952470000,-1.7918200000,-0.2982990000,5.2645777819,0.2740150000,19.2412080000
-0.4109310000,-1.7127100000,-0.2475290000,5.2661979663,0.8862430000,20.0172040000
-0.3608740000,-1.6624660000,-0.2058420000,5.2677432832,-0.0999330000,19.7920480000
-0.2930550000,-1.5673630000,-0.1474900000,5.2692103271,-0.5915570000,19.4961890000
-0.2636710000,-1.5005720000,-0.1095030000,5.2705958301,-1.6531990000,18.7874930000
-0.2149700000,-1.4411010000,-0.0529270000,5.2718966668,-1.2701750000,17.9162450000
-0.1755180000,-1.3631500000,-0.0198130000,5.2731098596,-1.7609390000,17.6350710000
-0.1466420000,-1.2958730000,0.0246600000,5.2742325841,-1.8456750000,15.9141890000
-0.1229500000,-1.2128240000,0.0818340000,5.2752621736,-2.0169590000,15.2160270000
-0.0694590000,-1.1428550000,0.1156430000,5.2761961238,-1.7617500000,14.0208180000
-0.0632490000,-1.1005410000,0.1889600000,5.2770320974,-1.9880740000,12.3222470000
-0.0020150000,-1.0183030000,0.2077940000,5.2777679278,-2.0210390000,12.0825670000
0.0092770000,-0.9853540000,0.2852830000,5.2784016233,-2.0019230000,10.1539690000
0.0588910000,-0.8990360000,0.2729370000,5.2789313696,-1.2625010000,10.0773630000
0.0781820000,-0.8588190000,0.3167880000,5.2793555336,-0.1819480000,7.9620870000
0.1208200000,-0.8143880000,0.3113420000,5.2796726652,-0.3673080000,6.9842220000
0.1512650000,-0.7812190000,0.3199320000,5.2798814998,0.5696540000,5.3498400000
0.1720790000,-0.7280070000,0.3167840000,5.2799809595,0.3200280000,3.6421800000
0.1820440000,-0.6905150000,0.3018890000,5.2799701541,-0.3034350000,3.1858970000
0.1912190000,-0.6427300000,0.2495860000,5.2798483820,1.5820200000,1.4416310000
0.2070600000,-0.6223920000,0.2334990000,5.2796151300,0.2684610000,0.3790010000
0.2154430000,-0.5919140000,0.1595190000,5.2792700725,1.1866440000,-0.8200740000
0.2138550000,-0.5956260000,0.1408390000,5.2788130712,0.4477110000,-2.3068520000
0.2004560000,-0.5610720000,0.1117630000,5.2782441726,-0.1780430000,-3.1707610000
0.1909560000,-0.5635730000,0.0713600000,5.2775636065,-0.0488300000,-4.3218630000
0.1771830000,-0.5611440000,0.0572320000,5.2767717833,-1.7661030000,-4.8363720000
0.1975180000,-0.5914280000,-0.0232070000,5.2758692907,0.9994430000,-5.7610090000
0.1850050000,-0.6155250000,-0.0355890000,5.2748568901,-0.1399930000,-6.8276470000
0.1885700000,-0.6470230000,-0.0715450000,5.2737355125,-0.0993860000,-6.6545340000
0.1781970000,-0.6630250000,-0.1019070000,5.2725062539,0.2473380000,-7.5615770000
0.1648640000,-0.7031460000,-0.1145310000,5.2711703704,0.1276340000,-7.0488260000
0.1724430000,-0.7299410000,-0.1658160000,5.2697292727,1.4012530000,-6.7690570000
0.1638240000,-0.7941060000,-0.1784800000,5.2681845203,0.8736370000,-7.4216410000
0.1670110000,-0.8226660000,-0.2378490000,5.2665378155,0.7764870000,-7.2890730000
0.1648580000,-0.8875860000,-0.2691970000,5.2647909970,1.0228930000,-8.3909340000
0.1671320000,-0.9168330000,-0.3053850000,5.2629460332,0.0918530000,-8.0454670000
0.1696400000,-0.9725100000,-0.3441900000,5.2610050150,0.3863890000,-7.8373630000
0.1623530000,-1.0285180000,-0.3463700000,5.2589701492,0.1406530000,-8.0770000000
0.1773180000,-1.0658980000,-0.3984520000,5.2568437510,-0.4715710000,-7.4314380000
0.1763950000,-1.1297550000,-0.4273180000,5.2546282361,0.5195810000,-8.3619700000
0.1877260000,-1.1860420000,-0.4186890000,5.2523261142,-1.6909680000,-7.6539890000
0.1817690000,-1.2342020000,-0.4445740000,5.2499399803,-0.4607850000,-7.4023010000
0.1823760000,-1.2937620000,-0.4359380000,5.2474725078,-0.4396270000,-7.3730010000
0.1618840000,-1.3450370000,-0.4245670000,5.2449264405,-0.5367900000,-6.7834320000
0.1733130000,-1.4091140000,-0.4069770000,5.2423045849,0.1695680000,-6.4766120000
0.1607480000,-1.4689300000,-0.3508470000,5.2396098030,-0.8289600000,-5.7615290000
0.1660360000,-1.5097400000,-0.3684610000,5.2368450043,1.0926750000,-5.0487430000
0.1261840000,-1.5662600000,-0.2959390000,5.2340131385,-0.8270130000,-5.2722180000
0.1166910000,-1.5944430000,-0.2854180000,5.2311171884,-0.5045370000,-4.2568780000
0.0982180000,-1.6378270000,-0.2527290000,5.2281601628,-0.6016380000,-3.6003700000
0.1052490000,-1.6814970000,-0.2092490000,5.2251450890,-0.2705280000,-3.4098790000
0.1026460000,-1.7090070000,-0.2103060000,5.2220750067,-0.2223060000,-3.0169420000
0.0981520000,-1.7405120000,-0.2010470000,5.2189529613,-0.1198350000,-3.0685540000
0.0864110000,-1.7433970000,-0.1740290000,5.2157819974,-2.0882640000,-1.9425630000
0.0979320000,-1.7765730000,-0.1954070000,5.2125651530,0.4068880000,-2.3729560000
0.1078420000,-1.7842640000,-0.1823990000,5.2093054538,-0.9078230000,-2.1305310000
0.1290630000,-1.8111400000,-0.2278900000,5.2060059074,0.0020590000,-1.4322930000
0.1185660000,-1.8038240000,-0.2031240000,5.2026694987,-0.0084290000,-1.7318190000
0.1157850000,-1.8014050000,-0.1997890000,5.1992991843,-1.5257030000,-0.8418120000
0.1195140000,-1.7831940000,-0.2254780000,5.1958978888,0.3176220000,-1.0509170000
0.1118890000,-1.7939140000,-0.1936380000,5.1924684997,-0.7071450000,-0.4902790000
0.1224420000,-1.7732410000,-0.2542910000,5.1890138639,-0.0948880000,-0.5678860000
0.0992910000,-1.7767210000,-0.2134250000,5.1855367839,-0.5400750000,-0.8101800000
0.1193270000,-1.7385260000,-0.2378200000,5.1820400144,-0.1151280000,0.7945950000
0.0801180000,-1.7177650000,-0.2262750000,5.1785262595,0.3624340000,0.5720770000
0.0913110000,-1.6955100000,-0.2121180000,5.1749981694,-0.4207030000,0.9991160000
0.0917550000,-1.6642940000,-0.2214210000,5.1714583383,-0.7967490000,1.6368440000
0.1018550000,-1.6451870000,-0.2224250000,5.1679093024,-0.8989250000,1.0369790000
0.1028720000,-1.6028500000,-0.2313430000,5.1643535373,-0.8866220000,1.8154350000
0.1106840000,-1.5719750000,-0.2508250000,5.1607934570,-0.1149800000,1.6601620000
0.1141470000,-1.5268880000,-0.2590540000,5.1572314121,-0.4507140000,1.9419920000
0.1151910000,-1.4937320000,-0.2871450000,5.1536696889,-0.1629330000,1.5721880000
0.1039550000,-1.4592860000,-0.2704010000,5.1501105084,-0.6233180000,0.7478390000
0.1028720000,-1.4125370000,-0.2744320000,5.1465560253,-1.7694270000,0.9718590000
0.0849140000,-1.3672790000,-0.3072660000,5.1430083279,-0.6242700000,0.0096560000
0.0700220000,-1.3299440000,-0.2692030000,5.1394694378,-1.3409680000,-0.1476750000
0.0262860000,-1.2690160000,-0.2782820000,5.1359413090,-1.6423150000,-0.7940740000
0.0042480000,-1.2467940000,-0.2647820000,5.1324258289,-0.4746990000,-1.7836060000
-0.0230680000,-1.1977010000,-0.2215550000,5.1289248176,-1.4886150000,-1.7606720000
-0.0381640000,-1.1681430000,-0.2439480000,5.1254400283,1.2980270000,-2.8727340000
-0.0897250000,-1.1453600000,-0.1586540000,5.1219731477,-0.7851100000,-3.4748630000
-0.1220270000,-1.1053500000,-0.1657340000,5.1185257963,-0.0581610000,-4.2670670000
-0.1785450000,-1.0841320000,-0.1140880000,5.1150995287,0.2566570000,-5.1174770000
-0.1897770000,-1.0396910000,-0.0967410000,5.1116958341,0.8312480000,-5.0259040000
-0.2426830000,-1.0196620000,-0.0750830000,5.1083161368,1.8491620000,-6.3987760000
-0.2826270000,-0.9900380000,-0.0147910000,5.1049617967,0.1635710000,-7.2828290000
-0.3075510000,-0.9733330000,-0.0459050000,5.1016341096,3.1991690000,-7.6554530000
-0.3436770000,-0.9349750000,-0.0039790000,5.0983343081,2.0314710000,-8.5204520000
-0.3709480000,-0.9312330000,-0.0200860000,5.0950635617,2.2641040000,-8.9706130000
-0.3971880000,-0.9127530000,-0.0205260000,5.0918229774,2.5563630000,-9.8702880000
-0.3996860000,-0.9075660000,-0.0049640000,5.0886136000,2.7297740000,-9.4036690000
-0.4214610000,-0.8969480000,-0.0244120000,5.0854364128,3.0891980000,-9.7515720000
-0.4279250000,-0.8933530000,-0.0148040000,5.0822923377,3.2716750000,-10.0048980000
-0.4381490000,-0.8806050000,-0.0149320000,5.0791822354,2.4638900000,-9.0660250000
-0.4203160000,-0.9144370000,-0.0325390000,5.0761069062,3.6639230000,-9.8392170000
-0.4068550000,-0.9262440000,-0.0036370000,5.0730670895,2.9258110000,-8.6149550000
-0.3818160000,-0.9414050000,-0.0370720000,5.0700634647,3.3063440000,-8.1964830000
-0.3835920000,-0.9614440000,-0.0158810000,5.0670966509,2.9030280000,-6.9485020000
-0.3544180000,-0.9686720000,-0.0415820000,5.0641672074,3.5273700000,-4.9228070000
-0.3584750000,-0.9871160000,-0.0416320000,5.0612756333,1.7419600000,-4.1038380000
-0.3049840000,-0.9938680000,-0.0612480000,5.0584223686,1.5447320000,-2.1539630000
-0.2783310000,-1.0181880000,-0.1101390000,5.0556077933,1.9986410000,-1.9968380000
-0.2317990000,-1.0453700000,-0.1117710000,5.0528322284,1.2028100000,-0.2255370000
-0.2082770000,-1.0585060000,-0.1595170000,5.0500959358,0.1530800000,1.2411560000
-0.1579930000,-1.0676090000,-0.1831640000,5.0473991186,0.7432160000,3.2727630000
-0.1206590000,-1.0782600000,-0.2306940000,5.0447419217,-0.0284190000,4.8412910000
-0.0532900000,-1.1141860000,-0.2849820000,5.0421244318,0.2773890000,5.4143050000
0.0108850000,-1.1544160000,-0.2900240000,5.0395466784,-1.7924440000,6.6421290000
0.0685540000,-1.1697320000,-0.3484740000,5.0370086342,-0.8081690000,7.7511850000
0.0991170000,-1.1875360000,-0.3375960000,5.0345102159,-1.1622220000,9.4469100000
0.1243920000,-1.1824740000,-0.3787970000,5.0320512849,-1.5389510000,10.9643070000
0.1341870000,-1.2080080000,-0.3734530000,5.0296316487,-1.7869650000,11.9389690000
0.1782960000,-1.2311820000,-0.3662250000,5.0272510613,-2.3135180000,13.0527970000
0.1900440000,-1.2546780000,-0.3830580000,5.0249092250,-1.6448920000,13.3086500000
0.2132840000,-1.2610430000,-0.3441640000,5.0226057914,-2.5255830000,14.5901280000
0.1991260000,-1.2622410000,-0.3444400000,5.0203403633,-1.8457700000,15.4882690000
0.2091640000,-1.2610590000,-0.3296850000,5.0181124955,-1.2953610000,15.9740600000
0.1995400000,-1.2669810000,-0.2731910000,5.0159216975,-1.9409900000,17.3847280000
0.2139890000,-1.2567000000,-0.2843020000,5.0137674345,-2.0214660000,17.8744050000
0.1915900000,-1.2845390000,-0.2111860000,5.0116491299,-1.4109190000,16.8395440000
0.2156400000,-1.2549970000,-0.2222150000,5.0095661673,-2.4244510000,17.4377820000
0.2021860000,-1.2665930000,-0.1861610000,5.0075178928,-1.9508080000,16.8552210000
0.2134670000,-1.2604130000,-0.1684680000,5.0055036169,-2.6330930000,17.0143770000
0.1914980000,-1.2548820000,-0.1545480000,5.0035226175,-2.0391650000,16.8044090000
0.1714490000,-1.2403900000,-0.1332410000,5.0015741422,-2.1099610000,15.7249450000
0.1515410000,-1.2180720000,-0.1183720000,4.9996574106,-2.5080350000,15.5362300000
0.1377610000,-1.2019460000,-0.1278910000,4.9977716174,-1.5315130000,13.9545440000
0.0893090000,-1.1804880000,-0.0667190000,4.9959159350,-3.7820120000,13.1409050000
0.0710750000,-1.1468400000,-0.1301690000,4.9940895158,-0.2511620000,12.6956770000
0.0042250000,-1.1222910000,-0.0551550000,4.9922914954,-1.8523020000,11.5421280000
-0.0234430000,-1.0965100000,-0.0523590000,4.9905209951,-0.7949860000,11.0380390000
-0.0708640000,-1.1013520000,-0.0237330000,4.9887771246,-0.6864790000,9.0719260000
-0.0855690000,-1.0898670000,-0.0069530000,4.9870589844,-0.1938830000,8.4229610000
-0.1378220000,-1.0715110000,0.0128040000,4.9853656689,0.2831110000,7.3820430000
-0.1604060000,-1.0485470000,0.0361490000,4.9836962682,2.3141320000,6.7225930000
-0.2024800000,-1.0183780000,0.0320820000,4.9820498712,1.8334910000,5.9656490000
-0.2137420000,-1.0248120000,0.0436260000,4.9804255671,2.5144000000,4.3772300000
-0.2311030000,-1.0233090000,0.0342580000,4.9788224483,1.8884030000,3.3262750000
-0.2406090000,-1.0226650000,0.0067320000,4.9772396122,2.7557880000,1.2595660000
-0.2786190000,-1.0126670000,0.0128990000,4.9756761629,2.6747470000,1.0340910000
-0.2875710000,-0.9949250000,-0.0199410000,4.9741312132,3.6699200000,0.3009670000
-0.3317790000,-0.9981000000,-0.0027550000,4.9726038859,2.9976570000,-0.7740320000
-0.3314570000,-0.9909040000,-0.0466770000,4.9710933158,2.0919500000,-0.7621730000
-0.3566000000,-1.0049430000,-0.0511510000,4.9695986503,2.1240860000,-2.2051400000
-0.3695990000,-1.0090990000,-0.0436670000,4.9681190508,1.6383370000,-2.1128770000
-0.3948050000,-1.0104180000,-0.0549350000,4.9666536936,1.7122410000,-2.9468110000
-0.3991010000,-1.0374330000,-0.0197350000,4.9652017703,0.7506350000,-3.3729470000
-0.3934590000,-1.0536970000,-0.0365830000,4.9637624888,1.5572350000,-3.0990860000
-0.3990650000,-1.0958800000,-0.0403650000,4.9623350730,2.5163600000,-3.8771390000
-0.3966460000,-1.0994780000,0.0016340000,4.9609187636,1.1869130000,-3.5318780000
-0.3778340000,-1.1473420000,-0.0324570000,4.9595128175,1.9652020000,-4.0569270000
-0.3791180000,-1.1860130000,0.0259570000,4.9581165080,1.1780480000,-4.9088570000
-0.3611470000,-1.2106470000,-0.0056530000,4.9567291243,1.5943260000,-4.4917700000
-0.3652630000,-1.2199920000,-0.0117680000,4.9553499711,1.4370550000,-5.1754920000
-0.3775780000,-1.2548290000,-0.0105310000,4.9539783683,0.6682260000,-4.5148980000
-0.3826330000,-1.2624380000,-0.0556440000,4.9526136497,2.0324990000,-4.7063820000
-0.3962330000,-1.3241640000,-0.0297390000,4.9512551632,0.1745640000,-5.1432640000
-0.3615960000,-1.3375890000,-0.1002560000,4.9499022692,-0.0155980000,-4.9403920000
-0.3578800000,-1.3939980000,-0.0854000000,4.9485543400,0.5208050000,-6.1335130000
-0.3233300000,-1.4101470000,-0.0929920000,4.9472107595,0.1558830000,-5.3489560000
-0.3109020000,-1.4484600000,-0.1277140000,4.9458709213,1.1596590000,-5.1484180000
-0.2899080000,-1.4750810000,-0.1215160000,4.9445342290,-0.5710160000,-4.6888660000
-0.2675310000,-1.5115090000,-0.1282590000,4.9432000945,0.7807120000,-4.4038380000
-0.2204970000,-1.5434610000,-0.1662530000,4.9418679376,1.2782310000,-4.1851610000
-0.1950680000,-1.5789730000,-0.1407450000,4.9405371856,1.2088900000,-3.6809670000
-0.1667210000,-1.5876390000,-0.1857830000,4.9392072722,0.5939310000,-3.5846400000
-0.1445350000,-1.6039030000,-0.1862390000,4.9378776374,1.8725590000,-2.8743200000
-0.1101150000,-1.5823800000,-0.2150000000,4.9365477271,-0.3854890000,-1.1374880000
-0.0946290000,-1.6050750000,-0.2596610000,4.9352169928,1.5239410000,-1.0286060000
-0.0422810000,-1.5878650000,-0.2687170000,4.9338848918,-0.2147500000,0.2132500000
-0.0096300000,-1.5869920000,-0.3307590000,4.9325508875,0.6772890000,0.6953850000
0.0535440000,-1.5687550000,-0.3405300000,4.9312144491,0.6178080000,1.0939300000
0.0956940000,-1.5805000000,-0.3615250000,4.9298750530,-1.5240620000,1.9487700000
0.1580860000,-1.5538400000,-0.3985150000,4.9285321830,-0.8241700000,2.0036180000
0.2083340000,-1.5581070000,-0.4007240000,4.9271853316,-2.9600990000,3.2012230000
0.2557420000,-1.5355270000,-0.4506330000,4.9258340007,-1.3265280000,3.1375380000
0.2964080000,-1.5287550000,-0.4250630000,4.9244777033,-2.1624370000,4.4304160000
0.3309560000,-1.4751830000,-0.4469010000,4.9231159652,-1.7504120000,5.1263720000
0.3473450000,-1.4702750000,-0.4442560000,4.9217483263,-2.3713740000,4.8025170000
0.3590040000,-1.4267010000,-0.4158130000,4.9203743424,-3.2233510000,5.8423020000
0.3700300000,-1.3867570000,-0.4271440000,4.9189935878,-2.8325340000,6.2071280000
0.3731610000,-1.3576380000,-0.3766540000,4.9176056570,-1.8392550000,5.5514470000
0.3778680000,-1.3176490000,-0.3870430000,4.9162101671,-2.4690790000,6.5309890000
0.3764800000,-1.2791820000,-0.3513230000,4.9148067600,-1.9429800000,6.3215660000
0.3762270000,-1.2393750000,-0.3240990000,4.9133951054,-1.9059700000,6.9342950000
0.3821650000,-1.1854090000,-0.3047090000,4.9119749026,-1.4285330000,6.3341060000
0.3831860000,-1.1755120000,-0.2692290000,4.9105458835,-0.6327720000,5.6796990000
0.4068460000,-1.1145570000,-0.2422640000,4.9091078151,-1.8768620000,5.4180890000
0.3958860000,-1.1104970000,-0.2307590000,4.9076605018,-0.5770330000,4.1224670000
0.3769850000,-1.0494930000,-0.1849720000,4.9062037882,-1.2898300000,4.5642460000
0.3445510000,-1.0045330000,-0.1802520000,4.9047375610,-0.0072370000,3.8022520000
0.2991450000,-0.9500220000,-0.1167540000,4.9032617516,-0.6633050000,2.8067130000
0.2715340000,-0.9352150000,-0.1072970000,4.9017763380,-0.1305750000,2.0985360000
0.2271750000,-0.8940070000,-0.0542330000,4.9002813469,-0.6159260000,0.3567050000
0.1739500000,-0.8686340000,-0.0155860000,4.8987768552,-0.9136370000,-0.0675390000
0.1033280000,-0.8246320000,0.0010930000,4.8972629914,1.1317880000,-0.9994710000
0.0294830000,-0.7887130000,0.0681860000,4.8957399369,-0.2199300000,-0.8345270000
-0.0168120000,-0.7546640000,0.0904730000,4.8942079271,1.5782590000,-1.8682900000
-0.0645680000,-0.7616520000,0.1297020000,4.8926672514,0.8307750000,-3.2743890000
-0.0870960000,-0.7500090000,0.1857760000,4.8911182541,0.3082540000,-3.5953300000
-0.1311920000,-0.7579990000,0.1861690000,4.8895613338,1.4681790000,-5.1924970000
-0.1755380000,-0.7645140000,0.2202510000,4.8879969435,0.6452390000,-5.8069510000
-0.1892120000,-0.7664740000,0.1841930000,4.8864255894,2.1825330000,-6.2453700000
-0.2409470000,-0.7847240000,0.2003360000,4.8848478299,1.4234490000,-7.1683400000
-0.2636610000,-0.7697890000,0.1687660000,4.8832642744,2.6901190000,-6.8934530000
-0.3195060000,-0.7933280000,0.1479420000,4.8816755809,2.5443160000,-8.4120970000
-0.3507180000,-0.8099600000,0.1134470000,4.8800824543,2.5675530000,-8.7272670000
-0.3947060000,-0.8400500000,0.0896300000,4.8784856436,2.0686810000,-9.1771720000
-0.4072810000,-0.8669500000,0.0472700000,4.8768859392,2.5584870000,-8.9276280000
-0.4361180000,-0.9109380000,0.0293900000,4.8752841695,2.0274270000,-8.6730680000
-0.4555760000,-0.9539900000,-0.0159300000,4.8736811973,3.4764600000,-8.9940770000
-0.4552570000,-0.9988540000,-0.0076260000,4.8720779164,2.8051220000,-7.5365550000
-0.4319230000,-1.0483370000,-0.0540100000,4.8704752471,3.4409600000,-7.3246370000
-0.4280390000,-1.1301520000,-0.0353030000,4.8688741320,3.6749460000,-7.1639930000
-0.3991080000,-1.1692460000,-0.0887970000,4.8672755317,2.7748680000,-6.1845380000
-0.4016620000,-1.2320720000,-0.1262660000,4.8656804198,3.8073330000,-5.8905890000
-0.3828070000,-1.2638160000,-0.1464430000,4.8640897781,2.3181960000,-4.2563790000
-0.3808510000,-1.3174150000,-0.1962020000,4.8625045919,2.6305720000,-3.1508600000
-0.3468710000,-1.3484870000,-0.2455040000,4.8609258449,1.9198520000,-2.5752170000
-0.3425610000,-1.3890120000,-0.2679690000,4.8593545140,0.8778520000,-1.3385610000
-0.3004610000,-1.4014200000,-0.3467640000,4.8577915644,0.8142620000,-0.8596750000
-0.2792990000,-1.4452790000,-0.3548160000,4.8562379449,0.2900170000,0.7633680000
-0.2380390000,-1.4835560000,-0.4397160000,4.8546945825,1.3482520000,1.0782760000
-0.1952680000,-1.5283580000,-0.4186360000,4.8531623781,-1.0902020000,2.3540400000
-0.1378620000,-1.5644120000,-0.4849740000,4.8516422016,-0.9149230000,2.5613180000
-0.0881530000,-1.6129430000,-0.4662310000,4.8501348876,-0.8280170000,3.1772040000
-0.0447460000,-1.6334950000,-0.4698090000,4.8486412311,-3.1482420000,3.8704500000
-0.0200620000,-1.6678650000,-0.4831950000,4.8471619834,-0.4379000000,4.2287480000
0.0004080000,-1.6815270000,-0.4511030000,4.8456978486,-1.5319170000,4.8270720000
0.0046030000,-1.6807260000,-0.4485460000,4.8442494801,-1.4183380000,5.4419120000
0.0108360000,-1.6908360000,-0.4325310000,4.8428174773,-1.2174290000,5.5620400000
0.0074060000,-1.6760060000,-0.3950750000,4.8414023830,-1.4083520000,5.7905400000
0.0061550000,-1.6635290000,-0.4116710000,4.8400046808,-0.7834940000,6.1383010000
-0.1812200000,-1.6756840000,-0.1888290000,4.8386247933,-31.2998740000,4.7558090000
-0.0260950000,-1.6051110000,-0.3709520000,4.8372630802,-1.6351790000,6.5230580000
-0.0348690000,-1.6004110000,-0.3411740000,4.8359198371,-1.6590220000,5.8071570000
0.0077110000,-1.5926480000,-0.3162540000,4.8345952950,-1.5028370000,5.1979110000
0.0214190000,-1.5828860000,-0.3233900000,4.8332896190,-1.1699920000,4.6292420000
0.0482590000,-1.5382650000,-0.2963190000,4.8320029091,-1.4624900000,4.4729980000
0.0655180000,-1.5034380000,-0.2912020000,4.8307352002,-0.7958690000,5.3235860000
0.0944490000,-1.4842820000,-0.2853200000,4.8294864630,0.0576890000,4.2677370000
0.0916760000,-1.4645110000,-0.2416900000,4.8282566047,-0.9080890000,3.8492390000
0.1207420000,-1.4300290000,-0.2727480000,4.8270454711,-0.4245500000,3.4264770000
0.0952370000,-1.3883980000,-0.2142060000,4.8258528481,-0.8690090000,3.0395260000
0.1036670000,-1.3038690000,-0.2292990000,4.8246784640,-0.2619940000,4.0770250000
0.0664990000,-1.2804350000,-0.1977380000,4.8235219920,-0.3658900000,2.7941810000
0.0529660000,-1.2289500000,-0.1559690000,4.8223830530,-1.6611140000,3.2099210000
0.0559660000,-1.1841020000,-0.1789620000,4.8212612187,-1.0332620000,3.3673980000
0.0306420000,-1.1225470000,-0.1451730000,4.8201560150,-1.8229350000,3.6762060000
0.0161440000,-1.0682450000,-0.1463350000,4.8190669253,-0.7200650000,4.3346650000
0.0230990000,-1.0091380000,-0.1438990000,4.8179933949,-0.5229120000,3.5319410000
0.0295100000,-1.0023640000,-0.1066370000,4.8169348344,-4.2299010000,3.4764020000
0.0789270000,-0.9623280000,-0.1517180000,4.8158906239,-1.2428980000,2.7594160000
0.0813590000,-0.9220000000,-0.1359430000,4.8148601175,-1.3673780000,2.9923270000
0.0937990000,-0.8501010000,-0.1577640000,4.8138426476,-1.3864820000,3.3180360000
0.0476120000,-0.8393540000,-0.1732340000,4.8128375291,-0.7701090000,1.9701250000
0.0775190000,-0.7506690000,-0.1859310000,4.8118440640,-1.0520110000,2.8211880000
0.0677800000,-0.7248660000,-0.1965100000,4.8108615461,-1.3237780000,1.9127860000
0.0379090000,-0.6752750000,-0.1944520000,4.8098892649,-1.2001350000,1.2812230000
-0.0134150000,-0.6324980000,-0.2135000000,4.8089265106,-0.3477840000,1.0039480000
-0.0641220000,-0.5876140000,-0.2086720000,4.8079725778,-1.6882070000,0.2406350000
-0.0945670000,-0.5757350000,-0.1730380000,4.8070267702,-0.4058080000,0.9023830000
-0.1195790000,-0.5588040000,-0.1978260000,4.8060884043,0.7744120000,0.2731520000
-0.1583740000,-0.5660680000,-0.1211620000,4.8051568131,0.2974480000,0.0215530000
-0.1617060000,-0.5441150000,-0.1204230000,4.8042313504,1.5261790000,-0.0469820000
-0.1886540000,-0.5740580000,-0.0441000000,4.8033113932,2.2744410000,-0.8375540000
-0.1662580000,-0.5748680000,-0.0332060000,4.8023963459,2.5128180000,-0.5043400000
-0.1978520000,-0.6020960000,0.0155680000,4.8014856426,3.0733210000,-0.8795300000
-0.2141260000,-0.5924030000,0.0601210000,4.8005787499,2.1797650000,-0.3496360000
-0.2592070000,-0.5963880000,0.0467090000,4.7996751692,4.7687190000,-0.3614640000
-0.2708830000,-0.5963190000,0.0640400000,4.7987744389,2.7872760000,0.2315680000
-0.2949830000,-0.6369820000,0.0669050000,4.7978761361,2.9510690000,-0.2621700000
-0.3105770000,-0.6586920000,0.0546420000,4.7969798782,2.4962020000,-0.9127750000
-0.3328880000,-0.6869010000,0.0849650000,4.7960853237,2.0033050000,-0.4983150000
-0.3341090000,-0.6964200000,0.0338350000,4.7951921733,2.1053920000,0.2986850000
-0.3522870000,-0.7478790000,0.0942150000,4.7943001704,1.5820140000,0.4840380000
-0.3191380000,-0.7885220000,0.0497650000,4.7934091015,1.7070680000,1.8946410000
-0.3201850000,-0.8669460000,0.0902270000,4.7925187955,1.0339810000,1.0716850000
-0.2781400000,-0.9088630000,0.0841940000,4.7916291240,0.4823220000,1.9921740000
-0.2769720000,-0.9834140000,0.0792440000,4.7907400002,0.9972940000,2.3050410000
-0.2597190000,-1.0424350000,0.0999460000,4.7898513780,1.3824650000,2.7226180000
-0.2657000000,-1.0956640000,0.1139260000,4.7889632512,-0.1590440000,4.7060360000
-0.2765610000,-1.1517900000,0.0765820000,4.7880756513,0.8552630000,4.8059470000
-0.2859850000,-1.1967790000,0.0830680000,4.7871886467,0.1864820000,5.8152940000
-0.2800370000,-1.2460550000,0.0338870000,4.7863023405,1.3587260000,6.3181120000
-0.2911650000,-1.3141200000,0.0344780000,4.7854168684,0.2312840000,6.3595470000
-0.2689920000,-1.3614620000,-0.0017210000,4.7845323968,-1.0154450000,7.2467660000
-0.2598470000,-1.4161450000,-0.0474350000,4.7836491209,1.0330890000,7.5546360000
-0.2467860000,-1.4639630000,-0.0770920000,4.7827672617,-0.8232810000,8.4392280000
-0.2162140000,-1.5016950000,-0.1473430000,4.7818870645,0.1630290000,8.9819710000
-0.1841240000,-1.5495000000,-0.1670010000,4.7810087961,0.0497000000,9.3108990000
-0.1594080000,-1.5847270000,-0.2040010000,4.7801327424,-0.7978060000,10.3618250000
-0.1294130000,-1.6314430000,-0.2670560000,4.7792592064,0.2287960000,10.1523010000
-0.1201730000,-1.6481970000,-0.2846170000,4.7783885060,-0.5373640000,9.9480160000
-0.0936440000,-1.6615100000,-0.3497770000,4.7775209712,-0.2668880000,10.6831220000
-0.0862980000,-1.6714820000,-0.3756620000,4.7766569426,-0.5382010000,10.3527250000
-0.0975300000,-1.6853840000,-0.3974870000,4.7757967692,-0.9881870000,11.0399730000
-0.0819980000,-1.6783200000,-0.4393090000,4.7749408063,-0.7634090000,10.2770320000
-0.0881300000,-1.6947480000,-0.4079420000,4.7740894139,-0.8674000000,10.1689250000
-0.0729910000,-1.6700480000,-0.4642030000,4.7732429549,-1.2193920000,11.0849200000
-0.0797360000,-1.6882660000,-0.4182750000,4.7724017937,-1.4770970000,9.6964280000
-0.0557420000,-1.6652750000,-0.4375070000,4.7715662947,-1.6863590000,9.4380680000
-0.0607800000,-1.6696840000,-0.3979080000,4.7707368212,-1.8986540000,8.7018360000
-0.0508480000,-1.6592060000,-0.3728790000,4.7699137340,-1.9981640000,7.8997590000
-0.0524300000,-1.6361900000,-0.3469350000,4.7690973908,-2.0108640000,7.8907480000
-0.0314350000,-1.6251310000,-0.3218600000,4.7682881453,-0.8072260000,6.3843250000
-0.0292430000,-1.6039530000,-0.2860190000,4.7674863464,-1.3348750000,5.6875980000
-0.0359880000,-1.5851770000,-0.2939260000,4.7666923377,-0.3439500000,4.6540920000
-0.0722720000,-1.5510270000,-0.2204290000,4.7659064574,-0.6277400000,3.4471540000
-0.0846040000,-1.5036310000,-0.1808140000,4.7651290374,-2.5948190000,3.2548090000
-0.1221030000,-1.4590720000,-0.1579780000,4.7643604038,-2.5813480000,1.3688500000
-0.1231500000,-1.4239830000,-0.0986970000,4.7636008759,-1.2614240000,0.8046140000
-0.1428970000,-1.3969650000,-0.0899160000,4.7628507672,-0.3559540000,-1.0303850000
-0.1537920000,-1.3572020000,-0.0450880000,4.7621103845,0.2907160000,-1.5580220000
-0.1867110000,-1.3245710000,-0.0047830000,4.7613800283,-0.3451220000,-2.2584860000
-0.1866520000,-1.2895010000,0.0028160000,4.7606599928,1.0355700000,-3.9030010000
-0.1963120000,-1.2546940000,0.0661570000,4.7599505660,0.5825710000,-4.4984530000
-0.1751960000,-1.2194410000,0.0328930000,4.7592520297,2.6543410000,-5.7834890000
-0.2099900000,-1.2050610000,0.1082050000,4.7585646593,0.4463630000,-7.4656940000
-0.1936470000,-1.1484290000,0.0857930000,4.7578887241,0.9311130000,-7.5939520000
-0.2251160000,-1.1368650000,0.1130560000,4.7572244870,1.1082790000,-9.0434390000
-0.2116480000,-1.1000230000,0.1076960000,4.7565722044,0.6068250000,-9.7732000000
-0.2294880000,-1.0848940000,0.0976060000,4.7559321258,1.4485790000,-10.5616560000
-0.2235930000,-1.0470770000,0.1019620000,4.7553044938,1.8400460000,-10.4730010000
-0.2537190000,-1.0241850000,0.0757880000,4.7546895434,0.9593290000,-10.8624570000
-0.2542510000,-1.0087440000,0.0624610000,4.7540875015,1.5475880000,-11.7475670000
-0.2539260000,-1.0077530000,0.0590770000,4.7534985865,0.9621840000,-11.4793190000
-0.2210060000,-1.0022980000,0.0011090000,4.7529230075,1.8954240000,-11.9412860000
-0.2302860000,-1.0099230000,0.0229770000,4.7523609632,1.5267930000,-12.0662480000
-0.1879490000,-0.9923910000,-0.0337640000,4.7518126414,2.1191060000,-11.5620290000
-0.1860350000,-1.0091780000,-0.0298350000,4.7512782178,2.0387910000,-11.6552830000
-0.1287630000,-0.9895680000,-0.0939180000,4.7507578549,1.5062120000,-10.2255860000
-0.1122490000,-1.0175410000,-0.1189300000,4.7502517012,1.9580110000,-10.8802190000
-0.0775370000,-0.9869260000,-0.1540130000,4.7497598896,1.4396510000,-9.3063050000
-0.0722460000,-0.9856920000,-0.1907530000,4.7492825362,0.8580460000,-8.9927700000
-0.0473130000,-0.9733170000,-0.2557520000,4.7488197393,1.1125270000,-8.5197040000
-0.0114290000,-0.9820020000,-0.2703030000,4.7483715781,0.1589100000,-7.0840270000
0.0462800000,-0.9930350000,-0.3564270000,4.7479381111,1.8067530000,-7.2673960000
0.0750760000,-1.0204460000,-0.3554360000,4.7475193752,-1.0262710000,-6.2285390000
0.1240440000,-1.0080520000,-0.4285850000,4.7471153841,-0.2626640000,-5.5825280000
0.1344590000,-1.0243660000,-0.4093340000,4.7467261276,-0.7065580000,-4.7021080000
0.1854680000,-1.0170850000,-0.4501050000,4.7463515699,-0.6779910000,-3.5224350000
0.2145140000,-1.0485380000,-0.4448730000,4.7459916486,-0.8541990000,-3.0444250000
0.2653430000,-1.0644410000,-0.4256700000,4.7456462738,-0.7092690000,-2.6470550000
0.2766410000,-1.0699360000,-0.4323930000,4.7453153274,-1.7395970000,-1.6034330000
0.2872140000,-1.0843030000,-0.4259950000,4.7449986615,-0.3314800000,-1.2095630000
0.2783640000,-1.0755030000,-0.4053620000,4.7446960983,-1.2984860000,0.8797430000
0.2843910000,-1.0873950000,-0.4157020000,4.7444074291,-0.5106490000,0.9323340000
0.2664460000,-1.0889050000,-0.3603660000,4.7441324139,-1.6715350000,1.4809410000
0.2884320000,-1.0782800000,-0.3665700000,4.7438707808,-0.8948250000,2.3695370000
0.2636230000,-1.0913770000,-0.3216010000,4.7436222261,-1.0106560000,2.0981050000
0.2859900000,-1.0784870000,-0.3027460000,4.7433864136,-2.5054130000,2.9608420000
0.2848730000,-1.0715740000,-0.2974190000,4.7431629751,-1.1234210000,3.3929290000
0.2981050000,-1.0750430000,-0.2741890000,4.7429515100,-1.4486710000,3.7606020000
0.2945140000,-1.0666210000,-0.2620900000,4.7427515862,-1.6470480000,4.5524970000
0.3091500000,-1.0785230000,-0.2649750000,4.7425627397,-0.5481370000,3.7244520000
0.3133420000,-1.0813420000,-0.2334110000,4.7423844756,-0.7892620000,3.7714010000
0.3310800000,-1.0654000000,-0.2663150000,4.7422162686,-0.9283060000,4.0585560000
0.3147010000,-1.0854130000,-0.2050970000,4.7420575635,-1.7468900000,3.7205400000
0.3037570000,-1.0440900000,-0.2418110000,4.7419077761,-0.8148290000,4.8293010000
0.2516780000,-1.0384180000,-0.1788870000,4.7417662941,-0.5942750000,4.5507520000
0.2363130000,-1.0115580000,-0.1776400000,4.7416324777,-0.6810500000,5.3857970000
0.1924990000,-1.0315670000,-0.1544130000,4.7415056610,-0.7275060000,5.0924880000
0.1692860000,-1.0174590000,-0.1172820000,4.7413851526,-0.8652670000,5.0256010000
0.1387720000,-1.0254330000,-0.1057840000,4.7412702367,-0.9702650000,5.2102580000
0.1122760000,-1.0125620000,-0.0753030000,4.7411601742,0.2793850000,4.5543270000
0.0789070000,-1.0191470000,-0.0603940000,4.7410542038,-1.2461150000,5.9230970000
0.0440570000,-1.0137770000,-0.0649240000,4.7409515427,1.7262970000,5.3318700000
0.0058920000,-1.0178890000,-0.0174860000,4.7408513881,0.1667250000,6.1166220000
-0.0075790000,-0.9969870000,-0.0465060000,4.7407529177,0.7044410000,6.1851260000
-0.0333260000,-1.0331790000,-0.0367180000,4.7406552910,1.3701520000,5.2071490000
-0.0179020000,-1.0196910000,-0.0491160000,4.7405576504,1.0539520000,5.0997380000
-0.0468920000,-1.0499720000,-0.0830460000,4.7404591214,2.0148460000,4.3732090000
-0.0919040000,-1.0411910000,-0.0647170000,4.7403588145,-0.5366460000,4.5625590000
-0.1266460000,-1.0481860000,-0.1146070000,4.7402558250,1.2656890000,4.6891820000
-0.1582330000,-1.0402530000,-0.0909540000,4.7401492344,0.6141580000,4.5053910000
-0.1794180000,-1.0496900000,-0.1203840000,4.7400381112,0.7804690000,4.2542090000
-0.2127150000,-1.0599770000,-0.1274280000,4.7399215108,0.8369960000,2.8423950000
-0.2315160000,-1.0907660000,-0.1044250000,4.7397984770,0.8110910000,2.7387880000
-0.2783700000,-1.0977610000,-0.1216150000,4.7396680419,1.3701130000,3.1389000000
-0.3223320000,-1.1201310000,-0.0827770000,4.7395292266,-0.2730000000,2.9037760000
-0.3730060000,-1.1378330000,-0.0608600000,4.7393810417,0.1844600000,3.4699500000
-0.3884040000,-1.1697550000,-0.1010410000,4.7392224874,1.3019960000,2.1003030000
-0.4040380000,-1.2109100000,-0.0602430000,4.7390525542,1.4932080000,1.9309650000
-0.4268670000,-1.2278570000,-0.0708420000,4.7388702228,1.7602440000,0.9914820000
-0.4737210000,-1.2725670000,-0.0232430000,4.7386744648,-1.1711180000,0.9386350000
-0.4865750000,-1.2661800000,-0.0714660000,4.7384642427,3.3263870000,1.7375860000
-0.5322370000,-1.2978780000,-0.0547190000,4.7382385102,1.6668220000,0.9539400000
-0.5527230000,-1.3184590000,-0.0651830000,4.7379962128,0.8525550000,1.5516980000
-0.5503990000,-1.3504040000,-0.0911930000,4.7377362877,2.1785090000,0.3622020000
-0.5691190000,-1.3822500000,-0.0780270000,4.7374576645,1.3760250000,0.0134490000
-0.5596750000,-1.4085950000,-0.1192880000,4.7371592655,1.4525680000,-0.5228260000
-0.5825960000,-1.4420890000,-0.1042900000,4.7368400064,1.5827790000,-0.2613630000
-0.5602230000,-1.4420100000,-0.1591690000,4.7364987963,1.2509700000,0.5324500000
-0.5718950000,-1.4672690000,-0.1466800000,4.7361345393,1.4639610000,0.3588090000
-0.5429510000,-1.4496060000,-0.1605350000,4.7357461342,1.3512550000,1.3479000000
-0.5476450000,-1.4807400000,-0.1789720000,4.7353324763,1.5971820000,0.9762160000
-0.5235750000,-1.4776120000,-0.1854250000,4.7348924577,1.5811380000,1.7342830000
-0.4983490000,-1.4825840000,-0.2051040000,4.7344249688,1.2422190000,2.1321020000
-0.4792060000,-1.4817670000,-0.2052420000,4.7339288994,0.8749570000,2.3787940000
-0.4467260000,-1.4838970000,-0.2301090000,4.7334031401,0.7945340000,3.7994640000
-0.4092340000,-1.4630540000,-0.2536080000,4.7328465838,1.2693720000,3.8086350000
-0.3726610000,-1.4533150000,-0.2612330000,4.7322581277,-0.5752270000,5.1250780000
-0.3319520000,-1.4123570000,-0.3002980000,4.7316366747,0.8837770000,5.4529350000
-0.2780680000,-1.4122250000,-0.3034160000,4.7309811356,0.4451520000,6.3557380000
-0.2373200000,-1.3903870000,-0.3251060000,4.7302904314,0.5285750000,6.0648260000
-0.1910010000,-1.3864680000,-0.3216530000,4.7295634952,0.4626570000,6.0657390000
-0.1494160000,-1.3470590000,-0.3244530000,4.7287992752,-0.7831340000,7.1762870000
-0.1206160000,-1.3385870000,-0.3429860000,4.7279967366,0.2484940000,7.3398610000
-0.0978980000,-1.2919700000,-0.3029100000,4.7271548649,-2.0291370000,8.3325170000
-0.0490950000,-1.2654840000,-0.3299090000,4.7262726682,0.0271200000,8.2140670000
-0.0145180000,-1.2512280000,-0.2597140000,4.7253491802,-0.9105480000,7.9455700000
0.0256170000,-1.2279490000,-0.2637970000,4.7243834634,0.0387130000,8.4003260000
0.0452620000,-1.1954400000,-0.2174420000,4.7233746115,0.1695380000,8.4454930000
0.0653540000,-1.1529590000,-0.1833740000,4.7223217531,-0.1524160000,9.2941540000
0.0786350000,-1.1010210000,-0.1757850000,4.7212240542,0.0038240000,9.2578400000
0.1102180000,-1.0816510000,-0.1136620000,4.7200807216,-0.3070420000,8.8242820000
0.1367530000,-1.0433650000,-0.1136580000,4.7188910057,-0.5435850000,8.8699710000
0.1583260000,-1.0246020000,-0.0937730000,4.7176542036,-0.6186180000,7.5492390000
0.1574160000,-0.9813260000,-0.0461810000,4.7163696622,-1.1353160000,7.5306500000
0.1797470000,-0.9445630000,-0.0455080000,4.7150367808,-0.7827960000,6.9586980000
0.1765630000,-0.9160980000,-0.0068020000,4.7136550139,-0.9620300000,6.1069300000
0.1975410000,-0.8719230000,-0.0189140000,4.7122238739,-1.2574660000,6.1545480000
0.1991200000,-0.8476880000,-0.0048550000,4.7107429338,-0.8053490000,4.8697030000
0.2014140000,-0.8209430000,0.0278870000,4.7092118291,-0.8931610000,3.8770730000
0.1938880000,-0.8029130000,0.0348060000,4.7076302600,0.3814850000,3.3869820000
0.1726070000,-0.7986880000,0.0512420000,4.7059979936,-0.0259380000,1.5454210000
0.1513010000,-0.7673970000,0.0743500000,4.7043148653,-0.9705250000,2.6811840000
0.1374690000,-0.7629550000,0.0716260000,4.7025807805,1.0443770000,0.9938950000
0.1034040000,-0.7618560000,0.1181540000,4.7007957154,0.2130110000,0.5907680000
0.0993170000,-0.7426600000,0.1112280000,4.6989597182,1.0715520000,0.0154080000
0.0750210000,-0.7631390000,0.1449490000,4.6970729095,0.6969930000,-0.8225130000
0.0847830000,-0.7663360000,0.1388070000,4.6951354829,1.0149560000,-1.1069490000
0.0644680000,-0.7929800000,0.1313130000,4.6931477048,2.4892470000,-2.0795990000
0.0642050000,-0.7939810000,0.1505620000,4.6911099143,-0.2402870000,-2.4078000000
0.0602990000,-0.8185140000,0.0853720000,4.6890225226,2.6197170000,-2.5865450000
0.0649890000,-0.8303210000,0.0860580000,4.6868860123,4.3456790000,-3.2057670000
0.0492070000,-0.8518470000,0.0435540000,4.6847009361,1.7146210000,-3.5817310000
0.0380110000,-0.8599220000,0.0293250000,4.6824679156,1.1839620000,-4.4132250000
0.0168230000,-0.8962290000,0.0126400000,4.6801876394,0.6261880000,-4.2335020000
-0.0114590000,-0.9158350000,-0.0359300000,4.6778608617,0.1446510000,-4.9797870000
-0.0264690000,-0.9583070000,-0.0247440000,4.6754883996,-2.2186260000,-4.9094700000
-0.0455830000,-0.9830270000,-0.0611060000,4.6730711312,-1.6914340000,-4.8846950000
-0.0590470000,-1.0423800000,-0.1091320000,4.6706099926,-0.8164570000,-5.4690310000
-0.0774520000,-1.0761790000,-0.1064200000,4.6681059753,-1.3580300000,-4.6466250000
-0.0940410000,-1.1263280000,-0.1416280000,4.6655601234,-0.4583660000,-5.4995730000
-0.1065180000,-1.1662160000,-0.1078710000,4.6629735304,-0.9067040000,-4.3500200000
-0.1233440000,-1.2064430000,-0.1516330000,4.6603473356,-0.0906380000,-4.6903890000
-0.1397030000,-1.2664160000,-0.1457600000,4.6576827215,0.1528310000,-4.9526520000
-0.1198380000,-1.2937750000,-0.1902080000,4.6549809097,4.2684890000,-4.2779340000
-0.1531880000,-1.3534240000,-0.1908250000,4.6522431578,1.0847210000,-4.4830330000
-0.1616040000,-1.3755870000,-0.1843650000,4.6494707560,-0.7778190000,-3.7818050000
-0.1608520000,-1.4178220000,-0.2417620000,4.6466650232,1.1346900000,-3.6577060000
-0.1743400000,-1.4408380000,-0.2315110000,4.6438273042,-0.0799630000,-3.8177180000
-0.1519990000,-1.4816650000,-0.2875910000,4.6409589657,0.5653710000,-3.5753810000
-0.1561450000,-1.5233420000,-0.2996870000,4.6380613932,0.4522350000,-3.8860540000
-0.1308010000,-1.5473310000,-0.3081530000,4.6351359879,-0.8245090000,-3.5604220000
-0.1384530000,-1.5715940000,-0.3435960000,4.6321841635,1.0684730000,-3.6090410000
-0.1325740000,-1.5894900000,-0.3269670000,4.6292073430,-0.5320570000,-2.5660000000
-0.1457590000,-1.6139900000,-0.3362630000,4.6262069563,-0.1506270000,-2.4606370000
-0.1403200000,-1.6338330000,-0.3278040000,4.6231844369,-0.1166610000,-2.6528560000
-0.1420830000,-1.6627310000,-0.3106670000,4.6201412199,-0.4972720000,-1.8153220000
-0.1618110000,-1.6470970000,-0.3019160000,4.6170787394,-0.4386580000,-1.3920480000
-0.1939520000,-1.6565700000,-0.2478110000,4.6139984264,-1.6276330000,-0.6850140000
-0.2056740000,-1.6352700000,-0.2528010000,4.6109017067,-1.1516690000,0.1349550000
-0.1932200000,-1.6207130000,-0.2219920000,4.6077899996,-0.7423490000,0.9437150000
-0.1999000000,-1.6243790000,-0.2032260000,4.6046647160,-0.8031230000,0.5204020000
-0.1788730000,-1.6169710000,-0.2211810000,4.6015272572,-0.8128690000,0.5354780000
-0.1906170000,-1.5952020000,-0.1685600000,4.5983790140,-1.9656810000,1.1556750000
-0.1605140000,-1.5526740000,-0.2267640000,4.5952213660,-0.1865770000,1.7662580000
-0.1770480000,-1.5435950000,-0.2053300000,4.5920556807,-1.2712220000,1.0462250000
-0.1150520000,-1.4778640000,-0.2614700000,4.5888833135,-1.6579890000,2.3545240000
-0.1069180000,-1.4729140000,-0.2513960000,4.5857056073,-1.0444190000,1.2563340000
-0.0705550000,-1.4114840000,-0.2902800000,4.5825238930,-0.7670430000,1.9264150000
-0.0818080000,-1.3780950000,-0.2999500000,4.5793394894,-0.5413360000,1.4387420000
-0.0592310000,-1.3201330000,-0.3037020000,4.5761537039,-0.9056600000,1.7366760000
-0.0485760000,-1.2880050000,-0.3101910000,4.5729678328,0.1875260000,2.0422410000
-0.0384930000,-1.2390930000,-0.3171920000,4.5697831625,-0.1765000000,1.8572910000
-0.0619590000,-1.1995690000,-0.2610360000,4.5666009701,-0.7887530000,2.1343350000
-0.0598740000,-1.1347410000,-0.2933390000,4.5634225241,0.0394490000,2.2052180000
-0.0858060000,-1.0936320000,-0.2219130000,4.5602490859,-1.3368650000,2.7366310000
-0.0827240000,-1.0289870000,-0.2172720000,4.5570819105,0.1865940000,2.8669820000
-0.0820110000,-1.0174960000,-0.1767240000,4.5539222475,0.8944450000,2.7303280000
-0.0698140000,-0.9547940000,-0.1563590000,4.5507713425,1.1452690000,2.8529390000
-0.0779050000,-0.9196790000,-0.1589030000,4.5476304378,1.7916040000,2.7707500000
-0.0864850000,-0.8616720000,-0.1161820000,4.5445007736,0.6488330000,2.8936930000
-0.0793690000,-0.8141020000,-0.1022940000,4.5413835886,-0.0906440000,3.4237370000
-0.0900470000,-0.7748350000,-0.1063680000,4.5382801215,0.4089590000,2.4256680000
-0.0560930000,-0.7438450000,-0.0919280000,4.5351916109,0.2562110000,2.9245360000
-0.0674640000,-0.7178650000,-0.1033350000,4.5321192967,0.5958380000,1.7656380000
-0.0495280000,-0.6748780000,-0.0949710000,4.5290644198,0.2590440000,1.9544400000
-0.0638100000,-0.6421750000,-0.0942200000,4.5260282231,-0.2706670000,1.7833290000
-0.0613160000,-0.6222900000,-0.0921250000,4.5230119507,0.6434170000,1.1508450000
-0.0794250000,-0.6090190000,-0.0468340000,4.5200168488,-0.2718090000,1.1101460000
-0.0705490000,-0.5944580000,-0.0803480000,4.5170441644,1.7975450000,0.4468700000
-0.0897450000,-0.6028150000,0.0042110000,4.5140951452,-0.1714550000,-0.2680490000
-0.0965000000,-0.5918390000,-0.0192880000,4.5111710384,0.6333830000,-0.4941400000
-0.1447220000,-0.6016730000,0.0388540000,4.5082730898,0.2785210000,-1.0147450000
-0.1673250000,-0.5890520000,0.0549870000,4.5054025423,0.8938010000,-0.6297360000
-0.2141820000,-0.6121170000,0.0859270000,4.5025606340,0.8400420000,-1.0305610000
-0.2357640000,-0.6208220000,0.0952560000,4.4997485967,0.7599800000,-1.7363750000
-0.2529800000,-0.6570900000,0.1356890000,4.4969676530,0.8408000000,-1.5684840000
-0.2677710000,-0.6842000000,0.0906900000,4.4942190145,1.9575900000,-2.5778470000
-0.3073080000,-0.7175360000,0.1420730000,4.4915038786,2.0833500000,-2.2962770000
-0.3245740000,-0.7235300000,0.1024340000,4.4888234258,1.8874870000,-1.8972440000
-0.3630110000,-0.7726420000,0.1097440000,4.4861788167,1.9552630000,-2.9961190000
-0.3381330000,-0.7972240000,0.0743960000,4.4835711880,1.0070880000,-2.3469670000
-0.3398800000,-0.8567640000,0.0302410000,4.4810016499,1.9968190000,-2.8468650000
-0.3157770000,-0.9143510000,0.0218150000,4.4784712819,1.7381330000,-3.0371370000
-0.3353990000,-0.9618880000,0.0032360000,4.4759811290,0.0918560000,-2.9699020000
-0.3071960000,-0.9935240000,-0.0648810000,4.4735321982,2.1268690000,-2.7597010000
-0.3297240000,-1.0473230000,-0.0559630000,4.4711254545,0.8632060000,-1.8983720000
-0.3098880000,-1.0815420000,-0.1456130000,4.4687618167,2.0604190000,-1.6046220000
-0.3145560000,-1.1264660000,-0.1196680000,4.4664421537,1.1961210000,-0.7884560000
-0.2939480000,-1.1577800000,-0.2004160000,4.4641672806,1.2005130000,0.0943960000
-0.3017740000,-1.2195590000,-0.2153220000,4.4619379548,1.0501930000,-0.4491590000
-0.2755140000,-1.2400450000,-0.2560930000,4.4597548723,0.6707110000,0.8959660000
-0.2584460000,-1.2854640000,-0.2762180000,4.4576186641,1.3591460000,1.8789950000
-0.2474560000,-1.3236820000,-0.2988070000,4.4555298929,0.3970240000,2.6659600000
-0.2383370000,-1.3436950000,-0.3225990000,4.4534890496,-1.8286200000,4.4257160000
-0.2002840000,-1.3619060000,-0.3748750000,4.4514965505,-0.0137300000,4.2554270000
-0.1593220000,-1.4014230000,-0.3898590000,4.4495527349,-0.7078840000,4.5194060000
-0.0920000000,-1.4399950000,-0.4426960000,4.4476578619,-0.0874670000,4.6642250000
-0.0736150000,-1.4622300000,-0.4497600000,4.4458121091,-0.7512480000,5.2821980000
-0.0336670000,-1.4624830000,-0.4792990000,4.4440155704,-0.2039440000,6.6797720000
-0.0390770000,-1.4639270000,-0.4872880000,4.4422682544,-0.7108410000,6.9747620000
0.0098280000,-1.4602210000,-0.4883090000,4.4405700840,-1.5411630000,7.8473300000
0.0433750000,-1.4842550000,-0.5100910000,4.4389208949,0.2768410000,7.7661040000
0.0769050000,-1.4864350000,-0.4812850000,4.4373204358,-0.8860840000,7.4478160000
0.0718990000,-1.4739190000,-0.4735580000,4.4357683685,-0.9209370000,7.8926520000
0.0880320000,-1.4353210000,-0.4539520000,4.4342642680,-0.7933940000,8.8475140000
0.0820850000,-1.4151340000,-0.4038390000,4.4328076235,-1.0844610000,9.5437840000
0.1171740000,-1.3947630000,-0.4040460000,4.4313978398,-0.5137170000,9.3737680000
0.1353620000,-1.3985280000,-0.3355180000,4.4300342387,-1.0664210000,8.9917510000
0.1733590000,-1.3583640000,-0.3469740000,4.4287160608,-0.0166450000,10.0971320000
0.1585920000,-1.3484740000,-0.2783910000,4.4274424684,-1.1281640000,9.0333850000
0.1960670000,-1.2968250000,-0.2628550000,4.4262125473,-1.2226320000,9.5706290000
0.1872410000,-1.2902140000,-0.2229670000,4.4250253103,-1.1797730000,8.8241130000
0.2173410000,-1.2485560000,-0.1969570000,4.4238797006,-1.6152120000,8.7623010000
0.1974430000,-1.2156270000,-0.1571770000,4.4227745947,-2.7413210000,8.1424810000
0.1964740000,-1.1621200000,-0.1200200000,4.4217088066,-1.8631210000,7.5898320000
0.1762840000,-1.1203280000,-0.0881700000,4.4206810918,-3.3597460000,7.8244630000
0.1769960000,-1.0992550000,-0.0732320000,4.4196901513,-1.2806760000,6.1285250000
0.1528640000,-1.0753720000,-0.0059680000,4.4187346361,-3.5172930000,5.7269080000
0.1292700000,-1.0299490000,-0.0346930000,4.4178131517,-1.7348700000,4.8352130000
0.0745120000,-0.9938390000,0.0410270000,4.4169242625,-2.3536060000,4.3135230000
0.0547320000,-0.9301070000,0.0365430000,4.4160664967,-0.8773170000,4.4805520000
0.0257840000,-0.9193210000,0.0943300000,4.4152383510,-1.1938060000,3.3809180000
0.0279040000,-0.8878360000,0.0858610000,4.4144382954,-0.3359610000,2.4816600000
0.0094240000,-0.8810280000,0.1152950000,4.4136647778,1.5800900000,0.5918480000
-0.0129000000,-0.8522670000,0.1203730000,4.4129162288,0.6601250000,0.1756240000
-0.0547540000,-0.8191970000,0.1280240000,4.4121910668,0.3112380000,0.2122380000
-0.0857660000,-0.7984220000,0.0837710000,4.4114877019,1.3348360000,-1.0836600000
-0.1300370000,-0.7944410000,0.1004030000,4.4108045412,0.7597400000,-1.6993410000
-0.1510800000,-0.7496650000,0.0589060000,4.4101399928,1.5172410000,-2.8595400000
-0.1937090000,-0.7505280000,0.0543730000,4.4094924702,1.3271060000,-4.5762470000
-0.2200310000,-0.7174080000,0.0442300000,4.4088603965,-0.9244660000,-4.6414000000
-0.2465170000,-0.7206380000,-0.0283580000,4.4082422084,2.0785610000,-4.6355940000
-0.2914640000,-0.7045340000,-0.0017070000,4.4076363601,0.2631270000,-4.9987680000
-0.3065860000,-0.7083950000,-0.0531430000,4.4070413269,1.3548360000,-4.7058860000
-0.3351300000,-0.7116110000,-0.0515510000,4.4064556083,1.3824220000,-5.8203200000
-0.3419310000,-0.7124450000,-0.0483210000,4.4058777321,1.2314330000,-5.8458680000
-0.3594140000,-0.7372800000,-0.0695720000,4.4053062563,3.0002470000,-6.3882580000
-0.3737090000,-0.7548210000,-0.0527300000,4.4047397730,0.3890670000,-6.2651600000
-0.3822720000,-0.7643270000,-0.0974890000,4.4041769101,2.9499660000,-5.6466100000
-0.3939350000,-0.7909380000,-0.0965670000,4.4036163343,1.9911300000,-5.5065260000
-0.3969680000,-0.8027940000,-0.1035450000,4.4030567529,1.3070900000,-4.7716460000
-0.3873600000,-0.8196730000,-0.1421760000,4.4024969161,2.0338090000,-4.7320140000
-0.3959930000,-0.8529530000,-0.1297520000,4.4019356185,1.4436890000,-4.4153660000
-0.3777460000,-0.8651740000,-0.1656160000,4.4013717006,1.6233500000,-4.2149010000
-0.3848880000,-0.9081210000,-0.1435580000,4.4008040505,0.7691670000,-4.1556190000
-0.3414360000,-0.9269530000,-0.1807380000,4.4002316048,0.9222860000,-2.7561960000
-0.3428700000,-0.9572920000,-0.1904670000,4.3996533499,1.4152330000,-3.6434950000
-0.3233000000,-0.9834070000,-0.1559890000,4.3990683223,-0.4064280000,-2.4007500000
-0.3095660000,-1.0192150000,-0.1858130000,4.3984756098,0.7111400000,-2.3713290000
-0.2864220000,-1.0548070000,-0.1477860000,4.3978743518,0.7213590000,-1.9958790000
-0.2814590000,-1.0829870000,-0.1402490000,4.3972637395,0.4415870000,-0.3974590000
-0.2636880000,-1.1219490000,-0.1239390000,4.3966430161,0.5239920000,-0.5527470000
-0.2676590000,-1.1422610000,-0.0737830000,4.3960114771,1.5376490000,0.6981380000
-0.2479060000,-1.1748100000,-0.0915770000,4.3953684699,0.7238340000,1.3387270000
-0.2536240000,-1.2034190000,-0.0255740000,4.3947133939,0.4768170000,1.4479210000
-0.2269110000,-1.2314250000,-0.0318860000,4.3940456998,0.2269450000,3.3618400000
-0.2213640000,-1.2515270000,-0.0439980000,4.3933648895,0.8277850000,3.4482310000
-0.1851490000,-1.2764050000,-0.0185500000,4.3926705156,0.7996650000,4.7322070000
-0.1511460000,-1.3065600000,-0.0195670000,4.3919621807,0.8970120000,4.6603320000
-0.1047910000,-1.3500850000,-0.0083310000,4.3912395368,1.1779950000,4.8326750000
-0.0640270000,-1.3513430000,-0.0277990000,4.3905022848,0.2799330000,6.0407580000
-0.0315600000,-1.3738930000,-0.0504810000,4.3897501735,0.8938080000,6.1977840000
-0.0118650000,-1.3687070000,-0.0416220000,4.3889829991,-1.4981440000,7.6652650000
0.0374930000,-1.3857890000,-0.0971510000,4.3882006043,0.4689950000,7.8784860000
0.0642250000,-1.3941620000,-0.0762810000,4.3874028776,-0.6779900000,7.6903740000
0.0962780000,-1.4040420000,-0.1114230000,4.3865897521,-0.4422290000,8.5056310000
0.1032990000,-1.3994300000,-0.1461250000,4.3857612052,-0.3791180000,8.3367200000
0.1110820000,-1.3847610000,-0.1233220000,4.3849172574,-0.7823030000,10.0153100000
0.1253860000,-1.3512640000,-0.1751970000,4.3840579714,-0.0041710000,10.5199680000
0.1288230000,-1.3718090000,-0.1530150000,4.3831834514,-1.2057830000,10.1642210000
0.1534280000,-1.3458180000,-0.1570230000,4.3822938421,-2.3928740000,10.4115500000
0.1568750000,-1.3547890000,-0.1841680000,4.3813893278,-2.1716640000,10.7892210000
0.1800550000,-1.3327410000,-0.1960900000,4.3804701316,0.7393960000,10.4298100000
0.1710290000,-1.3269970000,-0.1852940000,4.3795365146,-3.3809670000,10.6864680000
0.2098080000,-1.3099970000,-0.2508380000,4.3785887747,2.2166900000,9.8409670000
0.1907100000,-1.3033600000,-0.2097780000,4.3776272460,-3.6630590000,9.5173420000
0.2086720000,-1.2887430000,-0.2706380000,4.3766522977,-1.5884570000,8.6577460000
0.1846080000,-1.2645290000,-0.2289110000,4.3756643336,-2.1097340000,7.9662730000
0.1871190000,-1.2156300000,-0.2831500000,4.3746637905,-1.9200320000,7.4080320000
0.1507040000,-1.2144580000,-0.2679200000,4.3736511379,-1.7229510000,5.7855050000
0.1445620000,-1.1799530000,-0.2949310000,4.3726268766,-1.5361810000,4.7277380000
0.1010470000,-1.1670570000,-0.2662230000,4.3715915379,-0.6584570000,3.5451200000
0.0553060000,-1.1409840000,-0.2540840000,4.3705456827,-0.9901700000,2.2090640000
0.0109570000,-1.1271450000,-0.2226250000,4.3694898997,-0.7785250000,1.6747940000
-0.0222540000,-1.0970820000,-0.2122660000,4.3684248052,0.0975050000,-0.3484180000
-0.0625100000,-1.0983450000,-0.1532900000,4.3673510408,-0.1520620000,-1.1545030000
-0.0876670000,-1.0813190000,-0.1533920000,4.3662692729,0.9822210000,-2.6310080000
-0.1472170000,-1.0670670000,-0.0606630000,4.3651801910,1.0390490000,-3.5979200000
-0.1857330000,-1.0307600000,-0.0709340000,4.3640845060,1.2628620000,-4.6715250000
-0.2511420000,-1.0221960000,-0.0211530000,4.3629829491,1.6373850000,-5.8955060000
-0.2698650000,-0.9944230000,-0.0175290000,4.3618762694,2.0087670000,-6.5167800000
-0.3091820000,-0.9922240000,-0.0313150000,4.3607652332,3.3576880000,-7.6294000000
-0.3479940000,-0.9893060000,0.0098300000,4.3596506212,1.6397810000,-9.0899510000
-0.3716310000,-0.9666340000,-0.0031580000,4.3585332272,1.6580910000,-9.8478740000
-0.3853680000,-0.9413330000,-0.0249210000,4.3574138559,1.7564230000,-10.5173580000
-0.4126970000,-0.9474120000,-0.0098610000,4.3562933209,1.2518140000,-11.5660640000
-0.3981000000,-0.9159920000,-0.0573640000,4.3551724425,1.5349900000,-12.2591520000
-0.4208840000,-0.9243590000,-0.0744820000,4.3540520457,1.5739160000,-12.4393870000
-0.4079210000,-0.9121490000,-0.0756870000,4.3529329577,1.1784640000,-12.3232970000
-0.4023840000,-0.9359430000,-0.1047040000,4.3518160056,2.1543920000,-13.5469900000
-0.4042710000,-0.9378340000,-0.0764750000,4.3507020142,2.0287110000,-13.3919570000
-0.3938590000,-0.9420680000,-0.1025110000,4.3495918034,1.1867060000,-12.2685820000
-0.4134560000,-0.9455310000,-0.1038010000,4.3484861858,2.4259220000,-12.8041280000
-0.4113380000,-0.9434930000,-0.1094800000,4.3473859642,1.1489580000,-11.3358240000
-0.3996500000,-0.9418420000,-0.1284850000,4.3462919293,2.3724350000,-11.0647870000
-0.3716470000,-0.9680160000,-0.1229210000,4.3452048569,2.0037840000,-10.1458080000
-0.3421310000,-0.9648710000,-0.1529160000,4.3441255057,2.3323270000,-9.3187410000
-0.3150180000,-0.9894570000,-0.1855960000,4.3430546150,2.1824410000,-8.6157960000
-0.2759250000,-0.9898900000,-0.1861710000,4.3419929021,1.0623020000,-7.4667640000
-0.2263240000,-0.9993440000,-0.2362670000,4.3409410605,1.4857660000,-6.3323360000
-0.1752100000,-0.9970460000,-0.2517570000,4.3398997573,0.6806270000,-5.4495720000
-0.0981640000,-0.9969310000,-0.3139000000,4.3388696316,0.6503170000,-3.3772090000
-0.0522590000,-1.0113440000,-0.3329410000,4.3378512925,0.4898550000,-3.0880550000
0.0249960000,-1.0035880000,-0.3700990000,4.3368453172,-0.3704590000,-1.7467760000
0.0620290000,-1.0151620000,-0.4205730000,4.3358522499,-0.1325180000,-1.0100940000
0.1203180000,-1.0066900000,-0.4117630000,4.3348725998,-0.4822850000,0.5490420000
0.1463120000,-1.0029970000,-0.4258340000,4.3339068405,-1.5830570000,1.7506780000
0.1890690000,-1.0053470000,-0.4504660000,4.3329554082,-1.2974750000,2.8142650000
0.2103820000,-0.9938720000,-0.4270520000,4.3320187017,-1.8428750000,4.4506960000
0.2434950000,-0.9975940000,-0.4409630000,4.3310970809,-1.2153360000,4.4254640000
0.2526830000,-0.9989700000,-0.3800940000,4.3301908670,-2.3746990000,5.2163620000
0.2873120000,-0.9836210000,-0.4008880000,4.3293003416,-1.8254550000,6.7301510000
0.2764280000,-0.9824420000,-0.3494420000,4.3284257469,-2.6068920000,7.0120930000
0.3111030000,-0.9735770000,-0.3092550000,4.3275672858,-2.1053190000,8.4559760000
0.2977050000,-0.9685770000,-0.3020470000,4.3267251221,-2.3463190000,8.3667620000
0.3319470000,-0.9682520000,-0.2598650000,4.3258993808,-0.4377130000,8.4790220000
0.3283070000,-0.9421700000,-0.2490160000,4.3250901490,-2.4224100000,9.7586900000
0.3341040000,-0.9373840000,-0.2439180000,4.3242974765,-1.4022280000,9.4315690000
0.3146190000,-0.9195280000,-0.2124140000,4.3235213768,-2.7863240000,9.9705870000
0.3128990000,-0.9011330000,-0.2205870000,4.3227618283,-1.9276180000,9.7120690000
0.3015940000,-0.8986550000,-0.1838560000,4.3220187753,-1.6054830000,9.1328920000
0.3038390000,-0.8812450000,-0.1726110000,4.3212921297,-1.9026030000,9.4329530000
0.2708610000,-0.8798100000,-0.1699750000,4.3205817721,-0.7610590000,7.9266700000
0.2420280000,-0.8652360000,-0.1278120000,4.3198875536,-1.5485490000,9.0945220000
0.2003700000,-0.8450490000,-0.1177970000,4.3192092972,-1.1044580000,8.5913590000
0.1740580000,-0.8577850000,-0.0684430000,4.3185467996,-1.0556840000,7.4690760000
0.1478050000,-0.8478850000,-0.0473920000,4.3178998326,-0.8060550000,7.7275080000
0.1036170000,-0.8573550000,-0.0056890000,4.3172681454,0.1604720000,6.9974080000
0.0601580000,-0.8351760000,0.0166020000,4.3166514653,0.1994150000,7.5398760000
0.0094080000,-0.8297500000,0.0300700000,4.3160495005,0.3934270000,7.2681090000
-0.0309790000,-0.8308000000,0.0648510000,4.3154619409,1.2020820000,6.9282510000
-0.0683860000,-0.8392230000,0.0648410000,4.3148884599,-0.0579910000,6.4131400000
-0.0970020000,-0.8565610000,0.0572060000,4.3143287165,0.7406990000,5.1155590000
-0.1460610000,-0.8607390000,0.0743500000,4.3137823562,0.3906460000,5.2054710000
-0.1845020000,-0.8359600000,0.0238270000,4.3132490126,0.3819640000,4.8092830000
-0.2456010000,-0.8481580000,0.0515530000,4.3127283092,0.3131810000,3.7697690000
-0.2538730000,-0.8390060000,-0.0089350000,4.3122198604,0.6754900000,4.2332040000
-0.2989050000,-0.8769640000,-0.0056820000,4.3117232727,0.3675770000,1.8233020000
-0.3076400000,-0.8782350000,-0.0290760000,4.3112381463,-0.0076320000,1.7783590000
-0.3616420000,-0.8939540000,-0.0582510000,4.3107640757,1.1787200000,1.1838360000
-0.3984780000,-0.9116400000,-0.0552440000,4.3103006512,0.6809550000,1.0193430000
-0.4461750000,-0.9186280000,-0.0822720000,4.3098474595,0.7716030000,0.6359730000
-0.4697390000,-0.9450850000,-0.0819760000,4.3094040850,1.6960130000,0.2837380000
-0.5185330000,-0.9731500000,-0.0717090000,4.3089701098,0.9084740000,-0.5035000000
-0.5365170000,-0.9953190000,-0.0996950000,4.3085451153,3.9671970000,-0.6629050000
-0.5941270000,-1.0310620000,-0.0706350000,4.3081286822,1.9069490000,-0.7548860000
-0.6044870000,-1.0481570000,-0.0992550000,4.3077203915,2.8474660000,-0.2275290000
-0.6453500000,-1.0974100000,-0.0728610000,4.3073198249,2.5512880000,-1.1732360000
-0.6374130000,-1.1055600000,-0.0887770000,4.3069265649,2.6583220000,-0.4492870000
-0.6487800000,-1.1568740000,-0.0990090000,4.3065401959,3.0381400000,-0.9679910000
-0.6401900000,-1.1763130000,-0.0959720000,4.3061603043,3.3317860000,-0.6708710000
-0.6267190000,-1.1918190000,-0.1193760000,4.3057864791,3.4515890000,-0.2466280000
-0.6061580000,-1.2359060000,-0.1249240000,4.3054183119,3.3817980000,-0.6236880000
-0.5970090000,-1.2514550000,-0.1152800000,4.3050553980,-1.6856600000,0.6734840000
-0.5450620000,-1.2620630000,-0.1769110000,4.3046973363,2.4432140000,0.3716700000
-0.5315770000,-1.2867900000,-0.1624580000,4.3043437302,0.6759000000,0.8820280000
-0.4812310000,-1.2913790000,-0.2145830000,4.3039941880,1.6787670000,1.8345300000
-0.4726020000,-1.3349210000,-0.1705660000,4.3036483232,0.9876140000,1.8231380000
-0.4214610000,-1.3280770000,-0.2097940000,4.3033057554,1.0275310000,3.0608050000
-0.4092770000,-1.3484280000,-0.1892360000,4.3029661109,0.5486170000,2.8559550000
-0.3672220000,-1.3355570000,-0.1832720000,4.3026290234,-0.3581690000,4.8450030000
-0.3594200000,-1.3491630000,-0.1781580000,4.3022941347,1.3918760000,4.6505770000
-0.3152280000,-1.3429260000,-0.1487510000,4.3019610955,-0.6160210000,5.4757870000
-0.2954220000,-1.3505120000,-0.1472670000,4.3016295664,-0.1896880000,6.1127410000
-0.2442420000,-1.3358400000,-0.1532280000,4.3012992188,-0.3877970000,6.7968880000
-0.2154190000,-1.3374840000,-0.1280850000,4.3009697359,-0.7374620000,7.5716100000
-0.1563810000,-1.3167820000,-0.1638010000,4.3006408139,0.2914090000,7.8332570000
-0.1191910000,-1.3275220000,-0.1237910000,4.3003121631,-0.2724520000,7.9636390000
-0.0533030000,-1.2999400000,-0.1622580000,4.2999835090,-0.3457490000,8.6072150000
-0.0194180000,-1.3037440000,-0.1720760000,4.2996545938,-0.0764840000,7.9570040000
0.0294150000,-1.2561620000,-0.1789030000,4.2993251778,0.0455970000,8.8420680000
0.0538030000,-1.2401170000,-0.1987920000,4.2989950405,-0.2642360000,8.7005780000
0.0856790000,-1.2041060000,-0.1786110000,4.2986639823,-0.2754320000,8.6390620000
0.1298700000,-1.1724330000,-0.2182470000,4.2983318257,-0.5410440000,9.0436590000
0.1461280000,-1.1423760000,-0.2081530000,4.2979984169,-0.3661000000,7.5390450000
0.1667710000,-1.1073390000,-0.1994870000,4.2976636272,-2.5151250000,8.5544220000
0.1905170000,-1.0672510000,-0.2105530000,4.2973273544,-0.6431640000,8.1997730000
0.2216080000,-1.0477960000,-0.1700050000,4.2969895241,-1.0666610000,8.3600650000
0.2385680000,-1.0200200000,-0.1813880000,4.2966500910,-1.0202700000,7.3580320000
0.2661080000,-1.0002230000,-0.1472700000,4.2963090402,-1.1523650000,6.9234470000
0.2736640000,-0.9581330000,-0.1250550000,4.2959663883,-1.5717790000,7.2770670000
0.2755740000,-0.9264140000,-0.1167370000,4.2956221842,0.5180280000,6.2168810000
0.2471220000,-0.8902320000,-0.0637190000,4.2952765104,-2.3700450000,5.4054020000
0.2513430000,-0.8477900000,-0.0984340000,4.2949294835,-1.1267790000,4.9766200000
0.2126660000,-0.8262440000,-0.0443200000,4.2945812548,-2.2374840000,3.7108510000
0.1952270000,-0.7875020000,-0.0685080000,4.2942320107,-2.0383020000,2.8084850000
0.1482520000,-0.7618530000,-0.0421110000,4.2938819732,-1.4119270000,1.0512430000
0.1298870000,-0.7384720000,-0.0376530000,4.2935313996,-1.6730360000,0.2235130000
0.0925950000,-0.7233500000,-0.0369840000,4.2931805829,-0.7526930000,-1.1226500000
0.0816020000,-0.7095990000,-0.0337310000,4.2928298505,-0.3842130000,-2.4893590000
0.0551850000,-0.7015440000,0.0047490000,4.2924795647,0.0568910000,-3.7480670000
0.0296470000,-0.6904070000,-0.0076060000,4.2921301207,1.4204420000,-5.1815680000
-0.0090490000,-0.6915890000,0.0422580000,4.2917819465,0.9231040000,-5.7609490000
-0.0306150000,-0.6975660000,0.0180660000,4.2914355008,2.2000080000,-7.5825940000
-0.0584800000,-0.7253190000,0.0499810000,4.2910912715,2.4834340000,-8.5622910000
-0.0844500000,-0.7119100000,0.0614200000,4.2907497740,2.5740750000,-8.9032390000
-0.1258880000,-0.7423250000,0.0638200000,4.2904115489,3.8662230000,-10.7345610000
-0.1458420000,-0.7580810000,0.0870920000,4.2900771593,3.2814500000,-11.1310010000
-0.1712410000,-0.7788100000,0.0595920000,4.2897471885,4.0140080000,-11.2981660000
-0.2022930000,-0.7973780000,0.0655990000,4.2894222367,3.3059210000,-12.2483610000
-0.2353470000,-0.8094870000,0.0482180000,4.2891029181,2.4351520000,-11.4019540000
-0.2535710000,-0.8185600000,0.0281040000,4.2887898573,3.1160870000,-11.6693550000
-0.2761870000,-0.8649210000,0.0409870000,4.2884836860,2.4613660000,-11.7263510000
-0.2547660000,-0.8936490000,-0.0188320000,4.2881850388,1.9655080000,-11.7204420000
-0.2694020000,-0.9827380000,-0.0150830000,4.2878945495,1.8698380000,-12.5688210000
-0.2483520000,-0.9971310000,-0.0340980000,4.2876128474,-0.9573530000,-11.6486470000
-0.2409700000,-1.0419070000,-0.0675990000,4.2873405525,1.8383390000,-11.1485670000
-0.2167060000,-1.0648740000,-0.0865680000,4.2870782716,0.2135920000,-9.7774980000
-0.2059230000,-1.1190570000,-0.1142200000,4.2868265941,0.8448960000,-8.8516190000
-0.1666820000,-1.1623860000,-0.1417950000,4.2865860875,0.5726310000,-8.7610220000
-0.1563650000,-1.2255370000,-0.1413190000,4.2863572933,0.2828640000,-8.0898480000
-0.1270730000,-1.2436880000,-0.2110120000,4.2861407224,0.3053750000,-6.9604060000
-0.1220800000,-1.3065830000,-0.2059870000,4.2859368514,0.0224320000,-6.1529870000
-0.0769990000,-1.3224600000,-0.2805570000,4.2857461183,0.9889100000,-5.0686090000
-0.0682480000,-1.3876370000,-0.2705000000,4.2855689186,-0.3046560000,-4.6306620000
-0.0211020000,-1.3874660000,-0.3283430000,4.2854056013,-0.0854020000,-3.1553620000
-0.0218280000,-1.4303940000,-0.3405860000,4.2852564661,-0.0636000000,-2.8381530000
0.0130350000,-1.4220560000,-0.3746510000,4.2851217591,-0.0509270000,-1.6204690000
0.0195080000,-1.4588200000,-0.3955310000,4.2850016706,-0.1914510000,-1.4402000000
0.0629910000,-1.4580450000,-0.4118180000,4.2848963317,-0.3621210000,0.0194650000
0.1026790000,-1.4789800000,-0.4384950000,4.2848058124,1.0245250000,0.1821640000
0.1121420000,-1.4812390000,-0.4320810000,4.2847301187,-0.4578670000,0.5083560000
0.1235710000,-1.4749100000,-0.4523570000,4.2846691915,-0.5712980000,1.9259930000
0.1165930000,-1.4677410000,-0.4535450000,4.2846229047,-0.1799920000,2.0114930000
0.1453080000,-1.4515750000,-0.4473210000,4.2845910641,-0.7047230000,3.4313660000
0.1677430000,-1.4565550000,-0.4608350000,4.2845734069,-0.5789430000,2.7284350000
0.1855310000,-1.4656640000,-0.4293630000,4.2845696011,-1.0337340000,3.0100200000
0.2051330000,-1.4267540000,-0.4476790000,4.2845792456,-1.1205520000,3.8903930000
0.1906810000,-1.4010780000,-0.3994210000,4.2846018704,-0.6357620000,4.7113690000
0.2036560000,-1.3434980000,-0.4128360000,4.2846369379,-1.2678450000,5.9225400000
0.2019360000,-1.3427820000,-0.3852930000,4.2846838433,-0.5460330000,4.9960610000
0.2584040000,-1.2906800000,-0.3642920000,4.2847419169,-1.0594490000,6.7773530000
0.2635020000,-1.2771270000,-0.3676170000,4.2848104252,1.0210590000,6.0617350000
0.2725910000,-1.2427430000,-0.3251560000,4.2848885740,-1.9537630000,6.1905570000
0.2754860000,-1.2095050000,-0.3115270000,4.2849755101,-0.9879350000,6.0968400000
0.2894820000,-1.1699980000,-0.2942480000,4.2850703247,-0.9506590000,6.1089060000
0.2804980000,-1.1281240000,-0.2645030000,4.2851720564,-1.0914330000,7.2029260000
0.2845160000,-1.0738260000,-0.2607900000,4.2852796944,-1.2055640000,6.3373590000
0.2741200000,-1.0340620000,-0.2134840000,4.2853921828,-1.1322500000,7.2726530000
0.2642730000,-0.9639430000,-0.2244310000,4.2855084238,-0.3406020000,7.3447180000
0.2368740000,-0.9574830000,-0.1722500000,4.2856272819,-1.5950740000,5.7916010000
0.2310090000,-0.9065660000,-0.1607870000,4.2857475888,-1.9363690000,6.4289320000
0.1916950000,-0.8723630000,-0.1507560000,4.2858681466,-0.9522840000,5.7448540000
0.1483900000,-0.8239430000,-0.1027870000,4.2859877336,-1.6538200000,6.0504940000
0.1381390000,-0.7565740000,-0.1247270000,4.2861051076,-0.9023490000,6.2943420000
0.0759950000,-0.7257650000,-0.0578240000,4.2862190116,-2.3400630000,4.9407080000
0.0833120000,-0.6568240000,-0.1001350000,4.2863281774,-1.5370870000,5.2066700000
0.0250880000,-0.6329150000,-0.0782670000,4.2864313312,-0.2674530000,4.0807660000
0.0011390000,-0.5749040000,-0.0745910000,4.2865271974,-0.3741450000,4.2592830000
-0.0475360000,-0.5294000000,-0.0855470000,4.2866145032,0.3302360000,3.5041400000
-0.0693120000,-0.4904740000,-0.0817330000,4.2866919833,0.2911650000,2.8143250000
-0.1158890000,-0.4858620000,-0.0893750000,4.2867583838,0.1308810000,1.9624880000
-0.1501520000,-0.4626710000,-0.1036700000,4.2868124664,1.2697720000,-0.1165670000
-0.1809180000,-0.4218210000,-0.0636210000,4.2868530122,-0.0066730000,1.3154850000
-0.2156920000,-0.4070990000,-0.0958740000,4.2868788254,2.2275770000,-0.1338250000
-0.2476560000,-0.4033710000,-0.0688630000,4.2868887365,1.6390260000,-0.6200760000
-0.2866290000,-0.3976530000,-0.0663780000,4.2868816059,2.3069790000,-1.5778040000
-0.3458510000,-0.4341170000,-0.0342070000,4.2868563258,2.9284760000,-2.6706070000
-0.3849670000,-0.4142880000,-0.0111970000,4.2868118239,2.6372090000,-2.2607000000
-0.4349850000,-0.4511430000,0.0073850000,4.2867470645,2.8365420000,-2.7593000000
-0.4756090000,-0.4819290000,0.0493710000,4.2866610511,3.6247040000,-4.3821150000
-0.5100050000,-0.5158070000,0.0640890000,4.2865528276,2.7164010000,-3.4787420000
-0.5531170000,-0.5636390000,0.0729550000,4.2864214797,3.2816500000,-4.9121760000
-0.5830720000,-0.5822010000,0.1125610000,4.2862661355,3.1180600000,-3.6530590000
-0.5978170000,-0.5828310000,0.1086510000,4.2860859662,3.1921610000,-2.7484030000
-0.6223200000,-0.6497280000,0.1338700000,4.2858801864,3.3830780000,-3.2673920000
-0.6260620000,-0.6814130000,0.1431070000,4.2856480541,0.8936930000,-2.2631390000
-0.6095910000,-0.7659030000,0.1099480000,4.2853888699,3.7658690000,-2.8933240000
-0.5971700000,-0.8229580000,0.1296850000,4.2851019768,1.5543170000,-1.7984810000
-0.5893520000,-0.9017500000,0.0847650000,4.2847867592,2.7452800000,-1.9869220000
-0.5704320000,-0.9680220000,0.0904140000,4.2844426415,1.5470490000,-1.0161620000
-0.5296960000,-1.0189300000,0.0485760000,4.2840690872,2.4358320000,0.1278320000
-0.5079900000,-1.0551350000,0.0537850000,4.2836655972,1.8095790000,1.1103750000
-0.4889020000,-1.1134280000,0.0231960000,4.2832317077,1.8133960000,1.9108410000
-0.4657550000,-1.1629900000,-0.0328350000,4.2827669892,2.9598170000,2.7953580000
-0.4452590000,-1.2317210000,-0.0257810000,4.2822710438,0.9391090000,3.9782720000
-0.4284860000,-1.2927900000,-0.0824320000,4.2817435038,1.1498150000,4.8017190000
-0.3973160000,-1.3319530000,-0.0921350000,4.2811840293,0.7340190000,6.3395200000
-0.3739180000,-1.3829760000,-0.1204990000,4.2805923063,0.4882430000,7.2815090000
-0.3384190000,-1.4194760000,-0.1903880000,4.2799680448,1.1194690000,7.9659250000
-0.3215900000,-1.4820790000,-0.1684390000,4.2793109766,-0.8293370000,7.9797220000
-0.2412220000,-1.4949660000,-0.2524860000,4.2786208538,-0.0097480000,9.5933670000
-0.1979670000,-1.5356550000,-0.2586760000,4.2778974468,-0.4031580000,10.1799110000
-0.1479320000,-1.5380090000,-0.3099940000,4.2771405425,-0.2930950000,12.0244490000
-0.1356100000,-1.5746440000,-0.3574610000,4.2763499434,-0.6707490000,12.4856560000
-0.0907000000,-1.5621080000,-0.3884410000,4.2755254660,-1.1101230000,12.6208730000
-0.0302830000,-1.5842880000,-0.4357930000,4.2746669396,-1.1378530000,12.7124220000
-0.0048840000,-1.5878130000,-0.4367550000,4.2737742058,-1.2752330000,12.4176360000
0.0378960000,-1.5731180000,-0.4806810000,4.2728471177,-1.3394640000,13.3391690000
0.0554020000,-1.5373360000,-0.4864640000,4.2718855393,-0.8216070000,13.6077770000
0.0660070000,-1.5074950000,-0.4765320000,4.2708893459,-3.1636590000,14.5804820000
0.0807910000,-1.5221940000,-0.5034440000,4.2698584236,-1.1668500000,12.7196970000
0.1269560000,-1.5093820000,-0.4421510000,4.2687926700,-2.1098330000,13.1486570000
0.1485340000,-1.4844460000,-0.4568270000,4.2676919946,-1.2807250000,12.8804580000
0.1680190000,-1.4778580000,-0.3903250000,4.2665563196,-1.4115300000,12.0948920000
0.1867420000,-1.4281390000,-0.3759450000,4.2653855808,-0.7539890000,12.4924250000
0.2084880000,-1.4120120000,-0.3320950000,4.2641797289,-0.7230060000,11.1908430000
0.2181420000,-1.3802610000,-0.2628780000,4.2629387311,-1.0075830000,10.9305550000
0.2287830000,-1.3423000000,-0.2425920000,4.2616625723,-0.3148480000,9.1466700000
0.2069320000,-1.2954490000,-0.1685570000,4.2603512568,-1.9434620000,9.1240730000
0.2180920000,-1.2279590000,-0.1730310000,4.2590048105,0.3601500000,8.2382830000
0.2052780000,-1.1956890000,-0.0966160000,4.2576232825,-1.2784240000,6.9760000000
0.2121870000,-1.1524860000,-0.0873300000,4.2562067476,-0.9772900000,5.6929700000
0.1853600000,-1.1289900000,-0.0519160000,4.2547553078,-1.3613090000,3.3730000000
0.1770850000,-1.0644080000,-0.0287050000,4.2532690947,-1.8002070000,3.0144420000
0.1553160000,-0.9869430000,0.0130310000,4.2517482719,-1.4191090000,2.2505900000
0.1480580000,-0.9344200000,0.0535360000,4.2501930366,0.8046970000,1.1391420000
0.1265250000,-0.8802370000,0.0486390000,4.2486036220,-1.1615530000,0.7463940000
0.1001970000,-0.8399020000,0.0840760000,4.2469802990,-1.0502390000,-1.7451230000
0.0896410000,-0.8055520000,0.1094060000,4.2453233782,-0.7745830000,-2.2772890000
0.0518300000,-0.7644690000,0.1287330000,4.2436332115,-0.4412880000,-4.2967160000
0.0249670000,-0.7368760000,0.1403700000,4.2419101936,-0.6124960000,-5.3273930000
-0.0076940000,-0.6833370000,0.1559940000,4.2401547633,-0.1324400000,-6.1547530000
-0.0459080000,-0.6687460000,0.1796410000,4.2383674048,0.7605510000,-7.2770030000
-0.0639940000,-0.6226700000,0.1542150000,4.2365486482,0.8703780000,-8.4594270000
-0.0938410000,-0.6197330000,0.1485400000,4.2346990706,1.8408440000,-10.3969930000
-0.1170940000,-0.6125240000,0.1628050000,4.2328192962,1.0302290000,-10.8843800000
-0.1451200000,-0.6070690000,0.1085860000,4.2309099963,2.3388590000,-12.1390470000
-0.1923240000,-0.6155180000,0.1344880000,4.2289718895,1.7459160000,-13.0334700000
-0.1982260000,-0.5968410000,0.0745930000,4.2270057409,2.9203360000,-13.2019540000
-0.2303190000,-0.6212060000,0.0763790000,4.2250123616,2.9031560000,-14.0147780000
-0.2277160000,-0.6147730000,0.0380630000,4.2229926076,3.3505620000,-13.6724690000
-0.2433930000,-0.6601490000,0.0355120000,4.2209473783,3.2640430000,-14.4916870000
-0.2279060000,-0.6697930000,-0.0021280000,4.2188776153,6.2709070000,-14.0032730000
-0.2482700000,-0.6958000000,-0.0177980000,4.2167843003,3.3284840000,-13.4036370000
-0.2411510000,-0.7121200000,0.0011780000,4.2146684531,2.6286090000,-13.2681240000
-0.2173230000,-0.7369880000,-0.0566290000,4.2125311291,3.3347080000,-11.9613450000
-0.2196280000,-0.7949660000,-0.0591500000,4.2103734169,1.9807020000,-12.1046750000
-0.1670000000,-0.8099300000,-0.1053770000,4.2081964357,1.8232300000,-10.2513500000
-0.1536970000,-0.8636930000,-0.1376430000,4.2060013321,1.4465080000,-10.5034500000
-0.1242990000,-0.8850460000,-0.1478680000,4.2037892771,0.8539490000,-8.8858240000
-0.0838820000,-0.9338100000,-0.1989720000,4.2015614629,-0.1714580000,-8.4906100000
-0.0616960000,-0.9564290000,-0.2120620000,4.1993190997,-0.4452000000,-7.7241140000
-0.0389880000,-0.9749550000,-0.2531910000,4.1970634122,-1.5716800000,-6.1213500000
-0.0407900000,-1.0209260000,-0.2660750000,4.1947956360,-1.0601260000,-6.3363170000
-0.0108580000,-1.0476740000,-0.2916520000,4.1925170146,-3.0060340000,-4.7809050000
-0.0089150000,-1.1063080000,-0.3090850000,4.1902287955,-2.0549900000,-4.9419510000
0.0194550000,-1.1494660000,-0.3187350000,4.1879322266,-2.2136270000,-3.9663070000
0.0073400000,-1.1984860000,-0.3138150000,4.1856285533,-1.6082140000,-3.3706950000
0.0226590000,-1.2307360000,-0.2922920000,4.1833190149,-1.2455210000,-3.5335850000
0.0263620000,-1.2693800000,-0.2918550000,4.1810048409,-1.0241660000,-2.1143760000
0.0254620000,-1.3026410000,-0.2854710000,4.1786872486,0.0303560000,-1.2698500000
0.0352440000,-1.3349630000,-0.2373140000,4.1763674395,0.3584790000,-0.2817070000
0.0151060000,-1.3605010000,-0.2636030000,4.1740465966,1.1370670000,0.2829240000
0.0225540000,-1.3832680000,-0.2195760000,4.1717258817,0.4827720000,0.6575760000
0.0058660000,-1.3930530000,-0.2102180000,4.1694064331,0.8584990000,1.5698250000
0.0260430000,-1.3894290000,-0.2467970000,4.1670893628,1.1353140000,1.9791580000
0.0232890000,-1.3924420000,-0.2239940000,4.1647757551,0.6812210000,2.8509280000
0.0594850000,-1.3583900000,-0.2695050000,4.1624666642,0.8102050000,3.6285020000
0.0954080000,-1.3812160000,-0.2542750000,4.1601631130,1.5020010000,3.6383670000
0.1273660000,-1.3436320000,-0.3041940000,4.1578660917,0.0427640000,4.4671470000
0.1650910000,-1.3424540000,-0.3186500000,4.1555765565,0.0560970000,5.0075950000
0.1816770000,-1.2998970000,-0.3345860000,4.1532954293,-0.7194740000,5.9201290000
0.2030290000,-1.2902730000,-0.3687690000,4.1510235967,-0.6304940000,6.5797820000
0.2151410000,-1.2587060000,-0.3548090000,4.1487619098,-0.7890710000,6.9025400000
0.2410040000,-1.2407740000,-0.3626640000,4.1465111841,-2.2339610000,7.6935430000
0.2484980000,-1.2144220000,-0.3603600000,4.1442722001,-1.5180550000,6.9707170000
0.2332870000,-1.1845320000,-0.3472990000,4.1420457028,-3.0295520000,8.7800030000
0.2194680000,-1.1499520000,-0.3509060000,4.1398324030,-1.9014830000,8.8188010000
0.2085600000,-1.1273620000,-0.3140120000,4.1376329780,-1.8567860000,9.5961250000
0.1987780000,-1.0766260000,-0.2871060000,4.1354480721,-1.9112090000,9.7535230000
0.1871090000,-1.0634370000,-0.2863080000,4.1332782979,-1.4316710000,9.3918310000
0.1595430000,-1.0278780000,-0.2165230000,4.1311242380,-2.4018580000,9.8122870000
0.1499550000,-0.9765870000,-0.2278180000,4.1289864457,-0.8810030000,9.8641650000
0.1193010000,-0.9420590000,-0.1748400000,4.1268654468,-1.9106580000,9.2849710000
0.1174070000,-0.8925820000,-0.1970060000,4.1247617412,-0.8343330000,9.2284200000
0.0820320000,-0.8601910000,-0.1719180000,4.1226758046,-1.0656140000,8.2059990000
0.0664170000,-0.8141880000,-0.1456160000,4.1206080898,-0.6557320000,7.3500650000
0.0328840000,-0.7675970000,-0.1728140000,4.1185590292,1.0378350000,6.2994860000
-0.0013490000,-0.7409070000,-0.1456130000,4.1165290354,0.4076070000,4.8648230000
-0.0417160000,-0.7078070000,-0.1195140000,4.1145185040,-0.7256220000,3.9281650000
-0.0805510000,-0.6739360000,-0.1352300000,4.1125278144,1.3498760000,2.3682760000
-0.1465900000,-0.6467830000,-0.0786050000,4.1105573316,-0.2956290000,2.0565750000
-0.2010260000,-0.6116640000,-0.1093250000,4.1086074076,1.6533870000,1.1744600000
-0.2621350000,-0.6082510000,-0.0089680000,4.1066783828,1.4112090000,-0.1435450000
-0.2908110000,-0.6027430000,-0.0009260000,4.1047705869,1.5851120000,-1.2931220000
-0.3317590000,-0.6225920000,0.0816070000,4.1028843399,2.2462740000,-2.3689810000
-0.3646750000,-0.6116450000,0.1236230000,4.1010199530,1.5784690000,-2.7089440000
-0.4204470000,-0.6214070000,0.1497940000,4.0991777290,3.6105110000,-2.7743340000
-0.4579330000,-0.5906110000,0.2031860000,4.0973579626,1.8781650000,-2.7333240000
-0.4889060000,-0.6217350000,0.1829920000,4.0955609412,4.0234520000,-3.0489470000
-0.5000590000,-0.6265170000,0.2067370000,4.0937869438,3.0562190000,-3.5099560000
-0.5037520000,-0.6525270000,0.1932100000,4.0920362419,3.9195490000,-3.8555410000
-0.5140130000,-0.6633790000,0.1658770000,4.0903090984,3.7008010000,-5.0665120000
-0.5230230000,-0.6810390000,0.1712150000,4.0886057673,2.6529390000,-4.4428910000
-0.5075200000,-0.6938470000,0.0716880000,4.0869264927,2.5258070000,-4.5400800000
-0.5042220000,-0.7509190000,0.1021290000,4.0852715081,2.1532270000,-4.4562490000
-0.4668180000,-0.7560130000,-0.0116010000,4.0836410353,3.0857870000,-3.9280710000
-0.4702190000,-0.8120080000,0.0155290000,4.0820352830,0.3161090000,-4.3675590000
-0.4397350000,-0.8228600000,-0.0432990000,4.0804544458,0.5753720000,-3.2833790000
-0.4341740000,-0.8910070000,-0.0564290000,4.0788987021,0.8691960000,-3.3701130000
-0.4089910000,-0.9129920000,-0.0897360000,4.0773682132,0.5028240000,-2.1938500000
-0.4056700000,-0.9775020000,-0.1097620000,4.0758631213,0.5104190000,-1.6260730000
-0.3963440000,-1.0066570000,-0.1169960000,4.0743835481,0.0212740000,-0.5526320000
-0.4051280000,-1.0488100000,-0.1151980000,4.0729295928,-0.4710230000,0.7731490000
-0.3711780000,-1.0725650000,-0.1583220000,4.0715013307,1.3464240000,1.1107090000
-0.3853840000,-1.1119840000,-0.1266860000,4.0700988116,-4.4881140000,2.7370700000
-0.3228310000,-1.1388110000,-0.2114450000,4.0687220580,1.2555230000,3.0064340000
-0.2912270000,-1.1742550000,-0.2248670000,4.0673710641,0.1133460000,3.8792100000
-0.2433500000,-1.1870760000,-0.2953280000,4.0660457942,1.4433210000,5.3864250000
-0.2155280000,-1.1829630000,-0.3253260000,4.0647461818,0.5829940000,6.0653910000
-0.1548620000,-1.1900990000,-0.3964370000,4.0634721283,0.1441550000,7.8502620000
-0.1042730000,-1.1951580000,-0.4477190000,4.0622235026,0.6637910000,7.1123830000
-0.0354530000,-1.2245420000,-0.4605400000,4.0610001404,-1.0618720000,7.9052060000
0.0261320000,-1.2069780000,-0.5411730000,4.0598018441,-0.0554930000,8.3374480000
0.0609820000,-1.2251390000,-0.5505800000,4.0586283820,-0.6914580000,8.5511550000
0.1057710000,-1.1973080000,-0.5663060000,4.0574794893,-1.5460810000,9.3702750000
0.1306650000,-1.1984660000,-0.5581500000,4.0563548677,-1.5035600000,9.4927310000
0.1602590000,-1.1787230000,-0.5418460000,4.0552541863,-1.6072390000,9.9247590000
0.1677890000,-1.1653760000,-0.5035720000,4.0541770822,-1.2253960000,10.2257220000
0.1617530000,-1.1554070000,-0.4483950000,4.0531231614,-3.5183500000,9.7735400000
0.1582210000,-1.1244210000,-0.3960560000,4.0520920001,-2.4281960000,11.0798810000
0.1646540000,-1.1057280000,-0.3494130000,4.0510831456,-0.5926640000,10.4425890000
0.1439980000,-1.0907070000,-0.2392210000,4.0500961184,-4.4994770000,10.3726430000
0.1619950000,-1.0745280000,-0.2241520000,4.0491304135,-1.4647680000,9.8480600000
0.1506610000,-1.0390050000,-0.1457080000,4.0481855021,-1.8812730000,9.8126060000
0.1502410000,-1.0100970000,-0.1035580000,4.0472608338,-1.1780830000,10.3590520000
0.1413920000,-0.9833090000,-0.0435450000,4.0463558387,-1.1465590000,8.6859140000
0.1523650000,-0.9795470000,0.0208460000,4.0454699293,-3.9080150000,7.7728970000
0.1878050000,-0.9409980000,-0.0079570000,4.0446025032,-0.0709130000,6.3579720000
0.1861900000,-0.9412310000,0.0395360000,4.0437529451,-1.3466460000,5.5067630000
0.1952690000,-0.8743840000,0.0310940000,4.0429206294,-0.4899230000,5.2994570000
0.1766250000,-0.8575090000,0.0544750000,4.0421049223,0.1015690000,4.1186280000
0.1816080000,-0.8006740000,0.0714980000,4.0413051848,0.1193660000,3.4990860000
0.1747900000,-0.8115620000,0.0739720000,4.0405207743,-0.0712120000,1.9290890000
0.1521280000,-0.7884860000,0.1153440000,4.0397510473,-0.6185230000,0.3303470000
0.1323710000,-0.7627320000,0.1207540000,4.0389953616,-1.0911770000,-0.0769350000
0.0810640000,-0.7287920000,0.1423160000,4.0382530782,-0.3711250000,-0.6525750000
0.0257910000,-0.6970050000,0.1546780000,4.0375235633,-1.1074680000,-0.4001440000
-0.0293410000,-0.6896650000,0.1731970000,4.0368061902,0.1689570000,-1.8306290000
-0.0579440000,-0.6896490000,0.1875090000,4.0361003408,0.1952030000,-1.7856270000
-0.0912320000,-0.6907520000,0.1731910000,4.0354054071,0.7979900000,-3.8855480000
-0.1246140000,-0.7043470000,0.1884440000,4.0347207926,0.1355880000,-4.5805330000
-0.1578190000,-0.6834380000,0.1739260000,4.0340459132,0.7889240000,-4.7820820000
-0.2069250000,-0.7085260000,0.1640160000,4.0333801986,1.2217530000,-5.5987470000
-0.2221520000,-0.6857820000,0.1380780000,4.0327230924,0.8585640000,-5.1969110000
-0.2428080000,-0.7213040000,0.0795790000,4.0320740533,1.6184230000,-6.1249220000
-0.2394010000,-0.7274790000,0.0575210000,4.0314325552,0.5992450000,-6.4817100000
-0.2443510000,-0.7691530000,-0.0113250000,4.0307980877,2.0268530000,-7.6859090000
-0.2359970000,-0.7922510000,-0.0340530000,4.0301701557,1.6789770000,-7.4302160000
-0.2459760000,-0.8098420000,-0.0848350000,4.0295482801,1.3557130000,-7.6046420000
-0.2304370000,-0.8424920000,-0.1334840000,4.0289319968,2.3060870000,-8.1222130000
-0.2387150000,-0.8728580000,-0.1274350000,4.0283208569,1.7961670000,-7.6338250000
-0.2246070000,-0.8881670000,-0.1828360000,4.0277144258,1.3499160000,-7.7899600000
-0.2423520000,-0.9108750000,-0.1653240000,4.0271122832,0.8920030000,-7.3827730000
-0.2408350000,-0.9336780000,-0.2124270000,4.0265140216,0.9172350000,-6.5208010000
-0.2716800000,-0.9711610000,-0.2019750000,4.0259192460,0.7448580000,-6.6319610000
-0.2606510000,-1.0072050000,-0.2155580000,4.0253275733,0.7520490000,-5.1666110000
-0.2686700000,-1.0353060000,-0.2290920000,4.0247386306,0.4553600000,-5.1741300000
-0.2766500000,-1.0872210000,-0.2116360000,4.0241520550,0.4269080000,-5.0009350000
-0.2742310000,-1.0932380000,-0.2135030000,4.0235674924,-1.3288520000,-3.7610760000
-0.2752450000,-1.1408960000,-0.2283430000,4.0229845964,0.3686540000,-3.2066840000
-0.2476230000,-1.1588600000,-0.2147610000,4.0224030278,-1.8735830000,-2.3163380000
-0.2272490000,-1.2029960000,-0.2315010000,4.0218224533,-0.1212690000,-2.5899840000
-0.1979900000,-1.2352330000,-0.2342060000,4.0212425449,-0.6215920000,-1.9532230000
-0.1923210000,-1.2678050000,-0.2235810000,4.0206629795,-0.6382400000,-1.3161670000
-0.1662420000,-1.2779570000,-0.2492920000,4.0200834377,-0.3637760000,-1.5031080000
-0.1556760000,-1.3001960000,-0.2002060000,4.0195036037,-0.9546440000,-0.4145290000
-0.1084740000,-1.3131680000,-0.2612790000,4.0189231646,1.7601390000,0.1122350000
-0.1073880000,-1.3558260000,-0.1929490000,4.0183418104,-0.2903870000,-0.2476580000
-0.0735290000,-1.3506270000,-0.2194710000,4.0177592336,0.3382100000,1.1345090000
-0.0790930000,-1.3540510000,-0.1993820000,4.0171751291,0.1292400000,1.4578260000
-0.0557520000,-1.3349440000,-0.1856980000,4.0165891946,0.4555470000,2.6872510000
-0.0545830000,-1.3361150000,-0.1569440000,4.0160011307,0.5219610000,3.0583860000
-0.0358630000,-1.3292490000,-0.1736450000,4.0154106412,0.5319000000,2.7329000000
-0.0311600000,-1.3050370000,-0.1365040000,4.0148174336,-0.4710330000,3.9164060000
-0.0177310000,-1.2835870000,-0.2130470000,4.0142212202,0.6618910000,4.6122400000
-0.0074670000,-1.2782920000,-0.1484130000,4.0136217183,-0.4907010000,4.7214180000
0.0201650000,-1.2606880000,-0.2047980000,4.0130186519,-0.1472790000,4.8161430000
0.0364060000,-1.2488520000,-0.1672830000,4.0124117522,-0.8722320000,4.6227550000
0.0705070000,-1.2035480000,-0.2123350000,4.0118007592,-1.2022480000,5.7930690000
0.0769770000,-1.1710190000,-0.2100630000,4.0111854233,-0.2825290000,6.2494660000
0.1004890000,-1.1256450000,-0.2167330000,4.0105655063,-1.4856540000,7.0229790000
0.1097090000,-1.1029150000,-0.2537850000,4.0099407833,-0.6374260000,6.2554520000
0.1482420000,-1.0801710000,-0.2109000000,4.0093110445,-2.6744970000,6.1803480000
0.1649560000,-1.0602630000,-0.2576920000,4.0086760969,-1.3046670000,6.3766670000
0.1672770000,-1.0304510000,-0.2447230000,4.0080357660,-0.6162710000,6.7335960000
0.1552630000,-0.9720080000,-0.2484940000,4.0073898980,-0.8782920000,7.4131740000
0.1507140000,-0.9315780000,-0.2546780000,4.0067383614,-0.4460900000,6.9532810000
0.1474280000,-0.8946630000,-0.2353510000,4.0060810491,-1.0448060000,6.3601570000
0.1523120000,-0.8649840000,-0.2455040000,4.0054178803,-1.2067320000,6.6208710000
0.1281300000,-0.8081650000,-0.2155420000,4.0047488023,0.0721190000,5.7820750000
0.1067360000,-0.7469600000,-0.1928270000,4.0040737924,-0.7690880000,6.4348750000
0.0814640000,-0.7084210000,-0.2092590000,4.0033928597,-0.1865110000,4.7913730000
0.0749220000,-0.6860970000,-0.1638760000,4.0027060465,-2.5186800000,4.5041300000
0.0640570000,-0.6590200000,-0.2101090000,4.0020134302,-0.5667230000,3.4715230000
0.0383890000,-0.6327020000,-0.1557980000,4.0013151243,-0.8896260000,2.7979100000
-0.0024120000,-0.5728560000,-0.1568190000,4.0006112800,-0.6057840000,2.7618510000
-0.0246210000,-0.5571960000,-0.1386670000,3.9999020870,0.3727470000,1.6266410000
-0.0306640000,-0.5384000000,-0.1287540000,3.9991877744,1.2423730000,0.0595290000
-0.0382630000,-0.5351110000,-0.1127650000,3.9984686116,3.2821490000,-0.5002490000
-0.0740580000,-0.5182950000,-0.0677760000,3.9977449080,1.2891680000,-1.8527550000
-0.1364210000,-0.5050510000,-0.0411980000,3.9970170139,1.0452370000,-1.8992290000
-0.1700140000,-0.4990270000,-0.0293850000,3.9962853198,1.9571770000,-3.0658750000
-0.1987250000,-0.5174940000,0.0342650000,3.9955502559,1.5963840000,-3.9660710000
-0.2118970000,-0.5409900000,0.0223590000,3.9948122920,2.2435040000,-5.0587160000
-0.2572640000,-0.5565650000,0.0975860000,3.9940719358,2.0536840000,-5.7479860000
-0.2970640000,-0.5347310000,0.0778290000,3.9933297315,2.5683700000,-5.9317840000
-0.3707670000,-0.5487760000,0.1420900000,3.9925862588,2.9071440000,-6.0393310000
-0.3720480000,-0.5502990000,0.1244370000,3.9918421304,1.9204200000,-5.7655980000
-0.4003820000,-0.6256640000,0.1307910000,3.9910979900,3.7010900000,-7.2009300000
-0.3963840000,-0.6514640000,0.1340150000,3.9903545095,2.1409540000,-7.1243760000
-0.4276590000,-0.6946940000,0.1369390000,3.9896123866,2.6547570000,-7.3208200000
-0.4245080000,-0.7249910000,0.1049750000,3.9888723419,2.4875730000,-7.4457920000
-0.4310860000,-0.7753270000,0.1191980000,3.9881351149,1.8469000000,-6.6331970000
-0.4110500000,-0.8275700000,0.0686060000,3.9874014614,2.5098670000,-6.7646910000
-0.4061550000,-0.8839460000,0.0825070000,3.9866721494,1.8956080000,-6.4392530000
-0.3831820000,-0.9169480000,-0.0168820000,3.9859479556,2.6263770000,-5.6492340000
-0.3981820000,-0.9714200000,0.0114980000,3.9852296613,1.8238470000,-5.4684040000
-0.3642120000,-1.0120270000,-0.0772400000,3.9845180485,1.8359700000,-4.5543520000
-0.3549360000,-1.0902010000,-0.0833450000,3.9838138959,1.3398850000,-4.6634360000
-0.3159180000,-1.1180830000,-0.1343770000,3.9831179745,1.5060680000,-2.8116210000
-0.3304560000,-1.1590150000,-0.1657830000,3.9824310443,1.8340360000,-1.9666290000
-0.2945060000,-1.1735490000,-0.2224640000,3.9817538494,1.1778010000,-0.6271010000
-0.2829190000,-1.2268460000,-0.2346720000,3.9810871147,0.3070030000,-0.0085900000
-0.2247840000,-1.2635830000,-0.3233440000,3.9804315417,0.8781150000,0.2160560000
-0.1937850000,-1.3017450000,-0.3532430000,3.9797878050,-0.2495080000,1.2167210000
-0.1548710000,-1.3189680000,-0.4019320000,3.9791565489,0.1110580000,2.0352020000
-0.1385510000,-1.3399300000,-0.4311290000,3.9785383839,-0.7178060000,3.6944330000
-0.1013580000,-1.3397330000,-0.4771260000,3.9779338837,-0.2039540000,4.3403000000
-0.0586170000,-1.3953570000,-0.5013110000,3.9773435826,-0.3093820000,4.8917670000
0.0013600000,-1.3981570000,-0.5359270000,3.9767679727,-0.4368890000,5.1736680000
0.0391440000,-1.4010260000,-0.5475800000,3.9762075021,-0.5482680000,5.0532950000
0.0381130000,-1.3863730000,-0.5364030000,3.9756625727,-2.5678280000,6.4104780000
0.0568720000,-1.3604190000,-0.5651050000,3.9751335389,-0.8401100000,7.8875040000
0.0684390000,-1.3415350000,-0.5500260000,3.9746207062,-1.4783570000,8.1559520000
0.1211000000,-1.3374840000,-0.5443860000,3.9741243307,-0.9472420000,8.4365260000
0.1451400000,-1.3276400000,-0.5329170000,3.9736446182,-1.0816290000,8.3870560000
0.1738620000,-1.3104400000,-0.5025650000,3.9731817246,-0.7174420000,9.0234160000
0.1603380000,-1.2823690000,-0.4848790000,3.9727357558,-1.6036120000,9.0012500000
0.1868930000,-1.2462030000,-0.4269340000,3.9723067683,-1.2810370000,9.1098420000
0.2057930000,-1.2033610000,-0.4172120000,3.9718947703,-1.0223380000,9.6956290000
0.2336050000,-1.1790470000,-0.3837630000,3.9714997229,-0.4867980000,8.6311310000
0.2315540000,-1.1367830000,-0.3288250000,3.9711215417,-1.1006080000,9.4128760000
0.2542580000,-1.0744130000,-0.3224410000,3.9707600985,-0.5224690000,9.0045110000
0.2552360000,-1.0531890000,-0.2413480000,3.9704152237,-1.0662800000,8.6594900000
0.2906900000,-1.0141250000,-0.2175380000,3.9700867084,-0.6943080000,7.8861340000
0.2714520000,-1.0037520000,-0.1437250000,3.9697743071,-1.8103300000,6.7468520000
0.2909300000,-0.9454070000,-0.1110130000,3.9694777405,-1.1033190000,7.3650330000
0.2469710000,-0.8955600000,-0.0898010000,3.9691966986,-0.0245790000,6.8939880000
0.2368480000,-0.8467040000,-0.0159170000,3.9689308433,-1.6597610000,6.2665590000
0.2181680000,-0.8104430000,0.0188240000,3.9686798121,-1.2951680000,4.9621300000
0.2251820000,-0.7842880000,0.0452510000,3.9684432207,-1.0962620000,3.9611790000
0.1997960000,-0.7434450000,0.1191290000,3.9682206669,-1.0176610000,4.0880570000
0.1621960000,-0.6901020000,0.1339590000,3.9680117337,-0.0611190000,4.0338100000
0.1123680000,-0.6455460000,0.1793490000,3.9678159923,-0.3844090000,2.9409570000
0.1074080000,-0.6072560000,0.1827330000,3.9676330056,-0.0727680000,2.7255820000
0.0899030000,-0.5976650000,0.1835830000,3.9674623313,-0.5666110000,0.5554040000
0.1010440000,-0.5862620000,0.1871770000,3.9673035250,0.1861830000,0.3246280000
0.0460660000,-0.5423230000,0.1638820000,3.9671561431,0.6539800000,-1.0502000000
-0.0013680000,-0.5208850000,0.1531970000,3.9670197456,0.6555720000,-1.0677260000
-0.0281430000,-0.4688320000,0.1301880000,3.9668938989,0.6712780000,-1.4151110000
-0.0578260000,-0.4902110000,0.1022080000,3.9667781784,1.3150560000,-3.0919850000
-0.0438100000,-0.4814930000,0.0717370000,3.9666721706,0.6374590000,-3.6079870000
-0.0830390000,-0.4967990000,0.0519240000,3.9665754750,1.4828580000,-4.7453990000
-0.1142480000,-0.4843350000,0.0392410000,3.9664877067,1.1925720000,-4.5366430000
-0.1723010000,-0.4963420000,0.0081430000,3.9664084975,1.5581240000,-5.2503310000
-0.1781280000,-0.5090910000,0.0029960000,3.9663374974,1.6713190000,-5.5718360000
-0.2171230000,-0.5332630000,0.0000780000,3.9662743759,1.4438790000,-5.6334020000
-0.2405860000,-0.5398580000,-0.0451600000,3.9662188232,1.9658060000,-6.1434410000
-0.2762230000,-0.5530100000,-0.0326080000,3.9661705505,1.3478250000,-6.1406410000
-0.2943160000,-0.5786560000,-0.0768420000,3.9661292907,2.9930160000,-5.9450870000
-0.3229330000,-0.6227660000,-0.0600170000,3.9660947988,1.6396660000,-6.2347680000
-0.3209560000,-0.6679320000,-0.1009680000,3.9660668517,2.0059270000,-5.2560040000
-0.3488900000,-0.7051520000,-0.1082720000,3.9660452486,1.0801030000,-5.9976180000
-0.3477310000,-0.7283650000,-0.1262990000,3.9660298098,1.9263680000,-5.0063610000
-0.3484630000,-0.7463040000,-0.1459800000,3.9660203770,2.4083540000,-4.7190550000
-0.3432440000,-0.7967320000,-0.1628320000,3.9660168123,1.5541460000,-4.5700250000
-0.3260700000,-0.8286240000,-0.1770590000,3.9660189974,0.1932700000,-4.1913910000
-0.3316140000,-0.8957300000,-0.2210690000,3.9660268326,1.6027230000,-4.4962510000
-0.3342440000,-0.9231250000,-0.2004430000,3.9660402357,0.7970480000,-3.6303760000
-0.3323790000,-0.9763010000,-0.2298960000,3.9660591408,1.2279180000,-3.0690150000
-0.3179200000,-1.0221270000,-0.1956170000,3.9660834971,0.9496260000,-2.8506340000
-0.3163710000,-1.0789430000,-0.1809020000,3.9661132673,0.6348830000,-1.8111210000
-0.2986720000,-1.1033410000,-0.1743140000,3.9661484262,2.2267870000,-1.6683080000
-0.3099570000,-1.1547470000,-0.1486820000,3.9661889594,1.0958160000,-0.4735780000
-0.2992990000,-1.1783810000,-0.1441910000,3.9662348613,1.4848830000,0.4362290000
-0.2826140000,-1.2583450000,-0.0935890000,3.9662861337,1.5851360000,0.5427920000
-0.2559640000,-1.2807140000,-0.0871430000,3.9663427845,1.2365800000,2.4641550000
-0.2478010000,-1.3362800000,-0.0570070000,3.9664048257,1.4206890000,2.0652840000
-0.2135520000,-1.3405110000,-0.0732940000,3.9664722720,1.3928900000,3.8717320000
-0.2011340000,-1.3691270000,-0.0572920000,3.9665451395,0.8946880000,4.8053510000
-0.1638650000,-1.3791970000,-0.0549720000,3.9666234442,1.1112540000,5.5587990000
-0.1238750000,-1.3979070000,-0.0635850000,3.9667072006,0.3972080000,6.3093790000
-0.0789980000,-1.4116540000,-0.1029610000,3.9667964203,1.2457120000,6.4832770000
-0.0513100000,-1.4033830000,-0.0947190000,3.9668911115,-0.5607420000,7.5402070000
-0.0225860000,-1.3806350000,-0.1698110000,3.9669912771,-0.1843640000,8.4835740000
-0.0135100000,-1.3709060000,-0.1513930000,3.9670969147,-1.5673600000,8.8159600000
0.0295430000,-1.3550780000,-0.1915050000,3.9672080152,-1.7628950000,9.7458430000
0.0463360000,-1.3695210000,-0.2036100000,3.9673245625,-1.5726290000,9.2767470000
0.0943870000,-1.3584560000,-0.2033610000,3.9674465326,-2.1920150000,10.2367070000
0.0902550000,-1.3650570000,-0.2357550000,3.9675738938,-1.9764410000,9.3292930000
0.1029970000,-1.3428540000,-0.2049360000,3.9677066059,-3.1793130000,10.1607120000
0.0994320000,-1.3082480000,-0.2346030000,3.9678446203,-1.6368040000,11.2715480000
0.1058920000,-1.3038360000,-0.2091050000,3.9679878800,-1.4384230000,11.0871040000
0.1174360000,-1.2691270000,-0.2012070000,3.9681363195,-1.6159310000,10.9707680000
0.1234040000,-1.2798410000,-0.1914360000,3.9682898652,-1.2247000000,10.9353010000
0.1233780000,-1.2343990000,-0.1733890000,3.9684484354,-0.5001310000,10.2288050000
0.1131170000,-1.2134340000,-0.1664270000,3.9686119412,-1.3883820000,10.1285620000
0.1187230000,-1.1777770000,-0.2029140000,3.9687802864,0.6335180000,9.2064620000
0.1007980000,-1.1568290000,-0.1711070000,3.9689533684,-1.7316560000,8.9466820000
0.1020580000,-1.0991300000,-0.1938120000,3.9691310788,-0.1252380000,8.1978650000
0.0834930000,-1.0805810000,-0.1646870000,3.9693133040,-0.5149750000,6.9304030000
0.0845790000,-1.0125330000,-0.1948300000,3.9694999261,0.2786990000,6.1974930000
0.0594910000,-0.9776830000,-0.1920920000,3.9696908232,0.7003220000,4.2821820000
0.0611390000,-0.9364820000,-0.1890000000,3.9698858708,-0.7721310000,3.8233980000
0.0241820000,-0.8980440000,-0.1719740000,3.9700849418,-0.4460310000,2.3116530000
-0.0033840000,-0.8607750000,-0.1538710000,3.9702879079,-1.0026270000,1.3238810000
-0.0338190000,-0.8185990000,-0.1392150000,3.9704946397,-0.8990240000,0.5509140000
-0.0581910000,-0.7933510000,-0.1276180000,3.9707050076,0.2355910000,-1.0670270000
-0.0907490000,-0.7752510000,-0.0744200000,3.9709188823,-1.5968630000,-2.4810960000
-0.1031500000,-0.7501830000,-0.0799340000,3.9711361348,1.0839730000,-3.1961200000
-0.1659200000,-0.7264840000,-0.0236800000,3.9713566374,0.8006720000,-4.6898020000
-0.1985640000,-0.6830840000,0.0081240000,3.9715802633,0.2255070000,-4.7653620000
-0.2426770000,-0.6695440000,0.0167460000,3.9718068870,2.2201720000,-6.2217880000
-0.2663660000,-0.6432780000,0.0758570000,3.9720363838,1.4593980000,-6.7347390000
-0.2932430000,-0.6463340000,0.0437410000,3.9722686304,2.0622970000,-8.0194730000
-0.3152250000,-0.6415120000,0.0622410000,3.9725035035,2.0579800000,-9.0271590000
-0.3457320000,-0.6246230000,0.0602190000,3.9727408802,2.1970410000,-9.5609270000
-0.3550740000,-0.6385510000,0.0613090000,3.9729806369,2.8507480000,-10.8545000000
-0.3537910000,-0.6465500000,0.0689370000,3.9732226486,2.0858970000,-10.7214660000
-0.3289030000,-0.6616790000,0.0322860000,3.9734667880,3.2149350000,-12.1068090000
-0.3173950000,-0.6723140000,0.0438270000,3.9737129246,2.4249010000,-12.5266230000
-0.2986360000,-0.6749140000,-0.0142790000,3.9739609232,4.2799180000,-11.6488000000
-0.3227780000,-0.7027650000,0.0131850000,3.9742106426,2.4276060000,-11.4622200000
-0.2961350000,-0.7225350000,0.0025070000,3.9744619346,2.3582350000,-10.7970460000
-0.2870390000,-0.7659320000,-0.0100090000,3.9747146420,2.4200000000,-11.1186550000
-0.2512700000,-0.7923860000,-0.0177520000,3.9749685971,2.4592350000,-10.4455540000
-0.2521140000,-0.8170300000,-0.0348570000,3.9752236201,1.1856820000,-9.8269840000
-0.2386070000,-0.8311450000,-0.0359600000,3.9754795176,1.2225570000,-8.6823640000
-0.2286640000,-0.8395740000,-0.0511180000,3.9757360802,0.3350550000,-7.2713060000
-0.1966110000,-0.8704650000,-0.1188150000,3.9759930815,1.6331570000,-6.4827350000
-0.1726790000,-0.9138660000,-0.1101100000,3.9762502760,-0.5410010000,-5.2340840000
-0.1238980000,-0.9433520000,-0.1685770000,3.9765073977,0.0190550000,-5.1018000000
-0.0943990000,-0.9814610000,-0.2062130000,3.9767641582,-1.0051180000,-4.5179580000
-0.0496040000,-0.9823930000,-0.2420440000,3.9770202455,-1.6285910000,-2.7801880000
-0.0313630000,-1.0108680000,-0.2746320000,3.9772753227,-0.8835270000,-2.2229510000
0.0204010000,-1.0252360000,-0.3258810000,3.9775290269,-0.6078350000,-0.9822070000
0.0627050000,-1.0533590000,-0.3892420000,3.9777809677,0.1922590000,-0.3030040000
0.1044180000,-1.1013680000,-0.4070160000,3.9780307271,-1.1252460000,-0.2125320000
0.1392380000,-1.1135460000,-0.4274760000,3.9782778586,-1.3748260000,0.6742630000
0.1781020000,-1.1180300000,-0.4844980000,3.9785218864,-0.3473830000,0.8014120000
0.1797760000,-1.1429470000,-0.4572180000,3.9787623060,-0.6280910000,1.5664380000
0.2021560000,-1.1218440000,-0.5034020000,3.9789985836,-0.6682550000,2.8644000000
0.1963400000,-1.1395200000,-0.4532170000,3.9792301570,-0.7617550000,3.8022020000
0.2138420000,-1.1062400000,-0.4598180000,3.9794564357,-0.7762900000,4.9763830000
0.2070990000,-1.1323190000,-0.4649120000,3.9796768020,0.4111260000,3.8214700000
0.2181910000,-1.1106940000,-0.4163190000,3.9798906122,-2.0669440000,5.3968580000
0.2247950000,-1.1405250000,-0.4440290000,3.9800971976,-0.2219450000,4.8736570000
0.2403830000,-1.1328080000,-0.3870330000,3.9802958665,-1.0302950000,5.4110480000
0.2386010000,-1.1029800000,-0.3967720000,3.9804859061,-1.1714660000,6.8300720000
0.2511230000,-1.0657280000,-0.3822770000,3.9806665843,-0.4810020000,7.2939500000
0.2422770000,-1.0521610000,-0.3502200000,3.9808371525,-1.2656090000,8.1956030000
0.2842470000,-1.0296110000,-0.3835960000,3.9809968479,-0.0687500000,7.0555760000
0.2840860000,-1.0254950000,-0.3083040000,3.9811448966,-2.8056970000,6.9040090000
0.3171920000,-0.9849370000,-0.3339430000,3.9812805164,-2.2594360000,7.6348670000
0.2893210000,-0.9845600000,-0.2575570000,3.9814029199,-2.1280310000,7.5217310000
0.2794870000,-0.9373060000,-0.2717040000,3.9815113182,-2.6940310000,8.6560330000
0.2446640000,-0.9193380000,-0.2565490000,3.9816049240,-1.8508880000,8.6383560000
0.2487370000,-0.8944730000,-0.2317210000,3.9816829553,-2.3538990000,8.5951940000
0.2199570000,-0.8751000000,-0.1580990000,3.9817446389,-3.8696630000,7.9333030000
0.2093080000,-0.8402270000,-0.1411320000,3.9817892143,-1.1567150000,7.0022780000
0.1591920000,-0.8005030000,-0.1011750000,3.9818159370,-2.0024870000,7.5698100000
0.1241950000,-0.7494650000,-0.1208630000,3.9818240824,-0.8325540000,7.7306610000
0.0691980000,-0.7493860000,-0.0030200000,3.9818129493,-3.0758740000,7.3443930000
0.0391210000,-0.7397030000,-0.0208800000,3.9817818634,-0.8134670000,6.5806730000
0.0028000000,-0.7290310000,0.0233080000,3.9817301807,-0.9648460000,5.4871210000
-0.0195300000,-0.6804550000,0.0299620000,3.9816572910,0.0733230000,5.6515570000
-0.0784600000,-0.6793480000,0.0481270000,3.9815626208,0.4049120000,4.0758570000
-0.1150790000,-0.6333980000,0.0530760000,3.9814456365,1.2319090000,4.0407210000
-0.1606450000,-0.6354880000,0.0275980000,3.9813058470,1.3277860000,3.0644930000
-0.2175370000,-0.6180230000,0.0784000000,3.9811428064,0.4069670000,1.8294250000
-0.2506830000,-0.6046040000,0.0226090000,3.9809561164,1.3386640000,0.8580490000
-0.3022430000,-0.6012690000,0.0435480000,3.9807454282,2.1803990000,-0.5215160000
-0.3567220000,-0.6133090000,0.0658880000,3.9805104446,0.9110410000,-0.0996830000
-0.4103500000,-0.6264980000,0.0658810000,3.9802509211,2.4598590000,-1.7793410000
-0.4535340000,-0.6421090000,0.0685010000,3.9799666678,2.3891030000,-2.4396110000
-0.5095620000,-0.6432120000,0.0744810000,3.9796575497,1.7915350000,-3.0018610000
-0.5429380000,-0.6585280000,0.0825530000,3.9793234878,2.8293170000,-3.3188260000
-0.5898960000,-0.6666550000,0.1083000000,3.9789644594,2.3540760000,-2.9524120000
-0.6112780000,-0.6967090000,0.1035370000,3.9785804980,3.5847470000,-4.2308040000
-0.6409780000,-0.7406510000,0.1099350000,3.9781716930,1.5849320000,-4.1167290000
-0.6406920000,-0.7692940000,0.0702210000,3.9777381895,2.9804010000,-3.7041720000
-0.6686680000,-0.8210050000,0.0654450000,3.9772801872,2.9960130000,-3.8508640000
-0.6813060000,-0.8336660000,0.0506110000,3.9767979394,3.3031340000,-3.5874780000
-0.6861410000,-0.8664970000,0.0222350000,3.9762917519,3.1213260000,-3.6228160000
-0.6768450000,-0.8823020000,0.0164900000,3.9757619810,2.9111580000,-2.8766970000
-0.6403210000,-0.9343250000,-0.0235820000,3.9752090321,2.8717300000,-2.5002460000
-0.6187690000,-0.9900670000,-0.0528640000,3.9746333579,2.8576220000,-3.3257920000
-0.5852350000,-1.0350890000,-0.0746370000,3.9740354555,2.0199170000,-1.2884000000
-0.5516000000,-1.0770650000,-0.1041490000,3.9734158651,2.5601480000,-1.2249170000
-0.5087740000,-1.1223860000,-0.1094830000,3.9727751667,1.5982460000,0.0698460000
-0.4730220000,-1.1566480000,-0.1393530000,3.9721139781,1.4721800000,0.5973680000
-0.4262410000,-1.1909560000,-0.1494730000,3.9714329522,1.7744990000,1.4177160000
-0.4043960000,-1.2110910000,-0.1732080000,3.9707327741,0.4741480000,2.9262210000
-0.3883020000,-1.2433770000,-0.1862530000,3.9700141585,1.0376480000,2.9813760000
-0.3610350000,-1.2603010000,-0.1774920000,3.9692778469,-0.4100350000,3.9767280000
-0.3210940000,-1.2957350000,-0.2369530000,3.9685246051,0.9540740000,4.5531450000
-0.2768800000,-1.3059860000,-0.1973180000,3.9677552200,0.2313500000,5.6098060000
-0.2466290000,-1.3336900000,-0.2368880000,3.9669704975,-0.3415900000,5.5748390000
-0.2151240000,-1.3379170000,-0.2100310000,3.9661712596,-1.4829720000,6.8656520000
-0.1722520000,-1.3485030000,-0.2610630000,3.9653583422,0.8526500000,8.1375290000
-0.1226120000,-1.3389510000,-0.2396320000,3.9645325923,-0.6417490000,7.8868270000
-0.0670010000,-1.3597420000,-0.2718390000,3.9636948662,-0.8804120000,7.8757040000
-0.0039480000,-1.3538010000,-0.2738810000,3.9628460272,-0.4425250000,8.0789380000
0.0336690000,-1.3485490000,-0.2618770000,3.9619869439,-0.7490720000,8.3821700000
0.0775320000,-1.3202940000,-0.3011740000,3.9611184880,-0.6334640000,8.7152460000
0.0930680000,-1.3217480000,-0.2605310000,3.9602415331,-0.8549070000,8.1303910000
0.1648740000,-1.2898460000,-0.3041380000,3.9593569529,0.7079900000,8.4610620000
0.1707760000,-1.2867020000,-0.2657960000,3.9584656201,-1.6270810000,8.0713020000
0.2111890000,-1.2259370000,-0.2726600000,3.9575684052,-1.6716370000,8.1214440000
0.1957390000,-1.2005010000,-0.2425370000,3.9566661756,-1.6050070000,8.0620940000
0.2225100000,-1.1271880000,-0.2273720000,3.9557597945,-2.7534990000,9.1473600000
0.2336870000,-1.1084820000,-0.2308900000,3.9548501203,-1.4170480000,7.5924350000
0.2833730000,-1.0991300000,-0.2074970000,3.9539380062,-1.4573960000,6.9156500000
0.2932860000,-1.0703460000,-0.1807510000,3.9530242996,-2.1536570000,6.6797110000
0.2921380000,-1.0285740000,-0.1546990000,3.9521098415,-1.6223910000,6.1388070000
0.2858750000,-0.9758680000,-0.1033120000,3.9511954667,-3.8701580000,6.2919190000
0.3138710000,-0.9539410000,-0.1188900000,3.9502820032,-1.2135040000,4.5662030000
0.3311360000,-0.9279440000,-0.0743610000,3.9493702723,-1.6558220000,3.5411860000
0.3497940000,-0.8915190000,-0.0986210000,3.9484610887,0.3969290000,3.2146810000
0.2996770000,-0.8304230000,-0.0556580000,3.9475552599,-1.3482420000,2.4124080000
0.2792870000,-0.7880010000,-0.0622980000,3.9466535867,-0.8222770000,2.0744930000
0.2585650000,-0.7455820000,-0.0422680000,3.9457568632,-1.0046460000,0.1352370000
0.2405670000,-0.7456410000,-0.0191570000,3.9448658762,-1.7886890000,-0.2993910000
0.2177380000,-0.7080830000,-0.0124440000,3.9439814058,-1.5945070000,-2.5733080000
0.1706940000,-0.6912770000,0.0278670000,3.9431042247,-1.3995720000,-3.0037780000
0.1365530000,-0.6279590000,0.0137300000,3.9422350984,-1.4900630000,-3.6555610000
0.0971180000,-0.6224440000,0.0500530000,3.9413747849,0.1396780000,-5.4375350000
0.0901620000,-0.6104530000,0.0400260000,3.9405240340,-0.7107100000,-5.3627750000
0.0469420000,-0.6204840000,0.0663240000,3.9396835872,0.2733120000,-7.8028490000
0.0188420000,-0.5792470000,0.0413840000,3.9388541769,0.2634910000,-7.5082250000
-0.0367470000,-0.5686380000,0.0635670000,3.9380365260,1.3267550000,-8.4846560000
-0.0601500000,-0.5718090000,0.0471620000,3.9372313468,1.1259250000,-9.8862160000
-0.0835180000,-0.5844230000,0.0496100000,3.9364393402,1.1770630000,-10.5433570000
-0.1151080000,-0.5872630000,0.0251500000,3.9356611946,1.4965650000,-11.7563800000
-0.1634590000,-0.5743690000,0.0280350000,3.9348975851,0.5580410000,-11.1048850000
-0.1884050000,-0.5602910000,-0.0100050000,3.9341491716,3.4428870000,-11.3459850000
-0.2473740000,-0.5727180000,0.0120760000,3.9334165981,-1.0782680000,-11.9088020000
-0.2229070000,-0.6144480000,-0.0519810000,3.9327004907,1.5172480000,-12.2518820000
-0.2350120000,-0.6613310000,-0.0547610000,3.9320014563,1.3798480000,-13.1428240000
-0.2302230000,-0.6727930000,-0.0797310000,3.9313200808,1.7199940000,-11.8388550000
-0.2658510000,-0.6923930000,-0.0854650000,3.9306569275,1.9451690000,-12.2069740000
-0.2559580000,-0.7075540000,-0.1021730000,3.9300125352,2.3927560000,-10.3002580000
-0.2522480000,-0.7510430000,-0.1291970000,3.9293874163,2.5617980000,-9.6686800000
-0.2142150000,-0.8040940000,-0.1280060000,3.9287820551,2.3346930000,-9.8282770000
-0.1880110000,-0.8506720000,-0.1413090000,3.9281969057,1.6877740000,-9.5445250000
-0.1826510000,-0.8883970000,-0.1286100000,3.9276323902,1.8966260000,-8.9760230000
-0.1835730000,-0.9080490000,-0.1464500000,3.9270888968,1.5891070000,-7.0561830000
-0.1734670000,-0.9443660000,-0.1917210000,3.9265667783,1.3070310000,-5.8597690000
-0.1629270000,-0.9779060000,-0.1705430000,3.9260663498,0.0851530000,-4.9203970000
-0.1416010000,-1.0068770000,-0.2258780000,3.9255878874,-0.1743960000,-3.4967760000
-0.1490880000,-1.0470930000,-0.2155450000,3.9251316267,-0.8742050000,-3.5131150000
-0.1153940000,-1.0686000000,-0.2396910000,3.9246977610,-0.8132760000,-1.7292330000
-0.1094720000,-1.1151840000,-0.2392870000,3.9242864404,-0.4322740000,-1.5134750000
-0.0840360000,-1.1578890000,-0.2435610000,3.9238977705,-0.6007650000,0.0708580000
-0.0713830000,-1.1929810000,-0.2434460000,3.9235318114,-0.3754450000,1.3161370000
-0.0400910000,-1.2129910000,-0.2507430000,3.9231885769,-0.6122240000,2.1288010000
-0.0370380000,-1.2542810000,-0.2127880000,3.9228680342,-1.2937430000,3.4373600000
0.0027120000,-1.2573890000,-0.2796450000,3.9225701031,1.0469730000,3.9273270000
0.0052100000,-1.2845290000,-0.2178070000,3.9222946564,-0.6656550000,4.8332120000
0.0337180000,-1.2710410000,-0.2651260000,3.9220415193,1.1875930000,5.5876110000
0.0151650000,-1.2849750000,-0.2539590000,3.9218104708,-0.2763910000,6.3934140000
0.0188160000,-1.2373470000,-0.2582040000,3.9216012433,-0.3753630000,7.8340700000
0.0260470000,-1.2465800000,-0.3048440000,3.9214135240,0.6568060000,8.4513390000
0.0430300000,-1.2323770000,-0.2888850000,3.9212469559,0.0772430000,7.9170660000
0.0606670000,-1.2187350000,-0.3349240000,3.9211011392,-0.5778530000,9.1728490000
0.0682420000,-1.1949540000,-0.3383150000,3.9209756330,-0.4509970000,9.2583600000
0.0814280000,-1.1808920000,-0.3487730000,3.9208699566,-0.6273720000,10.2979440000
0.0837060000,-1.1430290000,-0.3594700000,3.9207835926,-0.6937430000,10.3678070000
0.1052680000,-1.1385650000,-0.3474140000,3.9207159879,-0.2251060000,10.6770560000
0.1224490000,-1.1132080000,-0.3533780000,3.9206665574,-0.1977070000,10.7049670000
0.1434430000,-1.0980760000,-0.3466490000,3.9206346857,0.0299390000,10.8405090000
0.1463090000,-1.0560220000,-0.3073680000,3.9206197301,-0.6344100000,11.3026070000
0.1433840000,-1.0335010000,-0.3216010000,3.9206210240,1.1293530000,11.8859580000
0.1095650000,-1.0121580000,-0.2487930000,3.9206378793,-1.8444640000,11.7619600000
0.1058130000,-0.9774730000,-0.2384530000,3.9206695897,-0.7706600000,11.5955980000
0.0909960000,-0.9467790000,-0.1870400000,3.9207154341,-1.2026290000,11.2000900000
0.0676810000,-0.9129470000,-0.1878380000,3.9207746796,-1.1619070000,11.3393240000
0.0554800000,-0.8535180000,-0.1494430000,3.9208465848,-1.0677930000,10.4248350000
0.0178210000,-0.8145060000,-0.1214970000,3.9209304030,-1.3021530000,10.6830300000
-0.0060820000,-0.7687060000,-0.0961960000,3.9210253856,-1.5200080000,9.3921640000
-0.0439280000,-0.7387180000,-0.0581520000,3.9211307850,-2.0562730000,9.1686090000
-0.0576230000,-0.6831590000,-0.0580010000,3.9212458579,-1.8058500000,8.1740690000
-0.0878770000,-0.6711190000,-0.0330020000,3.9213698681,-1.0290210000,6.6026790000
-0.1046340000,-0.6052570000,-0.0353620000,3.9215020896,-2.3127730000,5.9917600000
-0.1309590000,-0.6025850000,-0.0547910000,3.9216418091,0.0074540000,4.2342330000
-0.1564570000,-0.5674860000,-0.0079140000,3.9217883285,0.2808390000,2.9537100000
-0.1925470000,-0.5541760000,-0.0317980000,3.9219409672,0.6721710000,1.6899110000
-0.2379800000,-0.5221820000,0.0118490000,3.9220990644,1.3207050000,0.5593880000
-0.2758720000,-0.4976720000,0.0343400000,3.9222619805,1.1409720000,0.0013790000
-0.3115690000,-0.4912090000,0.0493250000,3.9224290991,2.0834360000,-1.9814020000
-0.3614260000,-0.4969860000,0.0991160000,3.9225998278,0.3341550000,-3.1966370000
-0.3914500000,-0.5025300000,0.0961220000,3.9227735995,2.7896980000,-4.2939600000
-0.4370690000,-0.5095770000,0.1395720000,3.9229498729,2.7416530000,-4.3933430000
-0.4812350000,-0.5125180000,0.1316280000,3.9231281329,3.3194210000,-4.5599150000
-0.5122270000,-0.5183310000,0.1589880000,3.9233078904,4.1245440000,-5.9984310000
-0.5288170000,-0.5320090000,0.1625880000,3.9234886821,3.2378390000,-6.1157190000
-0.5246740000,-0.5683890000,0.1619390000,3.9236700703,3.8699910000,-6.8583900000
-0.5384110000,-0.6058970000,0.1648570000,3.9238516412,3.9248930000,-7.1008500000
-0.5438050000,-0.6190240000,0.1340310000,3.9240330044,3.3810030000,-7.0018160000
-0.5535400000,-0.6671280000,0.1355770000,3.9242137912,2.7126530000,-7.3106730000
-0.5142890000,-0.6815380000,0.0688620000,3.9243936526,3.4929770000,-5.9555340000
-0.5101460000,-0.7666840000,0.0627470000,3.9245722578,2.2993940000,-7.1345220000
-0.4596560000,-0.7920970000,0.0228850000,3.9247492917,1.9360440000,-5.8774230000
-0.4508200000,-0.8507110000,0.0044500000,3.9249244525,1.7833850000,-6.1045860000
-0.4235560000,-0.8861320000,-0.0147520000,3.9250974493,1.4562180000,-5.0287920000
-0.4021310000,-0.9347910000,-0.0483480000,3.9252679993,0.3846760000,-4.1908400000
-0.3832010000,-1.0019760000,-0.0498440000,3.9254358249,-0.4849930000,-4.0222720000
-0.3285090000,-1.0560180000,-0.0655210000,3.9256006509,-0.7740510000,-2.4908880000
-0.3118280000,-1.1092460000,-0.1192910000,3.9257622014,0.6141210000,-1.7673620000
-0.2874790000,-1.1411880000,-0.0970200000,3.9259201968,-1.7828300000,-0.4517690000
-0.2510310000,-1.1795200000,-0.1702770000,3.9260743510,1.6286970000,0.6517980000
-0.2307710000,-1.2282870000,-0.1604490000,3.9262243684,-0.0799300000,1.6703860000
-0.1612330000,-1.2581050000,-0.2132870000,3.9263699407,0.6466340000,2.4246490000
-0.1308600000,-1.3130790000,-0.2302040000,3.9265107447,-0.2825750000,1.9370870000
-0.0605340000,-1.3369520000,-0.2728990000,3.9266464393,0.6120800000,3.2892760000
-0.0349110000,-1.3562040000,-0.3263600000,3.9267766632,-0.6077200000,3.9752610000
0.0090010000,-1.3588690000,-0.3448340000,3.9269010328,-0.8285070000,4.6040360000
0.0502710000,-1.3689070000,-0.3667080000,3.9270191397,-1.9983710000,5.5947400000
0.1019700000,-1.3884210000,-0.4135520000,3.9271305495,-0.2634450000,5.1470030000
0.1091220000,-1.3838450000,-0.4194040000,3.9272347999,-3.0784930000,6.0729560000
0.1722860000,-1.3807400000,-0.4913810000,3.9273313996,-0.7294560000,5.5051680000
0.1915900000,-1.3763680000,-0.4527960000,3.9274198271,-1.7989230000,6.0150460000
0.2091410000,-1.3420930000,-0.4888970000,3.9274995301,-1.4614330000,6.4453370000
0.2276440000,-1.3472560000,-0.4576610000,3.9275699253,-1.7874320000,7.4293010000
0.2415030000,-1.3148750000,-0.4326520000,3.9276303977,-1.5625520000,7.3978360000
0.2669740000,-1.3194050000,-0.4354260000,3.9276803011,-0.6045390000,6.5338790000
0.2807800000,-1.3073880000,-0.3525380000,3.9277189587,-1.6074060000,6.4599350000
0.3091930000,-1.2729250000,-0.3369200000,3.9277456635,-0.6663380000,7.2555330000
0.3032550000,-1.2639670000,-0.2823990000,3.9277596794,-0.9490480000,7.0944890000
0.3329680000,-1.2098700000,-0.2755320000,3.9277602425,-1.5814650000,7.1500640000
0.3362400000,-1.2076280000,-0.2225860000,3.9277465626,-0.8181510000,6.6271680000
0.3623460000,-1.1703950000,-0.1918660000,3.9277178252,-0.9867920000,6.9165580000
0.3532990000,-1.1492890000,-0.1689020000,3.9276731933,-0.8806880000,4.8368470000
0.3618470000,-1.1021330000,-0.1400690000,3.9276118100,-1.3625360000,4.6227000000
0.3471610000,-1.0532510000,-0.1139540000,3.9275328003,-0.8320980000,4.4768370000
0.3357610000,-1.0088370000,-0.1202430000,3.9274352746,-1.1270280000,3.5433990000
0.3229830000,-0.9758250000,-0.0745680000,3.9273183312,-1.8586930000,2.8784320000
0.3054870000,-0.9118340000,-0.0880450000,3.9271810588,-1.3343960000,2.1287020000
0.2857890000,-0.8852230000,-0.0120040000,3.9270225403,-1.5538900000,2.0664040000
0.2760540000,-0.8294350000,-0.0349750000,3.9268418557,-1.2322270000,1.2903130000
0.2523970000,-0.8164490000,-0.0014740000,3.9266380851,-1.0087030000,-0.2408380000
0.2480610000,-0.7739060000,0.0272400000,3.9264103121,-1.2566090000,-0.3019540000
0.2130860000,-0.7755730000,0.0426910000,3.9261576274,-0.6794580000,-0.9456020000
0.1778430000,-0.7089040000,0.0713920000,3.9258791317,-0.8633200000,-1.4033460000
0.1411120000,-0.6739490000,0.0667870000,3.9255739390,-0.1978160000,-1.8643760000
0.1093380000,-0.6304630000,0.0979340000,3.9252411801,-0.8574480000,-3.3796950000
0.0718530000,-0.5915040000,0.0801600000,3.9248800057,-1.7397480000,-4.1700220000
0.0500250000,-0.5765750000,0.0479530000,3.9244895890,0.0999270000,-6.0068100000
0.0079370000,-0.5599360000,0.0412270000,3.9240691295,-0.8041870000,-5.7234710000
-0.0362410000,-0.5158470000,0.0012530000,3.9236178553,1.3519310000,-6.7279880000
-0.0909690000,-0.4985290000,-0.0161530000,3.9231350259,-0.1897970000,-7.2128840000
-0.1221820000,-0.4708120000,-0.0552180000,3.9226199353,0.1052380000,-7.6367630000
-0.1464590000,-0.4797000000,-0.0844680000,3.9220719136,0.5043530000,-8.8464960000
-0.1734500000,-0.4589590000,-0.0995340000,3.9214903302,0.8305520000,-9.3529800000
-0.1994830000,-0.4676540000,-0.1265810000,3.9208745952,2.6003900000,-9.8024320000
-0.2277550000,-0.4903220000,-0.1038470000,3.9202241616,3.1774490000,-10.7011970000
-0.2557310000,-0.5153250000,-0.1153490000,3.9195385273,1.8528280000,-10.5825110000
-0.2815770000,-0.5407340000,-0.1170950000,3.9188172359,3.4289400000,-11.3577740000
-0.3143230000,-0.5667540000,-0.0892500000,3.9180598789,2.0675450000,-10.1363490000
-0.3466150000,-0.5753010000,-0.1019370000,3.9172660961,3.3294130000,-10.4901570000
-0.3813210000,-0.6094980000,-0.0715380000,3.9164355770,3.1444110000,-9.7969940000
-0.3970400000,-0.6302330000,-0.0639690000,3.9155680615,2.9401130000,-8.9610030000
-0.4137740000,-0.6820530000,-0.0607160000,3.9146633404,3.2522860000,-8.8904170000
-0.4092740000,-0.6913520000,-0.0466110000,3.9137212559,2.6953440000,-8.4242350000
-0.4046520000,-0.7407200000,-0.0798620000,3.9127417018,4.6591940000,-6.6107060000
-0.4155300000,-0.7692940000,-0.0513870000,3.9117246238,1.9765370000,-6.5393060000
-0.3721490000,-0.7984880000,-0.0720300000,3.9106700197,1.5830350000,-5.0024240000
-0.3577490000,-0.8604010000,-0.0672080000,3.9095779387,0.6452880000,-4.3927690000
-0.3120510000,-0.8952080000,-0.0899920000,3.9084484822,0.3901610000,-3.2040620000
-0.2878000000,-0.9304620000,-0.1033050000,3.9072818025,0.1826510000,-2.2271880000
-0.2596270000,-0.9751680000,-0.1439290000,3.9060781033,0.0687970000,-2.3335440000
-0.2364800000,-0.9878480000,-0.1210170000,3.9048376391,-1.1930380000,-0.4434950000
-0.2307220000,-1.0206790000,-0.1879300000,3.9035607144,-1.3322130000,0.6765850000
-0.2415110000,-1.0530800000,-0.1459020000,3.9022476838,-2.0280380000,2.1578780000
-0.2173690000,-1.0510220000,-0.1778820000,3.9008989514,-1.5822330000,3.7796890000
-0.2330660000,-1.1047990000,-0.1766810000,3.8995149702,-1.5413770000,3.9750370000
-0.2070390000,-1.1340160000,-0.1870900000,3.8980962417,-1.7876940000,4.8668870000
-0.2010620000,-1.1660920000,-0.1933000000,3.8966433155,-0.6274570000,5.3424470000
-0.1857620000,-1.1652480000,-0.1734020000,3.8951567889,0.3438520000,6.9085550000
-0.1868560000,-1.1794220000,-0.1828820000,3.8936373069,0.2164180000,8.8031690000
-0.1891070000,-1.1876570000,-0.1979810000,3.8920855611,0.1207190000,9.2242640000
-0.1614990000,-1.2181150000,-0.1818900000,3.8905022903,0.0102450000,9.8594360000
-0.1390370000,-1.2395300000,-0.2073980000,3.8888882800,0.0150140000,9.7032950000
-0.1087400000,-1.2566800000,-0.2180990000,3.8872443623,0.7577640000,9.6792610000
-0.1072560000,-1.2362700000,-0.2148030000,3.8855714158,-0.4766980000,10.7341810000
-0.0978260000,-1.2285500000,-0.2478540000,3.8838703661,1.2265850000,11.6862920000
-0.1043220000,-1.2046730000,-0.2142980000,3.8821421855,-1.7253510000,12.2348990000
-0.0749640000,-1.1911920000,-0.2865700000,3.8803878932,1.7168370000,12.8476850000
-0.0841450000,-1.1785220000,-0.2617820000,3.8786085560,-0.5237520000,12.4262230000
-0.0545400000,-1.1659140000,-0.2770090000,3.8768052881,-0.6119510000,12.7257720000
-0.0578520000,-1.1431310000,-0.2763360000,3.8749792521,-1.2874010000,12.4926490000
-0.0482510000,-1.1311240000,-0.2539170000,3.8731316586,-1.2941400000,13.4570140000
-0.0652640000,-1.1004820000,-0.2373340000,3.8712637673,-2.0689170000,13.7085820000
-0.0573010000,-1.0751940000,-0.2152300000,3.8693768871,-2.5290950000,13.6640000000
-0.0619780000,-1.0449860000,-0.1735730000,3.8674723764,-3.0778070000,13.4579210000
-0.0459500000,-1.0090530000,-0.1794220000,3.8655516439,-1.0718600000,13.2108620000
-0.0649060000,-0.9768980000,-0.1450970000,3.8636161485,-2.9423250000,12.8346080000
-0.0644830000,-0.9336880000,-0.1699520000,3.8616674000,-1.8492170000,12.0666250000
-0.0901220000,-0.8983530000,-0.0976300000,3.8597069589,-2.3946990000,10.8647330000
-0.0927190000,-0.8633060000,-0.1290500000,3.8577364367,-1.6434210000,10.4949850000
-0.1314840000,-0.8236280000,-0.1056200000,3.8557574962,-2.3052820000,8.9154840000
-0.1303420000,-0.7843670000,-0.0975810000,3.8537718507,-1.1372600000,8.1791270000
-0.1618040000,-0.7585470000,-0.0856820000,3.8517812642,-0.7771270000,6.1591950000
-0.1771100000,-0.7366600000,-0.0533530000,3.8497875510,-0.9950320000,4.8465110000
-0.1887040000,-0.7112500000,-0.0424000000,3.8477925746,0.6400330000,4.1825290000
-0.2041410000,-0.7240950000,-0.0246910000,3.8457982470,1.2385030000,1.5723360000
-0.2315990000,-0.7085130000,0.0406000000,3.8438065276,1.2528340000,0.6142240000
-0.2405560000,-0.6875150000,0.0263050000,3.8418194219,3.2968050000,-0.4643630000
-0.2807240000,-0.6782620000,0.0855200000,3.8398389796,2.7788460000,-1.6467480000
-0.2980060000,-0.6652700000,0.1178620000,3.8378672929,3.2050810000,-2.8843230000
-0.3373780000,-0.6775300000,0.1373630000,3.8359064940,4.1883580000,-4.3845260000
-0.3697530000,-0.6624240000,0.1718420000,3.8339587530,3.1895290000,-4.7499900000
-0.4183600000,-0.6565780000,0.1436000000,3.8320262747,5.2315830000,-5.6001400000
-0.4548110000,-0.6488810000,0.1900130000,3.8301112959,3.1213850000,-6.0934020000
-0.4611300000,-0.6585670000,0.1512080000,3.8282160816,3.7367080000,-6.1646670000
-0.4767800000,-0.6632710000,0.1635400000,3.8263429219,2.5193990000,-7.6814010000
-0.4461590000,-0.6880240000,0.1349540000,3.8244941276,3.1774330000,-7.1136330000
-0.4393510000,-0.7073150000,0.1129740000,3.8226720265,2.2119070000,-8.3949490000
-0.4090510000,-0.7448690000,0.0931290000,3.8208789589,3.2959550000,-7.9092950000
-0.3819610000,-0.7538760000,0.0612010000,3.8191172726,1.6855780000,-8.1702290000
-0.3512140000,-0.8031650000,0.0402490000,3.8173893189,1.6933770000,-8.2612230000
-0.3106790000,-0.7907670000,-0.0015930000,3.8156974469,0.5774010000,-8.3294190000
-0.2968800000,-0.8346860000,-0.0308090000,3.8140439989,1.6989670000,-8.5368120000
-0.2549790000,-0.8479940000,-0.0632500000,3.8124313050,-0.3585900000,-7.1571760000
-0.2537880000,-0.8985430000,-0.1276740000,3.8108616774,1.1817760000,-7.1490710000
-0.2227260000,-0.9211790000,-0.1450380000,3.8093374055,0.4295330000,-7.1112430000
-0.1954060000,-0.9572660000,-0.1834690000,3.8078607502,1.0252660000,-6.3534750000
-0.1753640000,-0.9846090000,-0.2142810000,3.8064339382,-0.1769330000,-5.8465270000
-0.1537190000,-1.0001670000,-0.2154890000,3.8050591571,-0.2595030000,-4.6627970000
-0.1267050000,-1.0189070000,-0.2931880000,3.8037385491,0.9276070000,-4.9705740000
-0.0906670000,-1.0531200000,-0.2626910000,3.8024742065,-0.2163120000,-3.2712710000
-0.0250250000,-1.0727460000,-0.3221460000,3.8012681660,0.4567120000,-3.1973030000
-0.0002160000,-1.1379910000,-0.3104370000,3.8001224034,0.2185380000,-3.2411420000
0.0647560000,-1.1373900000,-0.3652140000,3.7990388292,0.4911610000,-2.0807290000
0.0883670000,-1.1703190000,-0.3791320000,3.7980192835,0.6319390000,-1.6699900000
0.1437750000,-1.1656190000,-0.3804650000,3.7970655313,-0.9194500000,-0.4121350000
0.1907100000,-1.2065250000,-0.4164300000,3.7961792588,-0.1868360000,-0.8999890000
0.2281990000,-1.2071320000,-0.3926100000,3.7953620687,-0.8605830000,-1.0091950000
0.2568610000,-1.1997690000,-0.4259200000,3.7946154766,-1.8559160000,0.9913860000
0.2615580000,-1.1770090000,-0.4185900000,3.7939409081,-0.4912400000,1.3182540000
0.2801300000,-1.1652740000,-0.4099210000,3.7933396947,-2.1464420000,1.9017810000
0.3043710000,-1.1596940000,-0.4194760000,3.7928130717,-1.0154610000,1.4064120000
0.3501380000,-1.1729490000,-0.3928330000,3.7923621756,-1.5782350000,1.9683140000
0.3643450000,-1.1535990000,-0.4010850000,3.7919880414,-1.9079140000,2.3292810000
0.3789510000,-1.1367570000,-0.3461660000,3.7916916014,-1.7970360000,3.3281760000
0.3825030000,-1.1104350000,-0.3239310000,3.7914736834,-2.2326480000,3.5824860000
0.4079450000,-1.0949510000,-0.3101480000,3.7913350096,-1.5054600000,4.3679710000
0.4265630000,-1.0780400000,-0.2592020000,3.7912761956,-2.2532060000,3.9573510000
0.4604020000,-1.0617400000,-0.2660320000,3.7912977505,-1.1148960000,3.1494840000
0.4425260000,-1.0418380000,-0.2039120000,3.7914000758,-2.2401190000,3.1962090000
0.4448200000,-0.9911050000,-0.2260720000,3.7915834667,-1.5645110000,4.3203880000
0.4253260000,-0.9798620000,-0.1833280000,3.7918481117,-1.9141760000,3.1928950000
0.4549530000,-0.9557330000,-0.1808920000,3.7921940937,-1.3723280000,3.1795330000
0.4189940000,-0.9268510000,-0.1493580000,3.7926213911,-1.8480060000,2.8509590000
0.4071440000,-0.8903670000,-0.1378470000,3.7931298791,-1.2205910000,2.9219350000
0.3652370000,-0.8517030000,-0.1087150000,3.7937193311,-3.1588710000,2.4814960000
0.3628180000,-0.8147430000,-0.1138030000,3.7943894206,-0.7672930000,1.4232560000
0.3422410000,-0.8130880000,-0.0717190000,3.7951397234,-3.4807630000,1.7448660000
0.3351770000,-0.7738070000,-0.0966810000,3.7959697191,-0.4001850000,1.5819740000
0.2855070000,-0.7585830000,-0.0264830000,3.7968787944,-1.1311080000,1.6542880000
0.2723280000,-0.7169850000,-0.0539740000,3.7978662445,0.0499820000,1.8167850000
0.2253960000,-0.7149100000,0.0030160000,3.7989312765,-0.5452330000,1.2155030000
0.2322490000,-0.7028340000,-0.0051930000,3.8000730117,0.4460150000,0.4069760000
0.2094990000,-0.7193450000,0.0294360000,3.8012904885,0.3915590000,-0.3781120000
0.1673520000,-0.7077350000,0.0392710000,3.8025826653,-1.6827450000,-0.7577000000
0.1082520000,-0.6697080000,0.0258520000,3.8039484230,0.1122100000,-0.1374190000
0.0680550000,-0.6366900000,0.0272400000,3.8053865685,3.8052320000,-0.2805450000
0.0066770000,-0.6126590000,0.0144230000,3.8068958375,-0.7729520000,0.0125390000
-0.0274830000,-0.6000910000,-0.0292240000,3.8084748970,0.9189120000,-1.5425860000
-0.0651070000,-0.6052440000,-0.0184020000,3.8101223491,0.1454880000,-1.8095370000
-0.1031110000,-0.5883200000,-0.0856360000,3.8118367333,0.4131870000,-2.3161070000
-0.1785740000,-0.5975630000,-0.0575480000,3.8136165297,-0.1477200000,-2.8692750000
-0.2044400000,-0.5697310000,-0.1013330000,3.8154601619,-0.3579560000,-2.6794880000
-0.2759310000,-0.5856670000,-0.1017630000,3.8173659998,0.5365410000,-3.1387880000
-0.2900490000,-0.5768670000,-0.1008300000,3.8193323626,0.2472920000,-3.1165270000
-0.3367810000,-0.5871870000,-0.1271290000,3.8213575212,2.1010160000,-4.0964800000
-0.3624500000,-0.6028150000,-0.1077270000,3.8234397014,1.4412230000,-4.0490520000
-0.3994660000,-0.6203920000,-0.1394320000,3.8255770862,1.7889520000,-3.9327750000
-0.4212550000,-0.6440360000,-0.1337530000,3.8277678183,2.2122610000,-4.5063880000
-0.4788880000,-0.6668590000,-0.0949780000,3.8300100031,-1.1013760000,-4.2283960000
-0.4802400000,-0.6970440000,-0.1446900000,3.8323017104,4.6547100000,-4.3008880000
-0.5120270000,-0.7169720000,-0.0959400000,3.8346409775,3.1253370000,-3.7728230000
-0.5095820000,-0.7301700000,-0.1293680000,3.8370258112,4.0298430000,-3.4919340000
-0.5394720000,-0.7732820000,-0.1092660000,3.8394541900,3.6338690000,-3.7296550000
-0.5309960000,-0.7852230000,-0.1109470000,3.8419240662,3.6896510000,-2.0010500000
-0.5626420000,-0.8178480000,-0.1112190000,3.8444333686,2.9211990000,-1.1122900000
-0.5276610000,-0.8545940000,-0.1048380000,3.8469800038,3.4597490000,-0.7636550000
-0.4954740000,-0.8765020000,-0.1040470000,3.8495618591,4.0263600000,0.0821290000
-0.4722670000,-0.9231060000,-0.1186280000,3.8521768039,2.5957820000,0.6295230000
-0.4546600000,-0.9345020000,-0.0889550000,3.8548226918,0.9246010000,2.6173680000
-0.4162720000,-0.9627870000,-0.1452120000,3.8574973628,2.8153370000,2.8216290000
-0.4268450000,-0.9933470000,-0.0806400000,3.8601986453,-2.0571860000,4.3073210000
-0.3745220000,-0.9953460000,-0.1507860000,3.8629243574,0.1548360000,5.7511810000
-0.3667000000,-1.0181650000,-0.1197410000,3.8656723098,-0.8469900000,6.3933580000
-0.3389540000,-1.0180170000,-0.1364090000,3.8684403067,-0.4510000000,7.8629620000
-0.3276130000,-1.0205480000,-0.1462690000,3.8712261486,0.3319400000,8.8686820000
-0.3001820000,-1.0421170000,-0.1364220000,3.8740276336,-0.8033300000,9.3740470000
-0.2731250000,-1.0668960000,-0.1431770000,3.8768425596,-2.1429300000,10.6414470000
-0.2213180000,-1.0915610000,-0.1616930000,3.8796687264,-0.1754330000,10.2539990000
-0.2082700000,-1.1139070000,-0.1378660000,3.8825039372,-3.0637750000,11.7340910000
-0.1672100000,-1.1018580000,-0.1733660000,3.8853460008,-0.2271180000,11.9031630000
-0.1668390000,-1.1115180000,-0.1345180000,3.8881927338,-1.0131440000,12.5330900000
-0.1052800000,-1.0923910000,-0.1602890000,3.8910419621,-0.1526590000,13.1315840000
-0.0968740000,-1.1247430000,-0.1480710000,3.8938915231,0.0926140000,12.3328200000
-0.0470140000,-1.1144460000,-0.1815820000,3.8967392678,0.2117110000,13.0325810000
-0.0570380000,-1.1121180000,-0.1742000000,3.8995830626,0.2452580000,12.6077540000
-0.0458490000,-1.1030330000,-0.1373640000,3.9024207911,-1.4536600000,12.7333210000
-0.0277660000,-1.0796190000,-0.1938680000,3.9052503565,1.6913390000,13.4274610000
-0.0296860000,-1.0577510000,-0.1581020000,3.9080696830,-0.0521610000,12.8067120000
-0.0171040000,-1.0507140000,-0.1679600000,3.9108767180,-0.2001270000,12.7489680000
-0.0135330000,-1.0146890000,-0.1549150000,3.9136694339,-0.6074350000,11.6788360000
-0.0023230000,-0.9940130000,-0.1339040000,3.9164458296,-0.3902420000,11.6197390000
-0.0066300000,-0.9872510000,-0.1277200000,3.9192039327,-1.7559370000,11.1968790000
0.0095620000,-0.9828860000,-0.1097880000,3.9219418009,-0.5043130000,10.2369850000
0.0226360000,-0.9649140000,-0.1014150000,3.9246575234,-2.0384790000,9.6152060000
0.0413820000,-0.9683840000,-0.1076320000,3.9273492227,-0.3304820000,7.8265850000
0.0312760000,-0.9466970000,-0.0728970000,3.9300150560,-2.9823110000,7.6912240000
0.0327990000,-0.9111350000,-0.1229930000,3.9326532164,-0.5316100000,7.0430400000
-0.0022780000,-0.8993080000,-0.0559830000,3.9352619340,-1.6529080000,6.0812940000
0.0020750000,-0.8584510000,-0.0817890000,3.9378394773,-0.5911110000,4.9160800000
-0.0254120000,-0.8646850000,-0.0593960000,3.9403841537,-1.0165280000,3.5544780000
-0.0178490000,-0.8522310000,-0.0471950000,3.9428943108,-0.5867290000,1.8963900000
-0.0435580000,-0.8524540000,-0.0588510000,3.9453683366,-0.5542170000,0.5376670000
-0.0525190000,-0.8506520000,-0.0207090000,3.9478046604,-1.1453610000,-0.3810460000
-0.0842170000,-0.8448390000,-0.0254160000,3.9502017531,0.7770710000,-1.3142900000
-0.0940640000,-0.8338170000,-0.0243330000,3.9525581270,0.6090070000,-2.7135180000
-0.1234880000,-0.8265400000,-0.0074550000,3.9548723365,0.9668130000,-3.1889080000
-0.1384130000,-0.8148570000,-0.0121820000,3.9571429776,1.3777540000,-5.3453790000
-0.1580190000,-0.8356090000,0.0182100000,3.9593686875,1.5481650000,-6.4335410000
-0.1625660000,-0.8160720000,-0.0032760000,3.9615481447,1.6584550000,-7.1741650000
-0.2060150000,-0.8409130000,0.0095050000,3.9636800678,2.1540210000,-8.5066420000
-0.2288180000,-0.8235160000,0.0057010000,3.9657632154,1.3945010000,-8.1619170000
-0.2537290000,-0.8370010000,-0.0266930000,3.9677963847,2.2701340000,-8.8311640000
-0.2647450000,-0.8513650000,-0.0038640000,3.9697784109,2.1948880000,-10.2976730000
-0.2514610000,-0.8645800000,-0.0255350000,3.9717081662,2.0703420000,-10.5053820000
-0.2468950000,-0.8686040000,-0.0314630000,3.9735845580,2.3538950000,-11.5754010000
-0.2292480000,-0.8874220000,-0.0280060000,3.9754065284,1.9930930000,-11.2781260000
-0.2289200000,-0.9113020000,-0.0785360000,3.9771730523,2.9158060000,-12.0238960000
-0.1931610000,-0.9411660000,-0.0791660000,3.9788831363,2.1044370000,-11.7688140000
-0.1843480000,-0.9820060000,-0.0984010000,3.9805358172,2.0882380000,-11.7806660000
-0.1452340000,-0.9981850000,-0.1221430000,3.9821301604,1.7386450000,-11.6778190000
-0.1163000000,-1.0303990000,-0.1128440000,3.9836652589,1.4972190000,-11.1787860000
-0.0864430000,-1.0403280000,-0.1684160000,3.9851402312,2.7160670000,-11.0037200000
-0.0744720000,-1.0718820000,-0.1536810000,3.9865542206,1.1232800000,-10.2370630000
-0.0479460000,-1.0560770000,-0.1976920000,3.9879063934,0.5162260000,-9.3850000000
-0.0386770000,-1.0946660000,-0.2050870000,3.9891959380,0.0807880000,-9.3494670000
-0.0086850000,-1.1004100000,-0.2277330000,3.9904220639,-0.0850770000,-8.3247050000
0.0113770000,-1.1370160000,-0.2683460000,3.9915840003,-0.5695130000,-8.4954240000
0.0420030000,-1.1475130000,-0.2631110000,3.9926809955,-1.1967010000,-7.7897510000
0.0720340000,-1.1537400000,-0.3156660000,3.9937123166,-0.8021620000,-6.2334640000
0.0935790000,-1.1410240000,-0.3132340000,3.9946772485,-0.7538940000,-5.5539360000
0.1215690000,-1.1735890000,-0.3297900000,3.9955750940,-1.1354440000,-4.6343990000
0.1654810000,-1.1586770000,-0.3577670000,3.9964051738,-0.3492310000,-4.7100360000
0.2200950000,-1.1794540000,-0.3587680000,3.9971668266,-0.3653450000,-4.1062990000
0.2436530000,-1.1810000000,-0.3900950000,3.9978594093,-0.5199670000,-4.4241570000
0.2765590000,-1.1716950000,-0.3770380000,3.9984822984,-1.0983170000,-2.4322180000
0.3032780000,-1.1393170000,-0.4223780000,3.9990348903,0.2858190000,-1.9660820000
0.3272500000,-1.1517410000,-0.4011740000,3.9995166027,-0.4327500000,-1.6525260000
0.3655890000,-1.1165430000,-0.4469140000,3.9999268763,1.4742060000,-0.6993810000
0.3734700000,-1.1071260000,-0.4367490000,4.0002651761,-0.2181010000,-0.8773810000
0.3959770000,-1.0713340000,-0.4146380000,4.0005309936,-0.2555340000,0.2002040000
0.4130850000,-1.0491190000,-0.4451060000,4.0007238492,-0.4122580000,0.5643520000
0.4282570000,-1.0194620000,-0.4122420000,4.0008432939,-0.1368970000,1.0185990000
0.4423020000,-0.9988050000,-0.3990430000,4.0008889126,-1.5640390000,2.2653710000
0.4591350000,-0.9821310000,-0.3880570000,4.0008603266,-0.3983500000,1.6863320000
0.4878300000,-0.9509050000,-0.3495010000,4.0007571965,-1.7875830000,3.1461180000
0.4897140000,-0.9165150000,-0.3575470000,4.0005792255,-0.3439430000,3.8612660000
0.5001820000,-0.8966330000,-0.2876730000,4.0003261623,-1.4679520000,4.6782290000
0.4985700000,-0.8446420000,-0.2873350000,3.9999978048,-1.6766200000,6.0103760000
0.5021380000,-0.8280270000,-0.2526830000,3.9995940033,-2.0134210000,5.7296330000
0.5077640000,-0.7868350000,-0.2267710000,3.9991146638,-2.2088280000,7.1312560000
0.5110960000,-0.7531180000,-0.2392380000,3.9985597518,-1.4962800000,8.1192270000
0.4848230000,-0.7325700000,-0.1615560000,3.9979292954,-3.4312440000,8.2946200000
0.5151100000,-0.6895900000,-0.2079040000,3.9972233890,-2.9089160000,9.2283040000
0.5039240000,-0.6806650000,-0.1549580000,3.9964421964,-2.4216020000,9.0868790000
0.4947660000,-0.6261110000,-0.1507300000,3.9955859540,-3.4949730000,9.7557210000
0.4709520000,-0.6203040000,-0.1415690000,3.9946549739,-3.1083340000,9.3251500000
0.4431850000,-0.5520000000,-0.1429740000,3.9936496469,-3.8933590000,9.9414950000
0.3900620000,-0.5140550000,-0.1603210000,3.9925704449,-3.2303790000,10.0876010000
0.3184200000,-0.4804620000,-0.1129920000,3.9914179233,-4.8455160000,8.6412650000
0.2655760000,-0.4512940000,-0.1233380000,3.9901927232,-3.4261860000,7.9414110000
0.1690330000,-0.4339010000,-0.0874120000,3.9888955732,-3.5288310000,6.5685520000
0.0832690000,-0.4078220000,-0.0765600000,3.9875272903,-4.2105570000,5.9642700000
-0.0399400000,-0.4033770000,-0.0496930000,3.9860887817,-2.1828350000,4.8258880000
-0.1339560000,-0.3887670000,-0.0032990000,3.9845810442,-0.6100250000,3.6846110000
-0.2409170000,-0.4081140000,0.0393660000,3.9830051655,0.7518780000,2.6748860000
-0.3243210000,-0.4360510000,0.1102890000,3.9813623229,1.5222080000,0.7532860000
-0.4109120000,-0.4806520000,0.1732470000,3.9796537826,3.0188880000,0.0968170000
-0.4947910000,-0.5180890000,0.2361870000,3.9778808987,4.9317840000,-1.1991990000
-0.5905920000,-0.5700530000,0.3262180000,3.9760451108,5.6603770000,-1.1171490000
-0.6694000000,-0.6344940000,0.3655220000,3.9741479419,6.5347040000,-2.8010630000
-0.7347050000,-0.7077450000,0.4330650000,3.9721909954,6.7641260000,-4.5160590000
-0.7806590000,-0.7600570000,0.4556970000,3.9701759515,7.0581080000,-4.4513890000
-0.8312640000,-0.8141250000,0.4221440000,3.9681045639,10.1377410000,-4.8853440000
-0.9146280000,-0.8457290000,0.4645140000,3.9659786548,7.0454480000,-4.2581750000
-0.9612390000,-0.8893920000,0.4038840000,3.9638001109,7.4863910000,-4.7218530000
-0.9759770000,-0.9715350000,0.3916170000,3.9615708776,5.7553510000,-4.9408830000
-0.9673830000,-1.0282190000,0.3072590000,3.9592929542,5.5646250000,-4.8613910000
-0.9806050000,-1.1102700000,0.2878790000,3.9569683876,4.3966550000,-5.7135440000
-0.9515100000,-1.1448800000,0.2117630000,3.9545992664,1.9394090000,-4.2139610000
-0.9495760000,-1.2209640000,0.1436420000,3.9521877149,2.4086790000,-3.9427250000
-0.8999190000,-1.2723370000,0.1024840000,3.9497358863,1.2093590000,-1.6852950000
-0.8777400000,-1.3599850000,0.0121870000,3.9472459560,1.3078420000,-1.3701370000
-0.8405530000,-1.4528260000,-0.0054920000,3.9447201152,-0.6430460000,-1.0184450000
-0.8184620000,-1.5251580000,-0.0870280000,3.9421605638,-0.5494040000,0.1662020000
-0.7773010000,-1.5812610000,-0.1147150000,3.9395695041,0.2160340000,1.4879300000
-0.7628940000,-1.6523850000,-0.1442800000,3.9369491335,-1.6041070000,2.8696180000
-0.7116620000,-1.7002500000,-0.2195100000,3.9343016384,0.7630980000,3.3209910000
-0.6924100000,-1.7525290000,-0.2433670000,3.9316291878,0.6643500000,4.9918650000
-0.6351380000,-1.7779120000,-0.3191650000,3.9289339272,0.6099730000,6.1264610000
-0.5983260000,-1.8370620000,-0.3474700000,3.9262179722,1.3337600000,5.3513110000
-0.5240340000,-1.8337760000,-0.4327050000,3.9234834041,0.3833340000,6.7600270000
-0.4716760000,-1.8544620000,-0.5216090000,3.9207322638,2.2933840000,6.7440430000
-0.3962090000,-1.8416900000,-0.5704320000,3.9179665476,1.9288110000,7.8195090000
-0.3447700000,-1.8129460000,-0.6259780000,3.9151882028,1.6351900000,8.1819890000
-0.2665400000,-1.7819360000,-0.6834700000,3.9123991244,1.8378020000,8.4436470000
-0.1998140000,-1.7423570000,-0.7212570000,3.9096011512,1.1755370000,8.6354340000
-0.1121080000,-1.7176790000,-0.7725680000,3.9067960638,2.0517250000,7.8532170000
-0.0498230000,-1.6698180000,-0.7706640000,3.9039855821,-0.7829950000,8.1377790000
0.0231650000,-1.5946340000,-0.8224120000,3.9011713635,1.6648200000,8.5564840000
0.0613560000,-1.5390950000,-0.7679530000,3.8983550027,-1.9424680000,9.5842950000
0.1277200000,-1.4542670000,-0.7818870000,3.8955380300,-0.8447810000,10.4046940000
0.1745280000,-1.4062680000,-0.7110190000,3.8927219125,-1.4414690000,9.3267810000
0.2783250000,-1.3291530000,-0.6851410000,3.8899080538,-0.6975930000,10.4199290000
0.3363520000,-1.2664720000,-0.6159070000,3.8870977954,-0.9071930000,10.0943280000
0.4037080000,-1.1843130000,-0.5407560000,3.8842924182,-2.2110830000,10.2456950000
0.4695860000,-1.1114130000,-0.4677610000,3.8814931444,-1.9573040000,10.3369470000
0.5517720000,-1.0307800000,-0.3934300000,3.8787011402,-1.0147130000,9.9313620000
0.6209720000,-0.9594980000,-0.3310770000,3.8759175179,-1.7704610000,10.3973640000
0.6852460000,-0.8744010000,-0.2798350000,3.8731433398,-1.9563390000,8.7462180000
0.7335200000,-0.7793970000,-0.2045060000,3.8703796211,-3.0598300000,8.6014490000
0.7487970000,-0.6528820000,-0.1701130000,3.8676273341,-2.8524450000,7.4746190000
0.7544390000,-0.5597790000,-0.0983420000,3.8648874115,-3.6360350000,6.6417310000
0.7604760000,-0.4497810000,-0.0627670000,3.8621607511,-4.0206320000,5.5702820000
0.7555680000,-0.3741410000,0.0005380000,3.8594482197,-3.9165530000,4.2674810000
0.7248410000,-0.2901790000,0.0424120000,3.8567506573,-4.8326260000,3.0331410000
0.7163790000,-0.2275630000,0.0922390000,3.8540688815,-2.9092780000,1.6481440000
0.6899260000,-0.1799150000,0.1895600000,3.8514036917,-4.0885560000,0.5087320000
0.6961500000,-0.1258860000,0.2296910000,3.8487558730,-1.4560310000,-0.5774050000
0.6649400000,-0.1034210000,0.3222400000,3.8461262005,-2.5618380000,-1.2189250000
0.6470410000,-0.0693040000,0.3575090000,3.8435154431,-1.7406080000,-1.5289100000
0.6173940000,-0.0530490000,0.4150340000,3.8409243665,-0.2287110000,-3.1804640000
0.6150040000,-0.0199560000,0.4452260000,3.8383537373,0.2294060000,-4.1359230000
0.6044380000,-0.0242950000,0.4636340000,3.8358043253,1.9308120000,-5.7062950000
0.5571350000,0.0044100000,0.4744500000,3.8332769069,1.1767610000,-6.1066060000
0.4868150000,0.0355310000,0.4253210000,3.8307722668,0.7041260000,-5.7759510000
0.4083090000,0.0733510000,0.3820520000,3.8282912006,1.3679530000,-6.9165880000
0.3394440000,0.0953270000,0.3345290000,3.8258345161,0.2131380000,-7.7016630000
0.2736730000,0.0944670000,0.2476330000,3.8234030345,0.0782760000,-9.3057790000
0.2222380000,0.0932990000,0.1888320000,3.8209975918,-0.2609440000,-10.1895830000
0.1427240000,0.0998770000,0.0864560000,3.8186190387,-0.4407660000,-10.2457440000
0.0652520000,0.0930130000,0.0017950000,3.8162682408,-0.4559470000,-11.3227370000
-0.0041360000,0.0518180000,-0.0300810000,3.8139460785,-1.4056910000,-11.4359650000
-0.0287240000,-0.0088110000,-0.1275820000,3.8116534460,0.0744950000,-11.8527320000
-0.0584960000,-0.1023970000,-0.1276180000,3.8093912500,-0.1436500000,-11.8941100000
-0.0844440000,-0.1662410000,-0.1959690000,3.8071604085,2.3031810000,-12.0065890000
-0.1612460000,-0.2652130000,-0.1767960000,3.8049618485,1.2991820000,-12.0595150000
-0.2008550000,-0.3289640000,-0.2118520000,3.8027965039,4.7092250000,-11.0205080000
-0.2734270000,-0.4236330000,-0.2136220000,3.8006653127,3.7611290000,-10.5396930000
-0.3555140000,-0.5098760000,-0.1591430000,3.7985692141,0.5324670000,-9.2719330000
-0.3884140000,-0.6173200000,-0.2185980000,3.7965091452,4.6065930000,-8.8807670000
-0.4367350000,-0.6990000000,-0.1966350000,3.7944860378,4.6806550000,-8.4100090000
-0.4627810000,-0.7924320000,-0.2267090000,3.7925008144,4.7565050000,-6.8048300000
-0.4853210000,-0.8865490000,-0.2431180000,3.7905543843,4.6797560000,-6.3511500000
-0.4884760000,-0.9820940000,-0.2533490000,3.7886476401,4.7392660000,-4.8491700000
-0.4898250000,-1.0573180000,-0.2681260000,3.7867814530,4.9626890000,-3.5880300000
-0.4691390000,-1.1622410000,-0.2582000000,3.7849566690,3.8498540000,-3.3424000000
-0.4480430000,-1.2393520000,-0.2712640000,3.7831741048,1.8336780000,-1.8709700000
-0.4221370000,-1.3379500000,-0.2791490000,3.7814345433,1.9553490000,-1.3200200000
-0.4200530000,-1.4141750000,-0.2583250000,3.7797387296,0.8427270000,0.0249340000
-0.4159240000,-1.4880920000,-0.2536800000,3.7780873669,0.2817190000,1.6492170000
-0.4385960000,-1.5700880000,-0.2013720000,3.7764811125,-1.5594370000,2.5399180000
-0.4191180000,-1.6401610000,-0.1950890000,3.7749205737,-0.0275620000,3.7183540000
-0.4491190000,-1.7135340000,-0.1486560000,3.7734063045,-1.2127360000,4.2388610000
-0.4648850000,-1.7494760000,-0.0931690000,3.7719388015,-2.4308880000,6.4799790000
-0.4946860000,-1.7837250000,-0.0736950000,3.7705185012,-0.6698990000,7.0878150000
-0.5054920000,-1.8451600000,-0.0154380000,3.7691457761,-0.7059830000,7.7564190000
-0.4933040000,-1.8817490000,-0.0122180000,3.7678209325,-0.1091440000,8.3334330000
-0.4766780000,-1.9274240000,0.0135200000,3.7665442081,0.1890270000,8.8882120000
-0.4766680000,-1.9287240000,0.0317210000,3.7653157691,0.4652900000,9.7261590000
-0.4594980000,-1.9461110000,0.0173010000,3.7641357090,1.2678750000,9.7859560000
-0.4376570000,-1.9262360000,-0.0020850000,3.7630040470,1.2642350000,8.9495940000
-0.3913120000,-1.9359190000,-0.0548370000,3.7619207267,1.4369140000,9.3773000000
-0.3482920000,-1.9280640000,-0.1211060000,3.7608856160,1.9687120000,8.8702590000
-0.3246060000,-1.8937950000,-0.1340850000,3.7598985060,1.8944140000,8.8114540000
-0.2995580000,-1.8365230000,-0.2253920000,3.7589591121,2.5549260000,8.4398420000
-0.2910400000,-1.7771610000,-0.2103030000,3.7580670737,1.9460530000,9.3420460000
-0.2225030000,-1.7235220000,-0.2778720000,3.7572219557,3.1111250000,9.1573930000
-0.2014390000,-1.6919980000,-0.2814930000,3.7564232497,1.8764750000,7.7895480000
-0.1343890000,-1.6235490000,-0.3228180000,3.7556703759,1.7468390000,8.9990230000
-0.1236390000,-1.5814320000,-0.3510310000,3.7549626848,2.9249380000,8.8096980000
-0.0825690000,-1.4968530000,-0.3245090000,3.7542994602,0.3489570000,9.7354010000
-0.0400120000,-1.4366700000,-0.3376420000,3.7536799216,1.3342920000,9.7229280000
0.0321390000,-1.3722220000,-0.3237280000,3.7531032277,0.6562810000,9.4827750000
0.0703470000,-1.3037440000,-0.3019320000,3.7525684797,-0.4290440000,10.2326350000
0.1340780000,-1.1991460000,-0.3506040000,3.7520747254,0.4101610000,9.9150820000
0.1604230000,-1.1171510000,-0.2911230000,3.7516209627,-0.2627920000,10.2740550000
0.2163950000,-1.0132250000,-0.3606120000,3.7512061447,-0.8528660000,10.4068070000
0.2443650000,-0.9645630000,-0.3164770000,3.7508291836,-2.5868400000,8.4911230000
0.3250180000,-0.8522150000,-0.3685760000,3.7504889560,-2.4760020000,8.3313500000
0.3381280000,-0.7689820000,-0.3660710000,3.7501843074,-3.2969790000,6.7212990000
0.3709620000,-0.6360600000,-0.3764830000,3.7499140577,-4.1176580000,7.0004400000
0.3700790000,-0.5648010000,-0.3584160000,3.7496770059,-4.2857610000,5.6744280000
0.4210120000,-0.4798710000,-0.3526260000,3.7494719358,-3.5282800000,3.3369370000
0.4291820000,-0.4061900000,-0.2828580000,3.7492976207,-4.3222690000,2.3180350000
0.4344900000,-0.3266080000,-0.2901910000,3.7491528290,-3.2927710000,0.2354440000
0.3945630000,-0.2509010000,-0.1856490000,3.7490363290,-5.3179670000,-1.1973460000
0.3807890000,-0.1521460000,-0.1885180000,3.7489468938,-2.7836920000,-2.0563650000
0.3249120000,-0.1060670000,-0.0659510000,3.7488833064,-2.4531040000,-4.0381660000
0.3010000000,-0.0250200000,-0.0289710000,3.7488443637,-1.4439550000,-5.1224990000
0.2351930000,0.0099800000,0.0289280000,3.7488288815,-0.8323480000,-7.0848510000
0.1861570000,0.0932230000,0.0900560000,3.7488356981,0.1817650000,-8.7949870000
0.1150530000,0.1146210000,0.1493500000,3.7488636778,0.5759530000,-10.2389210000
0.0645850000,0.1562160000,0.2271470000,3.7489117149,0.8338540000,-12.1526100000
0.0286820000,0.1749130000,0.2555670000,3.7489787364,1.8199510000,-12.9264400000
-0.0155190000,0.1854100000,0.2727960000,3.7490637045,2.5879260000,-14.9631320000
-0.0486390000,0.1962560000,0.2823120000,3.7491656192,1.9720720000,-15.0198360000
-0.0761560000,0.1839300000,0.2856930000,3.7492835199,4.1262010000,-16.3975130000
-0.0955840000,0.1575520000,0.2921890000,3.7494164866,3.6093390000,-17.1902380000
-0.1157910000,0.1414260000,0.2732950000,3.7495636415,3.8344810000,-17.3950230000
-0.1332440000,0.0998700000,0.2930720000,3.7497241489,4.2324740000,-17.7759330000
-0.1626810000,0.0547630000,0.2818980000,3.7498972156,3.2096270000,-17.4602150000
-0.1663110000,-0.0108270000,0.2573460000,3.7500820907,4.0522320000,-17.2410880000
-0.1719830000,-0.0683980000,0.2583540000,3.7502780645,2.1612910000,-16.4237540000
-0.1682640000,-0.1261550000,0.2046990000,3.7504844676,2.9059980000,-14.0099650000
-0.1689010000,-0.2044970000,0.1776680000,3.7507006696,2.6745990000,-13.1290760000
-0.1654120000,-0.2868370000,0.1720580000,3.7509260768,1.5689260000,-11.8152620000
-0.1476370000,-0.3652810000,0.1346250000,3.7511601304,1.5708040000,-10.3084500000
-0.1471780000,-0.4640370000,0.0843910000,3.7514023038,1.1934680000,-8.9115210000
-0.1249850000,-0.5166710000,0.0182700000,3.7516521003,-0.0601670000,-5.9925260000
-0.1269710000,-0.6105420000,-0.0546470000,3.7519090501,-0.0889740000,-4.6000480000
-0.1116350000,-0.6857430000,-0.1361690000,3.7521727069,-0.9162530000,-3.0788200000
-0.1078930000,-0.7680500000,-0.2026680000,3.7524426456,-1.7460800000,-1.4976680000
-0.0760010000,-0.8552280000,-0.2833270000,3.7527184581,-1.6608510000,-0.9228160000
-0.0668990000,-0.9424660000,-0.3339100000,3.7529997511,-1.9876280000,1.0859890000
-0.0665580000,-1.0006860000,-0.4478070000,3.7532861422,-2.4470540000,2.8324550000
-0.0805730000,-1.0766750000,-0.4445840000,3.7535772569,-3.0686170000,4.2587410000
-0.0437610000,-1.1324200000,-0.5446360000,3.7538727257,-1.3426550000,5.5512650000
-0.0406520000,-1.2322000000,-0.5485090000,3.7541721809,-2.7296950000,5.7058960000
-0.0068500000,-1.3071480000,-0.5842350000,3.7544752540,-1.0015700000,7.0448770000
-0.0263340000,-1.3810260000,-0.5712300000,3.7547815729,-0.8535220000,8.6233400000
-0.0277330000,-1.4096590000,-0.5677380000,3.7550907596,1.0680990000,10.1236740000
-0.0433140000,-1.4452830000,-0.5601320000,3.7554024277,0.7525980000,11.4536070000
-0.0559320000,-1.4857620000,-0.5428670000,3.7557161812,1.6835530000,11.8611720000
-0.0570710000,-1.4998800000,-0.5325730000,3.7560316118,0.2965230000,14.3636420000
-0.0568510000,-1.5407690000,-0.5098750000,3.7563482984,1.8746140000,13.7484860000
-0.0532310000,-1.5495230000,-0.4983110000,3.7566658057,1.1763840000,14.0906320000
-0.0569140000,-1.5668810000,-0.4696580000,3.7569836836,1.3138490000,15.3441990000
-0.0540710000,-1.5443400000,-0.4392040000,3.7573014665,0.2720330000,16.2537990000
-0.0261960000,-1.5508990000,-0.4361380000,3.7576186736,1.1558490000,16.7316440000
-0.0276280000,-1.5379460000,-0.4203040000,3.7579348089,0.0649010000,15.7124100000
-0.0137030000,-1.5246690000,-0.3571000000,3.7582493617,-2.0930230000,16.7859680000
0.0022980000,-1.5158750000,-0.3402710000,3.7585618077,-1.6795440000,16.0405230000
0.0139670000,-1.5056540000,-0.2731980000,3.7588716101,-2.4129330000,15.6401440000
0.0045960000,-1.4687200000,-0.2489080000,3.7591782205,-2.2826820000,16.2382330000
-0.0103130000,-1.4431030000,-0.1802950000,3.7594810812,-2.5673030000,16.3514640000
-0.0266330000,-1.4075380000,-0.0868180000,3.7597796268,-2.6906530000,15.8722890000
-0.0232650000,-1.4002870000,-0.0359790000,3.7600732862,-2.0148980000,14.7220960000
-0.0339100000,-1.3830080000,0.0594510000,3.7603614850,-2.2425870000,13.3271110000
-0.0492030000,-1.3506760000,0.0939330000,3.7606436476,-2.1186430000,13.6104310000
-0.0822440000,-1.2938740000,0.1458550000,3.7609192004,-1.0936880000,12.7058290000
-0.1253460000,-1.2584630000,0.2070560000,3.7611875739,-0.3660040000,11.6959390000
-0.1556690000,-1.2030580000,0.2427190000,3.7614482057,-0.5589360000,10.2917730000
-0.1629730000,-1.1691540000,0.2778480000,3.7617005433,0.7164940000,9.3250930000
-0.1819580000,-1.1164940000,0.2825520000,3.7619440473,-0.4345880000,7.1051820000
-0.2109420000,-1.0921940000,0.2557080000,3.7621781939,1.4192710000,5.0043250000
-0.2429200000,-1.0238500000,0.2597580000,3.7624024781,-0.2262520000,3.9293210000
-0.2618100000,-0.9917480000,0.1827590000,3.7626164168,1.1875900000,1.8782850000
-0.2803720000,-0.9486560000,0.2067370000,3.7628195513,0.7813650000,-0.0484650000
-0.3143950000,-0.9143510000,0.1623230000,3.7630114508,1.6770730000,-1.5174530000
-0.3662480000,-0.8291230000,0.1163820000,3.7631917144,1.5657330000,-3.5314610000
-0.4035000000,-0.7651640000,0.0849720000,3.7633599747,1.3007380000,-4.1327890000
-0.4387990000,-0.7067730000,0.0085670000,3.7635158997,1.7995700000,-5.7018420000
-0.4751750000,-0.6918770000,0.0284090000,3.7636591956,-0.9226930000,-6.7270410000
-0.4957270000,-0.6492580000,-0.0281470000,3.7637896090,1.9937040000,-7.6766870000
-0.5338850000,-0.6315230000,-0.0525520000,3.7639069295,2.2580420000,-8.5953940000
-0.5159600000,-0.5593720000,-0.0994550000,3.7640109910,4.4638070000,-8.9401230000
-0.5235030000,-0.5509490000,-0.1183490000,3.7641016744,3.8749800000,-10.5574040000
-0.5211360000,-0.5112450000,-0.1423040000,3.7641789087,-0.2987150000,-10.4123960000
-0.4920860000,-0.4791590000,-0.2044410000,3.7642426729,2.7160200000,-10.1641190000
-0.4659420000,-0.4405740000,-0.2412600000,3.7642929971,3.7640700000,-10.9756630000
-0.4468940000,-0.4174650000,-0.2612040000,3.7643299640,2.8720640000,-11.0077480000
-0.4020560000,-0.4095780000,-0.3313300000,3.7643537095,3.3198610000,-11.8664470000
-0.3699990000,-0.4062200000,-0.3205600000,3.7643644240,2.0286650000,-11.6724970000
-0.3426760000,-0.3721910000,-0.3830680000,3.7643623525,2.5770320000,-11.3702990000
-0.3449220000,-0.3649560000,-0.3968010000,3.7643477953,1.9228720000,-10.8078700000
-0.2932200000,-0.3359030000,-0.3916970000,3.7643211084,2.0121670000,-9.5984480000
-0.2470950000,-0.3775740000,-0.3832780000,3.7642827032,1.9372590000,-9.9282040000
-0.1752820000,-0.4105790000,-0.3358330000,3.7642330462,-0.7890030000,-9.1920490000
-0.1089210000,-0.4384630000,-0.3331680000,3.7641726592,1.2422350000,-7.7722420000
-0.0620020000,-0.4421720000,-0.2338680000,3.7641021181,1.0970890000,-6.1763550000
-0.0253860000,-0.4433640000,-0.2142650000,3.7640220522,0.2561810000,-3.9626060000
0.0459280000,-0.4730540000,-0.1599960000,3.7639331435,0.8911390000,-2.9219230000
0.1202790000,-0.5455430000,-0.0731400000,3.7638361249,0.6551680000,-2.1670610000
0.1811020000,-0.5685430000,-0.0627120000,3.7637317796,0.8423750000,-1.2325330000
0.1883530000,-0.6054740000,0.0239420000,3.7636209385,-1.9966250000,-0.7929680000
0.2170580000,-0.5766020000,0.0387160000,3.7635044795,-0.9910890000,1.9938490000
0.2237410000,-0.5761420000,0.0127910000,3.7633833245,-0.4868580000,3.3329240000
0.2538580000,-0.5926170000,0.0618340000,3.7632584381,-1.6633590000,4.5421390000
0.2978880000,-0.6338740000,0.0587420000,3.7631308249,-2.1033860000,4.4776960000
0.3215650000,-0.6703450000,0.0670600000,3.7630015272,-3.7503430000,4.3763560000
0.3689790000,-0.6939390000,0.0637610000,3.7628716223,-3.3708110000,5.8003020000
0.3562300000,-0.7253350000,0.0378790000,3.7627422197,-2.2963740000,6.2115290000
0.3865770000,-0.7466290000,0.0678150000,3.7626144585,-3.4950280000,7.8663850000
0.3968010000,-0.7941750000,0.0434360000,3.7624895038,-3.3624510000,8.0972140000
0.4267600000,-0.8304520000,0.0582500000,3.7623685440,-2.9143320000,8.7794300000
0.3896650000,-0.8796860000,0.1215250000,3.7622527870,-9.1104860000,8.5405870000
0.4348480000,-0.9058430000,0.0618570000,3.7621434572,-0.3002840000,8.9567490000
0.3850470000,-0.9673330000,0.1033600000,3.7620417912,-1.8041880000,9.0508990000
0.3793360000,-0.9735010000,0.0459240000,3.7619490350,-0.9906390000,11.2385630000
0.3139760000,-1.0308420000,0.0639350000,3.7618664394,-0.9550970000,10.3856270000
0.2955810000,-1.0236900000,0.0293580000,3.7617952563,-0.6930170000,10.8800700000
0.2380400000,-1.0627410000,0.0112620000,3.7617367349,-0.6561750000,10.4118760000
0.2098960000,-1.0834460000,0.0030060000,3.7616921179,-2.3879340000,9.8204290000
0.1864140000,-1.1053170000,-0.0348500000,3.7616626369,-0.7772740000,9.9049650000
0.1746760000,-1.1310550000,-0.1171800000,3.7616495088,0.1717540000,9.0305000000
0.1299620000,-1.1658750000,-0.0888920000,3.7616539313,-0.5521250000,8.8982210000
0.1236370000,-1.1934670000,-0.1640630000,3.7616770796,-0.3986120000,8.8758420000
0.0832500000,-1.2471740000,-0.1582730000,3.7617201017,-0.5851760000,7.0218250000
0.0847400000,-1.2599890000,-0.2020670000,3.7617841147,-0.3406710000,6.8843860000
0.0395930000,-1.2922820000,-0.2282740000,3.7618702010,-0.6109660000,5.2282050000
0.0044580000,-1.3090020000,-0.2177840000,3.7619794043,-1.1904910000,5.3206870000
-0.0548820000,-1.3252180000,-0.2465810000,3.7621127261,-0.5287220000,4.2994630000
-0.1096430000,-1.3372810000,-0.2422210000,3.7622711219,-0.0427930000,3.3978190000
-0.1678140000,-1.3307910000,-0.2469780000,3.7624554979,-0.1348550000,3.1194830000
-0.2268650000,-1.3459820000,-0.2511960000,3.7626667073,0.1689180000,1.5875120000
-0.2820500000,-1.3370740000,-0.2303000000,3.7629055478,0.4484800000,0.6559190000
-0.3464870000,-1.3366930000,-0.2520290000,3.7631727579,0.8602190000,-0.5937830000
-0.4061880000,-1.3231560000,-0.2116130000,3.7634690145,-1.1747420000,-1.7691600000
-0.4556640000,-1.3161980000,-0.2356240000,3.7637949304,0.8169860000,-2.4701290000
-0.4834370000,-1.2992670000,-0.2625140000,3.7641510516,2.0432850000,-4.1238420000
-0.5097880000,-1.2917070000,-0.2624250000,3.7645378553,1.5848630000,-5.1189570000
-0.5124570000,-1.2641120000,-0.2885860000,3.7649557480,2.9192500000,-6.7635480000
-0.5348070000,-1.2519800000,-0.2810890000,3.7654050640,1.9690030000,-8.1125070000
-0.5363140000,-1.2235900000,-0.2911330000,3.7658860637,2.6282780000,-9.4819310000
-0.5548790000,-1.2124690000,-0.2869020000,3.7663989325,2.9408410000,-9.4829920000
-0.5619600000,-1.1788440000,-0.2985510000,3.7669437798,2.5694370000,-10.2519720000
-0.5641850000,-1.1754990000,-0.2907230000,3.7675206385,3.7254000000,-11.8289940000
-0.5394850000,-1.1435350000,-0.2537030000,3.7681294644,4.0207860000,-11.9137800000
-0.5354240000,-1.1212700000,-0.2684610000,3.7687701357,5.2114550000,-12.1096730000
-0.5282880000,-1.0900340000,-0.2057630000,3.7694424535,4.1769980000,-12.0528700000
-0.5080390000,-1.0570750000,-0.1990610000,3.7701461415,4.1195120000,-10.9802840000
-0.4740230000,-1.0334090000,-0.1599110000,3.7708808469,3.7439160000,-11.2178670000
-0.4236250000,-1.0311410000,-0.1195040000,3.7716461407,3.4231600000,-11.2268240000
-0.3492120000,-0.9941380000,-0.1315480000,3.7724415187,3.8201110000,-10.3262400000
-0.2930820000,-0.9774230000,-0.0958970000,3.7732664028,3.1927490000,-9.8080630000
-0.2481030000,-0.9094510000,-0.0925750000,3.7741201418,1.8536720000,-8.3468130000
-0.2015680000,-0.8735600000,-0.0963270000,3.7750020137,1.8079410000,-7.9805510000
-0.1379470000,-0.8202370000,-0.1132580000,3.7759112268,0.3277480000,-6.6704280000
-0.0728860000,-0.8033000000,-0.1433180000,3.7768469220,0.4973850000,-7.0448870000
-0.0163170000,-0.7771030000,-0.1410730000,3.7778081746,-0.9986160000,-6.3081530000
0.0403510000,-0.7538790000,-0.1719810000,3.7787939971,-0.3635040000,-5.3500020000
0.0694080000,-0.7127800000,-0.1802590000,3.7798033413,-0.9760330000,-5.0894350000
0.1137630000,-0.6778090000,-0.1866600000,3.7808351013,-2.7464320000,-3.2374920000
0.1701850000,-0.6541360000,-0.2172680000,3.7818881160,-0.9987380000,-3.1982340000
0.2215290000,-0.6475840000,-0.1929550000,3.7829611724,-2.1694980000,-1.6106480000
0.2647780000,-0.6316610000,-0.2025040000,3.7840530084,-1.5216000000,-1.1638720000
0.3072690000,-0.6260910000,-0.1902830000,3.7851623162,-1.2546790000,-0.6219990000
0.3540540000,-0.5957550000,-0.1878050000,3.7862877457,-0.5373450000,0.4360590000
0.4019710000,-0.5959420000,-0.1923050000,3.7874279077,0.7961190000,1.4061460000
0.4171520000,-0.5753740000,-0.1663050000,3.7885813779,-0.9573530000,2.1379590000
0.4535090000,-0.5705000000,-0.1918890000,3.7897467000,0.5137770000,2.6820430000
0.4556910000,-0.5478540000,-0.1776820000,3.7909223899,-0.8423260000,3.2592370000
0.4817470000,-0.5246830000,-0.2283860000,3.7921069392,-0.3461890000,4.2709410000
0.4930650000,-0.5034790000,-0.2433110000,3.7932988189,-0.5861970000,3.8159130000
0.5084960000,-0.4872270000,-0.2512350000,3.7944964839,-0.5130810000,4.7492710000
0.5008550000,-0.4568810000,-0.2756660000,3.7956983761,-0.4511350000,5.2197750000
0.4903440000,-0.4549180000,-0.2592510000,3.7969029290,-1.6986580000,5.9308360000
0.4950810000,-0.4432620000,-0.2815020000,3.7981085710,-2.4474610000,6.4511950000
0.4909280000,-0.4660190000,-0.2767720000,3.7993137298,-2.6632320000,5.9558390000
0.4941290000,-0.4649530000,-0.2551480000,3.8005168359,-3.2652550000,7.4826030000
0.4806350000,-0.4810690000,-0.2542290000,3.8017163265,-2.3978670000,8.3142650000
0.4422660000,-0.4824680000,-0.1965500000,3.8029106493,-3.1217200000,9.0068620000
0.4338340000,-0.4782700000,-0.1966780000,3.8040982656,-2.3869760000,9.4642530000
0.4023030000,-0.5068690000,-0.1408240000,3.8052776546,-1.7252850000,9.5339290000
0.3938140000,-0.5030720000,-0.1270470000,3.8064473162,-2.8541780000,11.1229480000
0.3423290000,-0.5339590000,-0.0994090000,3.8076057742,-1.0800530000,10.0985700000
0.3020240000,-0.5183320000,-0.0725230000,3.8087515799,-2.1926060000,10.8721320000
0.2357650000,-0.5323350000,-0.0615590000,3.8098833145,-1.5080870000,11.2127170000
0.2012890000,-0.5331910000,-0.0516530000,3.8109995924,-1.5508240000,10.9068780000
0.1495190000,-0.5580920000,-0.0410050000,3.8120990631,-1.4357120000,10.5053340000
0.1147940000,-0.5791880000,-0.0580080000,3.8131804144,-0.6331070000,8.8647610000
0.0541280000,-0.5932860000,-0.0027480000,3.8142423740,-3.0583030000,9.2214430000
0.0268540000,-0.5907850000,-0.0646090000,3.8152837116,0.6926570000,8.6200070000
-0.0417980000,-0.6349670000,-0.0138330000,3.8163032408,-0.4098650000,7.6382330000
-0.0877100000,-0.6491660000,-0.0213270000,3.8172998205,0.5989100000,7.0351400000
-0.1525440000,-0.7080400000,0.0078940000,3.8182723559,0.4833980000,6.3342760000
-0.2082900000,-0.7247610000,0.0082840000,3.8192197998,1.3276380000,5.4460510000
-0.2998010000,-0.7836740000,0.0611380000,3.8201411532,1.6644390000,3.7067870000
-0.3678130000,-0.7966990000,0.0864620000,3.8210354655,0.4919490000,3.9873730000
-0.4609390000,-0.8378180000,0.1046240000,3.8219018352,2.2818070000,3.7853280000
-0.5308750000,-0.8804010000,0.1342770000,3.8227394091,3.0999380000,2.8130790000
-0.6106840000,-0.9240410000,0.1557450000,3.8235473828,2.8811010000,2.5822340000
-0.6554570000,-0.9687280000,0.1377700000,3.8243249995,4.0968410000,1.5527330000
-0.7186730000,-1.0103990000,0.1819980000,3.8250715494,3.2126570000,1.4831250000
-0.7455140000,-1.0481010000,0.1518480000,3.8257863690,3.8530310000,1.1068950000
-0.7843940000,-1.0989720000,0.1651000000,3.8264688395,3.4564070000,0.3032030000
-0.7832250000,-1.1331820000,0.1138310000,3.8271183859,3.1719250000,0.2283180000
-0.8038560000,-1.1793100000,0.0888350000,3.8277344754,3.6149520000,-0.8006320000
-0.7903980000,-1.2191390000,0.0319840000,3.8283166156,3.1949650000,-0.3719250000
-0.7953380000,-1.2672200000,-0.0332880000,3.8288643533,4.2723000000,-1.8254210000
-0.7794280000,-1.3027950000,-0.0564620000,3.8293772723,3.4305250000,-1.4686330000
-0.7795750000,-1.3269930000,-0.1224910000,3.8298549920,3.1793890000,-1.3759530000
-0.7743660000,-1.3877710000,-0.1309700000,3.8302971650,3.3216040000,-2.3559180000
-0.7598710000,-1.3998010000,-0.1626720000,3.8307034759,2.0142590000,-1.4136700000
-0.7541690000,-1.4452930000,-0.2029410000,3.8310736390,3.0257390000,-1.0636330000
-0.7271840000,-1.4605360000,-0.1950860000,3.8314073966,2.4874710000,-0.4272920000
-0.7155970000,-1.4895170000,-0.2335720000,3.8317045172,4.3370990000,-0.1183220000
-0.6788010000,-1.4994400000,-0.1975310000,3.8319647939,0.7622480000,0.3752980000
-0.6459670000,-1.5184350000,-0.2105660000,3.8321880428,2.2090020000,1.1312710000
-0.5848540000,-1.5175720000,-0.2172260000,3.8323741012,2.4409170000,1.9988500000
-0.5422090000,-1.5129400000,-0.2388180000,3.8325228268,2.4682000000,2.7389820000
-0.4649310000,-1.5078720000,-0.2772980000,3.8326340963,2.2412590000,3.1069710000
-0.3813240000,-1.4704560000,-0.3056810000,3.8327078043,2.1096760000,4.3240250000
-0.3094250000,-1.4568440000,-0.3539690000,3.8327438629,0.9920750000,4.5994000000
-0.2248890000,-1.4217050000,-0.3779440000,3.8327422008,0.7765960000,4.3517340000
-0.1418800000,-1.3830220000,-0.4259790000,3.8327027632,0.0569380000,4.8803690000
-0.0712810000,-1.3327710000,-0.4630250000,3.8326255115,-0.2187680000,4.5266150000
-0.0002390000,-1.3028120000,-0.4659490000,3.8325104235,-1.5986000000,5.3160950000
0.0780180000,-1.2599270000,-0.5033820000,3.8323574937,-0.9944370000,4.5955250000
0.1407480000,-1.2208030000,-0.4670360000,3.8321667337,-2.0026640000,5.4148940000
0.2094140000,-1.1558310000,-0.4809070000,3.8319381727,-1.4835830000,6.0129910000
0.2399010000,-1.1216410000,-0.3990690000,3.8316718585,-1.4199170000,6.0164450000
0.3262320000,-1.0657380000,-0.3806550000,3.8313678584,-1.2136940000,6.4932660000
0.3574250000,-1.0473230000,-0.3061310000,3.8310262601,-1.5346350000,5.6262460000
0.4330170000,-0.9856890000,-0.2417290000,3.8306471728,-1.6003920000,7.4763110000
0.4490610000,-0.9508420000,-0.1898670000,3.8302307290,-0.9527340000,7.0831470000
0.4914730000,-0.8872780000,-0.0951220000,3.8297770848,-3.0804560000,7.0815710000
0.5220990000,-0.8396430000,-0.0861610000,3.8292864223,-2.2585470000,6.8331830000
0.5710040000,-0.7944570000,-0.0143350000,3.8287589502,-1.7943120000,6.5432580000
0.6159070000,-0.7399950000,-0.0174600000,3.8281949057,-1.8260270000,5.9758230000
0.6423700000,-0.6837900000,0.0077950000,3.8275945555,-2.3494710000,4.9820250000
0.6490830000,-0.6084970000,0.0476570000,3.8269581975,-2.6950290000,4.7336120000
0.6671560000,-0.5442370000,0.0277490000,3.8262861617,-1.9359620000,4.0310610000
0.6640410000,-0.5178920000,0.0589490000,3.8255788116,-3.2635050000,2.3495200000
0.6791630000,-0.4780560000,0.0227660000,3.8248365451,-3.6606570000,2.0221980000
0.6563010000,-0.4358340000,0.0581350000,3.8240597955,-3.3646830000,0.1145120000
0.6244970000,-0.4046210000,0.0829660000,3.8232490322,-3.9264330000,0.1424710000
0.5973580000,-0.3683470000,0.0903160000,3.8224047612,-2.7841510000,-1.4803880000
0.5708620000,-0.3777190000,0.1286120000,3.8215275250,-2.6794120000,-2.9234510000
0.5523300000,-0.3587690000,0.1498660000,3.8206179035,-2.5642470000,-3.0211860000
0.4788620000,-0.3554960000,0.1902360000,3.8196765128,-1.9548860000,-4.1863250000
0.4225880000,-0.3352540000,0.2306270000,3.8187040055,-3.0420920000,-4.6905580000
0.3520750000,-0.3483800000,0.2184590000,3.8177010695,0.0985950000,-6.0854950000
0.3204480000,-0.3525820000,0.2330430000,3.8166684272,-0.1621890000,-6.4170940000
0.2567850000,-0.3914360000,0.2088680000,3.8156068343,1.5141590000,-8.1424300000
0.1844470000,-0.3929130000,0.2162370000,3.8145170779,-0.7935430000,-9.3094920000
0.1009480000,-0.3938520000,0.1774150000,3.8133999754,0.9017020000,-10.4133220000
0.0353260000,-0.3948990000,0.1453750000,3.8122563719,1.0848520000,-10.5010010000
-0.0445850000,-0.4184070000,0.0765980000,3.8110871383,1.1074910000,-11.3833910000
-0.0731390000,-0.4698270000,0.0306640000,3.8098931689,1.5089470000,-13.0979330000
-0.1225330000,-0.5121600000,-0.0255480000,3.8086753784,1.5145820000,-13.4676770000
-0.1809870000,-0.5527740000,-0.0882230000,3.8074346996,1.9771700000,-13.7662150000
-0.2387310000,-0.5882180000,-0.1023140000,3.8061720804,2.5957910000,-13.8118220000
-0.2664710000,-0.6370110000,-0.1684980000,3.8048884804,2.1205110000,-13.6541960000
-0.2945560000,-0.7148150000,-0.1825800000,3.8035848677,2.7715460000,-14.1378530000
-0.3141720000,-0.7902520000,-0.2218280000,3.8022622160,2.7551900000,-12.8667380000
-0.3513390000,-0.8364130000,-0.2457570000,3.8009215010,3.5092640000,-13.1572860000
-0.3780120000,-0.8985230000,-0.2520060000,3.7995636969,3.8575110000,-11.9251310000
-0.3957010000,-0.9402630000,-0.2586860000,3.7981897733,3.3662220000,-10.8476560000
-0.4005230000,-1.0126140000,-0.2736150000,3.7968006916,4.1901570000,-9.5542400000
-0.3838940000,-1.0530610000,-0.3017580000,3.7953974018,2.9395280000,-8.9492400000
-0.4038250000,-1.1058320000,-0.3419910000,3.7939808391,4.0139560000,-8.3806360000
-0.4000930000,-1.1258190000,-0.3490810000,3.7925519214,0.6393960000,-6.5091820000
-0.4002500000,-1.1681560000,-0.3856020000,3.7911115455,1.8886170000,-6.0210790000
-0.3649670000,-1.1935750000,-0.4109090000,3.7896605852,0.9664550000,-4.7284080000
-0.3492900000,-1.2357190000,-0.4130790000,3.7881998881,-0.0083140000,-3.6400580000
-0.3118610000,-1.2675910000,-0.4340570000,3.7867302737,0.0582340000,-3.2641650000
-0.3061430000,-1.2870130000,-0.4357180000,3.7852525310,-0.7206560000,-1.0977020000
-0.2503410000,-1.3107620000,-0.4516480000,3.7837674170,1.4641250000,-1.0740640000
-0.2334170000,-1.3457170000,-0.4007400000,3.7822756548,-0.4657940000,-0.1205970000
-0.1911880000,-1.3831040000,-0.4003820000,3.7807779324,-1.0349790000,1.6619360000
-0.1927640000,-1.3994960000,-0.3550750000,3.7792749017,-0.3494810000,2.0618950000
-0.1572970000,-1.3961840000,-0.3162600000,3.7777671781,0.0253510000,4.0783800000
-0.1526980000,-1.3993650000,-0.2981120000,3.7762553394,0.5277150000,4.3465750000
-0.1375860000,-1.3924420000,-0.2330340000,3.7747399263,0.1071290000,5.9574460000
-0.1185410000,-1.3771430000,-0.2242730000,3.7732214424,0.3283530000,7.0437760000
-0.1000190000,-1.3615180000,-0.1769730000,3.7717003544,0.8701750000,7.4501910000
-0.0885560000,-1.3234190000,-0.1632130000,3.7701770936,0.2191330000,8.5949120000
-0.0747470000,-1.3071640000,-0.1686290000,3.7686520563,1.0790400000,9.0317520000
-0.0266460000,-1.2681950000,-0.1562250000,3.7671256055,0.2168020000,9.2646880000
0.0101270000,-1.2436360000,-0.2080640000,3.7655980725,1.6750220000,9.6365590000
0.0353690000,-1.1972190000,-0.1877360000,3.7640697590,-0.7600350000,9.7198800000
0.0550110000,-1.1484390000,-0.2157950000,3.7625409389,-0.7643150000,10.8726000000
0.0854360000,-1.1075260000,-0.2098530000,3.7610118611,-0.9434680000,10.0029930000
0.1172690000,-1.0674280000,-0.2031110000,3.7594827513,-1.1775710000,10.4523330000
0.1597470000,-1.0355850000,-0.2333190000,3.7579538157,-1.3190610000,10.6356610000
0.1491510000,-1.0014580000,-0.1693220000,3.7564252429,-1.7561070000,10.8055490000
0.1817000000,-0.9300880000,-0.1773180000,3.7548972075,-2.5413590000,11.6477240000
0.1476610000,-0.9120440000,-0.1212050000,3.7533698724,-1.6114830000,10.7104420000
0.1782960000,-0.8597810000,-0.1083700000,3.7518433926,-2.4932310000,12.1012320000
0.1662200000,-0.8413990000,-0.0951350000,3.7503179177,-1.5486020000,11.4286160000
0.1673850000,-0.8047110000,-0.0344400000,3.7487935952,-1.5837040000,11.4317870000
0.1468990000,-0.7425810000,-0.0251540000,3.7472705733,-1.6371780000,11.9788200000
0.1333130000,-0.7153340000,-0.0044150000,3.7457490043,-0.8014170000,11.2536430000
0.1359950000,-0.6639900000,0.0154660000,3.7442290468,-1.4201790000,11.1937810000
0.1428750000,-0.6411610000,0.0042310000,3.7427108693,-1.1923520000,9.6174750000
0.1251240000,-0.5951770000,0.0379210000,3.7411946525,-1.8342430000,9.2367270000
0.1018220000,-0.5551670000,-0.0128610000,3.7396805915,-0.3853320000,8.9391830000
0.0707860000,-0.5102930000,-0.0124930000,3.7381688992,-1.7637390000,6.4759210000
0.0386510000,-0.4856910000,-0.0230730000,3.7366598073,-2.1030220000,5.7360090000
0.0362520000,-0.4615680000,-0.0808990000,3.7351535694,0.0376330000,3.5374510000
-0.0230490000,-0.4484710000,-0.0370460000,3.7336504620,-2.3906420000,2.1926540000
-0.0681170000,-0.3935660000,-0.0812840000,3.7321507867,-1.5894880000,1.5924680000
-0.1489830000,-0.3884880000,-0.0297300000,3.7306548710,-0.9017120000,-0.6203500000
-0.1823690000,-0.3748500000,-0.0556940000,3.7291630697,-0.4709350000,-0.9488610000
-0.2467340000,-0.4126440000,-0.0294700000,3.7276757654,0.4025290000,-2.6956440000
-0.2653620000,-0.4208530000,-0.0054720000,3.7261933693,1.7311450000,-3.8341220000
-0.3333900000,-0.4224840000,0.0048670000,3.7247163212,3.0523650000,-4.5951830000
-0.4153400000,-0.4227530000,0.0384010000,3.7232450893,2.1396110000,-4.8360240000
-0.4720640000,-0.4306250000,0.0731030000,3.7217801703,3.0031220000,-4.6471200000
-0.4855870000,-0.4712810000,0.0585290000,3.7203220882,4.0664120000,-6.9121700000
-0.5123920000,-0.5189260000,0.0955480000,3.7188713940,4.3268640000,-7.9021370000
-0.5106160000,-0.5340050000,0.0448280000,3.7174286640,4.5532400000,-8.0838590000
-0.5704190000,-0.5647910000,0.0589130000,3.7159944992,4.2168990000,-8.6318270000
-0.5805220000,-0.5571300000,0.0101160000,3.7145695228,3.8164020000,-7.4368490000
-0.6066800000,-0.6021160000,-0.0128610000,3.7131543795,4.5654020000,-8.0407060000
-0.5949060000,-0.6515560000,-0.0397480000,3.7117497328,2.1930300000,-7.8861050000
-0.5842380000,-0.7039070000,-0.0941470000,3.7103562632,2.5972980000,-8.1143750000
-0.5469260000,-0.7490640000,-0.1073530000,3.7089746660,2.4265000000,-8.5757470000
-0.5353650000,-0.7852360000,-0.1285570000,3.7076056491,1.7451380000,-7.0224500000
-0.5181360000,-0.8234180000,-0.1693610000,3.7062499304,1.5410590000,-5.7846120000
-0.5047600000,-0.8836010000,-0.1455600000,3.7049082352,0.1231930000,-5.1772120000
-0.4501960000,-0.9262670000,-0.1742650000,3.7035812939,0.8342420000,-3.5228480000
-0.4293790000,-0.9983100000,-0.1600590000,3.7022698394,0.5538820000,-3.1779150000
-0.3856140000,-1.0318200000,-0.1571670000,3.7009746044,0.4540760000,-1.0991650000
-0.3688870000,-1.0609980000,-0.1717110000,3.6996963188,0.6469720000,-0.4199680000
-0.3351730000,-1.0933200000,-0.1803180000,3.6984357076,0.7787190000,1.4730260000
-0.3177430000,-1.1175840000,-0.1988010000,3.6971934879,-0.2868490000,2.3312230000
-0.2800050000,-1.1459440000,-0.2013390000,3.6959703673,-0.0996280000,3.1232210000
-0.2373160000,-1.1624150000,-0.2606060000,3.6947670411,-0.7607640000,4.4761650000
-0.1869800000,-1.1883660000,-0.2867610000,3.6935841908,0.1496990000,4.5121090000
-0.1411670000,-1.1924530000,-0.3016200000,3.6924224818,-1.9045490000,5.8788320000
-0.0921440000,-1.2123610000,-0.3811610000,3.6912825622,-0.3188130000,6.7125960000
-0.0493940000,-1.2021200000,-0.3580320000,3.6901650608,-1.0542730000,7.0928240000
0.0044550000,-1.2168580000,-0.4034220000,3.6890705861,-0.2841800000,7.8616320000
0.0420750000,-1.2158440000,-0.3989610000,3.6879997250,-0.2564140000,7.9486400000
0.0884980000,-1.2036200000,-0.4008190000,3.6869530421,-0.7840030000,9.4412350000
0.1076320000,-1.1944780000,-0.4111360000,3.6859310786,0.5734360000,8.9072540000
0.1442440000,-1.1926700000,-0.3558790000,3.6849343520,-1.9440240000,9.2014600000
0.1726110000,-1.1780820000,-0.3707260000,3.6839633556,-0.2053000000,9.8947870000
0.1791890000,-1.1887540000,-0.3118980000,3.6830185583,-0.2022700000,10.3258270000
0.2037840000,-1.1392050000,-0.2887010000,3.6821004044,-0.3298850000,11.0570300000
0.2083070000,-1.1223600000,-0.2489770000,3.6812093137,0.1239850000,11.5213640000
0.2307720000,-1.0741370000,-0.1900670000,3.6803456821,-0.2759840000,12.1129800000
0.2623260000,-1.0638930000,-0.1614770000,3.6795098812,0.1825240000,11.5133280000
0.3030480000,-1.0407160000,-0.1106520000,3.6787022596,-0.9851380000,10.2641900000
0.3207340000,-1.0294080000,-0.0961790000,3.6779231429,-1.6500450000,10.2900920000
0.3475090000,-1.0130120000,-0.0740650000,3.6771728345,-0.8498390000,9.3391430000
0.3582690000,-0.9914860000,-0.0451670000,3.6764516164,-2.8975520000,9.6669440000
0.3572020000,-0.9511870000,-0.0534810000,3.6757597502,-1.6716340000,8.7487860000
0.3519070000,-0.8984840000,0.0095870000,3.6750974774,-2.5494660000,8.1172540000
0.3502730000,-0.8489650000,-0.0302880000,3.6744650207,-2.0792210000,6.8954400000
0.3422800000,-0.8161310000,0.0309040000,3.6738625847,-2.1063500000,6.1273000000
0.3396310000,-0.7955990000,0.0270370000,3.6732903568,-2.2371390000,5.1717850000
0.3153970000,-0.7858510000,0.0743430000,3.6727485078,-0.9967450000,3.6498090000
0.3000970000,-0.7659590000,0.0873020000,3.6722371928,-1.7615990000,3.8512120000
0.2729810000,-0.7604740000,0.1001990000,3.6717565519,-0.2099770000,2.6440750000
0.2666660000,-0.7526910000,0.1470530000,3.6713067107,-1.0612550000,1.0334180000
0.2467970000,-0.7354750000,0.1514710000,3.6708877807,-0.5606930000,0.6160190000
0.2116910000,-0.7029690000,0.1585710000,3.6704998602,-0.3560890000,-0.5272390000
0.1644140000,-0.6812030000,0.1724590000,3.6701430341,-0.2252470000,-1.3238990000
0.1194150000,-0.6500360000,0.1448900000,3.6698173743,1.0227590000,-2.7183100000
0.0696830000,-0.6455850000,0.1255000000,3.6695229400,-0.4744730000,-4.6142740000
0.0441520000,-0.6208950000,0.0787250000,3.6692597775,0.6196780000,-5.5652270000
-0.0100440000,-0.6326980000,0.0209910000,3.6690279203,1.6591940000,-7.5295050000
-0.0772580000,-0.6102140000,0.0217130000,3.6688273886,-0.8847980000,-8.3004950000
-0.1362470000,-0.6043840000,-0.0456400000,3.6686581894,0.7244080000,-10.0976420000
-0.1785180000,-0.6161420000,-0.0561660000,3.6685203162,0.0895420000,-10.5861050000
-0.2033630000,-0.6277680000,-0.1123810000,3.6684137478,1.2296930000,-11.7589700000
-0.2603760000,-0.6489270000,-0.1053860000,3.6683384485,0.9644620000,-12.5937910000
-0.2808780000,-0.6538110000,-0.1269910000,3.6682943671,1.8012480000,-12.6115560000
-0.3271080000,-0.6775070000,-0.1342420000,3.6682814363,3.1455640000,-13.4356450000
-0.3351890000,-0.7259390000,-0.1349940000,3.6682995718,3.0402200000,-13.8707950000
-0.3622890000,-0.7746310000,-0.1195340000,3.6683486716,2.5053860000,-13.8548880000
-0.3646230000,-0.8238840000,-0.1420180000,3.6684286150,3.6320110000,-13.7475320000
-0.3986710000,-0.8405720000,-0.1219600000,3.6685392619,3.6130480000,-12.7644380000
-0.3896940000,-0.8283320000,-0.1617750000,3.6686804520,4.5856120000,-12.2132150000
-0.4053150000,-0.8409690000,-0.1511440000,3.6688520037,2.5312750000,-11.7700300000
-0.3551530000,-0.8598500000,-0.2026650000,3.6690537137,3.3000810000,-10.7721610000
-0.3530320000,-0.8859780000,-0.2309660000,3.6692853561,2.1264320000,-11.4959450000
-0.3222530000,-0.8913250000,-0.2618730000,3.6695466819,0.9901380000,-9.5847370000
-0.3035040000,-0.9089880000,-0.3183840000,3.6698374184,1.4638950000,-9.5236400000
-0.2685460000,-0.9403880000,-0.3289890000,3.6701572688,0.6068180000,-8.1585910000
-0.2146780000,-0.9587530000,-0.3559680000,3.6705059121,-0.4317780000,-7.4790790000
-0.1682510000,-0.9899560000,-0.3580590000,3.6708830025,-0.4409230000,-7.1466850000
-0.1471510000,-0.9991790000,-0.3511790000,3.6712881699,-1.1318700000,-4.8500990000
-0.1114020000,-1.0023730000,-0.3544180000,3.6717210197,0.2535190000,-3.3989550000
-0.0971100000,-1.0408300000,-0.2848370000,3.6721811330,-1.3721280000,-2.6872030000
-0.0314910000,-1.0827180000,-0.2743140000,3.6726680673,-0.5168330000,-1.7400700000
-0.0152460000,-1.1363560000,-0.2094590000,3.6731813566,-0.7002060000,-0.9062480000
0.0143910000,-1.1355980000,-0.1800390000,3.6737205124,-1.1734840000,1.8812370000
-0.0042930000,-1.1397700000,-0.1527550000,3.6742850245,0.2077490000,2.4681660000
0.0343180000,-1.1241320000,-0.1156740000,3.6748743621,-0.1510210000,4.4596680000
0.0593270000,-1.1310450000,-0.1073790000,3.6754879749,0.2218210000,5.0452460000
0.0934120000,-1.1284750000,-0.0913800000,3.6761252943,0.4618030000,5.6120750000
0.1087250000,-1.0942590000,-0.0985160000,3.6767857353,0.8073460000,7.2558080000
0.1351980000,-1.0608140000,-0.1507010000,3.6774686979,0.5710490000,7.3601310000
0.1470600000,-1.0441850000,-0.1105760000,3.6781735692,-2.2012320000,8.8029080000
0.2155850000,-1.0250420000,-0.2019130000,3.6788997249,-0.2613280000,9.2962030000
0.2500070000,-1.0490200000,-0.1875000000,3.6796465320,-1.0728970000,8.3752370000
0.3069320000,-1.0068970000,-0.2460390000,3.6804133505,-1.3052580000,9.2149280000
0.3095210000,-0.9781030000,-0.2469610000,3.6811995358,-1.8805580000,10.3811130000
0.3058550000,-0.9264370000,-0.2455830000,3.6820044410,-1.9659180000,11.8798310000
0.3243510000,-0.9069000000,-0.2451130000,3.6828274193,0.4360530000,11.3427390000
0.3260550000,-0.9176930000,-0.2067650000,3.6836678263,-1.4728920000,11.0173150000
0.3341230000,-0.8952710000,-0.1793270000,3.6845250223,-2.4410570000,12.2857510000
0.3028020000,-0.8713580000,-0.1457570000,3.6853983745,-1.4543860000,12.5297100000
0.2723740000,-0.8484070000,-0.0932450000,3.6862872596,-1.5146580000,13.1596290000
0.2481660000,-0.8249580000,-0.0708220000,3.6871910653,-1.2963990000,13.3201100000
0.2397430000,-0.8182290000,-0.0236340000,3.6881091932,-1.3898430000,13.0320690000
0.2193490000,-0.8027620000,0.0141070000,3.6890410601,-2.0344970000,12.6486830000
0.2165500000,-0.7678820000,-0.0230560000,3.6899861001,0.5784610000,11.8778010000
0.1718490000,-0.7350090000,0.0383880000,3.6909437665,-1.0673530000,11.8500310000
0.1562710000,-0.6862610000,-0.0129270000,3.6919135334,-0.4141220000,11.5330910000
0.1252480000,-0.6745460000,0.0018440000,3.6928948967,-0.7173440000,9.6029660000
0.1089050000,-0.6409700000,-0.0133600000,3.6938873758,-1.4160270000,8.6134910000
0.0809320000,-0.6266000000,-0.0435780000,3.6948905145,0.9322220000,7.0224980000
0.0232760000,-0.5927900000,-0.0410340000,3.6959038820,-0.8280870000,4.9478800000
-0.0223760000,-0.5703480000,-0.0842480000,3.6969270733,-0.2412260000,3.6554520000
-0.0911630000,-0.5643970000,-0.0488990000,3.6979597095,-0.5254630000,1.9359220000
-0.1301750000,-0.5604060000,-0.0409030000,3.6990014384,-0.2905060000,0.4836120000
-0.2061170000,-0.5680830000,-0.0025970000,3.7000519337,-0.0989060000,-1.1891300000
-0.2549110000,-0.5763910000,0.0262490000,3.7011108952,1.4923470000,-2.0623120000
-0.3250630000,-0.5990860000,0.0668400000,3.7021780475,2.2687920000,-3.4108540000
-0.3679870000,-0.6248930000,0.1119700000,3.7032531395,2.7830770000,-4.6265910000
-0.4147320000,-0.6539980000,0.1412990000,3.7043359430,3.9219820000,-4.8897870000
-0.4462770000,-0.6742240000,0.1478170000,3.7054262510,5.5229280000,-6.9810980000
-0.5106260000,-0.6857980000,0.1977990000,3.7065238762,3.4044890000,-6.6336860000
-0.5565010000,-0.6916840000,0.1574910000,3.7076286492,5.6857870000,-7.4721170000
-0.5889410000,-0.7162490000,0.1523570000,3.7087404157,5.4936950000,-8.2870580000
-0.6017070000,-0.7361640000,0.1288910000,3.7098590348,4.7024400000,-8.4655210000
-0.6020090000,-0.7648920000,0.0776780000,3.7109843760,6.1217040000,-10.1316440000
-0.5900110000,-0.7940860000,0.0481920000,3.7121163170,3.5675470000,-9.7814920000
-0.5756840000,-0.8163240000,-0.0425150000,3.7132547402,4.8430530000,-9.8292880000
-0.5663090000,-0.8693590000,-0.0253340000,3.7143995306,1.8105170000,-10.0679230000
-0.5081280000,-0.8910070000,-0.1180860000,3.7155505721,2.4434010000,-9.5256070000
-0.4989960000,-0.9439060000,-0.1328570000,3.7167077449,1.9650680000,-9.0526230000
-0.4454690000,-0.9763600000,-0.1829080000,3.7178709222,1.7679510000,-8.2483920000
-0.4090540000,-1.0366020000,-0.1914360000,3.7190399670,1.9820350000,-8.1991180000
-0.3738890000,-1.0612670000,-0.1851790000,3.7202147293,0.5805940000,-7.0816400000
-0.3408480000,-1.1031510000,-0.2013260000,3.7213950431,0.7874870000,-4.3700020000
-0.3247970000,-1.1329780000,-0.2153450000,3.7225807232,1.1295690000,-3.7203540000
-0.2829560000,-1.1683960000,-0.2065180000,3.7237715623,-0.1149870000,-1.8085880000
-0.2320190000,-1.1859340000,-0.2515860000,3.7249673287,0.7560900000,-1.3709690000
-0.1925830000,-1.2255000000,-0.2471810000,3.7261677639,0.3683720000,-0.3015060000
-0.1222150000,-1.2100200000,-0.2992670000,3.7273725796,0.6568650000,0.7360670000
-0.0766380000,-1.2329450000,-0.3361880000,3.7285814566,0.2561750000,1.8451950000
-0.0095150000,-1.2219780000,-0.3657760000,3.7297940423,-1.0229520000,2.7809340000
0.0668010000,-1.2361620000,-0.4323170000,3.7310099496,0.0005980000,3.9837790000
0.1451140000,-1.2350390000,-0.4588100000,3.7322287558,-0.8475680000,3.7688700000
0.2215880000,-1.2243980000,-0.5023740000,3.7334500011,-1.0279900000,4.6062280000
0.2808620000,-1.1944090000,-0.5313320000,3.7346731889,-1.0981360000,5.3437070000
0.3155680000,-1.1774190000,-0.5435200000,3.7358977847,-1.5371160000,6.5276770000
0.3486320000,-1.1429540000,-0.5619900000,3.7371232166,-2.2679380000,6.8203920000
0.3796970000,-1.1367010000,-0.5478920000,3.7383488755,-1.8643130000,6.4913380000
0.3892750000,-1.1115340000,-0.4937320000,3.7395741160,-5.1822340000,7.5925960000
0.4184720000,-1.1026820000,-0.5020560000,3.7407982565,-1.3923080000,8.1656870000
0.4162470000,-1.0716990000,-0.4140440000,3.7420205815,-2.7733740000,8.2415510000
0.4378880000,-1.0360150000,-0.3807400000,3.7432403421,-2.0756790000,9.9341860000
0.4433100000,-1.0131920000,-0.3267380000,3.7444567583,-1.6411660000,9.8939730000
0.4583010000,-0.9886100000,-0.2313170000,3.7456690209,-1.3629370000,10.4501520000
0.4761020000,-0.9808470000,-0.1896660000,3.7468762932,-1.3063900000,9.4688580000
0.4897800000,-0.9567970000,-0.1524600000,3.7480777140,-0.9002480000,9.0701720000
0.4924650000,-0.9115710000,-0.0842940000,3.7492723998,-2.0958560000,10.2295490000
0.4899110000,-0.8743980000,-0.0788410000,3.7504594477,-0.1314190000,9.4685110000
0.4744640000,-0.8418290000,-0.0130710000,3.7516379384,-2.4439550000,8.6119250000
0.4604020000,-0.8086340000,-0.0270450000,3.7528069390,-1.9985980000,7.9264560000
0.4380810000,-0.7808350000,0.0196840000,3.7539655062,-2.7555570000,6.8757230000
0.4142510000,-0.7284540000,0.0275420000,3.7551126896,-2.5275400000,6.4333610000
0.3617610000,-0.6996370000,0.0445780000,3.7562475348,-2.2960490000,5.4187770000
0.3317760000,-0.6713620000,0.0854080000,3.7573690867,-2.0596770000,4.5819810000
0.2766480000,-0.6496160000,0.0988270000,3.7584763929,-2.5401540000,5.1305800000
0.2496300000,-0.6395290000,0.1125050000,3.7595685066,-1.7037560000,3.6903430000
0.2089410000,-0.6400150000,0.1664910000,3.7606444898,-1.9650970000,2.9088200000
0.1931920000,-0.6439010000,0.1303650000,3.7617034166,-0.3039900000,1.4096480000
0.1339270000,-0.6441150000,0.2227000000,3.7627443756,-0.6771310000,0.8875290000
0.1046810000,-0.6108730000,0.1768670000,3.7637664734,0.7120960000,0.8388620000
0.0333760000,-0.5952260000,0.2104630000,3.7647688369,0.9388370000,-0.0419850000
-0.0245920000,-0.5686420000,0.1872030000,3.7657506157,0.0229900000,-0.8403940000
-0.0857040000,-0.5705420000,0.1493570000,3.7667109850,1.5023460000,-2.3419200000
-0.1344420000,-0.5639770000,0.1107620000,3.7676491474,1.0304390000,-3.7592230000
-0.2029430000,-0.5510250000,0.0519770000,3.7685643349,1.0523920000,-4.0060700000
-0.2710540000,-0.5406820000,-0.0017070000,3.7694558113,1.4397170000,-5.2506310000
-0.3270950000,-0.5276570000,-0.0387920000,3.7703228735,1.6069860000,-4.6922930000
-0.3662770000,-0.5235970000,-0.1010570000,3.7711648530,1.4554200000,-6.2359820000
-0.3939280000,-0.5647420000,-0.1320040000,3.7719811173,1.6218820000,-6.7915050000
-0.4129830000,-0.5679090000,-0.1619130000,3.7727710711,0.7475850000,-7.1618500000
-0.4320540000,-0.6144540000,-0.1815000000,3.7735341570,3.3062220000,-8.2922850000
-0.4451970000,-0.6215380000,-0.1688390000,3.7742698565,2.1200840000,-7.4063060000
-0.4580710000,-0.6823550000,-0.1920530000,3.7749776901,3.7645590000,-8.1102180000
-0.4582080000,-0.7106960000,-0.1721320000,3.7756572181,3.4796500000,-7.3662330000
-0.4627770000,-0.7405920000,-0.2106710000,3.7763080406,4.6494650000,-6.3772470000
-0.4874020000,-0.7669760000,-0.1847490000,3.7769297974,3.9309390000,-6.1961550000
-0.4900450000,-0.7832340000,-0.1808960000,3.7775221679,3.2966610000,-5.5818000000
-0.5066370000,-0.8150770000,-0.1980270000,3.7780848710,3.9145770000,-5.4621580000
-0.4851510000,-0.8356450000,-0.2047490000,3.7786176646,2.6806820000,-4.8380210000
-0.4773450000,-0.8580310000,-0.2373930000,3.7791203449,3.7090400000,-3.9124620000
-0.4579100000,-0.8845430000,-0.2295810000,3.7795927463,2.1083990000,-3.8243470000
-0.4469720000,-0.9207390000,-0.2220970000,3.7800347402,0.8657890000,-2.8663900000
-0.3884790000,-0.9493060000,-0.2513040000,3.7804462346,0.5313220000,-3.0570650000
-0.3634610000,-0.9920730000,-0.2191820000,3.7808271730,-0.0549680000,-2.0960050000
-0.3214030000,-1.0254390000,-0.2356660000,3.7811775339,-0.0220020000,-1.0872020000
-0.3069470000,-1.0623600000,-0.1671520000,3.7814973295,-0.2911060000,-0.1480600000
-0.2683520000,-1.0799870000,-0.1859770000,3.7817866050,-0.7018210000,0.1695670000
-0.2634250000,-1.1413220000,-0.1241260000,3.7820454375,-0.2710930000,0.2561840000
-0.2158890000,-1.1522400000,-0.1200520000,3.7822739350,-0.3298580000,1.7211090000
-0.2213310000,-1.2049920000,-0.0607850000,3.7824722354,-0.1138900000,2.1885050000
-0.1994170000,-1.1843710000,-0.0122140000,3.7826405056,-0.1978260000,3.8832130000
-0.1877750000,-1.2160210000,-0.0044520000,3.7827789405,0.3790690000,4.3125370000
-0.1783380000,-1.2358890000,0.0228260000,3.7828877618,0.3319400000,4.1724950000
-0.1422670000,-1.2509950000,0.0468860000,3.7829672174,-0.6608920000,6.0839000000
-0.1026050000,-1.2551310000,0.0152630000,3.7830175805,1.2921290000,5.0990210000
-0.0719410000,-1.2448730000,0.0285400000,3.7830391485,-0.1386140000,6.8145230000
-0.0390210000,-1.2257200000,-0.0311110000,3.7830322429,1.2000110000,7.0053700000
-0.0027700000,-1.2389680000,-0.0351090000,3.7829972080,0.4545920000,7.2188970000
0.0542590000,-1.2231040000,-0.0915970000,3.7829344107,0.7675460000,6.7526280000
0.0741150000,-1.2378950000,-0.1179810000,3.7828442400,-0.2400640000,6.2644440000
0.0994060000,-1.1977210000,-0.1444020000,3.7827271063,-1.0451310000,7.2547530000
0.1228290000,-1.1917010000,-0.1885270000,3.7825834414,0.6398820000,6.8386320000
0.1409780000,-1.1576590000,-0.1881890000,3.7824136981,-0.7043780000,6.9437520000
0.1534090000,-1.1325190000,-0.2351080000,3.7822183498,-0.2989080000,8.1120670000
0.1488530000,-1.1204300000,-0.2219850000,3.7819978907,-1.6502030000,7.7447750000
0.1498500000,-1.0924830000,-0.2123740000,3.7817528352,-1.4158470000,8.8076450000
0.1546890000,-1.0662200000,-0.2173440000,3.7814837184,-0.9387010000,8.5527070000
0.1910780000,-1.0566580000,-0.2043160000,3.7811910957,-0.7889600000,9.4918370000
0.2270890000,-1.0465120000,-0.2062790000,3.7808755430,-1.1559360000,9.4004210000
0.2573860000,-1.0506290000,-0.1911170000,3.7805376568,-0.8717100000,9.0547150000
0.2643620000,-1.0028860000,-0.1976330000,3.7801780543,-2.7476660000,9.3620010000
0.2761620000,-0.9740790000,-0.2173640000,3.7797973735,-0.1963060000,9.5561170000
0.2762080000,-0.9205880000,-0.2239120000,3.7793962736,-1.8215000000,9.7651030000
0.3019220000,-0.9056660000,-0.2628750000,3.7789754348,-0.9099600000,8.1142920000
0.2989910000,-0.8802080000,-0.2605770000,3.7785355591,-2.0335490000,6.2651260000
0.2910510000,-0.8383600000,-0.2994380000,3.7780773696,-1.9777510000,5.8581650000
0.2589390000,-0.7678990000,-0.2870890000,3.7776016117,-2.7937910000,4.9831050000
0.2128700000,-0.7359770000,-0.2994900000,3.7771090522,-2.6663900000,4.4297730000
0.1934440000,-0.7012420000,-0.2797430000,3.7766004801,-1.8499980000,2.8480930000
0.1609250000,-0.6936800000,-0.2456420000,3.7760767060,-2.3175230000,2.1480850000
0.1441130000,-0.6546120000,-0.2214270000,3.7755385621,-1.4419260000,1.1399750000
0.0809780000,-0.6588300000,-0.1451470000,3.7749869019,-2.0075980000,-1.2142600000
0.0492630000,-0.6097250000,-0.0990870000,3.7744225999,-1.2989360000,-0.9818290000
-0.0186700000,-0.6226610000,-0.0456920000,3.7738465508,-0.1278940000,-2.4629060000
-0.0599040000,-0.6071080000,0.0222610000,3.7732596687,-0.3121730000,-3.4074910000
-0.1038030000,-0.6026710000,0.0600250000,3.7726628864,0.7802950000,-4.7564430000
-0.1519470000,-0.5763160000,0.0780390000,3.7720571542,2.5955060000,-5.8214480000
-0.2283720000,-0.5757810000,0.1451720000,3.7714434386,1.4058060000,-6.6028870000
-0.2732070000,-0.5566210000,0.0952160000,3.7708227209,3.5698380000,-8.0530560000
-0.3318670000,-0.5653030000,0.1677480000,3.7701959956,0.8971360000,-9.5527480000
-0.3405200000,-0.5536700000,0.0929520000,3.7695642684,2.7758530000,-9.9318700000
-0.3881320000,-0.5787870000,0.1169490000,3.7689285545,3.2110090000,-11.3586250000
-0.3988390000,-0.5514380000,0.0748780000,3.7682898762,3.2966640000,-11.7759910000
-0.4260500000,-0.5802970000,0.0771470000,3.7676492605,3.3224840000,-12.8144760000
-0.4169970000,-0.5966040000,0.0608160000,3.7670077365,3.5694900000,-12.7707770000
-0.4122900000,-0.6545100000,0.0483100000,3.7663663328,3.6615000000,-13.1287290000
-0.4024500000,-0.6915420000,0.0668530000,3.7657260747,5.0681430000,-13.4827400000
-0.4167910000,-0.7301280000,0.0710450000,3.7650879806,3.2926370000,-12.7694100000
-0.4230240000,-0.7557040000,0.0638660000,3.7644530594,4.0167260000,-12.2525800000
-0.4249930000,-0.7895760000,0.0781280000,3.7638223068,2.7226480000,-10.5064620000
-0.4196460000,-0.8358020000,0.0409970000,3.7631967018,3.4828310000,-10.4868690000
-0.3969940000,-0.8753720000,0.0569690000,3.7625772037,2.8310930000,-8.8285110000
-0.3784120000,-0.8895290000,0.0003740000,3.7619647480,2.8150450000,-7.9895680000
-0.3572470000,-0.9421340000,-0.0268710000,3.7613602432,2.1073020000,-6.7268220000
-0.3148840000,-0.9500180000,-0.0797240000,3.7607645671,2.6545870000,-5.5256880000
-0.2771880000,-0.9810770000,-0.1342980000,3.7601785635,0.9228580000,-4.1891760000
-0.2274560000,-0.9779910000,-0.1995370000,3.7596030389,0.1026980000,-2.5780660000
-0.1665900000,-1.0199930000,-0.2737160000,3.7590387588,0.4644290000,-2.5263590000
-0.0983050000,-1.0365860000,-0.3296690000,3.7584864452,-0.3723300000,-1.6963930000
-0.0448610000,-1.0766250000,-0.4250990000,3.7579467732,0.4853780000,-1.1284770000
-0.0208920000,-1.0824620000,-0.4249480000,3.7574203681,-2.4882000000,0.0099100000
0.0084590000,-1.1021860000,-0.4936730000,3.7569078034,-1.1190980000,1.8201730000
0.0494080000,-1.1154670000,-0.5023350000,3.7564095978,-1.1903500000,1.5857650000
0.1062920000,-1.1310190000,-0.5263390000,3.7559262135,-0.8472560000,2.8029930000
0.1403740000,-1.1542120000,-0.5153960000,3.7554580539,-0.7512780000,3.2453490000
0.1412470000,-1.1685370000,-0.4767350000,3.7550054622,-0.4234410000,3.8046500000
0.1550070000,-1.1372620000,-0.4764790000,3.7545687202,0.7420870000,5.6197730000
0.1409520000,-1.1353480000,-0.4366240000,3.7541480467,0.5557300000,5.8903640000
0.1459280000,-1.1289670000,-0.3983340000,3.7537435971,-1.2393920000,7.5695780000
0.1895120000,-1.1173570000,-0.4219280000,3.7533554630,1.4961320000,7.1803340000
0.2162150000,-1.1256490000,-0.3542120000,3.7529836715,0.1144160000,7.1441430000
0.2448770000,-1.0943670000,-0.3931810000,3.7526281858,1.0207530000,7.9027180000
0.2402130000,-1.0866630000,-0.3233270000,3.7522889054,0.0719150000,8.9753630000
0.2895740000,-1.0345940000,-0.3396570000,3.7519656669,-0.5559070000,9.4882930000
0.3279620000,-1.0397210000,-0.3127410000,3.7516582449,-0.2848820000,8.6542390000
0.3596640000,-0.9960120000,-0.2814960000,3.7513663533,-3.3724820000,9.2434110000
0.3846990000,-0.9672780000,-0.2886910000,3.7510896469,-1.6378970000,9.2230730000
0.4068490000,-0.9272320000,-0.2380590000,3.7508277232,-1.9026490000,8.3381170000
0.4144610000,-0.8880400000,-0.2335260000,3.7505801242,-2.9523850000,9.3508740000
0.3911000000,-0.8830600000,-0.1743700000,3.7503463389,-2.8337250000,8.9180640000
0.4026010000,-0.8510690000,-0.1392420000,3.7501258052,-3.2897480000,9.3141890000
0.3774840000,-0.8521230000,-0.0988120000,3.7499179129,-2.5335460000,7.9097050000
0.3719200000,-0.8301440000,-0.0203840000,3.7497220058,-2.7054310000,7.9716670000
0.3435630000,-0.8142960000,0.0258880000,3.7495373850,-2.5530930000,8.0781750000
0.3062390000,-0.7748840000,0.0725250000,3.7493633113,-2.1385380000,8.1591480000
0.2581640000,-0.7435070000,0.1384230000,3.7491990082,-1.8656260000,8.1796320000
0.2161690000,-0.7276920000,0.1455590000,3.7490436649,-0.9729900000,7.2180960000
0.1712060000,-0.7218890000,0.2281850000,3.7488964394,-2.4683470000,7.0738810000
0.1694760000,-0.7123530000,0.1777040000,3.7487564613,0.6576500000,5.5202760000
0.1171610000,-0.7315690000,0.2300490000,3.7486228347,-1.5415020000,3.1412130000
0.0922990000,-0.6710670000,0.1657490000,3.7484946418,-0.5698770000,3.8932610000
0.0177810000,-0.6629990000,0.1699150000,3.7483709454,-0.3259030000,3.3696750000
-0.0187130000,-0.6275910000,0.1416560000,3.7482507918,-0.0882780000,2.3213440000
-0.0585090000,-0.6208880000,0.1054310000,3.7481332144,0.7930600000,0.2074690000
-0.0848740000,-0.6214460000,0.0628450000,3.7480172358,0.5981030000,-1.0092460000
-0.1362370000,-0.6280830000,0.0289440000,3.7479018711,0.7507590000,-1.7198720000
-0.1932500000,-0.6203070000,-0.0114890000,3.7477861303,1.9353680000,-3.1284500000
-0.2641870000,-0.6039970000,-0.0204300000,3.7476690212,0.6598820000,-2.7935410000
-0.3146670000,-0.6155610000,-0.0821730000,3.7475495520,2.5236930000,-3.3334010000
-0.3746870000,-0.6389510000,-0.0619370000,3.7474267334,1.9904640000,-4.4997540000
-0.3916310000,-0.6652630000,-0.0788180000,3.7472995812,2.6291870000,-4.6344980000
-0.4488500000,-0.6858020000,-0.0852850000,3.7471671184,2.8719300000,-5.8758050000
-0.4798100000,-0.6843340000,-0.0864700000,3.7470283776,3.7279930000,-4.9191690000
-0.5258300000,-0.6893530000,-0.1084560000,3.7468824027,3.1381290000,-4.8092760000
-0.5380600000,-0.7238250000,-0.1089280000,3.7467282513,4.3894370000,-5.6840170000
-0.5574890000,-0.7529180000,-0.1419430000,3.7465649962,3.5070650000,-5.1284380000
-0.5680030000,-0.7776310000,-0.1748820000,3.7463917275,3.3706900000,-5.1347760000
-0.5968680000,-0.7863160000,-0.2079430000,3.7462075543,2.5840340000,-4.4846560000
-0.5881270000,-0.7973720000,-0.2640460000,3.7460116064,3.4091240000,-5.6331520000
-0.6011060000,-0.8326640000,-0.2326470000,3.7458030362,1.7940620000,-4.8323380000
-0.5701660000,-0.8529570000,-0.2847260000,3.7455810199,1.7763110000,-4.2616920000
-0.5670050000,-0.9009260000,-0.2774190000,3.7453447597,1.8738490000,-4.6390830000
-0.5208960000,-0.8951060000,-0.3228970000,3.7450934848,2.4832400000,-3.1058020000
-0.5155200000,-0.9286100000,-0.2913560000,3.7448264535,2.3680300000,-2.3541860000
-0.4601320000,-0.9529760000,-0.2621590000,3.7445429542,0.5535900000,-0.9169620000
-0.4264180000,-1.0007780000,-0.2353550000,3.7442423071,1.5725510000,-0.1310730000
-0.3731640000,-1.0123910000,-0.2192150000,3.7439238660,1.4019950000,0.5998820000
-0.3518180000,-1.0427440000,-0.1937690000,3.7435870191,1.6776740000,1.9907970000
-0.3081910000,-1.0429250000,-0.1856060000,3.7432311911,1.9220880000,2.9816900000
-0.2928980000,-1.0515900000,-0.1296340000,3.7428558443,1.7228140000,4.5383910000
-0.2408060000,-1.0444640000,-0.1630790000,3.7424604801,0.8401960000,6.0588340000
-0.2201690000,-1.0470800000,-0.0964090000,3.7420446403,0.4412750000,7.0686830000
-0.1624080000,-1.0260730000,-0.1732340000,3.7416079089,0.6830360000,7.5657080000
-0.1385180000,-1.0475890000,-0.1439220000,3.7411499132,0.1062590000,7.3081090000
-0.0681890000,-1.0317220000,-0.1443100000,3.7406703252,-0.4879510000,8.3176870000
-0.0434980000,-1.0433940000,-0.1530110000,3.7401688633,-0.8900560000,8.5851800000
-0.0024190000,-0.9949980000,-0.1567800000,3.7396452933,-1.4168540000,10.1180590000
0.0245040000,-0.9891550000,-0.1730010000,3.7390994300,-0.9038390000,10.2700070000
0.0828070000,-0.9724110000,-0.1431670000,3.7385311381,-1.1343180000,10.7154870000
0.1160220000,-0.9919120000,-0.1364480000,3.7379403339,-1.5181830000,10.7387380000
0.1646280000,-0.9945020000,-0.1142880000,3.7373269857,0.0982310000,10.1617220000
0.1931980000,-0.9959370000,-0.0693520000,3.7366911157,-0.8766760000,11.2215010000
0.2151320000,-0.9769570000,-0.0803910000,3.7360328000,0.6041040000,10.9686480000
0.2202950000,-0.9647470000,-0.0415400000,3.7353521703,-1.0525230000,12.3973690000
0.2291110000,-0.9254230000,-0.0433060000,3.7346494137,-0.4279340000,12.6847200000
0.2348520000,-0.9314760000,-0.0030790000,3.7339247739,-0.4765800000,11.8396300000
0.2486910000,-0.8814220000,-0.0109670000,3.7331785512,-0.5748790000,11.4240890000
0.2512380000,-0.8654000000,-0.0215760000,3.7324111032,-0.5616280000,11.1099560000
0.2365070000,-0.8346370000,0.0099780000,3.7316228442,-1.2604790000,10.1558160000
0.2558800000,-0.8078660000,-0.0150730000,3.7308142457,-1.8152110000,10.0464190000
0.2557750000,-0.7904460000,-0.0221140000,3.7299858360,-1.1181890000,8.1012090000
0.2576100000,-0.7605790000,-0.0539740000,3.7291381995,-2.4248220000,8.4138610000
0.2480810000,-0.7440880000,-0.0729200000,3.7282719764,-1.8618550000,6.5819870000
0.2314350000,-0.7183410000,-0.0668540000,3.7273878614,-2.2585730000,5.1600170000
0.2009320000,-0.6938440000,-0.0966520000,3.7264866030,-2.7366050000,4.0190960000
0.2085470000,-0.6978060000,-0.0800200000,3.7255690018,-1.5949890000,2.6011320000
0.1833110000,-0.7079880000,-0.0857480000,3.7246359093,-0.2390040000,1.4242750000
0.1577050000,-0.7137880000,-0.1088000000,3.7236882257,-0.1309100000,-0.7015150000
0.1039030000,-0.7122910000,-0.0280100000,3.7227268979,-0.4313620000,-0.7620540000
0.0593170000,-0.7005890000,-0.0662600000,3.7217529175,1.8054560000,-1.4285280000
-0.0021760000,-0.7223710000,0.0082380000,3.7207673175,0.7056230000,-2.7652230000
-0.0180100000,-0.7098460000,-0.0184940000,3.7197711701,1.8524410000,-3.5002410000
-0.0712520000,-0.7548580000,0.0333360000,3.7187655833,2.1338440000,-5.7221510000
-0.1100010000,-0.7612450000,0.0712740000,3.7177516976,2.0715400000,-6.7064270000
-0.1405110000,-0.7734100000,0.0665570000,3.7167306825,4.3092040000,-7.5176030000
-0.1877750000,-0.7754580000,0.0700630000,3.7157037327,2.5807740000,-8.5001070000
-0.2197000000,-0.7946210000,0.0376460000,3.7146720643,2.9857450000,-8.4815450000
-0.2317820000,-0.8182280000,0.0420840000,3.7136369103,2.2336110000,-10.0580180000
-0.2494940000,-0.8647110000,0.0207480000,3.7125995167,2.3737770000,-11.0487500000
-0.2620660000,-0.8921850000,-0.0102880000,3.7115611381,2.5157430000,-12.6766040000
-0.2662320000,-0.9124540000,-0.0403780000,3.7105230329,2.5022190000,-11.8057590000
-0.2938800000,-0.9177780000,-0.0607620000,3.7094864588,1.9175580000,-12.0549160000
-0.3059330000,-0.9292470000,-0.0657510000,3.7084526680,1.6552680000,-11.8737620000
-0.3090870000,-0.9602690000,-0.0832430000,3.7074229027,0.9168080000,-11.7662450000
-0.2884110000,-1.0202760000,-0.1014540000,3.7063983900,1.6604580000,-12.1613840000
-0.2747790000,-1.0730440000,-0.0929660000,3.7053803373,-0.3961110000,-12.1701440000
-0.2542180000,-1.1246740000,-0.1451560000,3.7043699275,2.0492330000,-12.4602580000
-0.2473670000,-1.1218080000,-0.1113830000,3.7033683143,0.9932040000,-10.1529820000
-0.2576480000,-1.1762380000,-0.1386310000,3.7023766177,1.1297140000,-10.0063290000
-0.2441640000,-1.1978260000,-0.1514920000,3.7013959193,1.4389060000,-10.3266220000
-0.1905750000,-1.2178690000,-0.1930900000,3.7004272584,1.4914450000,-9.2487210000
-0.1586630000,-1.2145700000,-0.2290030000,3.6994716275,1.5517860000,-9.2190630000
-0.1364960000,-1.2538340000,-0.2401570000,3.6985299685,0.8735330000,-7.7158070000
-0.1295540000,-1.2571860000,-0.3145760000,3.6976031695,1.6206610000,-7.5846670000
-0.0987190000,-1.2767430000,-0.3146060000,3.6966920607,-0.1340050000,-7.2611480000
-0.0568780000,-1.2556400000,-0.3906240000,3.6957974120,0.0451240000,-5.7662590000
-0.0105300000,-1.2646860000,-0.4107090000,3.6949199300,0.1568580000,-4.9561190000
0.0164260000,-1.2545800000,-0.4340210000,3.6940602556,0.5023910000,-4.3574780000
0.0340920000,-1.2528370000,-0.4514970000,3.6932189620,-0.1824640000,-4.2425790000
0.0808630000,-1.2335260000,-0.4766110000,3.6923965532,0.1325850000,-3.3065840000
0.1154270000,-1.2359490000,-0.4462740000,3.6915934623,-0.2887460000,-2.2520110000
0.1694370000,-1.2393130000,-0.4691860000,3.6908100511,-0.0567010000,-1.9186480000
0.1979220000,-1.2202650000,-0.4561640000,3.6900466093,-0.2745170000,-0.6018980000
0.2332240000,-1.1932210000,-0.4778150000,3.6893033546,-0.1731220000,-0.1408980000
0.2410690000,-1.1510060000,-0.4285290000,3.6885804326,-1.2165140000,2.1044900000
0.2748230000,-1.1103790000,-0.4683650000,3.6878779183,-0.0980430000,1.8383430000
0.3121640000,-1.0535010000,-0.4079220000,3.6871958163,-0.4129830000,3.5439940000
0.3398670000,-1.0155060000,-0.4233790000,3.6865340630,-1.4796970000,3.8633490000
0.3328730000,-0.9809560000,-0.4046100000,3.6858925280,-0.2133390000,3.6943750000
0.3887230000,-0.9208340000,-0.3883230000,3.6852710167,-1.4298890000,4.2605560000
0.3954720000,-0.9001550000,-0.3983440000,3.6846692727,-1.0876290000,3.6035040000
0.4328360000,-0.8359340000,-0.3517990000,3.6840869810,-3.9225400000,5.9094370000
0.4459590000,-0.7968370000,-0.3857720000,3.6835237709,-1.1021670000,5.2189590000
0.4775990000,-0.7402970000,-0.3220930000,3.6829792196,-2.6076380000,5.5782220000
0.4475940000,-0.7260640000,-0.3192930000,3.6824528562,-2.7114150000,5.2012060000
0.4741580000,-0.6637370000,-0.2716750000,3.6819441654,-2.5369470000,5.9398140000
0.4670550000,-0.6241080000,-0.2276280000,3.6814525917,-2.1049190000,6.0360340000
0.4688870000,-0.5856550000,-0.2026650000,3.6809775441,-1.9738610000,5.6765510000
0.4509910000,-0.5536020000,-0.1333960000,3.6805184000,-2.6606820000,6.3804990000
0.4558690000,-0.5080680000,-0.1119220000,3.6800745099,-1.0529830000,6.7921420000
0.4188460000,-0.4946820000,-0.0122210000,3.6796452022,-3.8222710000,6.8683460000
0.4109160000,-0.4552860000,-0.0232340000,3.6792297875,-1.4465340000,6.4566810000
0.3641710000,-0.4612340000,0.0546060000,3.6788275634,-0.8066260000,6.1329300000
0.3585310000,-0.3797440000,0.0269750000,3.6784378188,-0.5889740000,7.3782210000
0.2939660000,-0.3552730000,0.0857430000,3.6780598387,-1.9135990000,6.5171070000
0.2785450000,-0.3041070000,0.0943600000,3.6776929081,-1.2991960000,6.5618290000
0.2023130000,-0.3271620000,0.0812270000,3.6773363165,-0.5329530000,3.8000330000
0.1840760000,-0.2732650000,0.0955120000,3.6769893622,-1.4343110000,5.1246930000
0.1167700000,-0.2734320000,0.0925710000,3.6766513554,-1.6870650000,3.6856310000
0.0680220000,-0.2581390000,0.0824120000,3.6763216228,-1.1597940000,2.7739200000
-0.0089310000,-0.2475140000,0.0696820000,3.6759995101,-2.1473650000,2.8723160000
-0.0700990000,-0.2461250000,0.0765330000,3.6756843856,-0.6322170000,1.4291970000
-0.1249230000,-0.2514230000,0.0989450000,3.6753756431,-0.5517390000,0.9527240000
-0.1970900000,-0.2859480000,0.0966540000,3.6750727041,0.5716790000,-0.5817810000
-0.2659170000,-0.2836140000,0.1263700000,3.6747750201,-0.5956080000,0.7603680000
-0.3153960000,-0.3356370000,0.1219580000,3.6744820747,1.8395670000,-0.4980990000
-0.3797190000,-0.3706220000,0.1535130000,3.6741933849,1.8275400000,-0.9559670000
-0.4273500000,-0.4191620000,0.1368900000,3.6739085025,3.2475950000,-1.2719940000
-0.4995640000,-0.4719370000,0.1573270000,3.6736270148,2.6134210000,-1.5437080000
-0.5484850000,-0.5070560000,0.1386920000,3.6733485453,3.2438140000,-1.3767170000
-0.6181520000,-0.5478640000,0.1143600000,3.6730727543,4.2932250000,-2.4907160000
-0.6655400000,-0.5952490000,0.1272990000,3.6727993383,2.5729590000,-2.3215320000
-0.7071420000,-0.6402480000,0.0512450000,3.6725280302,4.0232610000,-2.0265490000
-0.7546030000,-0.7039070000,0.0446730000,3.6722585987,0.8809900000,-2.1146950000
-0.7817450000,-0.7522120000,-0.0096840000,3.6719908473,2.7180030000,-2.0787950000
-0.7890120000,-0.8313280000,-0.0282460000,3.6717246139,2.9398110000,-1.7974960000
-0.7825660000,-0.8898640000,-0.0925030000,3.6714597690,3.1944520000,-0.7639630000
-0.7576290000,-0.9673270000,-0.1425440000,3.6711962148,3.3909750000,-0.4318870000
-0.7601340000,-1.0417260000,-0.1294300000,3.6709338837,1.3893540000,0.0413000000
-0.7418600000,-1.0967930000,-0.1705230000,3.6706727367,1.8803680000,1.2677850000
-0.7502110000,-1.1515860000,-0.1640670000,3.6704127617,1.6156390000,2.6177940000
-0.7036760000,-1.1918650000,-0.2230160000,3.6701539719,2.4892500000,4.4407800000
-0.6904770000,-1.2774780000,-0.2209840000,3.6698964039,2.0148130000,4.1769650000
-0.6440340000,-1.2990010000,-0.2484650000,3.6696401160,0.2388860000,6.2887000000
-0.6400220000,-1.3640130000,-0.2727840000,3.6693851868,1.8474190000,7.1533090000
-0.6089570000,-1.3653550000,-0.2788990000,3.6691317127,-0.6754790000,8.7763280000
-0.5867020000,-1.4062970000,-0.3161910000,3.6688798073,1.3293160000,9.5859360000
-0.5270700000,-1.4228470000,-0.3118580000,3.6686295990,1.1042490000,10.4852370000
-0.4779220000,-1.4463000000,-0.3634320000,3.6683812301,0.1676540000,11.1761750000
-0.4277240000,-1.4529640000,-0.3634480000,3.6681348553,-0.2682830000,11.2230260000
-0.3812220000,-1.4634580000,-0.3927280000,3.6678906406,0.2734970000,12.3665760000
-0.3408310000,-1.4690810000,-0.3735650000,3.6676487623,-0.2960720000,12.5595520000
-0.2830080000,-1.4831030000,-0.3823750000,3.6674094062,-0.3329730000,13.5366630000
-0.2023980000,-1.4797120000,-0.3875450000,3.6671727668,0.9779050000,13.1074030000
-0.1718250000,-1.5076620000,-0.3731320000,3.6669390470,-0.0262230000,12.3925900000
-0.1305290000,-1.4449450000,-0.3547400000,3.6667084576,0.0241950000,14.4114480000
-0.1278310000,-1.4089460000,-0.3226580000,3.6664812169,0.2940910000,14.6440350000
-0.0874660000,-1.3636580000,-0.3066460000,3.6662575513,-0.6780100000,14.5071240000
-0.0380560000,-1.3554880000,-0.2874800000,3.6660376948,0.1922430000,14.1268610000
-0.0014170000,-1.3268520000,-0.2351680000,3.6658218895,-0.4453930000,14.0500420000
0.0398430000,-1.3070230000,-0.2132280000,3.6656103860,-0.2654600000,13.9382790000
0.0796060000,-1.2471250000,-0.1631510000,3.6654034439,-0.1229530000,13.2314090000
0.1073070000,-1.2092720000,-0.1642370000,3.6652013323,-0.8700460000,13.1913070000
0.1594810000,-1.1621000000,-0.1418580000,3.6650043309,-0.3711020000,12.4672870000
0.2138020000,-1.1324960000,-0.0908620000,3.6648127302,-0.4169840000,11.4855230000
0.2516450000,-1.0532320000,-0.0890330000,3.6646268326,0.4035660000,10.7844330000
0.2519510000,-1.0139110000,-0.0449800000,3.6644469536,-2.6520910000,9.4811230000
0.2839770000,-0.9424890000,-0.0745250000,3.6642734219,-2.0154460000,8.7492140000
0.2962040000,-0.9292670000,-0.0325820000,3.6641065811,-1.9223920000,6.5801820000
0.3197100000,-0.8704880000,-0.0420420000,3.6639467900,-2.0614430000,5.5138220000
0.2989060000,-0.8203880000,-0.0228230000,3.6637944235,-1.8150170000,4.5748270000
0.2751610000,-0.7457520000,0.0088290000,3.6636498731,-2.0329780000,4.3535360000
0.2356930000,-0.7125400000,0.0479590000,3.6635135480,-2.1020930000,2.3084900000
0.2531580000,-0.6806550000,0.0601340000,3.6633858749,-1.7059950000,0.4413140000
0.2560080000,-0.6552260000,0.0962240000,3.6632672987,-0.0994940000,-0.3371010000
0.2311830000,-0.6261660000,0.1049950000,3.6631582828,-0.3558650000,-2.2280030000
0.1959060000,-0.5746320000,0.1497250000,3.6630593086,-1.3232330000,-2.1746060000
0.1736410000,-0.5214960000,0.1249780000,3.6629708757,1.2860950000,-3.8651220000
0.1573670000,-0.5014960000,0.1649030000,3.6628935013,-1.2300670000,-4.7878720000
0.1716130000,-0.4890820000,0.0932700000,3.6628277198,1.1418910000,-6.5922190000
0.1638960000,-0.4754170000,0.1238920000,3.6627740820,0.5641720000,-8.7732920000
0.1466730000,-0.4365500000,0.0577970000,3.6627331540,1.6580580000,-9.8497100000
0.0942030000,-0.4019950000,0.0510120000,3.6627055161,0.7867280000,-11.6185520000
0.0666110000,-0.3869120000,-0.0101630000,3.6626917614,1.9671450000,-12.0733020000
0.0457800000,-0.3820250000,-0.0272090000,3.6626924941,1.1271560000,-13.5447540000
0.0352540000,-0.3851760000,-0.0835190000,3.6627083279,1.8497850000,-14.4843060000
0.0018810000,-0.3916720000,-0.0841620000,3.6627398835,1.5772150000,-15.6010350000
-0.0281340000,-0.4030620000,-0.1102410000,3.6627877870,1.3518100000,-15.7895400000
-0.0549250000,-0.4334970000,-0.1283500000,3.6628526668,2.5701820000,-17.2907010000
-0.0706800000,-0.4730170000,-0.1005650000,3.6629351515,1.6480730000,-17.1060700000
-0.0717800000,-0.5004750000,-0.0910590000,3.6630358665,1.8577190000,-16.9209830000
-0.0931030000,-0.5529550000,-0.0808600000,3.6631554318,2.8505680000,-16.8380720000
-0.0913630000,-0.5408060000,-0.1092790000,3.6632944582,2.0626940000,-15.7017730000
-0.0983380000,-0.6142970000,-0.0879930000,3.6634535445,3.3831630000,-16.0144350000
-0.0764410000,-0.6498950000,-0.0830860000,3.6636332740,2.6351280000,-14.6180640000
-0.0602290000,-0.7133870000,-0.1226550000,3.6638342113,3.1006370000,-14.8658150000
-0.0478670000,-0.7392070000,-0.0967860000,3.6640568989,1.8302740000,-13.8539440000
-0.0426680000,-0.7634640000,-0.1515970000,3.6643018540,2.0607150000,-13.0248910000
-0.0363590000,-0.7898840000,-0.1687310000,3.6645695649,0.4987110000,-12.0566000000
0.0104090000,-0.8155010000,-0.2280840000,3.6648604877,0.6229310000,-11.2920530000
0.0384800000,-0.8664110000,-0.2434430000,3.6651750436,-0.3643930000,-11.0107860000
0.0745250000,-0.9162950000,-0.2827630000,3.6655136154,-0.9787020000,-9.8418490000
0.0768920000,-0.9451870000,-0.3324390000,3.6658765446,-0.1856220000,-9.0633950000
0.0916630000,-0.9838960000,-0.3141460000,3.6662641288,-1.9069000000,-7.9220970000
0.0975940000,-1.0447500000,-0.3171730000,3.6666766188,-1.6784880000,-7.2915920000
0.1336060000,-1.0908020000,-0.2989950000,3.6671142164,-2.5576820000,-5.6600480000
0.1446580000,-1.1269650000,-0.3018140000,3.6675770720,-1.3002820000,-4.5430560000
0.1509300000,-1.1673160000,-0.2686020000,3.6680652828,-0.7216080000,-3.6121420000
0.1368390000,-1.1834520000,-0.2563820000,3.6685788908,-1.0753330000,-1.8084450000
0.1482290000,-1.2185020000,-0.2347280000,3.6691178815,-0.2019250000,-0.7849310000
0.1436240000,-1.2386200000,-0.2050020000,3.6696821827,-0.0769430000,0.7575470000
0.1619590000,-1.2480480000,-0.2243160000,3.6702716635,0.0991070000,0.5541210000
0.1481170000,-1.2445160000,-0.2055210000,3.6708861339,-0.2261530000,2.4848290000
0.1623760000,-1.2199400000,-0.2709850000,3.6715253444,0.3166900000,3.6969150000
0.1616930000,-1.2331810000,-0.2161390000,3.6721889864,-0.6151380000,4.0644930000
0.2197930000,-1.2251100000,-0.2880180000,3.6728766924,-0.3711940000,4.2651170000
0.2457340000,-1.2304340000,-0.2821690000,3.6735880369,-0.5346300000,4.4571830000
0.2903290000,-1.1976360000,-0.3586820000,3.6743225375,-0.3622040000,6.4919470000
0.2996870000,-1.1911100000,-0.3551440000,3.6750796566,-1.1152410000,6.7994790000
0.3235570000,-1.1660560000,-0.3570180000,3.6758588029,-1.2079040000,7.3173890000
0.3244010000,-1.1515310000,-0.4005760000,3.6766593335,-1.4769430000,7.5446490000
0.3491010000,-1.1427830000,-0.3546880000,3.6774805565,-1.5009630000,8.5242860000
0.3422050000,-1.1255310000,-0.3564140000,3.6783217335,-1.3683630000,8.7907970000
0.3161620000,-1.1073160000,-0.3121210000,3.6791820825,-1.3517930000,9.2912430000
0.2944980000,-1.0618410000,-0.2837210000,3.6800607809,-1.7030170000,10.9469010000
0.2552560000,-1.0457310000,-0.2490230000,3.6809569689,-1.3481950000,11.3183380000
0.2420050000,-1.0120440000,-0.1951320000,3.6818697531,-1.8488530000,12.6817050000
0.2291940000,-0.9906490000,-0.1859180000,3.6827982099,-0.4065000000,12.0979060000
0.1932180000,-0.9652420000,-0.1032890000,3.6837413894,-2.6221880000,12.8486940000
0.1665580000,-0.9127040000,-0.1260360000,3.6846983195,-1.5958550000,13.7712220000
0.1232170000,-0.8880530000,-0.0614870000,3.6856680096,-2.1436810000,13.3280590000
0.1360970000,-0.8504060000,-0.0713180000,3.6866494550,-1.4507290000,12.8848140000
0.1063710000,-0.8409270000,-0.0383360000,3.6876416406,-2.6020570000,11.8902810000
0.1091190000,-0.8100260000,-0.0596950000,3.6886435456,-1.4935780000,10.2416230000
0.0585850000,-0.7814820000,-0.0726930000,3.6896541471,-2.2007040000,9.3543810000
0.0053640000,-0.7118970000,-0.0711110000,3.6906724245,-2.2214460000,9.0653640000
-0.0546780000,-0.6506960000,-0.0740200000,3.6916973634,-1.9359620000,8.8855600000
-0.1093700000,-0.6164210000,-0.0791660000,3.6927279594,-0.2141820000,7.1229380000
-0.1621850000,-0.6118380000,-0.0230500000,3.6937632219,-2.1248080000,5.4228990000
-0.1925930000,-0.5971860000,-0.0578370000,3.6948021777,0.0731030000,3.2867030000
-0.2833590000,-0.5834750000,0.0350200000,3.6958438743,-0.3043610000,2.7055950000
-0.3571780000,-0.5415190000,0.0049890000,3.6968873830,0.8781410000,2.6324510000
-0.4481540000,-0.5482080000,0.1135320000,3.6979318017,1.6704260000,1.2521280000
-0.4921130000,-0.5273520000,0.1285040000,3.6989762577,1.7829780000,0.8538850000
-0.5424320000,-0.5553150000,0.1619750000,3.7000199099,3.9223100000,-1.5934270000
-0.5698800000,-0.5452700000,0.1703320000,3.7010619508,4.0808220000,-2.5050690000
-0.6399500000,-0.5540350000,0.1983470000,3.7021016083,5.0472800000,-3.6686450000
-0.6958080000,-0.5274240000,0.2032450000,3.7031381473,3.9710870000,-3.8348360000
-0.7411740000,-0.5244070000,0.1624080000,3.7041708705,5.6614110000,-3.0580810000
-0.7659110000,-0.5332070000,0.1609370000,3.7051991197,4.9790120000,-4.6913700000
-0.7635800000,-0.5636450000,0.0920850000,3.7062222760,4.7903110000,-5.6279480000
-0.7560440000,-0.5916090000,0.0727090000,3.7072397603,4.7492250000,-6.7453850000
-0.7583450000,-0.6162660000,0.0553710000,3.7082510332,4.4627960000,-6.4726570000
-0.7566150000,-0.6229590000,-0.0046810000,3.7092555947,3.7314060000,-6.7341980000
-0.7461210000,-0.6611080000,-0.0076490000,3.7102529838,3.4505020000,-6.1213600000
-0.7095380000,-0.6769550000,-0.0502250000,3.7112427776,3.0529590000,-4.8725940000
-0.6903290000,-0.7430570000,-0.0529270000,3.7122245901,3.4098790000,-4.9917390000
-0.6479070000,-0.7650530000,-0.0729490000,3.7131980714,1.2534320000,-3.8918160000
-0.6262690000,-0.8378930000,-0.1142160000,3.7141629058,2.7248930000,-4.4452310000
-0.5908880000,-0.8639820000,-0.1013060000,3.7151188103,1.9861050000,-2.1792140000
-0.5772330000,-0.8992260000,-0.1207610000,3.7160655330,2.2035110000,-0.7598440000
-0.5364680000,-0.9168070000,-0.1178330000,3.7170028510,1.6072520000,0.2365640000
-0.5203190000,-0.9481830000,-0.1043690000,3.7179305683,0.9656930000,2.1170680000
-0.4558550000,-0.9638110000,-0.1683530000,3.7188485142,1.8301600000,2.8195540000
-0.4158880000,-0.9973680000,-0.1594840000,3.7197565406,-0.4789930000,3.4839050000
-0.3292510000,-1.0293090000,-0.2378260000,3.7206545203,0.5556580000,3.6547110000
-0.2814980000,-1.0707960000,-0.2286880000,3.7215423445,-0.5079210000,4.6019230000
-0.2007340000,-1.0702570000,-0.3053920000,3.7224199212,0.3831330000,6.9295580000
-0.1584460000,-1.0964120000,-0.3383580000,3.7232871728,-0.5875230000,6.9541310000
-0.0705780000,-1.0936510000,-0.3913430000,3.7241440341,-0.0852870000,8.0447070000
-0.0175800000,-1.1195040000,-0.3887170000,3.7249904506,-0.0851490000,7.8862910000
0.0540690000,-1.1156930000,-0.4098590000,3.7258263767,-1.2215620000,8.5900410000
0.0959040000,-1.1226680000,-0.4084280000,3.7266517737,-0.8945560000,8.8451690000
0.1249070000,-1.1165500000,-0.4170150000,3.7274666086,-1.1741770000,8.7094110000
0.1534250000,-1.1151740000,-0.3725700000,3.7282708524,-1.3353450000,10.4008990000
0.1931390000,-1.1089150000,-0.3632120000,3.7290644786,-1.1945080000,10.0241340000
0.2189950000,-1.0928570000,-0.3345200000,3.7298474624,-1.2555580000,10.9125830000
0.2514850000,-1.0570820000,-0.3485760000,3.7306197790,-0.2425820000,10.3607230000
0.2658220000,-1.0697130000,-0.2667350000,3.7313814034,-3.1190940000,10.6426580000
0.2804750000,-1.0350900000,-0.2497190000,3.7321323087,-1.9984300000,10.9873270000
0.3019950000,-1.0187070000,-0.2206590000,3.7328724662,-1.4852180000,10.6071000000
0.3148680000,-0.9889550000,-0.2258520000,3.7336018441,-1.5055460000,10.2795350000
0.3301280000,-0.9705310000,-0.1810370000,3.7343204079,-1.8172850000,9.8116040000
0.3544780000,-0.9670410000,-0.1337890000,3.7350281191,-2.4785100000,9.2455640000
0.3952060000,-0.9465360000,-0.1398550000,3.7357249360,-1.3089440000,7.9271130000
0.3936040000,-0.9342560000,-0.0757330000,3.7364108128,-2.2544800000,6.9759710000
0.4090940000,-0.8961040000,-0.1034700000,3.7370857000,-2.0227790000,6.8566270000
0.3831500000,-0.8831580000,-0.0409390000,3.7377495446,-1.2315050000,6.0674720000
0.3871970000,-0.8419540000,-0.0195080000,3.7384022899,-2.0580200000,5.5223150000
0.3777830000,-0.8533700000,-0.0213760000,3.7390438759,-0.3929800000,3.9674850000
0.3765980000,-0.8205460000,0.0270860000,3.7396742396,-2.7977100000,4.3228120000
0.3602970000,-0.8065560000,0.0161880000,3.7402933151,-0.7779280000,3.6583610000
0.3227990000,-0.8006840000,0.0883170000,3.7409010341,-1.3557480000,2.4302160000
0.3163880000,-0.7694190000,0.0567920000,3.7414973260,-0.6447130000,1.9165000000
0.2817450000,-0.7721820000,0.0906900000,3.7420821184,-1.0920600000,1.3034220000
0.2641280000,-0.7561410000,0.1091800000,3.7426553372,-1.2117150000,1.3996720000
0.2379580000,-0.7183600000,0.0832520000,3.7432169073,-0.7804520000,0.3133910000
0.2230450000,-0.7009630000,0.1020080000,3.7437667522,-1.6350870000,-0.8341960000
0.2003470000,-0.7032910000,0.0624940000,3.7443047948,-0.6834100000,-1.4389530000
0.1796710000,-0.7118810000,0.0680940000,3.7448309574,-0.3426370000,-3.3229330000
0.1336090000,-0.7033430000,0.0164970000,3.7453451621,-1.0714600000,-3.4196240000
0.0747320000,-0.6708800000,-0.0340130000,3.7458473307,-0.7372090000,-4.3886350000
0.0146860000,-0.6551110000,-0.0395340000,3.7463373849,-0.7186640000,-4.5171700000
-0.0232750000,-0.6460580000,-0.0520730000,3.7468152464,-1.6221050000,-6.1528990000
-0.0563560000,-0.6575430000,-0.1000130000,3.7472808369,-0.6090760000,-7.8097400000
-0.0829070000,-0.6732690000,-0.1162320000,3.7477340782,0.6844800000,-8.2161330000
-0.1368510000,-0.6911420000,-0.1172130000,3.7481748918,1.1114990000,-8.9563760000
-0.1826840000,-0.6811540000,-0.1322140000,3.7486031990,0.6566320000,-8.4276480000
-0.2109160000,-0.7234020000,-0.1617720000,3.7490189206,3.0434270000,-9.3184070000
-0.2242390000,-0.7594760000,-0.1201250000,3.7494219770,1.0975520000,-9.3498590000
-0.2323730000,-0.8072950000,-0.1109760000,3.7498122873,3.0563310000,-10.1898640000
-0.2466260000,-0.8141190000,-0.1049560000,3.7501897696,2.8120420000,-10.5281030000
-0.2756590000,-0.8358980000,-0.1514520000,3.7505543403,3.7684790000,-10.0871540000
-0.2929380000,-0.8425220000,-0.1577250000,3.7509059140,3.3858580000,-10.4459120000
-0.3156420000,-0.8683280000,-0.1943770000,3.7512444033,2.9113880000,-9.3379700000
-0.3464870000,-0.8989440000,-0.2115670000,3.7515697181,3.0880920000,-11.1107210000
-0.3650400000,-0.9157070000,-0.1720890000,3.7518817656,-0.7846600000,-10.0790890000
-0.3657980000,-0.9043600000,-0.2153150000,3.7521804500,2.1908470000,-9.7329470000
-0.3846420000,-0.9488920000,-0.2216110000,3.7524656722,0.7061310000,-9.1326370000
-0.3852460000,-0.9509210000,-0.2475780000,3.7527373300,0.1905420000,-8.2643960000
-0.3758190000,-1.0086750000,-0.2240370000,3.7529953174,0.6038540000,-8.0445830000
-0.3676880000,-1.0189330000,-0.2123220000,3.7532395248,-0.6083740000,-7.0374620000
-0.3406350000,-1.0405320000,-0.2280410000,3.7534698393,0.0916820000,-5.9202920000
-0.3142440000,-1.0729750000,-0.2109430000,3.7536861443,0.6832630000,-5.7734090000
-0.2962200000,-1.1077990000,-0.1055010000,3.7538883199,-1.8837190000,-3.8054640000
-0.2519990000,-1.1381380000,-0.1392870000,3.7540762431,0.8369560000,-3.0159910000
-0.2308440000,-1.1622050000,-0.0870700000,3.7542497882,0.7799270000,-1.9786140000
-0.1989840000,-1.1597530000,-0.1425140000,3.7544088273,1.5074440000,-1.6968920000
-0.1960140000,-1.1795960000,-0.0990250000,3.7545532305,-0.0160740000,-0.2327460000
-0.1553900000,-1.1402720000,-0.1531790000,3.7546828671,0.4174350000,1.7144400000
-0.1722450000,-1.1446240000,-0.1212280000,3.7547976060,0.2577180000,1.6266340000
-0.1294390000,-1.0976300000,-0.1991850000,3.7548973168,0.1335860000,3.3123010000
-0.1031370000,-1.1132180000,-0.1749970000,3.7549818708,-0.3040950000,3.1380440000
-0.0405740000,-1.0967340000,-0.2310280000,3.7550511419,-0.2754260000,4.1229010000
-0.0096170000,-1.1131720000,-0.2268300000,3.7551050082,-0.0114390000,3.9360980000
0.0355260000,-1.0793400000,-0.2577930000,3.7551433531,-1.7827250000,4.5131880000
0.0607130000,-1.0568360000,-0.2672210000,3.7551660666,-1.2525980000,5.9761450000
0.0877010000,-1.0357430000,-0.3027100000,3.7551730472,0.4029390000,6.7620330000
0.0990910000,-1.0297880000,-0.2462590000,3.7551642027,-1.9321380000,7.5112530000
0.1256690000,-1.0299100000,-0.2480250000,3.7551394526,-0.6062270000,7.1307500000
0.1216540000,-1.0220680000,-0.2260520000,3.7550987292,-1.2669490000,7.9684020000
0.1335470000,-0.9856460000,-0.2364540000,3.7550419791,-0.4236540000,9.3746940000
0.1182370000,-0.9638700000,-0.1801110000,3.7549691655,-1.3356990000,9.4217970000
0.1266210000,-0.9374270000,-0.1806860000,3.7548802690,-0.3024530000,10.2621730000
0.1253170000,-0.9044750000,-0.1524470000,3.7547752900,-0.6845590000,10.3947400000
0.1138620000,-0.8773850000,-0.1302050000,3.7546542497,-2.1209340000,10.7586180000
0.1305790000,-0.8217930000,-0.1367170000,3.7545171919,-1.3242300000,10.9761150000
0.1312030000,-0.8015930000,-0.1466170000,3.7543641845,-0.1618830000,10.6532510000
0.1481340000,-0.7750250000,-0.1339110000,3.7541953209,-2.6304670000,10.5626820000
0.1528110000,-0.7777790000,-0.1417070000,3.7540107212,-1.5521500000,9.0019310000
0.1818940000,-0.7411830000,-0.1255280000,3.7538105336,-1.9483340000,8.4853870000
0.1572100000,-0.7040360000,-0.1490690000,3.7535949352,-1.7680590000,8.5589620000
0.1384210000,-0.6715000000,-0.1247500000,3.7533641332,-1.6582290000,7.7243740000
0.1187430000,-0.6188990000,-0.1339010000,3.7531183653,-1.8770560000,7.4089310000
0.1065840000,-0.6343460000,-0.1201940000,3.7528579006,0.2263140000,5.2667680000
0.0686030000,-0.6182620000,-0.0789300000,3.7525830396,-1.1654460000,3.6861550000
0.0116960000,-0.6170940000,-0.0744230000,3.7522941145,-0.4665890000,3.0751540000
-0.0599830000,-0.5928000000,-0.0107540000,3.7519914888,-2.1739130000,2.4210840000
-0.1228320000,-0.5747270000,0.0155060000,3.7516755572,0.1258850000,2.3607150000
-0.1581870000,-0.5967330000,0.0899870000,3.7513467447,1.1185240000,1.2192630000
-0.1798050000,-0.6155410000,0.1174420000,3.7510055055,1.2219500000,0.0705570000
-0.2047980000,-0.6414990000,0.1239410000,3.7506523225,2.9994590000,-1.8071930000
-0.2467180000,-0.6372510000,0.1749900000,3.7502877048,2.3143290000,-2.2007380000
-0.3025650000,-0.6352750000,0.1606810000,3.7499121869,3.2217200000,-2.1659850000
-0.3519390000,-0.6343760000,0.1804740000,3.7495263262,3.3867050000,-2.8641110000
-0.3579430000,-0.6587670000,0.1312020000,3.7491307010,4.3331370000,-3.7643790000
-0.3543450000,-0.6836780000,0.1244600000,3.7487259081,3.7564060000,-5.4352580000
-0.3686170000,-0.7200470000,0.1053590000,3.7483125600,3.1176790000,-6.2140590000
-0.3794230000,-0.7367220000,0.0321800000,3.7478912824,4.0583600000,-6.6868360000
-0.4076950000,-0.7444980000,0.0203310000,3.7474627108,2.4812570000,-5.9828480000
-0.4084760000,-0.7682500000,-0.0491850000,3.7470274873,3.3130500000,-6.1574240000
-0.4155500000,-0.8068740000,-0.0359830000,3.7465862578,-0.1215910000,-6.1677530000
-0.3777290000,-0.8694340000,-0.0763240000,3.7461396678,2.3543060000,-6.9711750000
-0.3709120000,-0.9072680000,-0.0805840000,3.7456883594,1.6039960000,-6.7087330000
-0.3536820000,-0.9435750000,-0.1188210000,3.7452329674,2.3286270000,-5.3269570000
-0.3634480000,-0.9900670000,-0.1172330000,3.7447741154,1.6983140000,-4.4910310000
-0.3467500000,-1.0485870000,-0.0992980000,3.7443124125,1.8086860000,-3.4322170000
-0.3304200000,-1.0887870000,-0.1284160000,3.7438484492,2.4707670000,-3.6897690000
-0.3060840000,-1.1387850000,-0.1254980000,3.7433827941,2.0138710000,-3.2762070000
-0.2921500000,-1.1567070000,-0.1635510000,3.7429159902,0.6324740000,-1.9224730000
-0.2950810000,-1.1929620000,-0.2006000000,3.7424485512,1.7109510000,-1.8730650000
-0.2691070000,-1.1850410000,-0.2281140000,3.7419809587,0.8049490000,-0.7720330000
-0.2489360000,-1.2147470000,-0.3037410000,3.7415136591,1.1282860000,0.1050000000
-0.2207760000,-1.2368150000,-0.3370770000,3.7410470603,0.1455040000,0.0341790000
-0.1724520000,-1.2591420000,-0.3856080000,3.7405815296,-0.1899740000,-0.0746200000
-0.1216170000,-1.2566110000,-0.4211900000,3.7401173912,-0.0968680000,0.0343420000
-0.0676510000,-1.2698530000,-0.4630510000,3.7396549243,0.0650980000,1.5127830000
-0.0100140000,-1.2555150000,-0.5279220000,3.7391943611,1.4118950000,1.9861840000
0.0206210000,-1.2819060000,-0.4875510000,3.7387358859,-1.4051850000,2.1116460000
0.0811130000,-1.2584200000,-0.5656570000,3.7382796336,0.4485650000,2.5630740000
0.1172100000,-1.2833310000,-0.4966760000,3.7378256894,-0.1700230000,2.5829340000
0.1701130000,-1.2510710000,-0.5240380000,3.7373740881,0.0091320000,3.9733500000
0.1705890000,-1.2287760000,-0.4918900000,3.7369248144,0.2090420000,3.7808770000
0.1978200000,-1.1783710000,-0.4787540000,3.7364778031,0.5081190000,4.9904360000
0.2158670000,-1.1625890000,-0.4601290000,3.7360329398,-0.0397110000,5.3506350000
0.2528070000,-1.1381060000,-0.4093270000,3.7355900623,0.0115250000,5.7262680000
0.2645950000,-1.0959200000,-0.3763550000,3.7351489616,-2.3960840000,6.0158970000
0.3019780000,-1.0540950000,-0.3729450000,3.7347093839,-0.0817720000,6.4565480000
0.3190830000,-0.9994290000,-0.3443280000,3.7342710328,-0.9964300000,7.4253390000
0.3659230000,-0.9633880000,-0.3401790000,3.7338335715,-0.0091940000,7.4386500000
0.4085750000,-0.9372470000,-0.2928100000,3.7333966255,-2.1694880000,6.5016620000
0.4633630000,-0.9034210000,-0.2947630000,3.7329597857,-2.1242030000,7.1159120000
0.4805040000,-0.8584840000,-0.2542750000,3.7325226114,-1.9625300000,6.6087090000
0.4922090000,-0.8157140000,-0.2310680000,3.7320846339,-2.0354130000,7.1245110000
0.5163350000,-0.7586030000,-0.2094960000,3.7316453600,-1.5686540000,6.7764440000
0.5146800000,-0.7325110000,-0.1513770000,3.7312042756,-2.1518120000,5.8229940000
0.5313680000,-0.6919270000,-0.1509340000,3.7307608497,-2.2604110000,5.6713870000
0.4994990000,-0.6616920000,-0.0629740000,3.7303145381,-2.5058560000,5.4937700000
0.4848230000,-0.5978390000,-0.0468210000,3.7298647878,-2.5139080000,6.0116030000
0.4337940000,-0.5637770000,0.0267380000,3.7294110404,-1.8908120000,5.4267920000
0.4245480000,-0.5270200000,0.0770680000,3.7289527363,-4.5356040000,5.7960460000
0.3856110000,-0.5207210000,0.0939430000,3.7284893188,-1.8791330000,3.7766950000
0.3832810000,-0.4886260000,0.1449320000,3.7280202378,-1.4118130000,2.9604240000
0.3456080000,-0.4388930000,0.1458320000,3.7275449535,-0.4552540000,3.5973830000
0.2872300000,-0.4110620000,0.1658020000,3.7270629399,-1.0939510000,2.8695930000
0.2456880000,-0.3693290000,0.1609340000,3.7265736889,-1.6791250000,2.6550120000
0.2054190000,-0.3713930000,0.1518520000,3.7260767127,-0.1781710000,0.4427390000
0.1867710000,-0.3437090000,0.1404060000,3.7255715477,-0.2003300000,-0.2888290000
0.1476510000,-0.3549740000,0.1005640000,3.7250577570,0.8481230000,-1.7632580000
0.0811980000,-0.3333990000,0.1084680000,3.7245349332,0.1479100000,-2.4026230000
0.0145550000,-0.3306380000,0.0600420000,3.7240027008,0.6790900000,-2.6798690000
-0.0592350000,-0.3267580000,0.0655010000,3.7234607185,1.0890010000,-2.8676720000
-0.1014960000,-0.3562350000,0.0378070000,3.7229086807,1.5217350000,-3.6592160000
-0.1213810000,-0.3843230000,0.0284650000,3.7223463196,2.6429630000,-5.9553410000
-0.1783740000,-0.4384530000,0.0637510000,3.7217734061,1.1951820000,-6.5926300000
-0.2174580000,-0.4483930000,0.0151180000,3.7211897508,5.0899650000,-5.9712390000
-0.2988590000,-0.4804290000,0.0749180000,3.7205952050,2.9601490000,-4.8426450000
-0.3303900000,-0.5019420000,0.0529290000,3.7199896609,3.3766210000,-4.7543050000
-0.3753400000,-0.5717430000,0.0510840000,3.7193730514,3.1331260000,-5.1743750000
-0.3716370000,-0.6222340000,0.0419620000,3.7187453506,3.1264270000,-4.8858050000
-0.4061880000,-0.6714840000,0.0181190000,3.7181065729,3.4000250000,-6.0050380000
-0.4200600000,-0.7129440000,-0.0102580000,3.7174567722,3.6045800000,-4.7952160000
-0.4656760000,-0.7591050000,-0.0466600000,3.7167960417,3.6849370000,-5.0767480000
-0.4812480000,-0.8155930000,-0.0463910000,3.7161245121,2.5056920000,-3.7042840000
-0.4848320000,-0.8548570000,-0.1197340000,3.7154423505,2.2916830000,-3.5034570000
-0.4960910000,-0.9308130000,-0.1176560000,3.7147497592,2.5300180000,-3.6795820000
-0.4821370000,-0.9615200000,-0.1505790000,3.7140469739,2.5928930000,-2.4448030000
-0.4741280000,-1.0477690000,-0.1740060000,3.7133342619,1.8442580000,-2.5279890000
-0.4576340000,-1.0926080000,-0.1688200000,3.7126119203,1.5386400000,-1.0814140000
-0.4453310000,-1.1655860000,-0.2059930000,3.7118802743,2.4429580000,-0.4302490000
-0.4282950000,-1.2192510000,-0.1657510000,3.7111396747,1.6965810000,0.7308460000
-0.4147420000,-1.2664490000,-0.1943600000,3.7103904966,1.8998200000,2.1159540000
-0.3942730000,-1.3066260000,-0.1588180000,3.7096331365,1.2356840000,2.5419570000
-0.3649410000,-1.3567190000,-0.1707500000,3.7088680109,1.6193030000,3.5688030000
-0.3492050000,-1.3897310000,-0.1668960000,3.7080955540,1.3273260000,4.2596100000
-0.3433590000,-1.4290020000,-0.1660000000,3.7073162159,1.4633840000,5.5896550000
-0.3300720000,-1.4284240000,-0.1835610000,3.7065304605,0.7999040000,6.1578390000
-0.3111220000,-1.4511680000,-0.1907430000,3.7057387639,1.3461550000,7.0675810000
-0.2856010000,-1.4514510000,-0.2167370000,3.7049416128,-0.3992360000,8.6315780000
-0.2677640000,-1.4812940000,-0.2453790000,3.7041395028,0.6332940000,8.2952140000
-0.2053090000,-1.4656040000,-0.2569890000,3.7033329369,-0.0214440000,8.3188060000
-0.1771030000,-1.4815800000,-0.2772390000,3.7025224245,0.3807110000,8.3990990000
-0.1241350000,-1.4614980000,-0.2714520000,3.7017084803,-0.1122520000,9.5693020000
-0.1127150000,-1.4483750000,-0.2728470000,3.7008916232,-1.5506460000,10.0697070000
-0.0623760000,-1.4213010000,-0.2949240000,3.7000723755,0.5059330000,10.0839140000
-0.0199990000,-1.4095900000,-0.2690880000,3.6992512625,-0.7994500000,10.6329580000
0.0120640000,-1.3801000000,-0.2856050000,3.6984288120,-0.5323950000,11.6092440000
0.0348010000,-1.3515920000,-0.2441480000,3.6976055536,-0.4761140000,11.0843820000
0.0799940000,-1.3318750000,-0.2464490000,3.6967820191,-0.8162930000,11.9159950000
0.0918600000,-1.3006060000,-0.2355980000,3.6959587421,-0.3535710000,11.3101390000
0.1336650000,-1.2526400000,-0.2115080000,3.6951362580,-0.5678350000,11.7459810000
0.1464010000,-1.2087730000,-0.2122690000,3.6943151048,-0.6789230000,12.1305810000
0.1831180000,-1.1298830000,-0.1878870000,3.6934958226,-0.5574950000,11.9470300000
0.1896370000,-1.0865910000,-0.1788770000,3.6926789548,-1.4823850000,11.8184860000
0.2256780000,-1.0338680000,-0.1931790000,3.6918650478,-0.8335390000,10.7519880000
0.2545930000,-1.0020160000,-0.1558080000,3.6910546523,-1.7283810000,9.4518370000
0.2987190000,-0.9563110000,-0.1847530000,3.6902483234,-1.6850490000,8.2612740000
0.2953710000,-0.9110560000,-0.1359460000,3.6894466211,-2.1758520000,7.0538740000
0.2868660000,-0.8180380000,-0.1639750000,3.6886501113,-0.7899220000,7.7081410000
0.2535890000,-0.7474360000,-0.1174590000,3.6878593661,-3.0781950000,5.7061470000
0.2621950000,-0.7021750000,-0.1116560000,3.6870749639,-2.3993570000,4.9258150000
0.2562800000,-0.6788100000,-0.0812900000,3.6862974905,-1.7913910000,2.1087860000
0.2479660000,-0.6393980000,-0.0458330000,3.6855275388,-1.6974670000,1.5404640000
0.2156570000,-0.5973240000,-0.0119450000,3.6847657092,-1.4575990000,-0.3816940000
0.1701650000,-0.5608750000,0.0403670000,3.6840126094,-0.1982030000,-0.3314120000
0.1303760000,-0.5107720000,0.0684880000,3.6832688547,0.2166440000,-1.7194460000
0.1008070000,-0.5179800000,0.1253460000,3.6825350670,-0.2140900000,-3.3185850000
0.1003580000,-0.4781510000,0.1411440000,3.6818118748,0.6735500000,-4.3484210000
0.0615030000,-0.4822510000,0.1421850000,3.6810999123,2.1726000000,-7.0957310000
0.0290760000,-0.4273820000,0.1848930000,3.6803998183,0.0647820000,-7.1024160000
-0.0123780000,-0.4138880000,0.1515170000,3.6797122354,2.1319700000,-8.2328690000
-0.0442770000,-0.3831610000,0.1454380000,3.6790378085,1.7123990000,-9.9865100000
-0.0606890000,-0.3803870000,0.1270820000,3.6783771829,2.1835860000,-9.9263040000
-0.0681200000,-0.3741370000,0.0860350000,3.6777310032,2.1121440000,-12.0827710000
-0.1078970000,-0.3799270000,0.0913500000,3.6770999110,1.6190950000,-12.9775710000
-0.1222610000,-0.3743440000,0.0258910000,3.6764845423,3.7089680000,-14.5899160000
-0.1581840000,-0.4112090000,0.0364510000,3.6758855260,0.7040470000,-13.6816580000
-0.1895110000,-0.3985720000,-0.0146210000,3.6753034804,1.2323710000,-14.0694430000
-0.2076890000,-0.4538410000,-0.0063190000,3.6747390114,0.7783410000,-14.3817700000
-0.2032680000,-0.4800910000,-0.0274610000,3.6741927086,1.3214800000,-14.1911380000
-0.2154520000,-0.5197300000,-0.0529530000,3.6736651432,1.8228760000,-14.6048600000
-0.2124420000,-0.5707220000,-0.0427210000,3.6731568643,1.2699650000,-13.4411200000
-0.2160330000,-0.6149170000,-0.0616090000,3.6726683958,2.4811650000,-12.9607610000
-0.2313130000,-0.6788990000,-0.0630990000,3.6722002335,2.3662080000,-12.5912300000
-0.2066690000,-0.7085850000,-0.0897100000,3.6717528410,1.8892110000,-10.6518450000
-0.1962210000,-0.7855520000,-0.1115940000,3.6713266472,2.7083400000,-11.0280940000
-0.1655790000,-0.7989140000,-0.1576360000,3.6709220427,1.6128650000,-10.1272930000
-0.1670040000,-0.8553820000,-0.1929060000,3.6705393767,2.2699730000,-9.8414020000
-0.1365750000,-0.8657520000,-0.2241780000,3.6701789539,-0.2073650000,-7.8796220000
-0.1240230000,-0.9142040000,-0.3034980000,3.6698410317,1.3161000000,-6.8242970000
-0.0898730000,-0.9564220000,-0.3288290000,3.6695258170,0.0965300000,-6.5413950000
-0.0629930000,-1.0033090000,-0.3796080000,3.6692334644,-0.0945440000,-5.7421830000
-0.0279000000,-1.0393960000,-0.4181830000,3.6689640731,-0.4507310000,-5.3372240000
-0.0185490000,-1.0520040000,-0.4380940000,3.6687176852,-1.2589400000,-3.7898810000
0.0160450000,-1.0671850000,-0.4469670000,3.6684942839,-0.8674760000,-3.0458170000
0.0295720000,-1.1091710000,-0.4360330000,3.6682937916,-0.0619000000,-1.7744100000
0.0562580000,-1.1377870000,-0.4564860000,3.6681160689,-1.0029360000,-0.8496860000
0.0549190000,-1.1661050000,-0.4211210000,3.6679609136,-0.6740980000,0.4392330000
0.0685080000,-1.1710650000,-0.4331250000,3.6678280601,-0.1911560000,1.6079550000
0.0687940000,-1.1829670000,-0.3891400000,3.6677171790,-0.7037080000,2.0667160000
0.0836340000,-1.1896990000,-0.3839140000,3.6676278776,-0.5658790000,4.2053570000
0.0892110000,-1.1861900000,-0.3814790000,3.6675596999,-0.5660100000,4.1528710000
0.1122110000,-1.1884880000,-0.3463990000,3.6675121279,-0.1960560000,5.2506790000
0.1341700000,-1.1541270000,-0.3684310000,3.6674845825,1.3033680000,5.6427930000
0.1171640000,-1.1715040000,-0.3314090000,3.6674764253,-0.8120910000,6.2536680000
0.1623370000,-1.1101620000,-0.3757540000,3.6674869605,0.0157170000,7.6675890000
0.1816280000,-1.1173640000,-0.3407470000,3.6675154375,-0.7868660000,6.9783750000
0.2242730000,-1.0775970000,-0.3592340000,3.6675610532,-0.3144770000,8.0531510000
0.2302240000,-1.0836760000,-0.3357320000,3.6676229553,-0.2187380000,8.2064770000
0.2758140000,-1.0405840000,-0.3504660000,3.6677002454,-0.1343430000,9.0660200000
0.2640690000,-1.0332580000,-0.3105320000,3.6677919829,-0.2287300000,9.0282750000
0.2825990000,-0.9951720000,-0.2867670000,3.6678971885,-1.1977650000,10.1896280000
0.2802750000,-0.9553100000,-0.2346950000,3.6680148488,-1.1437320000,11.0256290000
0.2821750000,-0.9220460000,-0.1990840000,3.6681439196,-0.8199430000,10.8777120000
0.2645190000,-0.9019670000,-0.1277730000,3.6682833316,-2.2622330000,11.7415310000
0.2737160000,-0.8644720000,-0.1382470000,3.6684319938,-0.1070100000,11.8834370000
0.2391890000,-0.8448100000,-0.0252390000,3.6685887989,-2.8542400000,12.8631920000
0.2296100000,-0.7978580000,-0.0388840000,3.6687526279,-1.1323720000,13.2328980000
0.1969440000,-0.7709650000,0.0496330000,3.6689223546,-2.5316980000,13.0866610000
0.1893350000,-0.7267500000,0.0409120000,3.6690968508,-1.9525810000,14.0650470000
0.1596550000,-0.7092610000,0.0952720000,3.6692749910,-2.9367810000,13.5258990000
0.1679170000,-0.6770540000,0.0894390000,3.6694556571,-2.0046700000,12.6058150000
0.1369960000,-0.6543560000,0.0918620000,3.6696377431,-2.5073230000,10.9198610000
0.1064530000,-0.6217740000,0.1048830000,3.6698201600,-2.5929550000,11.6205620000
0.0718230000,-0.5616960000,0.0765100000,3.6700018398,-1.3530110000,11.1812690000
0.0045070000,-0.5517830000,0.0873520000,3.6701817403,-1.9350300000,9.3748000000
-0.0320200000,-0.4969530000,0.0720030000,3.6703588487,-2.1349700000,8.2759170000
-0.0892230000,-0.5116220000,0.0768050000,3.6705321862,-1.2863320000,6.2913500000
-0.1194250000,-0.4962830000,0.0667580000,3.6707008110,-1.8285510000,5.6810780000
-0.2138440000,-0.5006290000,0.0694530000,3.6708638221,0.4604640000,3.5854560000
-0.2919630000,-0.4698040000,0.0911920000,3.6710203623,-0.8511200000,3.4640830000
-0.3810840000,-0.4691010000,0.0998120000,3.6711696210,1.1686790000,2.4261450000
-0.4240580000,-0.4765850000,0.1213910000,3.6713108363,2.0037410000,0.9368460000
-0.4772990000,-0.4958470000,0.1544180000,3.6714432980,2.4834860000,-0.5914230000
-0.5203650000,-0.5032390000,0.1256380000,3.6715663485,4.2909600000,-1.4669090000
-0.6166910000,-0.5256050000,0.1944150000,3.6716793847,1.9542550000,-1.9057820000
-0.6451170000,-0.5186070000,0.1354820000,3.6717818591,4.8743580000,-2.7950020000
-0.7104340000,-0.5677650000,0.1633930000,3.6718732807,4.2408770000,-4.3317910000
-0.7081500000,-0.5792930000,0.0894980000,3.6719532149,4.7026830000,-4.4375840000
-0.7474700000,-0.6155540000,0.0699680000,3.6720212845,4.6250600000,-5.6230630000
-0.7731680000,-0.6014000000,0.0469880000,3.6720771688,4.4717570000,-5.0552740000
-0.7980520000,-0.6402970000,-0.0008840000,3.6721206033,5.0357090000,-5.5436840000
-0.8024440000,-0.6688640000,-0.0080460000,3.6721513792,4.0161780000,-5.2808130000
-0.7645350000,-0.7401460000,-0.0593270000,3.6721693420,4.5075950000,-5.2205160000
-0.7384010000,-0.8053250000,-0.0677340000,3.6721743905,2.8590170000,-6.6168060000
-0.7183280000,-0.8529240000,-0.0870800000,3.6721664749,1.4255040000,-5.1349940000
-0.7052770000,-0.8769180000,-0.0899790000,3.6721455953,2.9531570000,-3.7724660000
-0.6692890000,-0.9193080000,-0.0841200000,3.6721117996,1.4758140000,-1.9116140000
-0.6442670000,-0.9798950000,-0.1121940000,3.6720651813,2.5227210000,-2.8461760000
-0.5844870000,-1.0465060000,-0.0708980000,3.6720058772,1.5337320000,-1.7668980000
-0.5543970000,-1.1036530000,-0.1000750000,3.6719340649,1.5843870000,-1.0929530000
-0.5475070000,-1.1224880000,-0.0948600000,3.6718499603,0.8539660000,0.5002320000
-0.5349550000,-1.1193430000,-0.1037320000,3.6717538152,0.4005960000,1.6665160000
-0.5008270000,-1.1450670000,-0.1370030000,3.6716459142,1.1217700000,2.7781120000
-0.4465390000,-1.1797460000,-0.1340950000,3.6715265723,1.9982210000,3.4048030000
-0.3686530000,-1.2266720000,-0.1731100000,3.6713961321,0.1906900000,3.5152160000
-0.3250170000,-1.2623330000,-0.1880190000,3.6712549614,-0.2142480000,2.9070830000
-0.2670720000,-1.2644660000,-0.2260360000,3.6711034505,-0.1726260000,5.2101880000
-0.2208980000,-1.2691860000,-0.2332080000,3.6709420094,0.1428190000,5.4351510000
-0.1529320000,-1.2861010000,-0.2548850000,3.6707710659,-0.4246450000,6.2561400000
-0.0817220000,-1.3044070000,-0.2679530000,3.6705910627,-0.2409630000,5.9084360000
-0.0136380000,-1.3289600000,-0.2631960000,3.6704024559,-0.3272000000,6.0034770000
0.0294180000,-1.2998580000,-0.2728790000,3.6702057122,-1.1784970000,7.4750700000
0.0658820000,-1.2938700000,-0.2825300000,3.6700013071,0.3537690000,7.5252760000
0.1047300000,-1.2600060000,-0.2473850000,3.6697897236,-1.4060580000,8.3203550000
0.1475630000,-1.2565850000,-0.2898890000,3.6695714496,1.2731660000,8.3477050000
0.1837810000,-1.2338280000,-0.2406130000,3.6693469773,-2.3630790000,9.5248080000
0.2050910000,-1.2060920000,-0.2405110000,3.6691168009,-0.4952600000,8.7800490000
0.2530630000,-1.1566480000,-0.2150790000,3.6688814159,-0.9336370000,9.3060070000
0.2728500000,-1.1280880000,-0.2175800000,3.6686413178,-0.9109220000,9.7749960000
0.3250700000,-1.1148430000,-0.2099420000,3.6683970012,-1.3579670000,9.3625220000
0.3869540000,-1.1013550000,-0.1805870000,3.6681489588,-1.2622380000,9.0515840000
0.4412230000,-1.0779290000,-0.2030230000,3.6678976805,-1.5669170000,7.3660360000
0.4477150000,-1.0531300000,-0.1456850000,3.6676436533,-2.6771690000,7.1571090000
0.5005530000,-0.9797640000,-0.1860620000,3.6673873602,-2.8778310000,7.7478820000
0.4946740000,-0.9664960000,-0.1305140000,3.6671292804,-2.1573300000,6.3289360000
0.5106330000,-0.9043890000,-0.1333660000,3.6668698881,-3.9752490000,6.8766030000
0.4953430000,-0.8914790000,-0.1238400000,3.6666096533,-2.4747870000,5.4949720000
0.5174010000,-0.8363510000,-0.1054490000,3.6663490403,2.2814190000,5.1642520000
0.4685190000,-0.8105020000,-0.0855340000,3.6660885087,-2.1624340000,3.7200200000
0.4536990000,-0.7724520000,-0.0416710000,3.6658285124,-1.9773870000,2.7114340000
0.4265600000,-0.7489890000,-0.0107670000,3.6655694997,-2.3463750000,2.8027020000
0.4165220000,-0.7105970000,-0.0085380000,3.6653119131,0.0897550000,1.5892650000
0.3759680000,-0.7076660000,0.0712090000,3.6650561891,-2.1945170000,0.4330220000
0.3860810000,-0.6704630000,0.0528040000,3.6648027580,-1.0689980000,-0.3068110000
0.3634350000,-0.6710640000,0.0837870000,3.6645520436,-0.1272500000,-1.3681390000
0.3538440000,-0.6461530000,0.0674730000,3.6643044629,-0.0146260000,-2.4950890000
0.3226800000,-0.6387150000,0.0670700000,3.6640604260,0.2359160000,-4.2717100000
0.2911430000,-0.5986960000,0.0531880000,3.6638203351,-0.1380890000,-5.4922110000
0.2447130000,-0.5914090000,0.0362870000,3.6635845848,-0.2984200000,-6.3260270000
0.1929580000,-0.5613910000,0.0135490000,3.6633535613,-0.1057340000,-8.0386280000
0.1306940000,-0.5324560000,-0.0165930000,3.6631276415,0.5398920000,-7.9038560000
0.0702710000,-0.5084940000,-0.0412020000,3.6629071928,0.4162030000,-10.0360900000
0.0167770000,-0.5175670000,-0.0482720000,3.6626925723,-0.2748090000,-10.4055820000
-0.0280120000,-0.5249100000,-0.0918730000,3.6624841257,1.0297340000,-12.0579920000
-0.0780660000,-0.5294030000,-0.0691350000,3.6622821870,0.4540000000,-11.5470290000
-0.1426410000,-0.5378690000,-0.0901170000,3.6620870769,1.0886860000,-12.2610920000
-0.1795130000,-0.5721670000,-0.0714400000,3.6618991023,1.2139700000,-12.1415130000
-0.2034190000,-0.5843020000,-0.0739540000,3.6617185549,2.1297150000,-12.7432730000
-0.2129540000,-0.6392170000,-0.0707270000,3.6615457103,2.9695130000,-13.5279460000
-0.2134890000,-0.6557380000,-0.0812570000,3.6613808269,6.1549190000,-12.4727700000
-0.2535020000,-0.6859720000,-0.1003150000,3.6612241447,4.6715460000,-12.5902090000
-0.2762230000,-0.6946900000,-0.1116990000,3.6610758838,4.4579150000,-12.7556150000
-0.2915690000,-0.7068980000,-0.1616180000,3.6609362440,4.8428430000,-11.7049490000
-0.2894710000,-0.7430800000,-0.1799570000,3.6608054031,3.2388930000,-11.4846770000
-0.2783470000,-0.7694510000,-0.2053660000,3.6606835158,2.7533480000,-10.9611010000
-0.2636480000,-0.7947460000,-0.2776750000,3.6605707134,2.9704590000,-10.9204870000
-0.2800670000,-0.8137450000,-0.2670890000,3.6604671018,1.8301230000,-9.5406250000
-0.2573850000,-0.8289980000,-0.3254050000,3.6603727618,1.4342380000,-8.5706140000
-0.2510140000,-0.8671890000,-0.3077550000,3.6602877472,0.4947780000,-7.9505470000
-0.1982490000,-0.8987170000,-0.3461960000,3.6602120851,1.9043560000,-6.5332870000
-0.1959870000,-0.9524050000,-0.2973070000,3.6601457747,-0.6357030000,-5.7750590000
-0.1483920000,-0.9573090000,-0.3041610000,3.6600887870,0.1529160000,-3.4884520000
-0.1438100000,-1.0153390000,-0.2809840000,3.6600410647,0.5487780000,-2.8825790000
-0.1085890000,-1.0437320000,-0.2366410000,3.6600025219,-1.7017240000,-1.4279610000
-0.1051790000,-1.0758870000,-0.2427860000,3.6599730440,0.7040930000,0.0733090000
-0.1023950000,-1.0776920000,-0.1944720000,3.6599524878,-0.3429320000,2.3110390000
-0.1200050000,-1.0759890000,-0.1998450000,3.6599406821,-0.3140210000,3.4031990000
-0.1012960000,-1.0876640000,-0.1677170000,3.6599374281,-0.0927450000,3.9095680000
-0.0793330000,-1.0823040000,-0.1786410000,3.6599424998,-0.3868810000,5.1908780000
-0.0493310000,-1.1066370000,-0.1929910000,3.6599556454,-0.4200240000,5.5562840000
-0.0291410000,-1.0965630000,-0.1999960000,3.6599765880,-0.8209540000,6.8552700000
-0.0049130000,-1.0848780000,-0.2287830000,3.6600050270,-0.2230280000,7.6890460000
0.0110230000,-1.0677960000,-0.2206760000,3.6600406397,-0.6122370000,8.3656450000
0.0515120000,-1.0667880000,-0.2583870000,3.6600830827,-0.9195580000,9.5113160000
0.1006270000,-1.0612830000,-0.2590640000,3.6601319940,-0.0317380000,8.9744600000
0.1440670000,-1.0542520000,-0.2799500000,3.6601869946,-0.1543790000,10.0899360000
0.1415950000,-1.0265880000,-0.2765690000,3.6602476909,0.4009760000,10.4517580000
0.1435970000,-1.0024130000,-0.2566480000,3.6603136768,-0.8301580000,11.6736300000
0.1344660000,-0.9782180000,-0.2668460000,3.6603845361,-0.0454290000,11.7816110000
0.1308320000,-0.9711640000,-0.2299420000,3.6604598447,-0.9935350000,12.4905460000
0.1286850000,-0.9424890000,-0.2136150000,3.6605391730,-1.0079310000,13.5131240000
0.1155190000,-0.9303340000,-0.1774100000,3.6606220888,-0.8556890000,13.3582680000
0.1106810000,-0.8883810000,-0.1404460000,3.6607081595,-0.3075900000,13.2734590000
0.0906610000,-0.8776340000,-0.1209980000,3.6607969545,-0.7033410000,13.3791920000
0.0855970000,-0.8367550000,-0.0633810000,3.6608880481,-0.7349110000,14.4549390000
0.0710260000,-0.8116800000,-0.0810210000,3.6609810216,-1.4353250000,15.1338510000
0.0729170000,-0.7810480000,-0.0498250000,3.6610754662,-0.9620040000,13.6102670000
0.0856490000,-0.7685000000,-0.0380800000,3.6611709848,-1.8631020000,13.1645420000
0.0982960000,-0.7403170000,-0.0620290000,3.6612671949,-0.3873110000,11.5837780000
0.0667780000,-0.7385050000,-0.0229870000,3.6613637303,-2.9905730000,10.6779690000
0.0342230000,-0.6605600000,-0.0604990000,3.6614602436,-1.5157670000,10.3370460000
-0.0189130000,-0.6341950000,-0.0366230000,3.6615564077,-1.7338330000,9.8273800000
-0.0518420000,-0.5928690000,-0.0658920000,3.6616519179,-0.9892910000,8.5130250000
-0.0772710000,-0.6105160000,-0.0417010000,3.6617464933,-1.3162350000,6.1455850000
-0.0893970000,-0.5883850000,-0.0454260000,3.6618398783,1.9916520000,4.6445480000
-0.1520260000,-0.6050310000,-0.0150240000,3.6619318437,0.4363050000,3.0414140000
-0.2342440000,-0.5870030000,0.0710580000,3.6620221875,-2.6814990000,3.1638540000
-0.2740110000,-0.5780720000,0.0633800000,3.6621107356,1.6917720000,2.0434780000
-0.3136920000,-0.6055690000,0.1241870000,3.6621973424,1.4983840000,0.5586330000
-0.3265560000,-0.6235340000,0.1070200000,3.6622818909,4.3156540000,-0.6966900000
-0.3696880000,-0.6413280000,0.1861330000,3.6623642925,1.6038350000,-1.9732110000
-0.4018520000,-0.6396180000,0.1748520000,3.6624444867,4.8332230000,-3.0208810000
-0.4746070000,-0.6394270000,0.1965980000,3.6625224406,4.2751820000,-4.0124350000
-0.5042180000,-0.6430020000,0.1698690000,3.6625981482,4.2514270000,-3.4851080000
-0.5438340000,-0.6701250000,0.1519070000,3.6626716289,4.2861390000,-5.0869350000
-0.5505730000,-0.6819970000,0.1379370000,3.6627429270,3.7063120000,-5.5011230000
-0.5799210000,-0.7052500000,0.0857660000,3.6628121096,3.2305000000,-6.5008790000
-0.5800030000,-0.7168270000,0.0557520000,3.6628792652,4.2302030000,-6.5124490000
-0.5920990000,-0.7478230000,0.0073620000,3.6629445021,2.2757340000,-6.3920160000
-0.5630690000,-0.7997810000,-0.0084630000,3.6630079463,3.1540450000,-7.5201670000
-0.5369570000,-0.8207720000,-0.0690140000,3.6630697391,2.8704760000,-6.3503770000
-0.5069660000,-0.8744110000,-0.0809420000,3.6631300356,2.6589090000,-6.2852260000
-0.4781560000,-0.9073170000,-0.0986050000,3.6631890018,2.2312310000,-5.3969740000
-0.4290470000,-0.9604890000,-0.1501200000,3.6632468124,2.5059710000,-5.2277100000
-0.3891230000,-1.0119280000,-0.1181550000,3.6633036485,1.6081420000,-4.7013860000
-0.3298120000,-1.0504080000,-0.1599310000,3.6633596951,2.1350030000,-3.3113870000
-0.2984880000,-1.0922630000,-0.1649990000,3.6634151384,1.6185570000,-2.4125030000
-0.2750680000,-1.1009020000,-0.1858000000,3.6634701640,1.1753920000,-0.9765960000
-0.2511450000,-1.1069490000,-0.2212930000,3.6635249541,2.3607100000,0.2806680000
-0.2259100000,-1.1272080000,-0.2005080000,3.6635796851,-2.8801620000,1.2720440000
-0.1693240000,-1.1565630000,-0.2750820000,3.6636345261,-0.1154630000,0.9660370000
-0.1019190000,-1.1800030000,-0.2790830000,3.6636896364,-1.1923190000,1.2543740000
-0.0673350000,-1.1876800000,-0.3397100000,3.6637451635,-1.2111370000,2.5957280000
-0.0373080000,-1.1983610000,-0.3480410000,3.6638012421,-1.2445750000,3.2151940000
0.0076650000,-1.1702050000,-0.3749530000,3.6638579919,-1.7536090000,4.8188500000
0.0610640000,-1.2028290000,-0.3895410000,3.6639155168,-1.2783030000,3.9859550000
0.1272110000,-1.2043880000,-0.3931320000,3.6639739033,-1.8843360000,4.9867490000
0.1797600000,-1.2209350000,-0.4121890000,3.6640332204,-0.7039780000,4.5675040000
0.2074180000,-1.2060130000,-0.3746650000,3.6640935179,-1.0457780000,4.9046300000
0.2385290000,-1.1733060000,-0.3723370000,3.6641548269,-0.5745080000,6.1701910000
0.2461050000,-1.1622090000,-0.3247910000,3.6642171592,-0.8576150000,6.5392920000
0.2958340000,-1.1446900000,-0.3084610000,3.6642805070,-0.8045190000,7.2378740000
0.3123640000,-1.1445420000,-0.2925180000,3.6643448437,1.0014360000,5.9994860000
0.3438230000,-1.1200160000,-0.2511070000,3.6644101238,-1.5811470000,5.5628830000
0.3439110000,-1.0775080000,-0.2366610000,3.6644762841,-0.6295250000,6.6719230000
0.3847150000,-1.0237060000,-0.2145310000,3.6645432439,-0.4289060000,8.5032640000
0.3787450000,-1.0230040000,-0.2013090000,3.6646109064,-0.6051430000,6.4199950000
0.4273510000,-1.0029080000,-0.1697030000,3.6646791595,-0.2860120000,6.6890180000
0.4486280000,-0.9752700000,-0.1620380000,3.6647478779,-0.9783990000,6.0987600000
0.4678690000,-0.9604830000,-0.1146070000,3.6648169234,-1.7162750000,5.3822400000
0.4915620000,-0.9031120000,-0.0970360000,3.6648861473,-2.2078070000,5.5456400000
0.4733740000,-0.8854500000,-0.0720890000,3.6649553920,-1.6525100000,5.1954490000
0.4652010000,-0.8473500000,-0.0516660000,3.6650244920,-2.5520490000,5.4026480000
0.4563220000,-0.8247900000,-0.0254490000,3.6650932766,-1.9468890000,4.3581860000
0.4257590000,-0.7980090000,0.0123380000,3.6651615708,-3.1249040000,4.0898580000
0.4101310000,-0.7715950000,0.0114190000,3.6652291980,-1.6577520000,3.7042230000
0.3523510000,-0.7459160000,0.0723710000,3.6652959808,-2.5848050000,3.7671920000
0.3445650000,-0.7097670000,0.0619490000,3.6653617435,-1.9201210000,3.4402640000
0.2938020000,-0.7228740000,0.1266460000,3.6654263134,-1.6153700000,1.4693450000
0.3107000000,-0.7045350000,0.0945570000,3.6654895229,-0.2698160000,1.9103180000
0.2855000000,-0.6872200000,0.1177540000,3.6655512102,-0.2765220000,1.4124670000
0.2717700000,-0.6516090000,0.1344780000,3.6656112219,-2.1167820000,0.9145000000
0.2127450000,-0.6611410000,0.1014370000,3.6656694134,0.0021110000,-1.1891240000
0.1995300000,-0.6304170000,0.0854310000,3.6657256507,-1.4135460000,-1.4781170000
0.1528110000,-0.6199170000,0.0433970000,3.6657798117,0.1360700000,-2.1508640000
0.1275030000,-0.5920780000,0.0107860000,3.6658317866,-0.0235970000,-3.7316980000
0.0730480000,-0.6002610000,-0.0210080000,3.6658814792,0.2840360000,-5.0864560000
0.0082060000,-0.6049580000,-0.0590980000,3.6659288078,0.4673900000,-6.8836030000
-0.0409610000,-0.5727680000,-0.0830630000,3.6659737052,1.1869330000,-5.3654040000
-0.1131620000,-0.5861010000,-0.1151520000,3.6660161196,0.7063840000,-7.6527270000
-0.1662420000,-0.6129540000,-0.1041920000,3.6660560147,0.2381110000,-8.3166330000
-0.2044960000,-0.6105120000,-0.1259410000,3.6660933696,2.0176650000,-8.0435480000
-0.2409340000,-0.6312310000,-0.1157360000,3.6661281789,2.0865210000,-7.6836000000
-0.2971950000,-0.6569060000,-0.1072480000,3.6661604524,2.6132770000,-8.6722680000
-0.3538070000,-0.7152120000,-0.1045400000,3.6661902147,3.0165870000,-9.8340380000
-0.3691490000,-0.6991640000,-0.0780570000,3.6662175046,2.6602750000,-7.5845200000
-0.4058600000,-0.7773490000,-0.1122530000,3.6662423743,3.6281440000,-8.9251440000
-0.4002310000,-0.7687390000,-0.0802660000,3.6662648890,3.5048430000,-8.1201060000
-0.4114760000,-0.8243370000,-0.1130080000,3.6662851256,3.5883880000,-7.8963150000
-0.4286270000,-0.8413530000,-0.1296270000,3.6663031718,3.0962350000,-7.9497170000
-0.4286930000,-0.8682590000,-0.1547770000,3.6663191252,2.7069840000,-6.8739430000
-0.4432040000,-0.9054920000,-0.1883040000,3.6663330921,3.0129570000,-7.9344170000
-0.4119750000,-0.8898580000,-0.1917410000,3.6663451861,1.2824030000,-5.1872510000
-0.4131600000,-0.9205520000,-0.2675910000,3.6663555273,2.9619470000,-5.8042640000
-0.4216850000,-0.9796390000,-0.2555940000,3.6663642407,1.0919920000,-6.4221270000
-0.3900350000,-0.9694240000,-0.2679330000,3.6663714550,0.5772430000,-4.4746320000
-0.3830900000,-1.0199410000,-0.2705060000,3.6663773015,0.7417560000,-3.4781390000
-0.3753690000,-1.0714650000,-0.2356270000,3.6663819126,0.0560670000,-3.7559310000
-0.3456730000,-1.1027730000,-0.2387810000,3.6663854207,0.8044440000,-2.0046570000
-0.3304060000,-1.1224510000,-0.1825930000,3.6663879569,0.3061960000,-0.7385470000
-0.3013470000,-1.1698600000,-0.1700800000,3.6663896499,2.0079400000,0.2075610000
-0.3013010000,-1.1754070000,-0.1279990000,3.6663906244,0.7995960000,1.3453340000
-0.2894880000,-1.2117570000,-0.0995210000,3.6663910009,0.7423570000,3.0538110000
-0.2662580000,-1.1996150000,-0.1077400000,3.6663908939,2.4713480000,3.8671930000
-0.2546080000,-1.2537980000,-0.0608860000,3.6663904113,-0.2419780000,4.8536170000
-0.2197230000,-1.2244270000,-0.0985820000,3.6663896539,1.0718580000,6.1651150000
-0.2083230000,-1.2702200000,-0.0819730000,3.6663887141,0.7780660000,5.8755980000
-0.1501320000,-1.2035080000,-0.1568390000,3.6663876760,2.8339980000,8.5666830000
-0.1293870000,-1.2035480000,-0.1353620000,3.6663866147,0.5022590000,9.2752900000
-0.0961290000,-1.1786570000,-0.1826550000,3.6663855960,0.0077270000,9.9289750000
-0.0441150000,-1.1855010000,-0.2131290000,3.6663846766,0.2051790000,10.0049450000
0.0160680000,-1.1602100000,-0.2459340000,3.6663839035,-0.2353930000,10.5721280000
0.0648580000,-1.1281890000,-0.2854740000,3.6663833148,0.6886590000,11.7133540000
0.0931530000,-1.1042440000,-0.2776290000,3.6663829395,-0.8776420000,12.3080860000
0.1111730000,-1.0842010000,-0.3189520000,3.6663827980,-0.5942880000,12.7933290000
0.1190710000,-1.0604500000,-0.2887500000,3.6663829025,-1.6627150000,12.3666120000
0.1462920000,-1.0247400000,-0.2982790000,3.6663832576,-2.2874720000,14.2685990000
0.1372390000,-0.9998200000,-0.2974160000,3.6663838609,-1.4518840000,13.9213850000
0.1532970000,-0.9833910000,-0.2588210000,3.6663847035,-1.7544890000,13.6420790000
0.1355160000,-0.9391630000,-0.2400350000,3.6663857709,-1.6491260000,14.3175680000
0.1282130000,-0.9136590000,-0.1876740000,3.6663870437,-2.0129810000,14.7107870000
0.1132020000,-0.8763740000,-0.1714880000,3.6663884985,-1.8185490000,14.6151030000
0.1349650000,-0.8525010000,-0.1576630000,3.6663901086,-1.1447930000,13.8541910000
0.1372330000,-0.8455750000,-0.1191630000,3.6663918450,-1.4142320000,13.3065260000
0.1524210000,-0.8115880000,-0.1338480000,3.6663936768,-0.4069890000,11.9317280000
0.1475630000,-0.7786780000,-0.0810540000,3.6663955727,-1.1832990000,11.9282480000
0.1139240000,-0.7358290000,-0.0929590000,3.6663975015,-0.7424870000,9.4009400000
0.0897590000,-0.6866980000,-0.0589830000,3.6663994325,-2.3108860000,10.3703450000
0.0821700000,-0.6493270000,-0.0829250000,3.6664013370,-1.3058490000,8.6681760000
0.0791200000,-0.6454640000,-0.0544590000,3.6664031881,-0.7505620000,6.2090610000
0.0525650000,-0.6118090000,-0.0456820000,3.6664049621,-0.9417350000,5.2519830000
0.0195410000,-0.5947960000,-0.0405750000,3.6664066381,-0.3119760000,3.8116710000
-0.0235280000,-0.5641020000,0.0062720000,3.6664081990,0.1169110000,3.3497480000
-0.0495090000,-0.5534900000,0.0154530000,3.6664096317,0.6989890000,1.7131460000
-0.0962340000,-0.5651880000,0.0834460000,3.6664109268,0.9834940000,-0.4560250000
-0.1198410000,-0.5566670000,0.1002350000,3.6664120790,0.8244170000,-1.1515250000
-0.1831700000,-0.5596150000,0.1408260000,3.6664130868,2.0253890000,-3.2773580000
-0.2241410000,-0.5483720000,0.1690190000,3.6664139524,1.1671430000,-3.0472400000
