0.006602,0.013428,0.006090,0.0284923531,0.3455982032,0.419462
-0.001259,0.010297,0.000483,-0.8469339406,0.6874393842,0.206471
-0.000245,0.003052,-0.018394,0.3239262655,0.0266907497,0.006308
0.004823,0.007786,-0.028422,0.8746914857,-0.3832679058,-0.139954
-0.019956,-0.014433,-0.011708,0.3435927091,0.4175820292,-0.625082
-0.004161,0.000121,-0.008176,0.3542969060,0.5017122421,-0.105298
-0.000353,0.006630,-0.007834,0.1829832492,0.2505542845,0.122913
0.002667,-0.007760,-0.006659,0.1088895043,-0.0346938462,-0.500455
0.005013,0.015269,0.003779,-0.0740200195,-0.2167384345,0.388023
-0.008625,-0.008443,0.010055,-0.0981170402,-0.8328236987,-0.242009
-0.016706,-0.017493,-0.008182,-0.4368551919,-0.7265853880,-0.894571
-0.010509,-0.001908,0.024255,-0.2312961804,-0.0030067360,-0.052080
0.010485,0.005097,-0.000892,-0.3913628204,0.1664517109,0.354227
-0.000990,0.007516,-0.000121,-0.7862446953,0.5312342405,0.439787
0.002722,-0.003329,-0.024309,0.0618244794,0.5869051394,0.683255
-0.003048,-0.001179,-0.012683,0.0378921329,0.2401810994,0.031425
-0.010726,-0.014594,-0.020147,0.3821272318,0.0868477804,-0.258966
-0.004542,-0.003069,-0.029420,0.3861041476,0.1948360007,-0.481055
-0.016582,-0.008003,0.009904,-0.0188840274,0.6877639052,-0.575111
-0.003721,0.003266,-0.003797,-0.0459752480,0.1858405346,0.056674
-0.005172,0.004579,0.010012,-0.1027155677,-0.2246945820,-0.222101
0.005617,-0.008827,0.008926,-0.1972038419,-0.6353890736,0.649939
-0.012741,-0.006864,-0.001407,-1.1082123470,0.0135379094,-0.452938
-0.003442,-0.004911,0.017440,-0.1057157567,-0.1372270618,-0.094305
0.006340,0.002862,0.027179,-0.5962773916,0.8804472623,0.497768
0.000211,0.001253,-0.001027,-0.4824019007,0.3800753984,0.043183
0.005355,0.003886,-0.007237,0.0090544918,0.0382168398,0.616277
0.002447,0.009082,-0.033306,0.0994706975,0.0051103019,0.525248
-0.011737,-0.000851,-0.005510,0.4701593119,0.4499918159,0.188345
-0.001236,0.007585,-0.014288,0.1222314937,0.5264871575,0.495227
0.000352,0.000265,-0.013529,0.5048458721,0.0498127004,-0.254288
-0.013585,-0.015090,-0.007772,0.5635615990,-0.3829746773,-0.523790
-0.005129,-0.003460,-0.009853,0.2106383285,-0.8756477130,-0.441561
-0.015584,-0.000539,0.017851,-0.1179321768,-0.0738245221,-0.516056
-0.013385,0.003108,0.026185,-0.9960713704,0.6800997784,-0.020431
0.000612,0.011327,0.012067,-0.3488554622,-0.1238153851,0.591777
0.000566,-0.009103,0.011250,-0.3556087795,-0.2218544738,0.381983
0.018114,0.019284,0.006014,-0.1527193172,-0.0583116167,0.871158
-0.009735,0.001598,0.001022,-0.0151373223,0.1855853887,0.050801
0.001153,0.014288,-0.000728,0.0948376968,0.3962957093,0.272277
-0.010995,0.004398,-0.009351,0.1814717094,0.2586242209,0.049938
-0.002352,-0.003161,-0.029801,0.5966213178,0.4698584353,0.158157
-0.001890,0.006440,-0.000679,0.2723042030,0.2701767148,-0.015655
-0.001118,-0.010527,-0.005547,0.1739364627,-0.3265692093,-0.076199
-0.004676,-0.000834,-0.014160,0.1305450019,-0.9629954240,-0.519716
-0.012590,-0.009460,0.034063,-1.2483672217,0.4055465455,-0.254498
0.002788,-0.004202,0.007124,0.1784793820,-0.4529586422,0.117035
0.003080,0.005209,0.011588,-0.5339806822,0.1333983282,0.097707
0.004728,0.001772,-0.003922,-0.5629228390,0.4039170421,0.585455
0.007423,0.005163,-0.033152,0.3150683085,-0.2203516818,0.289635
-0.002444,0.003259,-0.003958,0.1063728300,0.3941311461,0.070949
-0.002037,0.008626,-0.021230,0.3701308781,0.2834934863,0.342695
-0.018482,-0.010475,0.004491,0.1506792883,0.4543161830,-0.849322
-0.000117,0.005964,-0.004946,0.2120424121,0.2749882312,0.006738
-0.002083,0.004867,-0.000180,-0.1949499438,-0.0531532076,-0.258034
0.004948,-0.000654,0.006136,0.0152946829,-0.4202848321,-0.430906
-0.000731,0.007618,0.019896,-0.8333500959,-0.1547887065,0.177326
-0.013286,-0.002479,0.024760,-3.3595479536,1.4897322540,0.369595
0.022607,0.017262,-0.000554,-0.3256165104,-0.3169003399,0.835928
-0.008733,0.002333,0.010977,-1.2435194314,1.0399691646,0.190430
0.010426,0.007854,-0.001329,-0.0733931552,0.3421973262,0.663758
-0.004443,0.006876,0.001202,-0.4056846537,0.6870275679,0.167430
-0.000842,0.003696,-0.003423,0.2321106765,0.7173734847,0.067772
-0.000695,-0.000883,-0.011288,0.6729547717,0.2570878558,-0.162583
0.006980,0.008554,-0.021322,0.6138594394,0.3358357377,0.680258
-0.001236,0.001821,-0.010533,0.1912910194,0.3546737647,-0.621301
-0.006685,-0.017355,-0.005392,0.1393514805,0.0500138443,-0.547013
-0.002969,-0.000453,-0.010920,0.0858403933,-0.7615240774,-0.737874
-0.012728,-0.012979,0.020956,-0.0659885067,-0.6845454464,-0.348570
-0.008973,-0.006943,0.030117,-0.6453211908,0.0945949103,-0.323597
0.003530,0.012391,0.016702,-0.3081763478,-0.0666190921,0.543380
0.008752,0.002882,0.001219,-0.5110266668,0.4865438491,0.679576
-0.001505,0.001825,-0.007037,-0.0849055802,0.2417132213,0.236505
-0.016939,-0.009342,-0.000364,-0.1199660082,0.4576447785,-0.343777
-0.002333,-0.000805,-0.014009,0.4584741654,0.2324965485,0.029479
-0.004995,0.013448,-0.022234,0.3756040007,0.8566192128,0.331456
-0.009009,-0.014154,-0.014058,0.1455304767,0.1800521797,-0.187848
0.008069,0.002882,-0.021384,0.2972351789,-0.2355295683,0.392162
-0.020068,-0.008719,0.014857,-0.1992218440,0.0679436443,-0.609967
-0.001437,-0.001606,0.005617,0.9904971827,-0.9539865548,-0.224448
0.000316,0.010339,0.001264,0.0817665488,-0.6787921831,-0.054119
-0.012354,-0.017053,0.003720,0.0133289623,-0.9756855601,-0.495652
0.001071,-0.009460,-0.017078,0.1913931173,-1.3220553966,-0.610685
-0.017396,-0.006871,0.018849,-1.1046903209,0.6768602375,0.351581
-0.002644,0.009857,0.009431,-0.9832081316,0.9106315616,0.795866
0.002017,0.005724,-0.007536,-0.0410642977,0.1048885500,0.273298
-0.005005,-0.002196,-0.013188,0.1886302075,0.2278731032,0.413426
0.000710,0.005022,-0.021808,0.5221778174,0.0351665103,0.213466
-0.016352,-0.005055,-0.005074,0.2319070151,0.8423107328,-0.154591
-0.010795,-0.010760,0.009753,0.0894422931,0.3453545960,-0.233730
-0.007315,-0.005013,-0.021808,0.4946912042,-0.2967137003,-0.530387
0.008362,0.025639,-0.009078,0.1822694726,-0.0339040127,1.099458
0.000618,0.000036,-0.013067,0.8030874847,-0.1488336737,-0.155487
-0.012075,-0.003424,0.008335,0.0292319114,-0.1724348443,-0.499276
-0.009879,-0.021579,0.004055,0.0378604152,-0.3738218373,-0.184152
-0.010713,-0.009227,0.001757,-0.1936502683,-0.0894441035,-0.702978
-0.015607,0.015558,0.019472,-0.9202482230,0.3142253222,0.578263
0.006894,0.014304,-0.002120,0.1741698012,-0.5686910551,0.916387
0.000494,0.007103,0.007856,-0.4265820595,-0.0465598007,-0.012648
-0.002845,0.002560,0.004754,-0.0723234723,0.0218200714,0.602231
0.000001,0.002626,-0.008297,-0.4834685039,0.1622899875,0.068888
-0.009019,0.009775,0.009372,-0.5544835651,0.6089102932,0.303838
-0.006619,0.000055,-0.002901,0.3586142044,0.2742320223,-0.254715
-0.005917,-0.010931,-0.034173,1.4654737765,-0.3887309619,-0.325734
0.004721,0.010260,-0.018099,0.6497947371,0.0497994992,0.153466
0.001281,0.009496,-0.011737,0.3881771904,0.0997966161,-0.398240
-0.017386,-0.009030,0.003986,-0.1916285938,0.1687875393,-0.648936
0.018475,0.027766,-0.005189,0.1650340546,-0.0648526325,1.008788
-0.003225,0.003193,0.006336,-0.2287037905,-0.2997245850,0.134481
0.016239,0.021890,0.007373,-0.0602527524,-0.7349468284,1.125117
0.019614,0.024572,-0.001696,0.4109789809,-0.6376435242,0.943789
0.008972,0.000003,-0.005409,0.2275566200,-0.5554863725,0.484103
0.016745,0.017813,-0.020977,-0.3770131447,-0.2193139218,1.022866
0.008056,-0.001862,0.005811,-0.3970779874,0.6447547512,0.424465
0.008844,0.012535,-0.025382,0.9977594787,-0.0454798891,0.788707
-0.000104,-0.001871,-0.011819,0.4207227769,-0.0608427746,0.160090
0.008467,0.009463,-0.032640,0.7306397351,0.1133051433,0.735042
0.005601,0.012719,-0.018709,0.4044751906,0.0267675805,0.346178
-0.008875,-0.034633,0.001800,0.2811077044,-0.0598271736,-1.147942
0.012839,0.014872,-0.010030,0.3863476134,-0.8549643041,0.688510
-0.002805,0.004749,-0.000469,0.2074563077,-1.0892511348,0.260913
0.015826,0.014511,-0.000364,-0.1167772058,-0.4731020537,0.456376
0.007196,0.008019,0.025584,-0.4069616177,-0.0593321985,0.890476
0.012373,0.007917,0.011962,-0.6006427219,0.4775302885,0.265407
0.009645,0.018739,0.006513,-0.6286765345,0.5120003008,0.970275
0.008506,0.006663,-0.010526,-0.2815887779,0.1737459298,0.819463
0.001613,0.012210,-0.022336,0.1366967701,0.3307577511,0.049541
-0.005067,0.004149,-0.019307,0.5211266117,0.3417817686,0.401632
-0.008989,0.002566,-0.031448,0.7038307705,0.1491106545,-0.262816
-0.028333,-0.023076,-0.003429,-0.2176745752,0.7937645762,-1.159421
-0.005382,-0.005032,0.002351,0.2388823103,0.0470122985,-0.545598
-0.004709,0.002376,0.014056,-0.3460711302,-0.2163047805,-0.312900
-0.006104,0.009167,0.021278,-1.0529061502,0.1256430523,0.075892
-0.010634,-0.000332,0.014040,-0.4800193091,-0.3784858320,-0.221582
-0.004575,0.000049,0.004659,-0.5163146780,-0.4763932550,0.345748
0.009829,0.017150,-0.000938,0.1993655458,-0.4030687453,0.009925
-0.016752,0.017236,0.008144,-0.3784492891,0.5552766032,0.449381
-0.003189,0.001943,-0.002740,0.0902923641,0.5345949621,-0.213058
-0.009925,0.007845,-0.010949,0.1353559169,0.3173533252,-0.038763
0.004646,-0.005958,-0.032939,0.7226709785,0.4162008518,-0.384870
-0.005156,-0.011837,-0.020580,1.2777138598,-0.3087506772,-0.974406
-0.002067,-0.009621,-0.006630,-0.2748950998,0.0499137204,-0.473105
0.006540,0.013806,-0.014481,0.2635022987,-0.2460726307,-0.089175
-0.009974,-0.012635,0.014230,-0.0999859432,-0.3647087337,-0.470969
-0.007611,-0.010675,-0.003472,-0.4111983738,-0.6531884754,-0.929899
-0.020714,-0.027813,0.039433,-2.7214260100,1.1519338817,-0.722252
0.004872,-0.005912,0.012884,-0.1016132226,-0.0688852642,-0.050366
-0.001197,-0.002469,0.009238,-1.0005153895,0.6304465116,0.045884
0.001633,-0.006926,-0.005730,-0.3553721773,0.3269593333,0.041240
-0.004062,-0.016606,-0.003554,-0.2613420753,0.5443062474,-0.057388
-0.013230,-0.021149,-0.020157,0.1633924716,0.1789540624,0.071405
0.004117,-0.013065,-0.024355,0.6377165334,0.0677494367,-0.076688
-0.005028,-0.017821,-0.007523,0.1752616963,0.2775601626,0.286093
0.001094,-0.006122,-0.008396,0.0352520665,-0.4749676297,-0.208577
-0.003248,-0.012185,0.006280,-0.2757419426,0.0277289456,-0.194321
0.005253,-0.015109,0.013862,-0.1610327064,-0.5327068291,-0.008341
-0.009337,-0.015684,0.016262,-0.6420739596,-0.4476647203,-0.099495
-0.016066,-0.010229,0.039659,-2.9716559023,1.5236249946,0.051688
0.005056,0.002708,0.013321,-0.3649588156,-0.0557092113,0.984399
-0.000311,-0.004993,0.000874,-0.0612596454,0.2837131817,0.816444
0.003323,0.005485,-0.021535,-0.1888114564,0.1381249645,0.864137
-0.033076,-0.012129,0.005591,-0.4910667817,0.8063393842,0.586928
-0.000836,-0.006089,-0.007188,0.4805553633,0.1501403051,-0.138480
-0.011576,-0.009300,-0.010808,0.1835713005,0.1277068193,-0.139334
-0.012219,-0.014253,-0.018177,0.3789674292,-0.2320771582,0.786803
-0.008376,-0.005377,-0.020623,-0.0509645760,-0.1618032351,0.316318
-0.028005,-0.013216,0.017319,-0.4322216244,-0.2244278135,0.602822
-0.010683,-0.014689,0.010544,-0.1423861109,-0.7003419783,0.328913
-0.003193,0.003804,0.011460,-0.1983055494,-0.3110892869,-0.065640
-0.012357,-0.006877,0.016019,-1.2600738314,0.5954501028,0.749403
0.006225,0.014012,0.009438,-0.7045245167,0.9300157419,0.795544
-0.005270,-0.007314,0.001612,-0.0580047455,0.1911068336,0.255675
0.005864,0.002068,-0.030477,0.3978064390,-0.3600370360,0.195741
-0.011248,0.000512,-0.021227,1.2490069364,-0.0645425272,0.078814
0.003031,0.000889,-0.021778,1.2592127873,-0.5251374748,-0.087334
-0.019027,-0.009204,-0.001316,0.1131093985,0.5616432250,-0.292742
0.003333,-0.012871,-0.008504,0.4484453820,0.1116321860,-0.150205
-0.005766,0.000292,0.003231,-0.3748136125,0.0935697797,-0.144048
-0.002300,-0.005049,0.014604,-0.5156609158,-0.1398949056,-0.085285
-0.000711,0.002452,0.002584,-0.1710401669,-0.4334802592,-0.092736
-0.008445,-0.014634,0.020611,-0.2723781415,-0.4111887800,0.178794
-0.003229,0.001020,-0.006151,-0.5273492720,-0.2989997324,0.289018
-0.015325,-0.000414,0.004074,0.0423173286,0.1737077631,0.319534
0.007288,0.004129,-0.005878,0.2234226264,-0.1142406594,0.423522
-0.005832,0.001102,0.011840,-0.8925381241,0.9477286214,-0.025594
0.006402,-0.001523,-0.010224,0.2952598243,0.1704870171,0.252501
-0.000334,0.007224,-0.027247,1.0887219961,-0.3523741875,0.375917
0.002128,-0.005364,-0.020436,1.1483755064,-0.4208672767,0.140435
-0.002408,-0.001898,-0.019323,0.3314236228,-0.2986434465,-0.132444
-0.015590,-0.009920,0.015917,-0.3526851152,0.4068674614,-0.327395
-0.004955,-0.003601,0.003805,-0.4386335067,0.0109104806,-0.332318
-0.022378,-0.002239,0.037132,-3.5491604596,1.8613717597,0.183504
0.006717,0.000735,0.008151,0.0142615452,-0.7993642791,-0.102081
-0.000045,0.004093,0.000592,-0.0518333752,-0.5833100394,-0.032313
-0.013788,-0.008922,0.016331,-1.5900756501,0.6172241862,-0.267323
0.008348,0.000472,-0.006807,-0.6718732500,-0.1914186053,0.548698
-0.009344,-0.000319,0.014457,-0.4012561199,0.3473640134,0.259010
-0.002103,0.004917,-0.010145,-0.4311018059,0.6030237689,0.340303
0.000799,-0.000690,-0.011701,0.5643924033,-0.0323156821,0.566994
-0.001437,-0.003191,-0.015571,0.4597769730,-0.0583949227,0.055961
-0.002674,-0.006513,-0.012906,0.4039586422,0.1746988925,0.009505
-0.005891,-0.012050,0.003277,0.1506330901,0.0851781653,0.136227
-0.004729,0.000929,-0.018962,-0.3666053945,-0.3234931695,-0.171630
-0.019178,-0.009254,0.012392,-0.6530207287,0.0322789195,-0.171223
0.004144,-0.005899,0.009533,0.1479264292,-0.1732619089,-0.183151
0.002440,0.002649,0.008529,-0.1506016492,-0.2975977082,0.519596
-0.002589,-0.004616,-0.006390,-0.3366749210,-0.0140140687,0.380716
0.006202,0.003272,-0.013195,-0.3043843155,-0.3387750994,0.341658
-0.010772,-0.003358,0.020198,-1.0104472730,0.7634159848,0.311017
0.010485,-0.001287,-0.001151,-0.0732241772,0.4435760047,0.237290
0.002020,0.000722,-0.019188,0.9340252961,-0.0796127316,0.615591
0.007994,-0.006230,-0.020531,1.1739701096,-0.2692381237,0.386992
-0.003662,0.001286,-0.017964,0.7643535642,-0.2532047919,0.040767
0.001833,-0.010977,-0.004424,0.1038501717,-0.3069622262,0.157484
-0.007985,-0.003063,-0.005753,-0.1026239068,-0.4456798206,0.122070
-0.013824,-0.009654,0.023726,-0.4273975135,-0.1460722084,-0.194866
-0.008015,0.000699,-0.008228,-0.4614596666,-0.2745775882,0.182201
-0.022047,-0.006877,0.021284,-0.7146972600,0.3640720337,0.368755
0.002660,-0.006962,-0.000626,0.0103875985,-0.2539761516,0.185523
-0.006065,0.002005,0.006290,-0.2950489259,0.1781442696,0.513891
0.001409,-0.004228,-0.003383,-0.0149549384,0.1257612868,0.595814
0.015028,0.002399,-0.007759,1.2635437355,-0.7763500526,0.418343
0.001610,-0.012497,-0.017613,0.1679839066,0.0707866610,0.245749
-0.006022,-0.007612,-0.013569,0.2287249086,0.0251511626,-0.454458
-0.004348,-0.013540,-0.023564,0.7755294086,-0.3946416616,-0.157154
-0.001052,0.002616,-0.009581,0.6266785300,-0.8830829461,-0.324985
-0.013381,-0.012631,0.012087,-0.4620971180,0.0853203136,-0.052067
-0.005996,-0.006756,0.008722,-1.2348468842,0.4696264570,0.057393
-0.016509,-0.005446,0.021008,-0.5111983939,0.0577364090,-0.083116
-0.000714,-0.001839,0.011499,0.0951406149,-0.1421636212,0.492244
-0.004447,-0.001327,-0.007148,-0.2721315554,-0.0415336803,0.352930
-0.001709,-0.003693,-0.014498,0.2209611943,-0.2222539850,0.520597
0.005575,-0.001422,-0.006036,0.2316772768,0.2328908144,0.089590
-0.003097,-0.006418,-0.002930,1.0753795248,-0.3870380256,0.277890
0.011513,0.009847,-0.014268,0.5246355517,0.2420474310,0.699782
-0.001141,0.003876,-0.004079,0.6456500870,-0.0771952453,0.205654
0.002808,-0.015986,-0.005012,0.2427236583,-0.1903902916,0.203179
-0.000521,0.000472,-0.002057,0.2073507217,-0.5550280150,-0.071092
-0.013152,-0.017299,0.010800,0.0758418148,-0.4571181234,-0.256409
0.003855,-0.003178,-0.007162,0.2074757130,-1.0494875237,-0.069575
-0.017307,-0.014302,0.039328,-1.2253685238,0.3306014588,-0.050140
-0.000327,-0.000263,0.014247,-1.3155101543,0.5544595748,0.371673
0.008165,0.000951,0.008233,-0.2623066099,0.1162856245,0.576530
0.002374,-0.003874,-0.009397,0.0575668363,-0.0428133147,0.439190
0.002240,0.001939,-0.008842,0.0470800372,-0.1667029835,0.291956
-0.004105,-0.005853,-0.003511,-0.2188214464,-0.0193438630,0.487074
0.007498,0.005117,-0.016106,-0.2333106605,0.0692500820,0.345929
-0.002234,0.006174,0.005824,0.3695449515,0.2472566316,0.742520
-0.009219,-0.010114,0.001301,0.0554901351,0.2676537333,-0.114112
0.001478,0.004060,-0.004565,0.3863455759,0.1416981667,0.117891
-0.001870,-0.017122,-0.016178,0.1852651456,-0.7160893550,-0.178654
-0.007296,-0.008220,-0.024233,-0.3201333987,-0.1543353117,-0.283640
-0.017038,-0.010094,0.009198,-0.2024389864,0.0716993901,0.054258
0.000027,-0.002584,0.016925,-0.5445242499,0.2029803331,0.197412
-0.007266,-0.004553,0.008053,-0.4567882767,-0.2708845036,-0.030954
0.003261,-0.013675,0.008988,-0.2855943740,-0.3778339661,0.473577
0.007465,0.002589,0.002269,1.2809285597,-1.0988006538,0.070122
-0.016296,-0.012973,0.010482,-1.7175074113,0.8103939013,0.244981
0.004367,0.003059,-0.006265,-0.3322038481,0.1001020567,0.457935
-0.008083,0.005051,0.013101,-0.5685479250,0.9879421074,0.420230
0.014493,-0.009707,-0.024696,0.9327825665,-0.2713792023,0.672341
0.004163,-0.001231,-0.009998,0.3985827751,0.1183956175,0.181452
-0.006836,-0.009519,-0.013290,0.3174396423,0.2739355888,0.249159
-0.000895,0.000679,-0.030880,0.1935150440,0.2734578882,-0.151991
-0.014386,-0.004783,0.012120,-0.2921241025,0.5701242124,0.335244
0.001705,-0.008190,-0.000895,-0.1211911581,0.2996327567,-0.026286
-0.004890,-0.010947,0.004800,-0.0575585658,-0.1250583604,0.111924
0.008427,-0.007694,-0.001860,0.2837426828,-0.4752312572,0.182496
-0.002878,-0.003710,0.000871,-0.2371009094,-0.4195368216,0.085031
-0.010050,-0.010071,0.013236,-0.3527492405,-0.0122876069,0.207948
0.004183,-0.000726,-0.008271,-0.2866273747,-0.0991371758,0.406145
-0.011166,-0.012172,0.005003,0.3220295045,0.1955834633,0.287944
-0.002923,-0.005262,-0.009597,0.1026417756,0.3938407704,-0.150077
-0.005169,0.002245,-0.011022,0.4052791530,-0.0727999158,-0.012629
0.004501,-0.006421,-0.025931,1.3052358911,-0.5216151207,0.258708
-0.001460,-0.004412,-0.010631,0.6949453622,0.0849366758,0.129459
-0.006551,-0.012572,-0.000712,0.2452413805,-0.0747214689,0.107335
0.001944,-0.001133,0.006356,-0.1975163361,0.2508796706,0.065592
-0.007558,-0.020378,0.002522,-0.0461979675,-0.4006372269,-0.310116
0.004501,0.000597,-0.014823,-0.2001553584,-0.9632492501,0.171618
-0.022946,-0.015379,0.016961,-0.5288459562,-0.1148280656,-0.061780
0.006159,0.010999,0.009490,0.1649658431,-0.2320727783,0.648080
-0.009478,-0.002751,0.020765,-1.7895401328,1.3363615678,0.254575
0.002059,-0.004058,-0.011422,-0.1785933490,0.2772732456,0.525403
0.005824,0.002465,-0.023072,0.3416976596,-0.1484942927,0.293489
0.002568,-0.004307,-0.024985,1.6914599707,-0.3547493919,0.537604
0.011339,-0.001231,-0.045261,1.2184466231,-0.9051285425,0.553500
-0.011714,-0.008745,-0.009321,0.1595920771,0.0884915860,-0.022850
-0.012328,-0.011079,0.005046,0.0314576003,0.1919241620,-0.407637
-0.010128,-0.001418,0.009855,-0.1138657460,0.2576747426,0.051271
-0.002674,-0.007202,0.009983,-0.2359392813,0.3651851773,-0.057896
-0.008645,-0.003106,0.000076,-0.3370696771,-0.4014018064,-0.048033
-0.006068,-0.008463,0.004035,0.0072421219,-0.1540382769,0.195504
-0.005897,-0.008006,-0.004611,-0.2672784449,-0.6308738464,0.039549
-0.011005,-0.010163,0.024288,0.3234436434,-0.4461991762,-0.050951
0.014132,0.003955,0.005637,0.1090459535,0.1534851318,0.722894
-0.006511,0.002127,0.011207,-0.8158216122,0.7214555178,0.504710
0.003464,0.006541,-0.015916,0.2864332599,0.0177689592,0.659838
-0.006380,-0.001714,-0.015305,0.2579886794,0.2513375005,0.048211
-0.003780,-0.017296,-0.014150,0.4401494578,0.1793172238,0.232097
-0.006452,-0.007803,-0.035975,0.6252433863,-0.0646166878,0.102474
-0.027191,-0.018156,0.007649,0.1293234130,0.3335067219,-0.359372
-0.007535,-0.007688,0.009270,0.1365905419,0.4386057584,-0.061084
-0.006702,-0.004008,-0.000291,0.0874968691,-0.4547469772,-0.284447
0.002548,-0.018927,0.001928,0.2320746527,-0.9478109104,-0.107048
-0.016398,-0.006490,0.021924,-3.1732298335,1.3652647042,-0.236589
-0.013907,-0.007369,0.026241,-0.2298262044,-0.0946206629,0.127643
-0.008425,-0.003952,0.020293,-0.7625800158,0.3941766678,0.362804
-0.009836,-0.001067,0.016108,-1.1500173001,0.6066296067,0.526486
0.007078,-0.009460,0.004576,-0.4916392826,0.4297317835,0.476101
0.003691,0.005485,-0.019654,0.2362364131,0.0496114701,0.445049
-0.007627,-0.006962,-0.004933,0.3862957771,0.2054479126,0.473156
-0.003367,0.002196,-0.011475,0.1532438490,0.6084441325,-0.163795
-0.014468,-0.007688,0.001179,-0.0137411572,0.5804536176,0.072157
-0.000967,-0.007452,-0.024581,0.9072618317,-0.1232584118,-0.163171
0.005204,-0.002932,-0.012857,1.4411502482,-1.0315345488,0.007132
-0.004982,-0.012198,-0.009357,0.1808394847,-0.0537048245,-0.255562
0.004206,-0.001786,-0.006072,0.4525270058,-0.6317222341,0.005110
-0.012938,-0.002758,0.021852,-0.9496455495,0.5754216592,0.238160
0.008608,-0.015467,0.008171,-0.1369659198,-0.1394659320,0.030887
0.004045,-0.000030,0.011407,-0.3209815000,-0.3126862663,0.362696
-0.017330,-0.014936,0.012067,-0.5215441180,-0.0335509107,0.166855
0.000129,0.003361,0.000470,-0.6055224420,-0.0898816347,0.387035
-0.003045,0.005156,0.004918,0.1193593321,-0.2902035725,0.620442
-0.000261,-0.007002,-0.010346,0.0527024795,-0.0007866279,0.570326
-0.005041,0.003673,0.011092,-0.9182406119,0.9468086067,0.543413
0.000973,-0.006047,-0.014826,-0.2177051895,0.2249975508,0.138344
0.005785,0.001582,-0.027972,0.4567906084,0.0618165421,0.478585
-0.013601,-0.015704,-0.016516,1.0265301910,-0.2378395537,0.064522
-0.008001,0.000876,-0.011494,0.3959520087,0.1321369964,0.064220
-0.007893,0.000567,0.000555,0.3055257988,0.3567102065,-0.071765
0.005217,-0.005029,-0.001874,0.1274457405,0.0375844977,0.125513
-0.000938,-0.007924,-0.005225,0.1862885730,-0.4078567268,-0.265376
-0.001095,-0.012444,0.014023,-0.1687593586,-0.5860697833,0.033503
-0.010178,-0.004635,-0.007657,-1.3522750880,0.2282768417,-0.229604
-0.017022,-0.015431,0.028154,-0.3148066463,-0.0980591060,-0.329912
-0.003166,-0.001264,0.024153,-0.3352751790,-0.0736276445,-0.006356
-0.004965,0.002445,0.017476,-1.0573715664,0.6942207245,0.548934
0.001859,-0.004698,0.002758,-1.1528375981,0.6993707072,0.447547
0.001075,0.006236,-0.013037,-0.3766698402,0.0249806992,0.418313
-0.016654,-0.004163,-0.009292,0.3430593834,0.4975642821,0.695265
-0.003810,-0.002836,-0.009197,0.3362625881,0.6762638872,0.199355
0.000047,-0.007222,-0.015614,0.5883983944,-0.0714380859,0.061187
-0.001581,-0.012877,-0.017967,0.6432721687,-0.0304299207,-0.255020
-0.008523,-0.000230,-0.017777,-0.1054688756,0.1909325489,-0.262708
-0.020754,-0.012441,0.009983,-0.2818573908,0.4698426786,-0.266729
-0.005838,0.004559,-0.000863,-0.1135880437,0.0128137371,-0.038747
-0.005891,-0.002308,0.009562,0.0432359924,-0.5349750644,-0.042495
-0.006377,-0.013475,0.010022,-0.1336828530,-0.8622374935,0.050165
-0.001620,-0.014670,-0.002392,-0.0090035753,-0.7533326499,-0.373263
-0.016815,-0.009283,0.032832,-1.1240670179,0.3938008140,0.035334
-0.004338,0.008160,0.031243,-1.2266698045,1.0475095745,0.615765
-0.001709,0.003916,0.005850,-0.7665455012,0.6669062456,0.142605
0.001301,-0.008531,-0.008583,0.0301255291,0.2377369469,0.844410
-0.001351,0.000817,-0.014852,0.5059492610,0.1047098262,0.134494
-0.009127,-0.005807,-0.011334,0.4477988478,0.1839063559,0.224675
0.001685,-0.002390,-0.031166,0.4102811878,-0.1111221374,0.111418
-0.020288,-0.021257,-0.014127,0.1739891507,0.0914100490,-0.204717
0.003697,0.000275,-0.016779,1.4844408064,-0.9039751025,0.096240
-0.003905,-0.008719,0.000562,0.4991113595,-0.1414677667,-0.032435
0.002141,-0.010524,-0.002097,0.4471129169,-0.5095537112,-0.195381
0.000080,-0.001162,0.004101,-0.1137267258,0.0283275327,0.195219
-0.006511,-0.020900,0.009162,-0.1639559233,-0.2158539894,0.194474
-0.004588,-0.009634,-0.005428,-0.3424818988,-0.5232260493,-0.082771
-0.016903,-0.012165,0.019466,-0.8139539766,0.1218243574,0.042556
0.003602,0.007943,0.008420,-0.3933119767,0.3044956732,1.066194
0.006244,0.021056,-0.005517,0.3021253995,-0.3672394578,0.991387
-0.003130,-0.000467,-0.001788,-0.4607323749,0.0943681180,0.451118
-0.004834,0.002432,-0.018145,-0.0537007296,0.6846316080,0.306549
-0.008169,-0.005348,-0.008202,1.3452951887,-0.8397023819,0.223198
-0.000593,-0.004553,-0.018138,0.1781837347,0.2117352815,-0.208787
-0.015833,-0.003063,0.003569,0.1380714418,-0.0190672477,-0.021242
-0.004292,-0.005036,-0.011022,0.8184802439,-0.3735746325,0.019818
-0.006101,0.001168,-0.001099,0.1416758583,-0.1169422152,0.105244
-0.005182,-0.008682,0.006937,-0.3655559907,-0.2032515489,0.479846
-0.006688,-0.001625,0.011437,-0.8667781996,0.0532341194,0.165257
-0.015830,-0.010839,-0.000938,-0.1461973595,-0.4954292546,-0.003878
-0.001043,0.003853,-0.010881,-0.2394863720,-0.5574545641,0.274687
-0.010716,0.002412,0.007209,-0.1294865533,0.2126107108,0.325449
-0.004873,-0.002836,-0.006236,-0.2594775591,0.4357236842,0.191132
-0.001381,0.006167,-0.005353,-0.1424234488,0.5257013506,0.361835
0.002909,-0.006582,-0.004854,1.4116617403,-0.7007841427,0.577981
0.001426,0.014817,-0.017534,-0.1200168529,0.3242427130,0.355320
-0.001555,0.006476,-0.012643,0.7653113514,0.2885981442,0.324048
-0.003764,-0.020903,-0.011767,0.7363931514,-0.5717656474,-0.139216
-0.000905,-0.001924,-0.006410,0.4796272555,-0.2309512248,-0.003425
-0.019972,-0.015451,0.012297,-0.2128666501,0.1819361468,-0.333080
-0.007020,0.002264,0.009123,-0.3913342071,0.2726872705,0.167341
-0.017366,-0.010498,0.003214,-0.8019048286,-0.0196479060,-0.251173
0.006057,0.000219,0.000421,-0.1566762446,-0.5989892160,0.873847
-0.001620,-0.002426,-0.007985,0.0957903141,-0.6662543091,0.058377
-0.012456,0.002271,0.013744,-0.3271041447,-0.0459569979,0.467566
-0.001007,-0.013209,-0.002428,0.4170363720,-0.2920078151,0.054376
0.004272,0.009341,-0.004706,0.2434731894,0.1164439344,0.546368
0.005512,-0.003673,-0.007936,0.0726014091,-0.0624966708,0.657580
0.015839,0.017206,-0.033877,1.1440886069,-0.4732024045,0.701138
-0.008520,-0.007642,-0.018056,1.3570147602,-0.5516874886,0.050404
-0.010772,-0.006257,-0.025881,0.5772412573,-0.0303728142,-0.198411
-0.015315,-0.009881,0.010557,0.4170282261,0.2234840758,-0.163187
-0.004860,-0.011420,0.002742,-0.0630145752,-0.2082464459,-0.145636
0.000152,0.002333,0.016118,-0.2860617401,-0.2498334679,0.392477
-0.006403,-0.008755,0.011502,-0.6350642256,-0.1867415049,-0.038330
0.000215,0.002832,0.006031,-0.7954304584,0.1562520321,0.221839
-0.010581,-0.007219,0.010413,0.0133690859,-0.2520740639,0.165772
0.005729,0.000597,0.002669,-0.2852201305,0.2002482427,0.359584
-0.006495,0.004746,0.006891,-0.4949302593,0.7075036448,0.419386
0.002502,-0.007632,-0.008248,0.7294965779,-0.0576868631,0.761377
0.009084,0.008458,-0.009925,0.8168606859,0.0040422106,0.093929
-0.013782,-0.018037,-0.005468,0.0100636611,0.1815687724,-0.187533
-0.000800,-0.004231,-0.021489,0.3297114867,-0.3245929532,-0.396185
-0.010119,-0.010127,-0.012433,1.2183948436,-0.4184062272,-0.454734
-0.006426,0.001093,-0.018227,0.1846353946,-0.2551261156,0.190971
-0.019894,-0.009887,0.013455,-0.2852484447,0.2098232010,-0.113777
0.000169,-0.000115,0.012087,0.0360085492,0.0125166367,0.026311
-0.007342,-0.009762,0.003634,-0.6771813348,-0.1635544777,-0.211393
0.002003,-0.013068,-0.005517,0.0960523235,-0.6673304954,0.250705
0.000526,0.000732,0.001770,0.3616793459,-0.8134849969,0.302453
-0.008188,-0.011866,0.013281,-0.2264836095,-0.0835451188,0.297080
0.002827,0.005183,0.001031,-1.0775160929,0.3551593811,0.582130
-0.016585,-0.006654,0.016833,-0.6529274272,0.7854385225,0.237694
-0.002116,0.004677,-0.001256,0.0657286793,0.4960474121,0.495244
-0.003153,0.005508,-0.004408,0.1139087160,0.4670216835,0.154326
0.003041,0.001214,-0.049229,2.0612637976,-0.5675663747,0.650903
-0.003173,0.001441,-0.015194,0.6867634997,-0.2340367257,-0.279655
-0.005041,-0.015697,-0.010188,0.1943353659,0.0223207275,-0.002479
-0.001578,-0.000020,-0.001667,0.0333574419,0.2484687841,-0.183053
-0.011215,-0.016390,-0.000639,-0.0856583095,-0.1040025441,-0.268271
-0.001538,-0.001353,0.011529,-0.1297323339,-0.5643469937,-0.189289
-0.010329,-0.006001,0.008092,-0.3207796291,-0.6438566156,0.038761
-0.001647,0.005307,-0.004867,0.0271000393,-0.7242293551,0.634695
-0.020576,-0.011656,0.011496,0.0068317688,-0.2946390294,0.446023
-0.014192,0.008445,0.017910,-2.2393614292,1.3870802281,0.618824
-0.013047,0.000338,0.024242,-1.3045482347,1.1228401766,0.462665
0.005673,0.016195,-0.010270,0.2995254698,0.4802333318,0.812179
0.001311,-0.000099,-0.023698,1.0192489463,-0.2653530395,0.079194
0.013167,-0.006920,-0.032627,1.9512761824,-0.9407785125,0.528479
-0.004926,0.000453,-0.011166,0.5936168614,0.1565445641,-0.080762
-0.009383,-0.018707,-0.014386,0.1662219193,0.0508288096,-0.175936
-0.006084,0.000239,-0.019300,0.0138088289,0.4300815933,0.101508
-0.020074,-0.014371,0.008423,-0.0116043256,0.0289947185,0.090614
-0.004151,-0.010593,0.002699,-0.4455328903,-0.3548736024,-0.384942
-0.007896,-0.000972,0.000631,0.1636518649,-0.3905346552,0.057632
-0.003583,-0.011587,0.008936,0.1428366763,-0.6768916195,-0.051082
-0.002293,-0.000788,0.020756,-0.4688694821,-0.3263417652,0.126268
-0.024210,-0.014834,0.029270,-2.1326513138,1.1885455697,0.201475
-0.003770,-0.000690,-0.009558,-0.7065534004,0.0209436122,0.595355
-0.006593,-0.001908,0.007921,-0.3026861054,0.1706982867,0.600131
0.003566,-0.003752,-0.012157,0.4830362658,0.0621273543,0.989448
-0.003790,0.006056,-0.009751,0.7142459822,0.0390023303,0.582510
-0.012767,-0.006076,-0.001348,-0.0809795273,0.7540353444,0.616257
0.002824,-0.001248,-0.027014,0.2050273708,0.0930438232,0.211431
-0.004873,-0.009513,0.001209,0.5511913298,0.3086633879,-0.121428
-0.000337,-0.002531,0.003864,0.3795408718,-0.0399739266,0.019136
-0.007532,-0.009569,0.002302,0.0742943215,0.0887235396,-0.084665
-0.016001,-0.019396,0.005994,-0.0911129328,-0.6181522289,-0.244805
-0.005746,-0.010534,0.000976,-0.8549315471,-0.2292348765,0.009009
-0.020448,-0.012507,0.037404,-1.6787464533,0.9230378499,0.243563
-0.001148,0.002704,0.019272,-1.1565315632,0.5982685720,0.397201
-0.002175,-0.003841,0.007990,-0.6993015687,0.2632541532,0.725297
0.002604,-0.007271,-0.000170,0.0302455350,0.2936868034,0.561946
0.005604,0.001976,-0.009121,0.3339868223,0.3232221453,0.645212
-0.007788,-0.008630,-0.012384,0.3897730240,0.1046406810,0.641391
-0.002454,-0.006559,-0.022645,0.1176119744,0.1665159153,0.111248
-0.015055,-0.012493,-0.005231,0.1174588006,0.3651066104,-0.031529
0.004140,0.001122,-0.022034,1.0041728280,-0.7916816424,0.154592
-0.014350,-0.011574,-0.006101,0.1576536582,-0.2248338539,-0.193950
0.004203,0.003810,0.002978,0.1560106401,-0.2459296449,0.132606
-0.010148,-0.008531,0.019196,-0.7422023977,-0.4069462623,0.127184
-0.002874,-0.006739,0.021589,-1.3342929829,0.8428707614,0.348880
-0.002612,0.002839,0.003201,-0.5782850467,-0.1741270822,0.420296
-0.000491,-0.006720,0.001031,-0.1064924851,-0.0914623949,0.703144
-0.002438,0.006148,-0.042090,-0.1786704350,-0.5828902712,0.556642
-0.010299,-0.003306,0.015208,0.0605588804,0.4422890577,0.324613
0.000992,0.010497,-0.008366,0.0661937681,0.3912969694,0.587221
-0.004085,0.008307,0.001225,-0.0266424017,0.6041280066,0.581224
0.001820,-0.000709,-0.003981,0.1491387664,0.6396459208,0.523076
-0.003271,0.014757,-0.015190,0.2029089800,0.2582366626,0.420161
-0.002152,-0.010120,-0.018384,0.7632394515,-0.7186344916,0.211037
0.001029,-0.002997,-0.014462,0.7259725644,-0.6048486336,-0.164274
-0.018633,-0.002971,0.015543,-0.0251817997,0.2238778435,-0.281129
-0.001830,0.008908,0.017020,-0.1514956223,-0.0019401150,0.372254
-0.011041,-0.000132,0.016699,-0.4058293956,0.0799268676,0.478838
0.000618,-0.002282,0.001061,-0.3268551616,-0.2802197466,0.380529
-0.000691,0.007113,0.001051,-0.1668137098,-0.4854478209,0.029439
-0.004427,-0.004103,0.012290,-0.3203799018,-0.2348222676,0.263349
-0.002582,0.000111,-0.006561,-0.4618166920,-0.1110159743,-0.098458
-0.007460,-0.000066,0.022082,-0.3029127297,0.1602497620,0.337201
0.004255,0.009430,0.010137,0.0080761996,0.7776883880,0.622635
0.000057,0.009230,-0.012909,-0.3721173122,0.4306059089,0.397817
-0.003577,-0.004806,-0.015053,0.0185080519,0.2372308862,0.439396
0.010105,0.015512,-0.033283,0.6143255904,0.0863591350,0.569840
-0.011576,-0.006759,-0.005359,0.3231853517,0.4656414493,0.051701
-0.005789,-0.003463,-0.022852,-0.0052285331,0.3604239150,0.120389
-0.014484,-0.008843,0.005801,-0.0561084890,0.1310472464,-0.106034
0.008184,-0.005521,-0.007831,1.1110202997,-1.0392883926,0.055925
0.003320,-0.001537,-0.002320,0.6090785446,-0.8279610150,-0.130724
-0.016555,-0.017939,0.005023,-0.2989451068,-0.8401941137,-0.066172
-0.002014,-0.004543,0.004557,-0.6384799917,-0.4145097853,0.067246
-0.011382,-0.007898,0.012980,-1.4291381517,0.5416701102,-0.271301
-0.004243,-0.012316,-0.002730,-0.7225010172,-0.0889644704,0.353012
0.003802,0.001257,-0.030135,-0.5455837152,0.1483372855,0.500650
-0.015577,-0.001750,-0.011163,-0.3056134786,0.1641519275,0.659651
-0.003587,-0.001126,-0.018870,0.4446103065,0.4516736404,0.415855
0.004048,0.000485,-0.019638,0.5836247938,0.1692797953,0.451315
-0.007105,-0.007793,-0.020902,0.6685533885,0.1912984365,0.568652
-0.003682,-0.000929,-0.016421,0.2201130546,0.1015529941,-0.079932
0.001071,0.001943,-0.002028,0.6980711176,-0.5717113570,0.031783
-0.002605,-0.016209,-0.004618,0.8669757714,-1.3545779149,0.116339
-0.017182,-0.012940,0.010639,-2.5755837223,0.6577461338,-0.482155
-0.027758,-0.014397,0.031867,-2.3219570971,1.0338063348,-0.275683
0.005164,-0.011676,0.015504,-0.2017282765,-0.3241716242,0.338501
0.001692,0.005498,0.000792,-0.0120216159,-0.2198540496,0.381517
-0.006659,-0.006240,0.016229,-0.7182936220,0.3428869519,0.536376
0.008818,-0.004747,-0.019868,0.0190890162,-0.2684788542,0.514998
-0.012219,0.003725,-0.003403,-0.0541229502,0.4721703004,0.679454
0.004613,-0.004113,-0.020715,0.3469248747,0.2093975094,0.436219
-0.003623,-0.005131,-0.010132,0.1813992470,0.3377307123,0.148401
-0.007329,-0.006716,-0.013664,0.2169262020,0.4516252033,0.266116
0.003123,0.007063,-0.022704,0.7602821554,0.3090093213,0.295727
-0.002251,-0.007383,-0.015821,1.5896193557,-1.0568185112,0.370015
-0.006258,-0.008482,-0.010116,0.3147058766,-0.2680694323,-0.096212
-0.007335,-0.002141,-0.014393,0.5070516369,-0.2696928028,-0.095894
-0.003672,-0.014158,-0.005960,-0.0171721843,-0.0645210956,0.140724
-0.003872,-0.007113,-0.002898,0.0036311231,-0.3825587103,-0.298598
-0.015279,-0.011039,0.033649,-0.5929880424,0.2417365822,-0.022381
-0.003081,-0.002403,0.011506,-0.1787249542,-0.2210507013,-0.242297
-0.004555,-0.008689,0.000946,-0.4900676684,-0.1775481009,0.315855
0.008460,-0.007271,0.001310,0.2714028275,-0.4220285134,0.507609
-0.001765,0.002563,-0.000534,-0.1167668609,-0.0022061357,0.189898
-0.000964,-0.005866,0.002335,0.3825265935,-0.1004385049,0.405722
0.007252,0.004858,-0.028963,-0.2879505811,0.1414049634,0.110962
-0.010371,-0.008243,0.005689,0.5666404011,0.1643159644,-0.040510
0.000832,-0.003664,-0.017127,0.5028791745,-0.0948697196,0.014970
-0.008743,-0.002853,-0.006672,0.1794999535,0.3725110394,0.285965
-0.002247,-0.008184,-0.011668,0.2977154027,0.3438182037,-0.161418
0.004915,0.003436,-0.003823,0.3234574410,0.1712447220,0.008530
-0.004637,-0.009818,-0.003659,0.1044862124,-0.3956605715,0.119680
-0.000019,-0.005242,-0.015968,0.1274796642,-0.7730787447,-0.095474
-0.011996,-0.004983,0.017549,-0.4443571167,-0.3913851028,-0.209890
0.005847,-0.004087,0.023280,0.1140843160,-0.4292381683,-0.031611
-0.004749,0.003062,0.022965,-0.9299555689,0.2777237058,0.093004
-0.000468,-0.008325,0.011079,-1.0676501493,0.5509896968,0.669486
0.003523,0.008068,-0.003288,-0.3793429394,0.0269027555,0.211290
-0.007982,-0.005948,0.000772,-0.1973445995,-0.0458308729,0.635378
0.003149,0.007536,-0.014947,-0.2921709265,0.0220911109,0.734799
-0.016956,-0.001776,0.009507,-0.4728093858,0.5114061215,0.384300
0.001892,-0.002626,0.011982,-0.4023353845,0.8007486723,0.311591
0.001898,0.002432,-0.000452,0.1975995509,0.2688064617,0.402183
0.009734,-0.000411,-0.018010,0.7389702229,-0.1156780286,0.464464
0.008795,0.009381,-0.018877,0.7014201529,0.0882213423,0.186376
0.006681,-0.001143,-0.013569,0.2138019196,-0.1938222125,0.061410
0.002647,-0.006785,-0.004184,0.3648795309,-0.8639201139,-0.431333
-0.010703,-0.012083,-0.003003,-0.3373479758,0.0732241660,0.053838
-0.002996,-0.000224,0.001813,-0.2508330832,-0.3255556444,0.407822
-0.014553,-0.001766,0.023388,-0.9959788886,0.3811059616,0.234165
0.000648,-0.004327,0.010403,0.0927296506,-0.2724375339,0.385197
-0.010348,0.009053,0.019236,-0.6702338974,-0.3443571632,0.547821
0.005745,-0.000667,0.005033,-0.2393115341,-0.2425497359,0.665336
0.001741,0.003755,-0.002855,0.1023779279,-0.0038982274,0.446782
-0.006186,-0.005774,0.016003,-1.0674036019,0.9348707294,0.493415
0.005020,0.002632,-0.009308,-0.4091148591,0.2469262779,0.296062
-0.004699,-0.005840,-0.012594,1.1457861574,-0.6337401608,0.432976
-0.009387,-0.001963,-0.028100,0.0717522355,0.3320005175,0.532887
-0.015968,-0.003831,-0.008307,0.2200172154,0.4622189956,0.144219
-0.008582,-0.004632,-0.019812,0.6725675521,0.3233071717,0.038108
0.000536,-0.003795,-0.007890,0.2056409124,0.3958285084,-0.055655
0.000402,-0.016098,-0.011652,0.2157304710,-0.2332578636,0.099671
-0.003180,0.001441,-0.014153,0.3014092310,-0.4863778980,0.296328
-0.021499,-0.017328,0.015484,-0.3241830331,-0.1978434844,-0.339280
-0.000928,-0.009654,0.015152,0.3618046908,-0.4510298932,-0.083733
-0.008898,-0.008138,0.018796,-0.9102528326,-0.0460801537,-0.003008
0.005808,-0.005942,0.011588,-0.5542118348,-0.0374770560,0.462351
0.002768,0.001388,0.017562,-1.5015337891,1.0687271880,0.648836
-0.012515,-0.000512,0.005919,-0.9959416645,0.5356284357,0.478313
0.003815,-0.003516,-0.027916,0.1635366186,0.0509577323,0.540502
-0.012597,-0.001911,-0.002464,0.0397559808,0.3931593786,0.298435
0.000454,-0.006969,-0.008353,0.4131912871,0.4984523024,0.459948
0.002210,0.002987,-0.005806,0.5949531539,0.6313410907,0.681010
0.002430,-0.007422,-0.028852,1.2548500755,-0.6435539134,0.675719
-0.002651,0.000377,-0.009285,0.3101979954,0.1203786885,0.281439
-0.008326,-0.015034,-0.028602,1.5709442176,-0.7355027993,0.049446
0.000385,-0.004842,-0.006672,0.3606781999,-0.0463590326,-0.042915
-0.007880,-0.005577,0.012806,-0.0533127580,0.0078015945,0.097100
-0.000465,-0.005594,0.015431,-0.0185644618,-0.0828725910,0.419245
-0.001558,0.002238,0.018727,-0.4677817384,0.0547222622,0.546226
0.004101,-0.011742,0.000411,0.0067690613,-0.5955316419,0.494863
0.001357,0.003101,-0.000465,-0.1127664897,0.1671247104,0.184397
-0.008592,-0.012963,-0.013566,0.1795233503,-0.4645564361,0.566512
0.001455,0.004172,-0.017455,-0.3596841646,0.1939447522,0.340014
-0.006692,-0.007954,-0.000177,0.5987036548,-0.1493568512,0.242351
0.001442,-0.005223,-0.000291,0.3248067682,0.3643318251,-0.033944
-0.005773,-0.005082,-0.010165,0.2308466625,0.0565441482,-0.182954
0.002059,-0.006985,-0.026298,1.1672061858,-0.3680435834,0.015276
-0.003852,-0.007803,-0.000941,0.3803069685,0.0416009919,-0.096091
0.000727,-0.009979,0.001045,0.1815718921,-0.3792682577,-0.020109
-0.005943,-0.008801,0.016728,-0.3664265359,0.0299486226,0.070480
-0.008628,-0.021993,0.011131,-0.4675735523,-0.1754431489,0.192350
0.004377,0.000206,-0.005931,-0.3123674358,-0.5832522694,0.173532
-0.009278,-0.007517,0.020657,-0.9722630194,0.1142570521,-0.182281
-0.007801,0.002301,0.019873,-2.2310214632,1.2289474730,0.297539
0.004606,0.012604,0.010390,-0.1379231452,-0.0849598950,0.576366
0.013180,0.004237,-0.005287,0.1484504099,0.1084896524,0.834858
0.006471,0.008646,-0.007152,0.4498628115,0.3088992460,0.422800
0.014654,-0.011420,-0.034511,1.7082573863,-0.9776534146,0.446332
0.000159,-0.001468,-0.019664,0.5955206161,-0.1348220359,-0.061694
-0.016047,-0.025508,-0.010877,0.1467392545,0.1519278443,-0.516923
0.003330,-0.002456,-0.007500,0.0167388688,0.2145705712,-0.140154
-0.015938,-0.013088,0.007508,-0.4142474716,-0.0617236677,0.049147
-0.001062,0.003167,0.004465,-0.1606014884,-0.2291679377,0.030480
-0.027837,-0.001976,0.047603,-4.3198377687,2.5360675042,0.084052
0.005499,-0.004442,0.023772,-0.4641527082,0.2400199269,0.253748
-0.005894,-0.000759,0.026201,-2.9557128124,1.6172232363,-0.011470
0.012881,0.003079,-0.009252,0.0514402357,0.3736471017,0.437095
0.002637,0.013044,-0.003646,-0.6158923164,0.8109452161,0.569515
-0.002421,-0.011610,-0.006679,-0.1658071031,0.1731456732,0.619369
0.004259,0.004316,-0.030329,0.1680333182,0.2171822444,0.345932
-0.008687,-0.008111,-0.013536,0.3930180956,0.2708973099,0.095052
0.000175,-0.002695,-0.019307,0.3819253232,0.4140540645,-0.181832
-0.015190,-0.011653,0.014470,-0.0760769169,0.3688569147,-0.442638
0.005299,-0.004921,-0.013845,0.3847085330,-0.0015152748,-0.187412
-0.000517,-0.005515,0.010521,0.8790900015,-0.9394874529,-0.067691
-0.000961,-0.006217,0.015888,0.2437411537,-0.3028959378,0.029643
0.003175,0.000321,0.009064,-0.0897414797,-0.6166508024,-0.116669
0.001573,-0.009263,0.005052,0.0936652685,-0.8162469960,0.319873
0.028243,0.009821,-0.024053,2.8450224800,-2.0608405160,0.590690
0.001052,-0.011427,-0.006492,-0.7617556014,0.4031345954,0.498602
0.003740,-0.000982,-0.013254,-0.1317233581,0.1951024512,0.184781
-0.009695,-0.007842,-0.011501,0.2833180556,0.0566472669,0.589679
-0.003452,-0.002292,-0.008173,-0.2517894091,0.1575839507,0.193784
-0.014727,-0.003102,0.003874,-0.2299756400,1.0373585071,0.424569
0.007380,0.003646,-0.010060,0.6596192884,0.3367561212,0.308427
-0.001190,0.000436,-0.009180,0.4555568381,0.1480355893,0.224121
-0.002247,-0.002321,-0.005747,0.3998043405,-0.0035185691,0.014005
-0.005366,-0.008105,0.000500,0.5090512384,-0.6754173915,-0.524837
-0.007693,-0.018618,-0.006223,0.1799364851,-0.3113248657,0.077153
0.000841,-0.007829,0.010455,-0.2552299881,-0.4609553071,-0.159695
-0.010037,-0.017348,0.012957,-0.4802733759,-0.2933658885,0.079165
-0.001955,0.000791,-0.011977,-0.4936516950,-0.3808458170,0.679878
-0.017603,-0.016757,0.006690,-0.6386811624,-0.0432082231,0.056093
-0.004712,0.000676,0.007931,-0.2894462801,-0.1930276632,0.433573
-0.011231,-0.005856,0.012884,-0.6176884556,0.1530662117,0.156749
0.004800,-0.009739,-0.002494,-0.0244859369,0.2086451132,0.410527
-0.003803,0.002297,0.006218,-0.7165141223,0.8352111358,0.313623
-0.005746,-0.010396,-0.008192,-0.1298340062,-0.0881890953,0.085346
0.006540,0.005606,-0.038853,1.2328458519,-0.5346343467,0.249589
-0.011363,-0.014200,0.001612,0.4255330478,0.0000028591,0.158400
-0.000419,-0.003788,0.002637,-0.1848457351,-0.1352202048,0.031875
-0.011940,-0.006319,0.020854,-0.3092675884,-0.0809031762,0.297769
0.005020,0.003459,0.010787,-0.2294678311,0.1565680579,0.219072
-0.007365,-0.003312,0.011135,-0.5365834868,0.0299041383,0.462065
0.003136,-0.009053,-0.007099,0.1548975976,-0.7730994909,0.556573
0.005033,0.007989,0.011644,-0.1715680704,0.1250113851,0.641329
0.002630,-0.009034,-0.001096,0.1811686487,-0.1724906957,0.775672
0.003855,0.001736,-0.009758,-0.6389580727,0.2581841542,0.277300
-0.009859,-0.011486,0.012776,-0.4787650431,0.6607006204,0.092895
0.013390,0.000830,-0.019760,1.5324020744,-0.0635397495,0.516681
0.000333,-0.000260,-0.021870,0.6715734794,0.1791393874,-0.089894
0.004022,-0.011262,-0.026160,0.4440375897,-0.0743763342,0.268257
0.005036,0.002123,-0.008304,0.5543947101,0.0723358053,0.006239
-0.019625,-0.016117,0.009060,-0.3262299226,0.1956731991,-0.272486
-0.000252,0.000200,-0.004381,-0.3683383822,-0.1800787924,0.095840
-0.002759,-0.001284,0.011975,-0.1508744496,-0.2684422122,0.018732
0.000805,-0.006467,0.008341,-0.2855521453,-0.8706568238,0.298041
-0.007246,-0.002081,0.016863,-1.9903761478,0.8780493858,0.225595
-0.008077,-0.012638,0.028637,-0.3489839120,0.2075481334,0.365003
0.011503,0.006207,0.007662,-0.2826502760,0.4583273612,0.995819
0.006175,0.011143,-0.002786,0.0740335959,0.3803239496,0.701377
0.000664,-0.006309,-0.032000,0.0799857304,0.0709553490,0.278380
0.006277,0.004053,-0.036198,0.3638922387,-0.0810081541,0.213745
-0.006357,-0.002676,-0.011468,0.3796882728,0.2015793796,0.069206
0.006228,0.002386,-0.009298,0.1767365230,0.4301106375,0.118722
-0.001775,0.000052,-0.001404,-0.2481004717,-0.0129566224,-0.153632
0.000733,-0.012579,0.008909,0.0193436323,-0.6727098461,-0.208951
0.000769,0.003742,0.010226,0.2704103444,-0.7248715447,-0.089155
0.008568,-0.006073,0.005322,-0.1553448343,-0.5206551458,0.429336
0.003323,0.005435,0.002653,-1.6604923585,0.6297588695,0.499645
-0.012118,-0.002968,0.015714,-0.5519479252,0.2635961504,0.591422
0.007337,0.003765,-0.011583,-0.2121430586,0.0893894440,0.452966
-0.010053,0.002859,-0.004165,-0.5416901563,0.8133411273,-0.179951
0.006605,-0.001238,-0.024355,0.6429063770,0.3093325095,0.200061
0.005775,0.003581,-0.018824,0.8785659050,-0.0359192148,0.027050
-0.005257,-0.009992,-0.013231,-0.1941519482,0.0729689612,-0.025187
0.003556,0.005061,-0.015043,-0.0094660059,-0.6657576031,-0.223322
-0.019667,-0.004218,0.015540,-0.8438787118,0.2114791958,-0.256586
-0.005205,-0.000769,0.021077,-1.8927276330,0.6637135747,-0.377468
-0.002385,-0.003542,0.018396,-0.6834635543,-0.1335356011,0.079385
-0.003009,-0.013567,0.012169,-1.5767983870,0.5344810804,0.559698
0.008966,0.003184,0.011703,-0.6042822459,0.1931584480,0.422594
-0.006035,-0.003677,0.016590,-0.1841151452,0.0348472140,0.708166
0.008145,0.006443,0.001888,-0.4141615816,0.3670270981,0.405243
-0.012262,0.001080,0.010501,-0.4435111851,0.7951320937,0.311420
0.003835,-0.007527,-0.012587,0.7453227538,0.0530268776,0.493370
0.002722,0.000958,-0.005757,-0.1299989186,0.7580452680,0.620104
0.001235,-0.013780,-0.002484,1.0163481105,-0.4157234345,0.285168
-0.003097,0.005662,-0.032515,-0.2228270792,0.1134441775,0.290259
-0.005480,-0.002426,-0.018210,1.3138077956,-0.1446561466,0.148007
0.001216,-0.010045,-0.009423,0.9301611542,-0.0882036217,-0.146174
-0.002191,-0.000037,0.011955,0.3865471848,0.2600713635,-0.145518
0.002010,-0.012881,0.002075,0.0397679740,-0.3450718486,0.051429
0.000375,-0.006897,-0.017419,-0.0745614037,-0.1012941396,0.014554
-0.016670,-0.007616,0.015655,-0.4867084799,-0.0952498156,0.196512
-0.009308,-0.006355,0.014122,-1.0541228195,0.0630217191,-0.225856
0.009208,-0.000952,0.010688,0.2331181370,-0.6572475426,0.158728
0.001600,-0.012618,0.018251,-0.1385383109,-0.3861593933,0.368089
0.000887,0.007077,0.004531,-1.0169762927,0.7372833909,0.599392
0.000451,0.008806,0.007806,-0.4190868062,0.4760003590,0.995317
0.004117,-0.003293,-0.018141,0.1581836692,0.0520321520,0.682238
0.006619,0.005097,-0.002917,0.2377608443,0.2176478623,0.412802
-0.004177,-0.010596,0.002495,0.4584746298,0.3426893528,0.398047
0.010170,0.002580,-0.005668,0.3102057832,0.7304001772,0.213670
0.002719,0.006581,-0.018712,1.1710010394,-0.6817127040,0.586069
-0.001896,-0.008850,-0.017180,0.3714288490,-0.2618103621,0.145769
0.001413,-0.001369,-0.006285,0.3998218383,-0.6274722621,-0.117827
-0.015183,-0.016682,0.012815,-0.0775491127,-0.0953730033,-0.188426
-0.006491,-0.008161,0.003982,-0.8575962551,0.1788517137,-0.243722
-0.007909,-0.003001,0.015596,-0.7377577975,-0.3110879890,-0.009999
-0.002254,-0.004294,0.007091,-0.6378288802,-0.1707000271,0.394522
0.004288,0.004332,-0.005648,-0.1477527218,-0.2830132211,0.099162
-0.016204,-0.011118,0.001123,-0.4803412296,-0.0760594146,0.240907
0.000070,0.000856,0.009677,-0.9466692825,0.9724087048,0.356741
0.002657,0.002507,0.014214,-0.0616784125,0.4312358559,0.538631
0.014089,0.008977,0.001028,0.0203778465,0.3840234655,0.779999
0.002571,0.003124,-0.023065,0.0901708140,0.1609024312,0.421251
-0.002113,-0.007268,-0.030775,0.4255834707,0.2632881941,0.509746
0.002043,-0.003710,-0.016434,0.6812554543,0.2863810597,0.102211
-0.014977,-0.005958,-0.005297,0.3599942597,0.7213343482,0.396504
0.004045,-0.005896,-0.006722,0.2572013979,0.1143618889,0.144450
-0.012134,-0.007005,0.028817,-0.2357555498,0.6851794096,-0.146125
0.005801,-0.000805,0.019259,0.7045297272,-0.3117147170,0.198662
-0.002658,0.003082,0.018671,0.0916853987,-0.3166162311,-0.491681
0.001219,-0.004248,0.027481,-0.3691678012,-0.3033133881,-0.155132
0.004948,0.002117,0.014466,1.4345951935,-1.2396502366,-0.119150
-0.007726,-0.002840,0.012868,-0.7095307027,-0.0470132267,0.158068
0.008805,0.010553,0.006786,-0.0221842476,0.0679877560,0.491403
-0.001184,0.005022,0.025443,-0.4926784781,0.3849058441,0.619136
0.004567,0.000390,0.033534,0.0250102528,0.5206670285,0.585291
0.009806,0.011767,0.029129,0.4364156305,0.2513600453,0.758151
-0.012108,0.008902,0.011821,-0.4258268730,0.9060582208,0.459823
0.007062,0.008524,-0.014403,1.1030178855,0.0862250194,0.512440
-0.002664,0.006889,-0.000111,0.2272497877,0.3490741782,0.328656
-0.009593,-0.006496,-0.002323,0.7499107119,0.4424854541,0.008054
-0.001056,-0.005702,-0.031488,0.7614567744,0.0225058211,-0.041097
-0.004949,-0.005833,-0.001309,0.1772927038,0.6142979707,-0.105738
-0.000609,0.003312,-0.010362,0.4885808394,-0.1241111626,-0.217394
0.000241,0.004145,0.000080,0.4494796218,-0.4697804581,-0.261313
-0.010270,-0.009844,-0.003380,0.0790005992,-0.4373489484,-0.473772
0.002886,-0.006375,0.000283,0.1295232897,-0.9976550815,-0.117913
-0.016053,-0.005906,0.020286,-0.6268302606,0.0844041410,0.048661
-0.001194,-0.006956,-0.006538,-0.4140925449,-0.4634953268,0.380198
0.000027,0.003157,-0.007336,-0.6201837923,-0.5662098383,0.075626
-0.006363,-0.012707,0.001908,-0.3985909092,-0.2546017062,0.399564
0.003973,0.006568,-0.009262,-0.3289102340,-0.3001192365,0.128054
-0.003084,0.000955,0.003326,-0.1972044097,-0.0885560571,0.353925
0.008155,0.009519,-0.009078,-0.0131729750,0.1443277379,0.526962
0.003399,0.004355,-0.002038,1.1403822526,-0.2451499984,0.561089
0.007964,0.003243,0.001245,0.0361075100,0.6492260418,0.681299
0.001511,-0.001297,-0.034892,1.2107141694,-0.2736075451,-0.266935
0.002453,-0.003815,-0.016369,0.9776980309,-0.3642953360,0.215990
0.004255,-0.004028,-0.001243,0.2085516842,0.0499121131,-0.027754
-0.014501,-0.011998,-0.001233,0.0637056377,-0.2798125988,-0.315795
0.001475,0.004234,0.011601,-0.2653938878,-0.0167616978,0.139230
-0.046826,-0.009309,0.042541,-6.7162747086,4.0688729671,-0.229342
0.005772,-0.007202,0.002200,-0.2402670482,-0.7740367349,0.220116
-0.004387,0.000279,0.010249,-0.7967173869,-0.1994309934,0.091402
0.003011,-0.014509,-0.000426,-0.0851350737,-0.3528042732,0.221511
0.001495,0.002852,-0.010808,-0.8123312348,-0.1112269712,0.171004
-0.009843,-0.003211,-0.000866,-0.1326295425,0.1412888938,0.195376
0.005571,0.000341,-0.024634,-0.0010754315,-0.3325587021,0.283720
-0.004778,0.014505,-0.026436,0.3326882976,-0.0979649655,0.363430
-0.001512,0.000627,-0.014291,-0.0135826004,0.0648402460,0.638834
-0.003738,0.007195,-0.013927,-0.0312516099,0.4295726238,0.155567
-0.017035,0.002054,-0.015784,0.5469442934,0.1678113051,0.323634
0.009376,0.008206,-0.015837,0.9235074939,-0.2025260993,-0.251807
-0.003373,0.013605,-0.008363,0.1883644476,0.1598587935,-0.231095
0.003700,-0.002761,-0.017209,0.2863732602,-0.2283069633,-0.301693
0.002640,0.002232,0.002971,0.4219903928,-0.6270591994,-0.293070
-0.002966,-0.013465,0.019344,-0.1127432721,-0.9275990755,0.085585
-0.007942,0.006909,0.001747,-1.3140663285,0.2719783545,0.112294
-0.006390,-0.011259,0.022453,-0.3650259029,-0.0406074099,-0.039603
0.000753,0.012230,-0.009508,-0.2297864409,0.0895542095,0.236397
-0.011468,0.004989,0.005013,-0.2213096324,0.2837004725,-0.005995
-0.000255,0.008304,-0.010490,0.0979930299,0.3890769065,0.614931
-0.003291,0.019350,0.004179,-0.4159507204,0.6419042187,0.438385
0.006251,0.004185,-0.009078,0.7261138015,-0.1236660037,0.462373
0.007252,0.017127,-0.023229,1.0343212166,-0.2247851015,0.262692
-0.010184,-0.003056,-0.000088,0.0398901137,0.2334977037,-0.369010
-0.003944,0.008475,-0.035532,0.9910426951,-0.6646136996,0.108716
-0.005103,-0.006907,-0.000288,0.6036277725,-0.0883760291,-0.202445
-0.003068,-0.015208,0.008286,0.2223331792,0.1503863626,-0.054259
-0.000189,-0.004113,0.006283,0.1048188539,-0.0502184194,0.479770
0.003070,-0.019157,0.001084,-0.5387671359,-0.0307940528,0.202096
0.007393,0.007086,0.006930,0.0593433394,-0.3158483210,0.252474
-0.009564,-0.018057,0.013501,-0.4207509899,-0.6111500918,-0.134381
0.003907,-0.011784,-0.001296,-0.4541714793,-0.4179360776,0.318626
-0.006803,-0.004048,0.023024,0.0966597541,-0.0465723948,0.622070
0.001977,0.000965,0.014591,-1.5226989595,1.3358320376,0.005494
0.012291,-0.001428,0.005453,-0.3375482269,0.5391933209,1.014463
0.010541,0.000098,-0.011632,0.3585785579,0.4012742808,0.879896
0.000710,0.007205,-0.021286,0.0908613943,0.7956825514,0.433078
0.001403,-0.006404,-0.018660,0.5114230853,0.0759047680,0.139286
-0.004972,-0.004231,-0.018575,0.3104541056,0.2773162844,-0.237390
-0.017744,-0.015628,-0.005878,0.1541581706,-0.1162842162,-0.299182
0.001547,-0.003959,-0.007578,-0.2246933692,-0.0160703316,0.334020
-0.015627,-0.012500,0.022344,-0.8160680229,0.3551547219,-0.340078
0.002378,-0.001730,0.001849,0.0956340267,-0.4958850069,-0.079003
0.004475,0.006673,0.015087,0.2178020421,-0.5268817971,0.656316
0.006779,-0.009083,-0.006636,0.2304085239,-0.3393887300,0.602990
0.001055,0.005603,-0.002953,-0.2059901366,-0.0441833825,0.352431
-0.006830,-0.005348,0.000145,-0.0034300233,0.0248630254,0.422889
0.010712,0.005199,-0.027952,0.7570570587,-0.5877247101,0.540804
-0.013033,-0.006621,0.019170,-1.8869076496,1.7338380817,0.014311
0.000645,-0.000388,-0.009344,0.1710323303,0.2601526859,0.009265
-0.008999,-0.002397,-0.021073,1.2455631652,-0.1897653139,0.224278
0.003983,-0.009493,-0.014508,1.2640450024,-0.0868398327,0.153844
-0.010210,-0.001688,-0.007930,0.4137958870,0.1965555003,-0.095225
-0.004735,-0.012234,-0.003173,0.1035561690,-0.0065114539,0.225509
-0.004161,-0.000985,-0.006134,0.0215380530,-0.1377049980,-0.413454
-0.009859,-0.003621,0.012264,-0.2532253801,-0.3573432241,0.340746
-0.005041,-0.005072,0.000867,-0.2783872302,-0.6722128269,-0.281841
-0.014231,-0.018878,0.034565,-1.0098826043,0.0194120197,-0.115694
0.005371,-0.003634,0.027215,-0.4460580659,0.1359267667,0.097609
0.007262,0.008537,0.004252,0.2038601392,-0.5805638812,0.674333
0.000034,-0.004727,0.007770,-1.3424881230,0.6150143624,0.731218
0.004538,0.006450,0.007714,-0.6676602479,0.5469425284,0.800941
-0.014035,-0.010120,-0.002011,-0.2804876294,0.2119831750,0.382426
-0.004233,0.004631,-0.034547,0.0435455080,0.1106910323,0.450048
-0.018824,-0.005226,-0.001906,-0.1668010583,0.7487580922,0.392352
0.000960,0.003207,0.003178,0.2758503336,0.6855027931,0.301924
0.001701,0.007083,-0.010332,0.9787448779,-0.1394421439,0.316062
0.001685,0.000521,-0.005924,0.1157506694,0.1104640405,0.266458
0.008749,0.003627,-0.018289,1.0450752993,-0.5195524839,0.194425
-0.000659,-0.005764,-0.024447,1.4960420374,-0.5948751809,0.137996
-0.002109,-0.006651,-0.025658,0.6292236939,-0.3291425929,-0.383065
-0.019933,-0.009677,0.019364,-0.4233926568,0.6255744070,-0.154233
-0.010135,-0.000496,0.004875,-0.0573621220,0.1207678903,-0.104468
-0.002950,0.004250,0.011647,-0.5060889610,-0.0725157937,0.068484
0.002197,0.000584,-0.004024,0.0026493759,-0.5063531463,0.504201
0.003569,0.010595,-0.001956,0.7991611353,-1.0201243102,0.253991
-0.009003,-0.012250,0.012934,-0.3151313357,-0.2740754845,-0.013584
0.008992,0.008452,-0.011068,-0.0245226948,-0.2313565534,0.353590
-0.022205,0.001825,0.028771,-3.0495115514,2.2556610547,0.054186
0.004176,0.007602,0.000359,-0.1538971870,0.5296202530,0.321652
-0.006784,0.000118,-0.002819,0.0440487643,0.1102826978,0.302630
0.008716,-0.000841,-0.013388,0.4179618928,0.1826852340,0.452529
-0.004489,0.008593,-0.020423,0.4421568276,-0.0552679097,-0.150783
-0.001098,-0.003683,-0.013694,0.2705198155,0.1078560650,0.027086
-0.010145,0.002708,-0.012121,-0.1032158650,0.1867588777,-0.132375
-0.011202,-0.000178,-0.002724,0.1627575292,-0.1855196902,-0.150636
-0.003475,0.007273,-0.006541,-0.1558175620,-0.2306759341,-0.134916
-0.007194,-0.003982,0.019580,-0.0497406501,-0.1625133331,-0.510788
-0.000212,-0.009365,0.017732,0.1490845024,-0.9972100673,0.016310
-0.009689,0.002068,0.026516,-1.4040476557,0.3626381241,-0.060703
-0.010138,-0.004031,0.021937,-1.3154481924,0.4605708960,0.588787
0.006520,0.005271,-0.019635,-0.4219485092,-0.2412062562,0.604523
-0.011953,0.003161,-0.003758,0.0626722002,0.5483094350,0.361612
-0.003659,0.001290,-0.013428,0.2126140097,0.2771142672,0.259942
-0.009741,-0.003480,0.001435,0.1987738701,0.3033364423,0.004292
-0.012771,0.001185,-0.011317,0.7408525381,0.4316602369,-0.021334
0.000211,0.011866,-0.010690,0.0307007134,0.4690631955,0.364435
0.014424,-0.002846,-0.022405,2.0416682348,-1.4011668851,0.212563
0.004669,0.000420,-0.008458,1.1147098967,-1.3014398232,-0.356100
-0.005320,-0.006959,-0.003767,0.9134533134,-1.0126904509,-0.233576
-0.002667,-0.002413,0.006319,-0.1953586312,-0.5147870749,0.072347
-0.016086,-0.007284,0.032848,-1.0788849540,-0.1785415559,-0.187743
-0.003964,-0.003788,0.025266,-1.3765764463,0.6730636545,0.383871
-0.003514,0.003870,0.019564,-0.5884640372,0.1427163892,0.135462
-0.009488,-0.002557,0.008010,-0.1465608586,-0.1045368534,0.311785
0.005453,0.015174,0.011696,-0.1512932718,0.2293623663,0.304603
-0.003255,0.009981,0.007833,-0.6947937490,0.3994119260,0.543262
-0.004942,-0.005508,-0.014370,0.1511986863,0.1357358067,0.227157
-0.003783,0.010438,0.001747,-0.1782458214,0.6189551812,0.017993
-0.002838,0.004244,-0.002891,0.4733403905,0.5725996057,0.530110
0.006766,0.001503,-0.034156,1.6539675135,-0.3344102326,0.610782
0.000195,0.003735,-0.028517,0.0777749243,-0.1789698795,-0.416024
-0.011386,-0.010737,0.014476,0.4524699493,-0.6862650588,-0.264067
-0.004282,-0.011364,-0.008507,0.4485600988,-0.6489071186,-0.294803
0.000257,-0.003657,-0.002724,-0.1215239915,-0.2632717276,-0.264168
-0.010125,-0.005997,0.019452,-0.1807377823,-0.2667290218,0.306904
-0.007745,-0.000791,0.007862,-0.0881188721,-0.0954643635,0.171424
-0.012397,0.005107,0.008765,-0.6096107896,0.1560351396,0.203914
0.001298,0.005754,0.007442,0.1077567278,0.0262101273,0.347064
-0.002270,0.008156,0.001022,0.2543867548,-0.2536812159,0.144265
0.002519,-0.006342,0.006021,-0.4143339551,0.0610605385,0.455310
0.014844,0.012516,-0.022655,1.2351444043,0.0730068628,0.476534
-0.007742,-0.010731,0.002738,-0.1138494353,0.1373489936,0.083842
-0.002710,-0.000316,0.007902,-0.1890208119,0.2367683501,0.354299
0.003714,0.013014,-0.011708,1.2874323655,-0.4391097317,0.024785
-0.003895,-0.006217,-0.009659,0.3108349048,-0.1071001520,0.411440
-0.006367,0.010871,-0.020908,0.3966240975,0.1305630883,0.066711
-0.021476,-0.009076,-0.008721,0.4946489551,0.3806811221,-0.152415
-0.006774,-0.003270,0.000894,-0.5820528178,-0.3099950532,-0.463291
-0.005546,0.008629,0.000434,-0.1685818186,0.0755577250,-0.056699
-0.002303,-0.006723,0.010541,-0.2378485542,-0.3607777804,-0.503603
-0.006793,-0.005499,0.009418,-1.1961671400,0.1689437392,-0.239113
0.000205,-0.008341,-0.000659,-0.1456273764,-0.8044040149,0.105083
0.002988,0.003256,-0.005176,0.0466976739,-1.1445932563,0.215517
-0.011523,-0.009388,0.013731,-0.9681556127,0.6368332891,0.357253
0.001547,0.006020,0.013465,-0.8033232370,0.0261073386,0.613073
-0.017251,0.004214,0.011962,-0.6317531724,0.8083534076,-0.057247
-0.006383,-0.000542,-0.005461,0.3458948950,0.3951195323,-0.279471
-0.007269,0.014298,-0.024956,0.6032389394,0.1017204922,0.070821
-0.007860,-0.002938,-0.025468,0.9352007271,-0.0483708254,0.099523
-0.007814,0.008518,-0.015053,-0.1008132636,-0.2733676947,-0.209759
-0.024991,-0.004110,0.016229,-0.7625270276,0.4566084460,-0.379579
-0.001952,0.007247,-0.008714,0.1727036356,0.0047194715,0.230968
-0.001066,0.008317,0.016295,-0.3642672927,-0.4069734584,0.056070
-0.012137,-0.007964,0.007547,-0.4872333424,-0.1635129041,0.205992
-0.004867,0.008731,-0.000456,-0.8859245115,-0.1180262655,0.418293
-0.013224,-0.000204,0.024875,-0.3686232300,0.1084998368,0.245594
0.001042,-0.002951,0.001993,-0.1344739805,0.0771582334,0.277694
-0.007791,0.007920,-0.001565,-0.1000599380,0.2682011036,0.166599
-0.004755,-0.002567,-0.039503,0.6841544567,0.1495022792,0.241147
-0.005894,-0.000112,-0.031655,1.6956030975,-0.5372192856,0.098058
-0.029626,-0.014663,-0.017741,0.6960983773,0.0903077566,-0.262412
-0.018236,-0.007205,-0.017222,0.5531322803,0.2734052128,-0.130662
-0.034179,-0.009812,0.015274,-0.5631836087,-0.0001226242,0.100399
-0.028451,-0.019958,0.004606,0.0419311505,0.0174768831,-0.088079
-0.032567,-0.015162,0.003234,-0.2551820296,-0.3295942405,0.095452
-0.037172,-0.025229,0.008233,-0.4957702756,-0.0799513062,0.673532
-0.019930,-0.019029,-0.012148,0.2540176619,-0.7782645036,0.439416
-0.046449,-0.016055,0.017769,-1.2428388633,1.2691399431,0.636372
-0.020353,-0.016619,-0.006226,1.3012755632,-0.0666606099,0.648524
-0.029347,-0.017726,0.003375,1.1609127404,-0.3342781504,0.625533
-0.029692,-0.022669,-0.011448,0.3487388426,0.4493673939,0.686580
-0.034094,-0.008833,-0.014921,0.5016574805,0.0505542442,0.534042
-0.043649,-0.031075,-0.037892,1.6213839736,-0.5163485792,0.288522
-0.032370,-0.017302,-0.063836,1.3065447442,-0.2071941207,0.499261
-0.049317,-0.023309,-0.015253,0.9322091266,-0.0202864295,0.309956
-0.037176,-0.025571,-0.001335,0.7031337276,-0.2733786593,0.322837
-0.032515,-0.022321,0.004179,-0.0279061777,0.0424930824,0.522192
-0.030184,-0.025987,0.008804,0.2775179692,-0.2865527773,0.809209
-0.024830,-0.013097,-0.020698,0.3539998630,-0.2719942515,0.888746
-0.039198,-0.026486,0.000322,0.1160720897,0.0004687566,1.003463
-0.013847,-0.013458,-0.013493,1.1599166790,-0.2052033794,0.956528
-0.019204,-0.020105,-0.014800,0.6437975302,0.5324800322,1.186361
-0.006560,-0.015096,-0.008901,-0.0842538832,1.0064299936,1.037368
0.007009,-0.003828,-0.025002,0.7519549595,-0.1310198052,1.210684
0.012468,-0.008417,-0.068750,2.7323296792,-0.4195521725,1.490168
0.014470,-0.002321,-0.031511,0.9523954640,0.0654233326,0.843196
-0.005553,-0.011742,-0.014229,0.8740433508,0.1102534916,0.669295
0.026559,-0.001737,-0.012515,1.1063878353,0.2194659435,0.922348
0.028132,-0.002393,-0.013671,0.2716925619,0.2140973212,0.637758
0.042617,-0.010432,0.000539,0.9342098893,-0.7685790068,1.166740
0.051460,0.000453,0.007042,0.2989775396,-0.5803857111,0.745150
0.056164,-0.013367,0.004169,-0.0727805633,-0.5784896334,1.247750
0.061009,0.000285,0.013226,-1.8064469752,0.5930420578,1.473851
0.058924,-0.001665,0.023375,-1.5571808259,1.0297196930,1.680698
0.092553,0.008488,0.019059,0.1346140734,0.2413924146,1.840208
0.095720,0.004257,-0.008944,0.2559932937,1.0715093912,1.723366
0.117263,0.005396,-0.023488,1.7084663974,-0.1104253966,2.038120
0.115582,0.007566,-0.029768,2.0162590588,-0.4975968690,1.660702
0.113728,-0.015425,-0.011311,0.7422050251,0.0757108131,1.303438
0.111844,0.000311,0.001960,1.0636888700,0.0927011663,1.327770
0.100109,-0.009214,0.006746,0.3477594564,0.1806370473,1.314106
0.118848,0.003420,-0.005954,0.4296223404,0.2362977216,1.279404
0.103657,-0.002272,0.020716,0.0594722699,0.0549889932,1.499120
0.107560,-0.009152,0.021977,-0.4253423142,0.2401675011,0.991685
0.113383,-0.001829,0.016282,0.6916883551,-0.3260726260,1.160448
0.095973,-0.010764,0.023267,-0.2276374177,0.5808244269,0.522266
0.106316,0.004132,0.001813,-0.1002759452,1.1424329682,1.265210
0.096088,0.005347,0.004944,0.7795906823,0.5527466709,1.148700
0.095668,-0.006746,-0.009620,1.4534511151,0.2558151776,0.899645
0.090147,0.011547,-0.002720,1.2251258330,0.7408501884,0.755592
0.079160,-0.001960,-0.008133,1.9342571117,0.4928855924,0.237354
0.084202,0.007165,-0.022090,1.7201385962,0.6614294447,-0.058821
0.076856,0.020170,-0.024903,2.1243647782,0.7506357297,-0.367229
0.085676,0.022550,-0.028491,3.0145147692,-0.6857932596,-0.477483
0.084048,0.041129,-0.017839,2.4915458375,-0.4207820200,-0.920193
0.072133,0.025307,-0.004644,2.3473176999,-0.7929684822,-1.237417
0.082134,0.048406,-0.007086,1.4617585801,0.0940881291,-1.088493
0.082174,0.053451,0.006421,1.6760556166,0.3135914842,-1.313816
0.099334,0.066935,-0.006705,1.6325715320,0.2175308405,-0.943341
0.105400,0.084785,-0.020130,2.3166287025,0.2457926151,-1.052797
0.108410,0.085793,-0.038804,2.6160509225,-0.2565368871,-1.221501
0.125778,0.105579,-0.047696,3.2800760570,0.0121023834,-2.055428
0.127160,0.103803,-0.014504,3.0633231385,0.1667173158,-2.153655
0.157154,0.128205,-0.030792,2.8167307244,-0.2329912741,-1.590303
0.158769,0.130549,0.001199,2.3511304034,0.1664533138,-2.008774
0.192319,0.159943,-0.017006,2.9440104872,-0.8612902582,-1.815606
0.208328,0.160087,0.006077,2.3442256008,-0.8988521549,-1.965636
0.226161,0.156030,0.023152,2.0957053369,-0.7983618788,-2.374930
0.251364,0.184801,0.029526,1.6838797115,-0.9316387859,-2.092374
0.269581,0.195095,0.027842,0.3233377362,0.2005473871,-1.696049
0.289509,0.212633,0.032668,-0.0730525710,0.7557772354,-1.836511
0.306719,0.211766,0.028679,0.9827058109,-0.1296716066,-1.442441
0.345796,0.231677,-0.000774,1.3984984094,-0.6328177006,-1.294045
0.344811,0.236782,0.018346,1.5732070329,0.1543205118,-2.015666
0.385333,0.250679,0.006700,1.5047582887,0.1877218092,-0.945272
0.399769,0.261265,0.023073,1.6384445451,-0.2190828025,-1.766092
0.419927,0.260507,0.027787,1.7882531301,-0.7509047219,-1.938613
0.439881,0.275058,0.027199,1.2621526063,-0.9003815590,-1.752797
0.444168,0.278213,0.039672,0.8647774240,-0.3856615644,-2.155805
0.472456,0.281600,0.032238,0.9679267355,-1.0016477161,-1.729380
0.487181,0.279814,0.060467,-0.2450893670,-0.3570372360,-1.906014
0.489524,0.281245,0.045354,-0.4716653256,0.3340336918,-1.634369
0.522375,0.292905,0.032261,0.5885449128,-0.6290883085,-1.497202
0.519864,0.286612,0.036272,0.4223277541,-0.2875768724,-1.592764
0.532225,0.300806,0.024051,0.4390559829,-0.1838687303,-1.685059
0.530036,0.289215,0.045121,0.0726163992,0.5671932928,-2.041040
0.553164,0.294116,0.044937,0.6860572215,0.3753739646,-1.637060
0.550226,0.292419,0.019249,0.5745814994,0.5198903500,-2.031343
0.556322,0.278649,0.026270,0.8263895875,0.0725327525,-2.171332
0.562562,0.285490,0.015635,1.5082040991,-0.6754998722,-2.186655
0.544295,0.261525,0.028758,0.4303634059,-0.2426207153,-2.600248
0.551178,0.265014,0.001008,0.8241355820,-0.3343432996,-2.454163
0.518672,0.244151,0.049293,-0.4338444702,0.5538893351,-2.678016
0.528644,0.255134,0.059859,0.0803361455,0.4849602857,-2.366798
0.507512,0.244118,0.035773,-0.3996127810,0.3917083599,-2.558726
0.501203,0.223251,0.029749,-0.4957139691,0.2504522195,-2.315897
0.500931,0.221971,0.018589,0.7203868631,-0.3062813520,-2.359856
0.457383,0.190411,0.051368,-2.1424561640,1.5315290709,-2.739112
0.461797,0.202556,0.008896,0.0027879533,0.4544208768,-2.175406
0.428235,0.170532,0.021527,0.0384233381,1.3282431738,-2.434706
0.418965,0.165398,0.001964,0.8865639830,0.7274278627,-2.459410
0.386666,0.140038,0.014125,0.3914331216,0.9195520544,-2.818722
0.369568,0.105622,-0.014065,0.9765383160,0.7995779789,-3.023897
0.344375,0.106272,-0.011232,1.1737594371,0.9625309810,-3.113068
0.303551,0.080144,0.010534,0.7108341734,1.3636689041,-3.635626
0.292480,0.067762,-0.001864,0.8739683159,0.1889215274,-3.683658
0.244694,0.041260,0.019610,0.4422316251,0.3942796435,-3.546535
0.236238,0.022235,0.019590,1.2144770932,0.1979000300,-3.332861
0.194919,0.003581,0.033688,-0.0046269872,0.5644378230,-3.425613
0.174243,-0.013481,0.021166,-0.3429513976,1.1823887548,-2.786713
0.144018,-0.020247,0.013199,0.8042343545,0.6199827631,-2.899045
0.108617,-0.044290,0.005742,0.8220429015,0.5504440714,-2.950458
0.098100,-0.047222,-0.016690,1.3695650887,0.0771703178,-2.584381
0.045233,-0.076294,0.016068,0.6620455672,0.7833525592,-3.121694
0.030206,-0.075208,0.019610,-0.0072293141,1.6522744607,-2.208644
0.005686,-0.086496,0.009379,0.8145660722,1.0896458231,-2.071143
-0.005884,-0.107901,-0.026774,1.5778315011,0.9640863257,-1.224848
-0.031097,-0.105386,-0.040958,2.5724610834,0.5328012969,-1.537557
-0.074481,-0.128935,-0.024621,1.6519972513,1.3265111732,-1.557751
-0.089403,-0.127907,-0.002458,1.4682957288,0.5704788029,-1.250902
-0.108667,-0.138992,-0.017180,1.5877940356,1.4235979416,-0.980140
-0.124564,-0.138398,-0.019008,1.8571398172,1.2974805202,-0.768154
-0.140435,-0.147608,-0.023557,1.4185945460,0.8617238290,-0.840496
-0.149822,-0.158089,-0.027417,1.9195239225,0.6337389600,0.264206
-0.173824,-0.148413,-0.006357,1.4105263899,0.3202813726,0.068730
-0.182263,-0.165393,-0.012111,1.4651755032,-0.2129495865,0.443633
-0.183031,-0.159599,-0.019970,1.6212785282,-0.1475052159,1.242825
-0.205818,-0.161621,0.026867,0.5701970703,0.6131522961,1.527534
-0.199926,-0.150934,0.010170,0.2716342699,0.9784503565,2.666140
-0.202939,-0.134512,0.001455,1.3378991814,0.4259833576,3.163449
-0.198938,-0.141234,-0.017304,2.0473886660,0.5088391923,3.844588
-0.207465,-0.126827,-0.021801,1.8202468750,0.5315000698,3.996768
-0.216902,-0.133284,0.002440,1.4346329129,0.3455770954,5.077104
-0.212248,-0.118946,-0.041765,1.8241867426,0.1469121207,5.192258
-0.227317,-0.115644,0.007751,1.5064905280,0.2457361356,5.554209
-0.197841,-0.094538,-0.015857,2.5609171757,0.2747106622,6.220630
-0.207643,-0.085478,-0.010628,2.0336957401,0.1158743491,6.708548
-0.191801,-0.082235,-0.003892,1.8840935842,-0.9659621859,7.053851
-0.193574,-0.064018,0.036495,0.3955735744,-0.4817904710,7.566183
-0.187003,-0.059541,0.035169,-0.2824887872,-0.0462649320,8.287601
-0.169028,-0.026217,0.039337,0.4983341439,-0.1444219435,8.670389
-0.172694,-0.023604,0.021714,0.4487570082,-0.5803380616,9.510191
-0.139584,0.000600,0.018425,0.9997042668,-1.2071414174,9.974072
-0.143622,0.016041,0.037992,0.6590475262,-0.0965962000,10.605587
-0.128838,0.031774,0.005052,0.8007169571,-0.8226415478,10.309501
-0.132048,0.044532,0.043125,-0.2443674388,0.0814591802,10.209554
-0.099847,0.081145,0.025298,1.2832399444,-0.1162552181,10.409064
-0.105762,0.098771,0.014604,0.6280010273,1.0101556866,10.389536
-0.088736,0.103462,0.061599,0.1955241810,-0.6754421844,9.907717
-0.082437,0.124397,0.014194,1.5347774715,-0.3215214410,10.395868
-0.065185,0.139103,0.038018,0.6867267042,-0.4230884574,10.337693
-0.070637,0.149252,0.066802,-0.3552942742,-1.2461457345,9.855306
-0.050479,0.168257,0.049418,0.1979594557,-1.3332261649,9.401741
-0.036053,0.199378,0.049523,0.0523851591,-0.7512742429,9.436561
-0.020238,0.207456,0.059636,0.0019465910,-1.5966244055,9.090293
-0.007795,0.233148,0.033065,0.6271534495,-1.2365003614,8.506479
0.006418,0.243698,0.032966,0.3841506432,-1.2186955683,8.408856
0.015261,0.263829,0.040050,0.2912884413,-0.7574376200,7.434982
0.025470,0.270945,0.076757,-1.3686123911,-0.3715061972,7.145264
0.046280,0.295465,0.046480,0.2031682421,-0.3848502822,6.540970
0.047738,0.290157,0.004947,1.5594867970,-1.1445396338,5.760282
0.078110,0.327328,-0.017212,2.1116257145,-1.7165949760,5.360740
0.063260,0.332071,0.005614,1.2849962427,-0.4409052202,4.104179
0.093508,0.334024,0.030872,0.9047102049,-1.1427379591,3.572969
0.107622,0.345059,0.008450,0.9615473367,-0.6459171589,2.647266
0.123857,0.335366,0.007908,0.9571914078,-1.0434078492,1.938545
0.143060,0.369855,-0.016021,1.4489372601,-1.0093810485,1.585574
0.141432,0.345926,0.012786,0.5803300390,-1.4545508873,0.738656
0.163384,0.354726,-0.017623,0.8631738184,-1.5542810907,0.116706
0.154499,0.354523,0.022673,0.1042327206,-0.9210796321,-0.702370
0.185170,0.367288,0.006809,0.7925503757,-0.5718344817,-0.507643
0.191702,0.369399,0.003030,0.3185241371,-0.1733160111,-1.171043
0.209847,0.375209,-0.042366,1.3370000416,0.7481420018,-1.183067
0.199639,0.362752,-0.025061,0.7455117312,0.0628481961,-2.366117
0.216071,0.342709,-0.059526,1.4892772727,0.1179219030,-2.745582
0.225317,0.344373,-0.032577,1.5405326528,-0.7230911746,-3.860085
0.241884,0.330581,-0.092229,2.5246731368,0.2304221455,-4.219889
0.248849,0.329241,-0.056845,1.7822903608,0.0488274587,-4.759489
0.259396,0.309333,-0.032387,1.5098297659,-0.6281881346,-4.856721
0.286591,0.309291,-0.103025,2.7347122448,-0.1976294479,-5.642021
0.270855,0.284905,-0.023347,1.0472687413,-0.0484193309,-6.548457
0.307241,0.279013,-0.076854,2.0636634775,0.2013719927,-6.526674
0.302379,0.262145,-0.015893,0.9950538359,0.1834058001,-7.077175
0.341316,0.264213,-0.049833,2.1153082545,-0.3190866296,-6.633657
0.329502,0.245178,-0.035601,0.6716257168,0.7269118652,-6.902863
0.364230,0.238623,-0.033024,0.6822667610,1.2369066944,-6.983210
0.376736,0.209134,-0.021516,0.3706982689,0.3154282361,-7.331338
0.386200,0.207108,-0.040679,1.2708617733,0.2901971608,-7.076709
0.396490,0.189856,-0.024874,1.0227484440,-0.3924737317,-7.318070
0.410385,0.174537,-0.080708,1.6330588126,1.3569008352,-7.603139
0.425441,0.166915,-0.077901,2.0077283972,1.7949655918,-7.764960
0.438289,0.151103,-0.103603,2.2345602863,2.0526659485,-7.545948
0.458062,0.133030,-0.014468,1.3724286844,-0.6722277888,-7.950646
0.444273,0.099822,-0.057898,1.2177681715,1.4745663449,-8.535737
0.461043,0.084772,-0.028835,0.6151442707,0.3431491309,-8.280035
0.451701,0.069604,-0.017994,0.1266934695,2.0587355261,-8.166590
0.474359,0.065593,-0.024972,-0.5500626187,2.1320555971,-7.779475
0.471271,0.048934,0.012195,-0.2380252033,1.8726882544,-8.094606
0.484896,0.034324,-0.013697,0.3980082284,1.4966164735,-7.449028
0.490122,0.035171,-0.014005,0.4128499476,1.9054810852,-7.211146
0.494205,0.014780,-0.028169,0.7371784831,1.6314945870,-6.850134
0.485887,0.025363,-0.014550,0.4728582045,1.9751844349,-6.645914
0.486189,0.000475,-0.004398,0.7104436984,1.6329545815,-6.625838
0.470286,-0.008761,0.004301,0.2279755507,1.9734712367,-7.163390
0.471008,-0.030166,0.012980,1.1021600194,1.4182551516,-6.937450
0.475452,-0.025016,0.013935,0.6733975333,1.5123427415,-6.673551
0.444135,-0.032017,-0.013372,0.8814379536,2.9408433194,-7.020745
0.438512,-0.047832,0.009306,0.7257218702,1.7619391513,-7.057193
0.419799,-0.052969,0.020486,0.7860071203,1.2836002674,-6.608041
0.425504,-0.051308,0.033688,0.9475641586,1.2651752661,-5.813156
0.392571,-0.070491,0.035382,-0.6684021124,1.9048575815,-6.467681
0.400580,-0.054548,0.039584,0.0095693056,1.6524265235,-5.164937
0.371606,-0.051833,0.028830,1.3388953459,0.6851107652,-5.348029
0.339658,-0.068032,0.029861,0.4395403077,1.2313401449,-5.448659
0.330050,-0.044468,0.020404,0.3970515989,1.3484895425,-4.587856
0.286798,-0.083680,0.041724,0.5172366162,1.5294720988,-5.165726
0.283194,-0.055447,0.033160,0.6793737917,1.4097659246,-4.525349
0.238953,-0.071745,0.051341,0.3314843078,2.2721756631,-4.818829
0.235480,-0.071384,0.041560,2.3544609000,0.3874119033,-4.673549
0.199265,-0.076793,0.053964,0.6270988748,1.2246691125,-4.441422
0.169867,-0.074328,0.041271,1.2712858307,1.0178016497,-4.112276
0.152730,-0.066247,0.051847,1.5990182186,0.6676407969,-3.853430
0.124524,-0.088702,0.053209,1.5796501870,0.7886903820,-3.797737
0.092550,-0.075467,0.086070,0.8505270287,0.7259700269,-3.537955
0.067429,-0.088511,0.094758,0.7244716410,0.1194816908,-3.013225
0.045637,-0.058756,0.101855,0.5505929929,0.4396470379,-2.537820
0.005933,-0.077361,0.107294,0.5457604427,0.2618708154,-2.223143
0.006599,-0.058448,0.073235,1.4116798962,-0.9539326958,-1.723061
-0.038154,-0.067681,0.115483,0.8936199504,0.0596391567,-1.373311
-0.048415,-0.049480,0.110363,0.0646050366,0.5336812058,-1.055253
-0.079519,-0.047865,0.118841,0.6397953901,0.6680581221,0.141921
-0.079089,-0.025919,0.102899,1.2985167706,0.3639750212,0.033653
-0.101328,-0.031010,0.091535,2.4792912434,-0.5004155996,0.136702
-0.101702,-0.033179,0.100499,1.7085988070,-0.1808600565,0.923945
-0.123865,-0.024894,0.096895,1.7322171085,-0.0950359584,1.161889
-0.126176,-0.022383,0.075224,1.9684083337,-0.2895667561,1.929041
-0.145870,-0.010590,0.092828,2.0283515651,-0.3149720336,2.179165
-0.157979,-0.006782,0.105790,1.6506581326,-0.5460302484,3.134188
-0.162657,0.003870,0.081152,1.1118041304,-0.8928087581,3.364536
-0.189159,0.012739,0.107445,0.6192616675,-0.6823793288,3.740742
-0.179253,0.029013,0.094466,0.9957550192,-1.1987437148,4.802217
-0.198389,0.026036,0.107924,0.3243783683,-0.9861421852,5.135647
-0.206750,0.040108,0.112789,-1.5817797337,0.6562831348,5.529727
-0.197070,0.054685,0.097151,0.2028721197,-0.6172671812,6.778944
-0.191306,0.056165,0.089766,0.5915887368,-0.6318502506,7.279822
-0.202466,0.074826,0.068407,0.9957680626,-1.0435791229,7.717193
-0.198475,0.069971,0.056669,1.4841216139,-1.2135819600,8.169287
-0.202673,0.081033,0.052352,0.8661681508,-0.6977567549,8.238789
-0.205171,0.079106,0.058960,0.9286561068,-0.5712604402,8.178005
-0.203684,0.081979,0.047041,0.7992328633,-0.8168760738,8.488008
-0.206855,0.083712,0.066546,0.8575535383,-0.9371697015,8.653492
-0.192202,0.096779,0.038087,0.3900818434,-1.2552044281,9.195196
-0.214654,0.095853,0.069887,0.3578932925,-1.2751446337,9.005474
-0.194234,0.110257,0.054850,0.0688589900,-1.6344907307,9.331650
-0.190039,0.106081,0.060460,0.8325975501,-2.0476267409,9.110542
-0.186701,0.118568,0.062400,0.4663912854,-1.5795005975,9.705832
-0.170755,0.129830,0.057693,0.6172748019,-1.8163986808,9.971998
-0.170453,0.139500,0.053252,-0.3303565586,-0.6771703441,10.160978
-0.144022,0.153562,0.023493,2.0251441818,-2.2713133845,10.351330
-0.140188,0.139228,0.003615,0.6240142104,-1.4040316830,9.881469
-0.132846,0.152672,-0.001749,0.9489395115,-1.3670785528,9.642251
-0.125217,0.143747,0.004242,1.5575275870,-1.1186470850,9.292859
-0.101255,0.151940,-0.000626,1.4892023476,-0.8997578713,9.060610
-0.094796,0.142858,0.000812,0.8414501020,-0.6224136713,8.542087
-0.065090,0.155013,-0.015259,1.3547961032,-1.0907983154,8.545658
-0.045703,0.162129,-0.017321,1.1636030825,-1.1043123413,8.236358
-0.035443,0.160403,-0.026082,1.4748769261,-1.8674642291,7.726040
-0.014678,0.167204,-0.054343,0.5704356185,-1.4119745263,7.166270
-0.012472,0.167768,-0.012535,0.2876444863,-0.6713951353,6.524376
0.016985,0.177163,-0.019339,0.1752882992,-0.6809097597,6.609509
0.034267,0.175833,-0.040406,0.1466213066,-0.8202584476,6.098739
0.057506,0.168848,-0.045044,0.2634248091,-1.2231008466,5.801882
0.077897,0.191694,-0.048218,0.2588292526,-0.9452385839,5.432069
0.082364,0.181095,-0.039031,0.1096414006,-0.6101815235,4.758530
0.105794,0.182237,-0.062638,0.2716574745,-0.6526514520,4.087215
0.109234,0.175869,-0.052518,0.4404669742,0.0378031784,3.550530
0.128020,0.170260,-0.048005,0.6868580368,0.6515790173,2.771480
0.134191,0.170368,-0.075334,0.6249106847,-0.3001509439,1.871432
0.148574,0.158594,-0.088392,1.4873902570,-0.4986645041,1.453296
0.162272,0.156516,-0.077823,1.5596569424,-1.1996189334,0.557695
0.157158,0.139296,-0.077288,1.1226857206,-0.6861332909,-0.132588
0.174656,0.145366,-0.075771,1.0229729122,-0.5893989413,-0.654959
0.188334,0.137114,-0.075968,1.3582058384,-0.8092844807,-0.611705
0.210271,0.150887,-0.087827,1.3417790358,-0.5734745375,-0.742937
0.211295,0.123386,-0.090270,1.8307672932,-0.9231480313,-1.739574
0.242957,0.134488,-0.110850,1.8936187570,-1.0490401027,-1.610866
0.238237,0.100774,-0.087887,1.8794498240,-0.2221354145,-1.994710
0.256314,0.106062,-0.098916,-0.7406615928,1.5555164901,-2.679676
0.281405,0.107230,-0.097504,1.6309770430,0.3126311045,-2.636141
0.302356,0.098473,-0.119536,2.0645999390,0.6300519917,-3.456113
0.321175,0.085501,-0.110496,2.0271615925,0.5567448734,-3.369204
0.338775,0.074563,-0.142917,2.3359361039,0.3773780152,-3.635783
0.347129,0.075620,-0.142903,2.3123847899,0.7532199427,-3.984404
0.359835,0.053063,-0.125339,1.9450834512,0.9314533625,-4.286660
0.384040,0.052771,-0.149340,1.8342616969,0.5841204534,-4.363157
0.389702,0.043731,-0.115735,1.3104565790,1.0172873759,-4.663477
0.414786,0.033881,-0.128917,1.3634062368,0.8019728735,-4.905333
0.413043,0.026896,-0.088317,0.7409525268,1.0389334224,-4.924368
0.446219,0.024293,-0.118095,1.3947071795,0.5840456966,-4.639567
0.454625,0.019176,-0.081200,1.1849035749,0.9812231937,-4.960878
0.475945,0.024096,-0.086495,0.2751628664,1.6960640650,-4.834421
0.471024,0.007188,-0.064896,-1.4121455985,3.3762540758,-4.901602
0.504761,0.012122,-0.080238,0.4933892055,2.0142831719,-4.484398
0.507939,0.003357,-0.086948,0.7786169553,1.8312621263,-4.985691
0.520058,-0.004599,-0.086409,1.7031513963,1.7027067513,-5.080869
0.522093,0.003046,-0.088182,2.0060115952,1.7800300034,-5.192692
0.534438,-0.006483,-0.076457,1.9952344379,1.6893474194,-5.079434
0.535649,-0.003450,-0.063610,1.6144286511,1.5251904490,-5.483348
0.551917,-0.005751,-0.073119,2.8066414787,0.4449976397,-5.468491
0.551930,0.010264,-0.056198,2.8555910262,0.4600667430,-5.675354
0.547220,-0.022183,-0.036306,1.9701016493,0.7529261526,-5.821068
0.548986,-0.007741,-0.024447,2.1883067866,0.7535005369,-5.821170
0.543081,-0.018395,-0.006476,1.8084450722,0.2395027478,-6.163725
0.550555,0.002947,-0.004079,0.6676799977,1.3476336792,-5.535256
0.545427,-0.008151,0.025929,0.4256383611,1.7116412671,-5.188043
0.569212,0.014836,0.008246,1.6283855112,1.1098984397,-4.556131
0.528917,0.010546,0.073110,-5.1659715889,5.8071527376,-4.761707
0.574310,0.022996,0.033830,1.3725927685,1.5770064132,-4.388188
0.566235,0.025140,0.036094,1.3486693008,1.4508377516,-4.540608
0.567016,0.031176,0.035152,1.5624378460,1.4024797329,-4.421134
0.561252,0.051977,0.028026,1.2023530372,1.8501945490,-3.846964
0.562427,0.047808,0.029188,1.7518632688,1.0148701895,-3.774731
0.557162,0.070999,0.016360,1.3711564862,1.3775666992,-3.919926
0.533936,0.069833,0.041320,1.6199217139,1.0745587127,-3.834705
0.524738,0.080741,0.046319,1.4610889844,0.8589303553,-4.167203
0.498850,0.096703,0.066756,0.7875105860,1.0946003464,-4.000807
0.496404,0.095207,0.071591,0.7047775840,0.7343285835,-3.890974
0.467860,0.100751,0.088617,-0.1842814754,1.2610031218,-4.196819
0.454960,0.105077,0.096993,-0.7122899290,1.9050976533,-3.390468
0.437077,0.128898,0.091732,0.0380518635,1.3574117608,-3.499216
0.417153,0.126787,0.101454,0.9711809865,0.7255428120,-2.956758
0.395020,0.148894,0.089057,0.8361123861,0.5365071335,-3.326220
0.355312,0.149370,0.109395,1.1184442860,0.8143743289,-2.973513
0.351924,0.168704,0.111738,1.5131563377,0.5822956566,-3.415359
0.321916,0.176411,0.118014,1.3283411140,0.8682082993,-3.163337
0.310697,0.179398,0.097699,2.4080984448,0.4900188560,-2.919607
0.291144,0.193874,0.105118,3.2820536509,-0.4358923235,-2.868240
0.253139,0.188461,0.111400,2.5993856917,-0.3714739134,-3.465904
0.241031,0.208428,0.093990,2.6198591951,-0.5671087654,-3.468281
0.204294,0.209905,0.129106,2.2903201624,-0.6031071132,-3.539238
0.212871,0.226268,0.118621,2.3138711531,-0.4028676007,-2.824290
0.190885,0.234510,0.127628,1.9374011969,-0.6910346923,-2.836124
0.193333,0.231904,0.127382,1.8945526634,-1.2908805294,-2.286522
0.175549,0.259207,0.122823,1.6636310108,-1.1286845642,-1.707704
0.168197,0.260002,0.109355,1.6278506412,-1.1667559822,-1.089211
0.151079,0.276378,0.111095,1.5771069808,-0.8724645803,-1.259051
0.140476,0.264495,0.114177,1.3197307807,-0.9948292355,-0.904771
0.130849,0.270345,0.090691,0.7183596799,-0.5683965364,-0.411756
0.114883,0.262956,0.116675,1.3229200495,-0.6311512599,0.063706
0.116659,0.270128,0.100630,0.6021045851,-0.9907622672,-0.081001
0.080516,0.259673,0.128873,0.5134518272,-0.5184373480,0.521067
0.087974,0.258994,0.102114,1.9673875463,-1.4165748116,1.124813
0.064888,0.238994,0.137203,0.9497270994,-0.7969784105,1.237052
0.061228,0.225661,0.138208,0.8470329044,-0.4572099738,1.229444
0.053941,0.221413,0.145432,0.5246845265,-0.7432937422,1.755858
0.045614,0.202467,0.143778,0.8238098917,-1.2856054118,2.632335
0.032084,0.195308,0.154367,0.7029205855,-1.4442778322,2.854678
0.014231,0.172285,0.156635,0.7096081105,-1.5088206992,2.868996
0.018606,0.166665,0.154955,0.4445781867,-1.5959659928,3.497498
-0.006449,0.150926,0.163016,0.7780665525,-1.4571711993,3.807892
0.008709,0.160833,0.151446,1.0952019228,-1.2180866252,4.856523
-0.010552,0.140593,0.140561,1.1402135176,-1.2869342561,4.769377
-0.006114,0.119855,0.123558,1.6921226966,-1.4317055168,5.300653
-0.011773,0.121085,0.104891,1.4752410778,-0.9496274998,5.471531
-0.015640,0.100301,0.099498,1.9476226997,-1.3304625301,6.015589
-0.017409,0.091721,0.071834,0.8792775532,-0.5140066038,5.806225
-0.025697,0.079720,0.078569,1.3678042220,-0.5909215928,6.060624
-0.003337,0.062576,0.055966,2.0102991858,-1.1767236717,6.484952
0.008608,0.061988,0.025151,2.9146741846,-0.9446502247,6.645916
0.011083,0.040971,0.019236,1.5398911535,-0.6485162840,6.989641
0.003494,0.035870,0.026510,1.3035497979,-0.1972435199,7.000289
-0.009728,0.016517,0.024320,0.4189679724,-0.3017601851,6.651149
0.005906,0.016980,0.004337,0.0435246045,-0.4376491736,6.936150
-0.001213,0.001811,0.028932,0.1064640005,0.1456250581,6.897845
-0.003419,0.005911,0.022656,-1.1162242561,0.6309908758,6.833151
0.001810,0.002432,0.016226,0.0483466892,0.0954529221,7.135418
0.004111,-0.012776,0.031850,0.1039503373,0.3002392657,6.980401
-0.000380,-0.014588,0.016971,-1.2895103988,1.1972364724,6.982742
0.005361,-0.028380,0.007478,-0.3350665524,0.3450537073,6.330436
0.004265,-0.026749,-0.000101,0.1952290557,0.1430806436,6.399055
0.007328,-0.035661,0.001379,0.7351199358,-0.1107669215,5.677293
0.015343,-0.025062,-0.027660,1.6321209366,0.3037803863,5.331885
0.014792,-0.034203,-0.031875,1.3828743270,0.9583365948,4.628853
0.032806,-0.033078,-0.031754,2.2933940846,-0.6000009238,4.149456
0.012209,-0.033471,-0.041456,2.0304127204,0.3762679921,3.376405
0.031004,-0.026358,-0.063104,2.3446967385,-0.4237501206,3.111220
0.028788,-0.017381,-0.069013,3.5918462507,-0.8090838009,2.563030
0.045785,-0.006267,-0.089433,2.5970038263,-0.5330974255,2.106229
0.039906,-0.009263,-0.055302,2.0001970975,-0.2746450020,1.665365
0.071214,0.012978,-0.077892,1.6647114098,-0.0816912582,1.171105
0.052409,0.010848,-0.047522,0.2015620317,0.7896996799,0.625692
0.080316,0.032437,-0.076172,1.1167605606,-0.1213639691,1.035626
0.084363,0.038634,-0.074888,1.3144444059,-0.3649595053,0.612532
0.099764,0.054196,-0.091455,0.4684968576,0.4863443605,0.451027
0.107767,0.049998,-0.070371,0.7283748371,0.3260442248,0.161709
0.119193,0.057052,-0.088996,-0.1701089908,0.6043465851,-0.474161
0.119974,0.071468,-0.101889,0.8453823951,1.5151712602,-0.753691
0.149779,0.084404,-0.137343,2.0383134579,0.0196544708,-0.421324
0.133580,0.074577,-0.071766,1.1435813645,-0.1777149741,-1.484263
0.153488,0.091842,-0.100291,0.8140966256,0.7881347178,-1.690919
0.145958,0.085153,-0.043777,0.3422732258,0.9669686171,-2.062894
0.169654,0.103741,-0.059027,-0.0042065545,0.0900600339,-2.054255
0.163050,0.097744,-0.045149,-0.0926609270,1.1738725666,-2.691429
0.187189,0.103071,-0.040101,0.5653836182,-0.2827628474,-2.900031
0.185141,0.111652,-0.042494,0.2574807366,0.8411377178,-2.998915
0.203686,0.126823,-0.042139,-0.5230316507,1.5528226071,-2.920553
0.218017,0.138440,-0.046928,1.0536589902,0.6722349048,-3.187363
0.235805,0.137947,-0.038391,0.3916006278,0.8425141837,-3.153563
0.244165,0.153060,-0.082047,1.3618002564,0.9269172339,-3.084143
0.258697,0.153660,-0.067470,1.8487153044,0.5265288360,-3.179258
0.258280,0.154662,-0.067828,1.8636104378,-0.0576140361,-3.918667
0.271922,0.145549,-0.085809,2.5862691418,0.0331415556,-3.427748
0.281605,0.151688,-0.067115,1.3739143793,-0.2592304898,-3.954622
0.276294,0.159332,-0.079431,1.9852728880,1.1973535089,-3.800357
0.311393,0.169268,-0.083357,3.1758045705,0.1234648710,-3.433643
0.318092,0.171550,-0.067706,2.7830890972,-0.5043622816,-3.627701
0.324529,0.160271,-0.050920,1.7002111688,-0.0415398720,-3.323385
0.327470,0.161994,-0.039713,1.0209229438,0.9813344093,-3.489388
0.330910,0.162566,-0.022438,0.4304023502,1.0660447383,-3.079812
0.355614,0.175777,-0.025668,0.7240934235,0.7386945989,-1.919588
0.350300,0.167627,0.013856,0.2185308340,0.6110705075,-1.961146
0.374117,0.168451,-0.017298,0.7218881399,1.0193649357,-2.130907
0.381637,0.177320,-0.021614,0.8646686045,1.0657039548,-1.238195
0.393241,0.155088,-0.001749,0.7903566629,0.3265038962,-1.571326
0.399444,0.179329,-0.017747,0.8717455756,1.1255896282,-0.957911
0.393017,0.176089,-0.045290,1.4827843695,1.6306378647,-1.063665
0.401089,0.188044,-0.058358,0.6398083521,1.9149805730,-0.825707
0.389311,0.172633,-0.013451,1.3807990175,1.1395560534,-1.015272
0.392213,0.183104,-0.011990,2.0701476413,0.2263168938,-0.673731
0.394209,0.179004,-0.000758,1.6022944453,0.9147973880,-0.949495
0.379395,0.173112,0.018911,1.0233775371,0.2962998895,-0.633646
0.380478,0.169974,0.032549,0.9529962343,0.9019098972,-1.097786
0.353405,0.166833,0.036094,0.7813158453,0.4545687408,-0.924513
0.363922,0.175715,0.018002,1.3844677801,-0.1315814635,-1.211309
0.352873,0.177895,0.054857,1.4008553448,0.5238926313,-0.569770
0.351005,0.181269,0.066480,1.5572152609,0.0546639502,-0.439461
0.347759,0.179582,0.074217,1.9454298379,0.0467793218,-0.788778
0.350490,0.190630,0.063198,2.0618171861,0.1145121223,-0.036364
0.344339,0.200708,0.063742,1.9830029119,0.4766817950,-0.029675
0.334803,0.194159,0.053331,2.7070960104,-0.1570981690,0.137706
0.324401,0.196992,0.058858,2.2554558000,0.0047840398,-0.280161
0.302878,0.188759,0.046204,2.4136905076,0.7375565929,-0.639818
0.308616,0.207348,0.041967,2.4775358751,0.4609900133,-0.521910
0.282763,0.219309,0.086831,0.8894414883,1.0903678480,-0.382863
0.293632,0.220514,0.068958,1.7387544340,0.2986330215,-0.050191
0.282498,0.239634,0.056570,1.4263870414,-0.1310371730,-1.057684
0.273084,0.219089,0.053902,1.5409578456,-0.7403627191,-0.846255
0.253898,0.231625,0.063148,-0.1652462979,-0.0683049837,-0.852657
0.238257,0.219056,0.104175,0.1788553138,0.2477644907,-0.686024
0.240873,0.229285,0.108902,0.6871378550,0.1409416767,-0.589445
0.217998,0.236378,0.103371,-0.3051855158,0.7274171810,-0.369147
0.228249,0.227975,0.089762,0.3388250384,0.3002561815,0.079894
0.223519,0.243740,0.089536,1.6930945207,-0.2492562682,-0.199265
0.198989,0.232380,0.114190,1.6317065191,0.1126545942,-0.667633
0.207770,0.226018,0.110488,2.6143336954,-0.2449372117,-0.353415
0.183289,0.220399,0.115700,2.0574162900,0.3826075466,-0.754706
0.194036,0.226540,0.099905,3.1256612173,-0.6491779643,-0.774523
0.190228,0.228323,0.106115,2.6331943107,-0.3046436677,-0.556825
0.180483,0.217248,0.087136,3.9235626657,-1.0809421164,-0.701108
0.186562,0.216368,0.093583,3.7713133780,-1.3218396181,-1.453318
0.175559,0.197566,0.095402,2.7988636889,-0.8067278874,-0.910547
0.188912,0.205106,0.099088,2.4532313871,-1.2043245948,-0.974285
0.176902,0.202582,0.122475,1.6256826918,-0.4361769808,-0.836784
0.194390,0.209715,0.115405,1.9058477597,-0.5889248487,-0.358010
0.193366,0.198741,0.111426,1.8678901400,-0.9834573746,-0.033308
0.213264,0.197215,0.107097,1.7329484617,-0.7907692175,0.019047
0.216590,0.191891,0.103624,1.2089921974,-0.6028380881,0.618234
0.221270,0.169511,0.091325,1.8527531273,-0.8030394497,0.500700
0.225157,0.180524,0.105236,0.7934838468,0.6662103376,0.945523
0.223857,0.151497,0.097775,0.8655465471,0.3504385958,1.037579
0.242941,0.166987,0.065223,1.6645068663,0.0697064620,1.430622
0.234459,0.137402,0.080791,1.3519304326,0.3358801975,1.106810
0.249791,0.139195,0.068505,1.4983757211,0.4166068777,1.059395
0.261214,0.131924,0.067333,1.4776987341,0.9447212857,1.515494
0.266824,0.114553,0.063864,1.5800160388,0.4969380560,2.143956
0.272631,0.116966,0.063539,0.9872300249,0.3363665619,1.762973
0.285481,0.094911,0.044212,1.2479807799,-0.2449978823,1.352216
0.298362,0.103406,0.057201,0.9298945399,-0.1824834113,1.488953
0.267878,0.071363,0.059393,-0.8386794470,0.4531445865,1.299451
0.290313,0.088228,0.043500,0.7868317861,-0.4129773694,1.301056
0.273852,0.077383,0.055339,-0.6730804570,0.9366344509,1.375226
0.297942,0.079126,0.017312,0.5131194294,0.0771089220,1.441749
0.269919,0.065359,0.031873,1.0394242339,0.3997675837,1.378650
0.277000,0.073467,-0.007070,1.0808395987,0.3752270998,1.152336
0.261208,0.051855,0.011712,1.7864732292,0.6816143993,0.968890
0.264119,0.066896,-0.005520,1.5641198017,0.7675549657,1.207563
0.252220,0.046029,0.013954,1.7878889558,0.9356325098,0.538890
0.254873,0.046781,0.010038,1.9557448151,0.7589333864,0.600764
0.243210,0.047017,0.007173,1.9854554960,0.3840917952,0.649052
0.251951,0.036376,0.019397,1.9314561367,0.4336361613,0.469142
0.254193,0.033727,0.015047,1.3753212203,-0.0084057697,0.037206
0.253750,0.029870,0.008128,1.3607982593,0.3549617240,0.060892
0.252201,0.033073,-0.001319,1.0335825622,0.3798615115,-0.074161
0.242570,0.027792,-0.001293,1.2030412551,0.0892945774,0.088648
0.251393,0.046243,-0.037393,1.1234426078,-0.2202583239,0.111566
0.227579,0.046915,-0.013122,1.4320065479,0.2142000977,0.109796
0.234909,0.050963,-0.018302,0.8716717229,0.7570657116,0.240795
0.219731,0.051934,-0.016464,0.9705612803,1.2932234493,0.006573
0.233366,0.059494,-0.039648,2.4847992454,0.4283585397,-0.089366
0.228209,0.065143,-0.046676,1.8331586900,0.7937499893,-0.225026
0.210721,0.055440,-0.051724,2.1649963133,0.3224176128,-0.757953
0.223831,0.074028,-0.075407,2.8537991967,-0.3376027967,-0.694612
0.196780,0.066541,-0.026259,1.8187560808,1.3080239386,-1.427676
0.219905,0.075098,-0.038863,2.0923638829,0.8107245532,-1.525148
0.220578,0.101456,-0.030923,0.9952144113,1.2356979249,-0.987576
0.216265,0.089085,-0.046232,2.1741912788,0.1769917602,-1.567836
0.224641,0.110936,-0.037485,2.0724857115,-0.1933694497,-0.668599
0.227317,0.111061,-0.037563,1.6562371025,-0.3634691891,-1.389459
0.236291,0.123311,-0.037603,1.7161866720,-0.4680674888,-1.712457
0.232657,0.126328,-0.023584,1.8845356131,-0.1107505694,-1.228875
0.248416,0.153076,-0.046669,2.2163615037,-0.0207092676,-1.467141
0.232115,0.160179,-0.030204,1.4543320561,0.6357850122,-1.348173
0.244950,0.166948,-0.029932,1.8742521740,0.5627639915,-0.924400
0.232762,0.178226,-0.038092,1.9177555027,0.3563639672,-1.831647
0.253606,0.179247,-0.044496,2.7168536074,0.2399804848,-1.064097
0.265239,0.193148,-0.038663,2.7061660406,0.1332050760,-1.368914
0.268944,0.190430,-0.022326,2.1667753479,0.1465849911,-1.530552
0.273996,0.204194,-0.014170,2.2561911182,-0.1589763516,-1.169693
0.278644,0.197271,-0.000482,1.8830058419,-0.3195702109,-1.583487
0.309909,0.221512,-0.001778,3.5972774177,-2.1856907437,-0.920917
0.296478,0.213201,0.006047,1.9700037558,-0.6133814038,-1.303942
0.332483,0.236381,-0.012958,1.5132903145,-1.1039042886,-0.762779
0.333172,0.223396,0.027163,1.3798369150,-0.4561603571,-0.878846
0.351448,0.243041,-0.002021,0.2305113633,-0.0020446071,-0.223300
0.351255,0.242047,0.012937,0.4733543097,0.1182677144,0.265573
0.374455,0.251448,-0.010579,1.1663286411,-0.5080755352,0.552616
0.371219,0.248730,-0.003551,1.3731441574,-0.0719425532,0.312660
0.387214,0.253683,-0.015463,1.3453083043,-0.2441396652,0.643747
0.371501,0.245647,0.010895,1.2051708749,-0.0531248128,0.495571
0.390398,0.259841,-0.006594,1.3362783278,-0.2556520432,1.247174
0.388862,0.250811,0.035523,1.0796764128,0.3185724026,0.617465
0.396848,0.252268,0.029372,1.3060210783,-0.7631491366,0.616375
0.386708,0.240481,0.055792,0.8724680601,0.1806390081,0.670949
0.397133,0.245388,0.052342,0.7610423510,-0.2084559814,1.092135
0.383157,0.229580,0.080903,0.0096693720,0.1912118435,1.198509
0.398164,0.227676,0.084287,-0.4004018928,0.9771675781,1.234987
0.393326,0.232120,0.076409,0.2459615267,0.0294878609,1.345769
0.399851,0.225995,0.069927,0.7866629856,0.1114222594,1.805672
0.381132,0.223488,0.057207,0.6604948494,0.0739846372,1.879884
0.382701,0.208379,0.048354,1.1039870361,-0.1236043626,1.656780
0.378532,0.207197,0.046815,0.7193571560,0.5019811429,1.105127
0.357262,0.189839,0.047829,1.2851009133,0.2953360747,1.394779
0.355857,0.196831,0.048348,1.6267131806,0.5898018782,1.365339
0.338929,0.173943,0.036213,2.1644746331,-0.5651119637,1.104595
0.342576,0.180268,0.043614,2.2306727657,-0.8784654348,0.423505
0.316152,0.158115,0.066943,1.6625807252,-0.3824557122,0.477305
0.321112,0.158614,0.045394,2.0800062153,-0.8238535550,0.867002
0.296451,0.148031,0.090071,1.3896619319,-0.0422689286,0.666186
0.303574,0.146226,0.070439,0.6576279615,0.8087430417,0.753532
0.292929,0.145320,0.066775,1.4609905125,0.3443417970,1.215528
0.298519,0.136608,0.041291,2.0720898528,0.1057949030,0.868072
0.280252,0.129009,0.024081,2.2750694252,0.3968778351,1.180107
0.287753,0.126708,0.016961,2.7368518919,0.4728245295,0.978047
0.280374,0.131208,0.022118,2.4720161504,0.5239175696,0.838543
0.284034,0.115935,0.019676,2.3193380971,0.8802674241,0.495526
0.277091,0.107345,0.017191,2.0731378212,0.3432960374,-0.385750
0.262997,0.097852,0.037611,2.2293015497,-0.1022184505,0.742880
0.272640,0.102973,0.040545,2.2513396439,0.1681846484,0.082378
0.271236,0.089348,0.048203,1.3698944148,0.1737787274,-0.162206
0.259770,0.086216,0.052454,1.8541294607,-0.1355095703,0.090755
0.250957,0.073559,0.064609,0.8810332630,0.9496203747,-0.083638
0.265747,0.091829,0.051949,1.5634212862,0.2950391014,0.535187
0.262521,0.090355,0.046821,1.4823300438,0.6507649494,0.815682
0.261516,0.095069,0.053331,1.0798009764,0.9582461532,0.010732
0.260433,0.088478,0.041560,1.8076196530,0.0813430798,0.315014
0.259951,0.093014,0.035228,1.9610278981,0.2028959545,0.511911
0.250589,0.086134,0.045768,1.7426286196,0.4379533078,0.295372
0.265616,0.093982,0.019873,1.8430409512,0.3868945679,-0.269253
0.247917,0.091832,0.025958,2.4303286650,0.5474027268,0.006813
0.258145,0.105175,0.009700,3.1955291907,-0.5095330846,0.159164
0.243982,0.094274,0.037148,2.5285572650,0.5666916529,-0.120625
0.246315,0.097445,0.027468,2.7503022900,0.4098273024,-0.592164
0.248620,0.103403,0.027035,2.5756329068,0.3141230562,-0.828223
0.253944,0.102238,0.043795,2.5928494460,0.3444809768,-0.332825
0.261986,0.110119,0.042984,2.3125226873,-0.1006972120,-0.548389
0.264162,0.116854,0.038884,2.4114923564,-0.1946827166,-0.425659
0.262645,0.127417,0.052031,2.1833605376,-0.5163766176,-0.142690
0.268977,0.125136,0.048495,1.7211910173,-0.1475817085,-0.011333
0.285675,0.146327,0.042098,1.6586079529,0.3247572442,-0.540931
0.281926,0.149836,0.057174,0.6054261382,1.3219588316,-0.524805
0.305928,0.159112,0.005384,1.9937506308,-0.0861006098,-0.390362
0.303305,0.162891,0.036515,2.0516154647,0.5970382224,-0.465895
0.329177,0.172177,0.004176,3.8046837562,-0.2372804276,0.139916
0.339002,0.177028,0.006198,3.5766516944,-0.5045635443,-0.382192
0.347211,0.173828,0.020240,2.5946326433,0.0442015652,-0.654047
0.351655,0.182956,0.031630,1.9833402423,-0.0612639317,-0.372368
0.373933,0.189596,0.028456,1.4456570483,-0.0993025421,-0.002049
0.386282,0.199641,0.031095,1.8805226540,-0.3999332185,-0.088459
0.384778,0.195466,0.032290,1.7867269179,-0.5373461990,-0.380055
0.409965,0.219037,0.013485,1.6865860709,-0.7992052339,0.445108
0.397971,0.215380,0.041379,1.0124870333,0.2128649836,0.380483
0.420705,0.225753,0.047353,1.2692711536,0.5914681266,0.360467
0.427634,0.224594,0.041405,1.2895018637,0.4090527444,0.394125
0.444624,0.234819,0.023963,2.4120231864,-0.1359712922,1.190488
0.447197,0.243517,0.024189,1.6563300176,0.3209097446,0.641401
0.439858,0.223964,0.019981,1.7584966934,-0.5005503820,-0.216172
0.460104,0.242440,0.027714,1.7693450361,-1.0620445013,0.034508
0.444496,0.236850,0.052050,0.6119122853,0.5201531680,0.234829
0.473792,0.256903,0.034906,1.1160904046,-0.2980827135,0.672677
0.459257,0.249540,0.057532,0.3531731668,0.4346678688,0.541582
0.472160,0.256680,0.035766,1.0728531537,0.0630921713,0.236033
0.467026,0.263376,0.040171,0.7555406737,0.5522328341,0.331687
0.475160,0.258669,0.022282,1.2860321302,0.2501149897,0.177160
0.466544,0.265890,0.026546,1.1108212408,0.4899768272,-0.238798
0.465969,0.268247,0.023372,0.9785855647,0.5815259176,0.023508
0.462461,0.279611,0.013259,1.6255077733,0.7364600514,0.001040
0.443961,0.270256,0.000414,1.9038074325,-0.2330447991,-0.271390
0.434868,0.268493,0.001471,1.5561501707,-0.1668208401,-0.508520
0.408931,0.244784,0.028148,1.3223396902,0.3870015284,-1.640794
0.422270,0.258623,0.015619,1.1301139243,0.7676507351,-1.253574
0.408182,0.262913,0.034854,0.8051710505,0.7504011683,-0.936025
0.400449,0.252061,0.033186,1.1776477708,0.0316377724,-1.378869
0.392705,0.262775,0.035349,1.6217602562,-0.3707248386,-0.977922
0.372591,0.244115,0.032707,1.3273699999,-0.1553557198,-1.567491
0.368195,0.258895,0.032083,1.2204615660,0.5842094410,-1.814918
0.352830,0.245707,0.033688,0.8978332780,0.8241748543,-1.297186
0.344775,0.254228,0.018583,1.3418200499,0.6862385011,-1.689533
0.317984,0.235301,0.000690,2.0271038678,0.0514188913,-2.628166
0.312361,0.240487,-0.024407,2.7474397338,-0.3545367902,-2.321009
0.271961,0.215731,-0.005550,2.7589113412,-0.3001293835,-2.546720
0.280883,0.231044,0.007216,2.0362760388,0.4763035574,-2.424074
0.259872,0.227125,0.024612,1.5861187891,0.1854883295,-2.608183
0.256990,0.214586,0.040138,1.8543548246,0.1879847715,-2.780702
0.255870,0.222480,0.021248,2.0491903087,0.0393797290,-1.973337
0.247179,0.208796,0.001767,2.5930199843,-0.2720116421,-2.151905
0.241254,0.209528,0.013495,3.4438107199,-0.2601948615,-1.878212
0.231357,0.185362,0.010997,2.6347556979,0.4493507342,-2.092246
0.235943,0.191934,0.002771,2.6899424398,0.3959869752,-1.712294
0.212595,0.172078,0.004232,2.2919493221,0.4809966742,-2.463966
0.223716,0.184305,-0.008809,2.6931467959,0.1174810827,-2.247184
0.210954,0.166679,-0.011662,3.6090155999,-0.4506736156,-2.178036
0.213064,0.164394,-0.009623,2.7035591611,-0.5846301717,-1.857713
0.192910,0.147552,0.018478,2.3750236775,-0.1127563214,-1.989779
0.210862,0.157186,0.020660,1.6208962360,-0.3366253654,-1.395266
0.209250,0.146357,0.028364,1.5961379106,-0.0638560429,-1.101127
0.207238,0.141098,0.015070,1.9940233160,-0.4267723053,-1.458525
0.201500,0.124722,0.041179,1.2667114488,-0.0104474122,-0.823971
0.207563,0.133201,0.025331,1.4416503324,0.0252196225,-0.352468
0.204861,0.121906,0.047225,1.5252555360,0.3511400828,0.080558
0.227881,0.123528,0.034082,1.7425383098,0.3936868868,0.563254
0.213396,0.105596,0.033413,1.9252223421,0.3444689124,0.148321
0.230556,0.120196,-0.003124,3.0507881830,-0.2682058638,0.649041
0.225656,0.108924,0.036780,2.6782062337,0.2755252699,0.812825
0.238789,0.110102,0.030268,2.4268367761,0.4464725980,0.787229
0.226887,0.093188,0.051965,2.2709038167,0.6643027897,0.544486
0.246545,0.097219,0.038126,2.1609256249,0.2404469738,1.193542
0.237633,0.082838,0.062797,1.5990933147,0.5594308672,1.101953
0.268518,0.107109,0.048719,1.8194236387,-0.2239678172,2.366063
0.261506,0.095486,0.059255,1.2756752934,-0.0237875778,1.836477
0.274528,0.101204,0.059075,0.9260785203,0.2131770489,2.527700
0.289817,0.096149,0.058760,1.1914737527,0.0113450756,2.710102
0.299402,0.094251,0.070074,0.8193817201,0.7777267699,2.525232
0.295112,0.117833,0.052119,0.9144173327,1.0597452796,3.318896
0.308455,0.121561,0.046611,1.1838071238,0.7323600847,3.413562
0.307369,0.127164,0.040998,0.9089357402,0.8972428828,3.439444
0.313093,0.119805,0.028407,1.2457782981,0.5586093073,3.595616
0.311285,0.134278,0.044688,1.0937204715,1.0923314260,3.695730
0.315654,0.134885,0.030692,1.2724920576,0.8633048960,3.438725
0.306486,0.146258,0.033216,1.3308382819,0.5368455209,3.413312
0.306233,0.134465,0.033423,1.5414969388,0.3059870177,3.427902
0.309112,0.156513,0.042512,1.4763512136,0.2450533117,2.828207
0.303305,0.143275,0.041829,2.0966158928,-0.0013047497,2.830482
0.285009,0.148930,0.044704,1.3937619215,0.3523684616,2.193156
0.290897,0.169347,0.066260,1.1834188350,-0.0440384512,3.118072
0.286571,0.172042,0.059479,1.1358418451,-0.3490982149,2.471018
0.274416,0.163143,0.071581,0.9433076521,-0.2665012193,2.275768
0.283069,0.176010,0.059662,1.1882140268,-0.2830829353,1.710490
0.273730,0.175840,0.078330,1.8055984198,-0.0995157989,2.008404
0.274689,0.194116,0.040733,2.0164941280,-0.4538297171,1.693752
0.254731,0.191835,0.069470,2.1143182936,-0.0610872921,1.011494
0.268941,0.207532,0.044520,2.1574405276,-0.2676113920,1.707167
0.252565,0.207092,0.052966,2.2962352580,0.0080221330,0.769331
0.270445,0.220323,0.026684,2.9141138945,-0.9489166757,0.779733
0.246059,0.222782,0.037516,2.1488307248,0.0077279922,0.547661
0.252362,0.218899,0.055845,2.1181194677,-0.4516134655,0.053566
0.238884,0.217458,0.073547,1.0634502580,-0.0363501219,-0.396611
0.267402,0.223832,0.062617,2.1810677819,-0.8011137871,0.064050
0.250628,0.225999,0.049634,1.7372407654,-0.6820647294,-0.429097
0.248620,0.235341,0.061084,0.6708111339,0.5449729662,0.254608
0.250474,0.238554,0.025023,1.4294623490,-0.4347645841,-0.172946
0.241920,0.251264,0.031860,1.7078486707,0.0148386694,-0.116331
0.249654,0.252941,0.012467,1.9428556205,0.2524766465,0.045189
0.238707,0.226389,0.025420,2.2642408493,0.2409681915,-0.476561
0.246814,0.240169,-0.014107,2.0026972868,0.0180414530,-0.631240
0.227491,0.220465,0.028029,2.2505965309,0.0246375389,-1.062054
0.244339,0.235826,-0.002176,2.3024198211,-0.3195678895,-0.821963
0.229145,0.219559,0.033961,2.4027542405,-0.6738475773,-1.207308
0.249519,0.225017,0.035878,2.5865367563,-0.6442829225,-0.981007
0.234873,0.213224,0.044235,2.4648281927,-0.7689983382,-1.274903
0.256379,0.208126,0.049099,2.2626490361,-0.4943429098,-0.896861
0.260748,0.226590,0.052116,1.5291390196,0.6520264738,-0.349928
0.272230,0.204866,0.031903,2.3527844565,0.3737682178,-0.597315
0.285255,0.205313,0.022600,3.3993684407,-0.4482411470,-0.804135
0.297246,0.185828,-0.004782,3.8515646977,-0.2276842550,-0.903050
0.325481,0.198728,0.008522,4.3549782428,-0.2290904176,-0.586534
0.316097,0.178975,0.010035,3.6959084040,0.1068511358,-0.792793
0.344083,0.179647,-0.000213,3.2950189563,-0.7136597558,-1.029161
0.357721,0.178968,0.008824,3.1564436101,-0.0844972962,-0.498860
0.397698,0.200573,-0.004726,2.8938267875,-0.3566689758,0.424448
0.398394,0.177291,0.022653,2.1748505076,0.2268775781,0.028478
0.412613,0.181807,0.016712,-0.2781210737,1.6804501698,-0.398209
0.433490,0.178249,0.017529,1.2882942996,0.8445431820,0.057410
0.478348,0.187322,0.020040,1.5496052526,0.8256390292,0.825859
0.488819,0.195689,0.020834,0.6825514187,1.4805377360,1.216995
0.512163,0.189015,0.013498,1.3794665839,1.7349222107,0.981034
0.518679,0.204121,-0.008553,1.4238840580,1.2314615326,0.954489
0.527400,0.196060,-0.012788,1.1372260015,1.5666792144,1.014699
0.546133,0.215318,-0.008018,1.4933787719,1.5551179078,1.198118
0.550299,0.211044,-0.008813,1.7085535597,1.6039335729,1.444193
0.563048,0.221597,-0.008921,1.9315506708,1.2783858993,1.192719
0.552501,0.210233,0.008210,1.3400769422,1.5418133499,0.424783
0.560871,0.212209,0.010698,1.6106806791,1.1113607710,-0.426117
0.561521,0.241170,0.045971,0.9199425098,1.0331691671,-0.089146
0.567210,0.244098,0.039160,1.8172953338,0.4334218505,0.062795
0.560484,0.250732,0.043598,1.7120204170,0.5953483458,-0.372690
0.573023,0.253433,0.065929,2.4600684949,0.1977156233,-0.562887
0.559519,0.254444,0.044793,1.9964235220,0.1524149735,-1.333946
0.563891,0.258052,0.039344,2.9590760927,-0.6858898639,-1.389997
0.568487,0.287252,0.045456,2.8338414651,-0.4978546018,-0.993636
0.548927,0.283025,0.062620,2.7531256362,0.2101614815,-1.988685
0.561587,0.295984,0.042390,3.6629159895,-0.2938274023,-1.562768
0.546698,0.308404,0.055917,2.9330989785,0.5220164544,-2.018188
0.551205,0.307075,0.042833,3.3655884368,0.0005701699,-2.375323
0.542752,0.302256,0.049136,3.2017511406,-0.5160663513,-3.391097
0.552501,0.312695,0.040621,3.5167610681,-0.6948751520,-2.914618
0.547052,0.339069,0.058674,2.3379920113,-0.0269830487,-2.897606
0.538081,0.323192,0.068522,1.4053374915,0.3467499371,-2.809528
0.546996,0.343123,0.049470,0.9761551452,0.3639263075,-2.023640
0.543540,0.345745,0.070498,1.6694414540,0.4339714186,-2.282474
0.555866,0.347941,0.025879,2.0910263319,0.3243078469,-2.496692
0.544705,0.344899,0.057086,2.3750087692,0.8332418567,-2.457549
0.551792,0.349783,0.046808,2.3735304028,0.7464732510,-2.703112
0.531300,0.339105,0.062662,1.4539106721,1.3322711538,-2.794846
0.546767,0.340572,0.067885,2.0290290278,0.8307013662,-2.789715
0.539023,0.341442,0.068312,2.0415122119,0.1557308752,-2.684589
0.541308,0.331598,0.081313,1.3833245276,0.8343643651,-3.143221
0.532045,0.309465,0.076701,1.9766831484,-0.1672763565,-3.481729
0.533079,0.313653,0.076134,1.9457815360,-0.2873735192,-2.720141
0.531237,0.310646,0.090297,1.6060658466,0.0347496466,-3.232053
0.512734,0.294162,0.077634,0.7537762819,1.1692288178,-2.729482
0.518833,0.310023,0.071975,1.5809645753,0.6060869694,-3.086366
0.515170,0.295780,0.067996,2.6502638287,0.2281516048,-2.817393
0.511320,0.289960,0.037155,3.1379119170,0.0503888700,-2.791005
0.500901,0.277615,0.051630,3.5124718229,0.2888276573,-3.001003
0.501065,0.280051,0.053849,3.0310861391,0.7324691951,-2.672552
0.495836,0.272383,0.068732,2.9270515475,0.7849679966,-2.902221
0.508983,0.265628,0.045259,3.3927755028,0.0152215495,-2.861003
0.511815,0.264387,0.046132,4.0155772985,-1.0554720973,-2.467426
0.515702,0.250876,0.041642,2.8040466535,-0.6208147294,-2.173355
0.510929,0.250702,0.064041,1.8681503338,0.0625152944,-2.185848
0.497596,0.229810,0.061688,0.8898622756,0.7031766730,-2.419849
0.499503,0.236755,0.054059,0.8329820265,1.1474951917,-1.696492
0.501791,0.228874,0.057867,1.5265918646,0.5784126719,-0.671442
0.487794,0.222569,0.042515,1.2809376970,0.5887311726,-0.405472
0.463934,0.208155,0.059055,0.8238843527,1.3305935584,-0.534998
0.467325,0.211710,0.038395,1.6465600847,0.9831697245,-0.295120
0.444571,0.208697,0.053353,0.4674202367,1.6377635984,-0.213719
0.447027,0.195741,0.041510,1.3921629603,1.3852809797,-0.195804
0.431140,0.196759,0.035779,0.8760521158,1.6772047746,-0.462561
0.418502,0.193056,0.010245,1.9551568830,0.9249850582,0.135259
0.398568,0.198741,0.022423,1.8133189859,1.2064086140,0.340418
0.376562,0.178745,0.037496,1.8378581244,1.1140896486,0.226757
0.358480,0.164276,0.031433,1.8120219158,1.1530020225,-0.183896
0.349177,0.168641,0.052622,2.2911141834,0.8995381716,0.474984
0.346013,0.173585,0.044868,2.5465946810,0.5108633737,0.636408
0.316822,0.162841,0.054040,2.5428629653,0.0639698525,0.162906
0.310933,0.167506,0.061107,2.0343919984,0.3327743038,0.414278
0.296812,0.165986,0.067537,2.7290765013,-0.5097428421,0.346489
0.292230,0.145632,0.064343,2.4110028156,-0.5503746261,0.408888
0.270622,0.139070,0.075155,1.5151140135,0.1708044506,0.756735
0.264237,0.138991,0.054460,3.0286665146,-0.8616817175,0.953385
0.262524,0.149761,0.053662,2.3300321366,0.1132760439,0.967014
0.248971,0.124440,0.057407,3.0759997287,-0.1635781858,1.119447
0.259327,0.143166,0.041054,2.6494857301,0.2062238985,1.611597
0.232332,0.131330,0.074089,2.3529885835,0.8564837763,1.313544
0.243295,0.140544,0.043267,2.8059335437,0.3107994604,1.871109
0.253586,0.144591,0.037296,2.8972209142,-0.0554561759,2.293963
0.272076,0.145021,0.045968,3.0224712459,-0.3226702377,3.550478
0.260387,0.130224,0.038225,1.9012084287,-0.3021184058,2.518735
0.249768,0.139973,0.053012,1.6237199110,0.4735773832,3.245467
0.256271,0.140898,0.050590,0.3300773614,1.0351547603,3.393492
0.266082,0.145618,0.043060,1.1302938573,0.3277883883,3.541989
0.280791,0.133086,0.051712,1.0393647259,0.1486765128,3.774626
0.266217,0.139690,0.040631,0.8603671006,0.3985015315,3.446759
0.269910,0.153188,0.049214,1.2547000422,0.4162822214,4.736918
0.268088,0.162191,0.046851,0.8268116636,-0.1065601903,4.534956
0.247720,0.164246,0.076061,0.5058787234,0.7435216513,4.377947
0.268127,0.177658,0.049956,1.3278900952,0.1624051117,4.940705
0.262426,0.176496,0.066473,0.8080740406,0.7421952946,4.610665
0.249952,0.181653,0.055366,0.4211629388,1.5481896082,4.878916
0.247720,0.191809,0.036255,2.6111147762,-0.1523285432,4.598782
0.225019,0.176749,0.034105,2.2743042343,0.2076184856,3.728509
0.225994,0.199316,0.030882,2.3990944035,0.3046293990,3.661642
0.205698,0.181922,0.042922,3.1370607835,-0.2447773366,3.039243
0.226581,0.209705,0.060378,3.1897682559,-0.2512953165,3.392705
0.208961,0.227285,0.056255,2.7795338882,-0.6456980842,3.704586
0.219311,0.232413,0.052270,3.1617519454,-1.3826129897,3.749575
0.230287,0.250312,0.048509,3.0442471663,-1.4422932372,3.693862
0.201828,0.218082,0.075100,1.8214840597,-0.2653490635,2.606863
0.219445,0.241262,0.051725,2.0577536895,-0.6637020603,3.093313
0.217903,0.249780,0.065912,2.3618199294,-0.7955158840,3.501885
0.224737,0.255600,0.034499,3.4762701312,-1.3842135119,3.383166
0.235096,0.266327,0.039945,2.3752804610,-0.7487115593,3.070605
0.249867,0.270430,0.027573,2.5881147334,-1.0231597859,3.422158
0.255664,0.277244,0.020693,2.4773935071,-1.1448425753,3.547911
0.258129,0.272051,0.044205,2.2027517459,-0.4073920596,3.437677
0.265012,0.279020,0.027806,1.5478504596,0.4164436385,3.357573
0.283440,0.282992,0.010741,3.7015879231,-1.2893316485,3.124746
0.287937,0.268372,0.010665,2.6138094647,-0.3420012058,3.177174
0.296034,0.271900,0.005184,2.2000304050,-0.2216715603,1.883049
0.297003,0.275718,0.034158,2.2628316365,-0.1610366366,2.425679
0.328622,0.283025,0.031125,2.5978619613,-0.4252530919,2.631502
0.332916,0.275623,0.051574,2.0472310729,-0.6381077669,1.977341
0.357006,0.273834,0.035602,1.3843069981,-0.4878719460,2.292856
0.400386,0.296903,0.035691,4.2826378714,-2.4745936163,2.916740
0.393972,0.301367,0.063624,2.0156313574,-0.2296360797,2.979385
0.427549,0.300014,0.020270,4.4387352375,-1.9768630473,2.581206
0.436936,0.298931,0.027291,3.7152167272,-1.1496918673,2.617051
0.456972,0.285398,0.019354,2.9389752068,-0.4127276196,1.794154
0.479066,0.294976,0.010833,4.0600754448,-0.8044310471,1.461344
0.497950,0.283271,-0.002143,4.0551040944,-0.7949016786,1.257751
0.515649,0.294401,-0.013953,4.0021988579,-0.3505202361,1.235106
0.514543,0.282122,0.000913,3.5730840525,-0.3345548814,1.134598
0.540491,0.283668,0.002167,3.2900202712,0.0677322676,-0.010891
0.560756,0.302627,0.011410,3.4840551819,-0.0353934086,0.878801
0.590764,0.292320,0.014929,2.7225611658,-0.0956237341,0.532587
0.601226,0.305870,0.013954,2.9021882517,-0.4550964950,0.314328
0.610810,0.305486,0.006825,1.8772331348,0.7454751671,0.004663
0.637549,0.326409,0.004747,2.0448810317,0.2697478424,0.322032
0.642611,0.316407,0.027370,1.4079134002,1.1647375418,-0.236176
0.673639,0.328161,0.007324,1.8623973122,0.9835627687,-0.709690
0.679052,0.331418,0.004169,0.9197417597,1.2318554577,-0.840115
0.702640,0.336962,0.001058,2.2105776607,0.7303448223,-1.006508
0.706887,0.354746,-0.007670,1.6463868373,1.1502036511,-0.979168
0.704232,0.342847,-0.010743,1.2466588431,1.5503004560,-1.764426
0.708814,0.349835,-0.020275,1.2574109799,1.8355957032,-2.270864
0.702929,0.361593,-0.006167,2.6387515739,0.9401377945,-2.698733
0.699446,0.376229,0.006966,1.7908667952,1.4777702788,-3.341468
0.686877,0.370180,0.009405,2.4225258504,0.6866658555,-3.712187
0.691230,0.365282,0.000956,2.8817097318,0.5848536681,-4.037759
0.686956,0.366595,0.015159,2.3771506978,0.8994177858,-4.993431
0.677253,0.360159,0.027091,2.2022238594,0.7377036141,-4.984867
0.673295,0.370886,0.035182,2.5400250481,0.2496664359,-5.493202
0.657089,0.355809,0.052293,2.3914171960,0.0716380856,-6.158743
0.671959,0.377933,0.031535,3.0926027197,-0.4863429618,-6.085515
0.638183,0.362460,0.068341,2.6630145687,0.2521285342,-6.639391
0.649336,0.373026,0.052901,2.4946045005,0.5534257397,-6.236865
0.632097,0.372064,0.061642,3.2048699051,0.6007815073,-6.796377
0.646861,0.386156,0.053928,2.9417813375,1.0830367413,-6.654766
0.632579,0.370955,0.046697,3.4398684182,0.8260228716,-6.974820
0.643641,0.376403,0.037870,2.9094564214,0.7881983442,-6.718757
0.614874,0.356502,0.035970,2.8365684992,1.1072547597,-7.540362
0.641288,0.365351,0.017910,3.7566660898,0.4925305346,-7.213440
0.624144,0.359233,0.032451,3.0002402738,0.8575485891,-7.009476
0.630459,0.355143,0.024107,3.0975761629,0.8750492944,-7.266179
0.627295,0.369441,0.033747,3.0234117347,0.1413447367,-6.691119
0.628240,0.353183,0.034276,2.5060797669,0.0843694841,-6.682046
0.621288,0.359765,0.047416,2.4231805698,-0.0887321372,-6.687272
0.618744,0.341147,0.050924,2.0804112589,0.1979900010,-6.118123
0.613669,0.328047,0.057473,2.3189400321,0.0235639553,-6.330989
0.596683,0.302759,0.067626,0.5066112346,1.6015723980,-6.045046
0.609343,0.309478,0.054791,1.6620641216,0.9425635041,-5.149150
0.589760,0.294401,0.060982,2.0447882952,0.9937732180,-4.908292
0.594237,0.287078,0.045686,2.5153967517,0.7559369752,-4.863801
0.576643,0.278173,0.064947,2.8297557023,1.0895386495,-4.431554
0.582654,0.279332,0.059754,3.0045963302,1.1352575001,-4.099282
0.562611,0.263205,0.082295,2.3590733261,1.4525628595,-4.151072
0.573906,0.258584,0.071505,3.8933731708,0.3207901447,-3.903865
0.557021,0.229629,0.073583,3.1607299329,0.4021568328,-3.723475
0.562575,0.216624,0.070005,3.7003593318,-0.1159396311,-3.416656
0.558285,0.215009,0.088794,2.8883506598,0.4166940929,-2.565096
0.551950,0.208638,0.081681,2.8780222835,0.1333608203,-1.857028
0.545969,0.207066,0.099846,2.2183845448,0.4854727422,-1.696195
0.539112,0.197980,0.093169,2.0200520383,0.2495307642,-0.968724
0.539279,0.197044,0.087829,2.4255772624,0.0145750561,-1.033133
0.521738,0.185329,0.090251,2.2111103301,-0.0610145671,-0.743713
0.516667,0.184404,0.086381,1.7794461695,0.1772071749,-0.137559
0.480314,0.162047,0.129424,-0.9275524972,2.1353279482,0.221448
0.502109,0.166321,0.100496,0.9471525108,1.0880982711,1.285448
0.484761,0.159500,0.097919,2.1353131754,0.9564089098,1.638733
0.477504,0.153043,0.092641,1.8141450292,1.1398793628,2.111532
0.455702,0.137524,0.091528,1.9054512264,1.0264703355,2.257203
0.439159,0.140570,0.088499,2.1578504943,0.9712806913,2.438384
0.423219,0.147581,0.094952,2.1351579775,0.7900160992,2.591043
0.412525,0.130568,0.097351,1.6377496005,0.9282455182,3.226884
0.392669,0.124095,0.107570,1.8023780733,0.3295283973,3.045789
0.379651,0.099073,0.110668,1.5807996850,0.2175353710,2.960882
0.372719,0.099201,0.110875,1.4522681984,-0.4270256941,3.104508
0.351081,0.097714,0.131968,1.5019466891,0.0993719758,3.911545
0.331445,0.106229,0.132526,1.5710102343,0.0812815450,3.861773
0.303581,0.109597,0.132733,1.3419587914,0.7225788084,4.141488
0.287165,0.105875,0.124523,0.9352427556,1.0622039702,4.693851
0.279350,0.125238,0.107005,2.6333676727,-0.0895733959,4.725046
0.251781,0.117025,0.110287,2.8087266061,0.3606391863,4.756462
0.235263,0.123416,0.101559,3.1425011344,-0.1735463724,4.104648
0.219504,0.113536,0.084238,3.3867744646,0.1959974465,4.343816
0.212073,0.110434,0.086811,3.2357301052,0.3525369418,4.433801
0.194289,0.123350,0.089933,2.9545267825,0.1653364995,4.403235
0.201274,0.134284,0.082291,4.4149983647,-1.2430665170,4.390075
0.174210,0.157179,0.086595,2.6702369203,-0.6027599859,4.333373
0.167255,0.158430,0.092178,2.4872412554,-0.6560657750,4.564126
0.171827,0.179362,0.072710,2.7759523099,-0.3879795598,4.871467
0.142374,0.178643,0.091223,1.4534180571,0.6160119196,4.742335
0.155907,0.198958,0.070783,1.6130911891,0.6379678968,5.133296
0.157401,0.199473,0.071945,2.0611799827,0.2031164535,5.059018
0.159108,0.204322,0.043765,2.4515854168,-0.2754834990,5.097705
0.152487,0.217048,0.046999,2.5670955185,0.0194038659,4.692051
0.149181,0.219490,0.040808,2.7239296803,0.5425166026,4.736255
0.149769,0.253492,0.039731,3.1554542988,0.3161891665,4.453561
0.125801,0.266727,0.041084,2.7340004159,0.1682396283,4.652076
0.142564,0.282703,0.029986,2.6899752800,-0.3030761440,4.503690
0.133032,0.277605,0.057102,2.5425082324,-0.1919725628,3.660277
0.152185,0.279526,0.045686,3.2158988152,-0.5538098600,3.431820
0.124140,0.280418,0.073196,-1.7007970695,2.2827650622,3.124061
0.161290,0.281209,0.046818,3.1813768658,-1.8630636305,3.422488
0.173370,0.310952,0.045203,2.9995108184,-0.6429088647,3.382645
0.177292,0.305431,0.056012,3.1727712548,-1.1052569858,3.357587
0.198395,0.341918,0.046247,3.2997198848,-1.1354135088,3.538728
0.200473,0.348109,0.052717,3.3696649344,-0.9422731292,2.999332
0.231643,0.361715,0.035152,3.8368462019,-1.1845554374,3.593076
0.251518,0.372960,0.025640,3.9567639326,-1.4207758351,3.273803
0.268682,0.359991,0.033390,3.6954529510,-0.8052217319,3.520656
0.311935,0.365982,0.010255,3.8374252887,-1.2034504297,3.420437
0.314941,0.368939,0.024271,3.3281025967,-0.4671252097,3.172754
0.363190,0.386159,0.001996,3.6492685095,-0.3647055310,3.640732
0.390995,0.411680,-0.019425,4.5518133689,-0.9166759785,3.397402
0.408881,0.408181,-0.018102,3.3678744094,-0.5724384095,3.484466
0.437718,0.417014,-0.022474,3.1914065957,-0.0905196286,2.975606
0.452682,0.411355,-0.016241,3.1381890220,-0.3127731702,2.774406
0.493378,0.422387,-0.023239,2.5658921269,-0.1545024694,3.190623
0.518699,0.415862,0.008660,0.8228792594,1.0291526858,2.732123
0.571195,0.415267,0.000214,1.8045142089,-0.0147237072,3.029933
0.593105,0.420972,-0.004326,1.4354443627,0.0153965676,2.896115
0.608788,0.415865,-0.002405,1.5019216733,-0.2606353528,3.024721
0.633213,0.450678,-0.007047,1.6398877683,-0.4637310666,3.226213
0.641580,0.447248,0.013488,1.1994659260,0.3892819258,2.913197
0.687166,0.454453,0.010416,2.0586027417,0.4264085413,3.075947
0.705752,0.446431,0.004252,1.6596421423,0.4267345129,2.010882
0.733478,0.429254,-0.004555,2.1032264838,0.3345811298,1.861279
0.748233,0.433885,-0.019310,1.7226951544,0.3405355334,1.785622
0.743759,0.423313,0.017155,1.9143332603,0.9436124694,1.519748
0.773911,0.432116,0.001074,2.6340678543,0.7397393542,0.965322
0.785190,0.436731,0.008204,2.9125163841,0.5769343552,0.102553
0.800033,0.439594,0.011913,3.2253418689,0.4014859888,0.179861
0.812598,0.448679,0.008653,3.2639299429,0.2162384934,-0.453962
0.810425,0.424071,0.017696,2.7014311704,-0.1048659598,-1.204849
0.826004,0.423414,0.007757,2.2816532138,-0.2119887085,-1.293628
0.828186,0.416594,0.035858,2.5945479175,-0.2548111843,-1.315903
0.849338,0.407770,0.029001,2.3004057184,-0.0970524177,-1.889456
0.854380,0.416653,0.028000,2.4125812054,0.0198532251,-2.104239
0.854151,0.403854,0.031099,2.0433598953,0.3003711568,-2.429220
0.853353,0.427222,0.046352,0.8898595014,1.8230218680,-2.537258
0.843361,0.415799,0.037801,1.5192344522,1.5526412598,-2.583830
0.859288,0.423789,0.004931,1.7570293262,1.1888800633,-2.527867
0.837856,0.404261,0.032674,1.4394041650,1.9008471464,-3.479440
0.851022,0.392556,0.026237,2.5768614454,1.5009089475,-3.778453
0.825613,0.382768,0.008657,1.6751277057,1.8472542955,-4.234630
0.840289,0.374821,0.008978,2.6722657803,1.4199781028,-4.393382
0.812066,0.373541,0.020910,1.6671152103,2.2126422464,-4.859226
0.794473,0.360730,-0.008924,3.6386942024,0.9297832318,-5.439082
0.773114,0.368640,-0.011642,2.6590638848,1.4458837491,-5.942244
0.741379,0.356594,0.026884,2.3639157274,1.9804501447,-6.350111
0.727983,0.346806,0.019754,3.0033645852,1.5263740551,-6.858229
0.712687,0.343947,0.039498,2.9218199350,1.3564925779,-6.655273
0.691246,0.307367,0.029927,2.9190606573,0.7347713688,-7.469081
0.673400,0.310472,0.042288,3.2284470584,0.8531383347,-7.764458
0.652589,0.295071,0.057263,3.5957084551,0.4884057334,-7.858051
0.628440,0.297631,0.050278,2.1599051283,1.4555594217,-7.934818
0.612363,0.302430,0.060115,4.0340370200,0.4818270783,-7.921839
0.610272,0.300829,0.059328,3.9147843100,1.3963653257,-7.604976
0.597694,0.294385,0.049195,4.4871447809,0.7266387415,-7.682684
0.588867,0.264791,0.044192,4.5390612247,0.6232246598,-7.913092
0.585660,0.267052,0.023375,4.8724045778,0.4166802839,-7.995008
0.562719,0.249915,0.038248,4.8523399815,0.7913393836,-7.786705
0.579312,0.252291,0.028775,5.5438401364,0.2684527853,-7.220248
0.559893,0.245634,0.040444,4.9950167864,0.6683748586,-7.294142
0.579496,0.240944,0.043769,4.5181626971,0.5761293482,-6.960961
0.578912,0.247371,0.044557,3.8696285533,0.6617712608,-6.369794
0.580188,0.235728,0.052497,3.7044290690,0.2967793605,-5.975454
0.577933,0.242244,0.059610,3.1595021459,0.4826162434,-5.588150
0.566606,0.215045,0.075198,2.5269591854,0.4172976978,-4.686424
0.588811,0.227673,0.058431,2.5500360743,0.8171480418,-3.651501
0.575751,0.210755,0.085154,1.9380799039,1.3308628627,-3.312996
0.585476,0.206439,0.070471,1.2153120747,1.8967722604,-2.390417
0.588260,0.202926,0.084760,1.3055413858,1.9575480115,-1.778668
0.592222,0.204138,0.069231,2.1942437076,1.6166455858,-1.205240
0.591536,0.212032,0.073642,2.6758240428,1.9586191943,-0.714683
0.578344,0.187650,0.085754,2.3124969244,1.7788941653,-0.159143
0.591802,0.195918,0.074256,2.6198763623,1.4961429690,0.197146
0.569553,0.177829,0.107806,2.4585037256,1.8636833633,0.101148
0.583717,0.169429,0.100345,3.1676163147,1.1084903959,0.766423
0.578987,0.170690,0.121389,2.6401285398,1.0927447694,0.742547
0.584653,0.164003,0.124612,3.5889698624,-0.1150958514,1.416963
0.575183,0.177786,0.127734,3.4796722168,-0.1217829268,1.521495
0.549009,0.180865,0.141461,2.3930088988,0.7358069957,1.800981
0.565191,0.208251,0.138552,2.9601496549,0.0240376003,2.917887
0.545299,0.208063,0.155608,2.5283335480,0.4393141637,2.777621
0.565785,0.223054,0.139514,3.5266453044,0.0821088475,3.571020
0.552698,0.222608,0.119731,3.6023983269,-0.0887250687,3.291759
0.552439,0.235383,0.113402,3.2114554180,0.1103019502,3.731731
0.548743,0.252222,0.116386,2.8442464431,0.5450553487,3.439012
0.538721,0.250729,0.119741,2.8873557409,0.1251708427,3.527595
0.543527,0.279749,0.113110,2.4091754096,0.0868442137,4.017161
0.528122,0.304846,0.127530,2.6272209207,-0.1224218826,4.075335
0.536168,0.324823,0.120837,2.3165667252,-0.1576147328,4.245723
0.534517,0.329166,0.138155,1.6167729418,0.0993348795,4.342499
0.535085,0.342181,0.148794,1.5399860645,-0.1447278933,4.243283
0.528408,0.359886,0.142715,1.7863001046,-0.5206614613,4.159026
0.507338,0.365696,0.158057,-1.0875176345,1.2190922029,4.536224
0.511910,0.398314,0.132693,0.1575107433,0.0377906101,4.586097
0.491425,0.408378,0.149424,0.7238164717,0.1346609044,4.591932
0.482943,0.427504,0.142761,1.4034359730,0.1222724103,4.054245
0.469692,0.457210,0.139859,1.4705408007,-0.1379606185,4.255015
0.457304,0.457837,0.134508,1.3111296241,-0.0981608757,3.478774
0.451051,0.473255,0.139724,1.5124909992,-0.4403987434,2.991771
0.436946,0.464757,0.149965,1.6481380648,-0.8955511339,2.244379
0.428507,0.489260,0.123243,1.7161597364,-1.5035781427,2.322333
0.397632,0.486336,0.169086,1.1345769173,-1.5745871342,1.911201
0.394393,0.501320,0.158447,2.2459783751,-2.3828633416,1.591927
0.356438,0.501491,0.197633,-0.8338241092,-0.2737517218,0.962779
0.363705,0.509877,0.170372,-0.0316666339,-0.4921122189,1.133964
0.349587,0.513110,0.157751,1.7648258895,-1.9057638928,0.828471
0.341073,0.512546,0.140443,2.4868724989,-2.5321384799,1.015560
0.324286,0.523165,0.141671,2.6015351885,-2.6213348758,0.645973
0.297672,0.494502,0.126483,1.6874082293,-1.8559272137,0.341451
0.308107,0.483372,0.104182,2.4530877670,-2.0924673521,-0.206180
0.298946,0.457401,0.130691,2.3272482445,-1.1222177987,0.272416
0.309752,0.469894,0.102787,2.6181673324,-1.2124051576,-0.084809
0.299455,0.460920,0.105098,3.1099328288,-1.8064463324,0.149469
0.300347,0.437365,0.105672,2.6777573493,-1.1336742206,0.035286
0.303141,0.404642,0.104973,1.8135781554,-1.4012164913,-0.010536
0.307913,0.367016,0.099344,1.2025672550,-1.0091524148,-0.335930
0.307310,0.345325,0.073216,1.0485657749,-0.5355188028,0.178356
0.303062,0.320720,0.086227,1.2421687328,-0.6035866432,0.923418
0.300899,0.303061,0.049195,0.3218755818,-0.5470391386,1.052549
0.295096,0.272209,0.065597,0.2409730728,0.1559336054,1.228364
0.319208,0.261157,0.053534,1.1492520911,0.0995790124,1.768696
0.301697,0.242913,0.034174,0.6091777022,0.6200547311,1.802686
0.298634,0.209829,0.023710,0.4335345464,1.2611878612,2.214344
0.305997,0.193693,0.012221,1.4039832000,0.6487262354,2.335942
0.283341,0.145779,0.004258,1.5478856077,0.6219785168,2.284681
0.300984,0.111415,-0.020915,1.2118488740,1.1018078209,1.894672
0.291091,0.072285,-0.012171,1.5599896151,0.9920692727,1.679075
0.297157,0.047313,-0.025284,2.3968407084,0.7473598846,2.105192
0.292778,0.038378,-0.027654,2.0887547579,1.0256253652,2.665272
0.277213,0.000564,-0.024667,1.8514688951,1.0958841950,2.923945
0.274439,-0.010130,-0.021404,2.1390458140,0.7209720295,2.525831
0.264126,-0.039252,-0.002793,1.8285393105,0.7964169893,2.608631
0.267047,-0.060591,-0.044683,1.9134710794,0.8225191284,2.446406
0.234325,-0.077443,-0.009364,-0.0562234863,2.6765620651,2.857016
0.247353,-0.077853,-0.038840,2.0343899637,1.2616627796,3.242660
0.223141,-0.096488,-0.045061,1.4162191668,1.8328335516,3.000456
0.227763,-0.102557,-0.067151,3.0335971501,0.9809543937,3.543739
0.218316,-0.102216,-0.052889,1.7435760161,2.3665102467,2.761678
0.220233,-0.126443,-0.073624,2.6819474283,1.2903112091,2.569029
0.217292,-0.101169,-0.081174,4.3282552142,0.5369939391,2.320262
0.193819,-0.114160,-0.072656,2.8971267543,1.8820367344,2.196927
0.207192,-0.118887,-0.074140,2.8819482554,1.3032988032,2.333530
0.203562,-0.114843,-0.047335,2.6741295470,1.7859282415,2.676758
0.228846,-0.104293,-0.035893,2.9234730852,1.2910019181,2.786956
0.220561,-0.093507,-0.036211,2.5352463188,0.9395034338,2.696006
0.234551,-0.094860,-0.037376,2.0915190916,1.0123253317,2.578777
0.228209,-0.066742,-0.026367,1.8716676777,1.4438435127,2.177741
0.245511,-0.044251,-0.023580,2.6109978881,0.9041710007,2.588735
0.260266,-0.013468,-0.053828,3.0071275972,0.5324037833,2.710228
0.243003,-0.009349,-0.012729,2.5196847996,1.1615820919,2.408175
0.266617,0.011452,-0.038909,2.7216991797,1.2086832622,2.263294
0.265836,0.018335,-0.004713,2.9426959093,1.4249028261,2.464563
0.298352,0.055289,-0.004657,3.5779195047,1.1783063675,1.970031
0.294554,0.070428,0.015041,3.0550230613,1.2307011604,1.838241
0.321496,0.114622,0.005427,3.0917169778,1.1148708882,1.764501
0.334232,0.147223,0.017870,3.4600793920,0.4296113051,1.548673
0.346531,0.162257,0.018661,3.2500442929,0.0304758422,1.124392
0.370654,0.206810,0.035254,3.1546946218,-0.1238766327,0.355234
0.383587,0.218784,0.046119,2.3292053296,0.2416699721,0.616122
0.411333,0.250965,0.049287,1.4866838820,0.5589340184,0.509020
0.429564,0.284292,0.073229,1.6586343160,0.6952069066,0.716821
0.461607,0.320103,0.073810,2.1674425896,0.0189586877,0.795501
0.481039,0.366405,0.077709,1.7053134209,0.2385914878,1.045169
0.510085,0.401859,0.073918,2.2331408776,-0.0332085395,0.707071
0.515144,0.439869,0.078169,1.5948275861,0.2833164084,0.734108
0.544525,0.466969,0.067622,2.7129101785,-0.2378857345,0.540723
0.566120,0.494614,0.067750,2.2396019719,0.0162224041,0.257892
0.586162,0.499173,0.087064,1.6296370926,0.0362142422,-0.215796
0.603651,0.522094,0.075260,2.2563766100,-0.1795770705,-0.650165
0.622486,0.552240,0.090790,3.2929920774,-1.7226204130,-0.853191
0.618045,0.582196,0.091213,1.4496296001,-0.6981478804,-1.587410
0.613144,0.600633,0.123302,1.6926854292,-0.9294308355,-1.490306
0.644934,0.622882,0.127907,0.3919101485,-0.7603877108,-1.580544
0.644967,0.632407,0.168981,0.5479759650,-0.3564317873,-1.722933
0.685259,0.657722,0.154282,0.8699843836,-0.5068248459,-1.298441
0.681675,0.658801,0.149585,0.9422209767,-0.4339173963,-1.689127
0.697522,0.658293,0.135112,1.7536468980,-0.6862944741,-2.052417
0.704882,0.658319,0.137558,1.8636760524,-0.8424683884,-2.141197
0.715612,0.658578,0.138930,1.6806900580,-1.1343374278,-2.048451
0.724110,0.672795,0.141247,1.8164587083,-1.0587072274,-2.467232
0.707327,0.661388,0.168501,1.3089146278,-0.3082453618,-2.896886
0.722876,0.669762,0.137335,2.0409595110,-1.0571084307,-3.056823
0.704596,0.652191,0.153543,1.4283684652,-0.3866032464,-3.380541
0.721940,0.631360,0.132293,2.1186526221,-1.0783440150,-3.410200
0.721136,0.616862,0.147733,1.7240722986,-0.7107991828,-3.768370
0.710193,0.583614,0.142793,1.4118402055,-0.6375830320,-3.399302
0.714076,0.581894,0.150356,1.2967742079,-0.7296911860,-3.609522
0.707842,0.565190,0.168442,1.0188935316,-0.4170706358,-3.331581
0.704829,0.554620,0.146995,0.8989410051,-0.1021985061,-3.461392
0.698277,0.522062,0.146736,1.2611000361,-0.1323806641,-3.231411
0.700910,0.510632,0.107432,1.4634729315,-0.3823565271,-2.915236
0.681468,0.482400,0.142987,0.8648505428,0.5566230811,-2.869764
0.695152,0.458773,0.105820,1.1599852841,0.7562634480,-3.114321
0.667764,0.424179,0.120886,1.2641351233,1.2187222612,-3.444797
0.677283,0.398809,0.097230,1.1114048504,1.4044236687,-3.500792
0.650879,0.378314,0.089716,1.8266920498,1.3522374401,-3.471060
0.641143,0.361619,0.069080,1.5534479041,1.1903946968,-3.290095
0.609665,0.334897,0.066155,1.5511734677,1.6520892573,-3.932088
0.600474,0.310239,0.052231,2.1038522000,1.6118429020,-3.744217
0.568024,0.289599,0.059823,0.9910315652,1.9688270228,-3.979221
0.558889,0.255419,0.053583,1.5954172478,1.1887877325,-4.348524
0.523192,0.221886,0.052132,1.1728620163,0.9958426024,-4.323378
0.499342,0.196509,0.058783,0.8217618186,1.1586012215,-4.490752
0.461988,0.175751,0.050908,1.0906796213,0.6260465189,-4.434131
0.435692,0.136687,0.058185,1.2573179065,0.8816704954,-4.725785
0.407171,0.128021,0.058957,1.5690338323,0.7149283164,-4.753965
0.357465,0.096323,0.084556,0.6429005001,2.2328903304,-5.269427
0.351110,0.076530,0.073258,1.4447188900,2.0723105202,-4.710529
0.324464,0.056326,0.068902,2.5853640390,1.1103738716,-4.497253
0.302740,0.023446,0.052631,2.8381861029,1.0497705316,-4.189416
0.278142,0.000292,0.051272,3.1402920023,1.3789352987,-4.500099
0.255171,-0.022406,0.035697,3.8324344418,1.1003831700,-4.366494
0.249539,-0.032595,0.025604,3.8385081920,1.1015992139,-4.203452
0.227464,-0.051899,0.036140,4.8516313669,0.5744500270,-4.145920
0.217666,-0.052332,0.009031,3.8001094175,1.1252005854,-3.964077
0.194036,-0.081838,0.021149,4.1771411915,0.9753667740,-4.112456
0.199504,-0.074715,0.005909,4.9689527704,0.4890706588,-3.546570
0.184527,-0.089831,0.011282,3.9370080798,0.8017420240,-3.616473
0.181540,-0.111433,0.016685,3.3749479395,0.6338013041,-3.017638
0.180847,-0.101293,0.020079,3.1269851975,0.9802592366,-2.448942
0.167924,-0.111544,0.028709,2.7959368486,0.6373006765,-1.707744
0.180358,-0.102304,0.025797,2.3731149284,0.4803156281,-1.464394
0.170987,-0.091177,0.053928,1.9919906966,0.7354710947,-1.263499
0.189079,-0.092703,0.039876,2.5070217927,0.6923851206,0.154380
0.192739,-0.098533,0.045814,1.5837070255,0.8181890325,0.369324
0.192608,-0.098861,0.054450,0.6303480078,1.8060347760,1.061463
0.207271,-0.070960,0.051801,1.0432569593,1.8851300588,2.026375
0.204363,-0.085045,0.066595,2.0378216089,1.2541285634,2.133986
0.227307,-0.074039,0.038435,1.9513046930,0.8351748694,2.587144
0.225708,-0.074971,0.068627,2.0207859284,1.4208578991,3.260756
0.245442,-0.048160,0.072674,2.4339012901,0.8624346950,3.306313
0.253616,-0.031518,0.067366,3.1800416857,0.2425057698,4.309754
0.257472,-0.025778,0.066634,2.4334938539,0.3733089949,4.059347
0.266840,-0.010750,0.068646,2.4300370783,0.5408056840,3.943240
0.250254,-0.024304,0.074056,2.7567593649,-0.2605347158,4.368053
0.267769,0.007405,0.074400,1.8615612200,0.1718626144,4.499151
0.249522,0.035391,0.110264,1.3580285632,0.5934464695,4.808303
0.266778,0.061125,0.112283,1.6929842481,0.1387267341,5.089270
0.263351,0.088448,0.110084,1.3742045853,-0.1267818382,5.222057
0.278493,0.109863,0.099449,1.9157496717,-0.7843382340,6.156154
0.290399,0.127713,0.100325,1.4568511807,-0.7034777360,6.276852
0.275270,0.129869,0.104950,1.0708015815,-0.4518652560,6.393362
0.291318,0.174520,0.103926,-0.5207586964,0.6255374794,6.890806
0.295650,0.189514,0.121599,1.3003848289,-0.3301894069,7.130991
0.312509,0.209111,0.111013,0.6488744920,0.3110875880,7.556313
0.317981,0.250174,0.088456,1.2843323163,-0.0803511743,7.315037
0.329788,0.254907,0.085774,1.6906972209,-0.4840985133,6.934474
0.339615,0.291634,0.080594,1.8814926012,-0.7675852206,6.689010
0.351583,0.302768,0.091797,2.2893935037,-1.2292881331,6.995793
0.359166,0.346405,0.076455,2.0656651551,-0.8373409999,6.739371
0.355709,0.355028,0.090376,1.2575188755,-0.4384934161,6.192422
0.372413,0.384642,0.042242,2.3933880780,-1.3733962466,6.189064
0.368261,0.392694,0.063539,2.6654769873,-1.1858064315,6.202804
0.380367,0.419364,0.052881,1.5329615911,-1.0516086382,5.599846
0.374721,0.426694,0.088945,1.3063561960,-0.8187566957,4.946115
0.396037,0.464593,0.092710,0.9808379144,-0.3251208983,4.697362
0.388199,0.481005,0.100404,0.6846703482,-0.8665821705,4.395163
0.404575,0.499840,0.088462,1.1268339281,-1.3671503848,3.641358
0.401391,0.506864,0.095454,0.7084785376,-1.3579731768,3.526134
0.418758,0.508111,0.094991,-0.3517139765,-0.8165164771,2.689359
0.432823,0.531840,0.089322,0.8821266834,-1.3628137657,1.855012
0.438492,0.539429,0.080440,-0.0333392549,-0.4234452834,2.020857
0.447332,0.558648,0.074850,0.7924646003,-1.0456590490,2.107080
0.436930,0.554558,0.069943,1.1313219218,-1.1749689518,2.192706
0.442024,0.570675,0.049267,1.2196131679,-1.2437540276,0.597368
0.435827,0.559376,0.077125,0.7664709796,-0.3412873208,0.368786
0.446751,0.568249,0.057089,1.2016223153,-0.8541390985,-0.082710
0.430296,0.559209,0.072884,0.0786492614,0.2915265167,-0.697048
0.440993,0.558050,0.049372,1.3997864851,-0.3762686881,-0.865339
0.446235,0.545232,0.040312,2.6677775636,-1.5005377165,-0.795111
0.425392,0.532897,0.027412,1.4600278204,-0.2282576346,-1.727498
0.425185,0.536091,0.032848,1.5262450815,0.0661660259,-1.536473
0.414501,0.518526,0.013666,1.6284803115,-0.2922733613,-2.247478
0.405139,0.514604,0.017207,1.4073565313,-0.2222489835,-3.044780
0.407233,0.474411,0.017687,1.6317213043,-0.5690417972,-3.079222
0.411865,0.477762,0.012192,1.4961701707,-0.9035232476,-3.375452
0.406738,0.431955,0.011959,1.4740018338,-1.1559879335,-3.410652
0.416493,0.429162,0.003116,1.3729093792,-0.5100632010,-3.092377
0.394386,0.394605,0.026890,0.1746100599,0.4617854953,-3.627959
0.418151,0.376902,-0.002829,1.4876882523,-0.3113443612,-3.181642
0.413519,0.329583,0.005463,1.8705759608,-0.0360173965,-3.105593
0.420081,0.324157,-0.022297,2.0277230686,-0.1952466216,-3.306728
0.412462,0.291158,-0.007230,2.4887070304,0.2601130219,-3.066588
0.420130,0.263619,0.009746,1.9899836308,0.9991787548,-2.679456
0.414767,0.226974,-0.006922,2.7944557985,0.2829814226,-2.816780
0.421548,0.195518,-0.015016,3.1901970157,-0.0382846827,-2.610635
0.408675,0.175072,-0.010181,2.0847233076,0.6591946884,-3.025969
0.413707,0.126327,-0.002990,2.6040805971,0.1353779011,-2.961928
0.418853,0.119713,-0.016123,2.7790448780,0.5099949252,-2.519579
0.426419,0.068445,-0.008120,2.2666200334,0.9111210593,-1.867134
0.423833,0.053612,0.010173,1.7027589504,1.5581050151,-1.454436
0.423334,0.007418,0.007193,1.3782883870,1.3052975138,-0.503828
0.433588,0.001526,-0.003160,1.3302542359,1.5476519236,-0.280044
0.421502,-0.041405,0.005558,1.4948617513,1.3251645036,-0.996528
0.438571,-0.053206,-0.017951,1.5205212399,1.2787100415,-0.268758
0.417150,-0.089070,-0.000301,1.4677555293,2.1357251499,-0.265138
0.405264,-0.091866,-0.000922,-0.2976453511,2.9715891293,0.105929
0.385251,-0.109125,-0.007637,1.6001575366,2.5345321536,0.973779
0.375463,-0.109132,-0.016297,1.0713435528,2.4305894658,0.848485
0.339392,-0.134965,0.005194,1.4486065559,2.6558201549,0.349912
0.349761,-0.143496,-0.010057,2.1612011366,2.6415361740,0.969643
0.322494,-0.163207,0.009635,1.6419448043,2.7182558243,0.709067
0.316359,-0.175073,0.026162,2.4122356846,2.3567647655,0.932768
0.295805,-0.189381,0.040890,2.4264257353,1.2956226543,0.613147
0.285826,-0.191997,0.056226,2.7230059379,1.0530026337,1.214424
0.266496,-0.193714,0.069680,2.3602452016,1.1403446075,0.740092
0.273011,-0.193490,0.065118,3.8754942722,0.4742549839,1.335316
0.263899,-0.174278,0.068870,4.2238103259,0.1688920861,1.489882
0.252358,-0.183026,0.074542,3.3088965298,1.0649569066,1.399080
0.259324,-0.154728,0.081051,3.7759132678,1.0593296248,1.587246
0.249775,-0.149906,0.059232,4.8157662196,0.0814697697,1.445207
0.246801,-0.132086,0.062357,5.0417376410,0.2746757526,1.386264
0.244526,-0.110487,0.066293,5.1426990914,0.3240141144,1.897734
0.254781,-0.077853,0.063824,4.8913188154,0.0632367042,2.182636
0.269982,-0.058461,0.070110,6.2398660589,-0.9954269536,2.075572
0.290188,-0.032454,0.053705,4.5212663724,-0.2159569285,1.804390
0.303098,-0.022013,0.066050,5.9093341031,-0.8171850946,2.076679
0.339281,0.017675,0.048092,5.2425072607,-1.0643990654,1.970669
0.329844,0.030992,0.090350,3.7660923020,-0.0852447869,2.114650
0.371905,0.078693,0.097552,2.8669711423,0.0692836822,2.406895
0.383689,0.093989,0.103122,2.9642649124,-0.2517425646,2.684996
0.422418,0.133431,0.093071,2.4293641498,-0.6146298625,2.704622
0.429439,0.161207,0.135408,1.5936771973,0.0894458766,2.882409
0.475919,0.198315,0.106677,2.3259122624,-0.6822237877,2.880659
0.477727,0.218928,0.161178,1.2135179622,0.3022867664,3.035866
0.513365,0.264587,0.140171,0.2847089761,1.1563304120,3.300818
0.538820,0.303829,0.150793,1.6280533371,0.1713590973,3.570191
0.564305,0.343572,0.122777,1.5663580809,0.0498737790,3.178917
0.581843,0.365660,0.145272,2.0847025616,-0.0471952446,2.766721
0.617438,0.409996,0.137581,1.9847987037,0.6534861976,2.641956
0.629546,0.437611,0.145859,1.6437072625,0.3748704915,2.003042
0.655895,0.484812,0.123972,3.0172633911,-0.6578845067,1.406284
0.660838,0.510048,0.134607,2.4162652324,-0.9565338529,0.946936
0.679932,0.549949,0.133343,2.4631089450,-1.2607441626,0.083116
0.689943,0.582465,0.143250,1.7239715902,-0.8573776149,0.248426
0.717522,0.615847,0.143768,1.2111263222,-0.6930456756,-0.231437
0.728679,0.643522,0.159396,0.5861290579,-0.2964006920,-0.777477
0.755254,0.679701,0.142281,0.6116398197,-0.3847807563,-0.931001
0.770796,0.708806,0.136793,1.6400884441,-1.0839014860,-1.368412
0.794607,0.735351,0.124100,1.8482571745,-1.3151006683,-1.797427
0.805206,0.761335,0.117016,1.8907905900,-1.4402606316,-2.368352
0.812125,0.763534,0.105715,1.5652336288,-1.2233738292,-2.685307
0.821746,0.781522,0.107609,1.3536745093,-0.6630489731,-3.239274
0.827989,0.775446,0.100722,1.3878056239,-0.9399941484,-3.838749
0.838395,0.803288,0.109936,0.7175093292,-0.4027533870,-4.088274
0.836937,0.799592,0.103142,0.7121631410,-0.4636452565,-4.510536
0.840046,0.817127,0.089680,0.0501298876,-0.4503804878,-4.776647
0.813895,0.806492,0.111518,-0.5295285649,0.0759796216,-5.194197
0.820207,0.810959,0.110281,-0.3526633915,-0.5711949120,-5.814456
0.798697,0.788602,0.122337,-1.2117661875,0.1623613963,-5.915273
0.798569,0.771809,0.113251,-1.8430961221,0.7447218733,-5.860915
0.781956,0.739297,0.100690,-1.4477246559,0.3288833407,-6.658036
0.778874,0.725376,0.089920,-0.8867171532,0.2147068386,-6.355086
0.744057,0.710526,0.085679,-0.8277289923,0.0957333304,-6.570277
0.726933,0.676182,0.076275,-0.4208071508,0.1181646346,-6.660937
0.705919,0.651537,0.073235,0.7014521811,-0.0032251832,-7.061844
0.670912,0.592949,0.063687,0.1052277287,0.2946277725,-7.569532
0.661658,0.568964,0.043418,0.6771082518,-0.0822841057,-7.430409
0.608624,0.518681,0.059029,1.5706710523,0.2109100646,-7.716930
0.578524,0.490337,0.053833,0.8430991747,0.8955966064,-7.587494
0.533328,0.438212,0.045774,1.5674905153,0.4769372129,-8.092783
0.511093,0.392244,0.019535,2.3698939266,0.2216886894,-7.744962
0.469432,0.347557,0.030911,1.6976074321,0.3681223236,-7.861223
0.437662,0.289471,0.026956,1.7450204913,0.7872641511,-7.798892
0.401785,0.261633,0.029746,1.5095715298,0.5852105872,-7.085881
0.348340,0.201210,0.020752,1.2552121432,0.9329252062,-6.872230
0.330254,0.156017,0.007678,1.1576213921,0.1283210671,-6.687048
0.278056,0.090828,0.026185,0.9667582445,1.2389103981,-6.638927
0.260486,0.043784,0.022492,0.8901168368,1.6572395860,-5.703750
0.218024,0.006896,0.025184,0.9644296074,1.6731670803,-4.896559
0.176948,-0.047300,0.014197,0.4378774464,1.9654599846,-4.222815
0.127219,-0.077922,0.006208,0.5390194387,2.6543970542,-3.659392
0.082886,-0.129509,-0.001956,0.9495446386,3.0187355582,-3.031491
0.042535,-0.165097,-0.040094,1.4032106282,2.1605321018,-2.448431
-0.017793,-0.210497,-0.001493,1.0769674193,3.1631742884,-2.342189
-0.046196,-0.230539,-0.027240,2.1167816249,2.6226773229,-1.903892
-0.094362,-0.268337,-0.016960,1.7672026574,2.9722807900,-1.038244
-0.122601,-0.306147,-0.015853,3.1515598565,2.1630497946,-0.431472
-0.149927,-0.331789,-0.020866,2.5022318921,2.1763507695,-0.399724
-0.168887,-0.366738,-0.040892,4.4728522346,1.3326813251,-0.091789
-0.196765,-0.381187,-0.035276,4.5785333521,1.0366223901,0.841822
-0.211092,-0.407391,-0.024585,4.4949966127,1.0510785130,1.075000
-0.226858,-0.419391,0.018757,4.4605127908,0.5257427815,1.603394
-0.232651,-0.437973,0.010061,4.6424618007,0.5732177110,3.092575
-0.232750,-0.432271,0.016163,5.0087261925,-0.0452597534,3.592464
-0.245082,-0.445034,0.034233,5.1686249096,-0.3971170514,4.293639
-0.236410,-0.442171,0.027370,4.6961993665,-0.3466060948,5.629162
-0.238149,-0.432747,0.052342,4.9337917117,0.1276419187,6.742640
-0.208854,-0.403997,0.059948,3.4009782971,1.4021192059,8.192156
-0.196417,-0.385851,0.049740,4.1131376507,0.6124833895,9.305700
-0.169146,-0.372846,0.033514,4.5533578305,0.2211391074,10.360243
-0.145614,-0.346849,0.040920,4.3575281980,-0.0562917656,10.945256
-0.111762,-0.341696,0.038435,3.7036337574,-0.2508481596,11.908787
-0.086629,-0.313736,0.052960,3.4286719684,0.0739620518,12.201803
-0.070440,-0.286498,0.071115,2.1753666064,1.0390834874,12.894405
-0.032971,-0.239028,0.057434,1.1337747052,0.9266513937,14.072068
-0.019989,-0.215000,0.106394,0.4375389087,1.7335456201,14.459045
0.030045,-0.187454,0.116176,0.3793130762,1.0940735200,15.231318
0.051555,-0.155388,0.126391,-0.9427071315,1.2356953515,15.219609
0.080684,-0.120121,0.133363,-0.8567174267,0.8251278891,15.297990
0.089727,-0.064789,0.153254,-1.3372620406,0.9838222026,15.667776
0.103165,-0.025315,0.148094,-2.1107008838,1.5983208297,15.753903
0.128341,0.037032,0.160180,-0.8061247859,0.7330309136,15.973826
0.139859,0.061545,0.147001,-0.3829554544,0.3691816959,15.588287
0.153649,0.120298,0.144346,0.5701397600,-0.0468229683,14.776293
0.166726,0.156076,0.153770,0.6652436636,-0.3864041752,14.143218
0.174604,0.211146,0.150993,0.9403911590,-0.0081967336,13.070021
0.185833,0.252721,0.146581,2.4938638633,-1.7883550816,12.541606
0.207569,0.315662,0.134991,1.5777810207,-0.9079751089,11.551569
0.206814,0.351972,0.131196,3.0622289156,-1.6439719338,9.935237
0.243269,0.398937,0.108118,3.1903816394,-2.6852709049,8.586988
0.236757,0.438911,0.138625,2.8733833947,-2.1473419708,7.511345
0.280111,0.496961,0.109441,3.1983689217,-2.7612105262,6.230074
0.281129,0.521825,0.135956,2.6119145222,-2.7459913424,5.008862
0.330526,0.581178,0.127737,2.7627974516,-3.2586604428,4.649425
0.348301,0.610733,0.110570,2.3336546507,-3.2471995776,3.306077
0.385586,0.659117,0.124625,2.2882112959,-3.2264857771,2.931783
0.427778,0.698181,0.117052,2.8116345255,-3.5072461495,1.972264
0.439969,0.714777,0.116560,0.1188598860,-1.6195286384,0.956418
0.480885,0.768169,0.097269,0.1211678954,-1.3419790489,0.766105
0.502470,0.772623,0.079409,0.7895560551,-1.5399767971,0.427086
0.546130,0.802802,0.065275,0.4839894285,-1.0236717195,-0.468068
0.561416,0.816575,0.072457,0.0469416513,-0.5887746750,-0.950780
0.601613,0.833857,0.052375,-0.1829298248,0.2091242492,-1.639130
0.617651,0.847063,0.051633,-1.4208583105,0.8335092159,-2.129467
0.644225,0.842602,0.035399,-1.0336062396,0.2483034780,-3.218885
0.660204,0.860540,0.013222,-0.4105377552,0.0611897496,-3.876909
0.664524,0.858157,-0.004017,-0.3118802555,-0.3646704483,-4.391323
0.653741,0.860419,-0.002340,-1.1898216201,-0.0252234979,-5.699319
0.654634,0.849016,0.010445,-1.2873956652,0.3982132985,-5.881146
0.666615,0.844099,0.005374,-1.4051503252,0.0771122444,-6.598089
0.658914,0.805704,0.000460,-0.9364844743,-0.1570366900,-7.512596
0.648949,0.782277,-0.024535,-0.6569930078,-0.7444752698,-8.374387
0.624839,0.765317,0.022545,-0.3311912285,-0.0791840348,-8.899547
0.622404,0.740718,0.009782,0.1222093691,0.0484608364,-9.560630
0.611644,0.702012,0.022824,-0.2396606535,0.6358835715,-9.239003
0.617503,0.661352,0.013918,1.0945265573,0.2334016075,-9.498752
0.593206,0.629834,-0.000629,1.5015134425,0.1274815707,-9.803559
0.574339,0.582153,-0.026121,2.6553145812,-0.3907602353,-10.227138
0.552412,0.549066,-0.029738,2.8266248359,-0.2598981704,-10.399676
0.531953,0.487307,-0.027769,3.0677722565,-0.5867265857,-10.308692
0.511792,0.443234,-0.045028,2.4834137500,0.2752287912,-11.048892
0.487128,0.387524,-0.018328,3.1452889676,0.2515982964,-10.788614
0.487469,0.344098,-0.042917,3.9145897681,-0.2221596309,-10.217728
0.454409,0.303359,-0.032315,2.8706160993,0.5622109331,-10.028869
0.453158,0.246544,-0.051875,3.3278632691,0.2290202627,-9.539457
0.446705,0.194432,-0.047253,3.4350378839,0.3393261408,-9.035293
0.426085,0.122641,-0.029909,2.4078329923,1.3118350788,-8.827153
0.424109,0.096172,-0.059707,2.3167774634,1.2828402764,-7.486995
0.398292,0.037626,-0.020944,2.1045126907,1.4915309055,-6.795615
0.397481,-0.005952,-0.034606,2.0434194752,1.6708323521,-6.063456
0.384995,-0.063677,-0.029771,2.1668835514,2.0466804052,-5.840233
0.403885,-0.102619,-0.034452,2.6179453170,2.3921323005,-4.505760
0.393047,-0.154436,-0.037928,2.5199866073,2.4647668383,-4.322294
0.382310,-0.198135,-0.052003,2.4028554316,2.6015036907,-3.351407
0.383351,-0.226197,-0.059270,2.9244570205,2.1252361440,-3.047325
0.367053,-0.272880,-0.030552,3.5117825812,2.4494878558,-2.556534
0.386909,-0.289866,-0.038614,3.6305207349,2.5295223708,-1.776869
0.375355,-0.321850,-0.018594,3.4645668598,2.8679038274,-1.224864
0.387779,-0.339313,-0.025146,5.5062536646,1.2137371064,-0.798636
0.382589,-0.351389,-0.013008,3.9658601705,1.9781093110,-0.596303
0.403180,-0.362024,-0.021670,5.5364708950,1.4142108848,0.318572
0.407831,-0.354990,0.000657,5.1212316247,1.4103433713,0.942446
0.408432,-0.379605,0.001914,4.8565158038,0.9429401199,1.491559
0.413982,-0.367283,0.015976,4.2689473781,1.3516177537,1.535222
0.413845,-0.347128,0.049218,3.8491071152,1.4933550872,1.893385
0.437120,-0.330893,0.028604,3.5185268226,1.0593772246,2.558023
0.435929,-0.314882,0.061221,3.2176223693,1.2238634233,2.683363
0.455728,-0.285323,0.058917,3.6087622740,1.1355716111,3.121936
0.466190,-0.258699,0.077076,3.4201570621,0.8109398014,3.440697
0.477448,-0.231491,0.073071,2.1591013434,1.7277372254,4.042689
0.499162,-0.183427,0.074407,2.4057453097,1.6494751065,4.035070
0.487430,-0.169227,0.097469,2.0741322370,1.3699204161,3.987107
0.514359,-0.130514,0.071220,2.7380188523,0.6275457642,3.793266
0.514445,-0.086834,0.124950,1.9144203833,0.9704493710,4.487146
0.532597,-0.052132,0.141963,2.0087434749,0.8359457579,3.800131
0.541134,-0.002922,0.152920,1.5931621407,0.9520897725,3.737039
0.555646,0.014590,0.169965,1.4497253901,-0.0851599673,3.421347
0.559394,0.057288,0.183200,1.0743799250,-0.8140753833,2.320649
0.547039,0.091714,0.210464,0.6372143940,-0.2057262942,2.880794
0.567469,0.156142,0.211219,0.9072792953,-0.4406321639,2.885845
0.567696,0.196391,0.217938,0.5684549160,-0.4041792036,2.758403
0.585096,0.225086,0.217003,0.6536818206,-0.1854378747,2.329546
0.582936,0.255639,0.204838,1.5375189318,-0.8620710924,1.860580
0.585982,0.291923,0.203180,1.5082969954,-1.0740429711,1.193749
0.597782,0.343799,0.187362,1.6101646607,-1.3303989991,1.006557
0.584593,0.363093,0.220784,1.0997362553,-0.6875169309,0.199598
0.616561,0.400519,0.211866,2.1182620207,-1.4039045564,0.008344
0.596141,0.422456,0.211055,0.6550911355,-0.9437408697,-0.737375
0.624147,0.459659,0.169900,2.9214625108,-2.1168284988,-0.336386
0.620930,0.490606,0.182238,2.0620365552,-1.8699339194,-0.736627
0.609428,0.482469,0.181382,1.0046070535,-1.4348915417,-1.343642
0.613410,0.521901,0.173842,0.6475316384,-0.6567923028,-1.842580
0.591359,0.529270,0.183768,0.3202395775,-0.4453007811,-1.871285
0.596827,0.565219,0.152956,-0.0989615423,-0.8572684192,-2.007261
0.565125,0.560660,0.176540,-0.4987996493,-0.8095203354,-2.747861
0.577477,0.599823,0.148616,-0.3922653080,-0.9845754435,-2.125889
0.534113,0.593881,0.158733,-1.1790096065,-0.2705165411,-3.376751
0.532908,0.602255,0.152624,-1.4296915363,-0.1076483801,-2.735639
0.503872,0.592214,0.125869,-1.5856506762,0.5395584657,-3.928274
0.489721,0.575109,0.111774,-0.7398862421,-0.4202265631,-4.170948
0.491224,0.608403,0.099157,0.1273224597,-0.3569990309,-3.517769
0.452643,0.593343,0.091216,-0.7504186922,-0.0347353019,-3.935739
0.456342,0.599386,0.065203,0.1351813345,-0.5075170605,-3.954167
0.393375,0.563424,0.067379,-0.0528310795,0.1572338861,-4.970098
0.399205,0.564812,0.052464,1.6712856703,-0.8031483050,-4.575257
0.366232,0.550258,0.048696,0.2053818806,0.5701438521,-4.605804
0.355525,0.526250,0.015087,1.2309289580,-0.2159665042,-5.244005
0.319668,0.506871,0.009054,1.5749853502,-0.1341573522,-5.524243
0.282268,0.469352,-0.003150,1.9647988409,-0.7374245809,-5.831046
0.240715,0.436387,0.004468,1.8081638351,-0.4576423692,-6.372544
0.232792,0.417601,-0.002313,1.6359904867,-0.2557433563,-5.360601
0.208498,0.403234,-0.017337,1.6290150332,-0.4438951963,-4.925284
0.177194,0.347259,0.008643,1.3017796051,-0.3343975838,-5.229106
0.146276,0.312678,0.000772,1.1651194893,-0.4224838476,-5.297971
0.139301,0.294057,0.017325,1.4551667879,-0.9108651900,-3.195668
0.091158,0.219979,0.029805,-0.2008845840,0.1384396941,-4.469470
0.100122,0.193368,0.015842,1.0208400577,-0.5774611537,-2.618256
0.064422,0.155551,0.028463,-0.1868403751,1.1666449773,-1.442086
0.055412,0.121873,-0.007204,0.2526147814,0.5615096361,-0.326129
0.007426,0.063620,0.020798,0.1108370437,1.2841233910,-0.106701
0.002397,0.049387,0.003651,0.7290461283,1.1449409353,1.426195
-0.029199,-0.005482,0.003362,1.1119893528,1.0796280565,1.216996
-0.050965,-0.046253,0.008650,0.6600569999,1.6716882597,2.538276
-0.066196,-0.088521,-0.011741,1.2681816478,1.4215670472,2.813014
-0.087653,-0.127694,0.002295,1.1347127906,1.8588942053,3.538256
-0.094034,-0.164149,-0.033933,2.6793334998,1.4724097521,4.439509
-0.107183,-0.172414,-0.031760,2.9342213191,0.9414924053,5.486492
-0.137100,-0.213681,-0.030779,2.6733153869,1.5905460747,6.052063
-0.143589,-0.224411,-0.049105,2.9810885800,1.2877528824,6.602479
-0.169018,-0.264211,-0.037048,3.1246247001,1.3600047352,6.855161
-0.169665,-0.290641,-0.043255,3.2276657792,0.8435331195,7.399915
-0.192957,-0.311159,-0.039320,2.9834196859,0.4928644763,6.802127
-0.193958,-0.305110,-0.044486,3.3578234187,0.0456987641,9.091110
-0.195908,-0.316497,-0.047220,6.5007247717,-2.3218284095,9.151487
-0.207564,-0.286610,-0.030752,3.3336665049,0.0921817619,10.825255
-0.223418,-0.309587,-0.042303,3.6404947599,-0.3282841112,10.298180
-0.248236,-0.296149,0.011328,-0.0025856119,2.7325835889,10.764500
-0.213147,-0.274002,-0.030204,3.2856884785,0.2465513827,11.719086
-0.218855,-0.269101,-0.033191,2.9906031146,0.7315125398,11.960529
-0.184656,-0.263190,-0.023029,3.4093392573,0.1733048138,12.279835
-0.162607,-0.232729,-0.010940,3.4182366617,0.2047395704,12.928356
-0.139584,-0.223393,-0.013930,3.9639771756,-0.0898121319,13.333856
-0.120812,-0.193241,-0.000449,2.9259394373,0.5136457653,12.977474
-0.102128,-0.194606,0.006260,3.5338580370,-0.1439923332,12.238762
-0.061531,-0.143909,-0.019641,3.8947061773,-0.5953810204,13.219302
-0.047207,-0.135841,0.016639,3.1898490129,-0.1969174411,12.712056
0.003884,-0.087694,0.017188,3.7720923533,-0.5824403932,12.486776
0.032343,-0.048160,0.047077,2.6437508431,-0.2884412172,12.929613
0.065880,-0.015372,0.052329,2.5959450532,-0.7885132741,12.218778
0.085259,0.010123,0.079153,2.4400377411,-1.5124866601,10.972134
0.127770,0.056487,0.079498,2.0925580586,-1.7932511247,11.658065
0.161891,0.104043,0.102117,2.2819187984,-1.4866647024,11.146926
0.194607,0.117360,0.108912,1.1175367435,-1.1402475810,9.908174
0.243598,0.175669,0.126903,1.6516746612,-1.3248275692,9.498272
0.280722,0.207617,0.149450,1.5284059708,-1.3712392041,9.238523
0.341946,0.255485,0.131679,1.4799471121,-1.3551364093,8.978383
0.380495,0.286563,0.141162,1.5793606590,-1.3601590951,8.082580
0.442178,0.324403,0.139508,2.2601219848,-1.6447438911,7.346089
0.482835,0.358882,0.138099,1.5411278291,-0.9599982990,6.551585
0.522237,0.380001,0.131640,1.6316517838,-0.9956762101,5.724575
0.576785,0.421097,0.108203,3.5498469108,-2.5152927915,4.364483
0.603162,0.452464,0.127281,2.1021807615,-1.0934441144,3.011072
0.647190,0.484277,0.108128,2.1106826791,-1.5571983612,2.371965
0.671703,0.516239,0.104116,1.6982110827,-1.6523101229,1.549362
0.702459,0.542679,0.096449,1.6287873323,-1.1754535857,0.779867
0.724071,0.576832,0.079715,0.8213441466,-0.6867282076,-0.181074
0.747156,0.597505,0.106552,0.3750758313,-0.3676196036,-0.567554
0.778907,0.625455,0.081802,0.5080379999,-0.3045903720,-1.487724
0.805876,0.651482,0.056173,0.6873012004,-0.3085794008,-2.711331
0.834889,0.669584,0.044717,0.8816839643,-0.4710265777,-3.385820
0.862268,0.703613,0.031003,0.4081265066,-0.2100241546,-3.929972
0.868514,0.717528,0.051496,-0.9046106035,1.5923404737,-5.156127
0.905632,0.726476,0.007357,0.2042980808,0.7806606558,-5.437051
0.933549,0.732354,0.001849,0.9540180607,0.2136657526,-6.343644
0.948156,0.725675,-0.036379,1.7675631080,-0.1513968914,-7.676533
0.958788,0.743616,-0.032184,1.6870097744,0.5338066421,-8.242330
0.941260,0.725983,-0.042316,1.1315753562,0.8013660095,-9.881639
0.958548,0.733543,-0.047828,1.3188525614,0.7373556440,-10.387919
0.935568,0.737902,-0.029229,0.5345669633,1.0919131405,-11.164095
0.941959,0.721299,-0.027408,1.5161266074,0.3163183148,-11.713916
0.935706,0.710011,-0.030070,2.1953789174,-0.4872021731,-12.649070
0.902803,0.677610,-0.021036,0.9786989954,0.3703603854,-13.142364
0.894583,0.673746,-0.038479,1.2191082413,0.0494014138,-13.516704
0.859616,0.646072,0.021799,0.5217735249,0.9839702552,-14.205054
0.849177,0.633327,0.014296,-0.0473627796,1.7382912594,-13.944386
0.826223,0.608318,0.021232,0.2492182397,1.7177866534,-14.313792
0.825961,0.584989,0.005607,1.3673605492,1.0109619436,-14.102258
0.802738,0.565275,-0.006147,2.2447453639,1.0978850203,-14.621596
0.784641,0.527458,-0.009367,1.6912575671,1.5711920349,-14.651777
0.766828,0.503243,-0.011389,1.8964701935,1.7280427303,-15.161225
0.752726,0.456698,-0.016674,3.2194278524,0.5333066117,-15.014483
0.717795,0.438044,-0.017058,1.9477873857,1.5075127144,-15.170678
0.673738,0.384823,-0.007457,2.2751292666,1.2002134835,-15.483311
0.666904,0.350521,-0.021010,2.3276007858,0.8639788207,-15.218185
0.632176,0.304095,0.012806,1.3624057379,1.6957679586,-15.248199
0.619673,0.279729,0.014233,1.6705884875,1.4205781388,-14.392822
0.585447,0.245641,0.024143,1.1552411034,1.7753502860,-13.921490
0.550128,0.196680,0.013239,1.5605912916,1.2591794068,-12.691757
0.522372,0.185884,0.015405,1.7476851495,1.5045094746,-11.948778
0.487315,0.127791,0.051082,0.9555978057,2.5410179511,-11.337003
0.492636,0.091760,0.032451,2.7785663063,1.8935020147,-10.912885
0.453125,0.052266,0.044511,1.0246770953,3.1458227905,-10.365098
0.429685,0.021582,0.016140,2.1152533593,3.1210242893,-9.076804
0.389088,0.002287,0.021360,2.6711780156,2.6885100391,-8.386087
0.351524,-0.042712,0.017099,3.5272603284,1.6253101002,-7.518591
0.325589,-0.074463,0.016498,2.4236812913,2.4223531379,-6.974711
0.289978,-0.106371,0.038894,2.5372386178,3.0367361969,-6.437868
0.279209,-0.127740,0.026966,2.5927590202,2.4077763548,-5.988781
0.259662,-0.138290,0.039282,2.5016787322,1.6702646684,-4.902268
0.223821,-0.169949,0.041419,2.3450696419,1.2371717670,-4.239649
0.202643,-0.177233,0.043720,1.3263574530,0.9120924976,-4.083323
0.182498,-0.197180,0.060519,2.3186743050,0.7775717024,-1.883609
0.174259,-0.198312,0.071446,2.4362658352,0.9010822073,-1.244167
0.149523,-0.198447,0.081205,1.3905902115,1.6460508988,-0.570562
0.144737,-0.218965,0.076002,1.7870817203,1.3317763368,0.314558
0.137703,-0.205215,0.081084,2.0297243046,1.3599576208,1.129439
0.116242,-0.215880,0.088288,2.5122623612,0.9760300515,2.535613
0.100930,-0.192998,0.059380,2.9005080738,0.4363393515,2.983383
0.069113,-0.194580,0.105597,3.3863443830,0.5831905234,3.495771
0.071683,-0.182507,0.104560,3.0256646190,0.8773988467,4.265280
0.057779,-0.181496,0.133740,2.6853012153,0.5054521385,5.174308
0.059023,-0.167549,0.132601,2.7599456456,-0.3312799157,5.831840
0.053351,-0.140814,0.142094,4.0361648033,-1.6815134929,7.348844
0.042936,-0.142767,0.148508,2.3968779520,-0.9759136075,7.894576
0.037441,-0.111334,0.175138,1.4644111977,-0.3846834024,8.643221
0.020907,-0.111692,0.185268,1.3650728652,-0.5393784415,9.590418
0.038380,-0.077798,0.184001,1.1252064580,-1.3938912458,10.125373
0.035123,-0.052956,0.219189,0.7516697974,-0.7899917204,11.502376
0.046497,-0.030960,0.224273,1.0460839320,-0.6315414809,11.887711
0.049067,-0.010258,0.206709,1.1097198243,-1.0455188822,12.462745
0.059305,0.003111,0.210582,0.7773867557,-1.3990806419,12.681962
0.059449,0.034593,0.222688,0.2512191239,-1.0059157135,13.206348
0.044754,0.045616,0.247116,-0.7036559911,-0.2577199277,13.375853
0.067990,0.072269,0.219809,0.0841574204,-0.9145790721,13.392619
0.067176,0.079169,0.242018,0.2838043960,-1.0497823667,13.560736
0.087751,0.109886,0.210540,1.6967644841,-1.6753957051,14.102138
0.079472,0.126702,0.226026,0.9056050321,-1.8785020728,13.377493
0.074286,0.141607,0.216589,0.5597443738,-1.7045703053,13.449703
0.080145,0.173667,0.220315,-0.1168023628,-2.0392956268,13.080422
0.071099,0.163984,0.248393,-0.4706413882,-1.4179067964,12.645443
0.103730,0.199503,0.240127,-0.4807211334,-1.0871314273,13.111999
0.100795,0.204548,0.233392,-0.6062572218,-1.7258863107,12.292242
0.105154,0.213381,0.226801,-0.4185897085,-2.1529566426,12.317980
0.102055,0.238239,0.192906,1.5068215121,-2.8866205831,12.003387
0.085410,0.244190,0.211534,-0.9342156724,-0.8884210099,10.974608
0.093541,0.266304,0.173251,-0.4868365710,-1.1497176759,10.055607
0.086569,0.275659,0.178779,-0.1468049271,-0.5316235926,9.664658
0.095789,0.291437,0.136330,0.2034630970,-0.6459435786,9.186029
0.084435,0.304203,0.118457,0.6843544145,-1.0485433837,8.325856
0.066901,0.289412,0.094624,-0.0234487627,-0.6933764483,7.317888
0.062646,0.303294,0.055609,0.5179473490,-0.9058448760,6.742758
0.051762,0.291398,0.079511,0.1582418505,-0.1595910751,5.692243
0.070245,0.303730,0.058061,0.5756115566,-0.1792635385,4.724745
0.059929,0.306944,0.044786,0.2990547320,-0.3899220098,3.915771
0.064583,0.296975,0.025417,1.1508841646,-1.2446021532,3.096464
0.049067,0.307344,0.016518,0.3784472720,-0.8450740969,2.129303
0.027833,0.292150,0.026867,-1.5176162939,0.3515914725,1.771134
0.045673,0.301009,-0.015249,0.9594591677,-0.8372959738,0.991791
0.039328,0.298396,-0.013785,-0.1172889447,0.4037415887,0.867626
0.036403,0.269097,-0.050280,0.4092863849,0.4625728135,0.284626
0.045693,0.295544,-0.066961,0.4432673695,0.8133056053,-0.119554
0.022486,0.279119,-0.096926,1.6684611089,0.5115594111,-1.210256
0.027180,0.285234,-0.115127,1.9367452077,0.6146591010,-1.671630
0.014030,0.286694,-0.118541,2.1082695978,0.5961940595,-1.974031
0.028762,0.269511,-0.138105,2.0207876181,0.6104488259,-2.324418
0.032720,0.268198,-0.143133,2.0814422517,0.4691177330,-2.826161
0.031499,0.252130,-0.147312,1.9819309985,0.3780991866,-3.656244
0.044984,0.244827,-0.154438,2.1313575629,0.0503555881,-3.709695
0.038655,0.236811,-0.138666,1.4179936199,0.3754129944,-3.940647
0.054916,0.219884,-0.151264,1.0244985940,0.4543616172,-3.903969
0.066595,0.207154,-0.156266,2.1517922504,-0.2902144950,-4.542787
0.076147,0.190210,-0.140550,1.5568228608,0.0203002932,-4.044506
0.088325,0.199769,-0.146938,0.3573774542,1.1951119082,-4.056306
0.086132,0.198462,-0.138715,1.6595704085,0.9627382662,-3.542880
0.117759,0.178896,-0.139742,2.6732722406,0.6766093432,-3.790598
0.126139,0.166324,-0.141298,2.5750360250,0.7046652267,-3.347718
0.150406,0.148093,-0.130640,2.8236264798,0.5648665246,-3.085070
0.169299,0.130644,-0.139211,2.3930665668,0.9201308796,-3.130140
0.177207,0.116093,-0.113214,3.0464140472,0.6758739107,-2.672893
0.225052,0.112187,-0.105605,4.1301488144,0.0228475894,-2.512352
0.214535,0.106035,-0.093184,0.5604710684,2.5629403666,-2.652009
0.257824,0.088599,-0.119326,4.3024743456,-0.3070258351,-2.315621
0.280699,0.086577,-0.077846,3.4522540299,0.2924613804,-2.084583
0.301168,0.080380,-0.056254,2.8238813334,0.3362399440,-1.643856
0.340439,0.075591,-0.054629,2.6186619935,0.0979336205,-0.804194
0.363817,0.067234,-0.031924,2.1211399170,0.1962541061,-0.247541
0.404936,0.062100,-0.039641,2.3903360048,0.0032574075,0.040461
0.436185,0.065258,-0.048563,2.6347777015,-0.2767711544,-0.131919
0.456145,0.073152,-0.024959,2.0850741653,-0.0315696082,1.350083
0.489134,0.082064,-0.026252,2.2565196617,0.0894687024,1.183224
0.505552,0.075029,0.013249,0.5807276033,1.8821517143,1.648490
0.557261,0.070552,-0.027890,2.8428623971,0.5437621107,1.519905
0.591861,0.072761,-0.001000,2.5065388875,0.5505607043,1.318981
0.614405,0.071153,0.008742,2.9307006398,0.3533784099,1.533761
0.652937,0.088921,0.005926,3.7362920656,0.0313396895,2.606899
0.674417,0.108208,0.030491,2.4859583422,0.3007161542,2.700029
0.706054,0.109337,0.048886,2.0444708186,0.4774393325,2.846557
0.732064,0.134763,0.038884,1.8125759886,0.2713477049,2.698890
0.729201,0.124906,0.083545,1.3229713658,0.2032796225,2.014709
0.762502,0.157589,0.068203,1.6268212261,-0.3019629816,2.022777
0.767084,0.154602,0.072562,1.4531280694,-0.4920583540,0.861470
0.804724,0.189459,0.095214,1.2222825435,-0.2023985335,1.909435
0.817949,0.207647,0.098169,0.2755909075,0.7456854538,1.806225
0.829985,0.217182,0.105925,0.1275238901,0.6886738568,1.446191
0.856494,0.225575,0.082157,1.2593669493,-0.1864904585,1.313814
0.868636,0.256726,0.092382,1.1193997900,0.3145313103,0.975128
0.862879,0.270998,0.112418,1.6593629577,0.1233549509,0.249010
0.885245,0.276942,0.110511,2.0789678947,-0.2696259790,-0.065067
0.888744,0.292970,0.119488,1.4038542994,-0.0211150269,-0.790046
0.865642,0.289432,0.150166,1.3599555587,0.1973501238,-2.439682
0.911626,0.346126,0.147779,2.1330051977,-0.7774386247,-0.955199
0.877984,0.330305,0.150445,1.0285108467,-0.2676069574,-2.511489
0.861802,0.312832,0.169315,0.7179212929,-0.8917078449,-3.254062
0.872358,0.343540,0.161887,1.3132729369,-0.8405405491,-3.515748
0.785420,0.330052,0.248005,-8.5932746787,6.2253616531,-4.923222
0.833606,0.354224,0.174679,0.5263632252,0.0112518494,-4.475117
0.840683,0.394319,0.172706,1.0093022764,-0.3419531770,-4.443886
0.806247,0.357989,0.190648,0.7408084275,0.1373398352,-6.060772
0.814847,0.370807,0.163752,1.2681528315,0.0630011360,-5.885943
0.802856,0.372264,0.158592,1.3450419098,0.2725209261,-6.550824
0.779685,0.365138,0.154006,1.5715927497,0.6548544912,-6.911194
0.760778,0.364550,0.146388,1.2326755410,1.1463026663,-7.669473
0.754988,0.377464,0.122830,1.6106465713,1.1430896946,-7.980314
0.750074,0.367380,0.096948,2.3412421026,0.5102782745,-8.351765
0.728797,0.366894,0.086434,2.6430933037,-0.1570481088,-9.230474
0.675510,0.344908,0.077598,1.6271802341,0.2798288386,-10.090533
0.654053,0.375714,0.069904,1.2669004052,0.7686238700,-9.819998
0.624488,0.365148,0.079708,0.7341605655,0.8189514004,-9.983208
0.616827,0.347840,0.063037,0.9455140343,0.5376643466,-10.309502
0.592993,0.335094,0.062902,0.8318935746,0.9459459377,-11.065963
0.549544,0.307105,0.059666,-0.1511303475,1.6883005595,-11.192505
0.526363,0.319151,0.027908,-0.7949388517,2.2836575200,-10.564030
0.483970,0.294644,0.035047,0.2629321905,2.0346619130,-10.876456
0.466846,0.293246,0.018973,1.0053452829,1.8676731092,-10.942060
0.424630,0.279279,0.004668,0.9670135811,2.1583826540,-11.035367
0.400311,0.246245,-0.012046,1.8366748601,1.6833161747,-11.202676
0.364362,0.241272,0.000884,2.3291199616,2.0618841103,-11.186714
0.321985,0.213463,0.008680,1.5805163367,2.0421465974,-10.968708
0.285649,0.205205,-0.010753,1.7394000540,1.6524572683,-10.713089
0.244070,0.189442,0.020966,2.8088684234,0.9989508212,-9.843282
0.225048,0.175843,0.011614,2.7093611671,0.3079671974,-9.512856
0.197325,0.148438,0.035536,2.2097417733,0.1164990229,-9.349489
0.172611,0.121962,0.022154,2.2361387237,0.1654958822,-8.991208
0.143782,0.110756,0.046940,1.2091469398,0.8299439335,-8.266458
0.112238,0.072148,0.063782,0.3810826073,1.8399364377,-7.310412
0.107406,0.074455,0.036295,1.5190518933,0.4668870585,-5.992165
0.074040,0.040620,0.052382,1.3700091245,1.1957414104,-5.516119
0.090304,0.019888,0.053724,2.4243193840,0.8274183469,-4.881597
0.080401,-0.006575,0.051995,2.0452769690,1.0114836259,-3.775195
0.064902,-0.031834,0.066667,1.7499342408,0.8888710149,-2.770332
0.048824,-0.034013,0.069953,1.8030155371,1.2846785171,-2.070388
0.022138,-0.048072,0.068144,2.6394835201,-0.1279024375,-0.827477
0.015701,-0.052631,0.073104,2.6430176796,-0.3495830936,0.309284
-0.013240,-0.079183,0.106765,0.9594994038,0.7478837171,1.189408
-0.005608,-0.092483,0.098316,1.1225540009,0.3955045638,2.153422
-0.011835,-0.097646,0.106283,0.6849552575,0.4821133069,3.528412
-0.024174,-0.108554,0.099091,0.4801976689,0.7428467603,4.808409
-0.049836,-0.106332,0.113255,-1.1730275096,1.9618047547,6.398478
-0.066268,-0.109424,0.112359,-0.7551874755,1.9358609233,7.485802
-0.067958,-0.105436,0.077049,-0.1373563239,1.2355678682,8.954874
-0.096995,-0.119488,0.095782,0.4834274292,1.4026508692,9.461007
-0.091392,-0.110139,0.097725,0.8743125111,1.4675016909,10.270334
-0.118173,-0.119373,0.091778,0.5032564170,1.0255816834,10.714658
-0.130065,-0.119773,0.091689,0.4439861171,1.2641245126,11.730100
-0.167695,-0.099324,0.078277,0.6893246850,0.8570633774,12.501220
-0.191181,-0.097735,0.097174,0.9160626245,0.2473030085,12.916980
-0.206930,-0.078421,0.074781,1.1783065706,-0.7414231528,13.051303
-0.242292,-0.071604,0.100207,0.2427638435,-0.3475566888,13.187432
-0.239965,-0.056435,0.118316,1.3926950344,-0.7728474410,13.475446
-0.256958,-0.053435,0.122797,1.0499093889,-1.2041155951,13.671184
-0.275445,-0.041566,0.130054,0.2058718181,-0.7179095513,14.334148
-0.281425,-0.013127,0.137495,1.7200065589,-1.8576952506,14.659910
-0.289257,-0.007143,0.142206,1.6016226876,-2.1079801306,14.597343
-0.280611,0.012417,0.140995,1.4463274185,-1.9432394268,14.915598
-0.288259,0.010700,0.156537,1.6577410717,-1.8144462380,15.190903
-0.271496,0.036047,0.134095,2.3896864200,-2.2096017064,14.975391
-0.282151,0.050680,0.144392,2.0708158847,-1.6060636746,15.064351
-0.265627,0.075069,0.142521,2.8417731990,-2.3871304357,15.068510
-0.268640,0.096093,0.155060,1.8821103654,-1.4146192217,15.116742
-0.239180,0.091544,0.144960,2.1537887277,-2.2075164949,14.487075
-0.226379,0.115180,0.146489,2.7093972260,-2.8592863468,14.170782
-0.204166,0.125343,0.128800,2.7598789178,-2.9163814916,13.942804
-0.187075,0.142188,0.140085,2.2050821544,-2.5366196737,13.550634
-0.165417,0.152718,0.147730,1.4517487475,-2.3428474094,13.141239
-0.123176,0.186852,0.146440,1.0470949286,-2.2144863833,13.244757
-0.109458,0.190017,0.159015,0.5249050578,-1.8186077707,12.911166
-0.057195,0.207706,0.127517,1.0048331928,-2.1248898570,12.130823
-0.034005,0.224390,0.130803,0.7997057633,-1.5180049868,11.613773
0.008142,0.235475,0.125121,0.9021403736,-1.2593570374,11.330286
0.038701,0.246517,0.094942,1.5436558188,-1.7828736924,10.482117
0.074739,0.269901,0.090376,1.0205240029,-0.7588645767,10.161442
0.106096,0.281895,0.060322,1.6753157781,-1.4766759537,9.341880
0.144822,0.279594,0.033272,1.5219917497,-1.4191129608,8.113024
0.176042,0.282939,0.023762,1.1972700027,-0.6917395249,6.403757
0.227461,0.282811,0.011699,1.4879782319,-0.8343521019,6.118458
0.257955,0.297306,0.001438,1.1608182261,-0.7688378541,5.156533
0.281989,0.291552,0.006060,1.3693177343,-1.3598641125,4.482491
0.320413,0.307997,-0.021670,1.1026865590,-1.0242208550,3.747520
0.346998,0.297894,-0.000170,1.4653713017,-0.9600984535,2.593435
0.399851,0.304968,-0.030309,1.2053247870,-0.8373142293,1.860471
0.409321,0.294887,-0.015446,0.4203092679,0.1227370070,0.920414
0.449728,0.313344,-0.035410,0.6360909067,0.5905837686,0.710062
0.459254,0.326126,-0.056523,0.7240844278,0.0622150180,-0.123362
0.487200,0.325828,-0.091632,1.0870285163,0.1883706195,-0.620155
0.515492,0.342548,-0.099395,0.9080863104,0.6501216273,-1.353577
0.525881,0.334710,-0.118502,0.7905724264,0.5109836096,-2.025767
0.550788,0.360628,-0.142089,0.6182642790,1.0616511438,-2.663040
0.554690,0.354985,-0.134875,0.5929970765,1.4832110653,-3.963394
0.600759,0.357844,-0.154021,1.4319101302,1.6915830973,-4.356212
0.625027,0.364173,-0.177592,1.8794053410,1.3692835387,-4.892372
0.638324,0.350397,-0.196795,1.6759070658,1.3121421867,-5.574134
0.656026,0.350856,-0.182913,1.3962787541,1.9394357436,-6.540480
0.657201,0.331670,-0.180671,1.1834081738,1.9203130830,-7.729504
0.684081,0.350554,-0.190354,1.1357350214,2.0988327610,-7.880696
0.680913,0.335829,-0.168697,0.7690092966,2.3512951731,-8.248145
0.698261,0.351030,-0.155794,1.1945707887,1.9252432993,-9.315788
0.693288,0.346464,-0.164699,0.7086160219,1.7257149531,-9.937964
0.683070,0.331621,-0.151329,-0.3511254697,2.0788128466,-10.287235
0.691775,0.343336,-0.145667,1.0566689597,1.9824863250,-10.629318
0.670396,0.329031,-0.135649,1.0737015195,2.2349635840,-10.329884
0.686352,0.330147,-0.138607,1.0651305188,2.6034221753,-10.951437
0.674585,0.328628,-0.144157,2.4271975021,2.2548613937,-11.023529
0.672067,0.313788,-0.150148,3.2456117443,1.2125904428,-11.443301
0.670508,0.316400,-0.144712,2.7686727766,1.5774879186,-11.945333
0.651171,0.291378,-0.113798,2.4139178779,1.9467224098,-12.155655
0.668112,0.297983,-0.110365,2.8097649541,1.9993576578,-12.359268
0.639935,0.278626,-0.071202,2.0128670145,2.2904599381,-13.035874
0.648411,0.267190,-0.060147,2.5281921223,1.7626272072,-12.523827
0.636315,0.267003,-0.062549,2.6514420986,0.9220664281,-12.531301
0.620621,0.254812,-0.055610,2.5651575145,0.7014531445,-11.915161
0.598183,0.257898,-0.043797,2.1169477788,0.8887431099,-11.818569
0.569960,0.241738,-0.011458,0.5859331681,2.1403580170,-11.659161
0.580779,0.250302,-0.025717,2.5937449240,1.1711059902,-11.234161
0.564666,0.233562,-0.002481,1.2234910932,2.1162167361,-10.972016
0.564160,0.220474,-0.022412,2.6240529753,1.3806390749,-10.223698
0.564771,0.225884,-0.026580,3.3699080141,0.8816738973,-10.006148
0.538928,0.213329,-0.009561,4.3900012467,0.4319612046,-9.522383
0.551021,0.208677,0.009520,3.7273256078,0.7393053290,-9.324274
0.528382,0.197110,0.032743,2.9623853718,1.2668719755,-8.620385
0.540074,0.176887,0.040703,3.0607172459,0.9816517776,-8.673803
0.531333,0.185405,0.057699,2.5154186214,0.8089008547,-7.863884
0.509291,0.161082,0.072799,2.2437700895,0.4739617954,-7.679644
0.508296,0.175646,0.062485,2.4202159586,-0.4261629944,-6.772119
0.489639,0.157875,0.118503,2.0284997438,0.2133426194,-6.715930
0.493299,0.159595,0.107832,2.1024416687,0.2380497902,-5.705245
0.484299,0.162405,0.126956,2.7760374432,-0.0638881046,-4.957965
0.482257,0.170164,0.118904,2.3142954315,-0.0815827289,-3.900491
0.471169,0.178518,0.127159,1.5177873933,0.5457868803,-3.644934
0.473339,0.158210,0.125429,2.3798528768,-0.4398779028,-2.478112
0.472091,0.153496,0.114709,2.0487636012,-0.6617713500,-2.121038
0.465779,0.135039,0.148895,2.5857034950,0.1561458266,-1.832873
0.475164,0.130598,0.142816,3.1449251666,-0.5031718254,-1.205901
0.487089,0.127749,0.167638,2.9938100882,-0.1230888189,-0.652527
0.491694,0.106140,0.169611,2.4866931942,-0.4377430448,0.084204
0.488595,0.119175,0.180627,2.6595859409,-0.4740380232,0.055994
0.485605,0.115006,0.211741,2.9106709969,-1.0536359493,1.053721
0.492882,0.115266,0.215279,2.3157600356,-1.0282019602,1.240456
0.497268,0.126797,0.227234,1.9669197026,-1.1809051407,1.754006
0.468523,0.118013,0.237403,0.4746274645,-0.5475171169,2.244501
0.476700,0.130897,0.241956,-0.3809932443,0.0581283435,3.025725
0.465110,0.155042,0.249794,0.2273053254,-0.3215756276,3.673618
0.464138,0.146199,0.237692,0.5669361140,-0.8024938460,4.207845
0.461217,0.164607,0.224582,0.1649155848,-0.8851158281,4.555265
0.446590,0.147804,0.242058,0.3504749923,-0.3547315065,4.254514
0.469600,0.161968,0.254839,-0.2025456011,0.3047587281,4.763522
0.459080,0.163764,0.244001,-0.2435542016,0.2235397483,4.644324
0.482270,0.161190,0.235286,1.3863884706,-1.2133307299,5.744584
0.469780,0.172045,0.229532,0.2635912183,-0.4263346174,5.518825
0.440380,0.148865,0.244723,0.0982573534,-0.6874332717,4.775506
0.444575,0.162877,0.244510,-0.0987123638,-0.8227008295,5.057064
0.415962,0.154392,0.270543,-0.7152920019,-0.6709860895,4.798322
0.398023,0.153122,0.244936,-1.6844668419,-0.0287261539,4.884519
0.375069,0.165907,0.228235,-2.3800731869,0.3922663146,4.942985
0.336192,0.149698,0.242862,-1.7428045931,0.2496338971,4.822890
0.315992,0.174950,0.209391,-0.9715586178,0.0588231115,4.925183
0.268144,0.157724,0.217456,-0.7012951961,0.4447670892,4.397110
0.256668,0.151432,0.192877,0.0430395635,-0.0173652894,4.515577
0.227500,0.148832,0.194554,-0.4819322219,0.4992349059,3.819778
0.196852,0.118469,0.181940,-0.0032659678,0.1846931778,3.386430
0.184198,0.114150,0.148058,0.4679728788,-0.1953411974,3.136778
0.144524,0.107897,0.172135,0.2011246406,-0.0661139039,2.801190
0.114824,0.089942,0.145725,0.2940162914,-0.2816108450,2.760166
0.075566,0.094012,0.145839,0.7653495855,-0.8554296323,2.620728
0.028614,0.074097,0.148108,-0.8530480070,0.7061675106,2.209178
0.005686,0.071120,0.106040,0.2010605332,-0.1934969411,1.877153
-0.042116,0.054521,0.120565,0.2838507886,0.4549099876,2.063299
-0.065828,0.036822,0.087386,0.3787649969,0.3486162187,1.654823
-0.099476,0.034098,0.046582,1.0455195084,-0.3936890912,1.369421
-0.135934,0.009634,0.038681,0.7302551227,-0.0567530250,1.765224
-0.163917,0.001595,0.020102,0.2090808985,0.5439627391,1.745020
-0.214641,-0.025669,0.027314,-0.2721847253,1.9956982267,1.291813
-0.205381,-0.034282,0.001566,1.5489656059,1.0354271285,1.471320
-0.235904,-0.051236,-0.008609,1.6880760293,1.1446234498,1.262488
-0.235885,-0.070980,-0.055577,3.9152392625,-0.1491106735,1.387375
-0.269487,-0.074321,-0.052082,3.1208685103,0.3205688236,1.256924
-0.315353,-0.100410,-0.037961,2.0629214563,0.6969567743,0.853309
-0.319006,-0.099865,-0.026912,2.0731017232,0.8631515139,1.607449
-0.342643,-0.114032,-0.054100,1.6499699300,0.3712697498,1.608824
-0.354381,-0.119061,-0.069659,1.9504203135,0.2014130792,2.114907
-0.360929,-0.110648,-0.092400,2.1006853125,0.4422356920,2.156935
-0.376682,-0.116189,-0.083216,2.1183074982,0.8544602129,2.697688
-0.376419,-0.126450,-0.090887,2.4547186067,0.8932413452,3.008298
-0.374266,-0.121270,-0.100186,2.3617267387,0.8554687050,3.319319
-0.374331,-0.131305,-0.121062,2.9633163750,0.2524785203,3.396082
-0.349208,-0.140384,-0.132889,2.8436418533,-0.2618698316,3.605516
-0.336147,-0.137039,-0.100442,3.6006760533,-0.5121501341,4.091451
-0.311942,-0.130576,-0.087522,1.7800210861,0.5070849597,4.830604
-0.285922,-0.120683,-0.082320,3.2397061609,-0.6899983278,5.200161
-0.280742,-0.117699,-0.064936,2.4546634109,-0.2389822568,5.837854
-0.265709,-0.092907,-0.084817,1.6256239527,-0.1393827200,6.685386
-0.277565,-0.081480,-0.042001,-3.2275341785,3.6369188196,6.572103
-0.216709,-0.062393,-0.085100,1.4983721690,-0.0434872746,7.507503
-0.194122,-0.029736,-0.092400,2.0541896747,-0.4326811150,7.815143
-0.165109,-0.017069,-0.102763,2.8632719141,-0.7311655689,8.019455
-0.132819,0.009594,-0.095193,3.0042544378,-0.7028306748,8.175588
-0.111841,0.022891,-0.062835,2.5468225160,-0.2039920044,8.034499
-0.047650,0.041138,-0.044923,2.6925851477,-0.3438797205,7.938488
-0.013417,0.041847,-0.017757,1.8728944345,-0.6372436823,8.182620
0.055560,0.070240,-0.026656,2.4916373316,-1.6275315477,8.465274
0.096620,0.091665,-0.010421,2.2490528066,-1.7123982701,8.392533
0.134959,0.105497,-0.002875,2.0412550178,-2.1182305980,8.642379
0.179623,0.149807,0.012215,1.2346832205,-1.2770579309,8.801594
0.208479,0.172876,0.048404,0.2813937816,-0.0299816734,9.023894
0.274623,0.214336,0.037939,1.7277009237,-0.7576642198,8.850263
0.312716,0.248579,0.033665,1.3808904037,-0.8521276612,8.800632
0.357879,0.271605,0.019410,1.7529805142,-1.1891166848,8.215147
0.408704,0.304288,0.013265,1.8974168182,-1.3428236678,7.870383
0.452206,0.316299,0.015543,1.6718781198,-1.4495441524,7.533031
0.514169,0.347787,0.038297,1.2630534190,-0.9919313056,6.754204
0.569212,0.360155,0.041402,2.3622591571,-1.9224431192,6.584211
0.625132,0.388722,0.037506,1.4886305510,-1.4017282520,5.904218
0.680828,0.413554,0.060309,0.8333180596,-1.2370087819,5.204711
0.730705,0.421041,0.057791,0.8954560089,-1.8435486967,4.743181
0.770993,0.459088,0.066552,0.6096118035,-1.6650953834,4.232582
0.791262,0.459462,0.078159,-0.7243558739,-1.0726071764,3.300265
0.826555,0.493672,0.066608,-1.4942606172,-0.4957553087,3.259720
0.835148,0.513186,0.065285,-1.8527029144,0.2905324210,2.642142
0.860161,0.534282,0.047609,-0.9370255485,-0.3187218580,1.993001
0.867999,0.560791,0.041704,-0.5949029550,0.0943938563,0.958067
0.873622,0.570737,0.020496,-0.4904678762,-0.4487732810,0.276403
0.888376,0.588140,0.016570,-0.8440226924,0.0883038140,-0.936730
0.881083,0.579311,0.042745,-1.3453438282,0.8797281359,-1.683869
0.901854,0.582767,0.032435,-0.2363070895,0.2200161149,-2.962750
0.916412,0.578795,0.037315,0.6637629493,-0.7692008476,-3.682312
0.923745,0.567231,0.034801,0.2328746595,-0.9538892579,-4.193443
0.916441,0.546814,0.048715,-0.4766508929,-0.1497075640,-5.946390
0.901188,0.528449,0.057082,0.2198149268,-0.2688413785,-6.575502
0.909778,0.526434,0.054575,0.7755622178,-0.1871528343,-7.042465
0.876592,0.518418,0.056075,-0.5718727755,1.0321352974,-8.150108
0.865291,0.502255,0.023027,0.2709808320,0.7064845689,-8.780704
0.840574,0.504832,0.011040,1.0890256213,0.3581837068,-9.440071
0.792047,0.479817,0.008732,1.6996623641,0.6636015704,-10.242651
0.786709,0.467301,-0.002281,2.0350878369,0.9066155313,-10.810355
0.763165,0.437158,-0.005763,1.8756452745,0.9532669124,-11.395512
0.753544,0.406178,-0.015187,2.1779408250,0.8485681647,-12.064502
0.731824,0.384971,-0.022402,2.2805000343,1.0399579261,-13.006211
0.713199,0.350065,-0.022369,2.2852416639,1.0006486695,-12.983250
0.703073,0.334769,-0.022113,1.8600813404,1.1631313878,-13.202120
0.673771,0.301958,-0.011977,1.7552001824,1.0436678934,-13.180869
0.674647,0.269481,-0.012656,1.3600633172,1.7223147669,-13.056231
0.662948,0.244318,-0.025313,0.5112734988,2.7831576765,-12.706241
0.642230,0.198321,-0.051415,0.3226531498,2.9778796486,-13.048284
0.629520,0.185392,-0.065500,0.5631430021,2.7388982916,-12.923325
0.562775,0.152131,-0.067411,0.8197360824,2.6657485435,-12.854056
0.539256,0.153598,-0.069278,1.2419798392,3.2165881835,-12.641381
0.501544,0.119520,-0.072607,0.7624455948,3.3950265082,-12.506995
0.471694,0.073805,-0.086830,1.0583462659,2.6644875046,-12.576264
0.443153,0.058332,-0.064788,0.6386417058,3.3115138823,-12.567172
0.397445,0.006988,-0.059205,0.8389951188,2.7138781730,-12.494374
0.371465,-0.009218,-0.064105,2.0274265137,1.9082497303,-12.223977
0.323206,-0.040470,-0.007424,1.2246520246,2.6254495281,-11.728352
0.301263,-0.074039,-0.005983,1.3647023259,2.3930277657,-11.315769
0.261602,-0.082452,0.016928,0.7836663053,3.4071758570,-10.629087
0.225616,-0.120824,0.017444,1.8933330292,2.2501170022,-10.046395
0.203801,-0.138444,0.001360,2.7828834732,1.3894895671,-9.580673
0.142443,-0.155519,0.044235,2.7506516568,2.2441064235,-9.391054
0.127458,-0.156382,0.032077,3.5736746129,1.9431019993,-8.023538
0.078885,-0.169811,0.045860,3.3286905414,1.8939591404,-8.143512
0.077926,-0.174889,0.052792,3.9766704757,1.6515933088,-6.669103
0.062056,-0.172286,0.038947,5.3332502447,0.1357683933,-6.362287
0.058580,-0.189995,0.032727,5.3123895444,-0.0708613996,-5.628731
0.061859,-0.185311,0.054217,4.4282132045,0.4827322570,-4.963826
0.035051,-0.199208,0.063109,4.5383319436,0.0463855079,-4.919048
0.058652,-0.188852,0.056731,4.7388908864,0.0579977869,-3.137333
0.064570,-0.184122,0.079794,3.7343400353,0.3079366739,-1.786330
0.075386,-0.181454,0.089516,3.3128592903,0.0739786091,-0.927073
0.090409,-0.156297,0.098608,2.4072547297,0.6045314986,0.415563
0.093354,-0.156035,0.103841,1.9062486153,0.4639294536,1.184868
0.117969,-0.121060,0.083906,1.9781257630,-0.2040296748,2.565209
0.105568,-0.108456,0.132792,0.8303111018,0.7511690145,3.969207
0.114263,-0.077190,0.119340,0.5197169624,1.1293981845,5.256848
0.110134,-0.056491,0.142074,-0.4101946722,1.5180239868,6.138780
0.119167,-0.018041,0.138648,-0.1689775530,1.8110262928,7.910739
0.114837,-0.016915,0.142564,0.4670784003,1.3090595205,8.172011
0.114640,-0.004323,0.169319,-0.2533953299,1.4277464143,8.671519
0.113308,0.019491,0.167097,-0.3017830455,1.0063244322,9.299157
0.113918,0.044309,0.186785,0.0254315149,0.8668466759,10.675244
0.099502,0.066640,0.207582,-0.5699021733,0.2488784806,10.656008
0.109585,0.080252,0.205862,-0.5893184656,-0.5901175242,11.221651
0.103024,0.107988,0.240938,-0.6691502732,-0.9710602711,11.521708
0.085699,0.121292,0.260213,-0.6885502215,-1.1036799672,11.257592
0.082075,0.160724,0.238309,-1.1241979732,-1.4617920073,11.667877
0.052494,0.181807,0.284752,-0.9290290751,-1.1883155598,12.194822
0.043192,0.227538,0.269578,-0.6694191609,-1.3379519983,12.845460
0.026832,0.252518,0.253881,-0.0660512589,-1.9406721364,12.259242
0.006005,0.262680,0.252959,0.5663417009,-2.2162973996,11.935380
0.005850,0.288677,0.256819,1.2652468751,-2.5148401283,11.697691
-0.006321,0.280661,0.258384,1.5939054328,-2.7345788080,11.199778
-0.023783,0.322562,0.254163,1.2830694866,-2.8407304596,10.723896
-0.043183,0.337428,0.279730,1.1453770248,-3.0053927992,10.963848
-0.020869,0.351335,0.262983,2.2697144389,-4.1652452731,11.056787
-0.031520,0.354119,0.277807,1.0005296640,-3.1155977875,10.327347
-0.018430,0.348929,0.246344,1.2475784290,-3.6799107746,10.395937
-0.028691,0.350860,0.277885,-0.5813570900,-2.2574620172,9.696590
-0.027099,0.364597,0.259133,-0.5257537326,-2.1475641772,9.703989
-0.018860,0.384967,0.231199,-0.0613025786,-2.5197871808,10.149396
-0.014852,0.383743,0.213550,-0.6504196609,-2.1260278989,9.470791
-0.004092,0.382066,0.198303,-0.6054107167,-2.0543781208,8.807098
0.008851,0.376062,0.193674,-0.3355848705,-1.5483120459,9.103651
0.017782,0.375960,0.165042,-0.5737329053,-1.3302745420,8.479774
0.020198,0.363536,0.118910,-0.3503591630,-1.2513898712,8.382010
0.019998,0.357260,0.109867,-0.1504427986,-1.0103405707,7.593296
0.030167,0.322542,0.092365,-0.0374679101,-1.1225283239,6.771026
0.047862,0.325355,0.073367,0.3486342319,-0.6400517970,6.571073
0.040756,0.297159,0.070855,0.3691411990,-0.5202186882,5.557164
0.063424,0.289054,0.049126,0.3035750491,-0.4276785911,5.158700
0.058031,0.271264,0.060283,0.1902118588,-0.0992013964,4.451731
0.077660,0.258741,0.026825,0.5567535974,-1.1168884821,3.891101
0.071457,0.233184,0.019567,0.3397556824,-1.0300538960,3.574842
0.085115,0.208149,-0.006052,0.3000620901,-0.4610812146,3.271328
0.072615,0.197018,-0.008727,-1.4318599118,1.3656538835,2.458603
0.098123,0.173043,-0.047027,1.1321270622,0.0046435923,2.422303
0.098645,0.162661,-0.070690,0.7635089434,0.6018062819,2.025713
0.080464,0.139260,-0.077773,1.4041130372,0.3679551200,1.070346
0.092970,0.115069,-0.146491,1.8847556151,0.0196924852,0.579037
0.091276,0.090936,-0.111205,1.6153587402,1.1159114105,-0.053143
0.116029,0.079264,-0.135807,2.0120766839,1.1608050453,-0.246032
0.111279,0.061407,-0.138837,0.9378492926,1.6320726246,-0.484599
0.133784,0.035985,-0.163045,2.7899081244,0.1422186200,-0.568357
0.131611,0.021316,-0.156532,1.8463016617,0.7299302842,-1.340698
0.142121,0.001480,-0.161669,1.9692795585,0.7429022497,-1.436735
0.148942,-0.010839,-0.172301,1.4737831307,1.2011592617,-1.624851
0.155333,-0.028807,-0.170020,1.4227222413,1.1318812070,-1.293184
0.166358,-0.032119,-0.170056,1.3282413121,1.4570754373,-1.689436
0.170823,-0.040637,-0.184748,1.6015041456,0.9159245488,-1.254204
0.185206,-0.050051,-0.183261,1.3135637592,1.7153031700,-2.114153
0.188469,-0.068190,-0.176939,2.0528762232,1.6331979203,-2.106157
0.211072,-0.052949,-0.200566,0.9754089999,2.4828919460,-2.371440
0.204441,-0.068305,-0.169898,1.4360356411,3.0606586918,-2.553212
0.235148,-0.061648,-0.194162,2.4163254202,2.2371263954,-2.963749
0.257036,-0.058113,-0.202739,3.6195736231,1.3467794170,-3.024097
0.261996,-0.068180,-0.191700,2.8960850465,1.7008744435,-3.186984
0.273566,-0.045735,-0.177806,2.8205903450,1.8550677849,-3.636140
0.293966,-0.046565,-0.177763,2.4853727231,1.7653958322,-3.154590
0.317065,-0.033330,-0.175130,2.3956193947,1.1056365073,-3.876929
0.317771,-0.033629,-0.150890,2.3650976336,0.9859412662,-3.600509
0.350418,-0.000732,-0.151139,2.3481367515,0.6862161568,-3.346510
0.350641,0.007237,-0.116168,1.3880644835,1.5138202096,-3.420664
0.382615,0.021706,-0.111356,2.5030248055,0.7395621358,-3.601769
0.408461,0.049768,-0.100192,2.4458415572,1.1678678443,-3.364517
0.439900,0.059313,-0.099474,2.6357815429,1.0682795499,-3.489627
0.466747,0.090972,-0.095380,2.8874419083,1.4936640891,-3.007699
0.479464,0.103534,-0.099677,2.8999234691,1.0278927865,-3.280490
0.490338,0.130253,-0.079441,2.6976304865,0.6301590627,-3.442751
0.488842,0.139592,-0.060961,2.2002360186,0.9957005729,-3.438792
0.508956,0.178896,-0.074849,2.1732218709,0.9463706965,-3.913811
0.518019,0.192570,-0.033953,1.9012994095,1.3139571776,-4.107875
0.537103,0.221174,-0.030027,1.7240799603,1.2303680876,-3.882529
0.548497,0.252199,-0.007365,1.3545659108,0.6646329797,-4.046320
0.558045,0.262746,-0.003265,1.3712073449,-0.2832592109,-3.800876
0.573200,0.301554,0.025870,1.2427885002,-0.1800111745,-3.737889
0.580500,0.307554,0.054026,1.3944689955,-0.2864748501,-4.168493
0.612028,0.317720,0.061507,0.9317098036,-0.5554812823,-4.133462
0.608703,0.338426,0.096327,0.4081869145,0.2730064750,-4.390832
0.633164,0.359525,0.109762,0.2224007915,0.6644234704,-3.660470
0.635258,0.386267,0.109995,1.2183836941,-0.3655595386,-3.155982
0.638425,0.395799,0.108958,1.6769661558,-0.0621934156,-2.759096
0.648608,0.414943,0.120794,2.0976718149,-0.3159698390,-3.247228
0.657148,0.408335,0.132339,2.2140957310,-0.5183657010,-3.834525
0.668542,0.419705,0.122564,2.1686034606,-0.7536346248,-4.026695
0.649356,0.427993,0.149174,1.8236206402,-0.4692163975,-4.035831
0.663989,0.453193,0.151137,1.4135746643,-0.8303628612,-3.473493
0.641839,0.447619,0.180696,1.4124358136,-1.0272134084,-3.421424
0.671181,0.458054,0.180141,1.4504689350,-1.4511381098,-3.193317
0.677129,0.450390,0.193162,0.9475204540,-1.2812444325,-3.056279
0.687475,0.434204,0.197059,-0.2152523956,-0.3139720856,-3.065922
0.708315,0.443089,0.184864,0.9700414105,-1.2033869915,-3.003109
0.712507,0.438806,0.177810,0.7550584194,-1.0519624548,-2.177017
0.703388,0.438445,0.169762,0.9128870578,-0.8063372343,-1.832841
0.701127,0.418025,0.177318,0.6338769665,-0.6382508883,-1.595031
0.693551,0.413035,0.174965,0.3866727292,0.0569748129,-1.603867
0.681242,0.390423,0.173156,0.8259823948,0.0898354739,-1.986061
0.680483,0.394069,0.155995,0.1090199704,0.1231361278,-1.948756
0.641363,0.376098,0.176169,0.1753452378,0.3086068607,-1.890011
0.629638,0.370127,0.172654,0.5903924914,-0.4277002084,-1.876281
0.587725,0.347826,0.176264,0.3110449221,-0.1991043915,-1.780194
0.585522,0.345243,0.179727,-0.1519722305,0.4038023754,-1.420541
0.579305,0.319003,0.189644,-0.2953178565,0.0980524681,-1.697342
0.574549,0.293128,0.178677,0.1595912351,0.0262941276,-1.484232
0.553309,0.285253,0.173609,0.4279856502,0.2674888911,-1.546658
0.527026,0.255938,0.156002,0.6652616142,0.4018129161,-1.157706
0.518541,0.251247,0.135411,3.1249686151,-0.4588875867,-1.417012
0.495984,0.212905,0.137361,1.2076772204,0.5020423049,-1.645584
0.485664,0.207597,0.131574,1.7183441501,0.0045713728,-2.027273
0.454606,0.162795,0.123699,1.6189014736,-0.0717423952,-2.370498
0.419096,0.157826,0.120026,1.0577463684,0.1770084516,-2.789974
0.366561,0.129466,0.129966,0.8748002828,-0.4943274637,-2.163823
0.327096,0.131264,0.118536,-0.5930923619,0.5202158955,-2.067661
0.269713,0.096937,0.125331,-1.2472888146,1.3314464013,-2.472728
0.266657,0.087352,0.103601,-0.1145358409,0.4134081043,-1.792311
0.224494,0.059648,0.105610,-0.0725609606,0.9740447296,-1.760501
0.210563,0.046847,0.084737,0.5664531032,0.9813435549,-1.481806
0.158970,0.019819,0.087258,0.6106815828,1.4047015287,-1.708016
0.128955,0.000853,0.104054,0.8212184081,2.4093240069,-1.237974
0.093521,-0.026693,0.085393,0.6211423589,1.7940961244,-1.610039
0.079101,-0.052391,0.075802,1.4099492670,1.6292297666,-1.255302
0.047344,-0.066641,0.070222,1.9317354331,0.6960919169,-1.546635
0.002296,-0.111882,0.072077,1.5421490351,0.4377844816,-1.653682
-0.027387,-0.115743,0.061451,1.2520375165,0.5350965915,-1.742358
-0.080537,-0.133917,0.075700,0.7372891912,1.3159803390,-1.192556
-0.091425,-0.131505,0.071190,1.1750436513,1.0190673051,-0.811698
-0.124059,-0.139898,0.060322,1.1912705225,0.9344930705,-0.405162
-0.150446,-0.158421,0.047452,1.3873384903,0.8028387525,-0.109940
-0.155406,-0.158726,0.029763,2.7720528892,0.1817724454,0.024870
-0.169704,-0.185527,0.026720,2.3956181722,0.4235763897,0.129915
-0.189950,-0.188222,0.031332,1.7080089893,1.3229063493,0.610690
-0.201537,-0.202113,0.017476,2.6785977460,0.4067133891,0.839548
-0.204905,-0.173103,0.000519,3.6027349926,0.0657180534,1.326422
-0.233964,-0.197068,0.014995,2.6037780157,0.4808958148,1.682944
-0.237414,-0.193254,-0.001496,2.7508933356,0.7468930234,1.820124
-0.256062,-0.207854,0.007245,2.6400501704,0.7677210297,2.070682
-0.257907,-0.181460,-0.010460,1.8873912560,0.4715235491,2.571405
-0.276521,-0.180584,0.019804,1.8717001796,0.0274298076,3.292258
-0.286684,-0.160226,0.011772,1.3827448812,-0.2977816118,3.484385
-0.307301,-0.160413,0.044904,-0.6244732149,1.2296066638,4.176523
-0.283168,-0.142737,0.023634,0.7143123571,0.1081732950,5.294998
-0.298724,-0.142412,0.044038,0.0416454063,1.0869199596,6.046020
-0.272313,-0.120574,0.023158,1.1882598891,0.6154185006,6.838992
-0.282072,-0.118168,0.029799,1.2946601087,0.4678210868,6.963471
-0.258658,-0.107228,0.006257,1.7764136580,0.1722307109,7.053699
-0.256682,-0.109335,0.033183,2.2133566202,0.0590741215,7.730722
-0.239357,-0.094814,0.017726,2.5754724777,-0.6930088150,8.294405
-0.244928,-0.083489,0.048804,1.9914283210,-0.3022349684,8.022970
-0.213269,-0.060932,0.044392,2.2116376708,-1.0253611863,8.524573
-0.212251,-0.044093,0.070143,2.2313552007,-1.1222114226,8.691652
-0.190305,-0.016724,0.059557,2.2492893750,-1.9022325215,8.862953
-0.187072,-0.003047,0.077706,2.2983260509,-1.8860925076,9.201198
-0.151661,0.042963,0.061648,2.5237064392,-2.3293222240,9.648374
-0.135787,0.060117,0.076216,1.2027859561,-1.0970336134,10.434112
-0.096785,0.080314,0.041993,1.8868589938,-1.9556383560,10.082316
-0.069255,0.080938,0.057739,2.0911436346,-1.3066369790,10.383934
-0.017763,0.103350,0.026506,2.1823200648,-1.7050227695,9.959876
0.023188,0.125792,0.053997,2.6835581924,-1.2418008658,10.302891
0.068673,0.155935,0.036025,1.8870061771,-0.9611474270,10.213943
0.100808,0.174205,0.056084,1.4127792518,-1.1581145559,10.676095
0.163966,0.196174,0.042646,2.4586686648,-2.3821129535,10.265528
0.193189,0.229800,0.056337,-0.0191205369,-1.1820077414,9.945257
0.240758,0.235176,0.036268,0.9797291685,-2.0324653025,9.604996
0.284923,0.264561,0.054371,0.2848371850,-1.5623255237,9.200423
0.315000,0.278147,0.046181,-0.8533649564,-1.1968234619,9.351777
0.342865,0.323313,0.039610,-1.4457328300,-0.3464547157,9.328848
0.379812,0.338586,0.034200,-0.7651907436,-0.8443512454,9.293517
0.418286,0.371880,0.009274,-0.6648772455,-0.9729291700,8.403405
0.454061,0.361980,0.040759,-0.5650931630,-0.2506120693,7.056329
0.512373,0.374815,0.023749,-0.3114686774,0.0452704257,6.085479
0.545818,0.380565,0.032395,-0.4555108360,0.1718360886,5.590307
0.596085,0.403421,0.030862,0.8920374235,-0.7962938602,5.827769
0.603412,0.414739,0.023802,-0.1834624436,-0.3560562737,4.770401
0.634473,0.424235,0.030032,0.2764211979,-1.0145344410,4.025166
0.661396,0.432897,0.025302,0.4450400081,-0.8575960945,2.988579
0.690938,0.420628,0.029838,0.1445474520,-0.7705844691,1.869389
0.701484,0.427918,0.042761,-0.5013492980,-0.9053664564,0.643884
0.685325,0.448896,0.026080,-0.6481356409,-0.6084338603,0.019695
0.682886,0.478402,0.003359,-0.9164871443,-0.5771382983,-0.238115
0.662194,0.496258,0.016830,-0.8087107893,-0.5810621757,-1.071917
0.678852,0.490757,-0.004142,-0.3978230944,-0.4580298119,-1.842594
0.690291,0.487849,-0.009111,-0.1399530334,-0.0917657645,-3.367247
0.705246,0.464530,-0.017816,-0.1546320712,0.0887433963,-4.025274
0.699196,0.475753,-0.043045,-0.0857908050,0.5819279669,-5.084438
0.682325,0.463769,-0.062060,1.1292862845,-0.1741347789,-5.719180
0.657513,0.468269,-0.055817,-0.0570353172,0.7503159327,-5.865177
0.639663,0.438553,-0.045100,0.9162315110,0.8362875285,-7.366580
0.645341,0.430646,-0.075791,0.2536152197,1.0269264461,-8.300837
0.614500,0.400234,-0.053926,0.5555775411,1.1305225287,-9.552287
0.600553,0.387226,-0.069186,0.5222376113,0.7460360764,-10.339852
0.560966,0.369179,-0.055886,1.0685419357,0.4550929227,-10.756628
0.539762,0.365384,-0.057862,0.7214974515,0.4731342435,-10.613038
0.502660,0.349612,-0.051744,0.6971253882,0.6431165916,-10.814465
0.491842,0.315849,-0.072252,0.7069348393,1.1778910594,-10.956778
0.481016,0.286150,-0.069144,1.1837354848,1.3112840024,-11.927894
0.459729,0.244085,-0.072928,0.8612212472,2.1061349568,-12.211073
0.449423,0.233736,-0.089163,1.9170387040,1.8568504353,-11.823072
0.406994,0.189570,-0.085773,1.9103463925,1.8030150119,-12.513766
0.397790,0.179106,-0.109314,2.5864274136,1.4171596905,-12.142017
0.365048,0.129036,-0.090506,2.6567159974,2.3860350889,-12.539415
0.361693,0.100514,-0.097281,3.0611651681,2.0068296015,-12.507506
0.351816,0.063889,-0.089321,2.1174560361,2.1559494373,-12.705887
0.335762,0.035818,-0.085031,2.7737166432,1.4721781518,-12.637733
0.321808,0.035667,-0.095459,3.3952832715,0.4747151324,-11.421193
0.280535,-0.003375,-0.094110,2.2323363522,1.1286479815,-11.485962
0.264789,-0.010567,-0.084558,1.5639410073,1.1436032847,-10.555703
0.230927,-0.042091,-0.055128,1.1946451290,2.1139800605,-9.906354
0.230668,-0.067048,-0.049728,0.7818291974,2.0297018928,-9.520123
0.221786,-0.088902,-0.050352,0.9307477307,2.1195303586,-8.749816
0.209723,-0.122074,-0.051645,1.7496005570,1.6198170577,-7.845996
0.188472,-0.142350,-0.026663,1.3391664710,2.0645003676,-7.344479
0.169444,-0.162202,-0.015391,2.9206883207,1.4663505645,-6.228109
0.161514,-0.165252,-0.005458,1.7072369209,2.5384330875,-5.450591
0.135878,-0.191439,0.017565,2.3244151102,1.9829850688,-5.052421
0.135700,-0.222556,0.005456,3.8264562915,1.3841867098,-4.806701
0.114427,-0.236934,0.033511,2.8959171420,1.8091056245,-4.354282
0.081186,-0.248350,0.066395,2.7171014271,2.1135457210,-3.984536
0.069851,-0.236353,0.073330,2.8082562271,1.5639724661,-2.823104
0.058757,-0.220797,0.085594,2.8993483531,0.4976826564,-1.714943
0.059965,-0.232906,0.098008,3.7867014469,-0.1037807009,-0.896854
0.066740,-0.222038,0.099534,3.4618609008,0.1614889690,-0.280937
0.071306,-0.229440,0.120985,2.8509253215,0.5525015054,-0.442801
0.081038,-0.199829,0.096534,2.2925480580,0.9361457152,0.871123
0.087892,-0.184687,0.116705,3.2655202544,0.4191549938,1.646737
0.103309,-0.157968,0.113045,3.9065050406,0.1372852103,2.492966
0.113567,-0.138618,0.106700,2.9765518652,0.3448190620,3.403462
0.146103,-0.121667,0.101490,3.6687455444,-0.1129583171,3.870734
0.176501,-0.087149,0.092044,3.8111425395,-0.2964234867,4.570773
0.179298,-0.072542,0.100384,3.2065797173,-0.5090230110,5.225583
0.206526,-0.029736,0.074561,2.6921655673,-0.6278404551,5.714568
0.202849,-0.009861,0.113616,2.5215801727,-0.6292830256,6.732108
0.226417,0.030378,0.127760,1.5228635847,-0.3228828983,7.555783
0.230304,0.045264,0.158703,-0.0896650092,0.1504176483,8.263414
0.268649,0.065878,0.156964,0.4178066481,-0.7403816577,8.827932
0.288245,0.095538,0.172828,-0.2271564502,-0.4545245130,9.007645
0.311232,0.112945,0.183489,-0.2003449983,-0.6891397161,9.680433
0.321949,0.147109,0.194518,-0.6796983990,-1.0611441610,10.037388
0.317104,0.186925,0.225928,-0.9910673770,-0.2795510506,10.621961
0.341857,0.227463,0.238992,-2.0201539132,0.3400407832,10.952115
0.348852,0.235882,0.248652,-1.3869034342,0.0166827867,10.226952
0.374275,0.271671,0.232358,-0.6069639390,0.2034016193,10.194048
0.362914,0.287019,0.242077,-1.7690721521,-0.1530508497,9.774490
0.365872,0.307666,0.232919,-0.8952800724,-0.9617465725,9.779856
0.348796,0.348345,0.233809,-0.4680178662,-1.1365487232,9.302621
0.331449,0.365479,0.234820,-0.4282297035,-1.6033596038,8.299970
0.334232,0.403930,0.245990,-0.7205798516,-1.3913969139,7.670575
0.321926,0.405243,0.254826,-0.7296398790,-2.1027813417,6.686421
0.321411,0.432064,0.236182,-0.2020983989,-2.9777726950,5.971971
0.298122,0.436006,0.266439,-0.4369705419,-2.4879451799,5.218510
0.291948,0.449930,0.255653,-0.5784740135,-2.2235363822,4.923648
0.281148,0.451253,0.257971,-0.4565561056,-2.2592523714,4.168309
0.297216,0.457670,0.250287,0.3191718014,-2.6994022236,4.055115
0.280456,0.460913,0.244907,-0.1063268361,-2.2120454823,2.845349
0.279527,0.448568,0.202284,0.5482527879,-2.2977783160,2.866110
0.279576,0.463404,0.208879,0.5811770434,-1.9456398327,2.403394
0.267736,0.454752,0.175427,0.8382357332,-1.8401791214,1.578317
0.254183,0.459997,0.158986,0.3825509656,-1.3839922912,1.305609
0.227950,0.428771,0.116252,0.3157289495,-1.4080874180,0.836535
0.230218,0.427652,0.086417,1.3906224604,-1.7348812444,0.178508
0.208695,0.393213,0.071699,0.8024071620,-0.8492240271,-0.339556
0.207481,0.374989,0.040480,-0.2112300590,-1.1226771943,-0.793458
0.175805,0.348572,0.070232,-0.8923984878,-0.2597415215,-1.171214
0.179432,0.345736,0.041487,-1.0625635811,-0.1084601087,-1.073141
0.155126,0.316515,0.024665,-0.6717485526,-0.0398426230,-1.474580
0.156436,0.300225,-0.007283,-0.4093155294,0.2752607067,-1.455591
0.129923,0.270761,-0.009614,-0.5947439102,1.1209093300,-1.136475
0.129454,0.234566,-0.024713,0.2736648729,1.0399874641,-1.674709
0.106372,0.209143,-0.050316,0.9218255437,0.7601026774,-2.159644
0.095300,0.168277,-0.080675,0.6451206523,1.1096437468,-2.826290
0.064284,0.132111,-0.077590,0.5464811411,1.3418191018,-3.446340
0.046280,0.093746,-0.083370,1.1001266324,0.5303732221,-3.439939
0.014762,0.069177,-0.087617,0.7303933029,0.7649283100,-3.192692
-0.005448,0.031028,-0.095348,1.1691913865,1.0354468851,-3.610645
-0.019730,0.011505,-0.095948,1.1410036532,0.4255442990,-3.963583
-0.030059,-0.035205,-0.104177,1.8211747444,0.2861031867,-3.603853
-0.055649,-0.056600,-0.106849,2.1980970614,0.7152797904,-3.488512
-0.079017,-0.104218,-0.119483,2.1976062442,0.7960896700,-3.659116
-0.082749,-0.119934,-0.122411,2.8221774174,0.8141646749,-3.661798
-0.110965,-0.160009,-0.110266,3.6284211572,0.5197057955,-3.401435
-0.096424,-0.176674,-0.141853,3.9783120349,0.4348405727,-3.575597
-0.134562,-0.207129,-0.116762,3.1276408554,1.3071828694,-3.550697
-0.133515,-0.221811,-0.145946,3.2367134381,0.5398101244,-3.273895
-0.134123,-0.243213,-0.120711,3.7222185104,0.7250615768,-2.888946
-0.123609,-0.250917,-0.105218,3.3869143501,1.1492097352,-2.060288
-0.128083,-0.272771,-0.087401,2.2780874457,1.4672552001,-1.614844
-0.097819,-0.283928,-0.106399,2.9258594034,0.9620991424,-1.052837
-0.100376,-0.278351,-0.110499,2.4242082894,1.0508639254,-0.514829
-0.080336,-0.284654,-0.116509,2.5130746386,1.2032749572,0.109294
-0.052557,-0.278125,-0.108851,2.9379953178,1.1586511628,0.788730
-0.020143,-0.293654,-0.134576,2.8031618993,1.8287928315,1.251023
0.001580,-0.288629,-0.108267,2.6424513625,1.5150760163,1.417187
0.038668,-0.291169,-0.115571,4.0500511749,0.5294884082,2.380281
0.052753,-0.272289,-0.094258,2.5445172340,1.2517951301,2.261608
0.091873,-0.276664,-0.095325,3.6014706136,0.1700500846,3.135617
0.119180,-0.244621,-0.067585,2.7356652858,1.1117772676,3.317641
0.149638,-0.235647,-0.057504,2.3613402342,0.9954452596,3.646168
0.160641,-0.204027,-0.046856,1.5115316086,0.9447115433,4.230836
0.194656,-0.180472,-0.034412,1.8362686328,1.2249925683,4.866175
0.220325,-0.150540,-0.037367,1.9619750914,0.7212045415,5.055349
0.259097,-0.123315,-0.038916,1.9263810139,1.0759897908,5.211416
0.290461,-0.094256,-0.024309,1.4031410496,1.5843235882,5.480339
0.332397,-0.059163,0.000664,2.9622646281,0.0013148413,5.591168
0.341555,-0.033403,-0.006456,1.4912027221,0.6727188791,5.314507
0.372798,0.003617,-0.006466,3.0417435136,-0.1286656908,5.597499
0.400265,0.027992,0.012307,1.4894239945,0.3392660325,5.231356
0.421985,0.050861,0.040463,1.4647659470,0.0100990415,4.859039
0.462188,0.101456,0.046172,1.0881200830,-0.3442047314,4.808027
0.485756,0.122864,0.056771,1.2373899002,-1.0434058241,4.611221
0.493168,0.172245,0.083755,0.6603051481,-1.2123519350,4.399060
0.511825,0.198223,0.089267,0.8003642033,-1.5039525353,4.476240
0.522247,0.243793,0.120361,-1.8196251294,0.3508968252,4.301151
0.544026,0.278222,0.119012,0.3763807973,-0.7971133360,4.118244
0.567108,0.328394,0.095539,0.5680776817,-1.0563625927,3.591540
0.573135,0.349323,0.129184,1.4067051084,-0.6487552810,3.135894
0.586665,0.373301,0.123798,0.7719984232,-0.7640575077,2.145165
0.598862,0.396420,0.144444,0.7191246332,-0.6257475984,1.979573
0.622355,0.426211,0.145209,1.0241886979,-1.1673391387,1.136101
0.631184,0.445256,0.156327,0.5105847260,-1.4042733131,0.560551
0.642853,0.464035,0.154659,0.5859418366,-2.0973009687,0.668734
0.653118,0.479134,0.187323,-0.2471445515,-1.7595589201,-0.475863
0.667042,0.486880,0.181126,-0.4849437518,-1.6656672169,-0.959648
0.679968,0.524816,0.165147,0.3118254188,-1.7983545316,-0.680648
0.671017,0.517709,0.185623,-0.8675309254,-1.0896476399,-1.427983
0.674585,0.536360,0.160043,-1.1530078919,-0.6964842503,-2.146319
0.652730,0.544382,0.173786,-1.0261947062,-0.2732213696,-2.261737
0.664931,0.542899,0.134167,-0.1414391046,-0.7050237153,-2.786661
0.648105,0.539836,0.127005,-0.3446406885,-0.4301451829,-3.462177
0.650928,0.531056,0.109362,0.6233583375,-0.2958136882,-4.002404
0.645532,0.533983,0.110461,-0.0989270155,0.0277953829,-4.526127
0.629221,0.511883,0.110724,0.1301408124,-0.5831635008,-4.594891
0.625594,0.506585,0.102452,0.7200083610,-1.1132689368,-5.273630
0.595379,0.488922,0.105278,0.1879653072,0.0510254621,-5.901469
0.593295,0.472523,0.098658,-0.1956909890,-0.6566187355,-6.164655
0.566176,0.443533,0.111646,-0.7180567509,0.5809672248,-6.511493
0.565939,0.425446,0.093951,-0.3948836986,0.4034833710,-6.193589
0.551398,0.412340,0.082081,0.1047909237,0.3438612041,-6.313753
0.521846,0.382466,0.063713,0.1328392913,0.3672864017,-6.431257
0.489209,0.371670,0.047662,0.3439315192,0.4871268655,-6.993050
0.440527,0.342017,0.055815,0.3033539035,0.9274543735,-7.114839
0.430470,0.316102,0.028456,0.3962887032,1.1511101684,-7.572585
0.395620,0.287794,0.043651,0.8488614317,1.1538071283,-7.903297
0.366791,0.239129,0.029743,0.3759070284,1.4038600721,-7.747427
0.341188,0.238318,0.009461,2.0816473451,0.9922749652,-7.712939
0.286968,0.179989,0.006579,2.4083404432,0.3910460096,-8.285108
0.265590,0.155948,-0.002674,1.5910640283,1.3408717351,-8.532551
0.211279,0.110358,0.019361,0.9560557482,2.1160131307,-8.175698
0.208449,0.082615,0.019633,1.8945413976,1.0836879577,-7.967177
0.173373,0.051173,0.014000,1.5031130626,1.0398741939,-7.945333
0.152076,0.000426,0.018419,2.1203481987,0.4841508099,-8.046904
0.118615,-0.029365,0.023848,1.6368844165,0.7096209754,-7.981728
0.095756,-0.068764,0.032024,1.6508846869,0.3661701552,-6.929818
0.079357,-0.072601,0.009970,2.1643778701,0.6163584378,-6.254817
0.028443,-0.113034,0.035415,0.6341346116,1.9044033662,-5.967775
0.038783,-0.131442,0.001494,1.8722302713,0.9743719534,-5.164345
0.004291,-0.170224,0.015655,2.2335251156,2.1575249802,-5.040531
0.004990,-0.201559,-0.001151,2.3370593957,1.5579096136,-5.032650
-0.025989,-0.206994,-0.001673,2.5117766190,2.0522027214,-3.663817
-0.036237,-0.214862,0.015947,2.4513027258,2.1771308658,-2.623780
-0.050650,-0.227579,0.007183,2.2029211406,1.6663973405,-2.022260
-0.058531,-0.259914,0.013997,2.2885243474,1.4345004441,-1.969140
-0.048605,-0.267365,0.013872,3.0683574607,0.9467970178,-1.347531
-0.071241,-0.295545,0.019613,2.0299639460,1.5314146920,-1.181814
-0.066961,-0.287132,0.009546,1.7779688509,1.0388223840,-0.605335
-0.083596,-0.273296,0.045994,1.2438957140,1.3862585760,1.008951
-0.074412,-0.279293,0.035438,1.1178208472,1.2427425012,1.630278
-0.074310,-0.258141,0.026661,0.2676228508,2.2425803748,3.088659
-0.066445,-0.273349,0.006116,1.8056599154,1.1012287147,2.838363
-0.063783,-0.250569,-0.000341,1.7174056831,0.7788099004,3.655040
-0.084915,-0.238883,0.027878,1.7855826834,1.2938219288,4.050548
-0.067197,-0.226469,0.025479,1.5968924827,1.2958289142,4.505628
-0.065638,-0.226879,0.048128,2.8756507646,-0.1167787710,5.382213
-0.066767,-0.216799,0.053754,1.8156403778,0.4122913826,5.600371
-0.071924,-0.191160,0.073261,1.7210373860,-0.0014638058,6.138723
-0.069508,-0.179524,0.062738,2.3464922780,-0.4604381549,7.224491
-0.067909,-0.145570,0.079449,1.6780926900,-0.1177302011,7.191558
-0.071228,-0.146476,0.111581,1.1993288458,-0.0113535040,7.828913
-0.063068,-0.112664,0.085236,0.9949200866,-0.8321638605,8.398934
-0.064768,-0.102465,0.125541,0.9730307721,-0.7491112654,8.769095
-0.056851,-0.061674,0.109470,0.9293575019,-0.9245695882,9.796635
-0.052780,-0.045213,0.135775,0.3756823709,-0.1832650460,10.011461
-0.021417,-0.018573,0.114522,1.8223871065,-0.6959109405,10.382626
-0.019447,0.004953,0.144937,1.1046153487,-0.4864460933,10.232385
0.005857,0.030290,0.137371,0.8017337724,-0.4331603721,10.589055
0.017536,0.062422,0.136544,1.0308613496,-0.9466577669,10.682975
0.045371,0.077757,0.120118,2.1902264481,-2.0964145118,10.851102
0.055054,0.101381,0.144487,1.4642783307,-1.7987915349,10.268518
0.074677,0.124640,0.141549,0.8914019245,-1.4976765769,10.381529
0.086812,0.154465,0.155913,0.1322891031,-1.5604525521,10.136491
0.089769,0.171733,0.141707,-0.2861121942,-1.7005608571,10.401669
0.108164,0.215200,0.121615,0.1182379944,-2.2036997863,10.070461
0.111591,0.223501,0.133566,0.0737504291,-1.6585405097,9.828522
0.141645,0.258593,0.119774,-0.4174806127,-1.4950516324,9.595646
0.133593,0.277756,0.154620,-1.6951530540,-0.0351092161,8.722415
0.163739,0.307686,0.124901,-0.0572936210,-1.2541054625,8.553353
0.180207,0.318698,0.113639,0.1165433660,-1.9382949688,7.916114
0.211899,0.331844,0.080253,1.7407702804,-2.1221134301,7.176574
0.214673,0.347193,0.085869,0.3628668918,-1.3859841070,6.219894
0.226522,0.343750,0.104494,-0.1198936530,-1.5889558984,6.284538
0.252060,0.379876,0.093754,-0.4080914550,-1.5759171342,5.522201
0.251971,0.386881,0.106270,0.3777587515,-1.8186826494,4.818345
0.277951,0.389034,0.090261,-0.1123310432,-1.4182210741,3.871906
0.281171,0.395881,0.085374,0.7375811955,-1.9866698947,3.422544
0.306220,0.399101,0.069608,0.4923484080,-1.7817955423,3.196656
0.314012,0.403914,0.057854,0.5568158897,-1.5754825885,2.456795
0.312942,0.398383,0.017322,1.6718861573,-1.6093062311,1.969714
0.322744,0.406822,-0.007825,1.1932786866,-0.6452666872,1.573307
0.318460,0.385204,0.021553,1.0214533938,-0.2122128244,0.205466
0.354984,0.384134,-0.011747,1.6835703080,-0.4045806884,-0.239964
0.358680,0.369651,0.000595,1.0762050764,-0.5773601283,-0.786575
0.374488,0.357677,0.004682,1.6052035130,-1.7035259590,-1.459163
0.377747,0.345480,-0.008882,0.8152153665,-0.8262975660,-1.891000
0.382126,0.320307,-0.014508,0.3017722003,-1.0473412168,-2.095955
0.382303,0.308598,-0.011658,-0.4926463489,0.6094014935,-2.722149
0.388110,0.310564,-0.037777,-0.0735231379,0.3047041897,-2.753355
0.420527,0.304827,-0.080645,4.1752442521,-2.5156388214,-2.813958
0.392745,0.294198,-0.074074,0.3122432329,0.5645231438,-2.973298
0.389978,0.297221,-0.091363,0.2902362447,0.7391479220,-3.443914
0.371675,0.251379,-0.113161,0.3318794278,1.1117760309,-4.222049
0.373460,0.239565,-0.107680,0.2316301195,1.0845951356,-4.895746
0.361017,0.209770,-0.122431,0.4510144377,2.0553459210,-5.410967
0.371977,0.193325,-0.148244,1.4865428481,0.6352037406,-5.961005
0.338969,0.174865,-0.108307,1.0063086116,1.1704976433,-6.790267
0.347165,0.165638,-0.115193,1.5184823000,1.2362764941,-6.645472
0.325241,0.134314,-0.085008,0.9696255998,1.3532088031,-7.149044
0.332345,0.108468,-0.095459,1.0174206257,1.8383002164,-7.406013
0.330635,0.096073,-0.088389,1.5538687530,1.4037736285,-7.367319
0.331836,0.064565,-0.111284,2.2049090536,0.8120945069,-6.902932
0.321135,0.067654,-0.104968,2.7378812231,0.8459513835,-7.192109
0.306397,0.054439,-0.113782,2.5416162301,1.1111924439,-7.219219
0.301165,0.040485,-0.111264,2.7252487307,1.5150232648,-7.475502
0.306157,0.012867,-0.103721,2.8517779972,1.6840683830,-7.521951
0.307891,0.009407,-0.088408,1.8764418481,1.9375206184,-7.547061
0.302307,-0.011020,-0.102434,2.6846330786,1.6537868918,-7.955508
0.311107,-0.013294,-0.115784,3.6527432894,0.2552469643,-7.889111
0.296786,-0.023138,-0.105494,2.7735218313,1.2685587277,-6.983105
0.305176,-0.028666,-0.125792,2.5624360260,1.1554533881,-6.824271
0.291235,-0.052037,-0.063258,1.4907976170,1.7146312164,-6.886480
0.308153,-0.054676,-0.075413,1.4543563756,1.7892371349,-6.897262
0.309870,-0.048692,-0.042592,1.0006221510,1.6710144047,-6.246036
0.302484,-0.064648,-0.032151,0.6911813077,1.7541071422,-6.317984
0.289840,-0.062984,-0.013126,0.1310872182,1.5638437221,-5.980435
0.284664,-0.065367,-0.001696,0.0266553985,1.8816045045,-4.656456
0.276599,-0.060154,0.023585,0.4539706648,1.1539022565,-4.273695
0.275217,-0.066122,-0.002514,0.5690904026,2.5528174913,-3.511525
0.272916,-0.059754,0.024816,0.3159033267,2.8850266121,-3.519705
0.265104,-0.079721,0.032848,1.4682369715,1.3790190323,-3.228556
0.254603,-0.062117,0.030179,1.9723234424,1.2498424112,-3.126837
0.234604,-0.065593,0.064484,2.5192812916,1.1907991956,-2.867850
0.245577,-0.044225,0.063624,2.6284651992,1.1950912709,-1.972345
0.240043,-0.045774,0.094305,2.6235105312,1.0732915343,-2.410288
0.261566,-0.046316,0.107806,3.0358358067,0.4352598607,-2.200241
0.271393,-0.035976,0.104602,4.8398937115,-1.3875341884,-1.972919
0.277922,-0.030790,0.093701,3.7340635562,-0.7050622019,-2.039914
0.271186,-0.007911,0.108643,3.6301899901,-1.4477184960,-1.464529
0.275598,0.014846,0.130195,2.3604968307,-1.0833855581,-0.692375
0.283939,0.050841,0.111147,1.7560664232,-0.6973077336,-0.096934
0.285445,0.054347,0.130044,2.4391963159,-1.1746920512,-0.253736
0.310894,0.083892,0.108147,1.9679888859,-1.4605292609,0.757593
0.315594,0.100114,0.111938,2.0848476009,-0.8992020292,1.266308
0.345465,0.119671,0.120515,1.7871358090,-1.0166559788,1.850734
0.357616,0.135863,0.141283,2.3500012492,-1.7996084385,2.583558
0.387355,0.131796,0.152257,2.0159972333,-1.8911103641,3.098691
0.409469,0.145215,0.125991,1.0624194616,-0.4071875135,2.974156
0.426272,0.144397,0.133258,1.7451310269,-1.2254403956,3.631192
0.438578,0.162635,0.141641,1.0636460298,-1.0081390351,3.980519
0.433913,0.155886,0.196615,-0.2086410804,-0.2073489519,4.056790
0.461712,0.177491,0.187208,-0.3676484767,0.1867661591,4.912804
0.447982,0.186852,0.201273,-0.9425488506,0.0535555021,5.504910
0.471225,0.201508,0.216461,-0.9869983441,-0.3626392789,5.558276
0.462914,0.195508,0.240994,-1.3241605629,-0.8401193722,5.472332
0.471720,0.200209,0.240636,-1.2399204341,-0.8465291893,5.329729
0.465930,0.208776,0.258762,-2.4586290826,-0.2801204880,5.565192
0.456385,0.215452,0.224802,-1.8091230742,0.1158009184,6.225191
0.444630,0.232505,0.237557,-2.1853174149,0.6176432067,5.795877
0.423186,0.224180,0.202911,-1.0726579741,0.2197498898,5.675540
0.429515,0.241613,0.158700,-0.2022207104,0.3723474552,5.384624
0.408648,0.222887,0.187119,0.0956403197,-0.5545301070,4.339876
0.402234,0.226343,0.181290,-0.2411300222,-0.8481194497,4.001164
0.366712,0.224292,0.219432,-0.9621387252,-0.9223951560,3.802996
0.360695,0.223803,0.185383,0.1929982627,-1.0879232032,3.242411
0.329466,0.231221,0.170326,-0.1617077192,-1.3119639856,2.710934
0.310700,0.210470,0.141825,0.5049840307,-1.1310800019,2.533374
0.276491,0.208129,0.144996,-0.3316492169,-0.3654192939,1.403315
0.240798,0.193329,0.160949,-0.7429342785,-0.1710179171,1.406578
0.223588,0.202654,0.131108,-0.1046153117,-0.7549990350,1.260689
0.193248,0.200209,0.123499,0.0751788667,-0.1343683832,1.690452
0.171046,0.184561,0.102176,0.4252766077,-0.2306333082,1.061149
0.127143,0.162894,0.104198,-0.5516767343,0.2898198668,0.743514
0.109927,0.147460,0.064330,0.4179306221,0.4242250716,0.409506
0.078314,0.133598,0.068046,-0.1793282954,0.7384842811,-0.537603
0.063871,0.119825,0.045157,2.2636883497,-0.7241267659,-0.295126
0.027308,0.114606,0.005679,1.2100401547,1.1252290272,-0.920001
-0.010230,0.081719,-0.013940,1.9874780695,0.5754749954,-1.203912
-0.033939,0.070605,0.014847,1.3119147018,-0.4523150813,-1.879750
-0.070492,0.045386,-0.010890,0.9999745089,0.8772626556,-2.229153
-0.085050,0.034859,-0.004926,0.6833502966,0.0468714330,-1.986341
-0.116699,0.013405,0.008309,0.3601883105,0.6148524540,-2.233745
-0.110719,0.005816,-0.030345,1.3494497746,0.0317855719,-2.314785
-0.140763,0.005396,-0.025011,1.4807076528,0.9180748857,-2.139477
-0.148976,-0.020273,-0.050040,1.6175577027,0.4685961253,-2.440467
-0.176111,-0.034689,-0.037120,2.2540144829,0.3982236053,-2.646539
-0.168756,-0.022771,-0.076503,2.3718908024,1.3185393798,-2.182277
-0.199263,-0.045738,-0.088838,2.6386250137,1.6217185859,-2.400382
-0.191401,-0.064776,-0.098538,2.7473539353,1.0791566024,-2.374756
-0.202670,-0.065981,-0.113158,3.2460301185,1.5034950881,-2.692388
-0.199975,-0.083404,-0.106544,3.3383591342,1.1096596343,-2.460867
-0.208270,-0.083538,-0.084286,2.9792248847,0.5784328675,-1.913360
-0.208368,-0.102114,-0.092118,2.6863836194,0.8286849175,-1.932923
-0.200667,-0.096077,-0.073982,2.3495209610,0.3954716779,-1.793652
-0.201442,-0.107280,-0.070956,2.4213775787,0.0047529906,-1.234715
-0.194562,-0.105797,-0.045970,1.4253743581,0.1645908080,-1.026966
-0.175442,-0.103335,-0.029551,1.3474866533,0.2431033460,-0.006301
-0.168808,-0.080847,-0.069850,2.3889745187,1.2966152445,0.864034
-0.159968,-0.092562,-0.057849,2.6620352356,0.2037542795,1.331729
-0.135665,-0.075743,-0.118449,2.8284792656,1.1560357962,1.516206
-0.125096,-0.099823,-0.063521,3.0418517720,1.0502118183,1.335538
-0.093056,-0.093110,-0.054987,2.2770998714,-0.0260153289,1.068735
-0.070683,-0.077955,-0.025970,2.1411200961,0.4116887916,1.941273
-0.040553,-0.049674,-0.016910,2.0101434089,-0.1181774853,2.698624
-0.024312,-0.031906,0.005492,1.6080637399,-0.8343599007,2.869067
-0.004082,-0.022525,0.011072,-0.6301888230,1.1513789401,3.570857
0.042407,-0.003073,-0.002642,1.7615028731,-0.5154715261,4.233040
0.080227,-0.010238,-0.009961,1.3068435633,-0.0671005508,4.504012
0.109237,0.021936,0.005305,0.7636599786,0.0239438827,5.121157
0.137988,0.033786,-0.011265,1.5016363445,-0.4123795569,5.564470
0.172103,0.062733,-0.017445,1.4529634830,-0.5504154259,5.705671
0.178723,0.065222,0.015336,1.6212211134,-0.6998946613,6.029136
0.224878,0.105162,-0.009046,2.0356954657,-0.1626300247,6.449990
0.259622,0.118171,0.027468,1.3987948543,-0.4919202431,6.672790
0.300095,0.112807,0.032789,1.3838042125,-1.3667567962,6.201153
0.334659,0.139195,0.069595,0.3346442716,-1.1079711191,6.418076
0.373283,0.132807,0.059528,0.8528164290,-1.4502406154,7.131308
0.403236,0.176335,0.073363,0.8984482546,-1.2798459750,7.165209
0.421227,0.185106,0.084235,-0.2767537820,-0.2793776117,7.717979
0.457471,0.207499,0.077443,-0.9660761323,-0.2923689452,7.638482
0.481807,0.209557,0.101458,-0.6240083541,-0.0672541737,7.043812
0.518653,0.231763,0.103046,-0.4136553532,-0.5060120886,6.947516
0.521256,0.255367,0.090914,0.0959071624,0.1196320781,6.527340
0.547768,0.271359,0.091443,0.5017335849,-0.1178219392,6.160416
0.557970,0.285161,0.083312,0.4161984442,-0.1440491486,5.731638
0.587229,0.290417,0.104261,-0.0523346020,-0.3348581897,4.973431
0.607383,0.300576,0.123906,-0.2738048110,-0.7073598440,4.224530
0.609241,0.286080,0.123076,-0.3067384533,-1.4181405857,3.451762
0.611270,0.321718,0.132578,-1.3941641547,-0.2336131501,3.430780
0.612501,0.312212,0.115822,-0.4321430093,-0.5455896482,3.536173
0.631129,0.337241,0.107661,-1.4069309545,0.1463981041,2.800834
0.621948,0.330981,0.124418,-0.1589059161,0.2533608796,1.980490
0.641137,0.335862,0.091193,0.9971915030,-0.1823696520,0.685132
0.633531,0.340287,0.079574,1.7210295279,-1.1014674163,-0.425327
0.631063,0.328421,0.062328,1.3781629095,-0.5101218196,-0.610365
0.609894,0.340454,0.074913,0.8721990714,-0.0490268940,-1.752247
0.590032,0.324006,0.071962,0.8114181405,-0.2847665544,-2.509371
0.575334,0.342985,0.057667,0.3882644257,-0.2297082880,-3.111765
0.549780,0.331454,0.060135,0.5674209094,-0.4563081556,-3.843490
0.550683,0.337447,0.032805,0.7483100986,-0.8176388894,-4.607704
0.528470,0.325250,0.043936,0.9547721578,-0.3228301130,-5.522067
0.510246,0.325522,0.052471,-2.3497853647,2.7769643614,-5.897479
0.508845,0.327541,0.025276,0.5444762608,0.9474085472,-6.137784
0.491425,0.335005,0.011145,1.1170821500,1.0540290400,-6.580615
0.482992,0.329927,-0.021063,2.3641488017,0.5966298412,-7.067489
0.462204,0.287863,-0.039599,1.6758735749,0.5617181787,-8.506254
0.460494,0.294950,-0.028662,1.8334955022,1.4814533653,-9.376845
0.442956,0.265260,-0.044030,1.8481121521,0.8575821456,-9.466896
0.420498,0.273607,-0.033460,1.5075721684,0.8799255917,-9.609131
0.380619,0.238554,-0.038939,1.3930489370,0.2606315363,-10.338781
0.380134,0.244515,-0.046597,0.8466245959,0.7236828150,-10.405254
0.369288,0.216457,-0.020856,1.2972465356,0.7422689096,-10.332715
0.380058,0.197904,-0.033172,1.4220057207,0.7083881569,-10.788248
0.344624,0.198213,-0.013008,1.0857565815,1.6649115638,-10.433365
0.333969,0.198502,-0.040390,1.7672760347,1.3328638832,-10.405540
0.300971,0.177064,-0.033680,2.3096219965,1.0255126442,-10.596309
0.296038,0.156024,-0.036149,2.6192437022,1.0969991697,-10.971137
0.261884,0.128967,-0.024893,1.3576611982,1.4390621747,-11.168937
0.249017,0.115312,-0.020455,1.0530805212,1.0085809672,-10.314616
0.227569,0.117422,-0.002930,0.7746330387,1.3709337803,-10.049632
0.206975,0.086860,0.001347,0.8642272802,0.6601415586,-9.967210
0.184599,0.071961,0.000894,0.6380896121,0.7154896279,-9.438435
0.153908,0.034314,0.022124,0.4056325383,1.0689521656,-9.241509
0.149917,0.023098,0.025374,-0.8507754932,1.9289916200,-8.697129
0.145370,-0.006411,0.049231,0.6253260148,1.6509804289,-7.800521
0.149080,-0.025036,0.017818,1.5930865601,1.1796948629,-7.342020
0.135825,-0.054929,0.027980,2.8519413768,0.6428013649,-6.469902
0.141120,-0.072030,0.040020,2.3742429180,1.4649853635,-5.926520
0.121520,-0.102436,0.061153,2.1906342669,1.0135278511,-5.612797
0.130898,-0.109171,0.055973,2.9254252548,0.8439271751,-4.594746
0.121415,-0.127421,0.075602,1.8784675284,1.3796791995,-3.492181
0.132694,-0.137167,0.082633,2.0165403987,0.5745464261,-2.957783
0.125167,-0.153409,0.089969,1.1215783969,0.9549867682,-2.018139
0.129726,-0.156963,0.085915,1.4145907803,0.5926011034,-1.061124
0.111368,-0.144707,0.078241,0.8036553730,1.3049759378,0.028357
0.119036,-0.145294,0.057739,1.0489648534,1.3371404214,1.477029
0.114197,-0.128869,0.051492,0.3537041059,2.1319454822,2.568748
0.120788,-0.135769,0.046903,0.3673672671,1.8883087717,3.638590
0.119538,-0.129381,0.048397,0.5756474071,1.6836345563,3.842610
0.121934,-0.138322,0.028745,1.1369356010,1.8913662259,4.339529
0.117191,-0.127087,0.032612,1.1402758546,1.5597557148,4.646555
0.109228,-0.126230,0.057125,0.1756347897,1.7089043793,5.788266
0.101530,-0.112142,0.060286,0.2898592829,1.0063150050,6.308036
0.093098,-0.117433,0.069096,0.0759554067,1.0741986235,6.766567
0.079873,-0.096711,0.087688,0.2715409815,0.1145087763,7.199618
0.052445,-0.099311,0.115454,-2.1836330754,1.6673685684,7.720443
0.055084,-0.077807,0.106549,0.3020604462,-0.2217639601,7.932603
0.021170,-0.058411,0.132959,0.2133560360,-0.2892525056,9.329053
0.018856,-0.027058,0.129798,-0.1686273775,0.1412068147,9.527085
-0.014179,-0.018504,0.148383,0.2417909871,-0.2739417256,9.924119
-0.021279,0.005567,0.137276,0.3540905641,-0.2949131526,9.584534
-0.044292,0.017564,0.159350,1.2215263820,-1.0732262436,9.269491
-0.047020,0.037370,0.159534,1.2310928903,-1.2456325651,9.621007
-0.064797,0.052131,0.170494,1.7579748746,-1.3300861987,9.500735
-0.068736,0.085757,0.160919,1.7078213505,-2.1280226506,9.145705
-0.094234,0.086239,0.194334,1.3763197296,-2.0948183008,9.266151
-0.079765,0.110867,0.184280,1.3111418691,-2.7560876668,9.187385
-0.101715,0.119093,0.198060,1.0452547458,-1.9431616735,8.721620
-0.080560,0.149127,0.208560,0.8341999673,-2.3324592729,9.438603
-0.111257,0.157865,0.213838,-0.0069826715,-1.9982943418,9.578671
-0.091973,0.195948,0.176215,0.5729943423,-2.6448186868,9.948079
-0.107328,0.194835,0.180748,0.6644220625,-2.2184892301,9.811782
-0.084229,0.203675,0.153822,1.0174897657,-2.5366760296,9.284557
-0.086603,0.199867,0.184930,1.0400499193,-1.8833326973,8.789647
-0.072705,0.206974,0.161999,-0.2045578141,-1.3162005271,8.657933
-0.076138,0.211458,0.159245,0.9852459658,-1.0784279293,8.430092
-0.050082,0.227584,0.099948,4.2650924106,-3.8612472459,8.708630
-0.057501,0.211773,0.161497,1.2544368551,-2.1503196320,7.794727
-0.039214,0.225730,0.139586,0.5207167845,-1.7741100729,7.625557
-0.043028,0.212977,0.158674,0.5751415776,-1.5328635661,7.033021
-0.019825,0.233256,0.129992,0.5461147003,-1.3263875923,6.693532
-0.017199,0.230479,0.120220,0.7692925934,-1.4302401423,6.688070
0.003126,0.252889,0.094778,1.0112329143,-1.4511912141,6.474921
0.022066,0.242480,0.057230,1.5706826852,-1.3057657866,5.589828
0.040986,0.254960,0.054831,1.3932034967,-0.8411147585,5.119160
0.075625,0.235324,0.043746,1.7228833820,-1.4906464468,4.294507
0.111049,0.256936,0.013462,2.4754729710,-1.0527410415,4.084838
0.131115,0.238935,-0.008527,1.7365946976,-1.1730537515,3.465396
0.162521,0.236142,-0.051671,3.2436382104,-1.1353698182,2.202242
0.200250,0.217875,-0.056470,2.5252591886,-1.1316487831,2.034973
0.233044,0.223740,-0.022789,1.6416517281,-1.4537377986,1.619807
0.241976,0.209475,-0.038460,1.0901047950,-1.4346131096,1.482132
0.287569,0.227016,-0.063764,2.0039785562,-1.2588733233,1.417617
0.292023,0.212265,-0.062943,0.8281217641,-0.4952890298,0.774302
0.325941,0.218269,-0.081220,0.7941105187,-0.0988842348,0.653751
0.335043,0.201147,-0.079349,0.4459167862,-0.0303794704,0.463787
0.347805,0.210322,-0.099838,0.1541944830,0.0207346787,-0.019844
0.344477,0.202283,-0.092485,0.1679409201,1.1576722063,-0.060310
0.366157,0.194386,-0.103209,-0.5247559641,1.0531700087,-0.830940
0.369374,0.178236,-0.091914,0.4992492304,0.7754130327,-1.374522
0.401699,0.180429,-0.103406,0.0214050817,1.4983006890,-2.017042
0.398617,0.157337,-0.083849,-0.7066694689,2.1295965758,-2.104017
0.414652,0.163350,-0.081827,-0.0604354405,1.7587067465,-2.496964
0.430312,0.152538,-0.060219,-0.4936455008,1.6075149116,-2.924744
0.449721,0.142385,-0.064808,-0.1065093578,1.2844203808,-3.059947
0.447099,0.115374,-0.052952,-0.2667237545,1.5588629056,-3.502226
0.455807,0.120189,-0.073155,0.5079958925,1.6546766959,-4.192116
0.436214,0.114885,-0.079244,0.6984658067,1.6661902646,-4.331327
0.443137,0.119096,-0.091829,1.7531569028,1.7469228293,-4.606350
0.407174,0.115413,-0.084936,0.9906491674,1.8084866904,-5.601333
0.414560,0.102431,-0.092594,1.7774123526,1.2792625007,-5.921558
0.397944,0.098259,-0.100573,1.4941793629,1.4320345721,-6.701367
0.400091,0.088950,-0.090979,2.4930583721,0.3760037668,-7.035693
0.402694,0.095775,-0.086862,2.8962320592,-0.1315689229,-7.593504
0.387010,0.073723,-0.091041,2.3537662559,0.0354087443,-7.675352
0.391455,0.086613,-0.075203,2.1433789594,0.7600152575,-7.587002
0.392784,0.072807,-0.073746,1.6796469337,1.4370358279,-7.657590
0.401200,0.101906,-0.098653,2.0801576795,2.1274527886,-7.293414
0.397406,0.078735,-0.110371,2.3806503809,1.8329714147,-7.436318
0.407581,0.084995,-0.110059,2.7096718509,0.7339693175,-7.942962
0.399329,0.062057,-0.082750,2.2929968862,1.3151191084,-7.620423
0.390552,0.078177,-0.096221,2.1479324839,1.2287361934,-7.641539
0.373477,0.081660,-0.065116,1.5889430030,1.4695660115,-7.638927
0.383469,0.097137,-0.086035,1.2596771763,1.3444448705,-6.947793
0.377564,0.093565,-0.054717,1.0321061534,1.5894682965,-6.989240
0.397370,0.088008,-0.037065,1.4347211239,0.9570578813,-7.093349
0.392213,0.096864,-0.037084,0.7894215361,0.6666262091,-6.691648
0.386577,0.099421,-0.029906,0.8246338621,1.0335517469,-5.742662
0.386502,0.117691,-0.022346,1.5623624341,1.0589271157,-5.633987
0.375955,0.105120,0.006953,1.5253726273,1.2507908909,-5.630944
0.393191,0.105504,0.004176,0.6638366713,1.9239108426,-5.317786
0.391136,0.101043,0.044291,1.6329078117,1.3112052940,-5.344233
0.404329,0.111018,0.035776,3.6587467615,0.1387252830,-4.720813
0.391905,0.115233,0.035641,2.3676491926,0.4338306960,-4.777573
0.398479,0.110056,0.056790,2.7097925125,-0.0483556903,-4.668796
0.395413,0.131474,0.075064,2.5681297420,-0.1910208064,-4.309317
0.393263,0.114442,0.089592,2.3171305165,-0.5218822176,-3.574398
0.407109,0.139841,0.074374,2.2386442271,-1.2442384586,-3.446403
0.388747,0.126912,0.124376,2.2164686373,-1.3587157068,-3.060273
0.411442,0.135545,0.139833,-0.6854809710,0.2782441306,-3.120276
0.405011,0.128615,0.157295,-0.6820777691,0.6409406492,-2.168762
0.452009,0.148208,0.137374,1.6058271216,-0.9547278373,-1.049316
0.447975,0.145943,0.174065,1.2945882419,-0.7389853902,-0.436770
0.459851,0.161105,0.153714,1.1031570548,0.1512420676,0.169756
0.467686,0.160058,0.170953,1.4042342144,0.0569370051,0.247320
0.480957,0.144726,0.162616,1.7398921582,-1.0029983824,0.658321
0.466311,0.133765,0.156189,1.2908042671,-0.5869194268,0.915457
0.471248,0.150375,0.168009,0.6542918136,-0.6215613358,2.006461
0.450335,0.158111,0.204342,-0.5379860202,0.3837508792,2.131558
0.462241,0.161102,0.192621,-0.2840449544,0.0974157073,3.017892
0.460114,0.149800,0.204250,-0.9008146375,0.0854412797,2.957974
0.477484,0.156467,0.195138,-1.0276228186,-0.2235449328,3.207361
0.453395,0.149751,0.205133,-2.1844202504,0.4986991413,3.260592
0.467020,0.153227,0.208025,-0.5758675246,0.0708001890,4.117289
0.455873,0.150693,0.202511,-0.8966676433,0.2107060842,4.557221
0.469098,0.141213,0.195152,-0.5942656954,0.1498476224,4.728759
0.454064,0.135055,0.182412,-1.0485657695,0.9051188121,4.632892
0.451304,0.123317,0.182977,0.1945615122,-0.1870415757,4.319058
0.420222,0.121752,0.189722,-0.5709052526,0.5292530962,4.078060
0.395778,0.112446,0.185439,-0.1087407915,0.1912454242,3.968633
0.360285,0.112925,0.168383,0.0368950350,0.0184780752,3.877910
0.345731,0.107161,0.174390,-0.1008436240,0.1311137196,4.385381
0.304877,0.105901,0.173261,-0.0009659908,0.0922328549,3.925478
0.274662,0.098230,0.181690,0.2400667692,-0.5028921585,3.292544
0.245078,0.082891,0.189082,-1.0657409886,-0.0579515399,2.890665
0.210957,0.073224,0.173179,-0.8811067994,-0.1536197434,2.830655
0.183775,0.066190,0.181818,-0.3220856120,-0.0754206444,2.856993
0.165249,0.065402,0.145216,0.5213456584,0.0012091687,3.025123
0.126999,0.054928,0.161195,-0.2302498689,0.5392335287,2.607376
0.117437,0.058765,0.138894,-0.1428512594,0.8191383608,2.767428
0.076472,0.036701,0.121398,0.2094863761,0.7338050468,1.851043
0.064058,0.044693,0.084320,1.2870280136,1.0196479103,1.607626
0.025834,0.026486,0.073586,1.4057849346,0.7054949312,0.667995
0.000070,0.035161,0.041274,1.5460803139,0.9579936563,0.532466
-0.046124,0.030723,0.054378,0.8012796638,0.7369450888,0.389200
-0.060698,0.023295,0.026359,1.1090461362,0.4423922558,0.429580
-0.108273,0.039438,0.025555,0.7421844011,0.2844590913,0.297192
-0.130404,0.026095,0.027396,0.9889777682,0.1319177421,-0.385762
-0.156752,0.014928,0.028443,0.6655466931,0.1112526873,-0.881302
-0.167682,0.012026,0.039219,0.1771657770,0.8422941271,-0.503451
-0.176528,0.016113,0.010186,0.5928911138,0.4355235325,-0.341624
-0.191306,0.002563,-0.006745,1.5593587650,-0.2258413918,-0.368645
-0.214171,-0.000073,-0.020426,1.9611486995,0.0800191887,-0.693994
-0.232025,-0.009490,-0.015883,2.0778619352,0.0584544428,-0.260896
-0.241199,-0.011184,-0.010703,1.5086515648,0.4629231612,-0.338444
-0.246109,-0.023263,-0.025983,3.8105248070,-0.7118814307,-0.533053
-0.242400,-0.011850,-0.054330,2.1836195151,0.5911919445,-0.876363
-0.276790,-0.038467,-0.011790,1.7610530510,-0.4057046409,-1.082911
-0.263871,-0.031623,-0.015634,2.7787143539,-1.1312695594,-0.900992
-0.273515,-0.020223,-0.022530,2.6509213549,-0.5222695264,-0.024000
-0.257880,-0.019039,-0.019927,2.3384319661,0.0245789753,0.630345
-0.253721,-0.028771,-0.023052,2.3224242598,-0.7201891852,0.332464
-0.237637,-0.048141,-0.013904,1.7955568801,-0.3813022558,1.479480
-0.215803,-0.037522,-0.014705,1.4071471073,-0.1925377165,1.679893
-0.209888,-0.048997,-0.009991,1.9651845926,-0.6683964394,2.070201
-0.188188,-0.030954,-0.018210,1.6516930192,-0.5274377722,3.123392
-0.193804,-0.033150,-0.006699,1.6825521533,0.1863778160,3.360164
-0.163527,-0.039426,-0.023754,2.3967997054,0.0084248652,4.010727
-0.141800,-0.030281,-0.045940,2.4276726291,0.1590723377,4.349922
-0.137182,-0.039918,-0.027401,1.5411409546,0.0007084350,4.952959
-0.122943,-0.035553,-0.022143,1.8528246203,-0.9432856202,4.885695
-0.114773,-0.029907,-0.006892,1.0121693879,-0.4621211943,5.572128
-0.093266,-0.013902,0.001921,0.2503122594,0.3994315511,6.060897
-0.063107,-0.026178,0.011742,0.4719563163,-0.2016316812,6.005828
-0.023334,-0.017456,0.014778,1.0261598731,-0.4164149631,7.244358
0.000113,-0.000916,0.007307,1.1572512070,-0.3362541124,7.598790
0.029898,-0.004369,0.002778,1.9492829894,-0.7062408239,7.466130
0.067314,0.008911,-0.003807,2.1814529274,-0.7731706954,8.212026
0.082157,0.006174,0.024182,1.4935270212,-0.4063293168,8.365234
0.137588,0.018128,-0.007969,2.2979500111,-0.4280798276,8.262438
0.154886,0.018299,0.008538,3.2376742344,-1.4193557277,7.973361
0.179203,0.048534,0.003628,2.2990115050,-1.0771632661,8.157978
0.192966,0.053300,0.010091,1.8104176616,-1.0409346272,7.713664
0.237709,0.059622,-0.005199,2.3266469798,-1.2038232197,7.893674
0.275953,0.096825,0.006602,1.8379696123,-1.4850012488,7.858361
0.304513,0.112433,0.015412,1.2119385965,-0.4647707752,7.894590
0.346525,0.155325,0.006667,1.0826525593,-0.5750827603,7.442332
0.358493,0.158390,0.031368,0.5893369253,-0.2523765027,7.081431
0.415118,0.185152,-0.003886,0.5119487375,-0.4291067758,7.296711
0.453864,0.187338,0.036039,0.2823692292,-0.7289481485,6.559502
0.496992,0.208191,0.013698,0.3922464205,-0.2288572707,6.141067
0.521298,0.242184,0.018205,-0.4054539823,0.8143791026,5.868283
0.564787,0.259742,0.004882,0.4601030475,-0.5861381450,5.009138
0.590810,0.286376,0.018871,1.2329757966,-1.2759312758,4.124602
0.610823,0.293722,0.010465,0.2860027692,-0.3263326726,3.257251
0.635553,0.315846,-0.004989,0.1815103092,-0.1920869224,2.337348
0.622703,0.327072,0.030570,-0.1539036509,-0.1175429429,1.678946
0.646546,0.357050,0.039958,-0.6982667515,-0.0657054909,0.978628
0.649868,0.374588,0.041245,-0.8120706146,-0.4000375638,0.707669
0.667419,0.379522,0.056702,-0.6442765578,-0.8092057323,-0.025559
0.668010,0.413111,0.041077,-0.7194386412,-0.3237822795,-1.007110
0.658708,0.410423,0.050665,-1.7774667499,0.8505112803,-1.805285
0.673232,0.433659,0.036561,-0.4395164207,-0.1471247715,-2.625182
0.663438,0.422840,0.057785,-0.2342995380,0.2734512960,-4.360388
0.662496,0.437037,0.031673,1.3772724643,-0.2555401160,-5.044914
0.637651,0.433626,0.056311,-0.5192014482,0.0558687123,-6.037839
0.622798,0.427783,0.046726,0.8809877952,-0.5730823778,-6.566870
0.605998,0.438281,0.033541,0.9760907545,-0.0275712204,-7.592863
0.588591,0.423871,0.043910,0.4964361632,-0.0607373426,-8.039944
0.576952,0.408200,0.022863,0.6253924014,-0.5968025862,-9.477691
0.553348,0.389605,0.049070,0.6413930787,-0.7383046000,-10.159356
0.548290,0.400828,0.031197,0.8043290865,-0.7149311562,-9.981750
0.518117,0.383602,0.041593,0.8863469747,-0.3639460066,-10.574398
0.519014,0.370603,0.021993,1.4302461910,-0.0844849299,-10.613429
0.506028,0.348611,0.014798,0.5911116397,1.0939253929,-10.975915
0.504961,0.302650,0.022590,0.7525671930,0.5529646144,-11.316907
0.484981,0.287082,-0.000757,1.7919006685,0.6224189999,-11.702088
0.462766,0.250286,0.002502,1.7248129647,0.4581776884,-11.937623
0.458827,0.234139,-0.017889,2.2788712410,-0.2408412266,-12.079106
0.430348,0.198791,0.008144,0.8196336752,1.5995271690,-12.197585
0.420153,0.171333,0.005922,1.2886863322,0.9634242024,-11.517766
0.413411,0.161988,-0.002225,0.6490821742,1.1124153041,-11.489248
0.393569,0.123606,-0.011544,0.5269831609,1.2968816095,-10.854217
0.388307,0.113037,-0.044466,1.3687577423,0.8522199529,-11.062823
0.360511,0.071567,-0.019796,0.8236712482,1.8925384506,-10.421647
0.358466,0.045012,-0.029764,1.3346574409,1.6619584983,-10.113406
0.328314,0.017741,-0.011061,-0.2954778913,2.0474652798,-9.165553
0.324080,-0.005554,-0.020357,0.6421762502,1.9573338928,-8.799725
0.301749,-0.021172,-0.022815,0.7693213141,1.6891356034,-8.658419
0.283364,-0.070964,-0.022838,0.8941508524,2.2224447059,-8.581774
0.264700,-0.088866,-0.080619,1.5205901068,2.4536993225,-8.081094
0.232385,-0.103506,-0.011271,1.5511468882,3.2300352203,-7.292784
0.210090,-0.132007,0.019758,1.4913330218,2.1184245648,-6.545943
0.186611,-0.145222,0.024859,1.6807187525,1.7057162726,-6.528662
0.165843,-0.171285,0.020207,2.5731069958,0.6981140501,-5.704763
0.139154,-0.189860,0.044721,0.0427890029,2.2710367270,-5.613918
0.110534,-0.218089,0.073212,1.7784033201,1.0180629068,-4.956256
0.104393,-0.195939,0.053370,2.4901875067,0.7652572820,-3.592163
0.070639,-0.199162,0.071088,1.1689006248,2.4447812712,-2.936444
0.067761,-0.207053,0.052267,2.6028967314,1.6337033857,-1.748017
0.058908,-0.206029,0.072116,1.8066293148,1.9947917637,-1.629669
0.050905,-0.227785,0.041225,2.7006123354,1.3387757764,-1.076673
0.055553,-0.207592,0.070448,2.6606018594,0.8018275991,-0.564622
0.044032,-0.202862,0.068840,2.7171877035,1.0560211562,0.009972
0.060024,-0.184598,0.046378,2.6914672717,1.0512940615,0.249301
0.037172,-0.187549,0.073941,1.8452171360,0.8355718306,1.429104
0.046119,-0.164090,0.064645,1.8439079325,-0.3367937765,2.440023
0.033246,-0.155230,0.083132,1.3275914838,0.4608459017,2.755432
0.043090,-0.144191,0.103115,0.8249654544,-0.4738599184,3.973844
0.026927,-0.133635,0.130202,-0.1944670006,1.1064692746,4.539868
0.046290,-0.124887,0.110353,0.2701663897,0.1969859134,5.139848
0.017257,-0.099035,0.148200,-0.4100469768,0.1175918027,6.666421
0.024685,-0.069217,0.142820,0.2365998040,-0.0317091183,7.395520
0.011385,-0.058178,0.161395,0.1919295067,-0.2325783429,7.608090
0.005654,-0.049595,0.179058,-0.2103352874,-0.0473974044,8.578786
-0.010686,-0.022997,0.146755,0.7755324213,0.5557155567,9.506882
-0.019940,-0.014525,0.182668,0.1738074266,0.1682632935,9.119862
-0.015328,0.013825,0.167362,0.7690564036,-0.2698872351,8.811411
-0.033342,0.029686,0.170737,1.8899148875,-0.9764533928,9.692873
-0.024381,0.056297,0.157269,1.4140326205,-0.8473796577,10.067202
-0.048421,0.055529,0.237899,0.1765115510,-1.6905910255,10.391927
-0.031615,0.082865,0.221903,-0.0584246181,-1.8103784070,10.227634
-0.052019,0.110989,0.215381,0.2012182231,-1.2829798141,10.279539
-0.042769,0.144486,0.218559,0.5995921949,-2.0146338546,10.309031
-0.052268,0.166580,0.215375,0.5857519816,-2.0750338073,10.700491
-0.033165,0.184420,0.194357,0.5082692143,-1.9120138969,10.192241
-0.053040,0.199877,0.206699,0.3871924702,-1.3528589693,10.309805
-0.023202,0.232501,0.181792,0.7213975123,-2.1863928562,10.275976
-0.043370,0.250735,0.145137,1.0925609344,-1.0867469512,10.157118
-0.024407,0.271234,0.151725,1.2779996153,-2.0621217343,9.773729
-0.040179,0.256617,0.199425,-0.0055686089,-2.7109051135,9.683491
-0.019254,0.273945,0.176031,0.4539815261,-2.1546709310,8.518557
-0.013667,0.299749,0.159087,0.3778754197,-1.9194225742,8.366317
-0.025198,0.307843,0.170261,-0.0761846340,-1.9912056569,8.526884
-0.014721,0.318557,0.157341,-0.6792802071,-2.5978278312,7.999271
-0.008576,0.308825,0.163515,-0.8951876009,-2.4818004070,7.879640
0.005030,0.321702,0.130130,-0.3401849986,-1.7771817016,7.444881
0.006927,0.309317,0.143735,-0.6843105469,-2.3213946355,7.024325
0.013459,0.315563,0.130973,-1.3861106644,-1.0740500957,6.166161
0.007538,0.292905,0.167054,-1.4637381328,-1.6121928150,5.779982
0.038823,0.291267,0.102370,-0.5121541748,-1.2853790521,5.283553
0.033187,0.285467,0.092119,0.2521652508,-0.7291109737,5.058788
0.044994,0.275866,0.085571,1.0402263106,-1.4217771787,4.658259
0.048115,0.256667,0.096393,1.1904538382,-1.2259454682,3.656213
0.055593,0.249606,0.080808,1.1999895280,-1.1713071690,3.768784
0.084045,0.236112,0.053449,1.6385944751,-0.4030531160,2.605590
0.104521,0.208832,0.063001,1.8649734110,-2.6590532973,2.636144
0.120742,0.215436,0.020493,1.7559026385,-1.3838974169,1.646751
0.129579,0.185592,0.021904,1.4566104630,-2.0635586712,1.195961
0.175188,0.185786,-0.015886,2.0118451905,-1.2537699131,0.689282
0.149513,0.157389,0.002765,0.4942875212,-1.0351748998,0.521884
0.188449,0.157708,-0.052321,-0.6247686046,0.2895230339,0.394057
0.188663,0.140235,-0.059858,0.8123650951,-0.0123443810,0.600312
0.201382,0.138541,-0.097087,0.2618903536,-0.3589966015,0.457031
0.196678,0.118686,-0.109662,1.1066678776,0.5554629911,-0.308503
0.214886,0.103961,-0.125884,0.4017592255,0.3921713910,0.052583
0.214348,0.079247,-0.134865,0.3216953760,1.3002347357,-0.790961
0.225350,0.059697,-0.131517,-0.1745539835,1.3337576319,-1.501750
0.227993,0.036628,-0.130158,-0.1835764101,1.7911763307,-2.328074
0.244155,0.038828,-0.147604,0.2588000179,0.8529287800,-1.394207
0.228787,0.007641,-0.109029,-0.4790051223,1.4464027911,-2.009188
0.244792,0.005350,-0.156752,0.4009869242,1.7737257258,-2.467757
0.234551,-0.025407,-0.116532,-0.0119132131,1.5011137097,-2.540227
0.236865,-0.043352,-0.123229,0.0391524426,1.4810960199,-3.020775
0.213156,-0.065383,-0.118325,-0.2098712164,2.7403163901,-3.689411
0.228656,-0.061599,-0.128645,-0.1205973128,2.3254533269,-3.711712
0.221215,-0.061582,-0.134845,1.3385235947,1.6140348731,-3.671207
0.222731,-0.071459,-0.139818,1.9518648725,1.0301771286,-3.996937
0.221136,-0.062544,-0.156299,2.5194660377,2.2986611853,-4.653513
0.219278,-0.085846,-0.157231,3.0414294566,1.2654643465,-4.634642
0.211046,-0.081517,-0.162424,2.7492880364,2.0211785637,-5.294196
0.239554,-0.093268,-0.152958,3.6543937020,0.7583035626,-5.429366
0.232096,-0.081100,-0.172406,3.4906967921,1.5864021978,-5.227162
0.253264,-0.083831,-0.140435,3.9960405091,-0.4000128091,-5.763742
0.256081,-0.072007,-0.158036,4.5244887537,0.7183583997,-5.542797
0.264086,-0.088101,-0.111231,3.3434111006,0.0569618968,-5.836927
0.275683,-0.068019,-0.126774,2.0186798529,2.6399780694,-5.849275
0.310362,-0.057092,-0.088211,2.6421076216,0.3811726397,-5.354733
0.324943,-0.033255,-0.100767,2.7136574504,1.2181585785,-5.013684
0.338844,-0.042337,-0.094238,1.9426792857,0.8661632256,-4.607508
0.359189,-0.006523,-0.104279,2.2402520434,1.0307803609,-4.376979
0.375886,-0.002032,-0.089249,1.5329076405,1.3268839167,-3.829550
0.368445,0.031324,-0.058512,-1.0230568431,3.1231155688,-3.433820
0.406561,0.042222,-0.073073,1.0026765119,1.9075326622,-2.839455
0.427975,0.085300,-0.102726,1.6337387401,2.7028025041,-3.153109
0.428044,0.070641,-0.044965,1.6039460573,-0.0354239362,-3.045353
0.432292,0.121801,-0.083938,1.7720549918,1.0979452796,-2.777395
0.424804,0.119208,-0.033592,1.0034716259,1.7780658400,-2.803260
0.454215,0.145146,-0.017462,0.6399444475,1.2981902971,-3.354651
0.442710,0.143741,0.026904,0.6754300375,1.3185571419,-3.093369
0.462372,0.166452,0.017109,0.3136931719,0.4635065118,-2.427188
0.452459,0.176004,0.086893,0.6370441268,-0.2808752057,-2.750470
0.475567,0.208746,0.073416,0.9011902327,-1.0001867296,-2.551544
0.451635,0.207876,0.122505,0.4643087231,-0.5304837012,-2.496245
0.491901,0.231746,0.109267,1.6721906789,-0.7399047842,-2.391611
0.491645,0.229147,0.115388,1.9123595984,-0.3002600132,-2.298895
0.497061,0.239696,0.120903,2.1676207623,-0.7783067081,-2.231191
0.499575,0.257766,0.154114,2.2609099922,-1.5592510222,-1.945735
0.498400,0.256204,0.146939,2.5536061068,-1.3724424805,-1.075166
0.510289,0.260963,0.145606,2.7904118863,-1.0160948389,-1.996530
0.515863,0.246714,0.141165,2.7182375213,-0.8349325060,-1.112142
0.519733,0.267961,0.171163,2.1354037888,-0.6269341431,-1.289355
0.509967,0.261607,0.170563,1.5122894884,-1.1046797704,-1.444368
0.507699,0.284853,0.182297,1.0191934300,-1.1484451965,-1.037110
0.504328,0.266632,0.172634,1.0503551490,-1.4368615159,-0.444495
0.498262,0.291986,0.179169,0.4129142780,-0.6427214913,0.158272
0.490535,0.274526,0.195516,-0.8499653986,-0.9851192551,0.328148
0.478321,0.287315,0.189243,-2.2629773160,0.5227383123,0.990548
0.481591,0.280264,0.178106,-0.9572009192,-0.1334886251,1.539506
0.492337,0.277576,0.159888,-0.8709016486,-0.2155239037,1.600438
0.474123,0.253026,0.175811,-1.1412711539,0.0601143762,1.510145
0.488572,0.261725,0.139708,-0.3471338334,-0.3643254365,1.677789
0.448067,0.249603,0.181838,-0.8841835071,0.3162352425,1.853872
0.436562,0.243622,0.173730,-2.0740297980,1.3691410134,1.496568
0.439628,0.223954,0.169043,-0.2008275313,0.3340465122,1.562592
0.432541,0.208687,0.139747,0.6818437795,0.2786420689,1.257574
0.403268,0.196634,0.138657,0.7491443701,0.0778901112,0.987022
0.378355,0.194907,0.132956,1.1837841793,0.0708823437,1.024451
0.333828,0.209081,0.139340,1.1779452559,-0.2823769683,0.602276
0.305337,0.176237,0.122386,0.9967928752,-0.6441120955,0.314843
0.278611,0.183393,0.121277,1.0298853814,-0.8480301934,-0.070775
0.254558,0.162562,0.122475,1.4146594211,-0.8250840073,-0.343441
0.237079,0.168346,0.111791,1.3619045144,-1.1886501859,-0.556143
0.211141,0.148182,0.129943,1.0192976230,-0.6940787289,-0.525295
0.191620,0.156365,0.096501,0.0105710090,0.2134735248,-0.309127
0.180102,0.135203,0.114020,1.0758847030,0.0402189686,-0.723532
0.175159,0.127706,0.094876,1.1098170058,-0.1854385589,-0.980776
0.152408,0.117980,0.096045,1.0086437625,0.0958922433,-0.798093
0.142790,0.112190,0.058891,1.4673729321,0.1590744721,-1.017061
0.108702,0.097675,0.103982,-0.5127108916,0.7283786862,-0.688276
0.105922,0.087230,0.064350,0.6695753017,0.2882344421,-0.554828
0.074680,0.080462,0.051210,0.1731112556,0.9309534901,-0.940981
0.080608,0.062264,0.027760,0.9911955645,0.8016210780,-1.249211
0.055694,0.060561,0.017279,1.2102053146,0.9167390925,-0.943463
0.030019,0.037393,0.015435,0.8612511008,1.0879466647,-0.919809
0.016440,0.017817,0.078024,-0.4898074129,0.2208326749,-1.315783
-0.018394,0.002691,0.041514,-0.2313274798,0.8611730518,-0.644846
-0.032026,0.003374,0.060063,-0.4504212913,1.0012554387,-0.870314
-0.042992,-0.026155,0.058189,0.1407950833,0.3464222378,-0.661045
-0.061820,-0.029299,0.046838,0.2887540976,0.5664567680,-0.575282
-0.095862,-0.051032,0.051207,0.0057656182,0.9416423437,-0.584240
-0.099962,-0.049368,0.035093,0.5872549413,0.4632733954,-0.209471
-0.133939,-0.060397,0.025863,0.7969916361,1.4685980069,-0.001604
-0.133112,-0.067153,-0.007687,1.6128625473,0.9006718775,0.221602
-0.166904,-0.102038,0.033505,1.1283538346,0.3657341705,0.196826
-0.154017,-0.099931,-0.021768,2.4340847017,0.8903383732,0.120995
-0.176364,-0.119107,0.011644,2.2591792606,0.3928572628,0.159777
-0.167502,-0.107333,-0.000446,2.6423614267,0.9485302430,0.338283
-0.174483,-0.120840,-0.000170,2.0318728632,-0.1197729664,0.866201
-0.173545,-0.141516,-0.008245,2.2678077791,-0.9769077048,1.384347
-0.166648,-0.155158,-0.007336,2.0471903110,-0.6359803686,1.037693
-0.172698,-0.178719,-0.001148,1.7441634458,-0.7433242952,1.854035
-0.168798,-0.169305,-0.024342,1.3052888833,-0.6087713355,2.484687
-0.191460,-0.160623,0.008213,0.1301367105,1.3620473945,3.615632
-0.175576,-0.140689,-0.008291,1.3330084320,1.1194103311,4.667020
-0.186362,-0.139908,-0.021844,1.0149946813,0.6007683575,5.368047
-0.175481,-0.146138,-0.033099,0.8562832287,0.9902300578,5.750500
-0.178281,-0.145232,-0.032761,0.5889256459,1.6557091406,5.521248
-0.174713,-0.157850,-0.025599,0.4013067637,1.2861997042,5.709020
-0.171388,-0.135680,-0.049574,0.8010789592,0.9298474582,6.447136
-0.173305,-0.114476,-0.061742,1.7446157918,1.7098471911,7.047674
-0.167531,-0.116790,-0.031051,1.0155298493,0.3587412956,7.023788
-0.158130,-0.108652,-0.031100,1.3727018158,0.7167492886,7.589342
-0.129849,-0.111620,-0.013746,1.3711735694,0.2638042883,7.288901
-0.110742,-0.106388,-0.009108,1.5549075313,-0.4097671547,7.266633
-0.106067,-0.092775,0.004980,1.3091446371,-0.1053009740,7.579669
-0.093030,-0.072326,-0.000511,0.8982105693,-0.8002216582,8.050558
-0.088772,-0.053517,0.013426,1.6519856055,-0.7078669980,7.652979
-0.061206,-0.033964,0.004291,2.0615386339,-0.7747963443,8.713725
-0.032652,-0.019052,0.011772,2.8097927160,-1.4128342571,7.963143
-0.025625,-0.017197,0.008272,1.9227562365,-0.4419225078,7.776409
-0.000435,0.020091,0.017069,2.1917919794,-1.1654369321,7.352537
0.020303,0.030287,0.011470,3.4395606089,-1.9275442697,8.094982
0.048916,0.063751,-0.023731,3.1192948877,-1.4939647708,7.510547
0.047400,0.060419,0.032809,2.2409578391,-0.8524171650,7.243104
0.097424,0.089548,0.030485,1.3448338381,-0.9643734646,7.130359
0.104964,0.100659,0.048968,0.8186650926,-0.4547124652,7.498541
0.156075,0.138574,0.044258,0.8880531303,-0.5303788586,7.143227
0.201333,0.169547,0.041510,0.8773367264,-1.2031822146,6.431857
0.224208,0.189616,0.037066,0.4041540597,-0.8233546345,6.447376
0.257505,0.213187,0.023496,0.4531717826,-0.9235374480,5.819075
0.277554,0.230883,0.043148,-0.3174761749,-0.3922008651,5.713600
0.310730,0.265857,0.005601,-0.2919180518,0.0306631027,5.992470
0.320997,0.285654,0.023063,-1.5640045754,0.3948086121,5.364418
0.360577,0.283967,0.014086,-0.6500350398,-0.4940357156,4.581445
0.386574,0.308178,-0.034560,0.2156025191,-0.0870554827,4.175516
0.396933,0.310023,0.007472,0.0831481996,0.7889929062,3.279577
0.433460,0.324518,0.022420,0.3608313060,0.2976221550,2.492262
0.450220,0.346021,0.003556,0.9610744732,-0.4149961826,1.575004
0.462405,0.330610,0.026795,0.2738473705,-1.0925784407,0.832267
0.469449,0.358524,0.011489,0.6093087022,-0.9204283703,0.347510
0.453559,0.358288,0.051174,0.1763505276,-0.5263659262,0.223853
0.481512,0.365837,0.053862,0.6028377551,-0.8851043794,-0.380200
0.492557,0.381872,0.033235,0.7651838413,-0.9745787098,-1.381068
0.484266,0.369967,0.021977,0.4925878180,-0.2923088721,-2.061039
0.485362,0.392267,0.009750,0.6599181609,-0.5594802165,-2.549351
0.467867,0.389402,-0.019710,1.1995027311,-0.3078043258,-3.338853
0.464335,0.410301,-0.007585,0.6068728713,-0.5630613531,-3.716219
0.462539,0.399246,0.001724,0.5054658446,0.7220805244,-4.667322
0.482946,0.387560,0.007783,1.1035568645,-0.1442214417,-5.750165
0.476664,0.380438,-0.008255,1.3684548755,0.0345573722,-5.991421
0.488507,0.366707,-0.015115,0.9628194203,0.4175781545,-6.422139
0.489232,0.375360,-0.021768,1.4215705145,-0.0963196424,-6.996628
0.469468,0.341229,-0.010634,0.0855681585,0.4903203981,-7.491430
0.477996,0.342630,-0.031773,-0.4540844589,0.5705366463,-7.454814
0.469249,0.327886,-0.009298,0.3195220389,0.4814004055,-7.642093
0.483734,0.319066,-0.021250,0.9177008536,0.7928065045,-7.283263
0.471051,0.315550,-0.050152,0.9935311058,0.8885483541,-7.555460
0.461699,0.281081,-0.041302,1.1434337445,0.9179293405,-7.971896
0.452285,0.275672,-0.073710,1.2302110774,1.5028940902,-8.511726
0.430289,0.255488,-0.018040,0.9392773104,1.5251300240,-8.239178
0.446734,0.231822,-0.033821,1.2378667221,0.8710040556,-8.854743
0.434783,0.225398,-0.032794,1.7468065469,0.1999256902,-8.563857
0.420147,0.199736,-0.016100,0.4768421259,0.9629127892,-9.000227
0.426137,0.186088,-0.022737,1.3733420886,0.4557902736,-8.820241
0.402543,0.158164,-0.009840,0.2198815744,1.8506780584,-8.528097
0.411793,0.140698,-0.015197,1.0065149543,1.2175630394,-8.667968
0.395105,0.144936,-0.002589,0.9278522806,1.2382752919,-8.281327
0.402297,0.112797,-0.022064,1.1756735463,1.1347083152,-7.967460
0.397485,0.100616,-0.008461,2.0828785297,0.7614854394,-7.874544
0.367775,0.062458,-0.007345,1.3978271013,1.1241915596,-7.653494
0.363981,0.058729,-0.025405,1.4037673884,2.2957944387,-7.762464
0.345471,0.047556,-0.008524,2.8847693240,0.8052250372,-7.202468
0.336723,0.039947,0.010583,2.1368142872,1.1989889117,-7.025255
0.321286,0.018555,0.024294,1.7141136445,1.1334219221,-6.914978
0.308862,-0.002505,0.019974,1.7123140471,0.8280969280,-6.784396
0.294157,-0.011919,0.033669,1.2131850375,1.5578001239,-6.554590
0.281011,-0.034604,0.059820,1.0118087446,1.2098601532,-5.821260
0.273379,-0.028669,0.041189,1.0648896941,0.7195610547,-4.923296
0.249217,-0.051449,0.078996,1.0941861165,1.2996419468,-4.746728
0.250720,-0.036422,0.047947,1.0821657367,1.3515540382,-4.095193
0.223043,-0.050120,0.074098,1.3903596741,1.5144395964,-3.914091
0.219925,-0.038024,0.070274,1.4859392367,1.7700062549,-3.054697
0.198576,-0.035047,0.069516,0.4767425023,2.4010782360,-2.970781
0.198937,-0.053094,0.062656,1.0306055230,1.1198831284,-2.134521
0.181271,-0.050668,0.061025,2.1465548718,0.6806180991,-2.828813
0.171971,-0.053862,0.057739,3.0869271582,0.0602446772,-2.077611
0.169080,-0.050872,0.057473,1.9573234160,-0.1011063967,-1.174559
0.139767,-0.055378,0.110333,0.4058653873,1.4876414719,-0.929781
0.150255,-0.044153,0.103453,1.6003466945,0.0717757845,-0.114713
0.148555,-0.043949,0.113596,1.5096074071,-0.2115592715,0.309349
0.162702,-0.054998,0.126542,1.4959027228,-0.5292504809,0.207413
0.163877,-0.044251,0.126227,1.3154231541,-0.6807162636,0.892836
0.167281,-0.036570,0.125311,1.5443543218,-0.8647138498,1.809299
0.159882,-0.015970,0.138355,0.7341169651,0.0528858822,2.876787
0.144642,-0.017978,0.151853,1.1104511816,-0.1879501341,3.330276
0.156196,-0.009953,0.150018,0.8536649266,-0.2049829745,3.984705
0.143184,-0.009001,0.152001,0.8752873698,0.1644481957,4.094913
0.145462,0.009512,0.139140,1.0205038266,0.2899384771,4.944231
0.130284,0.021070,0.156977,0.6757431005,0.0077173830,5.094773
0.144314,0.038627,0.142849,1.0464704765,-0.0391919661,5.385082
0.132697,0.041076,0.143630,0.6542790708,-0.5021614071,5.728884
0.134726,0.046371,0.145741,0.3107611437,-0.6012359101,6.398183
0.133980,0.062139,0.152125,0.6378634290,-1.1796521327,6.367495
0.120398,0.050090,0.173560,-0.7450664666,-0.4956029752,7.099141
0.113849,0.066942,0.158460,-0.5657544140,-0.2444313897,6.628088
0.113436,0.060039,0.168403,-0.5485519284,-0.8112118106,7.075438
0.108148,0.078338,0.162304,-0.7748918731,-1.3044340946,6.703721
0.076784,0.083895,0.186854,-0.8468298688,-1.2627863580,7.031466
0.085266,0.096086,0.173569,-0.7474044808,-1.3162105345,7.371290
0.056361,0.097974,0.200623,-1.7966870223,-0.0035732079,7.555300
0.049487,0.097091,0.171518,-1.4637238952,-0.0956681548,7.670041
0.036042,0.115010,0.159471,-0.4551401412,-0.3249938491,7.665652
0.023776,0.096618,0.138720,0.1044995739,-0.7198054286,7.465131
0.002647,0.119825,0.138687,0.6355806841,-0.8004399629,7.114201
-0.015745,0.108248,0.143745,0.9034209295,-1.1697410495,6.727582
-0.019460,0.112975,0.105459,0.8883814914,-1.3436381203,6.598481
-0.033398,0.101388,0.120378,2.0469990549,-1.4878276339,6.244827
-0.034100,0.103433,0.124714,1.9677537502,-1.1781685279,5.939426
-0.048674,0.095423,0.115894,1.4005283022,-1.4196398232,5.396097
-0.035971,0.091698,0.108098,1.9182991075,-1.9641404817,5.786943
-0.057268,0.093881,0.104149,-0.0016252826,-0.1753370721,5.462908
-0.045191,0.093109,0.085111,0.9903348933,-1.1786876484,5.626770
-0.040429,0.095417,0.076465,0.4981502698,-0.7910924228,5.346768
-0.035134,0.086170,0.047517,0.8136909874,-1.2365058681,4.909505
-0.036017,0.099083,0.039055,0.6935390953,-0.9782190499,4.924236
-0.045441,0.082901,0.041576,-2.0572169558,1.1593857103,4.650596
-0.018010,0.094711,-0.008612,0.6142077433,-0.3541649821,5.228762
-0.038000,0.083561,-0.010552,0.0515325498,0.7521669945,4.904388
-0.027729,0.085389,-0.044463,-0.3304099229,0.5154952262,4.236284
-0.038023,0.068724,-0.048803,0.2483027753,0.9949230225,3.708658
-0.011517,0.067706,-0.060688,0.9305441946,0.4046358238,3.159001
-0.022428,0.059303,-0.053329,0.3717520738,1.2880614797,2.949102
-0.020905,0.060272,-0.063629,0.1350981897,1.4333689286,2.585506
-0.027535,0.069056,-0.049863,0.0032746034,1.0499757794,2.338053
-0.027145,0.061595,-0.071185,0.7566954034,0.3775908846,2.208984
-0.031093,0.064985,-0.076152,0.9391044348,0.2390065946,1.420148
-0.039818,0.042241,-0.065152,0.6878876951,-0.0008935622,1.064460
-0.038515,0.054245,-0.067719,-0.3086570943,0.9344882305,0.808374
-0.048622,0.041473,-0.068458,0.6842320346,0.2069546481,0.208666
-0.034438,0.062806,-0.095551,1.3714022824,-0.4800195692,0.224073
-0.060934,0.066377,-0.080921,0.9081059612,0.3707616635,-0.134435
-0.040639,0.071058,-0.092374,1.9096958969,0.0394423205,-0.051868
-0.052994,0.066325,-0.079264,2.0344256091,0.4171785191,-0.498947
-0.030099,0.062684,-0.079923,2.0813982799,0.5657095715,-0.856811
-0.012177,0.056507,-0.106498,4.8089007401,-1.6106875895,-0.965476
0.002535,0.054908,-0.101896,3.7083785536,-0.8365739315,-1.390568
0.002099,0.058555,-0.090920,3.1080029949,-0.6420949028,-2.118386
0.017378,0.061578,-0.106311,3.7251148255,-1.2497178582,-1.695145
0.030321,0.073441,-0.086721,2.9998928441,-0.9437591767,-1.224250
0.046947,0.059198,-0.082060,2.9115077767,-0.4281686042,-1.075302
0.086992,0.067404,-0.079037,2.8638765502,-0.9822163084,-1.268220
0.096049,0.049167,-0.064955,2.2076171880,-0.4817948667,-1.329391
0.137588,0.065776,-0.087900,2.3020592413,-1.2416444321,-1.143112
0.151361,0.066055,-0.051543,0.9010835958,0.1258325698,-0.428985
0.196396,0.091796,-0.064095,1.0125238850,0.0334448128,-0.038653
0.216045,0.101660,-0.041578,0.7644836341,0.8550524958,0.470283
0.267116,0.106636,-0.057764,1.0299469285,0.9167624093,0.702185
0.301237,0.107201,-0.069167,1.7705413535,0.8320775812,1.255194
0.334016,0.098834,-0.084932,1.9758722882,0.4589551925,0.500634
0.352903,0.119113,-0.062500,0.9500388454,1.3637135494,0.429845
0.372899,0.127854,-0.089820,1.1794411282,1.1242319586,0.667901
0.390559,0.134583,-0.045179,1.0395270041,0.6025775869,0.557411
0.416713,0.140642,-0.043032,0.7858951603,0.5836623471,1.063629
0.435351,0.150437,-0.033116,0.3375267335,0.6129954513,0.831883
0.455243,0.141249,-0.012722,0.1762104203,0.2439314008,0.480823
0.471428,0.158899,-0.020695,0.1382628366,-0.2460117421,0.158970
0.477947,0.168832,0.013784,0.8621430130,-0.3638524980,0.578269
0.508720,0.188648,0.021852,-0.3201206677,0.3604967389,0.828604
0.511297,0.192925,0.037115,0.2492314195,0.5046194815,0.550345
0.539260,0.199168,0.029713,0.6351941962,0.4355506204,0.444106
0.545851,0.192153,0.048597,0.6955678843,0.5048409157,0.265010
0.573637,0.196693,0.038231,2.0503863128,0.1308712690,-0.601445
0.582040,0.218164,0.037407,1.9948099522,0.1233081887,-0.224671
0.581232,0.211956,0.045223,1.8828629084,-0.4562157790,-0.650741
0.581840,0.233236,0.055133,1.7530612437,-0.2536468571,-0.985035
0.580628,0.229793,0.056889,2.6701699138,-1.3003740444,-1.088780
0.591624,0.245434,0.053422,1.9165095875,-1.2119180213,-1.892317
0.570230,0.235380,0.083020,1.0897873175,-0.8886709967,-2.371481
0.579191,0.236151,0.083946,1.2540670504,-1.4448681525,-2.662529
0.553768,0.242703,0.094338,0.7325382696,-0.3548684986,-2.514205
0.569415,0.253542,0.107100,0.6183527341,-0.3656236476,-2.368990
0.538049,0.253351,0.118425,-1.2279872745,0.8172296496,-2.335740
0.562247,0.247016,0.119820,0.4618590326,0.0102693104,-2.868292
0.561150,0.244965,0.121461,-0.0533204987,0.0966521871,-2.858100
0.573807,0.228329,0.111912,0.8770881994,-0.3236626760,-3.201331
0.561068,0.224663,0.122885,0.1133104447,0.4379014472,-3.188589
0.553860,0.213089,0.109874,0.9581617111,0.1424047654,-3.220001
0.546895,0.222818,0.092447,2.0165663726,-0.1536365858,-3.282099
0.525720,0.199093,0.083276,1.8384596187,0.0401514673,-3.287633
0.526642,0.203045,0.076278,2.6551996924,-0.1122032284,-4.215917
0.504706,0.181404,0.073422,2.0051216633,0.4615085962,-4.540402
0.491014,0.179129,0.059209,1.3830162005,0.6271743270,-4.945268
0.454642,0.172482,0.093947,0.9951104532,1.0103638641,-5.362024
0.448940,0.181443,0.071450,1.7443034405,0.3527601828,-5.353916
0.434589,0.166777,0.071118,1.7370064722,0.1855254629,-5.343416
0.439769,0.160038,0.064402,2.0276241804,0.2342920992,-5.796639
0.432942,0.148556,0.066037,1.4896949519,0.2183833444,-6.147118
0.414294,0.139447,0.083227,0.2654694329,1.1098765456,-6.296508
0.404483,0.146258,0.067350,1.2376258897,0.5927009218,-5.501183
0.396349,0.135085,0.069519,0.3371940017,1.1498011430,-5.833487
0.392751,0.135489,0.063125,0.5928700473,0.9338790442,-5.746342
0.397892,0.130775,0.038346,1.2406889844,0.3960963573,-5.545371
0.390408,0.133516,0.032287,0.8474983594,0.9310302178,-5.396572
0.371816,0.118594,0.027652,1.4156229588,0.9645288890,-5.192441
0.356507,0.133615,0.041248,-0.1428577117,2.3075891851,-5.378417
0.352955,0.112896,0.022069,0.1568880241,1.6850660288,-5.099357
0.351609,0.119336,0.018317,0.4283844196,1.5230035799,-4.847112
0.315322,0.100176,0.010573,-0.1305103325,1.4565694733,-5.303585
0.311541,0.109091,0.000641,0.6130142261,1.0929377854,-5.189701
0.280006,0.090447,0.022279,0.0053759575,1.1753154316,-4.978551
0.272873,0.100787,0.025857,-0.0005381373,1.1597859188,-4.862836
0.244103,0.063991,0.056984,-0.4948188555,1.4690186017,-4.342211
0.239235,0.069676,0.039364,-0.4728344780,0.8522766605,-4.701317
0.209641,0.054829,0.071006,-0.2582415710,0.6941964784,-3.672237
0.191801,0.059379,0.074249,-0.3968746439,0.5257909525,-3.180593
0.165367,0.022688,0.089020,-0.0844174079,0.1441247605,-3.485220
0.140345,0.035430,0.111659,-2.3258920262,2.0140148377,-3.113845
0.115172,0.015860,0.117069,-0.7853082245,1.3564522555,-2.432185
0.106306,0.030789,0.095917,0.2114462539,0.6372236549,-1.972588
0.068181,0.001985,0.095799,0.3408576787,1.0808068176,-1.750997
0.057145,0.011114,0.068765,1.2414243392,0.1140380293,-1.576936
0.024915,-0.006257,0.091561,1.4413465704,0.6422394913,-1.456044
0.016213,-0.009385,0.062452,1.7642170728,0.0864876057,-1.028376
-0.027401,-0.027583,0.082744,1.2070530246,0.2390951660,-0.873412
-0.029485,-0.031423,0.085085,1.5710444129,0.4196687441,-0.223062
-0.050732,-0.031253,0.086211,0.8122757870,0.4816049329,0.413983
-0.057701,-0.036586,0.077693,1.5958206713,-0.2932435175,1.170930
-0.073020,-0.043457,0.080736,0.8314086067,-0.2547180514,0.908164
-0.090200,-0.060650,0.086667,1.0658302547,-0.6380218466,1.494664
-0.102326,-0.045787,0.070074,0.6900878628,-0.8367767599,2.290363
-0.134989,-0.057676,0.098480,-0.4123095717,-0.0755211266,3.272747
-0.148736,-0.053800,0.085098,-0.8589662948,0.6477167355,4.211433
-0.170538,-0.061648,0.080283,-0.2019155945,0.5501799314,4.522618
-0.177717,-0.058795,0.071916,0.1894022294,0.3438442845,5.261685
-0.200743,-0.057673,0.069697,0.1170739450,0.3982620210,5.833840
-0.220851,-0.068338,0.065403,0.5223700991,-0.1241384480,6.594515
-0.231348,-0.057305,0.050271,0.8052250918,0.0182147706,6.737790
-0.262059,-0.084005,0.076468,0.2390473418,0.2096801414,6.878814
-0.254467,-0.076248,0.065810,0.4380821157,-0.0602835178,7.598360
-0.276787,-0.078615,0.087763,1.0625177333,-0.2570893021,7.786408
-0.275553,-0.079097,0.092103,1.4970774709,-0.6405917575,8.393357
-0.298940,-0.081073,0.097207,1.0027705107,-0.5995485272,8.859128
-0.291420,-0.085150,0.083801,1.8088674363,-0.8947216961,8.833315
-0.300936,-0.087750,0.107094,1.2298165677,-0.6061592207,9.207756
-0.293816,-0.080266,0.110898,1.6365933579,-1.1681951528,9.974813
-0.305351,-0.073796,0.099242,1.0643285950,-1.0949127974,10.141170
-0.295943,-0.069874,0.093045,1.6477550109,-1.5282606026,10.669922
-0.297512,-0.060187,0.079150,1.4555153707,-1.7955474268,10.967005
-0.290931,-0.072496,0.081087,0.9820254648,-1.4813500006,10.663932
-0.276708,-0.050074,0.075864,1.5840982341,-1.2485893743,10.935511
-0.261783,-0.043782,0.061350,1.9607732053,-1.2985191863,11.473424
-0.263894,-0.021973,0.043765,1.3535906900,-0.5117821522,11.488368
-0.237411,-0.022239,0.038005,1.5633538918,-0.8357456291,11.413132
-0.221406,-0.006615,0.020191,1.7781331998,-0.7479429553,11.027872
-0.193108,-0.006726,0.016833,1.9201573936,-0.8132298357,11.008473
-0.181311,0.011869,0.016262,1.3297078428,-0.2434904571,10.656878
-0.166881,0.015437,0.011099,1.3531532026,-0.8712719027,10.669578
-0.141662,0.054882,-0.000022,2.0425664681,-1.2816150995,10.692042
-0.123553,0.055476,0.003129,1.2650807678,-1.1175958345,10.155459
-0.087121,0.076513,0.004747,1.3852879343,-1.5268189147,9.680169
-0.067528,0.068163,0.004632,0.4928713685,-0.5305637482,8.824355
-0.024607,0.109252,-0.009374,1.0687275618,-1.2970875635,8.788928
0.004876,0.119641,0.014283,0.9320527990,-0.8689691968,8.413217
0.043526,0.144863,-0.005143,0.5470981641,-0.9382681830,8.300363
0.062837,0.157202,-0.018486,1.0896364372,-1.1929583290,7.635358
0.107232,0.183196,-0.034455,0.9269921340,-1.3931705256,6.911364
0.140000,0.190900,-0.013973,0.3427954406,-0.4471008802,6.084882
0.198641,0.221193,-0.044657,0.6892802940,-0.5858675101,5.638323
0.208777,0.216874,-0.025008,0.9055130080,-0.5799454633,4.279078
0.255723,0.252583,-0.056470,1.4731824215,-0.8928631971,3.033738
0.276645,0.264774,-0.050930,2.1831336705,-0.9416615629,2.639517
0.311879,0.283720,-0.047476,2.0243193593,-1.0952400189,2.186544
0.329263,0.289156,-0.037590,1.2580532046,-0.5757459309,1.574694
0.370923,0.297054,-0.048136,1.3183942315,-0.7199282066,1.532394
0.395620,0.304964,-0.033890,0.7596287689,-0.4705443774,0.093616
0.421785,0.314431,-0.024614,0.7710514936,-1.0474216378,-0.683183
0.443816,0.320333,-0.027703,-0.6457593570,-0.5077880159,-1.396036
0.467401,0.319758,-0.024696,0.5501372922,-1.0640122588,-1.676336
0.503905,0.336781,-0.020856,-0.4530678525,-0.3406725397,-1.878511
0.522267,0.336456,-0.008465,-0.2721763007,0.4195248185,-2.277366
0.564229,0.347849,-0.041699,0.4318532609,0.4295397894,-2.500207
0.580740,0.354900,-0.033684,0.3993357048,0.7156997299,-3.469922
0.603973,0.349330,-0.054327,0.6812439773,0.8317111810,-3.857964
0.616216,0.354828,-0.046574,-0.1074896616,1.4666184448,-4.691451
0.638022,0.345315,-0.056395,-0.0104146353,1.5971013225,-5.390846
0.645538,0.355711,-0.068720,0.6979696077,0.7817648226,-5.768254
0.661166,0.339867,-0.084233,0.0648187328,1.1668533385,-6.234429
0.667879,0.347308,-0.094599,1.0480784215,1.1697910764,-6.767280
0.671575,0.332826,-0.112538,0.8712482727,0.9761582743,-7.601246
0.668099,0.336502,-0.091369,1.4146465916,0.8390177714,-8.413216
0.660812,0.334155,-0.090119,0.3953914526,1.0905560848,-8.373000
0.653479,0.344039,-0.075039,0.1106418222,1.3944372574,-9.042742
0.632773,0.313581,-0.073398,0.2641650191,0.9107752347,-9.457718
0.625338,0.307423,-0.073329,-0.5867107585,1.3381251568,-10.144529
0.596023,0.290426,-0.024178,-3.3257645607,3.3686948069,-10.458412
0.621005,0.279562,-0.069190,0.6817671228,0.7570752956,-10.331546
0.581816,0.265214,-0.032682,-1.2351909056,2.6338585945,-10.839270
0.583943,0.264899,-0.069200,-0.2326367221,1.7780013777,-10.544294
0.559801,0.247318,-0.045047,1.2982729364,1.2805946880,-11.100152
0.555199,0.235790,-0.067381,1.2008756179,1.1391815838,-11.158435
0.528822,0.212157,-0.037504,1.0958200464,1.6032219964,-11.554202
0.537576,0.198308,-0.045477,1.5024557756,1.9322217395,-11.369184
0.515646,0.174451,-0.048248,2.7841468443,0.8184477900,-11.758518
0.498049,0.172387,-0.036746,2.1134443785,1.3498770425,-11.522419
0.462096,0.145733,-0.026567,1.6197755790,1.0940535997,-11.636690
0.451093,0.121814,-0.013723,1.9669226592,0.4739279802,-11.556038
0.427082,0.105149,-0.002727,1.2976413772,0.8932027953,-11.235819
0.414540,0.102569,0.006077,1.2984210126,0.9287631635,-10.695776
0.384913,0.083052,0.025325,0.6407602225,1.2184352608,-10.115780
0.366321,0.052079,0.033117,1.0875993583,1.0624553469,-10.232949
0.346728,0.040653,0.040056,1.0148312874,0.7703773508,-9.281403
0.332053,0.018647,0.053337,1.3227629590,0.5837086514,-8.642306
0.309325,0.005990,0.053774,0.9297939529,1.2402003670,-8.139588
0.298408,-0.020601,0.059964,1.0132555295,1.5716100582,-7.473187
0.282238,-0.027058,0.067826,1.0090562108,1.6494226248,-7.062478
0.286039,-0.051364,0.061070,2.0520552719,1.3397959909,-5.737190
0.256888,-0.066453,0.074617,1.3359525582,1.5238037073,-5.429163
0.248885,-0.085977,0.071794,1.9090093278,0.9955231479,-4.980283
0.227671,-0.082744,0.055490,3.4267627803,0.5431972409,-4.269625
0.221234,-0.112326,0.075848,2.9266525218,0.6108928639,-3.542679
0.207507,-0.109601,0.082557,2.4925243561,0.9967188239,-2.980969
0.198290,-0.144956,0.085781,2.3336241036,0.3326195132,-2.696598
0.208728,-0.124146,0.082308,3.3976040743,-0.4385091193,-2.518838
0.184281,-0.140948,0.090294,2.3497541505,-0.3408284260,-1.787353
0.179153,-0.115818,0.087888,1.8731411502,-0.2122923581,-0.297825
0.158353,-0.129273,0.113823,1.8287982112,-0.8125605814,0.565814
0.162039,-0.112352,0.102127,0.6592775293,-0.0813218230,1.392673
0.170048,-0.130832,0.121444,1.2467773161,0.4307556572,2.041320
0.179485,-0.127645,0.103962,1.5118219601,-0.0901855531,2.594591
0.175638,-0.131863,0.130586,0.8713275990,0.4092676715,2.726884
0.190432,-0.099291,0.099344,1.6229006715,-0.0985055812,3.994932
0.163910,-0.097683,0.131535,1.1920179114,0.5557735861,4.655306
0.180417,-0.081743,0.132601,1.0505578538,0.2469535791,5.974771
0.161848,-0.080998,0.152703,0.1603422109,1.0454068559,6.293935
0.191321,-0.085997,0.143581,0.8704582192,0.3024078615,6.367397
0.183900,-0.067097,0.120601,1.7738387431,-0.1253431725,6.998032
0.179170,-0.064494,0.143772,0.8697438385,-0.0335254822,7.154437
0.169503,-0.044517,0.149217,0.5821302846,0.2190592295,7.895007
0.157959,-0.023132,0.156704,0.4923397472,0.1321394568,8.525688
0.163670,0.000233,0.162206,0.0990425161,-0.0981833300,8.202255
0.139951,-0.003391,0.178664,-0.7665486373,0.1791048137,8.831538
0.145019,0.018929,0.161982,-0.8506055273,-0.8280879905,8.605759
0.120175,0.028698,0.184845,-1.4819988035,-0.2731012245,8.558750
0.121767,0.059037,0.162655,-0.9377417569,-1.1903543673,8.745264
0.091171,0.069531,0.199497,-1.5879091121,-0.6201012599,8.594968
0.084718,0.095427,0.189036,-2.4385701967,-0.0074534784,8.840976
0.062594,0.096260,0.190379,-1.5247034902,-0.8452099115,8.518578
0.049622,0.113240,0.167113,-1.4858949415,-0.9888815334,8.333310
0.017323,0.120905,0.179104,-0.6956919308,-1.2050697705,8.079573
0.006248,0.151254,0.178874,-0.9351518031,-1.2138744358,7.735176
-0.035787,0.153184,0.207451,-2.6287204028,0.3840467034,7.628125
-0.030499,0.167558,0.180289,-0.6482388830,-0.8825786809,7.698113
-0.056887,0.177691,0.169191,-0.1407471454,-0.4809552069,7.041759
-0.062194,0.176043,0.162311,0.5541301702,-0.9933323911,6.341175
-0.089412,0.175328,0.149933,0.6488433446,-1.3753703611,5.759714
-0.091234,0.166961,0.125390,1.3163452298,-1.4137871817,5.580227
-0.110614,0.181249,0.116455,1.0864001344,-1.0169517699,4.877502
-0.124866,0.180156,0.119550,1.1870601090,-1.3054155797,5.166166
-0.152150,0.197199,0.101566,1.6213231843,-1.7659338692,4.486284
-0.174884,0.187555,0.112336,0.8176153590,-2.1342626572,3.828394
-0.182250,0.191799,0.071312,1.3590389762,-1.9755234438,2.886875
-0.189789,0.187926,0.052487,0.8750705996,-1.2273592612,3.218182
-0.201459,0.182608,0.068466,0.3135465137,-1.2325415077,2.643568
-0.220017,0.171940,0.045233,0.0726270873,-1.4836741948,2.927246
-0.238964,0.179707,0.028889,0.4426898665,-1.3745346592,2.243911
-0.238566,0.162303,0.009825,0.4274124990,-1.3917458359,2.283100
-0.231119,0.163465,-0.001746,0.7506101258,-0.6336131255,2.524432
-0.225693,0.135660,-0.020426,1.4777915952,-0.7667578742,1.757004
-0.219325,0.126495,-0.016792,0.2767334201,-0.0917856563,0.995098
-0.222762,0.103925,-0.037646,1.5500340154,-0.5523683319,1.349008
-0.218609,0.106544,-0.061561,2.0188699829,-1.1761306158,1.519087
-0.229412,0.080849,-0.054475,2.8665719044,-1.2236638181,0.861959
-0.214861,0.068928,-0.081125,2.2617220118,-0.6250405629,0.788916
-0.216108,0.040190,-0.051616,1.8727413723,0.0054032062,0.478562
-0.188680,0.032538,-0.068166,1.8737273523,0.0442669738,0.582635
-0.199722,0.024477,-0.065658,1.9553045892,0.0856668928,0.771562
-0.172343,0.032217,-0.093073,2.0835329636,-1.0541070479,1.325717
-0.169819,0.021312,-0.071766,1.8883220595,-0.8374962519,1.192079
-0.139781,0.018296,-0.106980,2.0478782677,-0.9245607927,1.817585
-0.121725,-0.018773,-0.081929,1.6500673071,-0.2865015882,1.329329
-0.070893,-0.009753,-0.119444,2.4885220865,-0.7647813105,1.709985
-0.057172,-0.023211,-0.095446,1.0442256419,0.6869338664,2.007515
-0.013605,-0.017443,-0.132620,2.0691581698,0.0652150790,2.736618
-0.000970,-0.031850,-0.127574,1.9647808397,0.1118022401,2.540476
0.051726,-0.027429,-0.140629,2.2171032829,-0.0053504683,2.426540
0.072067,-0.043631,-0.129436,1.6849302392,0.4929807815,2.580740
0.113295,-0.022196,-0.130653,1.4413828482,0.5628063262,2.554182
0.132018,-0.027717,-0.141141,1.8219926901,1.0293239102,3.173310
0.157437,-0.035185,-0.123773,1.6470720219,0.0974844256,2.587319
0.194489,-0.025830,-0.146261,2.4228667075,0.4009162373,2.712223
0.227697,-0.018766,-0.119779,1.5657046017,0.4190139199,2.244269
0.254308,-0.025649,-0.109885,1.3165446926,0.1698802980,2.615428
0.293947,-0.008998,-0.088077,0.5752137659,0.4549694678,2.746812
0.312571,-0.008423,-0.054265,0.5502154412,0.0949270992,3.016077
0.358969,0.022734,-0.079221,0.8364655150,0.0678227708,3.476282
0.376864,0.011281,-0.056119,0.5611486228,0.8131559253,3.030179
0.436116,0.024135,-0.071025,1.4144587047,-0.0499296582,3.002995
0.440685,0.033421,-0.034708,0.9121656378,0.9146812295,2.629086
0.487476,0.050014,-0.053408,1.1302472293,0.2647236263,2.037942
0.505254,0.059684,-0.057186,2.7992913615,0.3034048633,2.364650
0.525437,0.088635,-0.063839,1.2036687321,1.0799193994,1.799059
0.534146,0.079392,-0.020997,1.6277760946,-0.7607491009,0.835650
0.562677,0.115167,-0.059237,1.9691065783,-0.4414573608,0.679410
0.556243,0.121670,-0.032259,1.3395720983,-0.0123830653,0.301899
0.579099,0.151809,-0.040642,0.7766405166,0.0476888340,0.053944
0.570538,0.156529,-0.013602,0.3664208971,0.6100116107,-0.835607
0.597503,0.184614,-0.029325,-0.0947199641,-0.1799577903,-1.488343
0.596181,0.193430,0.012395,0.2158098176,0.2793475689,-1.953593
0.619371,0.209511,0.007160,0.0832411639,-0.3546380748,-2.269311
0.595107,0.219916,0.049933,-2.1253969822,1.2729424406,-2.529973
0.628746,0.244134,0.033091,0.2727242223,-0.3719337905,-2.977691
0.626267,0.252137,0.049743,-0.1865483536,0.5053987734,-3.616398
0.633915,0.260369,0.028995,0.4897834670,-0.1591601504,-3.572321
0.634939,0.280898,0.038635,0.4749497819,0.0592951533,-4.409895
0.632120,0.278715,0.037956,0.5986767556,0.3764365581,-4.606162
0.628663,0.282138,0.044195,0.8405547277,-0.0613485051,-5.738570
0.631713,0.287672,0.035044,1.3136720483,0.0992707321,-5.808595
0.612451,0.291533,0.047721,1.1846249618,0.4054806217,-6.185613
0.611214,0.302207,0.039905,2.0040935335,-0.1213021769,-6.372338
0.591158,0.305440,0.055966,0.9213851476,0.5760678890,-7.060196
0.597887,0.300763,0.039846,2.2335787401,-0.1649101394,-7.151074
0.579703,0.296666,0.050380,1.7376974474,0.0587722671,-7.801305
0.572823,0.290627,0.053902,1.5486036044,-0.0853898764,-7.576340
0.557904,0.285270,0.060614,1.0885646943,0.7345773578,-8.486846
0.552498,0.287594,0.067977,1.0966840067,0.5946084195,-8.650295
0.535249,0.282608,0.075224,0.8056692232,0.3967740287,-8.273009
0.532393,0.277746,0.070885,0.9744267034,0.0573385585,-8.568497
0.506787,0.255140,0.078438,0.8969594226,0.0905992923,-8.829139
0.506787,0.269885,0.042384,0.8274696454,-0.2916725325,-8.700731
0.478023,0.241479,0.065955,0.8440827241,-0.3339698360,-8.547257
0.470063,0.250089,0.072982,-0.8091100591,1.0186202687,-8.299006
0.448044,0.224292,0.077529,-1.3162021998,1.8347569170,-7.952276
0.441374,0.220524,0.060906,0.3326819838,0.7256680986,-7.639466
0.424092,0.196289,0.051010,0.5653194236,0.7186039641,-7.944739
0.394045,0.185044,0.055865,0.2636952974,1.3375916529,-8.002842
0.375893,0.178141,0.050826,0.9933597960,0.9411376369,-7.424391
0.348586,0.170417,0.062042,0.4526484209,1.7063180630,-7.454892
0.340846,0.146659,0.056610,2.2855450476,0.2690261454,-6.888596
0.315322,0.116579,0.062443,0.7238405515,1.2501466118,-6.734800
0.295775,0.079753,0.073649,1.1818203615,0.5223609115,-7.569991
0.256990,0.073484,0.070215,1.4601277101,0.4523113794,-6.675717
0.230533,0.053720,0.075641,1.4046031604,1.0834040384,-5.852852
0.198083,0.057078,0.068893,1.4009094035,1.3863222637,-5.564560
0.173498,0.026856,0.071092,1.4535921588,1.0948534725,-5.073612
0.146844,0.001404,0.092726,1.0407669202,0.6813951846,-5.009644
0.140746,-0.009382,0.088101,1.4626710937,0.2704706491,-4.361697
0.110623,-0.035155,0.104343,1.2134718058,0.4537108212,-4.133344
0.112205,-0.056554,0.100463,1.7617771387,0.4001735158,-3.176080
0.082108,-0.068032,0.129929,0.8734673671,0.7272538585,-2.251453
0.074316,-0.077039,0.121802,-0.0423439188,1.8538381812,-1.527478
0.052770,-0.089280,0.104582,0.0387296398,1.6126977038,-0.608330
0.051952,-0.098822,0.084773,1.3469518800,0.8514750916,-0.299603
0.026622,-0.111292,0.084668,1.1594147551,1.4458012629,0.202597
0.030118,-0.109102,0.069585,1.6595208784,1.1196444776,0.789182
-0.007653,-0.123135,0.087025,0.7029564848,1.7325343472,1.351283
-0.013260,-0.117617,0.072145,0.5229392254,1.4331293076,1.537804
-0.031825,-0.123614,0.069592,2.0838233884,-0.0709860172,2.590308
-0.044131,-0.114229,0.063286,1.2726184460,0.4846518072,3.142062
-0.071805,-0.125478,0.085118,0.2040771099,1.2583839230,3.411816
-0.071257,-0.127359,0.080158,0.8766739469,1.0924518177,3.812678
-0.089609,-0.127658,0.093678,1.1764577455,0.8106645881,4.561786
-0.096683,-0.118894,0.083447,0.6122732208,0.4035163265,5.047170
-0.129862,-0.125800,0.115854,0.3692113317,0.7388747852,5.193533
-0.124055,-0.108931,0.100637,0.0470162335,0.0128205053,6.190633
-0.157667,-0.119757,0.139235,0.4423226649,-0.2591486710,6.483498
-0.160717,-0.097098,0.105925,0.3993746682,-0.7167287835,6.816114
-0.189862,-0.085931,0.139603,-0.5744474455,0.3673018382,6.993093
-0.173118,-0.054784,0.109578,0.8214061871,-0.8315207503,7.627575
-0.200027,-0.054410,0.126870,0.5055445513,-0.5398551516,7.814175
-0.211069,-0.016511,0.117499,-0.6028337294,0.0594253522,8.620715
-0.215954,-0.016124,0.113081,0.3393783887,-0.6857433878,8.605596
-0.217802,-0.001405,0.091906,1.0921120044,-1.1624705208,8.600574
-0.224810,-0.003673,0.089444,1.2855562794,-1.3675732081,8.519465
-0.222765,0.022497,0.095050,1.2478820825,-0.7744288312,8.256603
-0.225424,0.027959,0.091847,1.3959092337,-1.1345782844,9.176917
-0.225519,0.055785,0.079255,0.9172960960,-1.1520505561,9.068544
-0.231742,0.063896,0.110127,1.7856230370,-2.0208581767,8.873560
-0.216164,0.076910,0.090235,1.1021692550,-2.0750368518,8.751621
-0.227048,0.072417,0.118316,1.1475810513,-2.4324073133,8.387604
-0.215589,0.084476,0.082616,0.8778306602,-1.8737086961,8.890258
-0.213157,0.081919,0.126214,0.6431990131,-1.9101466300,8.902232
-0.196423,0.108140,0.109565,0.2776432504,-1.6988157839,9.190043
-0.202194,0.113792,0.129893,0.5093705980,-1.4910882445,9.226720
-0.162072,0.129472,0.117417,0.6659433062,-1.9336703586,9.137839
-0.158363,0.129338,0.129913,-0.0642582004,-1.6820544679,8.875674
-0.121902,0.132748,0.106138,0.2306187144,-1.9700026694,8.698058
-0.123530,0.131287,0.124110,-0.6134670559,-1.0746861096,8.854604
-0.088612,0.145070,0.102058,-0.6817444330,-0.7130919957,9.383301
-0.073539,0.147683,0.092277,0.1053466886,-1.3135761830,8.985718
-0.045063,0.154360,0.070892,0.3160533813,-0.9072674857,8.723632
-0.032580,0.153398,0.060296,0.1625611013,-0.8372659133,8.361494
-0.012052,0.163166,0.046775,0.3746250054,-0.4077784568,8.027690
0.007364,0.168848,0.031794,1.1602697902,-1.6663597728,7.673679
0.028184,0.173365,0.037496,0.4724757152,-0.5182340560,6.806682
0.031611,0.157409,0.022200,0.3389166610,-1.1038271237,5.887380
0.065417,0.157872,-0.003219,1.3675168412,-1.2881093508,5.895097
0.073833,0.162379,0.006116,0.9097231532,-0.9322192779,5.348085
0.090134,0.155600,0.003428,0.6926298537,-0.7900899025,5.028235
0.111906,0.155190,0.003700,0.4535250350,-0.6267835968,4.104741
0.130554,0.129078,-0.005097,0.4917734406,-0.7349654150,3.596541
0.156075,0.148313,0.000181,1.0974092182,-0.9558294774,2.913597
0.174473,0.131271,-0.018555,1.2145144892,-1.1218391982,2.557768
0.196245,0.150096,-0.040777,1.5381114439,-0.9536368314,2.447311
0.211049,0.143308,-0.047427,1.1105093056,-0.6123534604,2.736445
0.243282,0.143183,-0.065405,1.2827367889,0.3289032912,1.625196
0.258749,0.120235,-0.095246,1.4395549661,0.0025663415,1.032571
0.284477,0.127184,-0.113772,1.3837175419,0.2587270859,0.750420
0.291127,0.107191,-0.126101,1.7619677714,0.2114997014,-0.452213
0.312460,0.121962,-0.146504,1.9103122518,0.2378958784,-0.944834
0.318306,0.117892,-0.134763,0.9599352477,0.6758986210,-1.094188
0.344181,0.127316,-0.149481,1.5960836940,0.1466240511,-1.851345
0.334459,0.114914,-0.144400,1.1317484258,0.2052477749,-2.235371
0.354567,0.108507,-0.153601,0.8911687465,0.4112415470,-2.449471
0.365087,0.093204,-0.135383,0.6731681951,0.4225175160,-2.844617
0.388918,0.087943,-0.124072,-0.7875971995,1.7904516345,-2.944717
0.384476,0.071622,-0.115334,-1.1344141454,2.2187190633,-3.439916
0.407618,0.086653,-0.131783,0.3341382804,1.2349924784,-3.296617
0.398732,0.080235,-0.120800,0.5787776036,1.2867142157,-3.631439
0.414110,0.097045,-0.144341,1.1268992597,0.8767587727,-3.962916
0.412111,0.075131,-0.132679,0.6288975059,1.3824724330,-4.423094
0.433290,0.094409,-0.133164,1.0278203655,2.0840090941,-5.110548
0.434737,0.090910,-0.144440,1.5046456417,1.6174746988,-5.695495
0.441381,0.105356,-0.138131,1.4338307668,1.7877577376,-6.055435
0.436687,0.107913,-0.156893,1.9362182970,1.6799424649,-6.154102
0.440212,0.121397,-0.151868,2.8316995127,0.9477034277,-7.061417
0.439221,0.105924,-0.151382,2.1237395100,1.3792427333,-7.578243
0.437425,0.121594,-0.154211,2.2787194284,1.4838898261,-8.295506
0.438026,0.128287,-0.136398,2.4369261197,1.3394398537,-7.760048
0.442858,0.154461,-0.127174,2.1892893759,1.2813184315,-8.355411
0.438213,0.149774,-0.116516,2.3752010996,0.6411329827,-8.772684
0.450125,0.169311,-0.103934,2.1135246222,0.4434000287,-9.002934
0.447975,0.158338,-0.070408,1.2562214271,0.7402153374,-9.288946
0.457534,0.162185,-0.073848,1.7587101775,0.0954693833,-9.386074
0.436267,0.172259,-0.032820,0.1696424632,1.2967353654,-9.027779
0.451976,0.194606,-0.033145,0.1166738685,1.6167990681,-8.522714
0.438942,0.197809,-0.012916,-0.4677075021,2.1656948432,-8.047200
0.453408,0.193552,-0.029036,1.2207797208,0.8145825013,-8.267974
0.450450,0.208290,0.008758,0.8254271587,1.2057237768,-8.407336
0.448064,0.212094,0.008062,1.1775675844,1.1249048856,-8.056339
0.436109,0.194612,0.031378,0.1960738459,1.3265558632,-8.014599
0.443718,0.206481,0.048246,0.2891973996,1.5840785896,-7.278269
0.433280,0.190604,0.045955,0.9372535068,0.6703766934,-7.138283
0.442316,0.190283,0.047875,2.6644506780,0.0471379486,-6.734406
0.424473,0.204246,0.064008,2.3894620853,0.2430817346,-6.793441
0.414724,0.186741,0.082528,1.7375342993,0.4959136862,-6.296049
0.413533,0.192866,0.098569,1.7419458135,0.4614946530,-5.705680
0.413391,0.171277,0.104159,1.3606550655,0.2822717050,-5.205180
0.409997,0.174819,0.130829,1.5540109523,-0.3910860751,-5.422346
0.407151,0.171556,0.121750,2.6701599809,-1.5291052487,-4.884440
0.391038,0.162447,0.145810,1.7187825381,-0.7921953168,-4.260146
0.391484,0.141023,0.156701,1.5999805453,-1.0457664044,-3.678015
0.380393,0.139871,0.165531,0.1903671968,0.3894936570,-3.150711
0.405166,0.133670,0.151630,1.5067995431,-0.7552466345,-2.123137
0.396073,0.133529,0.155388,1.3882165517,-0.7367824005,-1.928091
0.394796,0.134445,0.148479,1.6747508767,-0.7272643915,-1.526229
0.390936,0.143580,0.137643,1.9947831698,-1.0467701998,-0.601760
0.388002,0.123452,0.141851,1.3178967779,-0.5189598215,0.062377
0.398857,0.126675,0.138516,1.5183174049,-0.6365491128,0.651765
0.386173,0.098450,0.154164,0.9011577169,0.2223989513,1.194572
0.383528,0.107476,0.118641,0.5659773199,-0.2190405260,1.447458
0.368215,0.094422,0.124582,1.8291967727,-0.0883142527,1.637471
0.369065,0.101716,0.118556,0.9769959480,-0.0971333793,1.815347
0.351091,0.083469,0.146125,0.2985676278,0.6813763009,2.292164
0.356989,0.089413,0.133117,0.5526023310,0.4566573137,2.629736
0.327306,0.092292,0.152903,-0.2940235910,0.7605502017,2.827066
0.321217,0.095049,0.156120,-0.1523417760,0.6029383038,3.585378
0.306876,0.070615,0.157571,-0.2447207244,0.2570032717,3.591871
0.304342,0.059763,0.171633,0.0538745814,-0.2961844878,3.742565
0.286860,0.061480,0.167192,-0.3593918786,-0.1609329935,3.751555
0.270599,0.047372,0.174246,-0.5373384020,-0.4123514131,3.592156
0.249851,0.057629,0.184425,-0.9126796165,0.4250785331,4.194093
0.240821,0.043429,0.176051,-0.3487527906,-0.3788475526,3.912226
0.223407,0.043305,0.181520,-0.2803825716,-0.3219128596,4.088670
0.199386,0.034436,0.173530,0.6171277861,-0.8749153197,3.926859
0.179912,0.036714,0.169247,0.4516527035,-0.8741225701,4.146516
0.168476,0.031764,0.169647,0.1313089842,-0.6943381678,4.502319
0.143546,0.037226,0.188511,-0.9479095953,0.8243624200,4.197682
0.116022,0.006614,0.164205,0.1692245314,-0.3930465137,3.892077
0.103579,0.020009,0.154965,0.7440285449,-0.1972947580,3.439744
0.077178,0.012378,0.128006,1.0612381079,-0.6030816783,3.805259
0.054293,0.024913,0.131997,1.0614473853,-0.3986091991,3.568263
0.033164,0.017140,0.121251,1.0736794713,-0.0733786046,3.474510
0.022483,0.011925,0.109017,1.1229989588,-0.3691167465,3.352065
0.011001,0.009007,0.099784,1.1328174072,-0.2790826950,3.043069
-0.018551,0.000984,0.091390,0.7140929036,-0.4461768097,2.458178
-0.041811,-0.007475,0.089066,0.6777101282,-0.5498696251,2.664820
-0.070594,-0.004540,0.085699,0.1480256660,-0.5162560256,2.569990
-0.085040,-0.008036,0.080585,-0.5196053720,-0.0478269042,2.596010
-0.104423,-0.006509,0.074627,-0.1479231677,0.0216755580,2.305776
-0.132232,-0.012920,0.071318,-0.3103229155,0.2665989436,2.077788
-0.158938,-0.012356,0.061904,-0.4344927833,0.3878424238,1.783888
-0.177562,-0.015047,0.047330,-0.2938917077,0.4585106304,1.869464
-0.196929,-0.022964,0.039833,0.3882368911,0.3328800208,1.844172
-0.200618,-0.029670,0.033560,0.2482896548,0.4383302972,1.759177
-0.226917,-0.040059,0.031965,0.9651164500,0.4395307266,1.424473
-0.241941,-0.040020,0.023106,1.3274855612,0.3452984383,0.927846
-0.263057,-0.030918,0.008069,1.3886715377,0.8207856583,1.479893
-0.249894,-0.031591,-0.012732,3.2645262399,-0.1589746898,1.040942
-0.266667,-0.042997,-0.006548,2.4393189093,0.2721242868,0.863438
-0.263539,-0.057620,-0.026108,2.7691357094,-0.2419742582,1.254757
-0.262893,-0.050307,-0.021654,2.7363376511,-0.3311921617,0.983270
-0.262207,-0.060896,-0.032984,2.4772699780,-0.2504545341,0.742543
-0.268978,-0.062022,-0.022513,2.1746277810,-0.7490621957,1.082593
-0.270002,-0.072552,-0.051635,2.1265276159,-1.0626441256,1.062833
-0.255458,-0.062839,-0.042113,2.3699647196,-1.1719186936,0.703922
-0.240451,-0.060506,-0.050358,1.7831221451,-0.8332458487,1.874200
-0.227600,-0.036629,-0.056664,1.4875798292,-0.7819261555,2.776838
-0.231647,-0.058031,-0.035243,0.2184849368,0.7209910112,2.694863
-0.203536,-0.046480,-0.066872,0.9758219136,-0.3893268665,3.324648
-0.198068,-0.047960,-0.056828,0.5447598304,0.2544857042,3.536769
-0.170636,-0.043883,-0.070838,0.8860996624,0.2125736358,3.915963
-0.174099,-0.044553,-0.050605,0.5468392622,0.9798873857,4.914826
-0.144521,-0.035319,-0.049905,1.1561290134,1.1099021912,5.513268
-0.132166,-0.033124,-0.052764,0.7580824140,1.2739912573,5.028353
-0.101055,-0.048128,-0.063199,2.3095995929,-0.3771861599,5.053822
-0.084574,-0.020224,-0.041506,0.9092377419,0.4093599651,5.215945
-0.070502,-0.034643,-0.050677,2.0091928310,-0.3711339345,5.258600
-0.053657,-0.029523,-0.040741,1.2509694895,-0.2186872855,5.690287
-0.040622,-0.029969,-0.024233,1.0783899328,-0.1087958460,6.301524
-0.016378,-0.011755,-0.002684,1.2656602068,-0.4903102167,5.797272
-0.000051,-0.013524,-0.007431,1.2050921932,-0.4122870935,5.997321
0.035691,0.030067,-0.014432,1.8857008882,-1.1078802538,6.741725
0.052832,0.033618,-0.018601,1.9997496135,-1.0433340671,6.322394
0.071371,0.046945,-0.000314,1.7697188687,-0.9918490042,5.391327
0.096285,0.043512,0.007885,1.1251951815,-0.4173267772,5.230911
0.144435,0.073766,-0.003584,1.6263088107,-0.2328285111,5.774792
0.164146,0.073969,-0.012866,1.6621145840,-0.9364670926,5.275760
0.200394,0.108057,-0.034704,3.0576178167,-0.8965705913,5.836988
0.221497,0.111458,-0.025688,2.7490476516,-1.0343077950,5.594820
0.243099,0.135577,-0.038538,2.1525927330,-0.6946440184,4.296773
0.287704,0.139405,-0.035971,2.2329649669,-0.6585632257,4.724846
0.327927,0.175692,-0.024874,1.2051431034,-0.3160029146,4.245502
0.348314,0.183941,-0.018342,0.7654522807,-0.6849777590,4.527897
0.366804,0.195095,-0.010319,0.2339036598,-0.9012689772,3.837813
0.387109,0.206806,-0.003653,-0.0890732538,-0.7973454013,3.515685
0.431986,0.227217,0.000516,0.2441940214,-0.5313435480,3.613439
0.453417,0.227010,-0.002927,-1.2657543495,0.6383671568,3.026671
0.481883,0.261935,0.009293,-0.9714995141,1.0947054820,2.416600
0.502506,0.264567,-0.019504,-0.2360314741,0.4090234946,2.625889
0.514428,0.296847,-0.023400,-0.3962071870,0.7687310217,1.829297
0.538958,0.300727,-0.026731,0.0792124090,0.1429459170,1.436737
0.545805,0.305411,-0.020285,0.3699759165,0.2340670849,0.473748
0.560753,0.301544,-0.024066,0.7138619752,0.3410512106,-0.038913
0.580205,0.319233,-0.018686,0.7857529056,0.0570959547,-0.705586
0.576568,0.327633,-0.016405,0.3853664089,-0.0406838002,-1.686438
0.592937,0.350400,-0.005589,0.6440598355,-0.2654736417,-1.929470
0.568752,0.319529,0.010094,0.4501960965,-1.0543374874,-3.934534
0.597405,0.352750,-0.005773,0.5815126859,-1.3056664828,-3.802199
0.585634,0.348312,0.029132,0.4633635847,-0.7911047290,-3.949939
0.595586,0.369514,0.011552,-0.3526120521,-0.0341259896,-4.710877
0.611372,0.350797,0.015208,1.3073050199,-0.1562592845,-4.562320
0.608007,0.367813,-0.006167,1.0410204833,0.0409003688,-5.752309
0.599223,0.353187,0.006608,1.8518922216,-0.3173845820,-6.609535
0.599555,0.371312,0.004626,1.2239961531,0.4113735254,-7.000270
0.579168,0.366855,0.013334,0.5235683199,0.8586709313,-8.099569
0.587577,0.360523,0.001990,1.5492294101,0.3150280509,-8.408843
0.577585,0.345322,0.007399,1.3711982081,0.3680329637,-9.145393
0.566376,0.339886,0.003218,0.7736247908,0.3705914436,-8.967954
0.548933,0.341193,0.006802,0.4556349026,0.5405148009,-9.047327
0.532833,0.319217,0.020096,0.3962602351,0.0742228602,-9.326777
0.540684,0.311464,0.005837,0.8742460536,-0.0388834169,-9.592120
0.519434,0.280858,0.038586,-0.6433489800,0.9886828796,-9.786870
0.518987,0.273663,0.053797,-2.2373204593,2.1528712917,-10.308840
0.508421,0.257251,0.046519,-0.3190097720,0.9538448669,-9.808793
0.494530,0.242739,0.045922,-0.7612617447,1.6986959804,-9.336004
0.478906,0.226242,0.034772,0.1559030777,1.2495920517,-9.451083
0.464259,0.193700,0.031476,0.8136314290,1.1186649736,-9.834445
0.460360,0.173145,0.020250,1.6576796465,1.1498313703,-10.092422
0.413221,0.142241,0.028528,1.0904936095,1.6929563369,-10.006993
0.389833,0.121040,0.028906,0.8505288469,1.6628271761,-9.938975
0.363118,0.101434,0.037312,0.8264554950,1.4327989076,-9.887940
0.340180,0.067273,0.034988,1.4763226977,1.0897459209,-9.511391
0.314774,0.051747,0.037745,1.3803394490,1.0581840573,-9.565880
0.285806,0.015378,0.044980,1.9578520541,0.0268652315,-9.261792
0.264733,0.004805,0.042646,1.3498244164,0.4281384705,-8.799519
0.222527,-0.032017,0.057118,1.3792153035,0.8726029802,-8.669624
0.227750,-0.054115,0.050399,1.8012925615,0.2988142358,-7.858756
0.188991,-0.086312,0.074374,0.4519526803,1.8867110049,-7.394580
0.170990,-0.095444,0.063500,0.1560186554,2.1641682381,-6.491765
0.151909,-0.114331,0.056551,1.1646284116,1.5582415808,-5.647351
0.139331,-0.129269,0.055825,2.2060667675,1.8341097262,-4.734679
0.121701,-0.151820,0.028210,2.3735304643,1.2919433575,-4.473334
0.111240,-0.167454,0.031174,2.1444072399,1.6135962917,-4.248602
0.093895,-0.169460,0.043063,2.0790769091,1.8779328393,-3.190475
0.079246,-0.187011,0.013633,2.3333220974,1.5070504232,-2.649765
0.063201,-0.183604,0.030678,2.8958183795,0.5249185628,-2.214997
0.043556,-0.209857,0.035123,1.9263662708,0.6855582550,-2.032552
0.043562,-0.205268,0.037361,1.9909776033,0.2342023657,-1.228145
0.020027,-0.223302,0.063181,1.2165780124,0.4769929288,-0.439079
0.025138,-0.205521,0.045426,0.4120589164,1.0468509790,-0.004462
0.010948,-0.202543,0.072808,0.9940787403,1.0129028849,1.555678
0.020454,-0.188383,0.058399,0.9072108712,0.7230233220,1.991589
0.000638,-0.202061,0.090974,0.3105525635,1.2727868183,2.217838
0.026976,-0.182015,0.077322,1.6789227380,0.1531174841,3.293467
0.010170,-0.176661,0.096422,1.0527049550,0.6174524675,4.065690
0.016433,-0.160056,0.088988,1.5906922424,0.7675477831,4.588192
0.002716,-0.155897,0.107409,1.7234876739,0.3276222173,5.694774
0.005824,-0.142544,0.106197,1.2051691178,0.7295241437,6.058031
-0.013772,-0.136284,0.127717,0.9425701773,0.2629194367,6.341854
-0.004926,-0.100942,0.122954,1.7405993682,-0.0579794587,7.299019
-0.019004,-0.084743,0.145446,0.5515067525,0.1277637160,7.507634
-0.014323,-0.061753,0.147074,0.4514119832,-0.0565295099,8.359125
-0.031724,-0.050534,0.181385,-0.3455041982,-0.1783168256,8.420000
-0.024374,-0.011135,0.166545,-0.5691435588,-0.2278815607,9.156875
-0.045523,0.002392,0.162954,-0.2302430273,-0.8612986214,9.225221
-0.043294,0.034406,0.163919,-0.5749778420,-0.9987248356,9.914763
-0.053348,0.051829,0.171593,-0.8921849081,-0.5759975906,9.837116
-0.047558,0.066190,0.167730,-0.9311718609,-0.2399029736,9.499373
-0.059802,0.093378,0.166066,-0.5937604413,-0.6468052518,9.487946
-0.068681,0.102701,0.154476,-0.2507587381,-1.2474248749,9.819288
-0.082437,0.133158,0.149529,-0.2544305706,-1.1712366753,9.545709
-0.081436,0.139129,0.150412,1.0760478691,-2.2871984193,9.481813
-0.090437,0.141433,0.164887,0.3679937757,-1.6646080837,9.226351
-0.094911,0.140468,0.175989,0.0955726183,-2.1013913693,9.164913
-0.094375,0.168369,0.184884,0.1479315495,-1.6773050402,9.184696
-0.086396,0.173135,0.183144,0.4556948726,-2.4951513279,9.444619
-0.107069,0.195308,0.191167,0.2149810981,-2.2702458155,8.744638
-0.104466,0.193562,0.179685,0.2470818050,-2.3457197602,8.670055
-0.084433,0.218124,0.178165,0.9859877215,-2.6990811707,8.740128
-0.093791,0.205960,0.161250,0.6960323340,-2.7017246339,8.406120
-0.067509,0.224450,0.128252,4.2229905542,-4.6088478002,8.412905
-0.085792,0.221643,0.144142,-0.1017717755,-1.4014878859,8.071650
-0.069954,0.233519,0.137174,-0.0926383570,-1.4567203410,7.514019
-0.056010,0.222903,0.104330,0.7286817623,-1.6546441651,7.280280
-0.051179,0.230798,0.089995,1.0285120065,-1.5681849485,6.626747
-0.039165,0.231162,0.045643,2.0519402718,-2.3470871952,6.386361
-0.033079,0.236089,0.062567,1.1196094853,-1.6057054869,5.595949
-0.029124,0.211054,0.060335,0.4006553767,-1.2369945312,5.303327
-0.020189,0.216391,0.051988,-0.0352421439,-0.6795411838,4.765158
0.002000,0.193979,0.032241,0.2587472752,-1.1605105730,4.087693
0.010367,0.192531,0.025472,-0.0647283171,-1.0830627339,3.473798
0.029336,0.178289,0.010862,0.2390731983,-1.4322750738,3.647571
0.036003,0.178732,0.021635,-2.0279292460,0.6550935117,2.756366
0.065693,0.165533,-0.004440,0.0080667729,-0.4579939396,3.320628
0.083313,0.170686,-0.023012,0.2402779017,-0.1312824663,2.760404
0.074611,0.142444,-0.042070,-0.6593285104,0.5429855211,2.790272
0.086454,0.151990,-0.061407,-0.1484413461,0.8076260465,2.548517
0.094178,0.128202,-0.082346,0.6820043753,0.3195562291,1.560119
0.103313,0.119237,-0.104985,1.1544868878,0.6864539464,0.702582
0.111801,0.088232,-0.123698,1.1394663873,0.5804896763,-0.013449
0.122298,0.102323,-0.122644,1.3831595103,0.4833625469,-0.150950
0.105706,0.083419,-0.136667,0.7165900225,0.4902223271,-0.339047
0.099886,0.076618,-0.127000,1.0927595667,0.5256210899,-0.868199
0.098602,0.063774,-0.130305,1.2259898906,0.0503507801,-1.124902
0.107718,0.058476,-0.157927,1.1074952855,-0.3111578963,-1.721419
0.083628,0.036707,-0.125402,1.3618097842,0.0966797365,-2.060669
0.106661,0.034656,-0.123373,0.7179350490,0.5810019814,-1.922826
0.097421,0.023531,-0.116270,0.4859137068,1.1478152283,-2.208090
0.117053,0.010500,-0.134724,1.3807353109,1.0245477103,-2.180310
0.110061,-0.002656,-0.132416,2.1245840017,1.1758754359,-2.122050
0.138307,-0.011207,-0.129501,2.1923639300,1.3208077154,-2.356757
0.128834,-0.035933,-0.141909,2.3996400796,1.4446065378,-3.143048
0.149093,-0.032323,-0.138416,3.1398347135,1.3264052512,-3.666968
0.152589,-0.034929,-0.135498,3.3283576584,1.0693325701,-3.441202
0.178359,-0.034660,-0.140813,3.3171700197,1.0051310115,-3.472641
0.192854,-0.028797,-0.122667,2.9146734591,0.6941185187,-3.564647
0.213530,-0.035533,-0.115607,2.7028621992,0.2379686549,-3.719440
0.215116,-0.035818,-0.115531,2.1625867456,0.4770941192,-4.053517
0.238654,-0.043910,-0.111422,1.9124217162,0.3575635779,-3.882504
0.254502,-0.025823,-0.104640,2.3859159349,0.5570876218,-4.165674
0.277561,-0.003178,-0.113099,1.8909755858,0.4804237904,-2.927948
0.307477,0.007631,-0.118988,2.4430836563,0.7177170198,-3.465276
0.327014,0.020807,-0.099657,1.7575445124,1.7600623921,-3.062219
0.366462,0.032867,-0.130601,2.3682090157,0.7056923382,-2.763264
0.378013,0.036707,-0.085064,1.8714181935,1.5007433934,-3.359039
0.403337,0.054015,-0.107644,1.7802642973,1.4447542138,-3.191047
0.414458,0.045534,-0.075847,2.2073995311,1.4804441404,-3.349093
0.459661,0.077764,-0.077865,2.1004917568,1.3392264436,-2.646674
0.481945,0.097977,-0.040229,1.4291741437,1.4228242298,-3.256708
0.508155,0.112180,-0.028829,1.4954216733,0.8199103170,-2.853014
0.519765,0.125701,-0.008419,0.8874840341,0.2140514379,-3.007807
0.540917,0.119342,-0.001532,0.5835059426,0.5053339391,-3.445080
0.557172,0.155554,0.032569,-0.5547421476,1.3346884153,-2.617817
0.593607,0.166203,0.020470,0.6647373422,0.8748488504,-2.390436
0.597553,0.195958,0.030268,0.2313770507,1.2712808075,-1.930852
0.605230,0.201108,0.031473,0.1786938053,1.0995267497,-2.013730
0.616075,0.217586,0.035307,0.9583252712,0.7684120599,-2.621388
0.624147,0.222483,0.052664,1.1992269983,0.4412820908,-2.601494
0.634995,0.242198,0.045646,0.9287942290,0.1458627945,-3.092264
0.637454,0.254835,0.085620,0.8070384934,0.3426016743,-2.441527
0.650305,0.276703,0.072598,1.2910101282,-0.5635008649,-2.505305
0.631303,0.273131,0.107379,0.9264779217,-0.4437871674,-2.527968
0.640697,0.267584,0.102679,1.0645579329,-0.3267455726,-3.697152
0.654651,0.290085,0.137216,0.9175048989,-0.4572168989,-2.308806
0.670393,0.309819,0.126312,1.2725550058,-0.7404580745,-2.300928
0.653078,0.298406,0.157239,0.3873074928,-0.6540717443,-2.691108
0.654674,0.294349,0.173507,0.6629337292,-0.7996010990,-3.000393
0.650410,0.303458,0.174173,0.1978237178,-0.7071072699,-3.289779
0.649829,0.299381,0.167842,0.7973232171,-1.0954096779,-3.419436
0.630275,0.298396,0.177026,0.1931869969,-0.8807103061,-3.759723
0.650554,0.332268,0.174548,0.7492785262,-0.8323015236,-1.676468
0.629822,0.330013,0.178293,0.4101919810,-0.6490906480,-2.364346
0.605076,0.321885,0.174288,-0.5253054920,0.3894801983,-2.493841
0.596469,0.325746,0.162416,-0.1353789686,-0.0127392518,-3.201499
0.587177,0.317589,0.147428,0.3436741617,0.0241851094,-2.857812
0.566402,0.321931,0.141510,0.1822314929,-0.1983737956,-3.389557
0.538482,0.305411,0.145150,0.0076207412,0.3387275109,-3.152431
0.541141,0.319657,0.138090,0.2614426278,0.1681679146,-3.546357
0.505940,0.293243,0.126988,1.2112723277,-0.7329047867,-3.571126
0.520491,0.301521,0.099590,0.2647153761,-0.4505095190,-2.701930
0.476864,0.265217,0.132726,-0.4309377529,-0.1928720830,-3.770932
0.461702,0.246127,0.137525,-0.3389013715,-0.5627863942,-4.067356
0.422625,0.229156,0.152585,-1.4517459003,0.4230383411,-4.009910
0.407834,0.233381,0.147100,-0.5279979196,0.2172487770,-3.402459
0.357908,0.201640,0.142094,-0.4281935346,0.2524230425,-3.570573
0.334869,0.169534,0.123775,-0.2507945894,0.2977410288,-3.698558
0.293760,0.162395,0.119518,-0.1286382895,0.8921079467,-3.911011
0.260436,0.135072,0.105035,0.4580713063,0.1389847761,-3.489261
0.233159,0.127709,0.100706,0.7526093207,0.6780855817,-3.514894
0.177745,0.086275,0.106309,0.1997554688,1.0177926210,-3.554825
0.141793,0.076943,0.092293,0.6964889961,0.7681443282,-3.540258
0.101268,0.056943,0.093373,1.0296515828,0.4984948556,-3.387602
0.060766,0.030004,0.090911,1.2779516971,0.5734752690,-3.164347
0.034198,-0.001363,0.108032,1.1864322651,0.0260429629,-2.947752
0.010705,-0.051535,0.101093,0.7071033024,0.5158328460,-3.764482
-0.008727,-0.061005,0.087146,1.0296893743,0.1942383123,-3.338418
-0.041059,-0.087120,0.085617,0.6552315538,0.5505903418,-2.757653
-0.080862,-0.106384,0.052556,1.0887849679,-0.1897571171,-2.678550
-0.115311,-0.118372,0.077716,0.7766644274,0.3383362486,-1.883271
-0.122128,-0.137922,0.067606,1.4153719359,0.2305741046,-1.306425
-0.160192,-0.162452,0.058950,0.9320230734,0.7088273169,-1.149442
-0.180333,-0.177800,0.049260,-0.1401772188,1.2899559349,-0.778363
-0.191477,-0.172089,0.045889,1.1660902460,0.7915655523,-0.116479
-0.221471,-0.194373,0.025128,1.1575936039,0.9572989365,0.963184
-0.247278,-0.197154,0.016708,1.2148931679,0.9099506927,0.974403
-0.271850,-0.228452,0.018796,1.3333884750,1.0881825849,0.942879
-0.282745,-0.245599,-0.005369,1.5138871069,0.9782073861,1.364416
-0.305430,-0.247569,0.028847,1.8440861101,1.0800248363,2.078048
-0.313938,-0.242990,0.023326,1.5287378068,1.4564735528,2.740257
-0.320017,-0.249052,0.030150,1.3072308353,1.3782362239,3.541474
-0.311995,-0.254760,0.028029,2.2567492361,0.6894363368,4.835704
-0.317886,-0.250300,0.010738,1.6057460980,0.4296178257,4.950120
-0.318868,-0.268734,0.015648,1.8640257347,-0.1161627210,5.418078
-0.322206,-0.259559,0.016203,1.9366170189,-0.4960449284,5.739750
-0.327150,-0.260295,0.031118,0.9873133272,0.2212248458,6.546879
-0.323762,-0.250674,0.000903,1.0061558305,-0.3885069812,7.362266
-0.338697,-0.247930,0.029677,0.9599496259,0.0867055247,7.849754
-0.316583,-0.209551,-0.004027,1.0168046298,0.0239492802,9.208119
-0.323874,-0.201168,0.020782,1.2125401532,0.1381771515,9.508075
-0.298704,-0.195660,0.002016,1.4069699485,0.0353754355,9.698282
-0.301881,-0.182727,0.011466,0.5211230952,0.4679336779,9.957641
-0.284205,-0.171488,-0.002770,1.0702665610,0.1197640613,11.111973
-0.289707,-0.144198,0.009526,0.5901556556,0.3402615800,11.129402
-0.275940,-0.138917,0.006759,1.0019628190,0.2256765098,11.681942
-0.267301,-0.107727,-0.005796,1.9668089180,-0.6945090252,11.434127
-0.265079,-0.104277,0.004183,1.2565977170,-0.2956609095,12.088711
-0.245765,-0.079140,0.016521,1.7541503491,-0.1734604712,11.910947
-0.236200,-0.073475,0.023014,0.9833920399,-0.4459950231,11.831434
-0.218760,-0.045288,0.034273,1.1603335953,-0.7807932593,11.990067
-0.207163,-0.035329,0.038648,1.2164009680,-1.4267797210,11.970816
-0.190971,0.003036,0.051377,1.1530074439,-1.6916625257,12.117852
-0.192090,0.008196,0.069319,0.8474583969,-1.3196889993,11.529179
-0.150078,0.041007,0.061773,1.5429756935,-1.9598257041,11.718254
-0.141278,0.068905,0.091548,0.5973608695,-1.0816766236,11.395118
-0.103665,0.097724,0.086519,0.2537697602,-0.5656818818,11.640398
-0.091516,0.116415,0.081645,0.3690355813,-0.9232036233,10.748602
-0.040406,0.146554,0.052799,1.7926325216,-1.8572933932,11.242918
-0.021551,0.174336,0.041268,2.1475048686,-1.8681304581,10.633149
-0.001253,0.190030,0.036820,1.9405081114,-1.8711853586,9.833914
0.044587,0.226580,0.031529,2.0882239228,-1.9409060682,9.455222
0.069159,0.230709,0.042311,1.6378962315,-1.5986045094,8.431430
0.105039,0.264515,0.018855,1.4279082465,-1.4797823686,7.346019
0.126677,0.275665,0.025003,1.8479451985,-2.0323810266,6.765185
0.182774,0.315284,0.017073,1.3564933228,-1.8845586449,6.327860
0.217282,0.336771,0.028660,1.8013808758,-1.9202547993,5.665224
0.267533,0.369277,0.018199,0.8061525149,-1.4066668855,5.308180
0.304703,0.378718,0.032881,0.5503206591,-1.4237126580,5.027444
0.339369,0.401114,0.042472,0.4306838839,-1.1675996311,4.698678
0.364155,0.419824,0.019768,-0.0338497924,-1.0754535603,3.189259
0.408848,0.418264,0.008824,0.3839535867,-1.0953948801,2.398582
0.435663,0.427150,-0.010753,0.1739394638,-1.3438240112,1.543570
0.472262,0.432267,-0.015988,-0.0284732198,-1.3349670634,0.909518
0.500012,0.453117,-0.016441,-0.6042702258,-0.4911367325,0.104149
0.533273,0.469201,-0.021693,0.1481183987,-0.7705954080,0.000765
0.554201,0.480440,-0.051983,-0.3449003523,-0.4543929337,-0.928066
0.553752,0.454690,-0.028251,-1.7984001328,1.6019195977,-2.077920
0.594920,0.467626,-0.063600,1.5924517666,-0.4311246317,-2.802098
0.625571,0.471381,-0.081292,1.4856369370,-0.5738093436,-3.902053
0.632944,0.455474,-0.071300,1.0917760068,-0.1537864857,-4.793218
0.650088,0.465827,-0.065047,0.4433451005,-0.2384497606,-5.403702
0.662998,0.438405,-0.064900,0.6354664290,-0.1137278584,-6.156286
0.668939,0.439334,-0.068097,0.5671277976,0.0923761599,-7.000854
0.672064,0.432123,-0.054054,0.4452947883,0.1377991977,-7.315787
0.684514,0.423500,-0.059910,0.4311769258,-0.1972776574,-8.281920
0.687481,0.406448,-0.054310,0.8887662735,-0.4945976583,-9.062484
0.704350,0.389192,-0.048760,-0.3433142083,0.8213963482,-9.168082
0.713009,0.391542,-0.063971,0.2746864171,0.6196028305,-9.106618
0.723532,0.364544,-0.074632,0.5388553845,0.6621449039,-9.612865
0.700280,0.364390,-0.077993,-0.0655127120,1.4118146542,-9.699069
0.694726,0.333820,-0.086902,-0.0416739132,1.3240846650,-9.995712
0.690531,0.325723,-0.098105,0.7750101067,1.8094768812,-10.895701
0.688144,0.293486,-0.096900,1.0656380602,1.7909312627,-11.729666
0.681350,0.258882,-0.105244,1.1149348796,1.5918338586,-12.265156
0.655077,0.240602,-0.083409,0.5665206552,1.9005385583,-12.164980
0.643014,0.226238,-0.076316,0.5579125084,1.8315268107,-12.485467
0.603507,0.195328,-0.071770,0.6553321424,1.4601845665,-12.528704
0.598787,0.171665,-0.082871,0.4243430808,1.4326097758,-13.060121
0.576440,0.136651,-0.038492,0.7640085083,1.5874935537,-12.841047
0.552980,0.121168,-0.027719,-1.6712333363,3.5379489502,-13.489418
0.545893,0.103948,-0.030661,0.8320892798,2.0435109090,-13.194878
0.530276,0.085625,-0.041519,0.5198492830,2.3835713704,-12.047941
0.497382,0.064083,-0.037363,0.2024884596,2.6256883000,-12.170554
0.475781,0.024605,-0.053007,0.8525813212,1.8449081660,-12.501867
0.458433,-0.006089,-0.076313,1.0720782082,1.8236519264,-12.235572
0.419283,-0.039626,-0.038023,1.6507138173,2.4806502003,-12.845335
0.404683,-0.070694,-0.050355,2.0586515164,2.0392730214,-12.434025
0.370096,-0.075267,-0.026255,1.5796918226,2.4346884970,-12.056851
0.357623,-0.080292,-0.023206,1.8028376583,1.9007204219,-10.826373
0.329571,-0.099261,-0.014048,1.7286798632,1.6298633530,-10.548787
0.319832,-0.140824,0.001701,2.0825885078,0.8578071068,-9.966883
0.295237,-0.160515,0.016725,1.6683683056,0.7317866710,-9.646366
0.276822,-0.184785,0.033935,1.4995343444,0.8480476722,-8.542350
0.253796,-0.192703,0.048578,0.3401652434,2.4306854846,-7.925469
0.221556,-0.208383,0.063900,1.6127227158,1.7974156824,-6.423373
0.217965,-0.204759,0.048020,1.9007933008,1.4239805717,-5.538693
0.197670,-0.212309,0.075628,1.5269706461,2.0873887406,-5.010221
0.200177,-0.234071,0.066237,2.4239149689,1.5093858793,-3.958655
0.183151,-0.233710,0.077581,1.4632550951,1.9259301692,-3.740908
0.187038,-0.237203,0.068144,2.1415899525,1.2334546066,-2.663608
0.163444,-0.222986,0.075408,0.5949110938,2.3020542404,-1.719241
0.146759,-0.235844,0.078773,1.3569564897,1.7446055838,-1.199641
0.147081,-0.218959,0.031181,2.7734309492,0.4362453154,-0.124183
0.106221,-0.231104,0.077788,1.1920581496,1.4341252806,-0.212402
0.121215,-0.221030,0.072257,1.4203628677,0.8582006520,0.611749
0.094900,-0.215686,0.105712,0.7227209416,0.8457413905,1.022274
0.093892,-0.200101,0.127310,0.5649686282,0.6275643688,1.897598
0.079275,-0.171902,0.123322,0.6778628693,0.1856349302,3.411219
0.045394,-0.171744,0.129621,0.6895620981,-0.5562574111,3.884434
0.040756,-0.137554,0.132995,1.0163633995,-0.4000329531,4.874158
0.017451,-0.141871,0.175779,0.9157478049,0.2922317249,5.543572
0.021977,-0.120535,0.199799,-0.5746516794,1.5936920946,6.065010
0.008903,-0.110418,0.191065,1.3573675118,0.0022634949,6.591480
0.003714,-0.073031,0.178585,1.5244359879,-0.0066014160,7.955205
-0.010476,-0.041402,0.190333,2.0630620690,-0.8273556773,8.565688
-0.037747,-0.039016,0.200912,2.0415241523,-1.0111944434,8.902968
-0.028805,-0.026759,0.185803,1.3734845409,-0.9296069918,8.689718
-0.048359,-0.005272,0.211935,1.0898389636,-0.6133555430,9.023965
-0.043366,0.019724,0.207086,1.2714703692,-0.8569127203,9.440207
-0.048388,0.050539,0.208015,0.9151791564,-1.3928732032,10.249932
-0.053480,0.071022,0.200909,0.7393330223,-1.8930016417,10.445480
-0.047407,0.099996,0.209975,0.1626743783,-2.0898777117,10.957750
-0.047404,0.094386,0.213753,-0.4469371744,-2.4174618939,11.142085
-0.066586,0.124411,0.239931,-2.9180888399,-0.4511941317,11.070160
-0.066987,0.131392,0.241319,-1.6601572684,-0.9875407374,11.567656
-0.060255,0.169341,0.210001,-1.0354584166,-1.3549045866,11.995479
-0.080169,0.183711,0.231701,-0.8691650317,-1.0105759950,12.435240
-0.079020,0.197688,0.230986,-0.9144009979,-1.1553569868,12.391343
-0.092682,0.204368,0.220055,-0.9328447437,-1.0117504917,11.818994
-0.087985,0.203642,0.207451,-0.1287244730,-1.6864433273,11.478168
-0.099132,0.211993,0.211318,-0.1518379713,-1.2852590807,11.299994
-0.112760,0.218705,0.223456,-0.6160545097,-1.0352557110,11.290156
-0.118180,0.238853,0.215969,-0.3788071426,-1.2202372172,10.633754
-0.140812,0.233581,0.210008,0.3186683028,-1.1269163088,10.208415
-0.124436,0.243471,0.200879,0.9010436279,-2.5437646567,9.542021
-0.136059,0.240373,0.204710,0.3980310927,-1.6740739244,8.450022
-0.116404,0.249521,0.199015,1.2458364379,-2.6784239917,7.808706
-0.139345,0.251503,0.187405,-0.5472746911,-1.3372155706,7.655816
-0.114060,0.273584,0.183939,-0.0226269671,-1.3398550566,7.518180
-0.120317,0.278239,0.133504,0.5222562563,-2.0202076296,6.679087
-0.108073,0.272990,0.099987,1.0992374366,-2.1758169103,6.398530
-0.098268,0.276079,0.075221,0.8282760838,-1.5554717402,5.394065
-0.075931,0.265969,0.046503,1.5398550303,-1.6440828513,4.800127
-0.079365,0.273105,0.023976,0.7671327747,-1.2026210580,4.215486
-0.074451,0.271674,0.005331,1.1214444888,-0.7619871675,3.599162
-0.076325,0.260002,0.004846,0.3739172506,-0.3040703242,3.035236
-0.057025,0.248083,-0.038299,0.7710747483,-0.7643313594,2.900840
-0.048858,0.242011,-0.036323,1.3047537585,-1.1486081989,2.028811
-0.041433,0.206285,-0.065097,0.6146618355,-0.8681164715,1.417133
-0.035751,0.216024,-0.075613,1.2005340054,-0.8147821064,0.927721
-0.039874,0.179861,-0.074346,0.5179417554,-0.1704105642,0.701440
-0.026304,0.179808,-0.100186,0.0546581632,-0.0860252843,0.517594
-0.033421,0.160150,-0.066557,-0.2812262584,0.2093658320,0.543755
-0.013362,0.156457,-0.104906,-0.2033352981,0.1667949328,-0.085780
-0.031405,0.126242,-0.080235,-0.3282524964,0.8613479985,-0.220997
-0.006564,0.123301,-0.116417,1.1042070399,0.0282606953,-0.608767
-0.011317,0.103554,-0.115676,0.7386816676,0.6930941790,-0.896473
0.007918,0.073743,-0.135758,2.4247616953,-0.2822975476,-0.855527
0.008867,0.070158,-0.127886,1.5240074323,0.7452683039,-1.417113
0.009533,0.041975,-0.130634,1.7669089072,0.6511939996,-2.149024
0.043599,0.022458,-0.191546,3.3449375035,-0.4726682958,-2.440556
0.036390,-0.005259,-0.143163,2.6135471179,0.5220463962,-2.926383
0.070610,-0.007911,-0.150922,2.9382555857,0.5755699601,-2.866179
0.082692,-0.021491,-0.147748,2.7847347686,0.3971461047,-2.675633
0.103516,-0.029414,-0.150932,3.0242591557,0.1036845129,-2.727269
0.124494,-0.033957,-0.144246,2.9163606687,0.0911828514,-2.578170
0.138093,-0.069063,-0.153194,2.8170256137,-0.5876465109,-3.364140
0.179718,-0.064415,-0.166997,2.6533586659,-0.7873779799,-3.164038
0.193708,-0.072871,-0.105904,1.4348911311,0.5157463424,-2.956256
0.218513,-0.059646,-0.116723,1.3175872084,1.0399179884,-2.690076
0.242544,-0.056275,-0.133660,1.2978513554,0.7746704882,-2.231391
0.277285,-0.053744,-0.146225,1.7662290719,0.7743484904,-1.167913
0.299819,-0.049339,-0.159365,1.6829704430,1.1805263149,-1.658139
0.323229,-0.055175,-0.156299,1.9803934931,1.3292661490,-1.422623
0.361988,-0.055838,-0.164952,1.2361741866,1.6009944981,-1.715728
0.378207,-0.058756,-0.130161,1.4740537207,1.6412499373,-1.390631
0.426826,-0.039741,-0.141610,2.4333447144,0.9474186776,-1.310822
0.430710,-0.031971,-0.132590,0.9909368921,2.1202190443,-1.299664
0.454451,-0.034788,-0.124955,1.3986178203,1.1451651251,-1.220521
0.481673,-0.017716,-0.132620,1.7554251302,1.2470355144,-1.597394
0.506071,-0.016836,-0.124295,1.5885952134,1.2864396223,-1.240862
0.528526,0.003505,-0.106127,0.8560785353,1.4940055184,-1.853122
0.540619,0.001762,-0.083311,0.6535941542,1.2485602826,-1.856900
0.560474,0.035066,-0.091300,1.2953650513,0.0983440832,-1.428351
0.562234,0.030736,-0.059740,1.0579515067,-0.3644682384,-2.014713
0.585956,0.053149,-0.051839,-0.0445355617,0.8238081444,-2.169969
0.597618,0.057662,-0.034288,1.2971044589,0.1004448255,-2.059836
0.620037,0.092591,-0.038394,0.8678655772,0.2032852739,-1.994733
0.611171,0.092502,-0.003735,0.5420546135,0.9395321311,-2.474028
0.633275,0.121886,-0.025927,1.2113257384,0.1847857235,-2.081307
0.627331,0.132295,0.011857,1.1049622648,0.5798107831,-2.202492
0.647475,0.144860,0.018363,1.3711386511,-0.0690941920,-2.671907
0.633705,0.141847,0.032993,1.0051841519,0.6166400220,-3.422722
0.650429,0.175311,0.040920,1.3650120971,0.6000343052,-2.942603
0.635232,0.181807,0.055714,0.9116004716,0.6698103331,-3.534831
0.646723,0.199404,0.053829,1.8598646561,-0.1752839205,-3.449915
0.628476,0.198794,0.072749,0.5656265489,0.2520119209,-3.987733
0.638636,0.214891,0.084185,0.9466206633,-0.4798789156,-4.026459
0.620592,0.227177,0.098976,-0.0360803289,0.6506970373,-4.221338
0.626382,0.224860,0.090353,0.6355587774,0.1103080936,-3.929240
0.623822,0.245089,0.110737,0.5943093537,0.1907799961,-4.163341
0.606789,0.247000,0.134673,0.1049209804,0.1944544688,-4.014207
0.603077,0.254828,0.112972,0.1970539782,-0.0802204979,-4.575386
0.568953,0.262342,0.132237,0.6385475115,-0.2018032670,-4.479704
0.564236,0.282535,0.114282,0.0276810114,0.1330209181,-4.585238
0.525296,0.279102,0.129972,0.2901892980,0.2152666079,-5.202025
0.531037,0.292173,0.116048,2.1240677034,-0.9401108191,-5.369597
0.485651,0.298002,0.142951,-0.0002540518,0.6328359694,-5.662290
0.471563,0.300362,0.115241,0.7218134757,0.3377756136,-5.950294
0.445326,0.308939,0.098733,1.6056871763,-0.0559482296,-5.793736
0.426889,0.290784,0.098215,1.3104161164,-0.0504547073,-5.598844
0.387201,0.289179,0.087422,1.2585947919,0.2961421258,-6.378260
0.380754,0.281167,0.072168,1.9361641044,-0.2032873994,-6.898491
0.363298,0.289521,0.081133,2.0052232091,-0.1679715213,-6.916620
0.347441,0.272918,0.083713,1.6196623410,-0.6154925343,-6.760717
0.329558,0.269921,0.082630,1.8403615890,-0.7854282236,-7.063608
0.296763,0.244942,0.083020,1.6324106978,-0.7307757326,-7.232326
0.287136,0.248556,0.086962,1.5029962725,-1.0603200925,-6.424957
0.257187,0.235324,0.110468,1.1440994094,-0.7114556940,-5.881356
0.250093,0.225418,0.082265,-0.3100632953,0.6858686189,-5.662145
0.228541,0.214428,0.097069,0.2931960914,0.2735785270,-5.123957
0.215352,0.206518,0.084727,1.0019861525,0.3247929247,-4.873195
0.191016,0.199634,0.080053,0.7129222108,0.3966094910,-4.459906
0.171715,0.176884,0.079524,0.6127613591,0.2027958068,-3.905631
0.157742,0.164305,0.064809,0.5588999098,0.2835910402,-3.810571
0.138264,0.137301,0.086519,0.9126113146,0.9254651644,-3.430143
0.143296,0.125418,0.091623,0.8533927839,0.9259296605,-2.555704
0.122679,0.103869,0.087668,0.5349480553,0.8036392112,-2.463852
0.110754,0.080892,0.092900,0.8882684771,0.2055641332,-1.624109
0.103139,0.072981,0.078940,1.8029146311,0.0020157428,-1.375444
0.075379,0.038919,0.097210,0.7843944583,0.4993430550,-1.104420
0.077956,0.031183,0.087619,0.6623047159,0.6059714181,-0.740305
0.046851,0.009417,0.116934,-0.3118428002,1.0736664260,-0.164345
0.043382,0.008350,0.116839,0.3128374626,0.5728183798,0.542157
0.006415,0.003417,0.130064,-0.2148875595,0.1261138291,0.911050
-0.011031,-0.022209,0.123460,-0.2281290289,0.5126749313,1.465838
-0.023613,-0.036019,0.120588,0.0008006060,0.1596346902,1.768049
-0.032482,-0.050675,0.111896,-0.2987724435,0.6939429480,2.164354
-0.061522,-0.045961,0.114092,-0.7871324135,0.8030586675,2.612216
-0.094891,-0.057397,0.122731,-0.5645276271,0.6799994676,3.327748
-0.104981,-0.058451,0.092694,0.4083128944,0.1683686785,3.859953
-0.144157,-0.073885,0.109076,-1.2968158817,1.7451970049,4.214417
-0.147413,-0.081448,0.091298,0.8797232444,0.5682493558,4.554704
-0.167383,-0.090241,0.096685,0.6052284622,0.7835864467,4.722532
-0.166110,-0.102797,0.078569,2.0073140955,-0.4416579999,5.218630
-0.192215,-0.104523,0.079623,0.6597250781,0.3254713542,5.634652
-0.220063,-0.118979,0.084835,1.2717267252,-0.5135326985,6.233310
-0.228775,-0.104822,0.053767,1.9547842652,-0.9120923349,6.588726
-0.264760,-0.120482,0.075979,1.5263334490,-0.3208309171,6.685436
-0.264379,-0.112234,0.069844,1.4124300898,-0.7630273223,7.071877
-0.283690,-0.127014,0.097565,0.6434881094,0.2207220995,7.568441
-0.269123,-0.130815,0.076790,1.2463162277,-0.7964409714,7.451843
-0.291167,-0.137853,0.085830,0.8142102614,-1.0494924592,7.953731
-0.290373,-0.136691,0.084057,0.9055418232,-1.4779715538,8.623601
-0.299935,-0.118221,0.093370,0.3478768446,-0.8859456304,8.732338
-0.302328,-0.124333,0.086509,0.9176666613,-1.1683587182,9.500803
-0.289251,-0.117308,0.063109,1.0304768171,-1.2812457968,9.474127
-0.316587,-0.114807,0.100499,-2.7739235432,2.2080134869,9.742657
-0.282019,-0.099849,0.071820,0.7749571809,-0.0889287890,10.159008
-0.294269,-0.092674,0.058290,1.2059591624,-0.4004854588,10.198620
-0.289992,-0.091295,0.045006,1.3936556245,-0.4921816501,10.201965
-0.280706,-0.074079,0.044094,0.9081429204,-0.3083783213,10.218810
-0.287596,-0.079025,0.047468,0.9407269328,-0.4283251563,10.070608
-0.245752,-0.062130,0.017312,2.4804571157,-1.7862542497,10.371897
-0.260628,-0.061018,0.048092,1.3109158342,-0.5158011707,10.018489
-0.227482,-0.042459,0.019597,2.6153258939,-1.1743026735,9.597205
-0.224255,-0.032273,0.042915,1.7607410499,-0.4850510425,9.890842
-0.186914,-0.043598,0.047796,2.0878778181,-0.8030375391,9.232694
-0.165286,-0.027967,0.044182,2.4474584498,-0.9345756156,8.732283
-0.134300,-0.018582,0.028778,1.8803127226,-1.3622468303,8.565154
-0.120566,0.011081,0.042994,1.6479249912,-1.5327061883,9.030450
-0.096099,0.008964,0.035763,1.3043449642,-1.5388422514,8.439079
-0.055377,0.039517,0.024045,2.0308042468,-2.0324878643,8.107674
-0.028313,0.045058,0.025390,1.3729615049,-1.1419789167,7.400683
0.009711,0.063856,-0.003636,1.4954958904,-1.4305711354,7.141282
0.021137,0.077485,0.011614,0.1644554251,-0.1572248481,6.857588
0.075373,0.102179,-0.015922,0.7790714824,-0.7015126098,6.590893
0.105571,0.120153,-0.019526,0.7382109328,-0.1420171577,6.155478
0.153173,0.131826,-0.057652,1.3578742247,-0.2502768526,5.029333
0.182170,0.152173,-0.049078,0.8202453909,0.4033106916,5.026372
0.230254,0.161335,-0.059201,1.7090825977,-0.1662241064,4.028984
0.266545,0.175682,-0.042632,1.1946088614,0.1766952431,3.363470
0.303108,0.191129,-0.059296,0.6528793042,-0.1576658739,2.914413
0.326397,0.206494,-0.065609,0.1130741323,-0.1642758579,2.109215
0.360331,0.215075,-0.066892,0.1902420908,-0.2454270330,2.072960
0.367815,0.229518,-0.053556,-0.2655081909,-0.3451756764,1.650684
0.403597,0.235570,-0.057550,-0.3416522350,-0.3358110296,0.796273
0.416280,0.254313,-0.047601,-2.1295119694,1.2112750736,0.079424
0.438505,0.249229,-0.071442,-1.4428966836,0.8865956339,-0.485618
0.465828,0.293847,-0.081916,-0.2823563728,0.8693904164,-0.578061
0.471051,0.283763,-0.079310,0.4951867284,0.5079465728,-1.728894
0.502795,0.306422,-0.115623,1.6054297505,-0.5009101042,-2.739186
0.501331,0.290187,-0.080675,0.7070163572,0.7124442524,-3.224871
0.525454,0.294953,-0.103422,1.0016297052,0.6818635398,-3.817903
0.528021,0.303779,-0.073923,0.6863327938,1.1638972698,-4.571948
0.556893,0.325398,-0.082727,1.3975847548,0.7315878031,-4.932616
0.561206,0.330423,-0.079789,0.9912189284,0.6048535453,-5.658918
0.582686,0.335655,-0.080347,1.2678382160,0.5311702059,-5.956707
0.583369,0.330177,-0.082418,0.9666721786,-0.0246806724,-7.344640
0.589599,0.307101,-0.073129,0.9334864643,-0.2943900156,-7.944144
0.579040,0.323678,-0.075853,-0.0358436830,0.3947769199,-8.464050
0.578977,0.319883,-0.089091,0.0456823366,0.6955221280,-8.254013
0.586471,0.340943,-0.089682,0.9171207894,0.8774738039,-8.301198
0.574950,0.333111,-0.087575,0.4172503983,1.5734108894,-8.465849
0.577260,0.341383,-0.122336,0.2742709295,1.0853971848,-8.859945
0.566382,0.328716,-0.094908,0.6371290236,1.6101138398,-9.638917
0.582306,0.336026,-0.114245,1.3058623536,1.3623039440,-10.138806
0.559657,0.318905,-0.100632,1.0879433922,1.6946192311,-10.488481
0.569090,0.309110,-0.106032,1.4513120721,1.7277102466,-10.785269
0.555688,0.309278,-0.092567,1.1472211895,1.9308733877,-10.580967
0.543422,0.307804,-0.081187,1.4115427754,1.5400098040,-10.718002
0.533722,0.291027,-0.073125,0.8055756281,1.3135679173,-11.165271
0.537874,0.282046,-0.066071,1.5991518654,0.8030642799,-11.098667
0.530988,0.271687,-0.046331,1.4237708233,0.1277094042,-11.024674
0.518817,0.248310,-0.041394,0.7276243708,0.4682123790,-10.921434
0.497999,0.250437,-0.028465,0.4051531091,0.4810637698,-10.641019
0.473516,0.230614,-0.018640,-0.7439048234,1.5406550499,-10.326975
0.467529,0.232606,-0.021440,0.8245221810,0.6949183094,-10.105624
0.436290,0.193473,-0.003495,0.5296011311,0.7794360668,-10.341707
0.430585,0.192311,-0.009210,0.7029657037,0.7891583147,-9.537034
0.400255,0.172859,0.033334,1.4118729718,0.9702377210,-9.544800
0.390506,0.157471,0.033472,1.3163551949,1.2207140783,-9.312807
0.354833,0.135551,0.058077,1.0858486632,1.6841430540,-9.458167
0.371662,0.128034,0.057926,2.4938309718,0.5694619487,-8.091809
0.344322,0.117570,0.058668,2.0864033577,0.8198666206,-7.781373
0.320042,0.076674,0.075329,1.9836972477,0.1743244199,-7.601479
0.311560,0.076077,0.077332,2.3369940844,-0.3204075088,-7.055829
0.289601,0.042336,0.083174,2.1123042561,0.2081022926,-6.069486
0.281089,0.024201,0.097335,1.4355358786,0.3177170779,-5.806270
0.259931,0.009098,0.115513,1.3223003904,0.3502354590,-5.175645
0.260312,0.005317,0.110474,1.1535921379,-0.1570278059,-4.598907
0.221664,-0.003677,0.136334,0.2840006961,0.4860696350,-3.495542
0.223214,0.008826,0.112963,1.1931429275,-0.2361818289,-2.449219
0.209975,-0.012464,0.128781,0.7676110714,0.3157233761,-1.974466
0.210002,-0.030491,0.114436,1.0729013013,0.0699775654,-1.014865
0.209165,-0.042931,0.125078,1.6731938249,0.1842187156,-0.798903
0.193061,-0.057240,0.112372,0.9857055378,0.2749240727,0.009676
0.173215,-0.054440,0.119701,0.5413302983,0.7662775803,-0.042252
0.152612,-0.064313,0.127336,1.5909431076,-0.1954337056,0.626285
0.144218,-0.070688,0.112103,1.4742674816,-0.0871738179,1.650708
0.117558,-0.081362,0.132523,1.1667943938,0.4015191720,2.501710
0.128033,-0.088147,0.159921,1.8082206320,0.6459980060,3.213024
0.117972,-0.098792,0.144024,1.2933371104,0.1769375865,3.144070
0.118963,-0.110284,0.155516,1.3839405228,-0.0637466998,3.712205
0.108991,-0.106916,0.163292,1.4093262942,-0.6504972540,4.289169
0.077381,-0.105193,0.190655,1.1351137298,-0.3549813476,4.496146
0.077096,-0.088672,0.181053,1.0185682252,-0.7580240830,5.601293
0.056577,-0.088620,0.188029,0.7490693378,-0.8423998485,6.257305
0.060582,-0.093271,0.188478,0.2765314074,0.4823164476,6.659729
0.060973,-0.087940,0.180643,0.2126380265,0.3539318655,7.011465
0.064301,-0.081549,0.172421,1.0065100373,0.0370185230,7.753644
0.057972,-0.059823,0.155953,1.4825947000,-0.4749206526,8.000070
0.036922,-0.065636,0.138490,2.1284756466,-0.9624900374,8.202143
0.032780,-0.055093,0.144776,1.0171255936,-0.6432487943,8.063620
0.010101,-0.067773,0.174951,-1.1435500538,0.9160332058,8.085301
0.026875,-0.053931,0.144270,0.5413910565,-0.0286371833,7.977066
0.013787,-0.028200,0.171154,-0.0622819075,0.1044945718,8.528462
0.009382,-0.030156,0.159885,0.1474627603,-0.7439890069,8.741946
-0.006820,-0.003739,0.164421,-0.5125267502,-0.7162383715,8.018364
-0.016444,-0.015933,0.176189,-0.8795476080,-0.5693911447,8.124354
-0.012948,-0.006880,0.179665,-1.9883332869,0.2167357247,7.780397
-0.023271,0.006706,0.178815,-0.8462084100,-0.2745159599,7.919415
-0.028037,0.029791,0.155401,-0.1501063130,-0.5913577607,8.374780
-0.049514,0.051980,0.134049,-0.2275809724,-0.2211038071,7.928138
-0.059093,0.048107,0.121113,0.2911045823,-0.3046680732,7.909740
-0.077865,0.073342,0.091850,0.0721440372,-0.5721968621,7.243391
-0.102838,0.058050,0.102751,0.2221163749,-0.3078491535,6.177508
-0.094556,0.081617,0.065403,1.8415526819,-1.2425851901,5.737037
-0.126455,0.067162,0.101162,0.4481785697,-0.5600439464,4.698529
-0.127899,0.079671,0.095129,0.5000198043,-0.8104102941,4.430566
-0.159184,0.083932,0.107399,0.2018804276,-0.6122028424,4.856311
-0.140589,0.092942,0.085620,0.7095393406,-0.9468298121,3.955489
-0.151106,0.092712,0.076600,0.9360895771,-0.8413572920,3.218246
-0.134096,0.105697,0.055221,1.3647261438,-0.9953969805,3.256769
-0.142992,0.102914,0.038622,1.4558953796,-0.7903852321,2.754907
-0.136978,0.109134,0.044799,1.6090043525,-0.3750527119,2.442563
-0.139204,0.115016,0.026362,1.1832300693,-0.3383654029,2.547335
-0.141692,0.111826,0.007422,1.4341535570,-0.5483531735,2.221550
-0.137976,0.107106,-0.027421,1.5444967838,-0.2387370983,1.517835
-0.123491,0.101253,-0.059313,2.7651501374,-0.6341754714,1.628039
-0.123044,0.108458,-0.057954,2.0604262768,-0.3933870033,0.692964
-0.111530,0.118739,-0.066472,1.9434580770,-0.4374398682,0.930652
-0.118610,0.131402,-0.059346,1.0132285862,-0.3880386091,0.431961
-0.106622,0.132833,-0.069068,0.8828145689,-0.1436543130,1.120597
-0.098705,0.135036,-0.069383,0.1687978709,-0.0667035114,0.515870
-0.075088,0.121775,-0.079868,0.5499204077,0.0987820863,0.060879
-0.063360,0.132692,-0.091346,0.1776161208,0.4936921454,0.255987
-0.039477,0.131514,-0.112843,1.2794262944,0.0122373464,0.240754
-0.023888,0.145897,-0.107017,0.7391407591,0.6652733487,0.152958
-0.016096,0.146163,-0.125077,0.9985263034,0.4072222902,0.686030
-0.007266,0.152712,-0.119923,1.2506687034,0.2389937378,0.033166
0.007662,0.143344,-0.129449,1.8954264665,-1.0088690579,-0.487613
0.022886,0.155574,-0.125713,1.3710390814,-0.2837486518,-0.910453
0.042374,0.132909,-0.122835,1.7980333314,-1.0957469164,-0.999521
0.056535,0.139119,-0.100061,1.2462251312,-0.6320167552,-0.850371
0.054427,0.129029,-0.094195,0.0359393497,-0.1619452203,-0.802089
0.106470,0.142336,-0.103905,5.3482057449,-3.9649759204,0.046497
0.089796,0.133234,-0.062963,1.1479215013,-0.7186876366,-0.229989
0.124127,0.127407,-0.080140,1.3380507028,-1.1333181996,-0.620106
0.134749,0.110614,-0.040872,1.2247534432,-0.4760088097,-0.843361
0.168778,0.121538,-0.048911,1.7797789813,-0.8628343781,0.156539
0.175756,0.109919,-0.033382,1.7551453053,-0.3358211565,-0.161880
0.209746,0.114271,-0.043725,2.1200982105,-0.2056141823,0.199845
0.216993,0.110152,-0.019064,1.4205078686,0.9632478009,0.104731
0.259757,0.111074,-0.017088,2.7087359983,0.0570583734,0.948052
0.271177,0.106242,-0.031711,1.3832656704,0.2227904216,0.282105
0.307477,0.103597,-0.035630,1.6380881594,-0.4067860806,0.356288
0.322822,0.106209,-0.023413,1.4734177790,-0.7050415459,0.138866
0.329545,0.098666,0.004199,0.5497988438,-0.3267264686,0.338521
0.364861,0.108540,-0.022563,-0.1111308987,0.4074816372,0.733655
0.363603,0.112029,0.003369,-0.8827137700,1.0154389018,0.854774
0.408487,0.126889,-0.004040,0.2839391044,0.3508389551,1.362216
0.421571,0.113257,-0.015525,-0.2752402955,0.3174458238,1.012594
0.458958,0.105083,-0.004378,0.4384958190,0.7035210374,1.094262
0.471248,0.102402,-0.012505,0.0309196496,0.8608664041,0.482853
0.480278,0.104562,-0.028415,0.6752940373,0.5434955826,0.863744
0.476470,0.116076,0.000043,0.5714666308,1.0979212393,0.735626
0.478873,0.123321,0.001366,1.1093042174,0.7497792656,0.967393
0.473460,0.126534,0.006319,0.8195586456,1.1282552139,0.326841
0.493749,0.108573,0.000861,1.4889043792,0.4959240324,-0.243449
0.497543,0.114622,0.008568,1.2882234951,-0.2144414549,-0.577569
0.501380,0.108048,0.024337,1.6037780911,0.3250331379,-1.087630
0.499309,0.110286,0.034358,1.2725357900,-0.4150373573,-1.563702
0.492341,0.104696,0.036528,0.7808406648,-0.3766382960,-1.550756
0.492278,0.125993,0.041189,0.4673681175,0.4056693253,-1.173010
0.493178,0.118003,0.035169,0.8472440578,0.1007637544,-1.629249
0.513755,0.142582,0.026188,1.7265476453,0.1027662433,-1.821131
0.505707,0.117721,0.012829,1.7427633242,-0.1329633768,-2.435229
0.512232,0.129712,0.001379,1.8019689294,0.1316757393,-2.877377
0.488612,0.126912,0.016347,0.9295162360,0.6595613472,-3.085881
0.496565,0.138407,0.017004,1.4329020171,0.5562330959,-3.606072
0.484276,0.139034,0.018661,1.4146985493,0.3906937647,-3.691517
0.489912,0.134603,-0.012131,2.8460095873,-1.1977867960,-3.616139
0.469590,0.150880,0.006352,1.5885017253,-0.0618583039,-4.466170
0.445070,0.134593,0.011516,0.9821684323,-0.1614123737,-4.452181
0.449613,0.139868,0.024908,1.1069991329,-0.0858572579,-4.346749
0.427539,0.118253,0.070360,0.1645080059,0.3131282245,-4.975227
0.430906,0.125638,0.046598,-0.3997017320,0.9512282924,-5.478215
0.417865,0.116812,0.072024,-0.5182430240,1.5103627518,-5.202306
0.425057,0.127700,0.061963,0.7050271694,1.0283028782,-5.137429
0.404617,0.122704,0.059219,0.7022019820,1.3241055100,-4.934667
0.404486,0.130109,0.046428,1.3124167622,1.0360165129,-5.075529
0.382051,0.117944,0.051230,1.5412826459,1.4242638515,-5.832417
0.383954,0.112269,0.049680,2.2357489085,1.1498087024,-6.553878
0.359779,0.115308,0.054351,1.4879363597,0.8212493734,-6.624352
0.357468,0.120816,0.059012,1.4101354949,0.5887763227,-6.486789
0.352683,0.138617,0.063362,1.2091497637,0.3889148247,-6.484540
0.333973,0.128218,0.044054,1.2555335285,0.2747358619,-6.276427
0.329903,0.143111,0.039042,1.0736550884,0.1566991629,-6.336805
0.338765,0.135233,0.028561,1.4165128154,-0.1618398341,-6.081162
0.326413,0.152846,0.028683,1.4646907709,0.0438308326,-6.133576
0.312017,0.148842,0.033754,1.2384174896,0.4633920130,-5.863297
0.325117,0.147841,0.015011,1.4913848326,0.0042823036,-5.853180
0.306003,0.132305,0.039357,1.8529653978,0.2457922137,-5.813719
0.319248,0.142704,0.016813,1.9914468070,0.3090470503,-5.560088
0.276100,0.121030,0.038891,1.1498615515,0.2533346289,-5.763127
0.283233,0.139244,0.019702,1.5780949620,0.4239246533,-4.820411
0.249611,0.135341,0.048033,0.3806930464,0.8235756985,-4.554557
0.249982,0.134543,0.066657,0.0802453920,1.0930190960,-4.423988
0.232158,0.135554,0.089972,-0.5662867968,1.0404964963,-3.603234
0.227520,0.122310,0.093412,0.1763967399,1.0255861158,-3.334757
0.222701,0.121322,0.074916,-0.4182154076,0.8707916656,-2.768264
0.209874,0.101929,0.086985,-0.0139270536,0.8209176356,-2.695141
0.200397,0.103872,0.078687,0.3901538230,0.4802862441,-1.765613
0.188226,0.082743,0.089201,0.3537526539,0.8723735698,-1.527416
0.169391,0.089594,0.101044,0.5722398319,0.6924624629,-0.962128
0.161346,0.071842,0.099921,0.6922350705,0.6045463129,-1.151830
0.152648,0.079884,0.105945,1.3308712447,0.1957926141,-0.878479
0.124842,0.053832,0.098359,0.7952364057,0.3226138586,-0.707273
0.118553,0.057682,0.100154,1.3242255969,0.1976480145,-0.568486
0.086352,0.045438,0.107392,0.9255299384,-0.3108511228,0.479731
0.064636,0.046531,0.118123,0.8825190240,-0.7766002118,0.682330
0.044042,0.042609,0.134522,-0.6712873163,0.5369122616,1.611660
0.029221,0.049653,0.120584,0.5857462764,-0.5195876890,2.209507
0.009740,0.033802,0.115963,0.3445511923,-0.0354338291,1.877419
0.008184,0.053697,0.107448,1.0465632303,-0.5254033117,2.275398
-0.013631,0.032693,0.122918,1.1040968330,-0.3766741888,2.826559
-0.017859,0.036310,0.099787,0.9254294025,-0.6237492560,3.187611
-0.046284,0.036815,0.125836,1.5958938724,-0.5652847296,3.520486
-0.041633,0.038421,0.082830,1.7264147885,-0.9271718713,4.246742
-0.075885,0.019740,0.121733,0.6712651357,0.2210933205,3.882919
-0.058341,0.022392,0.084330,2.0082642906,-0.5188302137,4.332404
-0.088454,0.024050,0.099052,0.5731857634,0.1704408643,4.778831
-0.091408,0.035086,0.087195,1.2910315904,-0.2605336913,4.952899
-0.107417,0.050017,0.091541,0.5593919302,-0.1709487556,5.525943
-0.113236,0.045435,0.079341,0.3355924900,-0.6106867566,5.685125
-0.119102,0.051695,0.085318,0.4280361612,-1.1853556213,6.228851
-0.126957,0.028836,0.089408,0.1000706090,-1.4693406209,6.397244
-0.142598,0.036970,0.103621,-1.7544373387,0.1908773907,6.685652
-0.131319,0.034964,0.087645,0.1308871277,-0.9499508447,7.467470
-0.136381,0.041818,0.095789,-0.3360006701,-0.5300002320,7.534953
-0.141534,0.037058,0.084894,0.1706630060,-0.6911870026,7.637966
-0.141505,0.040613,0.076235,0.3953146303,-0.6598389754,7.715793
-0.163103,0.017502,0.081041,0.3938587942,-0.9396345575,7.369253
-0.160517,0.031094,0.053468,0.9280554631,-0.9894267856,7.553263
-0.186694,0.024349,0.082764,0.9209487434,-0.6380359852,7.136534
-0.174516,0.032886,0.074896,1.2687266037,-0.5271130614,7.752858
-0.177923,0.034754,0.085249,1.0467242759,-0.9188923725,7.258365
-0.164649,0.016379,0.089923,1.0867224097,-1.2407155727,7.333595
-0.156318,0.020341,0.086884,1.1806286670,-1.9677971640,7.376080
-0.162004,-0.000063,0.099872,0.8894239521,-1.7811925254,7.305754
-0.152819,0.010123,0.077325,0.5036530295,-1.4888333635,7.001465
-0.148811,0.007067,0.093061,0.7642946913,-0.8351987627,7.730925
-0.114943,0.012749,0.070576,1.3628574286,-1.2403916901,7.455430
-0.107285,0.015174,0.073728,1.2091866132,-0.2798593500,7.419114
-0.077303,0.005678,0.032970,2.0844095536,-0.8445927494,6.963416
-0.059181,0.012686,0.010616,2.7243898231,-1.2903304068,6.669274
-0.050729,-0.006798,0.002243,1.7450430994,-0.6893406904,5.803278
-0.027509,0.012361,-0.006666,1.5757032985,-0.3640778294,6.007124
-0.030095,0.003525,-0.007680,1.0461844020,-0.3323634616,5.528732
-0.004164,0.020695,-0.029994,0.1715322451,-0.3277734363,5.461961
-0.000780,0.026719,-0.021460,0.1527328269,-0.2543509838,5.401597
0.030623,0.032138,-0.032446,0.3233388969,-0.4276046024,4.647880
0.047826,0.037370,-0.036914,-0.6178722020,0.3453479536,4.304629
0.087225,0.034813,-0.063567,0.5165104587,-0.3076136429,4.121207
0.105013,0.051580,-0.053444,0.1002568440,0.6902679476,3.633837
0.115051,0.041920,-0.076060,0.8851043977,0.3300997868,3.666176
0.142180,0.050644,-0.111822,1.2857471066,-0.0136826856,3.105132
0.138707,0.050579,-0.103284,1.2080544895,0.9985997541,2.310017
0.182652,0.060866,-0.100649,1.6842143370,0.8246188026,2.240863
0.192618,0.057061,-0.093496,1.1505652554,1.1034114798,1.752243
0.211325,0.065819,-0.104400,2.0026538655,-0.0371997549,1.216221
0.230103,0.075194,-0.099024,1.5679443503,-0.2375267218,0.083080
0.236173,0.063705,-0.103117,1.6279889102,-0.6663504934,-0.119600
0.265616,0.091786,-0.108884,1.4309173020,-0.4389405315,0.025027
0.276419,0.095085,-0.075863,1.2657572415,0.0289418522,-0.435302
0.304135,0.110493,-0.090007,1.5265413687,0.3810192105,-0.523796
0.322543,0.126521,-0.108356,0.8154229487,1.0555019768,-0.464627
0.353379,0.122835,-0.120816,1.6216759678,0.6564091696,-0.963777
0.373684,0.140366,-0.116309,1.2228829824,0.7000054573,-1.709550
0.379996,0.129584,-0.124052,1.2963303349,0.8856020034,-2.192452
0.410188,0.153394,-0.137405,1.4071874871,0.4805162235,-2.787095
0.395469,0.157813,-0.097438,0.0920941848,1.5658558071,-2.804328
0.425100,0.172203,-0.095000,0.7757264830,1.0871756814,-3.371836
0.431228,0.176335,-0.086882,0.2167359272,1.0046576377,-3.231255
0.448336,0.173824,-0.088136,0.1338097666,0.6639333144,-3.844677
0.455413,0.195436,-0.084240,0.7459211124,0.3261052650,-4.298996
0.450066,0.191763,-0.075505,-0.1862251834,0.5843565206,-4.714921
0.466097,0.217054,-0.072600,-0.5616267797,0.7982818827,-4.867827
0.456595,0.220120,-0.049206,0.1508239319,1.1626807131,-5.090399
0.470591,0.232994,-0.053595,-0.4757759428,1.4520358940,-5.183391
0.471402,0.237717,-0.052394,-0.1229599762,1.8793270740,-5.103102
0.471143,0.251766,-0.063688,1.0072685806,1.4893543585,-5.157775
0.458016,0.263589,-0.055981,0.8648759629,1.5580871100,-5.994318
0.450654,0.246911,-0.058850,1.4995826601,1.2129813575,-6.687080
0.458144,0.261643,-0.076638,1.5547332202,0.7555129296,-7.650696
0.437868,0.253256,-0.032092,1.5864627215,0.9459360380,-8.126843
0.445661,0.274415,-0.035361,1.9275341026,0.7074329991,-7.743727
0.424361,0.291845,-0.021788,1.3188767112,0.4661094728,-7.950508
0.418843,0.288782,-0.019247,1.8439910568,-0.2831378009,-7.776959
0.412315,0.285037,-0.004542,1.7405218974,-0.3358076420,-8.238582
0.384125,0.275350,0.030009,-1.0137279041,1.3980397651,-8.806647
0.412843,0.275308,0.010432,1.7955896946,-0.6267574195,-8.143155
0.391468,0.266652,0.051765,0.2186947404,0.4707144017,-8.005414
0.397970,0.268753,0.050708,0.8918868459,0.4350433317,-7.600577
0.404335,0.269245,0.041205,2.4094569412,-0.3163561593,-7.212918
0.396484,0.232784,0.047974,1.5956656854,-0.0127719610,-6.776639
0.405536,0.236233,0.047439,2.4661578558,0.0893127058,-6.916809
0.386781,0.220652,0.060335,2.1124811767,0.2907067282,-6.586655
0.405976,0.229777,0.055691,2.2298053544,0.1974541648,-5.933065
0.384542,0.201282,0.092372,2.6949101198,-0.3204987506,-5.699877
0.393707,0.199024,0.087084,1.8023764611,-0.2162063950,-5.467070
0.376415,0.180330,0.108449,1.0618604550,-0.1717677413,-5.078259
0.383485,0.168579,0.124510,0.9471271249,-0.0519436985,-4.537801
0.373618,0.176450,0.141828,0.5445321979,-0.0853405669,-3.956705
0.366787,0.149682,0.140358,-1.0165340780,1.1431293293,-3.234433
0.378870,0.163849,0.122439,0.5949397172,0.2569418177,-2.529760
0.357580,0.134960,0.140059,0.4981773450,0.6373084728,-2.627323
0.368996,0.136982,0.114515,0.8013768782,0.3021834691,-2.163492
0.358036,0.128875,0.124146,0.9703174169,0.1316650655,-2.340865
0.366669,0.115377,0.117361,1.2452071321,0.3036440188,-1.520101
0.351140,0.117140,0.125318,1.0388560643,0.2932534851,-1.267609
0.337006,0.090664,0.117309,0.7541571031,0.4187284194,-0.746893
0.333710,0.091045,0.096586,1.4293858546,0.0449029238,-1.267333
0.312657,0.065563,0.137925,1.4212543053,-0.5521433327,-0.825445
0.323866,0.067234,0.133461,1.9111634943,-0.7910677264,-0.809820
0.308957,0.059858,0.132388,1.1945777209,-0.5107746938,-0.266370
0.302432,0.039898,0.136235,1.0903753597,-0.7100584777,0.073999
0.285583,0.051806,0.145583,0.6122355186,-0.3820889755,0.731232
0.261300,0.037035,0.154581,0.6350874665,-0.6202482408,0.755998
0.274265,0.042274,0.136721,1.2232298329,-0.7973217800,1.331317
0.250215,0.021792,0.161083,0.8577085993,-0.3685611279,1.365136
0.249906,0.014574,0.148610,0.0556598242,-0.0505203565,1.425268
0.238306,0.017758,0.166863,0.3090020879,-0.0747726841,2.453540
0.244769,0.020127,0.154758,0.3067208820,0.3251481513,2.542193
0.232775,0.007270,0.143968,0.7536832196,0.2119076292,2.612483
0.234210,-0.006539,0.144159,0.5238862118,0.7098035363,2.776786
0.218907,-0.011377,0.136340,0.4685739960,0.5673759682,2.618723
0.217115,-0.009408,0.126063,0.8613803890,0.6153165983,3.213737
0.205922,0.006509,0.111902,0.9372713644,0.2207456236,3.483698
0.198924,-0.019475,0.118530,0.2151996795,0.3351427787,3.305816
0.196426,-0.015582,0.115401,0.2294730503,0.5191469821,2.960933
0.188288,-0.037952,0.112418,0.3458407257,-0.3735702918,2.722897
0.179462,-0.031650,0.103289,-0.4804496485,-0.2733132016,2.590001
0.142282,-0.034995,0.138273,-0.6239235753,-0.0837033325,3.092772
0.122377,-0.020138,0.121874,-1.6782721797,0.7983993158,3.468512
0.103263,-0.017998,0.133573,-1.2712706065,0.8453947194,3.737826
0.091548,-0.013058,0.120817,-1.6547082534,1.4230392334,4.093993
0.064527,-0.012172,0.106073,-0.9969654115,0.9968572538,3.430175
0.031851,-0.033665,0.083319,-0.6190424975,0.6350509423,3.135156
0.019768,-0.017502,0.062561,-0.0693461601,0.6430909274,2.512375
-0.028215,-0.040378,0.089506,0.1583303369,0.7315741880,2.308322
-0.037307,-0.031331,0.077046,0.4680418735,0.5545323049,2.437850
-0.075255,-0.029493,0.078011,0.4635517397,0.4730451651,2.210193
-0.084988,-0.021809,0.064090,1.7197097119,-0.8765434047,2.318713
-0.107791,-0.034164,0.065423,1.4806961863,-1.1713629747,1.641139
-0.122499,-0.063374,0.067337,1.2136704897,-0.7783550482,1.072016
-0.128273,-0.062455,0.057302,0.2541731290,0.1331247733,0.923552
-0.156857,-0.067734,0.065672,0.2014968481,0.4192227784,1.235350
-0.170029,-0.038576,0.019479,1.5006926226,-0.6960261312,2.028571
-0.199450,-0.047363,0.040519,1.7091330658,-0.3273766932,1.892654
-0.190160,-0.041389,-0.004654,1.9179119134,-0.4344791216,2.212974
-0.209185,-0.049063,-0.005760,0.8395965588,0.9178618977,1.441703
-0.200415,-0.042436,-0.025914,1.9994241321,0.3342741826,1.568070
-0.212507,-0.025210,-0.041821,1.5297727187,0.4406240729,1.488454
-0.212845,-0.021435,-0.044529,1.8355220851,-0.0373984902,1.446009
-0.220467,-0.004517,-0.050500,1.7037389610,-0.9880535568,2.266796
-0.226500,-0.016409,-0.047214,0.9984720060,-0.7922677557,2.235081
-0.221737,-0.015677,-0.052535,-0.5686794521,0.2834982957,1.962553
-0.218786,-0.015300,-0.038053,0.7758619680,-0.4927476517,2.633625
-0.209658,-0.007960,-0.044086,-0.4843849793,0.7837166054,2.871651
-0.203247,0.003308,-0.046200,-0.0484712089,0.8032254035,3.284070
-0.189123,0.013303,-0.041742,0.7919728247,0.3157731707,3.376100
-0.189786,0.021401,-0.055945,0.4288769755,0.3471867118,3.572931
-0.174995,0.011738,-0.054015,1.3078699882,-0.1527807308,3.947300
-0.175360,0.016714,-0.052728,1.7243584911,-0.2014354830,3.422359
-0.160362,0.001296,-0.043413,1.3899603607,-0.1717180347,4.020870
-0.144850,0.011363,-0.064466,2.4718711159,-1.1073896375,3.792517
-0.143517,0.019780,-0.024486,2.0485049134,-0.5543734105,3.672741
-0.124403,0.030589,-0.019438,2.3022541077,-0.9572849136,4.109213
-0.117336,0.033861,-0.007569,2.1136488504,-1.5671208018,3.953649
-0.088359,0.034702,0.005246,1.7756307709,-1.3144872893,4.208681
-0.072935,0.049065,0.008890,0.9085889581,-0.4223657614,4.547344
-0.037136,0.051196,0.012123,1.7595563922,-1.1197849299,4.973690
-0.021637,0.080560,0.001882,1.7658817116,-1.0154111553,4.925681
-0.001863,0.075949,-0.002655,1.8273860422,-1.1315765298,5.439567
0.041350,0.103475,-0.033332,1.7314868350,-1.0075448292,5.232764
0.066740,0.101607,-0.011238,1.5073320493,-0.5565703068,4.963660
0.116652,0.126570,-0.026088,1.5537389448,-0.4279672060,4.747151
0.146175,0.134287,-0.023771,2.3232967800,-1.1162679360,5.439854
0.180890,0.152114,-0.043748,1.9997095418,-1.1128654733,5.474116
0.198684,0.170089,-0.034780,0.6683630922,-0.3938031663,5.457504
0.241254,0.169377,-0.044381,1.2028760654,-0.7049135395,5.260631
0.277026,0.188323,-0.044125,1.5185471505,-0.4295411816,5.088247
0.309922,0.184115,-0.044709,0.7919837284,-0.1667859437,4.547729
0.327208,0.193263,-0.022983,-0.0017789527,-0.1771732365,3.607372
0.358496,0.208828,-0.032387,-0.2727297834,-0.1486978416,3.940665
0.372926,0.237986,-0.019677,-0.1768660202,-0.6385609331,3.883711
0.382760,0.234159,0.004560,-0.6025217087,-0.9005742121,3.712066
0.407503,0.248608,-0.009426,-0.5677423463,-0.8005305893,3.249580
0.411911,0.250965,0.021931,-0.6666304524,0.1440941867,2.750968
0.447358,0.275163,0.024081,0.1051443070,0.1275572818,2.579661
0.452216,0.289130,0.009257,-0.9561584954,0.9443929059,2.089025
0.473716,0.293489,-0.001788,0.2325628751,0.1172547156,1.574746
0.476559,0.305398,-0.000039,0.6226479495,-0.1525001162,0.757993
0.491980,0.285966,-0.002336,1.1559670044,-0.4307004166,-0.019137
0.508001,0.303799,-0.002734,0.8487666564,-0.2698250273,-0.198726
0.504660,0.304186,0.006674,0.7071482074,-0.1121053762,-1.330855
0.527285,0.312911,-0.002080,1.8512202338,-0.4588584990,-1.688874
0.545125,0.319752,-0.003180,2.2629737223,-1.4642005368,-2.092926
0.546058,0.299588,0.000598,1.3994597156,-0.9627706695,-3.304129
0.554064,0.306688,0.001507,1.4166063358,-1.6002338521,-3.631591
0.530696,0.292967,0.034982,-0.0636358853,-0.8559945865,-4.020928
0.525401,0.300973,0.014230,-1.1112399223,0.1349959951,-3.963246
0.512925,0.297897,0.045042,-0.0836767598,0.1611516005,-4.665727
0.528634,0.302076,0.031407,0.3041102863,0.3568184669,-4.798820
0.514556,0.286484,0.017063,-0.0252951285,0.5748775522,-4.870052
0.516644,0.281160,-0.003374,0.7056378362,0.3599525840,-5.062282
0.502414,0.276479,0.014391,0.4512608976,0.8586348021,-5.778838
0.487282,0.250565,0.013879,0.1789046882,0.9508620097,-6.035735
0.485999,0.235633,0.015924,1.0636492979,0.3820446255,-6.140389
0.468352,0.213588,0.016012,1.3957389325,0.3248467453,-6.450120
0.465845,0.209130,-0.020974,1.5398324874,0.9291041034,-7.005046
0.432984,0.173657,0.023073,1.1810250873,0.6200354562,-7.662594
0.434977,0.153870,0.025748,1.6953447236,0.0338911977,-8.125171
0.415203,0.135902,0.040165,0.7860797757,0.9564201103,-8.188279
0.408418,0.124381,0.047235,0.5890891359,1.3125763136,-8.585720
0.403682,0.118745,0.039075,1.4427467213,0.5709066237,-8.186828
0.389663,0.099684,0.023372,1.6888903838,0.3295859531,-7.970296
0.378850,0.086915,-0.001145,2.0567043526,0.1152204349,-8.361819
0.368947,0.069587,0.002193,2.0956006659,0.5054328258,-7.974297
0.361447,0.062028,-0.027056,2.3797664612,0.5797864210,-8.249303
0.337196,0.044999,0.009517,1.3297273176,1.7598032743,-7.949948
0.339990,0.048734,-0.000764,1.7792429983,1.6949912721,-7.809450
0.329670,0.033773,-0.029876,2.8787156336,0.8865677379,-7.625259
0.338155,0.004208,-0.034150,3.3977068761,0.5176009387,-7.464898
0.312857,-0.010655,-0.016451,1.8813064459,1.0248403490,-7.373184
0.314455,-0.025275,-0.032998,1.8302743289,1.2305041294,-6.642834
0.302550,-0.024957,-0.012971,1.2854456579,1.6878051899,-6.550309
0.281808,-0.038648,0.014398,0.9934901730,1.7414834564,-5.340478
0.285829,-0.044523,-0.005914,0.8626258348,1.1392957739,-5.457142
0.269732,-0.069726,0.025216,0.7967766908,1.5621697108,-5.003771
0.280430,-0.068758,0.037237,0.7073987833,1.4893646338,-4.666944
0.257594,-0.074512,0.047491,0.3195466362,1.7885430094,-3.847818
0.256872,-0.070149,0.042128,-0.0086041118,2.3442592412,-2.975129
0.242042,-0.066135,0.046930,0.2748316267,2.6306043410,-2.451242
0.234718,-0.087619,0.051062,0.7438182598,2.2028590175,-2.358008
0.229220,-0.086929,0.053294,1.6705324973,1.2498071611,-2.445377
0.210727,-0.097889,0.051611,1.8114421509,1.2914158403,-2.115495
0.211797,-0.091006,0.044799,1.5004451187,1.3674811795,-2.123186
0.185009,-0.086532,0.085275,1.4614690610,1.5213346673,-2.102162
0.184855,-0.075142,0.079206,1.3975585933,0.9697344901,-1.215001
0.170310,-0.061835,0.112437,0.7083942549,0.7875968413,-0.921532
0.170268,-0.048525,0.109716,1.6793569049,0.0101954833,-0.030111
0.154053,-0.043437,0.126483,1.0984031603,-0.2318599192,-0.577349
0.155622,-0.042091,0.122419,0.7279023102,0.0121137842,0.366368
0.148528,-0.021185,0.131863,0.2248284523,0.6632043025,0.709347
0.150911,-0.009342,0.126115,1.1366960619,-0.1034646681,0.977105
0.145610,0.016674,0.104753,0.8483019505,0.2360600784,1.815272
0.126214,0.027201,0.124494,1.4193386776,0.1404747028,2.122698
0.128249,0.039021,0.114151,1.7391348866,-0.0783400152,2.353155
0.117575,0.048872,0.134072,0.9560946384,0.1585584905,2.638031
0.106280,0.045087,0.129243,1.0794435527,0.2986450773,2.880265
0.112484,0.076667,0.134778,1.0324437130,0.2013129669,3.020123
0.081386,0.071547,0.151728,0.2781603455,0.1739958511,2.857005
0.079384,0.103652,0.136324,-0.1480701165,-0.1850949649,3.499614
0.045575,0.114215,0.175093,-0.5832094106,0.0300576694,3.891126
0.042771,0.132833,0.174246,-0.4233276220,-0.7781009495,4.112605
0.026494,0.148980,0.170891,-1.0327088978,-0.5380402804,4.217951
0.012081,0.143170,0.160200,-0.9375166729,-0.8278125104,4.379529
0.018133,0.169682,0.155972,-0.6372179082,-1.0380157926,4.906659
-0.013841,0.170004,0.165052,-0.5630897275,-0.0183160173,5.288179
-0.008619,0.180133,0.167481,-0.4051139959,-0.4458160238,5.440704
-0.013165,0.183334,0.151754,0.2763048330,-1.0965479908,5.733255
-0.028789,0.172331,0.138956,0.5140592924,-1.3247551875,5.587029
-0.039244,0.181791,0.119275,1.2764405688,-0.6999520820,5.288990
-0.052016,0.163544,0.120302,1.0402517825,-1.3503990600,5.536988
-0.052446,0.173050,0.129309,1.8813737356,-2.4400091020,5.566956
-0.085211,0.164341,0.143712,0.5325841329,-1.2429532225,5.420782
-0.079138,0.175219,0.147067,0.8820127504,-2.3708131034,5.803968
-0.093148,0.174510,0.129391,0.6388176716,-2.2561553360,5.582327
-0.111835,0.147851,0.131594,0.6226741826,-2.6510666792,5.309537
-0.114129,0.157248,0.119291,0.7427360031,-2.2968795059,5.925411
-0.142788,0.145320,0.141320,-0.4667208486,-1.0396422227,6.352069
-0.121820,0.156027,0.114558,-0.1086708359,-0.7231134091,6.760539
-0.124502,0.145162,0.095218,0.7824008048,-1.0305360542,6.542746
-0.115685,0.134179,0.073238,1.2058463240,-0.6489569007,6.746415
-0.108234,0.128199,0.055901,1.5540924252,-0.4999809598,6.399681
-0.112389,0.093782,0.059761,0.9648692834,-0.5276353785,6.244515
-0.093079,0.091511,0.025170,1.0261363071,-0.1842037807,6.180202
-0.086222,0.077751,0.040824,1.2827661706,-1.0632518183,6.219303
-0.067079,0.082635,0.037575,1.5563255432,-1.4904490861,6.087152
-0.069413,0.078401,0.012851,0.7313659848,-0.7421329554,6.074620
-0.059877,0.073815,0.014555,0.2199864622,-0.7857462704,6.076954
-0.066918,0.073231,0.000890,-1.9791882577,0.8627773799,5.650407
-0.058535,0.055982,-0.005671,-0.7022837344,0.2070468908,5.436045
-0.035830,0.073431,-0.052295,-0.1603198876,-0.3356541909,5.446394
-0.048293,0.048649,-0.053362,0.1651589097,0.0706856229,5.006347
-0.030552,0.061178,-0.077911,0.5732822285,0.0713199468,5.000022
-0.034382,0.044401,-0.055761,0.1077739690,0.2823219901,4.290947
-0.013910,0.045819,-0.069781,0.6882632058,0.5926828415,4.210343
-0.006820,0.032158,-0.073427,0.8766092679,0.5452557904,3.779842
0.003858,0.019405,-0.079910,1.8543926744,-0.6355856708,3.306039
0.010912,0.014662,-0.076080,1.7071758849,-0.8340886299,2.691842
0.000221,-0.015106,-0.062441,0.6761671141,-0.6551962039,2.398002
0.011349,-0.009385,-0.085133,1.0635303319,-1.0122834297,2.247502
-0.001131,-0.029030,-0.038637,-0.0862698945,0.6051461596,2.024181
0.029399,-0.021569,-0.052495,1.0664018416,0.2249761709,2.484419
0.032254,-0.022593,-0.049731,1.3706164557,0.1577953390,2.154061
0.040766,-0.032687,-0.073290,1.7180441809,-0.0221541890,2.095985
0.047209,-0.034693,-0.071399,2.2773035671,0.0464734825,1.531107
0.054703,-0.053645,-0.063268,2.1127560714,0.5488868597,0.973861
0.075704,-0.054857,-0.100202,2.0417349185,0.5360126143,0.771877
0.083428,-0.067471,-0.072423,1.8638236271,0.9869112185,0.466876
0.119761,-0.052812,-0.066695,2.9109519138,0.1215646131,0.480357
0.126700,-0.048840,-0.086823,2.5857195432,-0.1664763770,-0.019781
0.139945,-0.054689,-0.078374,1.9073768653,0.1958436399,-0.033902
0.147396,-0.037840,-0.068848,1.6387758519,0.2495470377,0.142834
0.169257,-0.041362,-0.078427,0.9351288319,0.5811106485,-0.176333
0.187176,-0.025646,-0.084627,0.7450741326,1.1651262530,-0.695924
0.208272,-0.022997,-0.092797,1.4740198732,0.6083933117,-0.386970
0.219800,-0.008627,-0.108044,0.9760233314,0.7659859993,-1.142368
0.226036,-0.000211,-0.088999,1.2203916004,1.1334242570,-1.227688
0.250842,0.034829,-0.093250,1.3926435607,1.1732014040,-0.787858
0.270156,0.044628,-0.097008,1.5211654676,1.3292938766,-1.040645
0.302951,0.048717,-0.105789,1.5881771263,1.2807654741,-1.777033
0.333247,0.069591,-0.108412,1.9264488669,1.4852573157,-2.482577
0.336819,0.068291,-0.098807,1.7758882834,1.2231787355,-2.351535
0.351895,0.100613,-0.110637,1.9079231055,0.8055057556,-3.097424
0.350680,0.119782,-0.087476,2.3312593769,0.8327576863,-2.743512
0.378880,0.141417,-0.086265,2.1673373849,0.7839184677,-2.993427
0.400656,0.161407,-0.069594,1.7565638556,0.4413058446,-3.563186
0.420636,0.161496,-0.062339,1.7447433588,0.1404581437,-4.052682
0.427348,0.194044,-0.052167,0.2419395782,0.7646556418,-4.702819
0.429190,0.212557,-0.030437,1.2007947067,-0.1494925585,-4.777170
0.456805,0.252012,-0.024890,1.2549693834,-0.4627412660,-4.720748
0.457547,0.261810,0.005745,0.0676389942,0.1875181746,-4.587836
0.488425,0.275360,0.002873,0.6555495484,0.0251831248,-4.238407
0.506425,0.292862,0.003654,1.1444083950,-0.1245185153,-4.663647
0.522588,0.286832,0.009553,1.2856405934,0.0041808280,-5.100965
0.539089,0.313466,0.006503,1.3028696674,-0.2122395404,-4.939634
0.545171,0.315924,0.037135,0.9901018257,0.3264766668,-5.059108
0.567239,0.331106,0.050432,1.3652324151,0.4004499071,-5.392653
0.574749,0.339128,0.062787,0.8688074043,0.3145765663,-5.172145
0.597697,0.337431,0.058760,1.9418897485,-0.9401962929,-5.299004
0.595445,0.343520,0.073025,1.1246328110,-0.7859208315,-5.726877
0.599794,0.337927,0.083664,1.0312407662,-0.9791125981,-5.045462
0.612330,0.348920,0.097962,0.4951098202,-0.8686626360,-5.496289
0.597772,0.340937,0.122889,-0.5849606922,-0.5691376393,-5.033462
0.599335,0.353912,0.123076,-1.6408243621,0.5414508385,-4.478040
0.584820,0.350223,0.141464,-0.9359491470,0.4141005240,-4.682241
0.605233,0.352356,0.127363,-0.0105733614,-0.3789395991,-4.629367
0.582348,0.336617,0.124372,-0.2402725063,0.2606058115,-4.876213
0.593144,0.341180,0.119649,0.4935776222,0.2642615192,-4.736220
0.582269,0.327337,0.129542,0.5152031093,0.2794299616,-4.403995
0.582417,0.310193,0.118992,0.4588452311,0.2352152530,-4.318533
0.572416,0.298199,0.129335,0.5116823769,0.2050318741,-4.818724
0.572153,0.276177,0.118717,1.6493649034,-1.1460361871,-4.196964
0.550788,0.271011,0.131564,0.4877191538,-0.4203936458,-4.513622
0.535935,0.250778,0.145541,0.4625047575,-0.3621722612,-4.077415
0.523376,0.230696,0.134023,0.4223031504,-0.9672274873,-4.545605
0.490630,0.229183,0.163158,-1.1456666894,0.8824190854,-3.168419
0.473926,0.200580,0.134357,-0.1260732330,0.0706487549,-3.742547
0.458275,0.184364,0.130277,-0.1650981636,0.0914315925,-3.286485
0.446508,0.166747,0.121375,-0.2110518501,0.4984194726,-2.935281
0.427204,0.153959,0.093097,0.6987791681,0.2608450225,-3.082396
0.403501,0.112472,0.078234,0.8969068748,0.4221002768,-3.065997
0.374744,0.111399,0.078618,1.2722629750,0.4523141132,-3.037093
0.334941,0.078161,0.082413,0.3210055700,0.8546899568,-2.457992
0.308491,0.064339,0.072621,0.8478227146,0.5051060174,-2.351168
0.276382,0.034406,0.080355,1.2109831010,0.2038282581,-2.305316
0.264454,0.020387,0.067911,0.7093245518,0.4548581628,-2.548000
0.236885,-0.019117,0.093163,0.5420625054,0.6873098003,-2.352583
0.207865,-0.047609,0.084540,0.5577925582,0.2512590508,-2.558556
0.166467,-0.054614,0.107271,-0.3293391554,1.2859398499,-2.223498
0.140191,-0.055027,0.102534,-0.7959329515,1.7755396886,-0.647971
0.108108,-0.081559,0.082941,-0.0208170230,0.9375758586,-0.762282
0.097545,-0.098956,0.068223,0.9575257695,0.6936252824,-0.563071
0.059295,-0.102324,0.069175,0.9442518160,1.2026461204,-0.356957
0.052048,-0.123827,0.062095,1.7318181061,0.7600769493,-0.528645
0.025496,-0.126237,0.025210,3.7272474460,0.2937099488,-0.134228
-0.011021,-0.142987,0.048791,2.0132745441,0.3354298000,0.144225
-0.043672,-0.151367,0.052651,1.3203749791,0.6250665489,-0.223163
-0.083172,-0.172319,0.056291,1.4332515708,0.4039745406,0.194294
-0.096105,-0.166289,0.051611,1.7038089096,-0.2428964022,0.052086
-0.145197,-0.201509,0.059912,1.5495671682,0.0055730650,-0.598484
-0.159309,-0.182343,0.068387,0.8096343893,0.1074538979,0.239410
-0.186271,-0.190359,0.082475,1.3399347187,0.2739950117,0.674150
-0.189057,-0.183856,0.067117,0.9691945491,0.0070422015,1.121785
-0.207239,-0.180843,0.082728,0.7806333642,0.5966006489,1.502988
-0.205650,-0.190756,0.075667,1.7100469245,-0.2737338434,1.939976
-0.212215,-0.183016,0.073288,1.1488013348,0.1000782797,2.116518
-0.229343,-0.193211,0.060742,0.9516148184,0.3495112147,2.926270
-0.246175,-0.165563,0.069559,0.0805190875,1.5796031505,3.188566
-0.259745,-0.162232,0.049004,1.4004736013,0.3830594321,4.222186
-0.248621,-0.152916,0.016912,1.8569498825,-0.1677744563,3.909642
-0.255734,-0.151505,0.025328,2.9673838796,-0.6252783549,4.344624
-0.248712,-0.153251,0.029805,2.6660502598,-0.6391014946,4.550771
-0.255868,-0.141359,0.033147,1.5251577128,-0.2819153518,4.777381
-0.256173,-0.152424,0.038625,1.0318095001,-0.6874495222,5.523079
-0.253052,-0.115513,0.047708,0.8447964489,-0.2054076285,6.750382
-0.256863,-0.112102,0.037867,0.9103905860,-0.7892612503,6.956283
-0.232602,-0.087632,0.012786,0.7832687407,-0.8723547451,7.373225
-0.233006,-0.089306,0.044816,0.6255986695,-0.3733393193,7.301825
-0.211394,-0.065331,0.051614,0.8499304886,0.0737007892,8.104175
-0.207902,-0.061983,0.044074,0.9071464208,-0.3069843093,8.108462
-0.195596,-0.056698,0.031463,1.4642619043,-0.7348559862,8.607901
-0.199016,-0.025141,0.034699,0.5330603842,-0.0315443311,8.972261
-0.195671,-0.035727,0.033790,1.3896517311,-0.8545405970,8.676130
-0.170709,-0.005042,0.015665,1.6283529363,-0.9423839816,9.038468
-0.174792,0.000807,0.049877,0.9279521811,-0.3407256753,8.803836
-0.150456,0.030871,0.036196,0.9578388063,-0.1741085221,8.768002
-0.152005,0.043846,0.040979,0.6195615907,-0.6747178464,8.874280
-0.121810,0.062392,0.045019,1.1103864327,-1.2654642826,9.519309
-0.117467,0.076224,0.057309,0.4113141580,-1.5492929805,8.977477
-0.087430,0.090362,0.062288,0.8240654840,-1.6361607129,9.507693
-0.067702,0.118512,0.058641,0.7174672356,-1.3485442952,9.121921
-0.046774,0.124988,0.030777,1.3070293347,-1.3345747853,8.793716
-0.033910,0.156618,0.027688,1.1251461155,-0.4602417620,8.326412
-0.010086,0.149331,0.042377,0.4770980935,-0.5737118618,8.054784
0.011782,0.182461,0.016918,1.0232541382,-0.9430278437,7.763782
0.031841,0.190926,0.011936,2.3921232128,-1.6719770575,7.168233
0.058468,0.212364,-0.002402,1.9700015578,-2.0393152108,7.098612
0.056019,0.211205,0.019078,0.7633410499,-1.2236125180,6.276548
0.090738,0.234458,0.019233,0.6958064303,-1.0307379105,6.502892
0.106388,0.241318,0.034036,0.1847159594,-1.2656025734,5.844947
0.147478,0.249363,0.026126,0.3176854914,-1.1809465880,5.580518
0.163155,0.260077,0.023129,0.2617269439,-1.5166096355,4.548559
0.210898,0.264827,0.009746,0.7491299591,-1.7926448494,4.495416
0.232070,0.276414,0.008702,0.3111877944,-1.5996169294,4.033525
0.255293,0.271513,-0.004788,0.6175463502,-1.0467743454,3.752831
0.264054,0.286527,0.012284,-1.1401352493,0.3982038207,3.479808
0.300653,0.303064,-0.011439,-0.0540356407,-0.2525724750,3.805084
0.320347,0.301186,-0.018338,0.6850881751,-0.3422244731,2.369543
0.339986,0.279913,-0.027874,1.1497271652,-0.7177521351,1.404254
0.374741,0.286813,-0.063429,1.7295682368,-1.3685939387,0.421056
0.366105,0.278452,-0.045497,1.2844554718,-0.3422598628,0.228252
0.383593,0.291096,-0.047677,0.9075265773,-0.6300938590,-0.200169
0.388025,0.291759,-0.023456,0.1448394239,-0.2556607589,-0.519885
0.419077,0.297142,-0.052518,0.9400984954,-0.3393956418,-1.068744
0.427437,0.282634,-0.053208,0.3754808874,-0.4125900258,-1.897143
0.451635,0.278449,-0.060206,0.5847350542,-0.7455491771,-2.075612
0.471504,0.284423,-0.052371,0.2306684149,-0.3716105856,-2.639922
0.478640,0.269422,-0.062438,0.3100657302,0.1377235984,-3.211181
0.483911,0.273381,-0.068349,0.9475221761,-0.0622234496,-3.720382
0.488763,0.259785,-0.076316,1.0378876279,-0.0637738959,-4.023955
0.491871,0.255659,-0.084286,-0.0376940092,0.8674260609,-4.318931
0.470821,0.236086,-0.068031,0.5463437137,0.4081290706,-5.259996
0.483294,0.237763,-0.088737,1.3703716629,0.5912253455,-6.436672
0.490374,0.229692,-0.092413,1.5101780290,0.8927370746,-6.617875
0.496119,0.222257,-0.096628,1.2873187987,0.8133255648,-6.844074
0.495259,0.228319,-0.085612,1.3395625872,1.0075324610,-7.279106
0.484322,0.203757,-0.077596,0.9822298984,0.5262940888,-7.228392
0.485050,0.211382,-0.077540,0.4948423628,0.7219301141,-7.327059
0.488562,0.179693,-0.086058,1.1014583635,0.7405958480,-7.370275
0.508602,0.175114,-0.111586,1.4933550557,0.8407068303,-8.079902
0.500435,0.147374,-0.087368,1.9019224315,1.0851422835,-8.589877
0.506915,0.149718,-0.100022,2.1201164032,1.0563833283,-9.120392
0.496841,0.132403,-0.075449,1.4170855310,1.5754621383,-9.168420
0.499549,0.125231,-0.087368,1.6680821633,1.2345410581,-8.703177
0.503901,0.115574,-0.061043,0.9661067202,0.7408739248,-8.786879
0.501482,0.088803,-0.077360,1.5309605947,1.0235435344,-9.203653
0.497766,0.080432,-0.046295,1.3318518161,0.4811130137,-9.514533
0.463580,0.059737,-0.031228,0.8534903795,0.2411867011,-8.938925
0.460005,0.066485,-0.039970,0.3231419012,0.7373721909,-9.352909
0.445228,0.060843,-0.007555,0.5665568410,1.2890552340,-8.426730
0.442425,0.046449,0.016357,-0.6069757257,1.1259772041,-8.096802
0.403590,0.023879,0.017132,-0.3363867706,2.0481990223,-8.530554
0.403682,0.021933,-0.010533,0.7988879713,2.1526285559,-7.860211
0.375689,0.019185,0.004987,0.2641852421,2.9686962619,-7.559120
0.370319,-0.000506,0.012333,1.1875239761,2.1900558617,-7.435979
0.346013,-0.015283,0.018376,1.0939852908,2.0172761064,-7.621470
0.342090,-0.019127,0.010203,1.7076070604,2.0457961880,-7.247518
0.326358,-0.031843,0.016767,1.5960348030,2.0442813695,-7.227738
0.310828,-0.052263,0.054680,1.1264215803,0.9368134079,-6.762587
0.297147,-0.048656,0.056784,1.3888824323,0.7110389385,-6.341076
0.268403,-0.074249,0.071141,1.3387752436,0.1306767419,-6.481729
0.263446,-0.067661,0.060782,1.1799286607,-0.1468956104,-5.939831
0.235411,-0.070530,0.103834,0.6773649810,0.8185585624,-5.400888
0.232299,-0.080863,0.112385,-0.4186635524,2.0001454560,-4.673381
0.233051,-0.074538,0.080043,1.7628150853,0.6274012921,-4.117819
0.228095,-0.091279,0.081559,1.9672762035,0.4000343370,-3.624777
0.211607,-0.078671,0.103030,1.5968821413,-0.1285909976,-3.155730
0.179810,-0.088479,0.053908,3.4927813808,-0.2184331887,-2.552162
0.185738,-0.086036,0.066342,2.9143641631,-0.6454291977,-1.903319
0.153239,-0.092920,0.079685,2.1412567351,0.3787794573,-1.581781
0.163545,-0.085219,0.095868,1.6694418048,0.8678580262,-0.905471
0.156646,-0.093484,0.142816,1.1739010477,-0.2937737424,-0.261368
0.164061,-0.090100,0.098543,1.1067914268,0.3595509846,0.727677
0.158136,-0.070616,0.115756,1.3596656168,0.1625139297,1.331078
0.142564,-0.086046,0.106158,1.1479907324,0.1163402752,2.654636
0.134191,-0.062367,0.119150,0.8967958260,0.6646099346,2.883192
0.126904,-0.081937,0.149243,0.7817924536,0.1256542507,3.106880
0.138067,-0.067524,0.096833,1.0725452808,1.3717269198,3.473785
0.132559,-0.073238,0.140922,1.2761186104,0.2282042697,4.281606
0.134532,-0.062163,0.128672,1.0336196769,-0.5873902038,4.334781
0.117217,-0.052227,0.152788,2.6694022890,-1.4568916096,4.832510
0.107550,-0.036485,0.162586,0.1795388519,-0.7372155865,5.170145
0.094151,-0.025288,0.176983,-0.4152196460,0.3146764769,5.569712
0.114414,-0.005699,0.157702,0.7226735546,-0.0980626861,6.053439
0.089090,0.001427,0.193658,-1.8392339558,1.3429513416,5.793991
0.103730,0.033418,0.160843,0.0916879710,0.3787002241,6.979782
0.083835,0.054127,0.159977,-0.3779704461,0.5566559837,7.154807
0.081609,0.065901,0.162987,0.2225813746,-0.8009657503,7.155359
0.074004,0.096116,0.149014,0.5463856436,-0.5508543048,7.075309
0.074148,0.089469,0.157758,0.1519542080,-0.8909635914,6.826671
0.065988,0.123613,0.131439,0.4928219496,-0.1282733443,6.780073
0.043835,0.123961,0.157633,-0.0720884779,-1.2626509064,6.555485
0.041865,0.153020,0.130044,0.1622177732,-1.7010365749,6.511828
0.026618,0.167227,0.156235,-0.1438655916,-0.7839345142,6.294779
0.035169,0.182861,0.152332,-0.5578405416,-1.1926621606,6.288785
0.025315,0.195971,0.153832,-0.4554670704,-0.9285241071,6.217573
0.035671,0.204486,0.168623,-0.2170743238,-1.7274537578,5.777929
0.030502,0.218617,0.166017,-0.7838519270,-1.9201873631,5.921884
0.010338,0.222877,0.133228,-0.8204564153,-0.9498621966,6.080159
-0.001171,0.235574,0.157591,-0.7611224575,-1.6734067672,5.754295
-0.024558,0.236959,0.145675,-0.3215287939,-1.7701162072,5.516974
-0.035869,0.251549,0.135989,-0.6367136397,-2.0808063739,4.320541
-0.055613,0.243655,0.172348,-1.0600144255,-1.8560388416,4.082879
-0.061177,0.244843,0.125026,-0.0386942121,-1.6173323413,3.718876
-0.073788,0.253900,0.099439,-0.1009691033,-0.2185576168,3.851631
-0.080691,0.254211,0.135674,-0.4042196549,-2.0434829796,3.422691
-0.102792,0.254369,0.100319,0.3195781286,-1.4262284442,2.995981
-0.106471,0.234123,0.130087,-0.4284929546,-1.3214075681,2.229187
-0.100688,0.238121,0.085400,0.4770974081,-1.5532970490,2.526687
-0.095849,0.217560,0.085889,0.7757701297,-1.8372487203,2.936467
-0.089330,0.218623,0.054781,2.6110839582,-2.5690239216,2.259786
-0.093755,0.181157,0.058323,1.3303477158,-1.8425381645,2.437849
-0.095114,0.186176,0.001586,1.6884344642,-0.2465877227,1.677492
-0.098114,0.149393,0.021602,2.1119582291,-1.9113170437,1.726236
-0.098597,0.152144,-0.054274,1.7441944383,-0.4335926146,1.606516
-0.118367,0.131514,-0.005711,1.3939845263,-0.9304279755,0.860480
-0.103274,0.130053,-0.053595,1.5324657697,-0.4491414260,0.814073
-0.107692,0.109656,-0.051153,1.5906650704,0.0146987198,0.971525
-0.099440,0.092446,-0.092525,0.8996730876,-0.4434345022,0.654084
-0.099657,0.067700,-0.051619,0.7030650687,-0.6028235801,0.505512
-0.090597,0.054347,-0.082372,0.3038658996,-1.0331128231,0.162139
-0.102158,0.030503,-0.072095,0.2906552065,-0.5980224148,0.316890
-0.080822,0.027845,-0.103895,0.1454153319,-0.2307272570,0.960117
-0.084558,-0.000411,-0.074931,0.0915970053,0.5600626670,1.280152
-0.061571,-0.017942,-0.087670,0.0155897240,0.7968081941,1.671249
-0.058728,-0.037995,-0.095055,0.1624431956,1.5306518682,1.678379
-0.030857,-0.065426,-0.114783,1.7738395202,0.4376421734,1.781330
-0.037202,-0.087573,-0.103892,0.9172235991,0.7436758756,1.585142
-0.016270,-0.113553,-0.127450,2.2403858479,0.8099001172,1.549056
-0.008566,-0.122360,-0.136434,2.5603243172,1.5105398013,1.356081
-0.005415,-0.133661,-0.154244,2.8558773750,1.6070987137,1.712525
0.003930,-0.148235,-0.087525,2.3054427461,0.4742939701,1.452159
0.019158,-0.156264,-0.108858,2.5752449946,0.7459971727,1.894967
0.045834,-0.147339,-0.102733,2.7725601984,-0.2369088693,1.619003
0.061294,-0.182566,-0.104880,2.5105411216,-0.0465212229,1.561380
0.087376,-0.169220,-0.107105,2.5280881532,0.0391731273,1.188784
0.107078,-0.166020,-0.107762,2.2487943891,0.4584401378,1.547230
0.140283,-0.143158,-0.121177,1.6657142928,0.8569977860,1.907747
0.163017,-0.137827,-0.106649,2.2351573833,0.7309881507,2.292863
0.195589,-0.116632,-0.162168,2.2164194378,1.4772710772,2.340144
0.211938,-0.112447,-0.145904,2.5537025678,2.2168745948,2.063457
0.252030,-0.091732,-0.137271,2.6334226458,1.4291078203,1.933919
0.263824,-0.083762,-0.114399,1.1948212956,1.1841411900,1.625541
0.289795,-0.065984,-0.130158,1.9356584180,0.6025167261,1.409576
0.302291,-0.034227,-0.132242,1.8273519068,1.4767523459,1.586893
0.308869,-0.032973,-0.113746,1.1415455521,1.1356008954,1.311523
0.339126,-0.010987,-0.082027,0.0961015163,0.3689167090,1.210877
0.348104,0.005813,-0.039671,-0.1731880603,1.0883514803,0.678410
0.386456,0.031166,-0.061535,0.2480703214,1.3235984006,0.488183
0.400094,0.057915,-0.032161,0.2726275436,1.0184507571,0.026741
0.417196,0.078243,-0.022536,0.3868705264,0.8656094077,0.200674
0.424292,0.114475,-0.019126,0.5547153455,0.6530031622,-0.421667
0.449735,0.113880,-0.010506,0.5646041653,0.6203951004,-0.112021
0.464400,0.147883,-0.024437,1.7877453984,0.5053238610,-0.707617
0.478722,0.141624,-0.032630,2.0130157137,0.3276094926,-1.456108
0.477392,0.175206,0.011256,1.7212132713,-0.5629091635,-1.987368
0.475180,0.183908,0.009310,1.8109413288,-0.2626016089,-2.568278
0.485838,0.209777,-0.008773,1.7027278660,-1.0067348246,-2.976915
0.478564,0.214435,0.049785,1.5734587725,-1.3002694624,-3.610686
0.507880,0.242204,0.049799,0.6207230503,-0.8028881394,-3.927263
0.504010,0.240835,0.090458,0.3805722032,-0.4109996081,-4.057494
0.524988,0.267978,0.083486,0.1297631453,0.1577383605,-3.896471
0.527193,0.287344,0.074565,0.8779876356,-0.3027588067,-3.739630
0.550591,0.299604,0.072904,1.6547476467,-0.8200150022,-3.652110
0.554851,0.304833,0.075457,1.2461465581,-0.3404568477,-4.112974
0.564919,0.297684,0.068088,1.0248599128,-0.1701785603,-4.433258
0.577280,0.331683,-0.000528,2.1591720190,1.6575056392,-4.621522
0.566140,0.322394,0.066106,0.9418427031,0.4959654146,-4.916794
0.569271,0.341248,0.049766,0.4586270424,-0.0748286608,-4.927032
0.547745,0.340828,0.081120,-0.0312484204,0.3198661482,-5.120004
0.561085,0.352330,0.080027,0.5616141988,-0.5069436734,-5.244274
0.542844,0.358163,0.068620,0.0129985656,0.2996721760,-5.409292
0.547466,0.349011,0.078474,-0.1756648404,0.0572955712,-5.695875
0.532573,0.354106,0.085853,-0.8516565704,0.6600375494,-5.814621
0.514753,0.332396,0.107510,-1.7586210825,0.7383369338,-5.981031
0.512255,0.344108,0.075983,-1.3089738727,0.8810387467,-5.734868
0.485454,0.336909,0.105351,-0.6530277910,0.8633486873,-5.610841
0.489721,0.336545,0.081944,0.4694045182,0.6256464747,-5.564605
0.483137,0.327731,0.081041,1.0426964648,0.6176132539,-5.761200
0.464266,0.308792,0.072300,1.0593483007,0.7817170798,-5.971808
0.460458,0.287315,0.091663,1.0442998157,0.4230223392,-6.500687
0.451694,0.277871,0.089194,2.0414384216,-0.4704229333,-6.205852
0.421033,0.275554,0.078244,1.6332191942,-0.1219393757,-6.424443
0.383945,0.234083,0.086893,1.4167866043,-0.3688036179,-6.448684
0.383741,0.233397,0.065695,1.9699186969,-0.8997107302,-6.355368
0.352814,0.211471,0.088545,1.6483078616,0.0185549628,-5.631833
0.342707,0.196480,0.105318,1.1670838741,0.1221985666,-5.665386
0.318109,0.168986,0.110337,0.5804159194,-0.0034721380,-5.543998
0.313500,0.155121,0.119078,0.7338579346,0.1034912282,-4.909581
0.293858,0.140495,0.110488,0.5938323151,-0.1678982590,-4.810367
0.270018,0.115407,0.107294,0.3542871345,-0.1114846826,-4.195992
0.257039,0.095502,0.108787,0.3797683283,0.0745380396,-3.863898
0.242330,0.064946,0.108029,-1.6785216907,1.8237211501,-3.316521
0.239632,0.052492,0.114811,-0.2689237363,1.2982204254,-2.721803
0.210304,0.027099,0.094676,0.2553303593,1.2012451550,-2.218391
0.181300,0.023961,0.076317,1.0231888295,0.9884370384,-1.830595
0.153409,-0.008509,0.072667,1.6283886249,0.2201398328,-1.538113
0.127678,-0.039491,0.072408,0.2108625013,0.9061405657,-1.851054
0.088959,-0.063325,0.097722,0.0779971200,1.4761569746,-1.852738
0.072386,-0.082862,0.086339,-0.1400591281,1.3957564741,-2.051628
0.029428,-0.082514,0.110067,-0.3854896186,1.6989383947,-1.156855
0.005614,-0.088121,0.106224,0.5661498676,0.7397243353,-0.430032
-0.028868,-0.105212,0.100059,0.6311433440,0.3399003386,-0.344187
-0.043905,-0.128121,0.091899,1.2698971898,0.2061364532,0.389242
-0.058620,-0.145353,0.091866,1.6395711514,0.0035985368,0.074367
-0.097481,-0.170165,0.101635,1.1885526923,0.9022456506,0.079658
-0.108585,-0.151761,0.078218,2.7024455789,-0.1714889526,0.820396
-0.138744,-0.159957,0.094220,1.9194748271,0.5107859244,1.454839
-0.142102,-0.161762,0.069927,3.3707997246,-0.0174716148,2.206875
-0.166717,-0.185553,0.061149,3.5896978777,-0.5853568921,1.869036
-0.164124,-0.213700,0.062429,3.4827198674,-0.5060982412,1.707291
-0.187912,-0.199310,0.047153,2.9395087700,-0.4141014610,2.186172
-0.196223,-0.197653,0.082974,2.7111875142,-0.2375354766,2.653175
-0.189221,-0.180535,0.049638,2.6681153230,-0.9998167002,3.731380
-0.219922,-0.197817,0.088193,0.8574880961,0.2633409493,4.163553
-0.192340,-0.177557,0.079288,1.8906876551,-0.3136049201,5.174613
-0.197254,-0.165137,0.065646,0.9206751828,0.0067981939,5.712834
-0.203539,-0.173070,0.052109,0.9038570173,-0.1152697233,6.137145
-0.201800,-0.156074,0.062564,-1.2418053442,1.7617920507,6.786734
-0.188778,-0.144598,0.063650,0.3085395642,0.5950082014,7.586447
-0.188079,-0.136159,0.056600,0.7229548688,0.4328805644,7.886816
-0.185736,-0.115509,0.033042,0.8248704837,0.0591815874,8.507765
-0.183471,-0.126289,0.037555,1.6362262255,-0.5394450448,8.737841
-0.165660,-0.106240,0.020605,1.9542479716,-1.0588592226,8.815996
-0.181232,-0.109286,0.063280,0.3661612211,0.2930738387,8.465474
-0.164593,-0.093340,0.072795,0.5774065112,0.3972594140,8.548395
-0.167567,-0.067504,0.079377,-0.0597120267,0.0715637360,8.912722
-0.143103,-0.053609,0.082055,0.5755270020,-0.5484359915,9.351870
-0.125982,-0.036806,0.072231,0.3339859484,-0.8181953683,9.183888
-0.125762,-0.042062,0.074873,0.4841613415,-1.3786739575,8.891925
-0.108523,-0.016107,0.051679,0.7863173468,-2.0799744044,8.727658
-0.122650,-0.001917,0.082525,0.9602933154,-1.8382031875,8.680749
-0.087128,0.038053,0.072881,1.4637176298,-1.5419406972,9.022723
-0.083320,0.055788,0.070852,1.0057706789,-1.6291800833,8.791363
-0.055200,0.069003,0.064087,0.4596904855,-0.4390047233,8.492570
-0.035229,0.081539,0.047675,1.1871294687,-1.1585234451,7.828348
-0.010115,0.093815,0.027833,1.6480199484,-1.5309077175,7.908601
0.000461,0.118640,0.023086,1.6927152310,-1.5242412171,7.539257
0.016857,0.130805,0.021192,1.6094322665,-1.2937035431,7.584542
0.051132,0.160009,0.018225,1.4678980780,-0.8855179486,7.139965
0.073410,0.158184,0.022308,1.0029586694,-0.8984486267,6.540704
0.100634,0.184542,-0.003045,1.0058025838,-1.3290768225,5.831953
0.111620,0.189590,0.029067,-0.0182320176,-0.9095887808,5.303356
0.160178,0.217950,0.018862,0.2530501752,-1.3757022397,5.538736
0.176780,0.231297,0.005942,-0.1539327248,-1.4104813003,4.907724
0.200998,0.239240,-0.008898,-0.4912544647,-1.3855456923,5.254251
0.216455,0.260409,-0.021552,-1.7315103863,0.0512100372,4.715370
0.233829,0.261768,-0.011133,-0.9537984269,-0.0468413356,4.032439
0.263624,0.265040,-0.035410,-0.5896364885,0.2106996440,3.112185
0.269568,0.279013,-0.043114,-0.0716085876,-0.0785597119,2.803767
0.282156,0.275603,-0.047394,-0.0141224524,-0.0767088050,2.250108
0.277626,0.286067,-0.046072,-0.6880409445,0.0219941265,1.433841
0.293428,0.285641,-0.046751,0.9137574185,-1.0716137254,1.041836
0.296451,0.278610,-0.051704,-0.3521576941,-1.1980470185,-0.103673
0.296704,0.270545,-0.058180,1.6598324519,-1.0435458613,-0.558038
0.319248,0.276401,-0.059339,1.9706254256,-0.8295746402,-1.253734
0.315246,0.276539,-0.043347,1.2790243978,-0.2893127589,-2.173083
0.312374,0.260875,-0.046932,1.0712031090,-0.7110917899,-2.443526
0.312854,0.273312,-0.035374,1.1137125547,-0.6413752702,-2.856693
0.316927,0.242506,-0.046219,1.1177907467,-0.8641956345,-3.540021
0.326876,0.244387,-0.047723,1.5253418183,-1.2023664717,-4.425791
0.320915,0.226977,-0.027808,1.0444694457,-0.5883438530,-4.726386
0.320528,0.227893,-0.048921,-0.4072483603,0.6346051487,-5.055864
0.331232,0.243944,-0.057094,1.1136627485,0.0738784630,-4.452657
0.339290,0.232639,-0.063984,1.5244646648,0.5334562538,-4.616447
0.341503,0.218022,-0.080396,-0.3998513208,1.5966051970,-5.224062
0.355919,0.201082,-0.124371,1.4159746751,0.6428040795,-5.477463
0.355781,0.196493,-0.114287,0.7083556419,1.2070779616,-5.981964
0.347493,0.185323,-0.121971,0.8694095396,0.8348094952,-6.041540
0.349397,0.184509,-0.138203,1.3023641284,0.8579828404,-5.820182
0.332719,0.168211,-0.114290,1.0849864630,1.7511596795,-6.177318
0.352702,0.157603,-0.129272,1.4704221763,1.4603739178,-6.636091
0.347171,0.139677,-0.109324,1.1078129190,1.5439622610,-7.196987
0.356303,0.127378,-0.098131,0.9659837856,0.8975349959,-7.037756
0.338762,0.112033,-0.096700,1.0908673678,0.5265057054,-7.636880
0.331340,0.087713,-0.095728,1.9791568235,-0.4812958256,-7.238093
0.312525,0.086774,-0.071028,0.3237705619,1.1151990632,-7.127606
0.300761,0.071452,-0.045671,0.4299304683,1.8606934148,-7.429167
0.311649,0.087457,-0.065116,1.7379811698,1.0482156887,-6.589112
0.286059,0.079986,-0.041292,1.3471089529,1.6010171497,-7.204294
0.308176,0.066804,-0.053638,3.1008759889,0.8347907607,-7.009944
0.305104,0.049262,-0.045520,2.5412018715,1.0266027537,-7.063716
0.304670,0.032085,-0.039743,2.3984626279,1.0229211316,-7.507059
0.316868,0.029824,-0.030962,3.4560004755,0.2399384145,-7.157134
0.305826,0.025622,-0.032975,3.6182653519,-0.1315465753,-7.039768
0.316435,0.034931,-0.020331,2.4580806564,0.3716145859,-7.089644
0.308344,0.007818,0.005368,2.5680674600,0.4953853180,-7.150517
0.348320,0.004024,-0.015611,3.9517180483,-0.4762435632,-5.960543
0.336382,0.003554,0.014292,2.2817388308,0.4989975845,-5.561441
0.362162,-0.002797,0.026733,2.5807995702,-0.4019660203,-5.111743
0.363932,0.003942,0.049703,1.2221651914,0.3850342067,-4.268088
0.390805,-0.008210,0.045679,1.6707638460,-0.3226821312,-4.122623
0.398463,0.000420,0.042544,1.0741603901,0.0535143712,-3.161544
0.380232,-0.005613,0.089470,0.8199506830,0.6013422426,-2.609970
0.397012,0.019402,0.057102,1.3249846391,0.4952807141,-1.457223
0.382940,0.008101,0.109903,-1.8362432503,2.9074673955,-1.324146
0.405418,0.006765,0.088223,0.0045299630,2.0517181260,-0.750497
0.411524,0.009824,0.085055,-0.0204871260,1.6852052568,-1.291919
0.413057,0.012404,0.071883,1.5804761860,0.5984130543,-0.749608
0.404572,0.029351,0.054250,1.6728775347,0.0992848850,-0.236711
0.370165,0.026331,0.098264,-0.0122023736,1.0226168689,0.164541
0.379897,0.042652,0.107970,0.0629371670,1.0788683709,0.473346
0.368875,0.038338,0.124806,-0.5013251513,0.6285653669,0.013351
0.380167,0.046863,0.135936,-0.1194400235,0.6650798109,-0.034608
0.364811,0.047690,0.134893,0.0551609933,-0.0475303570,0.165328
0.363370,0.066827,0.116485,-0.2605568293,0.0690423334,0.437209
0.359494,0.088225,0.137236,1.5796036893,-0.9099061543,0.832420
0.321516,0.074422,0.146417,0.5518077497,-0.2846589416,0.841089
0.317692,0.083268,0.135195,1.1501890140,-0.7433101895,0.854806
0.300321,0.079251,0.161618,1.8376260066,-0.9008303912,0.753933
0.298119,0.082563,0.162202,1.4206396413,-0.2716719621,0.605150
0.287392,0.086091,0.168708,1.3425535182,-0.6986050946,0.423161
0.288508,0.091796,0.149496,3.5066562065,-1.9071912857,0.957939
0.254219,0.115246,0.155887,2.3241397394,-1.3218178874,0.719397
0.227438,0.106147,0.171410,1.3920505866,-1.4142036573,1.222555
0.213281,0.116474,0.193507,0.0342443804,-0.8731789933,1.139411
0.200371,0.096900,0.192194,-1.1941560505,-0.0297069516,1.597925
0.212411,0.112315,0.165537,-0.1931248315,-0.9941320203,1.710581
0.188643,0.106098,0.196044,-1.0584497115,0.1556673224,1.746412
0.179104,0.125425,0.168879,-0.4401536554,-0.4567904943,2.219759
0.157217,0.129518,0.171485,-1.0210778656,-0.3927287418,2.384284
0.150278,0.116700,0.151528,-0.2305774850,-0.5756439191,2.344117
0.135412,0.115518,0.158477,-1.5667875719,0.3979003208,2.645793
0.131056,0.084181,0.150953,0.8445424655,-1.1789795406,2.709857
0.107183,0.093546,0.131912,-0.3314537665,-0.1837187640,2.344698
0.058681,0.077994,0.149864,-0.4429507476,0.6901787998,2.372769
0.059961,0.087395,0.124307,1.0620588215,-0.1783901605,2.775343
0.038583,0.065931,0.122153,0.7656542626,-0.6318719161,2.195025
0.018386,0.029955,0.120135,0.4582212105,-0.6253795823,1.506149
-0.008651,0.040144,0.118579,-0.1107144893,-0.2692851206,1.402726
-0.042181,0.019146,0.127455,0.8090303000,-0.8686144156,1.910272
-0.049340,0.019428,0.114643,0.8391265833,-0.8216321237,1.842634
-0.085093,0.010438,0.126453,0.4381197417,-0.6297423476,1.403234
-0.080947,0.003417,0.092316,2.3829579834,-1.6485417004,2.060306
-0.100622,0.000233,0.088344,0.5663374058,-0.2620208390,1.769898
-0.110049,-0.025515,0.062928,1.5426548521,-0.7639134177,1.771333
-0.117041,-0.016196,0.032540,2.4752103626,-0.9725478925,1.700695
-0.140054,-0.030222,0.010239,2.3008219305,-0.5674475172,2.169417
-0.134411,-0.042485,-0.009380,3.1989677128,-0.9926473896,2.219330
-0.148053,-0.047806,-0.012062,2.6751593509,-0.5956980860,2.125659
-0.176361,-0.065012,0.017191,0.4425769672,0.3658997935,1.808142
-0.155301,-0.057016,0.000234,0.8063707153,0.3150030486,2.353707
-0.149688,-0.056429,-0.002740,0.9411511848,0.0695076696,2.880108
-0.157815,-0.082124,-0.016753,0.5193472940,0.2926939001,3.008524
-0.152416,-0.067093,-0.058233,0.6109948766,-0.0198798306,3.117333
-0.168585,-0.078907,-0.027578,0.5100266757,1.0621301155,3.352103
-0.144209,-0.086066,-0.072672,1.9712931509,0.3953918939,3.831031
-0.160307,-0.071364,-0.057097,0.7969091991,1.5674152219,3.583568
-0.169264,-0.080177,-0.053204,0.5660069557,1.3908628048,2.909614
-0.154506,-0.074499,-0.057041,1.2894873855,0.4251056674,3.210785
-0.144784,-0.063978,-0.052538,1.3126037840,0.1604284440,3.241488
-0.155481,-0.075661,-0.055341,1.0026171050,0.0495117664,2.791505
-0.143320,-0.071682,-0.058075,0.4073117999,-0.4784292680,2.823614
-0.160874,-0.066119,-0.020905,-0.4785954617,1.0071283441,3.104364
-0.143231,-0.057939,-0.031012,-0.2056877987,0.8168442822,3.153555
-0.119785,-0.024094,-0.062067,2.0808216551,-0.5142791719,3.631071
-0.131273,-0.028948,-0.052036,1.4379139009,-0.0093160667,3.226599
-0.114638,-0.019846,-0.078338,1.8397095416,0.1867903972,3.105096
-0.113893,-0.008177,-0.052876,2.1712913179,-0.0924911193,2.511188
-0.082523,-0.002764,-0.063117,2.8997555322,-0.7963100887,2.914873
-0.070617,0.010874,-0.043199,2.2570964907,-0.7573522006,2.498301
-0.057290,0.005826,-0.026699,2.3965496112,-1.6070323105,2.476175
-0.040944,0.035411,-0.042113,1.8827962505,-1.4742952339,2.892979
-0.038164,0.024201,-0.000285,1.3729889988,-1.1716832959,2.797286
-0.002572,0.053342,-0.013720,1.6759448203,-1.1734464205,2.845160
0.024144,0.062865,0.002591,1.2269936906,-1.0072785873,2.894066
0.058891,0.070375,-0.004017,1.7118847743,-1.0941865943,3.624580
0.070492,0.095052,0.001383,-0.3886945330,0.4912353202,3.367594
0.105660,0.109456,-0.036231,2.0012367761,-1.1015882258,4.184672
0.118881,0.124762,-0.019310,0.5152157830,0.0196739130,4.115692
0.138963,0.122156,-0.028481,1.0307983106,-0.1682169537,3.765633
0.178454,0.143091,-0.043748,0.8543981333,-0.3305250232,3.198024
0.181438,0.137685,0.001123,-0.1489623559,0.3403216311,2.672480
0.220719,0.167033,-0.010359,-0.4376912259,0.3692785587,3.215888
0.225442,0.168405,0.010770,-0.6182539553,0.1218347374,2.865806
0.260614,0.187653,-0.004378,-0.1360859950,-0.4093078575,3.391462
0.293129,0.204876,0.008519,0.0789321412,-0.8666975210,3.157549
0.324027,0.190673,-0.006492,0.6378968484,-0.9836702486,3.018365
0.343177,0.211999,0.001461,-0.1617248645,0.0784543178,2.873104
0.359911,0.198604,-0.003912,0.9946279999,-0.5636797695,2.226480
0.394842,0.223422,-0.017780,1.9263578285,-1.3516103675,2.137034
0.397088,0.217386,0.012290,0.7288386935,0.0835456477,1.220039
0.415167,0.224847,0.007419,1.2091678429,-0.3001758612,1.087642
0.421578,0.224735,0.009077,0.9766133197,-1.0225181109,0.511328
0.441939,0.218187,0.019610,0.8217115380,-1.3309918670,0.775289
0.463429,0.234399,0.035090,1.1791071417,-1.3891585230,0.260511
0.446475,0.215328,0.044671,-0.6617313919,0.0733416083,0.103735
0.476191,0.225848,0.022423,-0.2067316066,0.1595343539,0.012267
0.476647,0.220366,0.029749,0.4970793235,0.0272686438,-0.363802
0.501633,0.234828,0.013455,0.8753222291,0.1184305738,-0.399909
0.499805,0.247640,0.015927,0.1014683366,0.6792443144,-0.681506
0.520005,0.230906,0.009224,1.0452370940,0.1224657528,-1.071236
0.522926,0.228431,0.009264,0.5691753736,0.7688946655,-1.840620
0.514559,0.218827,0.001629,-0.1015226669,0.6918195827,-1.824844
0.526196,0.234106,-0.024115,0.5413038088,0.7523336992,-2.326588
0.509058,0.219995,0.007104,-0.5112924101,0.8716455681,-2.717405
0.525917,0.213896,0.005167,0.5888708727,0.0871262706,-3.043492
0.519499,0.209183,0.022239,-0.7500551836,0.9847443136,-4.227931
0.513430,0.191422,0.014197,-0.9755382531,1.0024441809,-4.034309
0.502162,0.216450,0.007797,-1.4742672804,1.5078121664,-4.439326
0.484712,0.206468,-0.003141,0.0496889268,0.6904757458,-4.522681
0.487289,0.210854,-0.015167,0.3301086175,0.8108268975,-4.702664
0.472131,0.191510,0.001596,0.9120862862,1.5068597886,-5.507928
0.467273,0.178824,-0.009531,1.5490124674,1.2196082952,-6.005329
0.455298,0.178472,-0.003600,0.9636436282,1.3774517245,-6.753177
0.438633,0.169469,-0.016956,1.5802292809,0.5062754021,-7.162537
0.427969,0.162080,0.005568,1.2435680057,0.4082189686,-7.556302
0.408333,0.142359,0.008880,1.5731159818,0.0421408067,-7.610318
0.401214,0.131304,0.008942,0.9641553197,-0.3042019999,-8.633411
0.356572,0.127394,0.056462,-1.6779909894,2.3055703516,-8.549581
0.375709,0.139165,0.044166,1.6962536195,0.8977094515,-7.961733
0.359074,0.129922,0.029132,1.2116965106,1.1292079198,-7.729149
0.358923,0.113411,0.019892,1.1042848761,1.3757455114,-7.865498
0.359520,0.115193,0.003946,3.0596410247,0.3521057077,-8.233952
0.336103,0.093753,0.002472,1.6633157636,1.1363594115,-8.242844
0.323387,0.091232,0.002945,1.7382048755,1.1021611584,-8.367866
0.315568,0.080472,0.018881,1.7830997255,1.4279213195,-7.973510
0.304352,0.082898,0.011069,1.1037169128,0.7932117702,-8.103433
0.282478,0.072207,0.028118,1.2015787406,1.4941474280,-7.744626
0.284828,0.066830,0.020493,0.8173012661,0.8382033180,-7.298855
0.273605,0.055105,0.040053,0.4889302063,0.7921879587,-7.035304
0.264405,0.047926,0.042961,0.1115908877,0.8029770872,-7.219728
0.252598,0.045304,0.046093,0.3670869588,1.0611992634,-6.412009
0.245462,0.038811,0.051144,0.2346526517,1.3829983149,-5.972717
0.218621,0.040764,0.080050,-1.8213638750,2.8490572294,-5.404973
0.218772,0.027680,0.062387,0.6477831698,1.7808073624,-4.825117
0.211551,0.020636,0.050806,0.3287546060,1.7007476808,-4.568943
0.214469,-0.001927,0.054706,1.4762766841,1.0176822228,-4.588617
0.199829,-0.000818,0.062141,1.2974253978,1.0023647081,-4.657706
0.182360,-0.028128,0.062571,1.6091353120,0.2348861166,-3.848477
0.159101,-0.015608,0.091233,0.9395092874,0.6399158199,-3.164430
0.150606,-0.028810,0.100650,0.4245988638,0.7919728049,-1.738145
0.133928,-0.025971,0.113852,0.5235223004,1.0234132231,-1.876864
0.130675,-0.034207,0.099619,1.3602139172,0.1990196138,-1.058697
0.121445,-0.030504,0.101622,1.1659420862,0.6062789320,-0.673049
0.101278,-0.050127,0.093977,1.5554157169,0.3507150486,-0.129635
0.096488,-0.037447,0.081225,1.7810543017,0.1543105416,0.080667
0.067235,-0.049457,0.119869,1.4980537614,0.4911312272,0.640467
0.068834,-0.038842,0.097305,1.0975012638,0.3852639503,1.566541
0.045292,-0.045058,0.130169,0.8878595120,0.6067757848,1.816909
0.057946,-0.049601,0.131272,1.0271584514,-0.2355233747,2.137052
0.037428,-0.031847,0.143640,0.4654424284,0.2299999341,3.074168
0.050817,-0.034689,0.124399,1.0875532354,-0.3412805403,3.176581
0.034815,-0.024189,0.153153,0.0747527832,0.0416796185,4.223514
0.036686,-0.017427,0.148856,0.1653072302,0.4328965216,5.019640
0.025128,-0.001281,0.135178,0.1653248572,0.3852930525,5.958877
0.025430,0.003052,0.117473,0.3091331429,0.3511403098,6.518034
0.005949,0.009830,0.114486,0.0891468887,0.4157309405,6.446631
-0.016463,0.005330,0.106460,0.2629687396,0.0546192178,7.005771
-0.023347,0.030155,0.073918,0.3376857512,-0.1941431220,6.868131
-0.067358,0.039586,0.122334,-0.1561836619,0.2613639623,6.627042
-0.062103,0.056287,0.114742,-0.0802425402,-0.1806941566,6.749998
-0.081095,0.060954,0.133987,-0.3223301673,-0.4553722265,7.098012
-0.069094,0.066590,0.133671,-0.2098332327,-0.9632978201,7.238267
-0.106980,0.065379,0.148488,-0.5598461991,-1.2379000613,7.640146
-0.111342,0.077600,0.140417,0.6927102920,-1.9480665794,8.154681
-0.126701,0.096451,0.155313,-0.0750770350,-0.9707792391,8.201823
-0.134592,0.090014,0.129966,1.2963875161,-1.6718109558,8.625760
-0.111769,0.102507,0.134289,2.4746069105,-2.1319911023,7.745318
-0.137155,0.090267,0.141362,1.0727619358,-1.3417458227,7.656363
-0.139355,0.096464,0.116176,1.1405552037,-1.9758584383,7.103115
-0.172222,0.094993,0.133022,1.4227239465,-1.9642818395,7.160895
-0.151040,0.119864,0.114650,1.6618616235,-2.1061412330,7.493294
-0.158275,0.108317,0.142541,0.3684217295,-1.3717748458,7.337874
-0.132737,0.123685,0.125042,0.8367306590,-1.3765419863,7.242306
-0.139969,0.126252,0.124395,0.8122721169,-1.9685774239,7.658634
-0.108030,0.127552,0.103552,0.7945222520,-1.8929630919,6.782772
-0.113469,0.135722,0.083818,0.4751729740,-1.9627062666,7.054813
-0.099670,0.125924,0.077873,0.2893836834,-1.6596647574,7.512520
-0.091841,0.135062,0.072789,-0.3697044495,-0.5446488904,7.091308
-0.090374,0.113227,0.050304,-0.1166929761,-0.7465941635,7.110107
-0.053739,0.122133,0.035740,0.5860843569,-0.8235661163,6.602639
-0.060708,0.106085,0.030225,0.0244704251,-0.2215999805,5.955818
-0.050719,0.112535,0.006723,0.9684750915,-0.5665879357,6.011879
-0.055781,0.107411,0.019607,0.6083223550,-0.3474807738,5.449055
-0.046160,0.099172,-0.001906,0.2184746609,-0.4103647871,5.312201
-0.032413,0.092010,0.013498,0.0449229156,-0.4337372278,5.074963
-0.013542,0.082080,0.004439,-0.0163542462,-0.1802543854,4.978522
-0.005809,0.086029,-0.014534,0.2715896022,0.1702769899,3.944899
-0.002553,0.089732,-0.029285,0.7506220378,-0.0294344932,4.473972
0.021242,0.097163,-0.060219,1.0283966897,0.0730113169,3.760836
0.010423,0.089016,-0.045665,0.9564769460,0.7580626667,2.950527
0.046313,0.081532,-0.075978,2.0210417071,0.2100829209,2.170751
0.053758,0.084775,-0.089062,1.7573405657,0.2092891460,1.218407
0.063014,0.073139,-0.104739,2.3223240746,-0.3474067111,1.223541
0.083808,0.087289,-0.104066,1.8105794612,-0.8549803821,0.096299
0.073935,0.088977,-0.103944,1.7425674051,-0.1972987187,-0.509902
0.105161,0.098873,-0.127417,2.1862546999,-0.8721237814,-0.777164
0.113144,0.106262,-0.114346,1.4724730889,-0.4177377972,-1.336328
0.156531,0.110723,-0.117852,1.4254639006,-0.5248020997,-1.100385
0.174102,0.124040,-0.112692,0.4260569976,0.1993203668,-1.411980
0.201110,0.111002,-0.126810,-0.1066576517,0.8383955282,-2.248211
0.234499,0.134501,-0.138216,0.5569070447,0.5036612965,-1.939920
0.241008,0.130306,-0.134868,1.7968264438,0.2444486930,-2.544874
0.278618,0.149068,-0.142037,1.5234504010,0.7716514973,-2.571517
0.307008,0.145907,-0.133887,1.0834007297,1.3813251088,-3.099720
0.330589,0.146081,-0.141190,0.6430182629,1.0064403016,-3.712630
0.366384,0.155784,-0.113746,0.4029666103,0.7256446429,-3.952470
0.374908,0.160186,-0.109695,-0.6881600398,0.8719998473,-3.521296
0.387621,0.189186,-0.105845,-1.0864005804,0.7209329974,-3.828437
0.384105,0.190657,-0.088573,-1.4702622482,1.3706550857,-3.966135
0.419037,0.200241,-0.096145,-1.2799509823,1.0937698675,-4.359824
0.424942,0.206984,-0.090490,-0.9049851849,1.3107416797,-4.389284
0.446570,0.203127,-0.099191,-0.3190064515,1.3258886180,-4.873368
0.453306,0.218200,-0.082776,-1.0905451652,1.4689783660,-5.484118
0.453716,0.205247,-0.081745,0.4315406616,0.0184563514,-5.631549
0.461476,0.221105,-0.082195,-0.8159470832,0.7605221957,-5.441154
0.455761,0.201518,-0.045878,-0.5701931946,1.1332284169,-6.599986
0.473621,0.197245,-0.049013,-0.1576304352,0.4945180774,-6.705486
0.460599,0.180685,-0.010490,-0.3279035574,0.1314323786,-7.554545
0.458912,0.191074,-0.012466,-0.1207590574,1.0202131772,-6.982554
0.450125,0.204450,0.002630,-0.5482105041,0.6422135536,-6.735761
0.438843,0.194543,0.005712,-0.5032601054,0.1635599280,-6.434391
0.419083,0.200002,-0.000649,-0.3407502332,0.3459772834,-7.117851
0.391957,0.181683,-0.005241,-0.2688520026,0.3986626718,-7.075389
0.384322,0.185891,-0.029794,-0.0414513611,0.3424041365,-7.297958
0.350815,0.161955,-0.001017,0.2146241500,1.0258139324,-7.586029
0.341106,0.165083,-0.025172,0.2978571205,0.5048436661,-7.287468
0.308583,0.158167,0.030340,-0.1697777518,1.0797303079,-6.955178
0.295529,0.146019,0.017818,-0.1963856739,0.4523260348,-6.958690
0.264296,0.121509,0.046779,-0.6442971790,0.4712905508,-7.100846
0.260443,0.107325,0.046401,-0.4862715938,0.0204448932,-6.731112
0.232175,0.077183,0.047012,-0.8006244502,0.2810797744,-6.644945
0.202767,0.047923,0.049116,-0.5685820820,-0.0063750543,-5.858098
0.171643,0.059825,0.055976,0.0835345187,-0.0438419695,-4.890032
0.125049,0.013090,0.054056,0.2972829868,-0.2127587627,-4.758239
0.104376,-0.000384,0.035651,1.5662206467,-0.2276322640,-4.641814
0.073502,-0.053576,0.061921,2.1881195724,-0.6579377276,-4.807230
0.048095,-0.073964,0.062439,1.8154344810,-0.7390132411,-4.288013
-0.002644,-0.102816,0.108305,1.3875672898,-0.4606269552,-3.619965
-0.002083,-0.133707,0.114748,1.9519539622,-0.8614885635,-2.734760
-0.031602,-0.175844,0.154738,1.7433612169,-0.3344677964,-2.579320
-0.019582,-0.202294,0.141677,2.4541444189,-0.6376131774,-1.760190
-0.024056,-0.228107,0.164523,2.8666804411,-0.3411438270,-1.304226
-0.014970,-0.242189,0.139590,3.4738207307,-0.2581879981,-0.226020
-0.028930,-0.249118,0.161700,2.8986814535,0.4834295523,0.640885
-0.003298,-0.252108,0.122537,3.3174715849,0.4846973377,1.332164
-0.010329,-0.270122,0.126690,2.7057739724,0.6603339940,1.763464
0.016627,-0.258532,0.093399,3.6219621820,-0.0657914777,2.380487
0.031861,-0.259720,0.082823,2.9395573140,-0.0644653803,2.920603
0.056213,-0.255486,0.055172,2.4272458097,0.4979150649,3.404399
0.067193,-0.244742,0.050872,1.1361306685,0.4973060419,4.057538
0.089911,-0.224608,0.049211,0.4797929245,0.2321797223,4.718123
0.100838,-0.187592,0.041064,-0.7763028770,0.9192379750,5.334427
0.102719,-0.186003,0.047921,-1.9013418649,1.8608852874,5.900566
0.133140,-0.156963,0.012868,-2.3380772443,2.0998294209,6.521472
0.137805,-0.145619,0.014877,-2.7681834349,2.9249196460,6.017696
0.164317,-0.121503,-0.003695,-1.0491199420,1.8495669573,6.516249
0.153672,-0.088111,-0.002540,-0.7759185557,1.3315536390,7.189743
0.142820,-0.074262,0.004855,-0.7504375244,1.3642460799,6.907410
0.143966,-0.050914,0.038356,-1.6771108281,1.6518088358,6.197067
0.125456,-0.045341,0.053275,-1.7964662454,1.3256771888,5.661707
0.125226,-0.002791,0.062817,-1.9288492836,1.0993830407,5.345407
0.096751,0.013323,0.111531,-2.0089696812,0.9588504413,4.837823
0.094887,0.057232,0.106969,-1.6244418176,0.2912442380,4.717475
0.076942,0.086285,0.132936,-1.5822713968,0.2425075494,4.403010
0.078202,0.095299,0.118044,-0.8158045732,-0.3437909698,3.841752
0.068151,0.126623,0.126601,-0.6183375680,0.0201839160,2.800103
0.047954,0.143400,0.126191,0.2676985666,-0.9903384815,1.853568
0.032799,0.189377,0.123434,0.0048773174,-1.3198142384,1.250045
0.001219,0.204985,0.155864,-0.0835150862,-1.6984183726,0.124614
-0.006748,0.238567,0.144185,-0.1399036755,-2.5161942741,-0.519989
-0.033060,0.261009,0.184195,-0.7498861728,-2.2258849512,-0.785096
-0.034284,0.282047,0.174814,-0.5780740781,-2.7948336739,-1.547075
-0.066028,0.298278,0.182403,-1.0232496212,-2.7072083327,-1.623698
-0.080438,0.317733,0.190057,-2.1089081900,-1.5146321335,-2.518787
-0.072278,0.329261,0.182852,-1.5484883169,-1.9920164397,-1.761151
-0.086764,0.322473,0.176218,-1.7619719393,-1.8537909204,-1.907160
-0.103763,0.347672,0.152477,-1.3682774600,-1.7303340796,-2.191102
-0.116089,0.337136,0.146122,-1.1344233857,-1.8175209414,-2.273622
-0.131802,0.343001,0.140985,-2.0551430442,-1.2623041693,-2.379872
-0.153827,0.305194,0.156051,-1.8904955829,-0.6878184011,-2.893379
-0.146107,0.293624,0.143594,-1.7313046944,-0.8010476942,-3.082579
-0.171565,0.271536,0.150973,-2.3435110744,-0.3465342489,-3.443457
-0.174611,0.252606,0.140177,-2.2321035704,-0.1960787917,-2.980347
-0.208056,0.237297,0.133826,-2.5983332054,-0.5689491268,-3.262246
-0.226999,0.213585,0.120072,-2.3713504445,-0.9967014524,-2.730662
-0.243717,0.193499,0.092375,-2.1591129829,-1.2228353856,-2.877072
-0.280148,0.161975,0.106266,-2.2040964920,-0.6155671089,-3.104804
-0.289484,0.132827,0.067671,-1.8722681443,-0.6876275514,-2.663890
-0.320841,0.088422,0.072050,-1.1533630355,-0.2164133771,-2.249216
-0.321090,0.064618,0.030964,-0.9742975472,-0.1449948534,-1.906480
-0.348161,0.031370,0.028397,-0.1237543087,-0.4981907503,-1.506682
-0.346365,-0.010829,0.000789,0.7861401971,-0.9212652367,-1.489869
-0.343345,-0.061155,-0.027680,1.4054498920,-1.1453173795,-1.783873
-0.348456,-0.110317,-0.026111,1.1299206595,-0.7569620093,-1.540424
-0.352053,-0.146834,-0.030365,1.4279175737,-0.7372922134,-0.756813
-0.367855,-0.191327,-0.034675,0.9068888201,-0.3785424869,0.045110
-0.359501,-0.217537,-0.065714,0.8389911124,-0.6145807662,1.027528
-0.375497,-0.257176,-0.041250,0.5144252580,-0.0793933165,1.511751
-0.357945,-0.288753,-0.071589,0.5682755815,-0.4143698201,2.101025
-0.370517,-0.311638,-0.066052,0.2102687902,0.1517722278,2.866112
-0.368003,-0.339546,-0.074668,0.2927785001,0.4593892376,4.068395
-0.381664,-0.349203,-0.078955,-0.8970913751,0.9312621593,4.608038
-0.369230,-0.392019,-0.100793,-0.5024771647,0.7676040211,5.375069
-0.360276,-0.397711,-0.102155,-0.9135829177,1.8673279696,6.655237
-0.361323,-0.457294,-0.103110,-0.7593515178,1.5714085903,6.729283
-0.352579,-0.481459,-0.131028,-0.2659724622,0.6525561821,6.360265
-0.356685,-0.497835,-0.100488,0.0865720308,1.2198071558,7.206915
-0.344684,-0.505188,-0.080147,-0.9492899965,2.0763674950,7.383077
-0.348489,-0.512455,-0.054888,-2.0052228091,2.6863362141,8.466226
-0.327550,-0.526415,-0.055597,-0.2221933787,1.4536717790,8.874680
-0.327533,-0.519611,-0.058706,-0.1974695079,1.2720547794,9.605285
-0.310691,-0.535268,-0.074117,0.4627347614,0.8974201171,9.523691
-0.307324,-0.521088,-0.070900,1.0587588378,1.2447921001,9.019951
-0.314341,-0.538902,-0.060931,0.7210588494,1.3735065624,9.050951
-0.300174,-0.510259,-0.080465,1.6754418036,0.8137903289,9.130366
-0.308679,-0.501259,-0.061181,1.9390041553,0.9228077131,8.698466
-0.279948,-0.464686,-0.059031,2.3399111058,0.7024949204,8.249503
-0.267856,-0.439939,-0.039067,1.1685824909,0.6877982470,7.864072
-0.228085,-0.417711,-0.050828,2.0133582642,-0.2841811926,7.743220
-0.203336,-0.388901,-0.046561,2.1597348596,-0.6418534923,6.803654
-0.168066,-0.370050,-0.037747,2.2440975810,-0.7961149725,6.910898
-0.125975,-0.321108,-0.061522,2.3468344388,-0.8447295151,6.736604
-0.103202,-0.296201,-0.050756,1.4283801200,-0.0756710597,6.594484
-0.064814,-0.239494,-0.058660,0.7556173696,0.8041476753,6.291600
-0.036772,-0.172473,-0.065618,0.6044861466,0.4942787184,5.700587
-0.023107,-0.117853,-0.079927,1.1103762804,0.6015041332,4.827999
0.017904,-0.058159,-0.078072,1.2242037463,-0.1805569126,3.957148
0.041002,-0.002722,-0.079749,0.6953640779,0.4131899128,3.413438
0.079436,0.042107,-0.085238,0.0969718871,0.3399762353,2.647569
0.103145,0.070972,-0.045770,-0.7078272499,0.5471232401,1.754572
0.166158,0.124118,-0.034852,-0.5772804634,-0.4159170929,1.047446
0.183463,0.174885,-0.020150,-1.2306151659,-0.6332959919,0.251680
0.233140,0.222523,-0.024637,-0.7173481227,-1.0879633952,-0.376447
0.256258,0.272065,0.006950,-1.8128763331,-0.5281679168,-1.297523
0.282960,0.311848,0.016636,-2.2452141780,-0.1202550301,-1.772873
0.312611,0.373006,0.030521,-2.7588711918,0.2139609243,-2.647771
0.336507,0.397030,0.023588,-1.5476021669,-1.0236915830,-3.486024
0.376835,0.440641,0.010239,-1.3936968795,-1.4519338056,-4.301868
0.374511,0.455651,0.032293,-1.3834489108,-1.2605618032,-5.528801
0.405169,0.492418,0.033770,-1.0734362753,-1.1266561675,-6.081337
0.399746,0.507337,0.049910,-1.5198573226,-0.9366161029,-7.085941
0.413598,0.522899,0.038376,-0.6723379620,-1.7409755100,-8.112461
0.430713,0.562262,0.056193,-0.6082352301,-1.8154183215,-8.794014
0.430214,0.560138,0.059774,-0.3685367860,-2.6764464378,-9.390400
0.438883,0.580640,0.086388,-0.8892185526,-2.1512137122,-10.076066
0.431454,0.558612,0.093698,-1.4790199833,-2.1346117565,-10.018872
0.430936,0.566870,0.115398,-3.4563569687,-0.4971118789,-10.188430
0.444479,0.542813,0.099488,-2.4406447026,-0.6227746280,-10.387611
0.470263,0.535221,0.078999,-1.4838921730,-1.3050886366,-10.380895
0.459293,0.512507,0.079245,-1.4433138539,-0.4364249263,-10.322257
0.468507,0.515677,0.043936,-0.8646842666,-0.9191310823,-10.608361
0.440721,0.490737,0.061832,-0.8616194230,-0.5842326175,-10.766079
0.431868,0.475596,0.023208,-0.7721857637,-1.1611369756,-11.165325
0.411904,0.442026,0.029198,-1.1317420133,-0.1481226680,-11.381782
0.418814,0.401626,0.003250,-1.5536266258,-0.5574382518,-10.814684
0.391960,0.353784,0.030849,-1.9749467121,-0.4156340476,-11.143276
0.400642,0.320241,0.030189,-2.0617499742,0.0674702922,-10.189881
0.368773,0.274691,0.027767,-2.2273572284,0.0582461138,-10.128387
0.363961,0.237619,0.010403,-1.6011463857,0.0166891096,-9.710155
0.343127,0.202844,0.015924,-1.1483087473,0.4171129069,-9.413829
0.329430,0.145947,0.011840,-0.4543108719,0.6662684875,-9.193744
0.299251,0.113319,0.011056,-0.0457187678,0.6188067712,-8.856582
0.278546,0.063338,0.011788,-0.3479423094,1.4255022420,-8.478977
0.240036,0.016507,0.004754,-0.1236386337,1.2253016046,-8.208021
0.222554,-0.054246,-0.015171,1.0495735815,0.5973487694,-7.431320
0.192260,-0.095365,-0.004522,0.8158446637,0.8692524086,-7.397911
0.151430,-0.149906,0.015937,0.4815290638,1.2259588038,-7.971622
0.132211,-0.175142,0.017923,0.0711867260,1.1694410263,-6.869747
0.096603,-0.216254,0.023313,-0.1643767756,1.1369370731,-6.310685
0.083129,-0.229374,0.012310,0.0560982355,1.6065889940,-5.075060
0.053141,-0.257094,0.004606,0.0078589515,1.6045921034,-4.332661
0.046202,-0.300111,-0.012876,0.3129045037,1.8806904983,-3.876195
0.040316,-0.326846,-0.025671,1.1390764777,1.7523663331,-3.476121
0.015143,-0.367355,-0.027631,0.6537685398,2.3380223273,-3.267371
-0.003908,-0.387719,-0.042149,0.2065830255,2.1456142962,-2.964563
-0.034451,-0.396096,-0.017406,0.9546116618,1.4660818996,-2.275333
-0.053381,-0.415068,-0.033096,-0.0041384827,2.1275279377,-2.149182
-0.093496,-0.419907,-0.003774,-1.8705075226,2.8541319348,-1.494789
-0.096522,-0.424335,-0.028314,-0.0607550341,1.8014211941,-0.824768
-0.129077,-0.412232,-0.016520,-0.5672049092,2.1770382790,-0.469333
-0.153026,-0.435239,-0.001069,-0.4905978310,1.4230736306,0.181377
-0.167918,-0.426678,-0.007418,-1.0571462329,1.5017690136,0.856631
-0.200838,-0.444334,0.013820,-0.6612598094,1.5474464131,1.314862
-0.203287,-0.439726,0.016459,0.0052598797,1.6594363789,2.100616
-0.232632,-0.458006,0.021182,0.1087391758,1.3459817772,1.604498
-0.236423,-0.451569,0.016653,1.0401475278,1.0306963655,2.673755
-0.242193,-0.448897,0.038602,0.8926674826,0.7189734342,2.619329
-0.270301,-0.445930,0.059350,0.9651048236,0.3630165891,3.028764
-0.290586,-0.414372,0.069766,0.6748249771,-0.0454068534,3.044194
-0.315973,-0.418653,0.097775,0.7949581901,-0.7654580249,3.202998
-0.321711,-0.408674,0.091551,0.0468671072,-0.9819117891,3.354508
-0.348118,-0.412793,0.124612,0.1932013469,-0.8266774511,4.172597
-0.338612,-0.399079,0.106696,0.5393666788,-1.2222255084,4.917694
-0.369608,-0.382428,0.143752,-1.2679032884,0.0200070854,5.715868
-0.366437,-0.350778,0.134843,-1.1617175283,0.2672182169,6.154490
-0.373901,-0.321322,0.117072,0.2726332301,-0.5440193936,6.710187
-0.356623,-0.311202,0.110025,0.8628627322,-0.5905339079,7.291615
-0.349598,-0.278640,0.107596,1.3902138406,-0.8596709947,7.504208
-0.350104,-0.268730,0.109900,0.6274448247,-0.7800976847,8.069074
-0.342387,-0.230218,0.123683,0.0446923240,-0.3954366241,8.274052
-0.338333,-0.236625,0.115572,-0.3986647062,-0.7964635263,8.514809
-0.317870,-0.205081,0.099734,-0.2926409752,-1.1405410374,8.491566
-0.313127,-0.186804,0.098152,0.0504468559,-1.7490334825,8.792289
-0.320828,-0.150028,0.088282,-1.0738953080,-1.7003812354,8.765035
-0.321825,-0.114141,0.100450,-1.3491491837,-1.3779069331,9.507381
-0.310117,-0.070251,0.089697,-3.4777210437,0.0011564578,9.510141
-0.304123,-0.052628,0.093534,-1.9462018258,-0.6648824441,9.811222
-0.268085,-0.010156,0.064540,-1.5604668667,-1.3087878966,10.052829
-0.276029,-0.005718,0.081254,-1.7181010564,-0.5599483222,9.610629
-0.251982,0.028642,0.072021,-1.2187192608,-0.8077076799,9.430518
-0.242305,0.036221,0.062436,-1.1023297449,-0.9208611249,9.147132
-0.209530,0.049210,0.066125,-0.9550327104,-0.8663771773,9.212193
-0.201179,0.080695,0.066234,-0.8811872008,-1.1438930028,8.258126
-0.189543,0.103846,0.059403,0.1349042305,-2.4866050186,8.212365
-0.182040,0.140793,0.048085,-0.9814282634,-1.8564396163,7.468239
-0.193659,0.140669,0.087432,-1.8800997271,-1.6316982507,6.626864
-0.160359,0.162162,0.086309,-2.7724078934,-0.8611653307,6.678126
-0.166464,0.173890,0.100289,-3.7110761166,-0.4500363846,6.482572
-0.136335,0.201640,0.075375,-1.6467441468,-2.1229965294,6.444745
-0.134221,0.218269,0.071066,-1.4502293010,-2.1148448319,5.860759
-0.115002,0.215278,0.050892,-1.1580436402,-1.9067364222,5.318983
-0.108703,0.239335,0.054059,-1.3812100559,-1.7933699927,4.786085
-0.104531,0.229248,0.048958,-1.1388018179,-2.0041226083,4.300065
-0.105027,0.253995,0.036751,-0.9072905463,-1.6270293235,3.953268
-0.117500,0.246163,0.037447,-1.0165381299,-1.7263776888,3.005122
-0.090735,0.234425,0.013501,-0.9547351886,-1.6707678544,2.484610
-0.098160,0.202900,0.046172,-1.6838207280,-0.9534450518,1.390639
-0.088595,0.185264,0.036298,-1.7596837446,-0.9486016509,0.655665
-0.105661,0.194041,0.038044,-1.4357148011,-0.9777329807,0.969939
-0.121292,0.188697,0.025102,-2.1995419810,-0.4345484646,0.700700
-0.106977,0.180209,0.015277,0.7108333175,-2.2690265784,0.123418
-0.132465,0.152177,0.024438,-1.4128132977,-0.4552584132,-0.401142
-0.125165,0.147877,-0.009610,-1.5896730127,-0.3096104254,-0.348249
-0.143090,0.131579,0.007774,-1.1128964529,0.2902607999,-0.643521
-0.149790,0.114389,-0.034987,0.0181041309,-0.6163307255,-1.405874
-0.151109,0.094852,-0.062464,0.2087263712,-0.4216033202,-1.765717
-0.130761,0.055896,-0.080783,1.1993303791,-0.2605468483,-2.314429
-0.137159,0.041897,-0.094970,1.2350873326,-0.1746399882,-2.957045
-0.161928,0.023791,-0.096844,0.7453080768,0.1442474563,-3.311318
-0.161193,0.027575,-0.120484,1.5004049645,-0.4186083695,-3.521680
-0.166691,0.008764,-0.131454,1.8882368977,-0.2941177565,-4.385070
-0.137041,-0.027970,-0.148451,1.8892238908,-0.7396722343,-4.320247
-0.134086,-0.045895,-0.149127,1.7415764652,-0.5840050770,-4.618283
-0.138413,-0.070254,-0.158101,1.6397355671,-0.5988366869,-4.276278
-0.139066,-0.057801,-0.170532,1.1469961233,-0.1570624384,-3.862974
-0.129389,-0.073442,-0.148375,0.8051749339,0.5133238945,-3.635027
-0.085244,-0.102619,-0.172147,1.4507632002,0.2505935726,-3.741994
-0.062208,-0.111469,-0.178239,0.9894674970,0.8344919772,-4.078158
-0.045589,-0.122442,-0.173506,0.5506518055,1.1676229044,-3.603563
-0.031051,-0.104645,-0.174881,1.4496617016,0.9952377210,-3.197604
-0.009022,-0.123719,-0.175751,1.3532327075,1.1590418039,-3.141018
0.028496,-0.131928,-0.193059,0.8327062754,1.4511535768,-3.390095
0.052189,-0.162399,-0.173755,1.7043849044,0.8438592501,-3.791605
0.096275,-0.142038,-0.180182,0.7667918180,1.2903363875,-3.240743
0.095510,-0.142557,-0.152623,0.1969290077,1.3304130469,-3.217171
0.127032,-0.131163,-0.163110,1.2474085973,0.0894450683,-3.022857
0.163627,-0.112887,-0.138751,0.1617884044,0.7276897364,-2.781680
0.166828,-0.131853,-0.078991,-6.0435481373,4.9108675682,-2.978825
0.229539,-0.111472,-0.117865,-1.3235735607,1.4109433453,-2.139006
0.240880,-0.094610,-0.096467,-1.4920552980,1.9181604162,-1.911198
0.268590,-0.081556,-0.096641,-0.9207486795,1.1882265061,-1.862136
0.289217,-0.068988,-0.089009,-0.5718059244,1.1708870869,-1.419712
0.318178,-0.078871,-0.093358,-1.2776497093,1.5670577892,-1.664903
0.327490,-0.056774,-0.089485,-0.2927679371,0.6821150580,-1.692400
0.328422,-0.048082,-0.059635,-0.8689482775,1.2302354343,-1.980132
0.349082,-0.023998,-0.059251,-1.1218007055,0.8966761822,-1.903592
0.352663,-0.031656,-0.020885,-1.4466435349,1.3451738971,-2.536161
0.386777,-0.042065,-0.007992,-0.5741239424,0.0265661620,-2.393512
0.386239,-0.024560,0.012451,-0.4812489120,-0.5616215666,-2.670609
0.354055,-0.032631,0.029858,-2.2344953524,-0.0914214796,-2.634217
0.361900,0.003935,0.031794,-1.0918009967,-0.8580827980,-2.537300
0.342353,-0.010593,0.081760,-2.1469018545,0.1719429091,-2.618918
0.352240,0.001204,0.074804,-2.6736394024,0.9421787140,-2.719495
0.341145,0.006696,0.097016,-2.8923133035,1.1648384070,-2.626612
0.333257,0.015030,0.067845,-1.1633846376,-0.1811733011,-2.629508
0.309476,0.033559,0.064041,-0.9128640133,0.2309851486,-2.839211
0.287405,0.015614,0.082708,-0.6491721052,0.3395709310,-3.062591
0.289657,0.012059,0.067471,-0.8798200631,0.6243789492,-3.291898
0.262399,0.000282,0.088075,-1.1160611008,1.0380394691,-3.709825
0.257476,0.006886,0.073301,0.6442280487,-0.4836682879,-3.668464
0.224041,0.030145,0.081796,0.2034723271,-0.3705435916,-4.114742
0.177637,0.018181,0.083936,-0.7829483642,-0.1299763464,-4.013985
0.157827,0.019136,0.083903,-1.1881725999,0.2229406887,-4.401907
0.136925,0.017912,0.106099,-1.3816890467,0.0662203708,-5.012172
0.124566,0.017836,0.089034,-1.3760223791,0.4352253270,-4.521388
0.098057,0.021437,0.093609,-0.8453262147,0.4331040472,-4.882765
0.074657,0.001441,0.057837,-0.5069241694,-0.3984524170,-4.486096
0.056416,0.013185,0.049595,-0.7326573806,-0.1006198078,-4.241233
0.016765,-0.017335,0.061901,-0.3271955191,0.0124947369,-4.763263
0.006254,-0.005380,0.068594,0.1298726072,0.2319339542,-4.738727
-0.014652,-0.013091,0.051433,1.1241654150,-0.9090803850,-4.961112
-0.029784,-0.030868,0.040424,1.8202876428,-1.3827733184,-4.794397
-0.051674,-0.033859,0.049267,0.4385163543,-0.0902873944,-4.820913
-0.087719,-0.066614,0.063447,1.0072079612,-0.5175806375,-5.075358
-0.102257,-0.058930,0.054775,0.7489007929,-0.4702337768,-4.462635
-0.130587,-0.078339,0.082961,0.4455771803,-0.2051216851,-4.275165
-0.131346,-0.101306,0.087698,0.4755555031,-0.4631397068,-3.817475
-0.134937,-0.109447,0.102813,-0.0848538081,-0.3233151068,-3.602636
-0.154818,-0.126630,0.093892,0.2332840335,-0.6269262014,-3.275016
-0.170574,-0.113806,0.091230,0.0336303164,-0.1817465833,-2.528248
-0.197822,-0.122445,0.090672,0.5283425184,-0.4160539144,-2.271437
-0.181472,-0.130435,0.072868,0.1069492695,-0.2554424314,-2.013870
-0.194227,-0.160193,0.107931,0.1141722298,0.3353861028,-2.077789
-0.183546,-0.161667,0.094564,-0.0409422959,1.1690478634,-1.586286
-0.192560,-0.151810,0.068886,-0.4244517304,0.7109420376,-0.844567
-0.202473,-0.163935,0.058875,-0.2065590250,0.6146072739,-0.495939
-0.207918,-0.153655,0.057112,-0.2072573139,0.2908398020,-0.359232
-0.203796,-0.164739,0.042233,0.7083226723,-0.0010211434,0.408639
-0.199886,-0.169148,0.025857,-0.5214651155,0.2635079257,0.070321
-0.223490,-0.176523,0.069375,-0.8701359450,0.8748103337,0.271236
-0.215104,-0.158893,0.059590,-1.3160520136,0.8645970471,1.200846
-0.221068,-0.168134,0.058973,-1.0827785514,0.4145805356,1.462578
-0.207997,-0.168888,0.054184,-0.7682765802,0.2410579288,1.920685
-0.199692,-0.168816,0.058435,-0.9402392784,0.1099697986,2.168942
-0.204744,-0.171081,0.050432,-1.3586093547,0.5684875700,2.678557
-0.228276,-0.141628,0.042318,-1.3322131281,1.0438591756,2.879216
-0.249129,-0.138352,0.045082,-0.7344966273,1.0486705236,2.972075
-0.233400,-0.118986,0.033012,1.2131715435,-0.5902572483,3.241636
-0.258271,-0.129923,0.052477,-0.3939677635,0.3498718172,2.816681
-0.254683,-0.132473,0.035192,-0.3852423147,0.0139547377,2.663802
-0.262607,-0.116701,0.051253,-0.1303326012,-1.0790626872,2.690051
-0.290209,-0.109480,0.052395,-1.5911813476,-0.4280409381,3.017520
-0.280335,-0.082107,0.048118,-2.2401602581,-0.0470873842,3.468812
-0.283956,-0.075542,0.071738,-1.0863308778,-0.3654402743,3.774167
-0.254073,-0.055664,0.052717,-0.6570949678,-0.9694998697,3.801136
-0.272802,-0.051226,0.052428,-0.7445132119,-0.3303187098,3.756560
-0.262663,-0.024353,0.029690,0.2565966670,-0.8604855357,4.041893
-0.281307,0.000098,0.009080,-0.2981380065,-0.1655401749,3.974559
-0.266021,-0.008988,0.024668,-0.3990262499,-1.0958037384,3.897301
-0.264465,0.005708,0.024018,-0.9280451195,-0.8211172988,3.757383
-0.281455,-0.002482,0.057348,-1.2063261557,-1.3756881922,3.011774
-0.267462,0.025783,0.057187,-1.3087892021,-1.6521713944,3.078926
-0.274414,0.039418,0.057542,-1.8663982838,-1.7450606547,3.354191
-0.280411,0.048396,0.065026,-3.4214215203,-0.6285719073,4.000231
-0.258566,0.068750,0.057910,-2.3595863415,-1.0110394284,4.173333
-0.255491,0.059172,0.057191,-2.2199448716,-1.0711713076,4.030889
-0.245988,0.064408,0.039347,-2.3153675996,-0.8024963207,3.912235
-0.253203,0.066164,0.038481,-0.7541720139,-1.3697242458,4.019062
-0.238586,0.066764,0.026076,-0.3805743064,-1.8640040347,4.096081
-0.271076,0.048626,0.059554,-2.2048109710,-0.7214286229,3.572778
-0.264741,0.045566,0.056222,-1.5762616990,-1.2085813487,3.541090
-0.253955,0.043443,0.056597,-1.9359791343,-1.1075442229,3.297720
-0.250905,0.031002,0.068456,-1.9763354088,-1.3523313409,3.608823
-0.258671,0.023105,0.066930,-1.9634815150,-1.7172397438,3.247709
-0.261803,0.007720,0.051036,-1.2611295381,-2.4028824349,3.625311
-0.256239,0.005143,0.060352,-1.8443483869,-1.7548051130,3.824283
-0.255376,-0.027471,0.069014,-1.0008915872,-2.1121830819,3.335613
-0.226234,-0.033721,0.055654,-1.0964427724,-1.7584525894,3.251636
-0.229779,-0.060867,0.064927,-1.0493797064,-1.1692949680,3.232057
-0.213502,-0.074049,0.035271,-0.6647653893,-0.7209734294,3.305971
-0.218235,-0.087077,0.014434,-0.1035610859,-1.3462970624,3.368104
-0.218944,-0.111751,-0.011366,0.2703920459,-1.6469332386,3.248056
-0.212606,-0.131968,-0.008324,-0.4580117184,-1.4293935667,2.855923
-0.227859,-0.162507,0.006884,-0.9278620456,-0.8730702054,2.503140
-0.207751,-0.172230,-0.007381,-1.2129747447,-0.3535838860,2.659877
-0.214742,-0.200899,-0.000659,-1.5934359030,-0.4075839426,2.175842
-0.199400,-0.184552,-0.028625,-1.6201523075,-0.0050701125,3.117817
-0.195196,-0.216983,-0.037734,-1.5851183560,-0.0403935287,2.520932
-0.173367,-0.229193,-0.055052,-0.9609804180,-0.1783929090,2.527809
-0.163599,-0.245616,-0.074980,-1.2008018320,0.3574282171,2.308395
-0.148086,-0.259737,-0.094130,-0.6373313033,0.5920238014,2.492806
-0.141945,-0.261434,-0.112626,0.2805942991,0.1703735824,2.387788
-0.141413,-0.273244,-0.120957,-0.7298397896,1.5144924030,2.318224
-0.146642,-0.274924,-0.135200,-0.2711899385,0.7838372480,1.854743
-0.131835,-0.301906,-0.170656,-0.3844996383,0.8431170910,1.091166
-0.136397,-0.299063,-0.153151,0.0598720870,0.1940034966,0.415548
-0.142463,-0.316861,-0.151691,-0.3681466857,0.1259932357,0.646931
-0.140228,-0.303472,-0.163648,0.3080917971,0.0386606459,0.056824
-0.152186,-0.309925,-0.160609,-0.9857865654,0.8376535833,-0.220526
-0.134989,-0.298269,-0.166150,-0.6435247428,0.3297944496,-0.266654
-0.136204,-0.312466,-0.145323,-0.4092286918,0.8460691138,-0.939245
-0.111907,-0.299425,-0.158488,-0.0259828137,0.9148304465,-0.780572
-0.111851,-0.299349,-0.157609,0.1474959747,1.1770105221,-1.042698
-0.100343,-0.297150,-0.149573,0.5024850258,1.0712635947,-1.274888
-0.095669,-0.268865,-0.154697,0.9631234282,0.8630847116,-1.582269
-0.074796,-0.277839,-0.164633,1.2490724604,0.3975469637,-1.597962
-0.062342,-0.261224,-0.154671,1.2630877369,0.0939581347,-2.067298
-0.071280,-0.263662,-0.135347,0.6631877801,0.6940929300,-2.923079
-0.052564,-0.232190,-0.138863,0.5267888324,0.5373290226,-2.864186
-0.056457,-0.219061,-0.104473,-0.2808203787,0.3631408363,-3.091597
-0.035006,-0.202665,-0.102438,-0.3566479993,0.1284015448,-3.124089
-0.024144,-0.185028,-0.099890,-1.3554052772,0.9685011951,-3.082583
-0.015226,-0.180820,-0.100744,-1.5807348995,1.5250308408,-3.183209
0.005814,-0.139832,-0.110795,-2.0952978071,1.9146677411,-3.401183
0.017447,-0.122032,-0.096293,-0.7730969838,1.5320087449,-3.424807
0.035937,-0.090743,-0.112902,-0.5412316075,1.5662413571,-3.260409
0.020743,-0.071669,-0.095820,-0.8110128669,1.7224465090,-3.574585
0.055927,-0.045410,-0.095659,0.0424196657,1.5348570162,-3.618783
0.054161,-0.036865,-0.101358,-0.2949567638,1.1235078990,-4.139454
0.064682,-0.021231,-0.082277,-0.7654295220,1.0283771782,-4.153414
0.070449,0.005711,-0.076910,-0.8310806240,0.6603701341,-4.832059
0.052317,0.022579,-0.049892,-1.1017774748,0.3904374351,-4.352226
0.069057,0.059517,-0.041463,-0.7343806792,0.1732493515,-4.150179
0.061521,0.077065,-0.017984,-1.1406485362,0.0108267818,-4.047626
0.067472,0.079733,-0.015289,-0.7797402031,-0.1065556484,-4.364575
0.084675,0.107339,-0.012440,-0.9313449471,0.3027272323,-4.783266
0.095937,0.116526,-0.007851,-0.0279945204,-0.4315459317,-4.066661
0.085722,0.130316,0.024517,-2.3157490116,1.4250130544,-5.015516
0.092884,0.143298,0.017910,-0.6351610229,0.1066868374,-4.247061
0.095953,0.154934,0.026149,-0.3515785617,-0.4537219317,-4.431843
0.079991,0.151954,0.035901,-0.2329111731,-0.1013219855,-4.696818
0.088016,0.170174,0.053406,0.8341484451,-0.8285025121,-4.516517
0.082361,0.185530,0.047189,0.5286423960,-0.7126225112,-4.625149
0.085456,0.197238,0.037171,0.0507323115,-0.5663230589,-4.301268
0.074384,0.222848,0.070202,-0.6635750916,-0.4083857733,-3.953094
0.054637,0.213273,0.066158,-0.6395011174,-0.7949864268,-3.860834
0.065174,0.231714,0.073970,-0.8160881949,-1.2303102171,-3.486423
0.044718,0.209675,0.102561,-1.0719311454,-1.3857312061,-3.870711
0.057815,0.222923,0.094715,-2.2045295769,-0.7429992339,-3.335638
0.008663,0.217839,0.183256,-9.6442603046,4.8833511509,-3.394160
0.082643,0.226087,0.112204,-1.0692889090,-1.2090887183,-2.185947
0.092415,0.236453,0.125892,-0.5492975227,-1.2996492178,-1.833324
0.094660,0.217264,0.115106,-0.9872491390,-0.5473816685,-1.387060
0.089178,0.214179,0.100814,-0.4131273649,-0.9219155859,-1.665788
0.092664,0.185677,0.103443,-0.6227355734,-1.3301136528,-1.359218
0.085518,0.184673,0.108059,-0.9052080808,-0.7146983875,-1.593459
0.073242,0.160455,0.128095,-0.6945885330,-0.6814866295,-1.486865
0.070052,0.159191,0.103470,-1.0173543269,-1.1403993835,-0.913564
0.034870,0.146288,0.152467,-1.4985234880,-0.8086948176,-1.049855
0.037542,0.140534,0.155119,-1.4447022707,-1.5743497347,0.030327
0.009757,0.125274,0.173471,-1.9604399102,-1.4385375296,-0.384094
0.012117,0.106390,0.188068,-2.6762651282,-0.4313111766,0.224198
0.007767,0.080593,0.190162,-2.6005701944,-0.3286877054,0.269841
0.018540,0.055122,0.171915,-1.1663119627,-1.1866395768,1.107753
0.005929,0.034482,0.160551,-1.5674678068,-0.3840338807,1.360497
-0.005599,0.001480,0.136041,-0.6906165356,-0.4807269283,1.539588
-0.013693,-0.020473,0.145075,-0.8152042529,-0.4095351845,1.362654
-0.032840,-0.060775,0.123634,-0.3190478192,-0.6169150328,1.267415
-0.039601,-0.074591,0.101300,-0.4585682265,-1.0124574671,1.156872
-0.070538,-0.098605,0.138684,-1.1172184648,-0.3788731441,1.483261
-0.071155,-0.124763,0.132680,-0.9729171592,-0.5304179513,1.374180
-0.097100,-0.143574,0.125945,-1.6123201013,-0.4473563335,1.641593
-0.109668,-0.176507,0.105620,-1.3111817749,-0.6216054520,1.954857
-0.136460,-0.202445,0.115323,-2.0637666852,0.1056312462,1.380574
-0.142703,-0.224388,0.088121,-0.9898151220,-0.5922140814,1.876206
-0.160674,-0.241864,0.086562,-1.2395008893,0.0023514837,1.792681
-0.169392,-0.268261,0.076646,-0.7091175593,0.1636323588,2.295200
-0.183983,-0.281726,0.065203,-0.2983111308,0.5857259650,2.132910
-0.187272,-0.298545,0.042607,0.2289691047,0.5931921228,2.391468
-0.203559,-0.315627,0.037319,0.3137720914,0.3092172044,2.035720
-0.221977,-0.358873,0.020280,1.1713297481,-0.3869053639,1.446680
-0.235714,-0.371257,-0.014449,0.1226399215,-0.0552154250,1.253801
-0.267882,-0.388303,0.020503,-0.1334315701,0.5879917412,0.630281
-0.276932,-0.393191,-0.001352,-0.1193689458,0.1475089210,0.623851
-0.298090,-0.393368,0.010895,-0.4435917188,0.4835226052,0.733382
-0.302219,-0.390118,-0.003036,-0.5207932126,0.5692876955,0.669175
-0.310888,-0.380330,-0.025894,-0.0500558696,0.4396486906,0.925011
-0.319584,-0.397327,-0.043534,-0.3905061836,1.0992334493,1.053056
-0.312592,-0.386068,-0.062041,0.4223549224,0.8554281844,0.877616
-0.328797,-0.409501,-0.048983,-0.5012668300,1.6673083823,0.556813
-0.307809,-0.401564,-0.073001,2.0785500248,0.4267022491,0.269373
-0.308207,-0.392167,-0.067076,1.2651951749,0.6986243243,0.123065
-0.295037,-0.386967,-0.076244,1.3386496476,0.4878912031,0.152312
-0.298632,-0.374021,-0.076109,1.2007070919,1.0492976881,-0.682705
-0.290675,-0.361883,-0.094123,1.2008291859,0.5880051611,0.100495
-0.281238,-0.332052,-0.093949,0.4820778342,0.8533873021,0.081407
-0.298582,-0.336956,-0.069229,-0.0957639131,0.4963260370,-0.950539
-0.263250,-0.305536,-0.085464,-0.0294115634,0.1437876778,-0.584038
-0.261366,-0.289439,-0.082352,-0.3288582002,0.2663548888,-0.408701
-0.240844,-0.277304,-0.083583,-0.5665411981,0.3859258603,-0.541715
-0.235812,-0.236595,-0.085618,-0.9296955354,0.5229000971,-0.421729
-0.206769,-0.192023,-0.084978,-0.7281928876,0.2156489209,0.458418
-0.195990,-0.171426,-0.088225,-0.6668224612,0.4308756175,0.249625
-0.181285,-0.151531,-0.072800,-0.7051409695,0.8894860144,0.305636
-0.145690,-0.131652,-0.093388,-0.7610452610,1.0100669411,-0.157821
-0.131145,-0.118014,-0.076618,-0.9009744971,0.9766563947,-0.341785
-0.099857,-0.088856,-0.091911,-0.2210686513,0.3841738640,0.474105
-0.089859,-0.059160,-0.072709,-0.6525119319,0.4980661815,-0.059427
-0.075272,-0.057473,-0.067768,-0.9248541820,0.1442995672,-0.177726
-0.048231,-0.016639,-0.059579,-1.2357769001,-0.0339603778,-0.422953
-0.055807,-0.001074,-0.048507,-1.5042400336,-0.1598301650,-0.536523
-0.036158,0.038650,-0.046272,-1.6271508691,-0.7423079769,-0.471452
-0.039099,0.061211,-0.023636,-2.1065723073,-0.7924742661,-0.251926
-0.014090,0.084598,-0.028422,-1.9816895445,-0.8138389759,0.266860
-0.009646,0.103807,-0.016083,-2.4331920982,-0.3411123387,0.268196
0.014887,0.106557,-0.026991,-2.1022568416,-0.2685216602,0.264654
0.020405,0.129498,-0.028790,-1.7642289603,-0.3861901954,0.311166
0.024918,0.135239,-0.024765,-0.7778229303,-0.8836548345,0.233819
0.033374,0.154314,-0.035512,-0.9422448206,-1.3627159025,0.212046
0.009153,0.163094,-0.000948,-2.2975251029,0.3514937901,0.616061
0.020756,0.176227,-0.001874,-1.5162147394,0.0409530362,-0.058076
0.022279,0.183905,0.002702,-1.8427474511,-0.1155662109,-0.130786
0.025401,0.174684,0.002085,-2.0746001890,-0.5177849328,-0.085806
0.023402,0.177077,-0.004378,-2.3436181842,-0.7375417685,-0.115276
-0.005162,0.168963,0.022239,-2.6531184727,-1.2093279932,-0.348822
-0.007929,0.180012,0.014086,-2.7417801237,-0.8794244774,-0.281365
-0.022815,0.193522,0.007009,-2.0048277474,-1.7050575189,0.483194
-0.040836,0.185540,0.008906,-3.0453020440,-0.7545078645,-0.155385
-0.048379,0.192718,0.005036,-2.6753246865,-0.3592742838,0.073798
-0.064108,0.168635,-0.013159,-2.3538067151,-0.5726248217,-0.227651
-0.087473,0.164959,-0.029426,-1.2336728269,-0.8721760161,-0.110623
-0.119887,0.146830,-0.029108,-0.1102763342,-1.6573842137,-0.288033
-0.138081,0.133549,-0.016257,-1.1846072693,-1.2634679775,-0.698446
-0.172061,0.093736,0.011739,-1.3013481859,-0.7244751763,-0.815363
-0.169465,0.088655,0.007412,-1.5427577379,-0.8352527858,-1.266508
-0.199673,0.066682,0.023487,-1.4111435946,-0.8420044026,-1.047428
-0.215862,0.066994,0.016219,-0.8077387754,-1.1863665983,-0.784790
-0.251210,0.044743,0.015730,-0.7932762737,-1.5469048105,-0.874391
-0.264524,0.027845,0.017828,-0.5909266728,-1.1454810208,-0.901314
-0.270554,-0.002045,0.017385,-0.3905573923,-1.2976112467,-0.981326
-0.278346,-0.035638,-0.012387,-0.3893690487,-1.1281429752,-0.503143
-0.298825,-0.048111,-0.012020,-1.3336371156,-0.0370652432,-0.761232
-0.315031,-0.079892,-0.015112,-0.3441864937,-0.6241984944,-0.590479
-0.321356,-0.094121,-0.045205,0.3249499015,-1.0244502608,-0.007436
-0.342032,-0.129345,-0.019129,0.3785554562,-0.2758507164,-0.566534
-0.326549,-0.146075,-0.035046,0.6820138612,-0.5722533409,-0.007570
-0.346355,-0.173901,-0.032157,0.3563687669,-0.3376371896,-0.130769
-0.340729,-0.200341,-0.040403,0.5227790383,-0.3600281445,0.033819
-0.329135,-0.222363,-0.041046,0.5946009573,-0.3730069317,0.085301
-0.353882,-0.260491,-0.022861,0.4424940769,-0.3845037767,0.454038
-0.328640,-0.267529,-0.029676,0.0737040254,-0.3333308832,0.749054
-0.336626,-0.296293,-0.009568,0.4634382635,-0.4887213815,1.277638
-0.308676,-0.312193,-0.017544,-0.2286806812,-0.3131705585,1.556860
-0.300076,-0.339835,0.000779,0.2221698191,-0.2213305854,2.039612
-0.273816,-0.338998,-0.010881,-0.3835708565,0.6909097882,2.467222
-0.274804,-0.347795,-0.009958,-1.1175587097,1.1925035344,2.913096
-0.246999,-0.360363,-0.023744,-0.4559373580,0.9802653309,3.579586
-0.233741,-0.369623,-0.036362,-0.1260343895,0.9403860339,3.501047
-0.225194,-0.386751,-0.042047,0.2351006277,0.6843502321,3.604172
-0.204396,-0.389140,-0.047371,0.3376116468,0.9791285255,2.977082
-0.182972,-0.388730,-0.041581,-0.1185076620,1.0606927083,3.332653
-0.183441,-0.385464,-0.039989,0.1985776092,0.8588965083,3.247326
-0.184203,-0.383560,-0.023321,-0.1801061857,1.1756769356,3.137850
-0.163218,-0.358147,-0.033831,0.2693921913,0.1986649625,3.030652
-0.148309,-0.357980,-0.002615,-0.3733677001,0.7409861735,2.819988
-0.118567,-0.354885,-0.006915,-0.1481600765,0.4008012198,2.847505
-0.093007,-0.340393,-0.004358,0.0470517650,0.3432660476,2.554751
-0.091293,-0.328402,0.007347,-0.5047387240,0.9333748854,3.092582
-0.067351,-0.290014,-0.007303,-1.3608533938,1.5588707802,3.086158
-0.061764,-0.278443,0.004343,-0.7908833360,1.5689258792,2.886707
-0.031028,-0.247874,-0.002858,-0.4979264815,1.4337180357,2.628517
-0.005405,-0.219875,-0.016861,-0.0283457799,1.4119376690,2.160737
-0.002973,-0.209174,-0.020846,-0.1566695139,0.8380744419,1.925813
0.011500,-0.168363,-0.034977,-0.7676427291,1.6188697911,1.000795
0.011079,-0.133822,-0.021791,-0.7779206763,1.2246838644,0.860939
0.020507,-0.093169,-0.030785,-0.8733904248,0.9798514093,0.675428
0.027268,-0.055126,-0.009893,-1.5768299080,0.6549564845,0.054085
0.018179,-0.044579,0.010695,-1.8710370793,0.0894287157,-1.046372
0.036305,-0.002118,0.016840,-2.0257911402,0.1407748197,-1.001282
0.036591,0.028324,0.020421,-1.1135868989,-0.7627530875,-1.784390
0.021541,0.052049,0.058671,-5.0997556999,1.8349760215,-2.640602
0.039857,0.102806,0.045453,-1.7896081668,0.1036737294,-2.373510
0.039216,0.120160,0.024704,-1.5953422789,0.2246021175,-2.435293
0.049133,0.145221,0.025512,-0.9959216872,-0.6118309626,-3.372439
0.028191,0.153280,0.046135,-0.6214348905,0.1005171960,-4.591032
0.033082,0.184893,0.053626,-0.5336605200,0.1394488654,-4.378048
0.018501,0.201617,0.062301,-0.5147258042,-0.0461292448,-5.207652
0.027797,0.227683,0.064940,-0.2321078714,-0.6470746261,-5.505481
0.029264,0.243324,0.087271,-0.6867591716,-0.8908357778,-6.261342
0.037706,0.246071,0.070015,-0.6803958438,-1.5154521708,-6.414225
0.028447,0.274592,0.082183,-0.6430600742,-1.8580967208,-6.758566
0.011375,0.262237,0.057982,-0.9365082344,-2.0144338436,-7.536314
0.021235,0.279345,0.063201,-1.0399663872,-2.5901986207,-7.058982
-0.005510,0.272478,0.095375,-2.0772793658,-1.4562394031,-7.571279
0.020300,0.289803,0.089555,-1.4622948090,-1.3977449047,-6.932769
0.015898,0.283862,0.078612,-1.5473465747,-1.1484428843,-6.621039
0.013269,0.274165,0.078169,-1.6807715567,-0.7141317321,-6.279275
0.008637,0.277064,0.041471,-0.9462384992,-0.1730731567,-5.898193
0.004409,0.248631,0.047672,-0.8540572790,-0.7344245997,-6.065364
-0.001778,0.230033,0.049388,-0.8501924191,-0.8878524661,-6.351773
-0.011310,0.191448,0.058622,-1.4852432128,-0.6321147061,-6.158086
-0.010897,0.179713,0.049585,-1.5577166902,-0.2487844513,-5.866343
-0.021568,0.142641,0.082554,-2.0995141301,-0.7395671445,-5.833410
-0.016355,0.126850,0.035911,-2.3877016607,-1.1993125896,-4.715099
-0.026219,0.090395,0.045157,-2.1767027205,-0.3111117048,-4.255757
-0.023350,0.079471,0.016744,-2.0297183345,-0.3804112804,-3.954744
-0.044755,0.037170,0.038228,-1.9293006798,0.2115091995,-3.466038
-0.038623,0.016175,0.017824,-1.2677294696,0.1032241484,-3.339214
-0.049272,-0.013645,0.014017,-1.4211960877,0.8577381686,-3.155003
-0.049790,-0.049670,-0.018942,-1.0770394255,0.9351569933,-2.635642
-0.060333,-0.070317,-0.014353,-0.0917912500,-0.5535731087,-2.112723
-0.078754,-0.098894,-0.025313,-0.6137041700,0.1677191967,-1.755649
-0.101315,-0.136629,-0.023564,-0.5670588833,0.0122692032,-1.856775
-0.110653,-0.169995,-0.024174,-0.9498415831,-0.2054618810,-1.582769
-0.132915,-0.185734,-0.020793,-1.0537198597,-0.1995323340,-1.215241
-0.154139,-0.230260,-0.011334,-1.0509220724,-0.2365184242,-1.012025
-0.151293,-0.239149,-0.014097,-0.7196226019,-0.3437309088,-0.158630
-0.180146,-0.285816,-0.006587,-2.0146857636,0.9294598961,0.530439
-0.173039,-0.297685,-0.051543,-1.9031769883,0.7143687604,0.762587
-0.190741,-0.323459,-0.022845,-0.7914141990,0.8965303975,0.995604
-0.185220,-0.336654,-0.044775,-0.6003673464,0.6227492529,1.128264
-0.210561,-0.369357,-0.031576,-0.4664975510,1.1347805401,1.323425
-0.199709,-0.378771,-0.036251,-0.5291909777,1.4383163397,2.100139
-0.209596,-0.395928,-0.044873,-0.6333242168,1.7170282788,1.768058
-0.207153,-0.402907,-0.045487,0.3206899888,0.5530253541,1.650904
-0.247130,-0.381656,-0.052558,-0.6405845093,1.0220730833,0.809539
-0.255678,-0.427801,-0.056687,-0.7966196979,0.4161562090,2.283660
-0.267048,-0.417097,-0.056113,-0.7851864559,-0.0749848350,2.218057
-0.301399,-0.432633,-0.030198,-2.1830678210,1.2619236176,2.229857
-0.299429,-0.418767,-0.058991,-2.1817688112,0.9095915687,2.730297
-0.318389,-0.402779,-0.033303,-1.9319955011,1.0650816321,2.244496
-0.311591,-0.395836,-0.047936,-1.3970319526,0.9248596783,2.833431
-0.338651,-0.394747,-0.055239,-1.7013749303,0.9585601780,2.739816
-0.335231,-0.395751,-0.054839,-1.0730069402,0.7855294627,3.040523
-0.343066,-0.377727,-0.045451,-0.4410832826,0.7822953442,2.865657
-0.357545,-0.384463,-0.060117,-0.9860718018,0.8272735393,2.428492
-0.353068,-0.376670,-0.057478,0.1283792257,0.1475873416,1.976310
-0.364169,-0.368185,-0.049981,1.0324752487,-0.2925464117,2.438290
-0.378861,-0.337025,-0.063774,-0.1364955476,0.1995527765,2.104419
-0.403857,-0.334878,-0.025100,-0.0801646190,-0.0776751931,1.605892
-0.393911,-0.304722,-0.033828,0.3280756060,-0.3753963817,1.621854
-0.404018,-0.286557,-0.027424,-0.1271939169,-0.6434823264,1.552391
-0.397532,-0.274058,-0.023006,-0.2888548572,-0.9554252887,2.150822
-0.398352,-0.243380,-0.014731,-0.2903605621,-0.9778012461,2.219612
-0.400755,-0.234593,-0.010638,-0.4995422017,-0.9337484739,2.173093
-0.383148,-0.204788,-0.014268,-0.1760607704,-0.7799581996,2.631072
-0.394870,-0.184506,-0.011478,-0.7834166637,-0.4452694649,2.255238
-0.368380,-0.163942,-0.034681,-0.3097741557,-0.9739805766,2.667946
-0.381215,-0.137922,0.004442,-1.1001261632,0.1228255905,2.021610
-0.366109,-0.113707,-0.031399,-0.2465255029,-0.8833946963,1.897508
-0.367714,-0.095900,-0.001059,-0.2614358310,-0.9036941423,2.017809
-0.354013,-0.078227,-0.009200,-1.1567362256,-0.4792179137,2.566780
-0.355651,-0.065712,-0.011681,-0.8765689695,-1.2232279915,1.839444
-0.334827,-0.048879,-0.021818,-0.9078989042,-1.2785370303,1.971356
-0.324570,-0.041333,0.008223,-1.3056852574,-2.0973292046,1.937937
-0.327310,-0.035040,0.016206,-2.9743355030,-0.9514562100,2.412164
-0.309851,0.001480,0.020782,-3.5133764976,-0.2832466000,2.847415
-0.308026,0.011702,0.042495,-2.9346697541,-0.0645271175,3.022740
-0.272481,0.016848,0.014969,-1.9222112050,-1.0208134699,2.936655
-0.282817,0.020068,0.046372,-3.0246716884,0.3333849595,2.777260
-0.238448,0.016271,0.024337,-0.8635036070,-1.0680601198,2.879929
-0.234125,0.016461,0.032602,-1.1082373839,-0.6488554557,3.056232
-0.225154,0.020784,0.034443,-1.2390981391,-0.5956129326,3.179875
-0.213886,0.051557,0.017683,-0.8501733090,-0.8834213664,2.674979
-0.211795,0.046889,0.010347,-0.5539931580,-1.9297902968,2.547588
-0.196929,0.059051,0.013446,-0.4904927416,-2.3511003492,2.604361
-0.208739,0.048081,0.030468,-1.7061824444,-1.4054746806,2.259751
-0.199610,0.064001,0.018208,-1.7197683688,-1.8567801921,2.500075
-0.203464,0.061168,0.043155,-2.3349971625,-1.4262577210,2.365925
-0.188053,0.063515,0.031775,-2.8598349224,-0.4248853869,2.819236
-0.177552,0.058138,0.015198,-2.4376374489,-0.6189579119,2.941163
-0.162092,0.045471,0.007170,-1.8121111014,-0.6211404965,2.561959
-0.163625,0.034876,0.007114,-1.9008666428,-0.5407736038,2.231100
-0.157520,0.015729,0.003421,-1.4255854868,-0.8177164937,1.743914
-0.142181,0.017334,-0.004283,-0.9641250125,-0.5379155065,1.506203
-0.142572,-0.011256,-0.008209,-1.1093675334,-0.8470389322,1.596467
-0.144236,-0.013616,0.004104,-1.4203645889,-0.4751716332,1.412227
-0.148634,-0.032628,0.015986,-1.7876309398,-0.4591996128,1.371817
-0.143701,-0.022712,-0.000994,-1.0253516824,-1.1305132096,1.193170
-0.155905,-0.047130,-0.014173,-1.3779866607,-1.2444989084,1.404707
-0.151828,-0.045259,-0.005264,-1.4622500081,-0.5364473074,0.801507
-0.169149,-0.075119,0.008256,-2.6044402653,0.7583751352,0.961999
-0.154480,-0.061917,-0.040961,-1.6816556227,0.2405770206,0.794745
-0.160970,-0.084730,-0.043167,-0.7787259801,0.2401130373,0.447647
-0.154076,-0.095349,-0.050391,0.3282439675,-0.3271947711,-0.190137
-0.151926,-0.128761,-0.063662,0.3870865970,-0.4466223471,-0.320538
-0.142279,-0.136957,-0.062027,0.2316857228,-0.0763405567,-1.236962
-0.154454,-0.159796,-0.054412,-0.4747816240,-0.0734818953,-1.366024
-0.143619,-0.144973,-0.065622,-1.1664502913,0.0419608310,-0.867468
-0.150574,-0.160072,-0.041601,-0.5559607675,0.2247017038,-1.097773
-0.141190,-0.158112,-0.054271,-0.4994453511,0.1792772763,-1.628097
-0.153118,-0.169463,-0.059671,-0.6754474248,0.3395347424,-1.725760
-0.148690,-0.171084,-0.072456,-0.5827230748,0.4354220277,-1.787955
-0.151762,-0.168898,-0.075108,-0.2337629617,0.4422046734,-2.228317
-0.143051,-0.172384,-0.084515,0.2822404445,0.5015727898,-2.547722
-0.151769,-0.182100,-0.085474,-0.1912448928,0.9456321290,-2.674778
-0.137418,-0.183229,-0.091395,0.8216689124,0.1277463032,-2.590524
-0.136010,-0.178929,-0.074612,0.8341426807,-0.0632444962,-2.969548
-0.134247,-0.190956,-0.055761,0.4227048855,0.1777783383,-3.282219
-0.129855,-0.189141,-0.068133,0.1204952082,-0.1706261773,-3.735337
-0.123701,-0.196120,-0.034002,0.0208485026,-0.0014113342,-4.214960
-0.097966,-0.191770,-0.044247,-0.0212776197,0.0615360815,-4.218462
-0.104817,-0.180508,-0.005323,-0.6877320692,0.7275191142,-3.711257
-0.082011,-0.166656,-0.017849,-1.0706157231,1.2367591723,-3.641803
-0.074310,-0.172394,-0.038680,-0.6906052944,1.2074445422,-3.622312
-0.045946,-0.157613,-0.057343,0.1985404389,0.2446161275,-3.692733
-0.033854,-0.146062,-0.074409,1.3352231767,-0.1476476184,-3.862468
-0.027893,-0.141254,-0.062070,0.4870508194,0.4663807650,-3.691424
-0.022989,-0.120184,-0.062641,0.4083248532,0.4156893918,-4.132856
-0.017511,-0.128229,-0.056848,0.2269144702,0.1042333914,-4.365187
0.014188,-0.111662,-0.062799,-0.4270308304,-0.0447510946,-4.110496
0.018783,-0.117049,-0.010858,-0.6796779363,-0.1265067184,-4.454515
0.047006,-0.100200,-0.022389,-0.6586588826,-0.7077766495,-3.871606
0.038964,-0.095752,0.011791,-1.2865087761,-0.0004325646,-4.146609
0.066914,-0.078395,-0.004385,-2.1132592376,0.8700456309,-3.657745
0.073826,-0.070819,0.034936,-2.0348993603,1.3601029196,-3.081900
0.088847,-0.055982,0.001987,-2.6084866912,1.2841925199,-3.329494
0.094250,-0.057913,0.013193,-1.7500030902,0.8340177343,-3.183531
0.109818,-0.043919,-0.007447,-1.6442402510,0.5593763455,-3.364167
0.104908,-0.052227,0.010327,-1.4507498912,0.4852974794,-3.106042
0.115166,-0.043719,0.005348,-1.4502935939,-0.1202241904,-3.257287
0.109425,-0.050107,0.042728,-1.8613376450,0.1635146289,-3.299621
0.122512,-0.035283,0.042449,-2.5190007158,0.3672667759,-2.582178
0.132736,-0.022659,0.059813,-2.2044928338,0.0905544070,-2.040494
0.131253,-0.024573,0.067222,-1.7912857733,0.1869320298,-1.878243
0.142879,-0.023106,0.041950,-1.3882933881,-0.4935366839,-1.787263
0.127773,-0.039547,0.041635,-1.7692797645,-0.1171664449,-1.405263
0.125046,-0.027970,0.041113,-1.2198966099,-0.2724189083,-1.707064
0.098917,-0.042209,0.046158,-1.4725895918,0.1074100084,-1.339972
0.090209,-0.041274,0.025548,-1.6982667593,0.4491396880,-2.032790
0.080897,-0.048413,0.045151,-1.0909077020,-0.1119795662,-1.453394
0.070321,-0.052070,0.033176,-1.3225230241,-0.6676010720,-1.649924
0.047052,-0.051554,0.069168,-1.7261856581,-0.4965052631,-1.521538
0.038583,-0.058132,0.075451,-2.3129585252,-0.1277476814,-1.424768
0.016889,-0.053307,0.071604,-2.8796881113,0.2561218813,-1.203037
-0.001630,-0.074358,0.077949,-4.1320818462,1.4460083014,-1.040415
0.010525,-0.070015,0.044813,-2.1384962644,0.5842278183,-1.054322
-0.026452,-0.088548,0.059252,-2.0362125645,0.8577603833,-0.646440
-0.043938,-0.080187,0.045899,-1.5351687245,0.7657377709,-0.471129
-0.077622,-0.081366,0.037736,-1.6929058609,0.3376170366,-0.765928
-0.091851,-0.100089,0.014033,-0.3809024083,-0.0322563238,-0.555915
-0.124810,-0.102836,0.020129,-1.3089549240,0.1680475669,-1.332294
-0.171752,-0.127664,0.019909,-2.1019029646,0.0673992727,-1.182678
-0.196765,-0.098910,0.016610,-1.8543823335,-0.1760004182,-0.996475
-0.240034,-0.112483,0.034696,-1.9958348565,-0.0425513750,-0.931070
-0.259052,-0.117098,0.015730,-1.9016085243,-0.2125465801,-0.638096
-0.285669,-0.125035,0.036948,-1.9259177537,0.4376405994,-0.533288
-0.302751,-0.135178,0.042705,-1.2052396405,0.5322717073,-1.016181
-0.335533,-0.138516,0.037752,-0.7825676232,0.7999151163,-0.941371
-0.352415,-0.143620,0.017214,0.1659563227,0.1439447828,-1.171471
-0.369585,-0.151065,0.015271,0.0527975300,-0.0771879955,-0.897541
-0.378300,-0.172975,0.007737,0.4060635573,-0.7751432876,-1.213689
-0.383306,-0.171675,0.017936,0.4616420246,-0.9650825584,-1.748156
-0.415483,-0.198535,0.022791,0.0180672445,-1.0471686146,-1.388581
-0.422613,-0.179061,0.011407,-0.2729247749,-1.4282555767,-1.163613
-0.451472,-0.190031,0.031519,-1.7456299074,-0.2973596908,-0.881911
-0.441126,-0.180285,0.022676,-0.1533799362,-0.4949058423,-0.404310
-0.452184,-0.174583,0.011112,-0.4218851903,-0.6113485846,0.064528
-0.454554,-0.176497,-0.009088,-0.0399784340,-0.6041286788,0.307241
-0.459960,-0.174524,-0.025940,-0.6689418599,-0.3179872887,0.143250
-0.459921,-0.184027,-0.058581,0.8008234389,-1.1057051159,0.412532
-0.445544,-0.178972,-0.053910,0.6977728397,-1.2617359896,1.014679
-0.457672,-0.195427,-0.038959,-0.3984083300,-0.4134114697,1.230211
-0.439635,-0.187871,-0.039723,-0.7577006478,-0.4345700189,1.623628
-0.446611,-0.205570,0.001603,-1.2462378081,-0.0760152019,1.201811
-0.418539,-0.182284,-0.007214,-1.6062180479,-0.2133112669,2.441320
-0.414220,-0.182281,0.007642,-1.8855792449,-0.0997030539,2.770558
-0.398461,-0.184355,-0.011681,-1.2527923188,-0.1502979474,3.424069
-0.386240,-0.178302,-0.033585,-1.4026779036,-0.3627653956,3.834456
-0.372372,-0.183321,-0.045733,-1.2821739344,-0.5057403985,4.097380
-0.367149,-0.180909,-0.035023,-1.1412855974,0.1362613593,3.945002
-0.363315,-0.194626,-0.039132,-1.1308340906,0.0499039002,3.701951
-0.355116,-0.177702,-0.026771,-1.3204397766,-0.1550567814,4.063466
-0.350045,-0.186932,-0.030273,-1.5022441747,-0.3083892360,4.144096
-0.342364,-0.165806,-0.026594,-1.6464014513,-0.3605809633,4.420969
-0.338986,-0.187950,-0.020564,-1.6483567683,-1.5230876717,4.374169
-0.326976,-0.169450,-0.016480,-2.0376645879,-0.8820245950,4.491339
-0.321021,-0.172735,0.003808,-2.0691224270,-0.6016691707,4.634371
-0.304504,-0.162609,-0.007086,-2.5901872879,-0.0284279837,5.112705
-0.309913,-0.159222,-0.002632,-2.5164494429,0.0083597102,5.145427
-0.277870,-0.149470,-0.025776,-2.2985943695,0.2476557660,5.370888
-0.285111,-0.151531,-0.021004,-2.0495980501,0.2105400422,5.022293
-0.267196,-0.138559,-0.031721,-1.4440659567,-0.2769076064,4.584554
-0.272349,-0.128915,-0.035765,-0.7164646346,-0.4622851489,4.748849
-0.270337,-0.130116,-0.024174,-1.3672860982,-0.4887869906,4.998502
-0.261465,-0.124526,-0.018919,-2.1654104035,-0.3270548381,4.556876
-0.251992,-0.134265,-0.023945,-1.9760426117,-0.5493542014,4.340380
-0.242197,-0.122412,-0.025356,-2.2607458949,-0.7273147529,4.666887
-0.233354,-0.135145,-0.032082,-2.0587355159,-0.6577685130,4.502871
-0.235031,-0.116422,-0.030693,-2.1286120553,-0.2726282293,4.331576
-0.238642,-0.121497,-0.031760,-2.0397614234,-0.2010764206,3.992110
-0.236045,-0.101431,-0.054944,-1.9702534187,-0.1445030251,3.815058
-0.252989,-0.101822,-0.032213,-1.6890616619,0.1461213844,3.228207
-0.244028,-0.112388,-0.039110,-1.8820465863,0.2659936904,2.560401
-0.253265,-0.100922,-0.041942,-1.9001032665,0.1849826028,2.398761
-0.255054,-0.103151,-0.041978,-1.4734055950,-0.4128853507,1.694786
-0.258898,-0.093422,-0.032929,-1.2447283324,-1.0133927134,1.838491
-0.252451,-0.093783,-0.036664,-1.3329012039,-1.2982626066,1.663767
-0.270774,-0.089726,-0.038108,-2.2215732161,-0.8713016831,0.710858
-0.269050,-0.110382,-0.032735,-1.3102123312,-1.2621683263,0.582492
-0.267035,-0.088006,-0.038739,-1.4407790637,-0.6169085408,0.357756
-0.272536,-0.112641,-0.038670,-2.1447490360,-0.1224322999,0.086397
-0.276567,-0.102504,-0.044388,-0.9785242221,-0.6709016692,0.038033
-0.293386,-0.114718,-0.047732,-0.6591149477,-0.3816025774,-0.471625
-0.273524,-0.111351,-0.069495,-0.2102386030,-0.9028819421,-0.724904
-0.278271,-0.136248,-0.051698,0.3765884957,-1.4426715919,-1.260348
-0.280053,-0.142353,-0.064516,0.1286437013,-0.9498645733,-1.814142
-0.291893,-0.161969,-0.034659,-0.6961610530,-0.6528763141,-2.304407
-0.273925,-0.146404,-0.052824,-1.0097070894,-0.8545539797,-1.495338
-0.281458,-0.159100,-0.024542,-0.8455636770,-0.5841412496,-1.634487
-0.246464,-0.142997,-0.041476,-0.5490109213,-0.8004448095,-0.902765
-0.247866,-0.155660,-0.037797,-0.6898045279,-0.3602604897,-0.851572
-0.235740,-0.171344,-0.052177,-0.2355810594,0.0150036358,-0.803963
-0.225637,-0.179760,-0.069725,-0.3168799110,0.1856018943,-1.656426
-0.201672,-0.187372,-0.076030,0.1630408972,0.4315711176,-1.286268
-0.194270,-0.181598,-0.085510,-0.1709000089,0.7585505016,-1.300090
-0.183474,-0.201841,-0.075551,-0.3598869720,0.3796614794,-1.415201
-0.181429,-0.187802,-0.063009,-0.6788089421,0.3550744236,-1.690762
-0.178311,-0.197167,-0.054767,-1.0018703220,0.4894176997,-1.431512
-0.158015,-0.193799,-0.072272,-1.4689256509,0.1662801401,-1.691605
-0.153968,-0.187533,-0.052443,-1.4033723552,0.4979197789,-1.324832
-0.133587,-0.177997,-0.047503,-1.2471912773,0.5491093409,-1.277260
-0.131559,-0.188327,-0.054445,-0.5066241190,0.2754792855,-1.685211
-0.114825,-0.187808,-0.066748,-0.4990658715,0.7265005542,-1.230343
-0.106793,-0.174108,-0.062510,-0.1697613257,1.1161227588,-1.571064
-0.073837,-0.184323,-0.085845,0.8098386071,-0.0022323866,-1.613006
-0.069583,-0.172397,-0.065760,0.9732203819,-0.2392368515,-2.338058
-0.074415,-0.184930,-0.055423,-0.3086000785,0.1115729848,-2.800980
-0.056362,-0.155680,-0.061020,-0.3606645744,-0.1600053673,-2.827489
-0.069176,-0.172115,-0.007230,-0.7912200129,0.2015287377,-3.002899
-0.043616,-0.136038,-0.009019,-1.5192409250,0.7950915290,-2.439741
-0.035124,-0.133950,-0.004880,-1.9643334677,1.4737786309,-2.813503
-0.006226,-0.109565,-0.030884,-0.8654608420,0.8598378497,-2.596904
-0.015410,-0.099842,-0.030756,-0.8324291277,1.1292804571,-2.600075
-0.001095,-0.081907,-0.040935,-0.3296928927,0.6088371589,-2.768363
-0.012692,-0.062357,-0.033346,-0.6492450993,0.8642605014,-2.977655
0.003333,-0.050432,-0.032820,-0.9362680142,0.9008142298,-3.244665
0.002158,-0.042511,-0.012919,-1.6046794243,0.9067017073,-4.225773
0.020214,-0.030859,-0.010949,-1.3462964889,0.1610740792,-3.908975
0.010758,-0.008394,-0.004460,-2.0406797468,-0.2217650034,-4.004707
0.011719,0.004687,0.016209,-2.3760593202,-0.1086334644,-3.461339
-0.006514,0.012384,0.023812,-2.7469450950,0.4828675298,-4.409741
-0.002313,0.024552,0.021199,-2.2582872339,0.0606917727,-3.913673
0.013183,0.058335,0.024573,-1.6982654631,0.2171919331,-3.677091
-0.007755,0.058066,0.037073,-2.2370022945,0.9325963693,-3.820354
-0.016703,0.068717,0.008765,-1.9048793856,0.4695101218,-4.214667
-0.048553,0.058936,0.033577,-1.6393577229,0.2097731321,-4.627122
-0.040701,0.079822,0.018635,-1.4464309233,-0.0913778488,-4.323759
-0.069153,0.063495,0.047100,-1.2071303587,0.1594608874,-4.988759
-0.058397,0.073441,0.052644,-1.0195840145,-0.1964053156,-4.816211
-0.070735,0.068846,0.077305,-1.5331007416,-0.1474663776,-5.200076
-0.083376,0.071632,0.075392,-1.1088111582,-0.9519852620,-4.947289
-0.100694,0.078292,0.080306,-0.9639882426,-1.1750566141,-4.818995
-0.109396,0.068970,0.089966,-0.9142245543,-0.8793133776,-4.488171
-0.125181,0.044506,0.078474,-0.8905937244,-0.8457755796,-5.187521
-0.121525,0.038657,0.075067,-0.4758303523,-0.9461683460,-4.422207
-0.128336,0.031747,0.078425,-0.6887203657,-0.5309726656,-4.238446
-0.135636,0.027776,0.069851,-0.3708769376,-0.9000076993,-3.070830
-0.155009,-0.000174,0.059482,-0.2081377625,-1.1145251797,-3.598525
-0.154877,-0.004589,0.064412,0.0218131787,-1.2064964662,-2.978022
-0.174181,-0.038608,0.059173,-1.0046497951,-0.4663524889,-3.366771
-0.184498,-0.067684,0.061185,-1.3236763927,-0.9129787650,-3.022640
-0.175609,-0.064589,0.071033,-1.6100050226,-0.5202404996,-2.194658
-0.169730,-0.073855,0.059003,-1.8634680282,-0.7150633032,-0.901954
-0.174474,-0.078070,0.054696,-1.0564114874,-0.6912363698,-0.204013
-0.193915,-0.119143,0.045742,-2.0300504014,-0.0913504372,0.182774
-0.185378,-0.119504,0.048824,-1.9006030879,0.4095428868,0.636604
-0.193512,-0.148091,0.033226,-2.1334393389,0.7433946702,1.167378
-0.205972,-0.167011,0.028246,-2.0265635669,0.8324649373,1.003506
-0.200369,-0.194012,0.016347,-0.0541854820,-0.8880620079,1.704514
-0.219696,-0.199940,0.015842,-1.3346701049,-0.0670984330,1.590350
-0.236643,-0.232167,0.015028,-1.7892039832,-0.1421702041,1.732641
-0.248578,-0.228058,0.017368,-1.2987983290,-0.7212326945,1.981735
-0.278159,-0.278624,0.021143,-1.7234942780,-0.8598256561,1.752946
-0.280611,-0.268737,0.036377,-3.6728521393,1.0243614861,2.418208
-0.275300,-0.275348,0.017982,-2.2593485035,0.2128115999,4.076867
-0.284376,-0.286426,-0.003193,-1.5316409224,-0.3832618966,4.099257
-0.323680,-0.304184,0.000431,-1.2859662613,-0.3771389014,4.021545
-0.338428,-0.318328,-0.015847,-1.3788138476,0.2206943618,3.699426
-0.349158,-0.324122,0.004084,-1.0386197148,0.3241138842,4.400909
-0.359550,-0.344725,-0.010982,-1.0494287297,0.1371361213,3.005269
-0.370100,-0.328730,-0.004621,-1.1912304014,0.2596404213,4.063110
-0.382472,-0.341745,-0.014642,-0.8836431845,0.1344771086,4.079686
-0.392660,-0.320275,-0.011869,-1.0548541728,-0.4952290218,4.700319
-0.382610,-0.322018,-0.014252,-1.2373574040,-0.8093518908,5.624313
-0.425642,-0.364837,-0.009512,-1.8172572425,-0.4041698745,3.598182
-0.430468,-0.339838,-0.015821,-2.8742060891,0.4093610222,4.482054
-0.439517,-0.344699,-0.041900,-2.2987746798,0.1826474595,3.721926
-0.454403,-0.326626,-0.041607,-1.3624932412,0.6159664812,4.529120
-0.448219,-0.319523,-0.060166,-1.0754910558,0.3637728483,3.935264
-0.470648,-0.326514,-0.052942,-1.3262053377,0.4814069738,3.716890
-0.452890,-0.307361,-0.054205,-1.2539990840,0.7730818739,3.890219
-0.491029,-0.352695,-0.055361,-1.4969848213,0.5025342314,1.723944
-0.490549,-0.339382,-0.059805,-1.5294976551,-0.0280536487,2.146774
-0.482353,-0.306501,-0.046587,-1.3516409467,-0.3786707933,1.825742
-0.485465,-0.290857,-0.041043,-1.5038870353,-0.8596127540,2.525958
-0.491468,-0.278489,-0.048251,-1.6095197181,-0.6652439275,1.717463
-0.486509,-0.251800,-0.052843,-1.7188458085,-0.5733562706,3.011581
-0.475726,-0.216687,-0.055551,-2.0198307393,0.2286565368,3.173976
-0.475138,-0.215982,-0.057764,-1.2327590929,-0.3409073824,3.428913
-0.473500,-0.216188,-0.103337,-0.7110356036,-0.5050777914,2.157516
-0.481102,-0.206591,-0.076103,0.7088597186,-1.0580669520,1.880819
-0.483085,-0.226078,-0.092692,0.0362561256,-1.2889345485,0.263785
-0.477341,-0.191143,-0.059172,-0.7392167588,-0.6739289841,0.645267
-0.466440,-0.174774,-0.052236,-0.4422186138,-0.7798151072,1.146521
-0.452224,-0.157636,-0.044575,-1.2941486337,-0.7151691861,0.842846
-0.445429,-0.158549,-0.049216,-1.2545704242,-0.7934857164,0.307743
-0.422304,-0.129604,-0.050900,-1.1784404635,-0.7172627564,1.408873
-0.414049,-0.142865,-0.056119,-1.3959624265,-0.5286678482,0.514928
-0.403256,-0.113412,-0.068950,-0.6566279404,-1.0998049545,0.718984
-0.387435,-0.111922,-0.077918,-1.3850531272,-0.2938463875,1.041736
-0.364684,-0.086230,-0.083275,-0.0419460791,-0.7880507402,0.873393
-0.356869,-0.116803,-0.079986,-0.6687591962,-0.9266869059,-0.183283
-0.344071,-0.090917,-0.073631,-1.6172213452,-0.1719595369,-0.216104
-0.321346,-0.078536,-0.081647,-0.6957879432,-1.0346740690,0.371863
-0.315576,-0.069276,-0.100924,-1.2083750221,-0.8147249329,0.158967
-0.300020,-0.056865,-0.062241,-2.0940872479,-0.2208115088,0.759906
-0.275697,-0.067543,-0.063212,-1.9771008037,-0.5486670438,0.420857
-0.263198,-0.071682,-0.050880,-2.5559918627,-0.3895417700,0.485223
-0.238304,-0.055717,-0.058525,-1.9691910443,-0.4604489385,0.671908
-0.238822,-0.052969,-0.057711,-2.1952396095,-0.2080345385,0.478891
-0.220927,-0.050803,-0.071799,-2.0941096083,-0.1841322381,0.874665
-0.203874,-0.041421,-0.085848,-1.1988486835,-0.5266608304,0.377579
-0.199998,-0.055067,-0.059585,-1.8255746450,0.1385459618,0.452074
-0.183218,-0.043302,-0.080911,-1.7821309969,-0.2236314324,0.049624
-0.208988,-0.083768,-0.045546,-2.1554691525,-0.0362580862,-1.344421
-0.163234,-0.054220,-0.049735,-1.9082884607,-0.3854745694,0.657585
-0.162893,-0.054397,-0.030125,-1.9596755011,-0.6958355342,0.011122
-0.161426,-0.086299,-0.028058,-1.9931295306,-0.9599236131,-0.802585
-0.147725,-0.065886,-0.020665,-2.4761684062,-0.6613394877,-0.080852
-0.132787,-0.064362,-0.027457,-1.9064028591,-0.5306606116,0.483337
-0.119503,-0.064497,-0.033690,-1.6163180617,-0.3796170040,0.126389
-0.122266,-0.084884,-0.044956,-1.7328455251,-0.2190284911,0.296616
-0.117231,-0.080588,-0.057435,-0.5792974858,-0.5922646782,-0.264330
-0.124859,-0.095503,-0.058374,0.1815505591,-1.2628732076,-0.236606
-0.119969,-0.094302,-0.069242,-1.1286122803,-0.6214458115,0.572161
-0.133673,-0.106358,-0.025737,-2.0708889785,-0.1898749275,-0.261933
-0.113952,-0.106703,-0.018259,-2.0769724034,0.0810382714,-0.445402
-0.129491,-0.113179,-0.027250,-2.2092185823,-0.1751908295,0.204386
-0.120661,-0.113911,-0.021890,-1.6167688039,-0.3474697125,0.271992
-0.133197,-0.108833,-0.021860,-2.0043407890,-0.1901440822,0.253452
-0.124357,-0.131272,-0.022520,-1.7118421601,-0.0081035959,0.007703
-0.139453,-0.128357,-0.028146,-1.9521802179,0.5368746770,-0.181812
-0.146527,-0.145944,-0.022789,-2.6479775247,1.0414483899,-0.317298
-0.145066,-0.143171,-0.063465,-1.4705251099,0.1955537958,-0.868406
-0.168454,-0.164103,-0.039841,0.0824862547,-0.5413376159,-1.219339
-0.172750,-0.162603,-0.039704,-1.0069552265,-0.2275896133,-1.374244
-0.209277,-0.182035,0.000352,-1.3298247707,0.2623299321,-1.689036
-0.197953,-0.179819,-0.022497,-1.4704167747,-0.2746785621,-1.703653
-0.220605,-0.190323,0.018911,-1.5319438234,0.2568214636,-1.901282
-0.218412,-0.186239,-0.007844,-1.4533880448,-0.2088079366,-1.992524
-0.233715,-0.196001,0.017585,-1.0376354531,-0.1803853245,-1.720059
-0.235881,-0.203334,-0.022412,-0.5887138063,-0.3435362237,-1.930660
-0.250295,-0.211977,0.011351,-0.2356611358,0.2191189393,-2.142118
-0.247459,-0.221073,-0.018433,-0.3935407312,0.1036994587,-2.644328
-0.267166,-0.230369,0.017847,-0.2337745943,0.3402005251,-2.914102
-0.262814,-0.223065,0.008673,-0.1368901526,-0.2425666993,-2.630867
-0.277975,-0.224115,0.024770,-0.8475922640,-0.1596048654,-2.710611
-0.262239,-0.228836,0.010534,-0.2286872467,-0.7090639304,-2.313974
-0.265942,-0.233444,0.016433,-0.3526653471,-0.3706222993,-2.193735
-0.255156,-0.229551,0.005381,-0.1671095371,0.0356337913,-2.600196
-0.267885,-0.236274,0.017102,-0.9063611078,0.7960685113,-2.469505
-0.258169,-0.239290,-0.005635,-0.0328731517,0.2422060311,-2.256091
-0.254112,-0.241837,-0.017905,-0.3339098159,0.0601332337,-2.713525
-0.247468,-0.233132,-0.013533,-0.4726995518,-0.0985516403,-2.594799
-0.254933,-0.241174,0.018284,-1.0052207310,-0.1650293789,-2.643950
-0.237267,-0.228061,0.015832,-1.5843282045,0.2872630539,-2.465651
-0.253055,-0.233405,0.034814,-2.4748961165,0.9511961828,-2.594257
-0.226661,-0.216934,0.006871,-2.4754490709,1.3832764376,-1.865900
-0.220874,-0.206814,0.015435,-1.8322743626,0.8597117106,-1.509910
-0.207620,-0.208160,-0.004463,-0.9029319601,0.7176359693,-0.941641
-0.210150,-0.213648,-0.007214,-0.6810355598,0.5536798087,-1.899184
-0.206924,-0.194997,-0.013001,-0.5334176989,0.7874074438,-0.973425
-0.199857,-0.194981,0.002193,-0.9767586267,0.8770104318,-2.040355
-0.194109,-0.188833,-0.005258,-1.1553567141,0.6088774703,-1.351906
-0.187268,-0.183535,0.002348,-1.3107700687,0.2090516439,-1.627310
-0.175783,-0.176550,0.005338,-0.9600765978,-0.3798014465,-1.540007
-0.186986,-0.165035,0.013669,-1.7300585202,-0.2489092571,-1.364052
-0.163596,-0.167149,0.008351,-1.3776047071,-0.2626893454,-1.725051
-0.163031,-0.145540,0.017332,-0.7195146789,-0.3930619807,-1.253795
-0.143816,-0.140810,0.005922,-0.1170553373,-0.5662077916,-0.865958
-0.149832,-0.128383,0.002883,-0.3280455341,-0.5642435323,-1.108209
-0.142972,-0.124316,0.011509,-0.7404090395,-0.1667300747,-1.018920
-0.159066,-0.118145,0.011410,-1.7960310787,0.1922109197,-1.522338
-0.142069,-0.112801,0.022827,-1.0847009455,-0.5874891487,-1.232843
-0.160589,-0.115063,0.039777,-2.3273148262,0.1039604759,-1.202664
-0.148398,-0.095651,0.046034,-3.3483411957,0.8673609280,-0.756781
-0.162870,-0.098076,0.035618,-2.9537316710,0.2727146738,-0.658492
-0.139023,-0.084966,0.017125,-2.3339838451,-0.1377166038,-0.341753
-0.153299,-0.078543,0.013803,-2.3794547286,0.1176055158,0.001777
-0.153824,-0.065987,-0.009118,-2.1312750070,0.3890954030,0.141819
-0.177802,-0.066427,0.001327,-2.2481101730,0.6567429593,-0.142923
-0.156230,-0.057167,-0.011127,-1.5521486491,0.5025456789,-0.927813
-0.189530,-0.065137,0.002131,-2.5939461604,0.6779074582,-0.575168
-0.168851,-0.056675,-0.009873,-2.2233709375,0.1181425722,-0.632755
-0.199371,-0.071433,0.009947,-2.5801198836,0.3871952720,-0.768396
-0.192064,-0.066220,-0.015085,-2.3168428250,-0.6301634861,-0.678365
-0.230941,-0.078792,0.012021,-2.7701478268,-0.2739227805,-1.446046
-0.237821,-0.068708,-0.013287,-3.1177740817,-0.4901911160,-0.529001
-0.254581,-0.081214,-0.002468,-2.5907984641,-0.7747125720,-0.926521
-0.253357,-0.067825,-0.032098,-1.7654901700,-1.4970506747,-0.567472
-0.282118,-0.079153,0.000290,-3.2855911462,0.4528592018,-0.293779
-0.290350,-0.065101,-0.010221,-2.6953431085,0.2744567922,-0.620480
-0.301294,-0.081641,-0.017619,-2.1757929665,-0.0009139648,-0.456870
-0.323979,-0.077049,-0.029699,-1.4863953079,-0.5121481935,-0.577048
-0.336895,-0.106315,-0.045688,-1.4320821377,-0.6205810231,-0.591461
-0.341395,-0.100479,-0.037997,-0.6950616946,-0.4340301694,-1.036737
-0.349382,-0.124408,-0.034987,-0.8590725627,-0.6006333260,-0.844504
-0.370603,-0.120259,-0.023528,-1.1532593836,-0.3140038468,-1.003834
-0.381648,-0.132260,-0.030496,-1.6401728151,-0.5467906489,-0.435735
-0.393146,-0.131488,-0.032705,-1.5825771023,-0.8583679481,-0.564181
-0.402521,-0.156694,-0.042077,-1.7412945210,-1.2100565814,-0.551510
-0.407461,-0.150579,-0.056057,-1.6060628324,-1.3901504258,-0.137490
-0.433822,-0.169637,-0.027401,-2.0111491853,-0.3390505706,0.322899
-0.432952,-0.183620,-0.052075,-1.8505345608,-0.4647758805,0.275832
-0.445524,-0.192663,-0.043754,-1.2022691371,-0.2337592299,0.594931
-0.442787,-0.189732,-0.073365,-0.8678311205,-1.0113495931,0.936423
-0.463768,-0.228061,-0.059996,-1.5662844512,-0.3347162486,0.940802
-0.457630,-0.224953,-0.063892,-0.8336151489,-1.5426757919,1.214807
-0.478247,-0.250631,-0.051937,-1.3821745282,-0.8805085077,0.830036
-0.470083,-0.246288,-0.043157,-2.7567215445,-0.2434457775,1.626093
-0.482094,-0.273720,-0.040803,-2.4545656232,-0.1991883698,1.551720
-0.469079,-0.269732,-0.045235,-1.9878109936,-0.5952556368,2.753999
-0.483321,-0.287601,-0.043833,-1.7645418869,-0.5406782001,3.238405
-0.482540,-0.280029,-0.043124,-1.5174743975,-0.3378547557,3.443754
-0.487208,-0.311602,-0.066951,-1.2471564237,-0.5660662909,3.009626
-0.494639,-0.307683,-0.058167,-1.4345278275,-0.1011310821,3.336579
-0.490773,-0.327181,-0.063015,-1.3758099571,-0.1517207473,3.148627
-0.496494,-0.319753,-0.049282,-1.2823724680,-0.1137342687,3.462468
-0.484162,-0.342979,-0.062352,0.5184020372,-1.6092253328,3.406256
-0.509223,-0.350132,-0.055561,-1.2567996186,-0.5501087943,3.733262
-0.506728,-0.370955,-0.036989,-0.8746359918,-0.9756399759,3.037162
-0.505891,-0.368077,-0.049157,-1.3007834732,-0.6816650653,3.642283
-0.500344,-0.377770,-0.026361,-1.4737540293,-0.0218688566,3.903605
-0.511009,-0.368159,-0.022904,-1.5409085836,-0.3260039566,4.498934
-0.504867,-0.374212,-0.039359,-1.3000845233,-0.2271304485,4.646707
-0.508058,-0.371103,-0.049754,-1.3573119219,-0.0766352104,4.587376
-0.495178,-0.391973,-0.062907,-0.9448121159,0.0454814117,4.916727
-0.504493,-0.378597,-0.060028,-1.1686201972,0.4586044438,4.426901
-0.491718,-0.388671,-0.070532,-0.7503871240,0.1789653760,5.073880
-0.494951,-0.375676,-0.076936,-0.4635981507,0.5957724486,4.573817
-0.481099,-0.374346,-0.078509,0.0032612770,-0.6259893025,4.277570
-0.481490,-0.365927,-0.061145,-0.6066058371,-0.4554001300,4.178651
-0.465104,-0.370644,-0.056887,-0.4304112360,-0.7623441289,4.132940
-0.469187,-0.351569,-0.036989,-1.6334665096,0.0783190129,4.084891
-0.459192,-0.353936,-0.065139,-0.4463247507,-0.8495231450,4.123962
-0.451991,-0.326587,-0.061371,-0.9347009016,0.2100405485,3.854349
-0.441618,-0.321676,-0.068130,-1.5245511210,0.6730039996,3.952208
-0.428948,-0.295282,-0.083925,-0.3514550745,0.3250199544,3.635367
-0.428652,-0.296480,-0.087558,-0.1590114075,-0.2411318367,3.279791
-0.425665,-0.263341,-0.082182,0.1657605689,0.0681697272,3.075701
-0.414850,-0.254839,-0.088303,-0.0974205894,0.0074065895,3.110039
-0.386302,-0.227739,-0.077570,0.1922376940,-0.1230285469,2.113960
-0.385974,-0.223154,-0.068701,1.1281563023,-1.1875819655,1.796318
-0.360657,-0.199963,-0.078088,0.0255388527,-0.7920754095,1.288360
-0.367783,-0.194977,-0.049866,0.2377569178,-1.0164649386,0.666263
-0.336377,-0.169036,-0.054731,-0.0727186162,-1.3648083379,0.718128
-0.328765,-0.154866,-0.017045,-0.7298892057,-0.8312231882,0.739530
-0.275212,-0.127234,-0.037774,1.8194770014,-2.1112053904,0.667589
-0.274663,-0.104736,-0.014872,-0.8233969704,-0.0847613875,0.625813
-0.241192,-0.078044,-0.027634,-0.4933123797,-0.0243501057,0.079517
-0.228696,-0.059826,-0.037990,-0.6749212108,-0.2120658283,0.391339
-0.196443,-0.035398,-0.033917,0.0433113885,-0.4326624746,0.228241
-0.172813,-0.015658,-0.055095,0.3370400285,-0.1591535464,-0.418971
-0.140563,-0.012126,-0.041342,0.2468389411,-0.7172624127,-0.920868
-0.121370,0.016717,-0.043702,0.0112944793,-0.4143333880,-1.308199
-0.088388,0.028731,-0.019720,-0.5441060430,-0.7642593111,-0.661966
-0.073860,0.050136,-0.021253,-1.0174062158,-0.6793852577,-1.036814
-0.037753,0.058588,-0.013457,-0.7372411115,-0.9954470625,-1.199406
-0.011461,0.085458,-0.023200,-0.9473543022,-0.7623977842,-1.211981
0.014290,0.091635,-0.024184,-1.4797294020,-0.8399145058,-1.292111
0.039272,0.114603,-0.011691,-1.1765036228,-0.4193620499,-1.032106
0.059046,0.119057,-0.028855,-0.7484193276,-0.1725623008,-1.377372
0.082604,0.132160,-0.007358,-1.6367158686,0.3317869580,-1.392708
0.104205,0.132689,-0.040321,-1.0292475517,0.0075549468,-1.468115
0.133977,0.141663,-0.050129,-0.2863161442,-0.6034441087,-2.051643
0.149710,0.129039,-0.050342,0.4643615056,-1.1210522792,-2.456568
0.152008,0.139464,-0.040646,-0.7795016019,-0.4633503790,-2.870605
0.154062,0.141502,-0.014370,-0.8714928579,-0.3113899083,-2.822649
0.179593,0.152928,-0.023577,-1.5341797347,-0.5506052485,-3.084200
0.178106,0.132735,0.014266,-1.5865029665,-0.3630257443,-3.629544
0.196793,0.147407,-0.010313,-1.8646747340,-0.1495413789,-3.411678
0.191564,0.133565,0.008187,-1.9877079552,-0.1200611690,-3.958798
0.205318,0.131954,-0.001614,-1.7260067040,-0.4993533055,-3.649002
0.198832,0.125513,0.012054,-2.0920526947,0.1609864407,-3.941490
0.221786,0.138148,0.004885,-1.3154884484,0.0536291707,-3.387201
0.204717,0.128202,-0.007641,-1.9022616198,0.6943362253,-4.050109
0.214354,0.115532,-0.013907,-1.1645836464,0.6237759549,-4.009419
0.201687,0.110798,-0.025530,-1.2836239249,0.6472061443,-4.249753
0.198425,0.094498,-0.030404,-0.7565472964,0.5518956443,-4.834454
0.185699,0.090900,-0.030470,-0.8025956829,0.4235254992,-4.813089
0.179068,0.066544,-0.038548,-0.9366966262,0.4051778522,-5.007002
0.165567,0.065645,-0.017718,-1.1345653479,0.6029911729,-5.538340
0.152736,0.033467,-0.024056,-1.1273938756,0.0686965273,-5.534943
0.131463,0.023019,-0.012650,-1.5346497412,0.0427006765,-5.964604
0.116475,0.006758,-0.022940,-0.7228555121,-0.4571704735,-5.760062
0.094309,0.004339,-0.012410,-1.0751101894,-0.0813554718,-5.646720
0.058218,-0.020325,-0.000370,-4.0439750451,2.1587617573,-5.450604
0.060766,-0.021317,-0.005537,-1.2941102267,0.9430013367,-5.618701
0.032934,-0.066670,-0.021105,-0.9146923517,0.5413503736,-6.150686
0.019640,-0.069240,-0.049246,0.5053681340,0.3294232846,-5.936182
-0.003143,-0.096163,-0.044132,0.8415574727,-0.0097776997,-5.841819
-0.039880,-0.106171,-0.039753,0.8570050606,-0.2092796926,-6.513541
-0.064827,-0.137837,-0.036313,0.1253554573,0.3433020210,-6.666049
-0.081728,-0.151876,-0.025688,0.4117354195,0.7150786658,-6.795581
-0.095147,-0.174222,-0.023190,0.1438282232,0.6173177901,-6.452678
-0.123415,-0.187211,-0.008583,-0.0609639187,-0.2200086046,-6.104920
-0.147764,-0.210270,-0.005635,0.1851926284,-0.2560309585,-5.803927
-0.183051,-0.223141,-0.003032,-0.0100349326,-0.5297010131,-5.881475
-0.173922,-0.244381,-0.008530,0.5168806530,-0.4354864475,-5.171772
-0.209366,-0.263833,0.004718,-0.5330064024,0.3261038302,-5.213380
-0.219561,-0.276900,0.000336,-1.0650705016,0.8489857776,-4.223141
-0.231512,-0.279782,-0.002871,-0.4778828706,0.8738085881,-4.235818
-0.249671,-0.300344,-0.019467,0.0792384087,0.1833269497,-3.581499
-0.250495,-0.310949,-0.031307,1.0226963117,0.0921079726,-3.531445
-0.268712,-0.344305,-0.019904,0.9344860412,0.6038333023,-3.326536
-0.262440,-0.337855,-0.047749,0.4744423308,0.5412622223,-2.668082
-0.292385,-0.363009,-0.011363,0.0473184610,1.0444159785,-2.225287
-0.276140,-0.347630,-0.011567,0.4801226954,0.2200809023,-1.150738
-0.292595,-0.362677,0.010705,-0.4145841220,0.5011112366,-0.941903
-0.300831,-0.382319,0.013058,-2.4056030493,1.2972292958,-0.636340
-0.280779,-0.389416,0.004974,-0.7035033074,0.4648185283,0.231849
-0.272999,-0.382257,-0.018043,0.0200771427,0.6105426312,1.135028
-0.266795,-0.383002,-0.032584,-0.4617901850,0.5853859371,1.471859
-0.278402,-0.384200,-0.017780,0.0817736588,0.5345861317,1.976278
-0.258432,-0.376746,-0.050542,1.2220490345,-0.2024149829,2.276063
-0.279951,-0.386508,-0.016966,0.3564518171,0.4589046577,2.469327
-0.272077,-0.369209,-0.027017,-0.0120452904,0.4433549450,2.962343
-0.273629,-0.369688,-0.001007,-0.5914242198,0.7915612024,3.791493
-0.256810,-0.352751,-0.008127,-0.6044154730,0.4724996919,4.159192
-0.268919,-0.355528,-0.000094,-1.4134434611,0.2845941118,4.800403
-0.240083,-0.324305,0.000444,-0.6324941579,-0.2542280170,5.469913
-0.262151,-0.312738,0.019147,-1.7615392229,0.3818705664,6.090251
-0.234897,-0.299329,-0.001391,-0.9250012820,0.0198107826,6.222914
-0.250288,-0.278450,0.013321,-3.1856211330,1.7808583440,6.722251
-0.231624,-0.268668,-0.009535,-1.2657890281,0.3810690917,7.121471
-0.228063,-0.232322,-0.023682,-0.5799667303,-0.0115858436,7.097726
-0.231427,-0.222103,-0.029561,-0.2802886020,-0.3995040994,7.044195
-0.227908,-0.195240,-0.026607,-1.0688197020,-0.4198100280,6.954788
-0.245207,-0.188468,0.004639,-1.6796528627,0.0481619028,6.545980
-0.229523,-0.158168,0.014407,-1.9671770146,0.0040974633,6.998559
-0.236800,-0.136353,0.017700,-1.8710644867,-0.6755907553,6.929975
-0.231073,-0.105948,0.013002,-1.6359241269,-0.8556157052,7.457466
-0.232829,-0.070750,-0.006049,-0.9929539545,-1.5851786988,7.399156
-0.241225,-0.062032,-0.006873,-2.0662391237,-1.0603331428,7.101107
-0.245926,-0.042977,0.014135,-3.0480738436,-0.1891827624,6.258085
-0.259249,-0.015904,0.015543,-2.6264063771,-0.2812732864,6.435995
-0.263083,0.011255,-0.001194,-1.5468153941,-2.0778308524,5.647694
-0.289822,0.031938,-0.012630,-1.4405385610,-0.9015459779,5.749223
-0.283099,0.040961,-0.020373,-0.1152242484,-1.8775602525,5.244245
-0.294591,0.053943,-0.006505,-1.4853184569,-1.2042750328,4.248514
-0.292113,0.060370,0.009766,-1.2096448354,-1.3395803140,4.196773
-0.308860,0.087953,0.017696,-1.3326370573,-1.8128930912,3.972352
-0.330724,0.100954,0.018176,-1.8808032559,-1.7400867982,4.198387
-0.326766,0.118381,0.012215,-1.3039493852,-2.2744705857,3.698277
-0.338067,0.110349,0.024990,-1.6273528770,-1.9116258648,3.008000
-0.330370,0.117019,-0.001293,-1.3562392887,-1.6434533553,2.286986
-0.340650,0.113237,0.000910,0.0477421433,-2.1893561821,2.088956
-0.360512,0.127880,-0.012686,-1.5140840982,-0.9211345850,1.901611
-0.384596,0.121624,-0.007257,-1.0425775099,-1.5598552180,1.580962
-0.372290,0.122622,-0.036234,0.4757180207,-2.0710882181,1.373614
-0.380745,0.107992,-0.030240,0.0006942588,-1.9243975085,0.590440
-0.379206,0.088970,-0.019336,-0.2699549006,-1.7265516036,-0.156951
-0.396432,0.081742,-0.004516,-0.7219987788,-1.4395785679,-0.431747
-0.381907,0.079825,-0.028556,-0.7286365724,-1.5969135637,0.488646
-0.382639,0.076792,-0.031353,-0.7924190847,-1.4759041156,0.281704
-0.370379,0.050651,-0.048803,-0.5275318671,-2.0901419965,0.826915
-0.363102,0.031908,-0.042484,-0.5770977416,-1.8582066094,-0.189384
-0.356009,0.001844,-0.057613,-0.3348778566,-1.6081734619,-0.152042
-0.352782,-0.000122,-0.069209,-1.1211295386,-0.8082733227,-0.217661
-0.341041,-0.023148,-0.060527,-0.2662001530,-0.7622061900,0.319714
-0.329093,-0.026316,-0.110532,-0.6134093251,-0.6525101169,0.637132
-0.327589,-0.049907,-0.099211,0.6819151999,-0.8568462273,0.531067
-0.317378,-0.082934,-0.104696,0.2467073909,0.1238177357,-0.001692
-0.301012,-0.101054,-0.117494,0.0547807115,0.1273549757,0.102382
-0.269727,-0.133993,-0.132587,0.5580111810,-0.1286862833,0.107549
-0.261113,-0.136924,-0.118528,0.2253219232,0.1859530190,0.157630
-0.255875,-0.170004,-0.127190,-0.3297768283,0.1249517782,0.361375
-0.239069,-0.165875,-0.142894,-0.2880306741,-0.4854957616,0.613916
-0.238635,-0.204595,-0.105146,-0.4272894567,-0.2287730485,0.107702
-0.202660,-0.214196,-0.119191,0.0138386031,-0.1496368363,0.267961
-0.188112,-0.231577,-0.093536,-1.2814478511,0.7868752147,0.010133
-0.153830,-0.240803,-0.103521,-0.4859852780,0.9867928068,1.032721
-0.139059,-0.236737,-0.120557,-0.9201433755,1.1415689233,1.182988
-0.136332,-0.247191,-0.139572,-0.8088623014,1.0620613976,1.349379
-0.108779,-0.248675,-0.142828,-0.3953275930,1.0168325232,1.077170
-0.108345,-0.263676,-0.127988,-0.1794804730,1.3924167019,0.514412
-0.073617,-0.251192,-0.146192,0.1205055528,1.1674117401,0.280555
-0.075052,-0.263052,-0.113421,-0.2868491154,1.5777707579,0.125306
-0.041256,-0.260035,-0.124069,-0.1256179105,1.1586333967,-0.046122
-0.031806,-0.246242,-0.107621,-0.1990246634,0.7205831711,0.023810
-0.018748,-0.261207,-0.100718,-0.4634159898,0.4936679606,-0.323718
-0.003964,-0.244493,-0.094366,-0.7897662164,0.3849287870,-0.313506
-0.003114,-0.249308,-0.062293,-0.7180863709,0.4170099213,-0.860988
0.020464,-0.227378,-0.074973,-0.5449009874,0.3887178046,-0.516981
0.028982,-0.217042,-0.066236,-0.7741429563,0.8430970673,-0.852834
0.039784,-0.213963,-0.065497,-1.3158014471,1.2904410410,-0.808813
0.049704,-0.179520,-0.082359,-0.7693938557,1.6782347509,-1.112980
0.056177,-0.185878,-0.070358,-0.4712331906,0.9812201716,-1.272530
0.060529,-0.168564,-0.073552,-0.3487199910,0.7799632580,-1.828549
0.046651,-0.170549,-0.064063,-0.1074583285,0.5519147154,-2.178618
0.062085,-0.149624,-0.064598,-0.5286074202,0.2491470910,-2.994892
0.048112,-0.143368,-0.022205,-1.4667934726,1.0945391812,-3.032653
0.064856,-0.120039,-0.016237,-1.0692857002,0.3507828394,-3.414151
0.066218,-0.093685,0.000191,-1.1902114312,0.5662313293,-3.572178
0.073436,-0.086604,-0.007470,-1.0902717882,0.2698718688,-3.802169
0.066510,-0.071827,-0.007615,-1.1422541994,0.5231856915,-3.996664
0.061123,-0.076938,-0.020449,-0.8689987849,-0.2049600471,-4.422094
0.068844,-0.046647,-0.036510,-0.7634096981,-0.3011483841,-4.513412
0.043497,-0.036623,0.014184,-1.0868703735,0.7671312918,-5.013928
0.054220,-0.026234,0.007652,-0.7509523882,0.3655403095,-4.629588
0.052198,-0.009871,0.016203,-0.3509392205,0.6835014397,-4.845376
0.057043,-0.008755,-0.013605,0.8793541341,-0.1506919618,-5.300574
0.046123,-0.009795,0.015136,0.0368266380,0.1733756081,-5.960315
0.040142,-0.012283,0.014210,0.0255668509,-0.0126329152,-5.909375
0.034795,0.007562,0.004632,-0.3046548442,-0.0785976689,-5.693837
0.015688,0.008993,0.047133,-0.5499400135,0.1875799555,-5.490422
0.023766,0.010205,0.034699,-0.7919513317,0.0145280563,-5.608776
0.010991,0.011875,0.049362,-1.1159110414,0.1287173796,-5.302886
0.015320,0.002757,0.058615,-0.4291517360,-0.4850806110,-5.838518
0.011893,0.015795,0.057801,-0.5324728529,-0.6869620348,-5.448682
0.014864,0.002845,0.052510,-0.7039337881,-0.7188450861,-5.443453
0.002138,0.003719,0.066982,-1.1992424555,-0.1344888634,-4.773307
-0.016244,0.006036,0.047622,-2.5340156980,0.7835680640,-4.144579
-0.016706,0.006167,0.039003,-2.0943442658,0.7134053230,-3.924692
-0.015144,-0.014085,0.033925,-1.3482215171,0.4013378326,-3.874365
-0.033056,-0.018533,0.030101,-0.8656359647,0.3218785282,-4.175605
-0.047942,-0.027481,0.031099,-0.8566835896,0.2632864969,-3.689453
-0.044148,-0.009615,0.028738,-0.8289586596,0.7641534843,-2.972135
-0.068513,-0.033173,0.038261,-0.3831440185,0.2504510934,-2.858497
-0.058318,-0.038989,0.035425,-0.0402678128,0.3737141024,-2.642923
-0.080812,-0.065019,0.047422,-0.9188474230,-0.0505404210,-3.025215
-0.073614,-0.083535,0.034391,-0.2506758985,-0.5942793924,-2.885216
-0.095423,-0.076954,0.031506,-0.8608290947,0.3210662714,-2.023809
-0.111658,-0.089965,0.036528,-0.9409861489,-0.1778538191,-1.420739
-0.131890,-0.080000,0.049969,-1.4233127957,0.4516119228,-1.285349
-0.146110,-0.105465,0.044153,-1.4800839992,-0.0928286861,-1.174829
-0.146231,-0.103187,0.026677,-1.3210395594,-0.1520916358,-1.158099
-0.209123,-0.120650,0.080726,-7.5271875170,4.6467467824,-0.747151
-0.181974,-0.121323,0.014017,-1.2343997808,0.2882708628,-0.425025
-0.200021,-0.127175,0.031929,-0.9212925422,0.4479225083,0.206010
-0.211037,-0.138792,0.029543,-0.9575348931,0.8692429151,0.418870
-0.222574,-0.140328,0.008302,-0.8420546973,0.6013164815,0.228298
-0.235484,-0.157055,0.013751,-0.3458172134,-0.0200529837,0.264182
-0.247610,-0.159904,-0.043321,-0.6586009579,-1.2238723211,0.180673
-0.280834,-0.170434,0.003034,-1.1087202962,-0.4561538844,0.236825
-0.284931,-0.171941,0.029474,-0.7674556642,-0.0385822030,0.698635
-0.316899,-0.174255,0.038284,-1.7289858422,-0.3347593242,0.628269
-0.313061,-0.182714,0.018051,-1.4346021740,-0.3095358541,1.531521
-0.335428,-0.178989,0.028368,-1.4899422688,0.2004122900,1.379245
-0.337821,-0.191235,0.018435,-1.2415064791,-0.4609122997,1.558023
-0.347819,-0.182448,-0.008540,-1.1637142125,-0.6730921416,1.693151
-0.374509,-0.193031,-0.001772,-1.0862659893,-0.6890998841,1.813419
-0.381129,-0.181736,-0.041017,-0.7100601479,-0.9689622526,2.236726
-0.409703,-0.196353,0.007892,-0.7186622478,0.0706204733,2.097356
-0.399672,-0.188760,-0.026567,-0.6586138043,-0.1665425716,2.424665
-0.422921,-0.195775,-0.012742,-1.2503315770,0.8328921823,2.163271
-0.407008,-0.184273,-0.030411,0.1319038071,-0.6629839044,2.497272
-0.422462,-0.175972,-0.015607,0.1838424356,-0.6834455609,2.553421
-0.438270,-0.195361,-0.023938,-0.4888410519,-1.2082295386,2.538119
-0.439603,-0.180692,-0.031228,-0.4356785096,-1.4627293145,2.216114
-0.447796,-0.199507,-0.015456,-0.3407719766,-1.5983803773,2.065874
-0.438595,-0.177055,-0.023764,-0.9428451852,-1.0385577645,2.417521
-0.447195,-0.169880,-0.017820,-1.4512131776,-0.6011329563,2.749025
-0.429749,-0.165370,-0.014908,-1.1040550098,-0.6005233713,3.217527
-0.428131,-0.149164,-0.016733,-0.6258201625,-0.8058423179,3.874189
-0.431282,-0.156116,-0.037340,-0.6909339693,-0.7538647394,3.811307
-0.423502,-0.147710,-0.046331,-0.3094339425,-0.6836093100,3.656179
-0.427110,-0.158388,-0.036726,-0.2173435556,-0.3695540810,3.400438
-0.406194,-0.145836,-0.066419,-0.2000602587,-0.4089705326,2.974850
-0.409782,-0.146187,-0.034734,-0.8338351918,-0.2455429173,3.266203
-0.379560,-0.146496,-0.057517,-0.4602058984,-1.0700979980,3.677348
-0.378086,-0.125862,-0.019375,-0.7152815480,-0.8277819829,3.549133
-0.362856,-0.141103,-0.033034,-0.2303132775,-1.2792942983,3.640401
-0.353836,-0.134337,-0.026889,-0.9224233129,-1.4960500441,3.570709
-0.355720,-0.150809,-0.020012,-2.1469749662,-1.0020497241,3.324421
-0.334499,-0.132598,-0.034895,-3.0938911779,-0.4173127133,3.763949
-0.329444,-0.137571,-0.017370,-1.9590330300,-0.2951847416,3.751296
-0.292136,-0.114955,-0.036986,-1.4050270488,-0.7052662346,4.494548
-0.291345,-0.127251,-0.038981,-1.5506848573,-0.4882969593,4.114048
-0.268601,-0.130901,-0.044338,-1.2198219040,-0.6008935139,4.517096
-0.254453,-0.123824,-0.054274,-0.1169257041,-0.9718492602,3.682346
-0.241061,-0.129220,-0.072495,0.2206899722,-1.3649137554,3.507914
-0.234631,-0.129302,-0.063252,-0.8218548808,-1.1370204099,3.402085
-0.237509,-0.147096,-0.061391,-1.3650943469,-1.3435527659,3.499107
-0.209944,-0.138089,-0.071760,-1.7450015796,-1.1099953951,2.927280
-0.211151,-0.148856,-0.032548,-1.9057994732,-0.5725955165,3.550156
-0.183054,-0.139586,-0.053595,-1.9182412481,-1.1341473029,3.574210
-0.174739,-0.129529,-0.040291,-1.6042903394,-0.8845523780,3.483123
-0.171969,-0.154012,-0.056841,-1.5388927071,-1.4499443561,3.405894
-0.163356,-0.149758,-0.045408,-1.7702794424,-0.8781639378,2.710992
-0.158353,-0.158470,-0.046781,-1.8863658366,-0.5981834706,2.760793
-0.143359,-0.147201,-0.063327,-1.9815335496,-0.3807927848,2.906497
-0.147298,-0.172187,-0.047467,-1.4608159891,-0.1851135137,2.545419
-0.129314,-0.174094,-0.103642,-0.3416540228,-0.9140101262,2.472087
-0.144085,-0.185859,-0.082323,0.0356313732,-0.6130786513,1.887720
-0.123254,-0.184470,-0.092827,-0.2879117656,-0.0845958062,1.731812
-0.137034,-0.197626,-0.079946,-0.4534683311,0.2275778109,1.691634
-0.123806,-0.192394,-0.075013,-0.4636557315,0.3252247157,1.337236
-0.125926,-0.184368,-0.075709,-0.7851636145,0.0954727274,1.183926
-0.123848,-0.211258,-0.069328,-1.0409483306,0.2847886034,0.659593
-0.112110,-0.202412,-0.106862,-0.8550371203,-0.8254497347,0.208297
-0.132583,-0.207352,-0.078509,-1.3042272927,0.2397500644,-0.020252
-0.115537,-0.200150,-0.091947,-0.4022077404,-0.1398482415,0.040604
-0.125122,-0.197081,-0.095242,-0.6499335488,-0.2183899280,0.041099
-0.121134,-0.202346,-0.097228,-0.6795532560,0.3013452341,-0.224798
-0.123592,-0.195220,-0.107171,-1.6598330826,1.0006167689,-0.531765
-0.147384,-0.196320,-0.077442,-3.3683452921,2.9710048167,-1.601315
-0.109087,-0.181565,-0.102845,-0.1516291099,1.0971566778,-0.834192
-0.121370,-0.183548,-0.126262,0.4232755873,0.2313768228,-1.345593
-0.121666,-0.184349,-0.120422,0.0252301186,0.2603098474,-1.572226
-0.125237,-0.175581,-0.133709,0.8904168198,0.6280711717,-2.448434
-0.127354,-0.171662,-0.116227,0.5559244100,1.0474413233,-3.094891
-0.109704,-0.161247,-0.111133,0.5185780962,0.6393276103,-3.250495
-0.118249,-0.143866,-0.100704,0.0874487248,1.0578796345,-3.442150
-0.104331,-0.128777,-0.098092,0.5199899080,0.5307789402,-3.631452
-0.111612,-0.116980,-0.087187,0.6413415528,-0.3891638455,-4.251741
-0.111487,-0.109644,-0.067270,-1.5503093327,0.9462674683,-4.165213
-0.086786,-0.084950,-0.072387,1.0055272476,-0.7047537187,-4.240843
-0.087390,-0.091502,-0.055479,0.1378916004,-0.0986227422,-4.420435
-0.069665,-0.071219,-0.083790,0.6505412180,-0.5049535580,-4.126926
-0.079024,-0.063896,-0.046298,0.0508284635,0.6827914813,-3.939749
-0.052803,-0.037853,-0.068149,0.8623790814,0.8291043844,-4.243062
-0.063376,-0.022659,-0.063350,0.7934506866,0.4780029025,-4.275145
-0.048398,-0.017000,-0.051727,0.6894061229,0.0304124318,-4.428018
-0.039825,-0.017204,-0.016536,-0.0789476632,0.1785846361,-5.178318
-0.020872,-0.009470,-0.017688,0.1082347427,-0.1333279265,-4.719341
-0.009413,0.009617,-0.012144,-0.1446180756,0.2525561454,-4.714115
-0.009019,0.010188,-0.016014,-0.4787736627,-0.4281643091,-4.553161
0.005306,0.028412,-0.004411,-0.7330442730,-0.1229939250,-4.797115
0.019052,0.032538,0.006838,-0.5389843105,-0.3250942103,-4.145469
0.039863,0.055863,-0.007434,-0.1519989782,-0.9059959529,-4.193803
0.035983,0.044532,0.022013,-0.6837683152,-0.0530594625,-4.304204
0.058780,0.064142,0.012339,-0.5477952604,-0.5286812232,-3.690368
0.055547,0.070329,0.020096,-0.1283992324,0.3203920058,-3.302962
0.076443,0.070414,0.005722,0.2973632680,-0.2031137115,-3.230784
0.076791,0.078893,0.000450,-0.4646182808,0.4327715316,-3.029827
0.087731,0.057800,0.015031,-0.5287424483,-0.1503867846,-3.011011
0.098566,0.071662,0.004028,0.2808517123,-0.3551845648,-3.222932
0.083572,0.065258,0.026549,-0.4567238453,-0.2326249051,-2.718487
0.104205,0.072374,0.022551,-0.9157421614,-0.6064659501,-2.468772
0.086401,0.055545,0.076321,-1.5504650645,-0.2195102671,-1.937076
0.100582,0.066236,0.061632,-1.3355320922,-0.3881294388,-2.114131
0.096987,0.058460,0.071781,-1.5665449285,-0.3054674085,-1.679690
0.101845,0.052118,0.053331,-0.9134076490,-0.1200024561,-1.222498
0.094122,0.054180,0.051991,-1.4546562565,0.3008654563,-0.879976
0.095665,0.028659,0.042863,-0.8706341317,-0.3322765509,-0.512257
0.090459,0.026781,0.047156,-0.8814745175,-0.1501546498,-0.927611
0.080139,0.007047,0.069556,-1.1267812961,-0.2325224538,-0.506007
0.076718,0.022727,0.033121,-0.7706651916,-0.3720172674,-0.269190
0.056850,-0.003651,0.048302,-0.2896449066,-0.3408716943,-0.467462
0.062935,-0.012690,0.066726,-0.2927680835,-1.0760191955,-0.015943
0.040392,-0.025741,0.076790,-1.3810583063,-0.6082071548,-0.094728
0.032149,-0.045876,0.081704,-1.4241669212,-0.5004674661,0.018415
0.021987,-0.042744,0.074748,-1.8402084478,0.1543594718,0.437556
-0.003879,-0.056586,0.081930,-2.6330034591,0.6263762324,0.858030
-0.011425,-0.054197,0.038996,-1.7481876011,0.1674082537,0.798049
-0.033775,-0.074065,0.055484,-0.9279501697,0.1072671592,0.945539
-0.034871,-0.076462,0.039354,-0.5725607222,0.0264257388,0.957865
-0.070030,-0.092762,0.047675,-1.0397363750,0.6582037721,0.889091
-0.076237,-0.112713,0.036964,-0.4319777827,0.1970645325,0.654416
-0.098692,-0.117636,0.021964,-0.8299440478,0.4072467417,0.693943
-0.106970,-0.128268,0.028660,0.1541877967,-0.4525709022,0.961317
-0.122798,-0.135129,0.020431,0.1911908678,-0.8478717030,0.832130
-0.146501,-0.167549,0.020184,-0.2605021476,-1.1226309551,0.397076
-0.158101,-0.155260,0.026674,-0.2906698061,-0.7654568724,0.999955
-0.180339,-0.168747,0.037654,-0.7865902021,-0.9257821947,1.136294
-0.197900,-0.171288,0.024544,-1.1781773038,0.0242090495,0.742076
-0.211496,-0.183712,0.027133,-0.8429282452,0.2174914521,1.135381
-0.213784,-0.187910,-0.011166,-0.2439617180,-0.2229000906,1.152575
-0.244101,-0.197994,-0.001207,0.5280170711,-0.2370156056,0.879679
-0.242331,-0.195329,-0.030231,0.7945774977,-0.2642714034,0.701534
-0.265331,-0.207657,-0.017810,0.6978169252,-0.2324856312,0.633827
-0.269372,-0.218178,-0.021512,0.7462422623,-0.6034304870,0.405497
-0.281153,-0.221778,-0.017015,0.1974081730,-0.5452670146,0.529442
-0.280395,-0.230999,-0.014012,-0.1371178917,-0.4108771551,0.688815
-0.277102,-0.218854,-0.014957,-0.3551973783,-0.3185499059,0.752070
-0.291781,-0.229039,-0.030989,-0.1619774565,-0.7190311843,1.044181
-0.289756,-0.220219,-0.046236,-0.0661190580,-0.3929035678,1.347219
-0.299955,-0.225675,-0.052797,0.0679816640,-0.1913383040,1.422568
-0.290898,-0.223751,-0.086593,-0.1460395361,-0.0112458964,0.926634
-0.311761,-0.218082,-0.058778,-0.1750516765,0.6730736023,0.318949
-0.282269,-0.207680,-0.062356,0.3277337810,0.3265055601,1.070884
-0.298779,-0.221503,-0.061190,-0.2476179604,0.1916791118,0.646054
-0.280946,-0.211691,-0.072233,0.6470348040,-0.5747988452,0.902931
-0.279361,-0.207359,-0.068015,-0.3445827541,-0.6478408376,0.714480
-0.270813,-0.210093,-0.070805,-0.6057938413,-0.6303257121,1.217734
-0.253580,-0.193517,-0.065113,0.3434457538,-1.2700365048,0.792855
-0.260030,-0.195158,-0.064578,-1.6052607606,0.2865948033,1.197054
-0.244560,-0.163929,-0.095239,-0.6743453550,-0.0101444166,1.483887
-0.258261,-0.165278,-0.075115,-0.9902667629,0.2137216537,1.792790
-0.236167,-0.145439,-0.086793,0.0723909664,-0.0339891683,1.689998
-0.245476,-0.142553,-0.078450,-0.5768832360,0.6158429252,1.278675
-0.220293,-0.136425,-0.089515,-0.2666036969,0.4239908516,1.546138
-0.224715,-0.127782,-0.090165,-0.7169082470,0.2044444918,1.201265
-0.216896,-0.126161,-0.083774,-0.6843212421,0.1350048400,1.238885
-0.210712,-0.105784,-0.080675,-1.0006735687,0.1032565372,1.017934
-0.207114,-0.107172,-0.065635,-1.1450678482,-0.2769376912,0.688886
-0.188188,-0.083867,-0.080442,-1.2608537969,-0.8663488372,0.958112
-0.203884,-0.094617,-0.049686,-1.3180508742,-0.4170530810,0.502890
-0.185315,-0.060745,-0.070657,-1.8696043057,-0.1247236475,1.117136
-0.188627,-0.057456,-0.049531,-1.0405656011,-0.4879304898,1.089143
-0.167843,-0.040795,-0.069932,-1.6467809154,0.1687657857,1.415894
-0.179240,-0.039905,-0.073378,-1.9186377537,0.6500639293,0.924611
-0.146826,-0.031417,-0.093417,0.1011519336,-0.3848397118,1.073759
-0.167088,-0.017772,-0.085566,-0.5687107652,0.0867080599,0.488798
-0.166799,-0.007648,-0.085090,-0.3686256913,-0.5327224263,0.439190
-0.164360,0.004342,-0.075607,-0.5683007565,-0.6067057842,0.154130
-0.172458,-0.003188,-0.062759,-1.3315277773,-0.4020437620,0.236683
-0.171359,0.007257,-0.058788,-1.8055202934,-0.1482148823,0.229564
-0.173925,0.003341,-0.034908,-1.9047923087,-0.3033650566,0.031744
-0.163372,0.001736,-0.044864,-1.3696472457,-0.7095766180,-0.094252
-0.178071,0.015381,-0.050500,-1.2801435289,-0.9532956331,0.497949
-0.174021,0.025553,-0.044388,-1.5035304855,-0.1584511917,0.703170
-0.167420,0.023515,-0.085723,0.5867577243,-0.5348398097,-0.047829
-0.169225,0.009998,-0.068839,0.0123388007,-0.7566745704,0.060121
-0.172878,0.018762,-0.050815,0.1973798027,-1.2240921533,-0.326649
-0.188040,-0.007110,-0.062677,0.1284483904,-1.6147588617,-0.885301
-0.191982,0.008793,-0.026387,-1.6140926035,-0.5285083974,-0.692369
-0.199870,-0.011968,-0.025336,-1.1405016993,-1.2996548894,-0.557572
-0.195944,-0.011646,-0.021985,-2.1891988320,-0.2844496050,-0.608489
-0.212195,-0.018976,0.006769,-4.5873770629,1.8670578535,0.022954
-0.186996,-0.015658,-0.033080,-1.3564714413,-0.0608934554,0.345565
-0.197342,-0.024980,-0.035692,-0.8913452532,-0.3012652657,0.444918
-0.199545,-0.046608,-0.046886,-0.1618666876,-0.6299453270,0.104684
-0.197959,-0.044340,-0.048359,0.0427145251,-0.7086642723,-0.097846
-0.207341,-0.065321,-0.041365,-0.1592885029,-0.5324817800,0.047228
-0.196042,-0.073882,-0.039933,-0.2818008572,-0.4842174023,-0.046252
-0.200569,-0.081431,-0.018598,-0.5029342313,-0.3565956414,0.252584
-0.186536,-0.095529,-0.028494,-0.4012878477,-0.7027889407,0.060391
-0.183014,-0.097413,-0.000321,-0.7095833818,-0.7780964694,1.059572
-0.179223,-0.098057,-0.021027,-0.5111673374,-0.5089357995,1.328985
-0.181429,-0.121031,-0.007736,-0.0027378843,-0.1909921547,1.240855
-0.167807,-0.114748,-0.018292,-0.2807508200,0.1237093156,1.596386
-0.180201,-0.141628,-0.016077,-1.1428982585,0.9206821483,0.783284
-0.153131,-0.147549,-0.037114,0.8788442037,-0.6191851873,1.357199
-0.167469,-0.151938,-0.024499,-0.7066475526,0.3587005358,1.194695
-0.154963,-0.166003,-0.024818,-0.2456632920,-0.0447693033,0.966694
-0.156387,-0.178989,-0.007093,-0.7282864539,-0.5109951407,1.170025
-0.144121,-0.186555,-0.010943,-0.9344600787,-0.5091963339,1.608460
-0.146048,-0.181516,0.004613,-2.1883384523,0.8431926165,1.984136
-0.138399,-0.189253,-0.006423,-1.5037061337,0.9157445768,2.235049
-0.136148,-0.169765,-0.019389,-0.0974788298,0.1528297141,1.861648
-0.138134,-0.189056,-0.021611,-0.3009787754,0.1344514690,1.830245
-0.124219,-0.185435,-0.024086,0.4249765472,0.4040709717,1.223024
-0.130154,-0.205038,-0.026104,0.0004637917,0.5958533109,1.561926
-0.118314,-0.184483,-0.034051,0.2537919534,0.3490925578,1.445317
-0.128293,-0.188833,-0.016914,-0.3385013365,0.6189144867,1.162433
-0.114536,-0.184401,-0.017380,-0.3348513252,-0.1281375083,0.924345
-0.130262,-0.196195,0.002666,-0.4713721279,-0.2031544748,-0.012280
-0.114773,-0.176583,-0.007792,-1.0821043553,-0.1953497225,0.282917
-0.129947,-0.174882,0.024951,-1.9411821774,0.8599298420,0.169987
-0.115678,-0.151367,0.019433,-1.3390860381,0.8127729463,0.282956
-0.112265,-0.145229,0.010150,-0.6373046351,0.3999539921,0.100984
-0.105365,-0.146867,-0.009046,-0.5011924611,0.3138651930,-0.254468
-0.094582,-0.126952,-0.015939,0.0141011938,0.4095819840,-0.476089
-0.104883,-0.136428,-0.017248,0.1914616973,0.4003313873,-0.704957
-0.104850,-0.105613,-0.009893,0.5508081934,0.4122637762,-0.732382
-0.113630,-0.116970,-0.009650,0.2672557618,0.2057885581,-1.632689
-0.103031,-0.093622,-0.011202,-0.5722040682,0.3041654817,-1.746213
-0.112088,-0.094026,0.024031,-0.9026212281,0.3127201729,-1.830378
-0.090985,-0.075122,0.009116,-0.1953997117,-0.2102942285,-1.939956
-0.098636,-0.054637,0.020664,-0.4679152836,-0.1697910449,-2.223450
-0.086839,-0.055776,0.004268,-0.5203094693,-0.3671604366,-2.064314
-0.085697,-0.030914,0.007711,0.0071031925,-0.5372609097,-2.584781
-0.085050,-0.037105,0.032612,-2.5393386407,1.5113024567,-2.403433
-0.075899,-0.017312,0.002541,-0.9806308796,0.3813114931,-2.734027
-0.074333,-0.016793,-0.002455,-0.1089008908,0.0236961241,-2.905660
-0.075534,0.005869,0.003917,-0.0255960176,-0.0086256029,-3.394008
-0.069672,0.002534,-0.037619,1.0038065990,-0.7991639696,-3.266370
-0.066225,0.009834,-0.024329,0.8215222337,-0.7625597517,-3.851377
-0.067817,0.000942,-0.004447,0.0081092848,-0.6331623068,-4.056969
-0.063695,0.032798,0.009172,-0.7156060397,0.0092999811,-3.725817
-0.060665,0.019921,0.010820,-0.6983984727,-0.7413336386,-3.427643
-0.052587,0.038302,-0.000794,-0.4599971510,-0.7028124369,-3.016620
-0.054688,0.021759,0.001212,-0.5379826869,-0.3137213474,-3.795234
-0.041827,0.035696,-0.020140,-0.2235137953,-0.5311092496,-3.402772
-0.050223,0.028186,-0.004371,-0.1683157616,0.1510485492,-3.760135
-0.032206,0.041972,-0.021975,0.1260286156,-0.2069700346,-3.515238
-0.041144,0.031646,-0.007572,-0.3307363322,0.1557138688,-3.874419
-0.024049,0.037846,-0.024657,-0.5331229251,-0.0917819929,-3.861594
-0.033949,0.030228,0.016416,-1.0628066243,-0.0250150720,-3.636157
-0.014419,0.029827,-0.004276,-0.5833626576,-0.8640077623,-3.210414
-0.021118,0.022212,0.010186,-0.6087443999,-0.6969562295,-2.797336
-0.016697,0.019241,0.029067,-3.7840818283,1.4702720135,-2.903315
0.007991,0.026272,0.003122,-1.0554410852,-0.1956275840,-1.950026
0.006110,0.008416,-0.009226,-1.5147346556,0.1767446164,-1.654541
0.015025,0.020676,-0.026961,-0.0560971962,0.1402968060,-1.214126
0.007029,-0.001363,-0.036822,-0.8169127137,0.1180396746,-1.834454
0.011884,-0.000608,-0.033661,-0.0977450639,0.2104805831,-1.736930
0.002932,-0.026001,-0.036093,-0.2993463771,-0.6873491342,-2.010596
0.007508,-0.014171,-0.039677,-0.4548053826,-0.3705980302,-1.526177
-0.009331,-0.040230,-0.028671,-1.1536888875,0.1824882308,-1.107141
-0.004752,-0.035037,-0.043065,-1.9301825822,0.0982156998,-1.000265
-0.012886,-0.047661,-0.008196,-1.9774361664,0.4142800911,-0.619744
-0.000537,-0.052332,-0.017603,-1.4492751316,0.1033798379,-0.162881
-0.020534,-0.062439,-0.020098,-1.4252616579,0.0045423944,-0.366954
-0.025356,-0.060614,-0.027010,-1.1568130225,0.1518090701,0.054491
-0.037461,-0.065633,-0.032902,-1.0011000113,0.1864899170,0.215882
-0.036900,-0.083988,-0.039277,-0.5436166268,-0.0756556174,0.219375
-0.049252,-0.085698,-0.031232,-1.2063588590,0.6558611641,-0.461206
-0.035823,-0.101004,-0.042891,1.0827788945,-0.6732059414,0.456689
-0.066347,-0.100266,-0.037751,-0.8167639967,0.2394652599,0.031780
-0.097766,-0.129634,-0.030047,-0.4931097809,-0.3145751942,-0.083414
-0.097362,-0.127284,-0.055239,-0.3835875929,-0.7017972001,-0.303764
-0.121219,-0.144520,-0.042786,-0.7813370586,-0.0855834833,0.165546
-0.125828,-0.145905,-0.017682,-1.4131131022,0.5921403101,-0.048587
-0.140733,-0.152040,-0.025172,-1.0491012842,-0.1603167266,0.317339
-0.146494,-0.157223,-0.029147,-1.1421870545,-0.4330040102,0.459803
-0.159857,-0.159195,-0.030247,-1.0786877681,-0.3885580198,0.428919
-0.173879,-0.178673,-0.018240,-1.3817084891,-0.3231773043,0.815961
-0.183041,-0.173681,-0.035545,-0.8303100016,-0.3603751089,0.516533
-0.206727,-0.181674,-0.020104,-0.6246501183,-0.0472537418,0.792120
-0.213971,-0.186745,-0.049265,-0.7519321159,0.4924613713,0.711451
-0.223520,-0.186653,-0.032433,-0.7381034580,0.8262953095,0.301714
-0.215294,-0.198371,-0.044545,0.9632230359,-1.0712347628,1.123538
-0.237683,-0.198201,-0.037206,-0.0250505663,-0.5106948536,0.291955
-0.265489,-0.226387,-0.040061,-0.2956070915,-0.7918445016,0.520564
-0.264025,-0.213109,-0.029666,-0.9626424393,-0.7343096144,0.500606
-0.288591,-0.211294,-0.002107,-2.7681870066,1.3046574597,1.050122
-0.276337,-0.215017,-0.025691,-1.7726486558,0.6639104643,1.338685
-0.285692,-0.212381,-0.045205,-0.9091919687,-0.0629646837,1.226888
-0.305023,-0.229614,-0.044555,-0.5278556232,0.1651912415,1.135466
-0.300309,-0.214649,-0.079841,-0.1685369768,-0.2039946067,0.793672
-0.314630,-0.220160,-0.042796,0.0747538599,0.1532634834,1.031474
-0.298999,-0.215378,-0.042792,0.4834315030,0.1006659252,1.221593
-0.312900,-0.216054,-0.029449,-0.3689725846,-0.0285692632,0.931810
-0.308079,-0.229922,-0.038492,-0.4565082187,-0.6349154289,1.478018
-0.306277,-0.205553,-0.030821,-0.8249627636,-0.4517334209,1.548075
-0.315280,-0.226348,-0.032213,-0.0564929728,-1.0573286991,1.418366
-0.298619,-0.210004,-0.048074,0.0601639802,-0.6621549294,1.524247
-0.308837,-0.207854,-0.032738,-0.3906323436,-0.0389270662,1.801298
-0.294355,-0.198690,-0.033539,-0.2718903786,0.3526180502,2.175254
-0.286667,-0.193014,-0.042960,0.3706443783,-0.6436811053,1.737809
-0.272687,-0.186985,-0.053624,1.5463470156,-1.4158124028,2.517651
-0.279515,-0.185222,-0.037386,-0.0900007475,-0.5344538673,1.638690
-0.272878,-0.194787,-0.037721,-0.4466804450,-0.6506192255,1.945893
-0.260939,-0.178142,-0.040665,-0.8145472926,-0.8508772959,1.757691
-0.271683,-0.174101,-0.003062,-1.5172272430,-0.1584426714,2.247950
-0.247866,-0.154157,-0.013136,-1.7526888098,0.5183559315,2.371635
-0.233830,-0.141569,-0.020567,-1.3783985165,0.3537497363,2.764882
-0.217250,-0.146860,-0.036667,-0.4217904716,-0.2746025269,2.804928
-0.214598,-0.136698,-0.043032,-0.1949524715,-0.3348755856,2.430450
-0.203477,-0.126040,-0.054737,-0.0054833886,-0.1939935076,2.707485
-0.196200,-0.113399,-0.042776,0.1073972846,-0.1542964464,2.320121
-0.191897,-0.119494,-0.034921,-0.5149216401,0.1209015574,2.390096
-0.181485,-0.103663,-0.031829,-0.8083079422,-0.8799384240,1.835475
-0.175563,-0.101484,-0.021903,-0.7690804084,-0.5164303424,1.788661
-0.172494,-0.092713,-0.018584,-1.7640742263,-0.6019521882,1.519954
-0.160589,-0.077062,0.000979,-0.7755361499,-0.9908900147,2.043493
-0.142319,-0.077125,0.002167,-1.1892553465,-0.4581566834,1.593100
-0.145851,-0.059101,0.008870,-3.1419388383,0.9792742978,1.817803
-0.123619,-0.053215,-0.007381,-1.0991850874,-0.1814744182,2.213179
-0.118623,-0.041852,-0.031767,-0.4523680948,-0.4803565239,2.000251
-0.110423,-0.051397,-0.042349,-0.2440783695,-0.3654821370,1.420598
-0.101282,-0.023864,-0.040383,0.2726585628,-0.5815075161,1.538746
-0.107423,-0.036859,-0.021374,-0.0534463597,-0.1958878105,1.406326
-0.099641,-0.029050,-0.051094,-0.3035209755,-0.5572417508,0.567791
-0.100116,-0.020086,-0.014586,-0.4906323125,0.0875819069,0.204123
-0.086593,-0.013061,-0.024191,-0.9095797337,-0.5570323123,0.654283
-0.090318,-0.010563,0.005479,-1.0580151567,-0.4895300066,0.224740
-0.076076,0.005022,-0.036060,-0.9108073012,-1.1502865217,0.155004
-0.083435,-0.000302,-0.017117,-0.9988248139,-0.6371113256,0.265905
-0.067768,0.013819,-0.034967,-0.8002962068,-0.4166296913,0.192319
-0.065204,0.002330,-0.021706,-0.3494211381,-0.4990851643,-0.087827
-0.054737,0.020403,-0.046456,-0.5200258791,-0.2599312439,-0.235816
-0.072114,0.012548,-0.025914,-0.5652551739,0.2623313196,-0.608153
-0.057766,0.023991,-0.032308,-0.5316573098,0.0992865273,-1.105915
-0.068077,0.017610,-0.001910,-0.8267340359,-0.0216113545,-1.305612
-0.055026,0.014606,-0.026630,0.2856218664,-1.2586004157,-1.131849
-0.064968,0.015660,0.014910,-2.3848744559,0.3369522726,-1.749109
-0.043714,0.013051,-0.007900,-0.3288653596,-0.6830115117,-1.847962
-0.043839,0.022560,0.001681,-0.7462647266,-0.4899644223,-1.657026
-0.035902,0.020167,-0.022241,-0.3329430841,-0.2423883376,-1.149315
-0.041413,0.023459,-0.004398,-0.9980402406,0.4309135952,-1.727195
-0.043219,-0.003079,-0.032906,-0.2209752357,0.0784256646,-1.665803
-0.030056,0.016776,-0.065888,0.6079857265,-0.7936278315,-1.846429
-0.041384,0.000633,-0.028166,1.0077072583,-0.4541398294,-2.261028
-0.042126,-0.001025,-0.034770,0.8336299858,-0.6483805099,-2.538873
-0.042165,-0.003017,-0.020396,-0.3416807281,-0.1535943811,-2.792231
-0.032223,-0.017627,-0.014350,-0.1759361468,-0.2994703452,-2.968695
-0.023521,-0.021205,-0.019553,0.3147315076,-0.9851590381,-2.501623
-0.021594,-0.027008,-0.018650,-0.3804683271,-0.4601964731,-1.978107
-0.019296,-0.020112,-0.023833,-0.4562691827,-0.0986754064,-1.989320
-0.037474,-0.043427,-0.031691,-0.3276124533,-0.0874094143,-2.455078
-0.018390,-0.038979,-0.057816,0.2184050924,0.0707467166,-2.824444
-0.041486,-0.061405,-0.028809,-0.0744987289,0.3463944165,-3.143881
-0.025096,-0.058431,-0.041653,-0.0524666359,0.1034211209,-2.870421
-0.030059,-0.082012,0.000401,-0.7531604635,0.3972438109,-2.784858
-0.009938,-0.073603,-0.017961,-0.3074704795,-0.3217604923,-2.227158
-0.024771,-0.091187,-0.002576,-0.4789882912,-0.2312020566,-2.625945
-0.013706,-0.081743,-0.000393,-0.5525601725,0.2257937070,-2.312757
-0.018371,-0.082839,-0.005248,-1.1572661964,1.0897741499,-1.861264
-0.004440,-0.096750,-0.025556,-0.5629590911,1.0505402516,-1.960216
-0.004755,-0.109079,-0.027063,0.0337478669,0.5686970202,-2.214776
0.003750,-0.110172,-0.027710,0.6925992008,-0.0037349949,-1.859284
-0.008740,-0.122127,-0.025195,0.5366822408,-0.0237430915,-2.032968
-0.004936,-0.128478,-0.016346,-0.0099633514,0.2522589692,-2.146570
-0.018765,-0.139711,-0.011045,-0.5198505324,0.1717504655,-2.265542
-0.006843,-0.144703,-0.013904,-0.1109110418,-0.1233075596,-1.746581
-0.018239,-0.143876,-0.001348,-1.3337509533,0.6778755843,-1.692999
-0.004243,-0.139494,-0.006403,-0.7371685475,0.7708726220,-1.272348
-0.014117,-0.140351,-0.010556,-0.9131398795,0.9471153342,-1.154068
-0.009908,-0.147103,-0.026502,-0.1957470016,0.7286362479,-1.257097
-0.032889,-0.153789,-0.023045,-0.5831472378,1.2004793559,-1.176140
-0.022385,-0.158375,-0.032728,0.2190947909,0.6916513095,-1.520343
-0.036998,-0.162429,-0.025176,-0.2526800437,0.6045273263,-1.958207
-0.029518,-0.158280,-0.019477,-0.0261940314,0.6683326068,-1.665151
-0.041528,-0.153248,-0.018542,-0.4663632185,0.6629212108,-1.779157
-0.048769,-0.160078,-0.019093,-0.4196480187,0.0452123104,-1.515958
-0.044131,-0.146506,-0.022986,0.4727964483,-0.3085085299,-1.404585
-0.056519,-0.148767,-0.012532,-0.2376436680,0.0094290929,-0.746252
-0.046107,-0.133793,-0.034025,-0.0452056798,-0.0756365342,-1.296790
-0.075419,-0.136396,-0.011091,-0.6363132793,0.9529450707,-1.178921
-0.064952,-0.124700,-0.015817,0.3309559433,0.7923105089,-1.146270
-0.066439,-0.121884,-0.023370,0.8675933295,-0.0050502730,-0.807559
-0.082191,-0.130642,-0.035299,0.2935294168,-0.2254041366,-1.429020
-0.091848,-0.114036,-0.025015,-0.1210454536,-0.0512828757,-2.115270
-0.102818,-0.114866,-0.010244,-0.1611758797,-0.2859628125,-1.678765
-0.101548,-0.101776,-0.033716,-0.3364183126,-0.8081216101,-1.080570
-0.118495,-0.100446,0.025932,-0.7410871034,0.0656014840,-1.617994
-0.105001,-0.079783,-0.001227,-1.6117701134,0.7480762734,-0.978148
-0.120461,-0.075690,0.003894,-0.7061731132,0.4647502889,-1.061730
-0.107761,-0.065390,-0.019733,0.4754035003,0.0098210166,-0.826090
-0.117139,-0.056547,-0.028931,0.6728189155,-0.6059954540,-0.871972
-0.123894,-0.052716,-0.016874,0.6201339964,-0.0589844108,-1.154787
-0.138544,-0.046099,-0.013897,-0.0686712019,0.0977079894,-1.181067
-0.136036,-0.036757,-0.009715,-0.2565285591,0.1758335020,-1.504269
-0.157352,-0.038175,0.014604,-1.5106589935,0.5671998704,-1.528434
-0.141242,-0.029096,0.006234,-0.8076022996,-0.4174102152,-1.247704
-0.152724,-0.027662,0.010862,-1.1756723739,-0.3035162847,-1.080408
-0.140179,-0.010816,0.010373,-0.4813401519,-0.9574775987,-0.888375
-0.153023,-0.006125,0.011834,-1.2891974020,-0.6228054012,-0.350098
-0.156453,-0.009162,0.022062,-2.9851636228,0.9164209363,-0.186222
-0.153335,0.003469,0.005545,-1.9003688844,0.4389645391,-0.496200
-0.148729,0.007664,-0.000081,-1.0734905292,0.0936938619,0.259411
-0.138229,0.010887,-0.015821,0.2190483680,-0.5765190973,-0.108737
-0.151858,0.002150,-0.029164,1.0200286508,-1.3391585516,-0.084319
-0.146724,0.010257,-0.023400,0.2793789968,-1.4294193830,-0.340419
-0.168227,-0.003470,0.016058,-1.0719960331,-0.4823795949,0.020157
-0.153978,0.010234,0.006602,-1.0317073856,-0.7577056104,0.383001
-0.163143,0.003279,0.023917,-2.3086186159,0.0608992620,0.734124
-0.149619,0.015125,0.009385,-0.9252214996,-0.6263306455,0.873303
-0.161685,0.008892,0.001796,-1.1247091108,-0.5801613237,1.012547
-0.156381,0.004661,-0.017504,-1.0368748922,-0.2652699943,1.236508
-0.159722,0.003610,-0.014412,-0.9536942641,0.0504270797,1.137014
-0.155275,-0.014834,-0.025707,-0.6406656845,-0.4495655163,1.370415
-0.167994,-0.018060,-0.015036,-1.2039757177,0.0678488859,1.297397
-0.165778,-0.025603,-0.029331,-0.7330685695,-0.2127440078,1.424054
-0.176702,-0.026250,-0.013615,-0.9111719931,-0.3475821865,1.033466
-0.178819,-0.050455,-0.008061,-1.2430746081,-0.8110543789,1.276744
-0.179144,-0.037752,-0.011832,-1.2434969758,-1.0473659412,1.104111
-0.184436,-0.066125,-0.007766,-1.1982981019,-0.8267331951,1.795573
-0.196814,-0.056094,-0.016937,-2.2298001354,0.1306128748,1.891893
-0.205913,-0.068318,-0.018322,-1.0243366194,-0.3709910689,2.091387
-0.196266,-0.063424,-0.060521,-0.5190904619,-0.6646430538,2.391083
-0.219177,-0.085485,-0.032492,-0.3392335816,-0.2271817990,1.912963
-0.222456,-0.089151,-0.073647,0.6789878957,-0.9620444669,2.146817
-0.230075,-0.101500,-0.041831,-0.2569955513,-0.2778073522,1.540016
-0.234585,-0.105226,-0.060255,-0.5504168056,-0.8544998726,1.863054
-0.253751,-0.115204,-0.010260,-0.8497699551,-0.2182407371,1.926953
-0.246320,-0.112293,-0.029141,-1.0457867695,-0.2788678187,1.958389
-0.264636,-0.135864,-0.017081,-1.0404528930,-0.1112652736,1.836450
-0.245968,-0.127313,-0.026489,-0.6174915497,-0.5378147374,1.571823
-0.263648,-0.135838,-0.036126,-0.4424158058,-0.3663646537,2.037919
-0.257253,-0.140440,-0.045192,-0.5302423090,-0.1352926196,1.866596
-0.278727,-0.143945,-0.021437,-1.2368341550,0.9118544030,1.701916
-0.260313,-0.146341,-0.059556,0.1983246837,-0.1346615715,1.704922
-0.276863,-0.147352,-0.053132,-0.3748189407,0.3423565510,1.357312
-0.275694,-0.167782,-0.048625,0.1301332070,-0.1373026738,1.164905
-0.275504,-0.158109,-0.042737,-0.1128126550,-0.6048652502,0.617230
-0.288161,-0.173248,-0.026508,-1.6114971195,0.1787171128,0.708472
-0.269812,-0.158135,-0.038847,-0.1163548731,-0.7097165519,0.634125
-0.279777,-0.177600,-0.028360,-0.6950319546,-0.2481786582,0.939674
-0.261435,-0.159714,-0.057383,0.0451103297,-0.7358966170,1.455352
-0.278264,-0.161710,-0.052210,-0.1868790877,0.4558579253,0.898486
-0.248752,-0.152962,-0.056303,0.7523809585,-0.4189859532,0.957938
-0.264530,-0.158033,-0.068369,1.1425900098,-0.6460780509,0.697092
-0.244882,-0.169643,-0.063708,0.8368795643,-0.3215780749,-0.032676
-0.249001,-0.170993,-0.053408,-0.0191973975,-0.5576248678,-0.068737
-0.234861,-0.158861,-0.039589,-0.1467668041,-0.3050575616,0.383328
-0.225817,-0.165173,-0.027831,-0.1591024802,-0.3895575793,0.072123
-0.220221,-0.169850,-0.036999,-0.2537872066,-0.5602923362,0.233153
-0.207866,-0.145777,-0.049331,0.8039416820,-1.2398941605,0.507952
-0.200241,-0.155161,-0.049915,-0.3136764781,-0.4721255972,0.647033
-0.174940,-0.135874,-0.054642,0.5514510393,-0.8209187820,0.496664
-0.175553,-0.142419,-0.045274,-0.3103574522,-0.2537988758,0.567240
-0.154713,-0.134003,-0.033441,-0.4854446220,0.3624712504,0.241655
-0.133866,-0.134699,-0.056979,0.2916420741,-0.5345571100,0.863054
-0.133719,-0.118766,-0.042632,-0.4242304688,0.2311112740,0.663606
-0.121295,-0.123302,-0.052899,-0.1900031262,-0.1013970682,0.261294
-0.104577,-0.121694,-0.047046,-0.1281322577,-0.4705795804,-0.617014
-0.099526,-0.124799,-0.026167,-0.0944864878,-0.0447893975,-0.286709
-0.082624,-0.104612,-0.041558,-0.6616505044,0.1298937095,-0.001809
-0.073969,-0.100112,-0.008583,-1.0565725541,0.0051306544,-0.252745
-0.045664,-0.083302,-0.022106,-0.9521496779,0.3094283814,0.052903
-0.055446,-0.089526,-0.006462,-1.1483814761,0.0714329369,-0.328714
-0.016871,-0.074633,-0.015509,-0.3126857192,0.0425124476,0.089095
-0.018479,-0.061037,-0.011888,-1.1579952038,0.6264834721,-0.280281
0.007508,-0.065912,-0.016356,-0.9057146871,0.7883121448,-0.216188
0.005210,-0.048541,-0.022136,-0.8732418143,0.7284508103,-0.450856
0.024426,-0.048814,-0.037511,0.0404041713,0.2923700774,-0.182467
0.031247,-0.035759,-0.025448,-0.2175183948,-0.0090249114,-0.796254
0.032307,-0.046782,-0.026341,0.0238624455,-0.5752270321,-1.053006
0.033676,-0.034620,-0.016096,-1.5745088873,0.0604306103,-1.564262
0.028837,-0.034062,-0.020163,-0.8125425930,-0.3428810543,-1.922052
0.049366,-0.002131,-0.011888,-1.0952525510,-0.5059790655,-1.009544
0.029464,-0.007793,0.016744,-0.9016091061,0.1436292197,-1.178360
0.050403,-0.003765,-0.008264,-1.2115850922,0.1016350626,-1.329792
0.034234,-0.004245,0.015458,-1.9709214434,0.9702899223,-1.874956
0.041537,0.011012,-0.002182,-1.0262026227,0.7387789187,-1.810370
0.037628,0.014853,0.002811,-0.6553737085,0.5167814389,-1.786054
0.043421,0.010438,-0.020058,0.2248224099,0.3160378366,-2.000194
0.024505,0.017177,-0.010126,-0.6929434208,0.8778087884,-2.474618
0.035927,0.015759,-0.008452,-0.4626710556,0.5724122245,-2.260347
0.021754,0.014780,0.002666,-0.6326250276,0.0387073100,-3.062106
0.028352,0.017009,0.003204,-0.2801807359,-0.3341352699,-2.858572
0.010433,0.020508,0.004810,-0.0706612122,-0.8358108096,-3.078315
0.012248,-0.001198,-0.000410,-0.5549592361,-1.0389895931,-3.472877
-0.002280,0.022685,0.021691,-0.7679621974,-0.4432455441,-3.258820
0.002538,0.020443,0.019292,-0.7755600237,0.0136266347,-2.722581
-0.010135,0.018608,0.011982,-1.1164766978,0.4891396339,-3.033753
-0.014570,0.021995,0.008085,-0.7734355924,0.2595302577,-2.719164
-0.027371,0.018529,0.000050,-0.9977304457,0.5882081757,-2.650624
-0.031139,0.009079,-0.009784,-0.1089102704,0.2341618783,-3.022041
-0.041646,0.003000,-0.012775,0.2942185684,0.1948115090,-3.518635
-0.061210,-0.011059,-0.011432,0.1695932681,0.1924901570,-3.453220
-0.056234,-0.001346,-0.016287,0.1505875003,-0.1038707984,-3.057866
-0.068001,-0.022630,-0.000997,-0.2741145175,-0.1740742715,-3.691239
-0.064315,-0.012339,-0.007240,0.2990439605,-0.9988586668,-3.054610
-0.072895,-0.032378,-0.004605,-0.2726037202,-0.8588594938,-2.687380
-0.075593,-0.023191,-0.000140,-0.1524260384,-0.3335756429,-2.594819
-0.080937,-0.039774,0.003162,0.4052653301,-0.6331438577,-2.364303
-0.085703,-0.029621,0.001960,0.1614894511,0.1429499342,-2.282275
-0.090003,-0.055474,-0.002415,0.0427130850,0.0660332333,-2.134732
-0.084614,-0.044921,-0.010539,1.1550761062,-0.8006774975,-1.906354
-0.110348,-0.073048,-0.015568,0.3727972519,-0.1864502187,-2.085673
-0.092564,-0.068741,-0.041279,0.4803056397,-0.7298802288,-2.078895
-0.115935,-0.087425,0.009523,0.0754886572,-0.0897818104,-2.229175
-0.106471,-0.085403,-0.007690,0.1654773044,-1.0379449012,-1.745002
-0.119657,-0.094774,0.029231,-1.1530429962,0.2235009473,-1.756169
-0.108411,-0.091157,0.010294,-1.2901216742,0.3387797123,-0.876383
-0.134799,-0.102275,0.052192,-6.2544975086,3.7720045394,-0.674106
-0.093801,-0.101175,0.008174,-0.5447886213,0.1413784285,0.068169
-0.108949,-0.096846,0.011036,-0.6663980611,0.4435667001,0.118712
-0.099473,-0.115985,-0.012571,0.0417803501,0.0728336891,0.379564
-0.101472,-0.119806,-0.009584,-0.6158914053,0.4776807941,0.215436
-0.085382,-0.123499,-0.033782,0.6927292509,-0.6248357416,0.382043
-0.087696,-0.109499,-0.023616,0.3652028614,0.1070079110,0.587851
-0.105473,-0.124937,-0.013201,-0.7146057552,0.1933325245,0.799168
-0.105844,-0.129095,-0.013300,-0.3713514365,-0.0863915555,0.135715
-0.106570,-0.133389,-0.017912,0.4176127276,-0.5029175379,0.630270
-0.100697,-0.122071,-0.028002,-0.5799461241,-0.1326461527,0.761272
-0.112334,-0.130277,0.008013,-0.9216219941,0.0796858808,1.146874
-0.103573,-0.125291,-0.002116,-1.0003388708,-0.1731237490,1.084504
-0.117458,-0.125012,0.012947,-1.2902722458,0.1837049147,1.269026
-0.100264,-0.111925,0.004508,-0.6086626379,-0.0661986136,1.479798
-0.117897,-0.113333,0.000427,-0.7251613991,-0.3029983870,1.471336
-0.107686,-0.108620,0.008545,-0.7954926525,0.4224083089,1.939753
-0.123153,-0.105409,-0.006906,-0.8786144667,0.2880611034,1.787461
-0.108867,-0.104727,-0.023239,-0.1551059457,-0.2111993786,2.312395
-0.126868,-0.108764,-0.031425,-0.3096275680,-0.1749246793,1.004389
-0.126553,-0.113740,-0.034934,-0.2164529380,0.0506965140,1.598172
-0.124636,-0.098378,-0.042339,0.7941644154,-0.7376448830,1.364128
-0.142312,-0.102760,-0.043771,0.8610290280,-0.6825059767,0.959258
-0.146402,-0.098369,-0.028087,-0.2492705105,-0.3584891891,0.689465
-0.144337,-0.089660,-0.001732,-0.6223872765,-0.5720563849,1.085202
-0.147397,-0.084999,0.006004,-0.8799985584,-0.1086362137,0.740743
-0.153765,-0.078014,0.013649,-1.4947098315,-0.1686833707,1.133132
-0.147311,-0.077555,-0.007372,-0.8483190079,-0.6820556227,1.053674
-0.153344,-0.066519,-0.011271,-1.0250249775,-0.4455533401,1.335100
-0.154520,-0.073901,-0.032249,-0.6330586708,-0.6553937819,1.127883
-0.160031,-0.058037,-0.030175,-0.5152274947,-0.1941781983,1.140051
-0.166327,-0.076967,-0.034215,-0.1521232354,-0.4595631728,0.861782
-0.168188,-0.056875,-0.041171,-0.5288952959,-0.0598335243,0.456562
-0.175110,-0.071728,-0.037268,-0.2079329885,0.1478414994,0.327913
-0.177244,-0.068968,-0.046433,-0.5718284825,-0.6265159849,0.055825
-0.197782,-0.077545,-0.029236,-0.4103126691,-0.4611823899,-0.331447
-0.188644,-0.066119,-0.040321,-0.5540541745,-1.0739279803,-0.015069
-0.195422,-0.071279,-0.022573,-0.9525727460,-0.7301963940,-0.237937
-0.190068,-0.070517,-0.014311,-1.6663769374,-0.1970895202,-0.345611
-0.297512,-0.086374,0.110471,-19.1756759975,12.2988309029,-1.009024
-0.174552,-0.058303,-0.031642,-0.3427642683,-0.5316251277,0.379890
-0.184977,-0.053544,-0.028770,-1.2884862006,0.2923564357,0.564472
-0.178882,-0.059127,-0.058131,-0.4759127298,-0.0974990280,0.748311
-0.178481,-0.058441,-0.053158,-0.5313324520,0.0412911975,0.618304
-0.187728,-0.074807,-0.060360,-0.1006487590,-0.0936307643,0.191987
-0.172386,-0.061714,-0.072804,0.3284984383,-0.6267740147,-0.009345
-0.178954,-0.070619,-0.040603,-0.6104208926,0.2805200000,0.056951
-0.172081,-0.061067,-0.056152,-0.4260397821,0.0021314514,0.165685
-0.184531,-0.087438,-0.038223,-0.6777356240,-0.2411005348,-0.087955
-0.175829,-0.072234,-0.035371,-0.4270614688,-0.3037881619,0.213097
-0.173719,-0.079682,-0.028763,-1.0539730144,-0.2660528107,0.284464
-0.166566,-0.084497,-0.017531,-1.3969741405,0.1190878118,0.179935
-0.170226,-0.071410,-0.028665,-2.1955935624,0.9290463971,0.445838
-0.155061,-0.083900,-0.051399,-0.6486074908,0.2244688718,0.590391
-0.146185,-0.069204,-0.035315,-1.4968734851,0.8669130712,0.472466
-0.148720,-0.084976,-0.051511,-0.4912130691,0.5988260070,0.800894
-0.142588,-0.087966,-0.095554,0.0066639343,0.3280042728,0.095606
-0.144324,-0.081402,-0.055725,0.5659082614,-0.0315881388,0.431898
-0.133916,-0.081989,-0.070007,0.0629191881,-1.2237407695,0.484119
-0.151070,-0.108131,-0.014252,-1.0148259555,-0.7229661157,-0.251952
-0.134480,-0.081267,-0.034783,-1.2854106536,-0.5006985607,0.570204
-0.144397,-0.095188,-0.013680,-1.5047442484,0.6331005093,-0.019608
-0.130459,-0.085984,-0.029922,-2.0437724944,0.8030922005,0.732199
-0.129678,-0.070330,-0.002937,-2.0695102620,1.2858030794,0.969388
-0.109590,-0.062590,-0.032587,-0.8898943850,0.3194077117,1.108544
-0.110345,-0.061224,-0.020432,-0.5751072344,-0.0374889497,1.099914
-0.107433,-0.081418,-0.035289,-0.1580127624,0.2161938673,1.105803
-0.110115,-0.061563,-0.040045,-0.1400182730,0.1902532371,0.474403
-0.110285,-0.086578,-0.031320,-0.5716142046,-0.1915508448,0.327173
-0.104397,-0.059147,-0.051074,0.2338834699,0.1725460528,0.223631
-0.089724,-0.054266,-0.048074,0.8390307161,-0.4967121706,0.521765
-0.103149,-0.065354,-0.016953,-0.1582811687,-0.6586070260,-0.596457
-0.100694,-0.069867,0.004435,-0.5333822877,-1.2036712221,-0.090462
-0.109921,-0.061599,0.015770,-0.8497273437,-0.7111169319,-0.546249
-0.100563,-0.048321,0.009192,-0.7423911119,-0.6454931248,-0.008805
-0.110696,-0.043913,-0.002612,-1.8312100061,0.7703492301,-0.555729
-0.112337,-0.052680,0.019131,-1.2845476988,0.3524121210,-0.396970
-0.096798,-0.042170,-0.028504,-0.5185132314,0.5662127388,-0.364408
-0.116282,-0.052126,-0.004355,-0.3971908520,0.4137712640,-0.397449
-0.106360,-0.042515,-0.040255,0.0795799340,-0.2293535110,-0.874178
-0.118734,-0.056399,-0.014321,0.1495523212,0.0002342188,-1.340169
-0.105611,-0.038947,-0.024618,-0.1758139810,-0.1062047477,-1.310568
-0.097917,-0.031404,0.008161,0.0581210342,0.3892685843,-0.589892
-0.086800,-0.018894,-0.039582,-0.2150644456,-0.5350325466,-0.484451
-0.107925,-0.033934,0.011417,-0.2995573236,-0.2745085042,-1.239619
-0.091861,-0.040916,-0.007657,-0.3837956577,-0.6863495788,-1.295640
-0.108408,-0.036042,0.031824,-0.5914292061,0.0266465660,-0.981849
-0.086363,-0.024264,0.000647,-0.6813853534,-0.1980280516,-1.256766
-0.083435,-0.026545,-0.021883,1.2798759142,0.5749901108,-0.968085
-0.076224,-0.017693,-0.022234,-0.5764034276,0.9090399778,-0.767377
-0.090522,-0.031102,0.005952,-0.1669492703,0.7664493816,-1.390630
-0.079211,-0.021106,-0.026725,0.1860017874,0.0487065461,-1.430413
-0.083927,-0.029628,0.016833,-0.2279238088,-0.6367216171,-1.341866
-0.079181,-0.042794,-0.021525,-0.0838190502,-0.5143988536,-2.194286
-0.082283,-0.051804,0.034401,-0.7111154927,-0.4569441634,-1.842635
-0.065438,-0.034374,0.013094,-0.8743906565,-0.0236490427,-1.258656
-0.073926,-0.049102,0.029638,-1.5655883777,0.2974533861,-1.151507
-0.057514,-0.028997,0.038576,-0.4064497886,0.0784583154,-1.010543
-0.052606,-0.036534,0.017811,-0.5956128342,-0.0393216905,-0.417534
-0.049685,-0.031728,-0.003827,0.0541442489,0.2415585901,-0.646425
-0.041358,-0.037998,0.006510,0.1157505093,0.0844937631,-0.660497
-0.045868,-0.033655,0.014663,-0.0359739658,-0.2226147365,-0.862682
-0.033575,-0.038835,-0.009761,1.0363546733,0.6835869488,-0.641514
-0.039815,-0.046611,0.026014,-0.4781262158,-0.1073188982,-0.553883
-0.026695,-0.040466,0.026529,-0.0717163728,0.2351595987,-0.492294
-0.028093,-0.039055,0.013807,-0.1887382984,0.0702336778,-0.383042
-0.015577,-0.024048,0.011545,-0.5877017222,-0.2488912426,-0.285934
-0.020206,-0.038513,0.027833,-0.9799526984,0.1967521374,0.033188
-0.018141,-0.046037,0.037388,-0.8760827904,-1.1443759045,-0.284358
-0.028891,-0.044950,0.021727,-1.4914057244,0.1943775107,0.054524
-0.004571,-0.038517,0.006201,-1.0116700320,-0.5031618958,-0.164569
-0.028074,-0.042387,-0.049393,-0.0551577659,1.9154979470,-0.191872
-0.009836,-0.033458,-0.079979,1.0257174751,0.7942887812,0.010887
-0.026869,-0.066365,-0.007716,-0.2768548636,-0.0755226901,-0.345451
-0.010828,-0.042922,-0.057793,0.2412680852,1.4439425818,-0.345011
-0.035866,-0.051252,-0.009893,-0.3728877839,1.1327634128,-0.550223
-0.027548,-0.047123,0.033853,-0.9685278679,0.1009265243,-0.645486
-0.044597,-0.063795,0.037841,-0.9652546504,0.2107159033,-1.177805
-0.024942,-0.042620,-0.006968,-0.5257012620,-0.1308152954,0.177822
-0.032272,-0.050366,0.001790,-0.5763821150,-0.2816591077,-0.177042
-0.038889,-0.063870,-0.009689,-0.7494124024,-0.3397103567,-0.483737
-0.052364,-0.060683,0.024008,-1.1628694624,-0.0597629914,-0.762383
-0.044427,-0.069322,0.002341,0.0120501622,-1.0813425068,-0.636124
-0.048812,-0.041573,-0.041831,-0.3143665578,0.7411171498,-0.515692
-0.074930,-0.062452,-0.023436,0.3141970819,-0.2084286906,-0.893855
-0.068136,-0.047947,-0.077517,0.4479394868,0.0322799498,-1.117527
-0.088457,-0.060102,0.029956,-0.7031215437,-0.4623862376,-1.094416
-0.087778,-0.057190,0.025784,-0.9367332980,0.0694063347,-1.598969
-0.085743,-0.045380,-0.010385,-0.7054048878,0.2101028944,-0.521584
-0.089074,-0.045715,-0.018076,-0.1574594005,-0.0068996818,-0.243979
-0.099073,-0.044002,-0.029541,-0.4131247641,0.5060029188,-0.817080
-0.107072,-0.057164,-0.044279,-0.2749627934,-0.1339875283,-0.942722
-0.105857,-0.045426,-0.040347,-0.2197632039,0.1866649653,-1.079048
-0.129635,-0.053386,-0.021686,-0.1035055150,0.2185371892,-1.453975
-0.122834,-0.047432,-0.037150,-0.6335485465,-0.3000982715,-1.311048
-0.136955,-0.040712,-0.023429,-0.6163440052,0.8174748680,-1.377439
-0.130850,-0.049647,-0.022559,-0.0023246635,-1.0152504354,-1.980928
-0.148815,-0.053317,0.000181,-0.8439125064,-0.3810393383,-2.034471
-0.145109,-0.067888,-0.041072,0.4156659516,-0.2447514529,-2.512420
-0.144078,-0.042984,0.002942,-0.7451384268,-0.7062296139,-1.446793
-0.152005,-0.053842,-0.010910,-1.5222797801,0.1144260776,-1.310733
-0.134989,-0.027386,-0.023117,-0.6044083495,-0.3128439698,-1.004948
-0.156771,-0.047497,0.010298,-0.8063070713,-0.3711028140,-1.490118
-0.133515,-0.008653,-0.049324,-0.0432613691,-0.6198008893,-0.312189
-0.158826,-0.032523,-0.038558,-0.1484989190,0.5983363274,-0.832098
-0.147544,-0.030596,-0.046945,-0.3511717605,-0.0810393314,-0.736717
-0.157343,-0.041412,-0.012167,-0.3993385913,0.0683112705,-1.063431
-0.148267,-0.037246,-0.030355,-0.0080277501,-0.1334084710,-0.906081
-0.148697,-0.036133,-0.022924,-0.2570824468,-0.5535458596,-1.054309
-0.142532,-0.033682,-0.058312,0.2722156138,0.4259992738,-0.662904
-0.139476,-0.026962,-0.021004,-0.5296601685,-1.2409323226,-0.779933
-0.159965,-0.042137,0.007613,-3.2935607831,0.7442753858,-0.691718
-0.128175,-0.038471,-0.050463,-0.5049755026,-1.2642992271,-0.711599
-0.145001,-0.048498,0.023999,-1.4616393870,-0.0769576807,-0.306523
-0.137014,-0.031640,-0.014954,-2.1410486618,0.3262529363,0.357941
-0.143822,-0.060128,0.011207,-1.3186927918,-0.0425029150,0.126674
-0.129396,-0.048581,-0.027742,-0.8776654697,-0.2869791856,0.417390
-0.141538,-0.059399,-0.026794,-0.7654783142,0.0840346678,-0.004437
-0.110686,-0.040788,-0.053375,0.1359583119,0.1520427039,0.873012
-0.139755,-0.068443,-0.034731,-0.7187870976,0.8940402272,0.094273
-0.113177,-0.053015,-0.042310,-0.2739815848,0.0750379748,0.972801
-0.133840,-0.070205,-0.000977,-0.6190769443,-0.1755347213,0.640651
-0.123697,-0.074479,-0.003452,-0.9284222567,-0.6543005195,0.828827
-0.123888,-0.077489,-0.008468,-0.6131714018,-0.5797720216,0.614405
-0.124840,-0.089811,0.014933,-1.4143851361,0.2074610828,0.470848
-0.130748,-0.103450,0.016978,-1.4374217418,-0.0484894888,1.018247
-0.108703,-0.079357,-0.031868,-0.8039546183,0.7122577542,1.696951
-0.114924,-0.081064,-0.017695,-1.4388539942,1.0907797773,2.154838
-0.110696,-0.084779,-0.036260,-0.4185818220,0.3326310172,2.279275
-0.132767,-0.087845,-0.031721,-0.8247109521,0.5481207294,1.579702
-0.117671,-0.100512,-0.028337,-0.3164166666,-0.1203517429,2.054579
-0.125930,-0.093113,-0.070010,0.8670313448,0.9603463409,1.748308
-0.135350,-0.118818,-0.024542,-0.4512508109,0.2509226686,1.486011
-0.133397,-0.100089,-0.023482,-0.7569685027,0.2931140937,1.723003
-0.140103,-0.121687,-0.018312,-0.4296992674,-0.0966869631,1.652405
-0.138098,-0.105419,-0.007372,-0.4981609393,-0.6537920572,1.803243
-0.148503,-0.114751,-0.027975,-0.5637505144,-0.3089525338,2.073226
-0.145834,-0.115332,-0.006748,-0.4495562157,-0.1490082064,1.860554
-0.140779,-0.112673,-0.036868,1.0040480402,-0.8400977811,2.322130
-0.158114,-0.118831,-0.011465,-0.8319561937,0.2546416028,1.766049
-0.159742,-0.125344,-0.009430,-0.4990048303,0.3605822806,1.755122
-0.149635,-0.110615,-0.049718,1.2520109331,-0.8273134523,1.879139
-0.188808,-0.138112,-0.037744,0.8013059875,-0.1979653172,0.691093
-0.175698,-0.120653,-0.039484,0.1421447600,-0.3392260536,1.304558
-0.179712,-0.101917,-0.014353,-0.1145833622,0.0441957949,1.627251
-0.178747,-0.108629,-0.010323,-0.5942180760,-0.0109418984,1.313568
-0.193420,-0.119117,0.007964,-0.6995868518,0.1348360284,0.600891
-0.176016,-0.106177,-0.007779,-0.4035855327,-0.4827886478,1.268789
-0.208050,-0.129204,0.004698,-1.5637423134,0.3018908632,0.247261
-0.184885,-0.116133,-0.014557,0.1114221486,-0.7103891775,0.269729
-0.189153,-0.102435,0.001419,-0.9752542945,0.2915020116,0.764806
-0.174204,-0.103565,-0.009216,-0.4565309715,0.2821331622,0.824077
-0.183202,-0.093133,-0.008826,-0.1222531145,0.2445973944,0.144290
-0.174316,-0.108262,-0.028038,1.3054759223,-0.7875553745,0.514937
-0.183444,-0.087845,-0.021128,-0.1558057354,-0.0170354498,0.239150
-0.166336,-0.096970,-0.054997,1.5083760383,-0.8307100647,0.046323
-0.167882,-0.068157,-0.028415,0.9510907044,-0.7904425773,0.839563
-0.161308,-0.083758,-0.033930,0.2495613429,-0.4056470745,0.046707
-0.165693,-0.077745,-0.021056,-0.1839406646,-0.2198245766,-0.258583
-0.158665,-0.083781,-0.004260,-0.3462766276,-0.1354587125,-0.025835
-0.146271,-0.060811,-0.016474,-0.3948706161,-0.6629859695,-0.303067
-0.133693,-0.066496,-0.008212,-0.5019245824,-0.9206608782,0.402290
-0.135839,-0.064399,-0.014554,-0.4529701373,-0.6345632922,-0.478066
-0.123586,-0.065085,-0.016372,0.5906806364,-1.1285931267,0.115202
-0.120254,-0.050113,-0.002707,-2.2153373134,0.9731812173,-0.043941
-0.097717,-0.047110,-0.018893,-0.2475812457,-0.2951672965,0.190252
-0.088506,-0.035526,-0.022330,0.1816101263,0.0825979660,0.162170
-0.097192,-0.053924,-0.031908,0.5657192656,-0.6723054892,-0.290875
-0.080770,-0.028613,-0.039605,-0.1629126937,0.1652969373,-0.101846
-0.090919,-0.049309,-0.025057,-0.1939958859,0.0313292691,-0.987015
-0.081692,-0.034519,-0.028468,-0.0661067714,-0.0572322868,-0.235119
-0.082217,-0.036813,-0.008264,-0.6938343099,0.4713697233,-0.927284
-0.061154,-0.035001,-0.003794,-0.4553313927,-0.4297591064,-1.106364
-0.066672,-0.025357,0.001455,-2.7558003222,0.7571858265,-0.459602
-0.047210,-0.018208,0.000217,-1.6072244258,0.1440976354,-0.773603
-0.031244,-0.006749,0.000132,-0.8626799964,-0.4103955845,0.291177
-0.033375,-0.023913,0.008099,-1.2332461675,0.0127329796,0.094632
-0.031602,0.003013,-0.000154,-2.6989286541,1.3759184451,0.320037
-0.035354,-0.007681,-0.001883,-1.3823604313,0.4274114986,0.061229
-0.026514,-0.000302,-0.037232,-0.5872185912,-0.0891044351,0.314568
-0.031212,-0.006966,-0.012676,-0.5627049049,0.2485625150,0.243648
-0.025917,-0.007780,-0.028973,0.0398788289,0.2855061578,-0.594431
-0.021000,-0.005541,-0.031557,-0.3660297232,0.5645179223,-0.780335
-0.012026,0.002127,-0.033677,-0.1530418899,0.1548556710,-0.745226
-0.019218,-0.004153,-0.018657,-0.4209136777,0.3666761246,-1.112630
-0.012699,-0.005272,-0.029751,0.1380546598,-0.5431103150,-1.097471
-0.028799,-0.015874,-0.011041,-0.5348703360,-0.2624285974,-2.178933
-0.014133,-0.006624,-0.013868,0.0256206674,-0.2249857023,-1.266730
-0.015344,-0.001628,0.008945,-0.7475823727,-0.4213846523,-1.495996
-0.026183,-0.019528,0.003877,-1.0706858859,-0.1361623534,-1.775223
-0.022677,0.009670,0.003464,-1.3485740027,0.1864033095,-1.203586
-0.020836,-0.009250,-0.004332,-1.3138011450,0.4037936658,-1.367413
-0.019195,-0.000578,-0.013375,-0.4033169194,-0.2240413959,-1.259000
-0.025067,-0.004931,-0.023065,-0.0562863530,-0.1011908232,-1.064188
-0.021991,0.003430,-0.020068,-0.0819721635,-0.0773059520,-1.020357
-0.027519,-0.005942,-0.032033,-0.6579926156,0.2311113588,-1.464481
-0.031097,-0.002646,-0.031826,-0.1290114593,0.6439195977,-1.562229
-0.033211,-0.013842,-0.025697,0.7555845532,-0.4473451644,-1.608183
-0.028911,-0.000975,-0.034773,0.7856966942,-0.6660894063,-1.764076
-0.056490,-0.046299,-0.020426,-0.0306653432,-0.5634919325,-2.784547
-0.044735,-0.021999,-0.046538,0.1376145838,-0.8331225490,-2.493637
-0.070161,-0.045882,-0.008731,-0.6839203027,-0.0558827125,-2.587345
-0.045635,-0.024376,-0.021463,-0.6289976866,-0.6145179511,-1.708284
-0.055485,-0.030996,0.000775,-0.6975584387,-0.0865826572,-1.154127
-0.043616,-0.021740,-0.032965,-0.3394056617,-0.4699598504,-1.488364
-0.067095,-0.041103,-0.012909,-0.3424110281,0.1964267022,-1.793680
-0.048425,-0.026802,-0.020892,-0.4459733091,0.1177455697,-1.299135
-0.064197,-0.045436,-0.013047,-0.5132346027,0.6011235919,-1.674616
-0.053325,-0.048367,-0.021141,0.2660560732,0.2242266365,-1.591708
-0.050250,-0.046201,-0.027004,1.0745164633,-0.3287388920,-1.157809
-0.062201,-0.074088,-0.025156,0.4269225646,-0.0829944272,-2.070754
-0.057845,-0.064481,-0.021887,0.1606369000,-0.0675447276,-1.679996
-0.057195,-0.072598,-0.017166,0.5275751015,-0.8781931193,-1.344215
-0.061489,-0.066791,-0.008855,-0.3523610164,-0.0569711830,-1.243569
-0.070358,-0.081093,-0.012279,-0.4012298057,-0.2892064090,-0.895309
-0.062336,-0.079741,-0.022399,-0.5134040248,-0.3366598558,-0.913116
-0.076893,-0.090697,0.011916,-1.2231892629,0.2533720494,-0.837948
-0.062848,-0.073717,-0.004647,-0.4522874167,0.2053412147,-0.215342
-0.065460,-0.091863,-0.013884,-0.7037979945,0.5943001152,-0.534060
-0.060563,-0.094945,-0.021992,-0.1286185754,0.2441940926,-0.066519
-0.059385,-0.087248,-0.020721,0.2513596338,0.1746336567,-0.157206
-0.063576,-0.102849,-0.019612,0.0142409736,0.2287640898,-0.078323
-0.070302,-0.110875,-0.034074,-0.1135375313,0.0262472273,-1.175215
-0.067650,-0.106841,-0.008140,0.4515859165,-0.8727422486,-0.144428
-0.072908,-0.112874,-0.011146,-0.4843702793,-0.7618539335,-0.375124
-0.084443,-0.120962,0.000053,-0.8892070615,-0.1351998091,-0.583316
-0.062119,-0.096205,0.008240,-0.4483009557,0.3913539676,0.282877
-0.073929,-0.100226,0.006093,-1.1495041508,0.4126404073,0.258327
-0.079132,-0.103092,-0.003472,-1.5056875011,0.9925687478,0.882588
-0.079936,-0.097049,-0.012200,-0.8336512175,0.5862837355,0.845743
-0.079529,-0.102285,-0.039014,0.2025196673,-0.1894076466,0.693927
-0.090830,-0.098845,-0.026794,-0.2535481160,0.4578757809,0.333991
-0.101685,-0.106781,-0.025064,0.0014550017,0.3032861369,0.022753
-0.092291,-0.082915,-0.013996,-0.1274174325,0.2777005331,0.165887
-0.114566,-0.100972,-0.005602,-0.7139709512,-0.0414439626,0.493120
-0.112232,-0.093149,-0.011947,-0.8512853742,-0.1544935198,-0.188709
-0.131559,-0.101769,-0.005885,-0.8860744097,-0.2058158968,-0.013436
-0.120445,-0.078831,-0.009430,-0.9324404614,-0.1060162542,0.384136
-0.129389,-0.074384,0.005397,-0.4359930141,0.1311699478,0.503915
-0.127157,-0.067340,0.002564,-0.4037292354,0.4614444518,0.703871
-0.141295,-0.073911,-0.008799,-0.4355875846,0.5047701723,0.083369
-0.129724,-0.062111,-0.005465,0.8457282254,-0.5475637442,0.551789
-0.156896,-0.067599,-0.015693,-0.4042502783,-0.1605540210,-0.626006
-0.165207,-0.076724,-0.010198,-0.0083492602,-0.4413073430,-0.749889
-0.168437,-0.064559,0.014388,-1.9385645945,0.3252656285,-0.802359
-0.159105,-0.064310,-0.000856,-0.3465472137,-0.3154253813,-0.517229
-0.165880,-0.052359,0.014680,-0.6455816948,-0.3122542958,-0.237786
-0.157766,-0.051669,0.008985,-0.5015547223,-0.4515902618,0.230677
-0.163323,-0.043617,-0.001640,-0.5825345691,-0.7322414708,0.141608
-0.171057,-0.042111,0.008118,-0.7355556820,-0.5226338131,0.653928
-0.166290,-0.038096,-0.011560,0.1694457959,-0.6380192723,0.244713
-0.176479,-0.051417,-0.016825,-0.4591036783,-0.3311428967,0.101667
-0.176371,-0.029713,-0.016323,-0.4592352912,0.0839151430,-0.017502
-0.177707,-0.037486,-0.022382,0.4017735147,-0.6389278593,0.058142
-0.169524,-0.022826,-0.052554,0.2565893350,-0.4923662350,0.106886
-0.189277,-0.044973,-0.020728,-0.2203102038,-0.0951864665,-0.410301
-0.179932,-0.027579,-0.031054,-0.0326772305,-0.8274646236,0.003794
-0.192822,-0.039596,0.001731,-0.1799808016,-0.7302898927,-0.461104
-0.173443,-0.029020,0.008890,-0.1710032244,-0.8041142728,0.040860
-0.176903,-0.033823,0.003536,-0.9039141479,-0.5590112298,-0.096622
-0.167062,-0.025626,-0.002701,-1.9623818089,0.6436750031,0.316401
-0.160467,-0.016321,-0.000587,-1.1985328649,0.2734081834,0.721946
-0.147722,-0.026345,-0.016838,-0.2766070720,-0.2591315024,0.695014
-0.157884,-0.022098,-0.025333,-0.2784142587,-0.1826896416,0.736317
-0.155225,-0.042597,-0.027736,-0.4213252971,-0.1971528211,0.645538
-0.140559,-0.032021,-0.034911,-0.1548624512,-0.1489376337,0.637601
-0.147869,-0.035451,-0.022737,-0.2690531332,0.1513103034,0.548559
-0.128477,-0.025712,-0.043905,0.1092181618,-0.6728925946,0.809568
-0.137963,-0.047287,-0.028822,0.4677292063,-0.8663332506,0.484981
-0.125056,-0.044313,-0.027362,-0.0145973098,-0.6269392823,0.510509
-0.129517,-0.047241,0.009480,-0.6066412138,-0.8427494043,0.295125
-0.114014,-0.043785,0.002082,-0.8910302765,-0.2481877100,0.758261
-0.117300,-0.051581,0.000181,-1.6025220451,0.1191223977,0.765496
-0.104600,-0.044054,-0.014160,-1.5512099869,0.4444834895,1.597348
-0.103254,-0.043210,-0.018565,-0.7444468569,0.0091942204,1.354424
-0.100054,-0.053261,-0.050372,-0.1586982328,0.2372425976,1.914251
-0.094540,-0.042367,-0.040580,0.0041233718,0.2017738895,1.188389
-0.088155,-0.057542,-0.033651,0.0207702326,-0.2460749019,1.259799
-0.085185,-0.050967,-0.043452,-0.0736216725,0.1532655228,1.247746
-0.089974,-0.067885,-0.031438,-0.7345749251,0.1051949078,1.001139
-0.079388,-0.047143,-0.026919,-0.3684007290,-0.2553927801,1.367647
-0.081203,-0.063102,-0.031064,-0.5646571983,-0.5478169564,1.124530
-0.082306,-0.059688,-0.018489,-0.5421849855,-0.6870439420,0.571461
-0.080671,-0.074308,-0.010775,-0.7495053226,-0.5913132992,0.748067
-0.061774,-0.058129,-0.037314,1.9162513948,-2.0964312241,1.011551
-0.082572,-0.068101,-0.011012,-1.4553550217,0.4794091594,0.823612
-0.078646,-0.061789,-0.038016,-1.2224140543,0.2839547501,1.039685
-0.089084,-0.062219,-0.034169,-0.6356082477,0.1884842213,0.864091
-0.082848,-0.067976,-0.059536,-0.3550209753,-0.1366143670,0.707460
-0.101754,-0.072332,-0.040429,0.3775274147,0.0317326634,0.468672
-0.092862,-0.063565,-0.042313,-0.5806620734,0.3645597869,0.227829
-0.101236,-0.076898,-0.017803,-0.3486374004,0.1977883091,0.143517
-0.087413,-0.071016,-0.044292,0.2855449314,-0.9486216710,-0.233294
-0.108556,-0.079206,-0.015125,-0.2187047824,-0.2195877950,-0.540688
-0.100510,-0.075546,-0.015673,-0.3385002073,-0.6046195574,-0.731437
-0.109655,-0.086959,0.004183,-1.0615128295,-0.2121041536,-0.717753
-0.103934,-0.077361,0.005463,-1.6770094256,0.8240424700,-0.751673
-0.097536,-0.064326,-0.004276,-0.7222112565,-0.0523025901,-0.028473
-0.091142,-0.067100,-0.011396,-0.2654275470,-0.2072539971,-0.150504
-0.087899,-0.067914,-0.017984,-0.0131153099,-0.0032023830,-0.018061
-0.091605,-0.068196,-0.029118,0.0109127355,-0.0224685877,-0.285823
-0.105575,-0.077246,-0.020616,-0.4656699954,0.4371419084,-0.606885
-0.092337,-0.077059,-0.023948,-0.0785800608,0.4265533422,-0.639758
-0.084942,-0.065406,-0.024916,0.8347973348,-0.4278866021,-0.655734
-0.089852,-0.079905,-0.034898,-0.1300554550,0.1755453441,-0.912293
-0.080704,-0.069362,-0.044329,1.0855834176,-0.2677123648,-0.888610
-0.092350,-0.087021,-0.041778,1.0839848405,-0.8022771817,-0.987897
-0.087157,-0.063178,-0.028593,-0.0462810596,-0.0959411466,-1.845599
-0.096663,-0.073616,-0.016277,-0.2243421159,-0.0417019430,-1.354877
-0.080760,-0.070862,-0.022756,-0.4511908614,-0.6020314959,-1.282834
-0.096982,-0.079353,0.006260,-0.7163221400,0.0110736590,-1.317027
-0.079818,-0.061385,-0.023416,-0.4125395183,-0.0146234058,-1.018900
-0.081288,-0.068269,0.003487,-0.2983334005,0.1328213927,-1.034793
-0.067138,-0.060886,-0.007848,-0.1657812656,0.3108484250,-1.023653
-0.077461,-0.059357,0.005105,-0.6015286653,0.7259917895,-0.846910
-0.052846,-0.069378,-0.016858,0.4480172173,-0.1046154169,-1.158114
-0.055521,-0.051190,-0.018903,-0.4927105926,0.5820202203,-0.677349
-0.043097,-0.065741,-0.039326,0.3292606390,-0.0304798443,-1.086212
-0.034251,-0.051413,-0.048146,1.3157196842,-0.5621126585,-1.094376
-0.048815,-0.066611,-0.015972,0.1323279781,0.1145647813,-1.317401
-0.038213,-0.046155,-0.037577,0.1094673824,0.1922510680,-1.078863
-0.050079,-0.058950,-0.000872,-0.2576565475,0.5154297689,-1.319771
-0.025736,-0.045876,0.003457,-0.0960447901,0.2357995437,-0.966771
-0.028375,-0.054308,-0.004733,-0.2531025540,-0.3262764831,-1.372556
-0.021837,-0.050179,0.005203,-0.8521774424,-0.0930426272,-1.340135
-0.017924,-0.044274,0.005171,-0.5105183681,-0.4265057518,-1.005566
-0.011740,-0.046408,-0.002028,-0.6297663104,-0.2433252465,-0.497887
-0.001200,-0.034581,0.002538,-0.2760990336,-0.3074095541,-0.599091
-0.011484,-0.033550,0.000080,-1.0497680763,0.4508863556,-0.457842
0.010105,-0.023752,-0.018975,-0.8048270898,0.0213625892,-0.140285
-0.020150,-0.025676,-0.003584,-1.7973581356,1.5368683898,-0.601383
-0.009646,-0.027402,-0.021942,-0.1651471917,0.3407666733,-0.817449
-0.008523,-0.032592,-0.017186,-0.3248353483,0.5268386726,-0.988107
-0.002592,-0.027970,-0.025392,0.0171546820,0.1862227809,-0.817820
-0.008490,-0.021412,-0.008409,-0.1393860833,0.1584642218,-1.025300
-0.001781,-0.024222,-0.007930,-0.2810758219,-0.4340936044,-0.581386
-0.007502,-0.019301,-0.001742,-0.5475518804,-0.7181556766,-1.086042
-0.019119,-0.036514,0.017499,-0.8827590705,-0.4538255610,-1.313528
-0.017665,-0.017699,0.001957,-0.8608671403,-0.4422196256,-1.068533
-0.017166,-0.025853,0.018162,-0.6511689696,-0.1146577396,-0.622804
-0.016089,-0.006601,-0.009354,-1.2230124203,0.0555563497,-0.650669
-0.023649,-0.014794,-0.003794,0.4187622848,-0.6400564464,-0.679361
-0.032239,-0.007882,-0.017951,-0.3378705306,0.0753710746,-0.541010
-0.042746,-0.013412,-0.008580,-0.1572346497,0.3190475980,-0.759449
-0.041735,-0.020647,-0.024270,0.2284623127,0.1838743332,-0.864556
-0.049619,-0.013849,-0.010162,-0.0275257622,0.3192179813,-1.100987
-0.054704,-0.033206,-0.015837,0.2448020179,-0.3760224672,-1.321971
-0.058101,-0.017263,-0.015814,-0.4118790837,-0.3542614995,-1.250345
-0.084554,-0.034157,0.004938,-0.2566891100,-0.2258945802,-1.002964
-0.066636,-0.018106,-0.018194,-0.2998905116,-0.8927876028,-1.084523
-0.083980,-0.032021,0.016147,-0.7424975520,-0.4545134846,-0.801820
-0.078817,-0.023404,-0.001017,-0.3842419772,-0.4837306268,-0.831010
-0.091897,-0.030412,0.007997,-0.0043448527,-0.4251995057,-0.559510
-0.093732,-0.034459,-0.012256,-1.3985698061,0.7574580378,-0.765273
-0.101981,-0.039432,-0.003315,-0.8174927353,0.6208690476,-0.666573
-0.105050,-0.043923,-0.017678,-0.2242395269,0.1687557464,-0.787308
-0.102234,-0.046861,-0.010500,0.1324963492,-0.2585595914,-0.997571
-0.114411,-0.058126,-0.008744,-0.0850510056,-0.3027526630,-1.008151
-0.119066,-0.060243,-0.006246,-0.2819104213,-0.8619871728,-0.987448
-0.123031,-0.071059,0.000188,-1.0993649436,-0.2178279383,-0.908177
-0.127141,-0.061513,-0.012860,-1.8931401467,0.3101110801,-0.146359
-0.137021,-0.065633,0.008338,-0.7636530990,-0.1851359669,0.129930
-0.119397,-0.061077,-0.014143,-0.5144579732,-0.1247873480,0.477173
-0.133049,-0.067241,0.000362,-0.6852338364,0.1921801803,-0.179791
-0.122529,-0.078671,-0.021952,0.2056809661,-0.0537761166,0.123746
-0.133427,-0.068439,-0.035489,-0.4829190752,1.0424296258,0.379225
-0.133876,-0.094210,-0.027736,-0.2389709172,0.0300562299,0.445908
-0.128601,-0.085738,-0.036408,0.0058319763,-0.0708547207,0.251368
-0.135810,-0.087894,-0.033316,0.9207467186,-0.8749759025,0.187681
-0.136739,-0.087763,-0.043689,0.2704901196,-0.3771633700,0.374364
-0.140100,-0.099695,-0.021371,-0.1718920818,-0.7222478190,0.124941
-0.135613,-0.107218,-0.005090,0.1520608089,-1.2177349531,0.530014
-0.134743,-0.105278,-0.013490,-0.7179877788,-0.1728253120,0.852228
-0.145299,-0.120555,-0.007313,-1.2134154447,0.2181687991,1.024786
-0.129557,-0.099117,-0.029692,-0.8744805439,-0.6202967323,1.603273
-0.137585,-0.107615,-0.002628,-1.8181102691,0.6888806402,1.307706
-0.126566,-0.106795,-0.029984,-0.2510334880,0.3529512444,1.582125
-0.138981,-0.109043,-0.014902,-0.5236736303,0.5721446657,1.408362
-0.122969,-0.117295,-0.036884,-0.0677985735,0.4520494261,1.553485
-0.135921,-0.115979,-0.035627,-0.5652749056,0.5463251433,1.021333
-0.133732,-0.127792,-0.037383,-0.6569903243,-0.0672126217,1.184260
-0.124088,-0.117256,-0.032482,0.7949706844,-1.4132383841,1.111653
-0.142440,-0.131521,-0.026646,-1.6491800133,-0.3044575739,0.790870
-0.131395,-0.112309,-0.021650,-0.5066452752,-0.5170233580,1.434237
-0.137080,-0.124057,-0.008022,-0.8478134706,-0.5340620064,1.416634
-0.123720,-0.111223,-0.025139,-1.6932505117,-0.0163999163,1.567022
-0.144653,-0.112936,-0.001581,-1.6923246906,0.8659276530,2.105477
-0.125565,-0.109447,-0.034448,-0.8916915802,0.2922948784,1.700644
-0.126819,-0.103637,-0.035000,-0.4476517642,0.2941044004,1.615753
-0.129297,-0.107868,-0.057307,-0.0533264953,0.1421878008,1.449570
-0.127551,-0.104999,-0.053398,0.1378266602,-0.1508412219,1.041507
-0.141413,-0.106831,-0.031255,-0.0801501218,0.1263139169,0.939291
-0.138344,-0.099032,-0.048166,-0.4593069122,-0.1255489082,1.437428
-0.129767,-0.095362,-0.024572,-0.9761700495,-0.0222441226,0.307497
-0.119046,-0.089726,-0.009466,-0.2613919734,-0.1962921787,0.912484
-0.129182,-0.088282,-0.026909,-0.3695120572,-0.6355136570,0.483019
-0.129458,-0.085892,-0.026781,-0.5334693931,-0.4770440932,0.907731
-0.130607,-0.064661,-0.026987,-0.4821682996,0.2114420073,0.719880
-0.140464,-0.081894,-0.023886,-0.5225780194,-0.0147616805,0.863365
-0.117507,-0.068367,-0.040573,0.0869716468,-0.5467966890,0.283483
-0.139437,-0.066371,-0.017531,-0.8049485869,0.7208221499,0.105784
-0.115173,-0.054518,-0.031691,0.0797780499,0.5101016357,0.086769
-0.135127,-0.056649,-0.033720,-0.2072688149,-0.3497941183,-0.251043
-0.110118,-0.051807,-0.037170,0.8034640834,-0.6184033856,-0.584394
-0.124183,-0.046847,-0.033588,-0.0771664514,-0.5342762144,-0.651806
-0.124321,-0.049779,-0.032581,-0.1661000242,-0.5514156811,-0.515299
-0.108533,-0.039327,-0.010493,-0.5103798990,-0.3189699162,-0.397509
-0.123501,-0.050100,-0.003935,-0.8587377049,-0.3777073353,-0.326667
-0.108057,-0.031298,-0.030700,-0.6567758911,-0.5981892127,-0.906983
-0.124810,-0.027773,-0.001256,-0.7832688323,0.1059765865,-0.372694
-0.094169,-0.014824,-0.026722,-0.1592824620,-0.3064353169,-0.632108
-0.113010,-0.024290,-0.021066,-0.8775435975,0.6900719033,-0.535549
-0.091392,-0.016547,-0.016996,0.3691647232,-0.0131859430,-0.170630
-0.105427,-0.013718,-0.020291,0.3029153160,0.0817347178,-0.015193
-0.085999,-0.022400,-0.029069,-0.0591045321,-0.0812640526,-0.671691
-0.099010,-0.016426,-0.025806,0.2442613840,-0.2147808727,-1.145226
-0.071763,-0.026651,-0.043577,0.3643810712,-0.7144334714,-1.409461
-0.073660,-0.004602,-0.033818,-0.6150264702,-0.1929270945,-1.017190
-0.088523,-0.023513,0.012349,-1.3121643657,0.1079866508,-1.206295
-0.056552,-0.011131,-0.010283,-0.9168859859,-0.4370911123,-0.696913
-0.073004,-0.013567,0.005916,-1.1879468894,-0.0880003692,-1.271934
-0.062940,-0.003047,0.008279,-0.5974863235,0.1724593310,-0.359468
-0.051628,-0.003306,-0.008501,-0.4094967872,-0.1851592409,-0.762923
-0.046993,-0.019393,-0.013943,0.1514154009,-0.0598108326,-0.443616
-0.043954,-0.018700,-0.017094,-0.7300108156,0.5977981772,-1.024060
-0.034770,-0.020145,-0.032289,1.3486028021,-1.1215934276,0.232205
-0.021486,-0.012520,-0.014199,0.4180528550,-0.6060312148,-0.887468
-0.039641,-0.033833,-0.014248,-0.1511369415,-0.2929908616,-0.809217
-0.033929,-0.032086,-0.019185,-0.1543559350,-0.9027703219,-0.975506
-0.046655,-0.041550,-0.006666,-0.4121853813,0.0485859774,-0.702929
-0.033923,-0.033757,-0.021522,-0.6363459467,-0.3285435109,-0.513200
-0.056427,-0.042734,0.020549,-1.2159964495,0.3353183677,-0.098602
-0.040954,-0.038090,-0.008238,-1.0437706100,-0.1411837279,0.112541
-0.041886,-0.045915,0.008650,-0.9703401527,0.2367275549,-0.067330
-0.025044,-0.040952,-0.010559,-0.0523323892,-0.1510103570,-0.022958
-0.024433,-0.041806,0.003759,-1.1116088076,0.7019290671,-0.025466
-0.016227,-0.035402,-0.006059,0.2365252095,0.2569836800,0.018030
-0.047161,-0.051840,-0.003636,-1.1533796090,0.9365739168,-0.234764
-0.022441,-0.049447,-0.000364,-0.2344712357,0.3518599068,-0.296329
-0.019953,-0.048791,-0.034711,0.5480280295,0.1547263910,-0.584554
-0.035147,-0.076032,-0.031392,-0.0825218864,-0.1523500999,-0.298922
-0.036401,-0.064625,-0.025130,0.0368405188,-0.3447003496,-1.140651
-0.065976,-0.083575,-0.000780,-0.4948727387,0.1350472733,-1.074126
-0.045234,-0.068282,-0.000492,-0.6102772235,0.3063508421,-0.903794
-0.050795,-0.071577,0.010941,-0.8059621527,0.4244426026,-0.993231
-0.054366,-0.070205,0.000487,-0.2791111874,-0.2421007575,-0.279707
-0.051303,-0.055441,-0.007647,-0.0622987656,-0.3308986272,-0.370798
-0.056358,-0.072014,-0.008517,-0.0138677080,-0.1832095748,-0.105206
-0.058170,-0.066526,-0.012903,0.0708760935,-0.1913270050,-0.254994
-0.063484,-0.073750,0.005108,0.3825980840,0.3761113203,-0.729713
-0.075557,-0.060916,0.003927,0.1787312270,0.6453475661,-0.432768
-0.076115,-0.065098,-0.003813,-0.0501600292,0.4340842809,-0.936153
-0.078331,-0.075467,-0.007670,0.3586721350,-0.2889396390,-0.990011
-0.083452,-0.066706,-0.015712,0.6051685064,-0.3568373998,-0.986430
-0.078016,-0.075753,-0.006085,-0.1005277075,-0.2533610969,-1.214244
-0.084873,-0.069733,0.010541,-0.2526153309,-0.2715085880,-1.176037
-0.080615,-0.079127,0.007797,-0.1728096704,-0.3633671292,-1.156289
-0.077799,-0.054597,-0.000853,-0.3485161273,-0.3853096398,-0.577212
-0.088227,-0.062679,0.000667,-0.3377284293,-0.1135887988,-0.545208
-0.085001,-0.060197,-0.007191,-0.0874771798,-0.1430309199,-0.693528
-0.094851,-0.058963,-0.001929,0.0114799987,0.1276879410,-0.706957
-0.078118,-0.065052,-0.014399,0.3387044183,-0.0318607388,-0.548832
-0.091080,-0.057768,-0.011376,-0.3950266565,0.6386317605,-0.625254
-0.076696,-0.057220,-0.026548,0.4008536540,0.0200688951,-0.696276
-0.072833,-0.054341,-0.018479,0.6322171928,-0.6083997006,-1.010050
-0.086288,-0.060804,-0.018555,1.1907144934,-1.4573640002,-0.863736
-0.070223,-0.054873,-0.017065,0.1585354585,-0.6106665312,-1.321524
-0.096880,-0.067635,0.013190,-0.1251966352,-0.6215749331,-1.431798
-0.077776,-0.059317,0.014237,-0.7614253406,-0.3853793760,-1.103846
-0.086160,-0.052821,0.014841,-0.5250201621,-0.5194915957,-0.782473
-0.077412,-0.046004,0.002577,-1.5995965878,0.8339054383,0.398303
-0.065415,-0.042583,0.006569,-1.0618584228,0.3085812613,0.036378
-0.071940,-0.047044,-0.012285,-0.8692228938,0.1515237848,0.008536
-0.067440,-0.033750,-0.022619,-0.1259470318,0.1028913419,-0.181389
-0.078735,-0.047849,-0.019901,-0.1725943860,0.2565677543,-0.151552
-0.063018,-0.037020,-0.045366,0.1116113147,-0.2880835323,-0.214975
-0.083337,-0.049884,-0.025543,-0.3008667872,0.5648014382,-0.340742
-0.067023,-0.036255,-0.018017,-0.2461023967,0.4341341451,0.172629
-0.071077,-0.049444,-0.015174,-0.2789998611,0.0989600653,-0.350132
-0.064843,-0.044770,-0.016595,0.0648150106,-0.4141651085,-0.249378
-0.065014,-0.041444,-0.011393,-0.5574216227,-0.2491545718,-0.385048
-0.054543,-0.048508,-0.015627,-0.3287152219,-0.6022714655,-0.053843
-0.064167,-0.048177,0.002929,-1.3768437221,-0.1720112808,0.025625
-0.068900,-0.046178,0.007298,-2.2504628254,0.7457580458,0.673565
-0.060950,-0.036613,-0.016198,-2.0594338753,1.0348898932,0.498066
-0.070167,-0.044389,0.008499,-2.0418411445,1.3136133967,0.724354
-0.060767,-0.035260,-0.021201,-0.9597536810,0.2755598617,0.488892
-0.066659,-0.034663,-0.021289,-0.6447488381,0.7348022544,0.289008
-0.057645,-0.044510,-0.034317,-0.1391048732,0.1847652920,0.418408
-0.061292,-0.039462,-0.036296,0.0366494713,0.2213067463,-0.262665
-0.078492,-0.054335,-0.033208,-0.0763874220,0.2493711040,-0.216573
-0.069019,-0.042193,-0.043915,-0.2912971880,0.0448284702,0.134181
-0.085027,-0.056803,-0.019093,-0.8647932279,0.0771681912,-0.125883
-0.075341,-0.044130,-0.015985,-0.7880723892,-0.4146354181,-0.014674
-0.082503,-0.050563,-0.008721,-0.5821377201,-0.6969901083,-0.192487
-0.082142,-0.043358,0.004429,-0.9031058694,-0.1660552504,0.110325
-0.088241,-0.044592,-0.008455,-1.1977453191,-0.0898857471,0.023691
-0.082024,-0.046595,-0.027483,-0.4338686406,-0.3963725293,0.233958
-0.087843,-0.034338,-0.011015,-1.3169640934,0.2065632785,0.255763
-0.097566,-0.051098,-0.015259,-0.5707451393,0.0420964206,0.456536
-0.099499,-0.044024,-0.050017,-0.0202891149,-0.1336397778,-0.017701
-0.118623,-0.059373,-0.035548,0.7223023376,-0.3777916529,-0.455142
-0.114612,-0.046046,-0.025290,0.0148880378,0.3122148379,-0.134372
-0.124364,-0.048748,-0.039769,-0.0054694374,0.2427246565,-0.327045
-0.115386,-0.061313,-0.042175,0.2845902762,-0.1942311823,-0.449565
-0.123789,-0.047353,-0.037842,0.2666074474,-0.2245323554,-0.612095
-0.138065,-0.062423,-0.033191,-0.3363261453,0.0462920285,-0.755226
-0.131973,-0.060781,-0.056227,-0.0251328922,-0.5777654463,-0.591471
-0.145985,-0.068866,-0.014547,-0.5270101906,-0.3852784263,-0.906126
-0.132380,-0.054824,-0.023278,0.1351416298,-0.7791478309,-0.337529
-0.141232,-0.064083,-0.003941,-0.4960930918,-0.8062124403,-0.382026
-0.138189,-0.066608,-0.004362,-1.2080184887,-0.3812113989,0.026888
-0.137953,-0.066611,-0.009925,-1.2534751662,0.3723373260,-0.280959
-0.139745,-0.073396,-0.017091,-0.9902072754,-0.0645193110,0.469695
-0.127620,-0.062308,-0.036270,-0.4927760023,-0.3814310728,0.616801
-0.155449,-0.081602,-0.011741,-1.3903355949,0.9849801100,-0.043330
-0.128959,-0.064671,-0.040606,0.2905666745,0.0832962433,0.429394
-0.148713,-0.080607,-0.024575,-0.4890336410,0.4012108871,-0.314391
-0.127531,-0.074712,-0.024345,0.2591958993,0.0592904667,0.206943
-0.129136,-0.067996,-0.032889,0.3817296296,-0.3970608868,0.195339
-0.119850,-0.083811,-0.027342,0.5723337770,-0.5482228194,0.215658
-0.115682,-0.072700,-0.023817,0.1617465921,-0.3374026845,-0.096328
-0.115938,-0.093067,-0.013881,-0.0534033211,-0.7458572654,0.002178
-0.116873,-0.093543,-0.019907,-0.6417734185,-1.1433501678,0.490871
-0.134224,-0.093829,0.016062,-1.7400810388,0.5985292315,0.499996
-0.112344,-0.087054,-0.015962,-1.9598397010,0.5903000631,0.716995
-0.119644,-0.085731,0.005945,-0.9781067062,0.4529674896,0.765056
-0.101754,-0.082019,-0.009489,-0.5340868542,0.1955744328,1.155897
-0.102178,-0.079370,-0.017055,-0.2699908949,0.3749860524,1.460090
-0.095334,-0.085245,-0.027132,0.0698592959,0.2812958499,1.475045
-0.092889,-0.080420,-0.019172,-0.2842776393,0.3601866854,0.748454
-0.100103,-0.095004,-0.019717,-0.2657304491,0.1743773611,0.760478
-0.081581,-0.085232,-0.029544,-0.8426454642,0.4633752432,0.983070
-0.095222,-0.097404,-0.017724,0.6235305025,-0.3853434897,0.852934
-0.080435,-0.082075,-0.023863,-0.1725428244,0.0897830616,0.890541
-0.191447,-0.097856,0.100594,-18.0787658286,12.5256890467,-0.305196
-0.081469,-0.099192,-0.013359,-0.5614017730,-0.4585143943,0.334204
-0.075403,-0.084835,-0.009289,-0.5088602455,-0.2596157991,0.847883
-0.096539,-0.102360,0.018405,-1.0141149848,0.1119453217,0.240464
-0.079427,-0.083118,0.002187,-1.0234604097,0.2961185708,0.702047
-0.072278,-0.072099,0.007199,-0.8683716217,-0.1789337686,0.797543
-0.073755,-0.088118,-0.006886,-0.6425479356,-0.6453136707,0.887220
-0.077169,-0.079842,0.012346,-0.9521215682,-0.2626969312,0.702185
-0.075213,-0.080066,-0.004437,-0.7454925974,-0.1671910554,0.874336
-0.074513,-0.071357,-0.014829,-0.7839175410,-0.1474890100,0.634517
-0.079805,-0.072408,0.005364,-0.5280342038,0.2696319310,0.724171
-0.081876,-0.061116,0.010606,-1.2814297009,1.2803606518,0.098029
-0.078009,-0.062583,-0.009197,-0.8989864419,0.3865478073,0.231431
-0.067440,-0.072188,-0.016822,0.6243435847,-0.6961871900,0.053956
-0.066192,-0.046657,-0.029321,1.2367630840,-0.6842115016,-0.320144
-0.074241,-0.067770,-0.027152,0.4744716322,-0.5113970262,-0.423849
-0.072830,-0.055392,-0.031025,0.2072980973,-0.5391851632,-0.370067
-0.096072,-0.068587,0.002046,-0.3618364482,-0.0335611124,-0.907940
-0.081994,-0.051134,0.007367,-0.8486062889,0.1797627919,-0.986726
-0.083829,-0.048344,0.012874,-0.8302422460,-0.0694077526,-0.908275
-0.074694,-0.045298,0.006070,-0.0169891843,-0.4102921304,-0.765289
-0.078823,-0.038080,0.007051,-0.4755929361,-0.6359011290,-0.522973
-0.085411,-0.049726,-0.007076,-0.6265548854,-0.7190268953,-0.771280
-0.058922,-0.026726,0.000844,-0.2520920372,-0.3505682167,-0.803280
-0.074894,-0.041333,0.003257,-0.6326885233,0.3829313323,-0.564397
-0.061397,-0.030245,-0.026938,0.0885578668,-0.0401892753,-0.637527
-0.078380,-0.034712,-0.025734,0.6738181777,-0.2588146812,-1.048295
-0.063560,-0.034607,-0.034304,1.0677753849,-0.4066747822,-1.171763
-0.069445,-0.034446,-0.017468,0.2155525296,0.1957699329,-1.230883
-0.064725,-0.049299,-0.022182,0.0869522955,-0.0817622063,-1.396476
-0.067525,-0.029651,-0.010569,-0.3444770199,0.1109522995,-1.581271
-0.064518,-0.047261,-0.005609,-0.4568382311,0.0491649729,-1.351660
-0.063763,-0.034548,-0.019261,-0.5837603883,-0.5829526520,-1.581402
-0.074582,-0.037036,-0.000117,-0.8221852394,-0.0427486078,-1.422046
-0.050493,-0.017926,-0.027322,-0.2345938264,-0.5749324265,-0.771227
-0.061167,-0.030786,-0.009571,-0.2423811226,0.4327015809,-0.984425
-0.045356,-0.029109,-0.020423,-0.4414558471,0.7353940436,-0.810629
-0.040960,-0.022544,-0.018204,0.7286169718,-0.2190183857,-1.068521
-0.036706,-0.032822,-0.041630,0.4560072812,-0.2012962204,-0.795290
-0.032127,-0.016921,-0.029929,0.2264716895,-0.1011735272,-1.021178
-0.046527,-0.044248,-0.009863,-0.0623222027,-0.5738052215,-1.751809
-0.038482,-0.035191,-0.013720,-0.5642032423,-0.7285806815,-1.550195
-0.044853,-0.025922,0.020289,-2.1380408536,0.9249006129,-0.498492
-0.026508,-0.020910,0.003969,-1.7310348653,0.8611276637,-0.163844
-0.027506,-0.027340,-0.009961,-1.1437969232,0.3358036154,-0.521836
-0.021794,-0.032910,-0.025202,-0.6174468025,0.2171707671,-0.135897
-0.024240,-0.023293,-0.016086,-0.6620175417,0.5338639823,-0.576630
-0.025687,-0.034860,-0.032177,-0.2220144828,0.1225336358,-0.722643
-0.019411,-0.029667,-0.045169,0.0726964439,0.1498579343,-0.336402
-0.038160,-0.041376,-0.021237,-0.0113587513,0.4450820657,-0.767711
-0.024187,-0.033491,-0.011258,-0.2607173462,0.7419663099,-0.349610
-0.026836,-0.033878,-0.008809,-0.3272907843,0.1761777328,-0.787067
-0.021246,-0.040315,-0.021722,0.4070829176,-0.6001977038,-0.870527
-0.028622,-0.026086,0.002886,-1.1297765183,0.0129756692,-0.658012
-0.034898,-0.048994,-0.005694,-0.7599115554,-0.7183914232,-0.743946
-0.023862,-0.037735,0.009562,-0.5995197538,-0.3405686737,-0.706457
-0.038118,-0.044264,0.013895,-1.5912017382,0.3375257444,-0.431963
-0.033089,-0.030219,-0.017255,-1.6878171909,0.4768088715,-0.121015
-0.045950,-0.037318,0.007580,-1.4016959023,0.7792934805,0.086091
-0.036532,-0.037440,-0.008534,-0.5492567190,0.6174834562,-0.361214
-0.048756,-0.041980,-0.020147,-0.5625936395,0.4760112324,-0.368721
-0.053470,-0.050780,-0.045412,-0.0572265204,-0.0173652409,-0.645036
-0.052222,-0.042751,-0.038515,-0.2867198944,0.1609605753,-0.659407
-0.068228,-0.054026,-0.011015,-0.2660137122,0.1985367350,-0.643661
-0.064384,-0.042777,-0.005514,-0.5298129647,0.1795530266,-0.862567
-0.083346,-0.043749,0.001432,-0.7638368150,-0.1149141723,-0.761445
-0.072764,-0.054699,-0.005550,-0.2025212339,-0.5661870667,-0.904146
-0.073138,-0.054522,0.010652,-0.6107912693,-0.2044055112,-0.405455
-0.076782,-0.056567,-0.015043,0.0812456369,-0.7422124289,-0.030114
-0.080983,-0.045534,-0.008603,-0.0273706417,-0.1288353421,-0.349417
-0.099775,-0.060755,-0.001486,-0.7721260097,0.5913025214,-0.596043
-0.093322,-0.053567,-0.017025,-0.3139428922,0.3917049600,-0.584052
-0.106054,-0.060502,-0.015440,-0.1174714138,-0.0499584572,-0.925672
-0.090010,-0.059767,-0.037678,1.2607230717,-0.5951355856,-0.393917
-0.099542,-0.059632,-0.021020,0.2968603262,-0.1673128322,-0.518906
-0.107873,-0.071994,-0.010457,-0.3478924330,-0.3998413695,-0.543239
-0.104371,-0.062547,-0.000616,-0.6227576481,-0.3009578874,-0.520531
-0.125198,-0.074049,0.003421,-0.8607810115,-0.2424784462,-0.696782
-0.106465,-0.068091,-0.008369,-0.3260016548,-0.4483854295,-0.328515
-0.123028,-0.064796,0.011463,-0.6552784094,-0.1331274981,-0.271299
-0.107384,-0.071715,-0.002313,0.7375104129,-0.7648784938,-0.296606
-0.106770,-0.062518,0.001422,-0.7039477103,0.1043327999,-0.178924
-0.109035,-0.070159,-0.006144,-0.2082133368,0.1015659218,0.215402
-0.104098,-0.066604,-0.037557,0.8319530076,-0.5323891214,-0.089159
-0.131113,-0.087336,-0.019651,-0.2441948657,0.4069700857,-0.314797
-0.111664,-0.067176,-0.017596,0.3152381218,0.3084204435,0.295415
-0.114622,-0.078510,-0.021847,-0.1277999943,0.3888119167,-0.036896
-0.108900,-0.082183,-0.022474,0.2229254366,-0.0562278175,0.030332
-0.110834,-0.071669,-0.003515,-0.3449268832,-0.1690568865,-0.040264
-0.129813,-0.083765,0.005670,-0.6061819238,-0.0727738907,-0.076125
-0.104321,-0.071584,-0.020652,0.0283671002,-0.3434247411,0.379124
-0.117228,-0.074689,0.006930,-0.9614811396,0.0543778157,0.382107
-0.108408,-0.078178,0.001566,-1.4429377251,0.7528045479,0.679404
-0.097366,-0.063611,-0.008790,-0.8473388147,0.3212901217,0.574711
-0.097582,-0.077203,-0.031350,-0.1925361665,0.2622175773,0.822992
-0.086002,-0.064950,-0.054688,1.1896252863,-0.9301085622,0.763264
-0.114336,-0.080414,-0.020088,-0.1226547692,0.1879037080,0.268558
-0.104403,-0.070990,-0.038535,-0.0544949908,-0.0873940929,0.129185
-0.111405,-0.070701,-0.015817,-0.1458764672,0.4506325472,0.395014
-0.095738,-0.065741,-0.024293,-0.2241992791,0.3607834576,0.221084
-0.102824,-0.067993,0.002643,-0.7359003716,0.3104691671,0.327235
-0.085818,-0.058566,-0.004463,-0.4666165243,-0.5318455277,0.370087
-0.085326,-0.055940,-0.009095,-0.2571780988,-0.8947635337,0.870912
-0.087623,-0.056186,-0.017895,-0.4948713144,-0.4001722597,0.402209
-0.077553,-0.043906,-0.026492,0.6733065680,-0.7141468152,0.900056
-0.092153,-0.059478,-0.021988,-0.6938074790,0.3806501958,0.486876
-0.079470,-0.044471,-0.027063,0.1604597811,-0.3570275066,0.762306
-0.107075,-0.057614,-0.006046,-0.8149178462,0.7710488863,0.365298
-0.087282,-0.045817,-0.027733,-0.0375739731,-0.6005020305,0.348085
-0.102808,-0.054912,-0.004030,-0.6617249217,-0.3458091851,-0.145837
-0.082884,-0.055457,0.004616,-0.2258389063,-0.7413264600,0.040927
-0.096910,-0.039728,-0.007332,-1.2522331993,0.1604324758,-0.174824
-0.090430,-0.050967,-0.004368,-0.6918902566,-0.7136890777,0.141879
-0.086747,-0.031023,-0.021611,0.9468442225,-1.2342756998,0.660550
-0.097336,-0.037890,-0.010667,-0.4611994311,-0.0128648471,0.688434
-0.101475,-0.032076,-0.044168,-0.6004250110,0.0292433748,0.336474
-0.118406,-0.044113,-0.018955,-0.5334168339,0.6492389421,-0.215941
-0.100615,-0.022656,-0.035932,0.0421150087,0.3460793348,0.321720
-0.114713,-0.028101,-0.015348,0.0953276860,0.1821183955,-0.056473
-0.099145,-0.029352,-0.017222,-0.5908592071,0.2890938331,0.075337
-0.097901,-0.024002,-0.018204,-0.1134842919,-0.3718145595,-0.177123
-0.113558,-0.035674,-0.013740,-0.3809940078,-0.7746989790,-0.348036
-0.112915,-0.035940,-0.013552,-0.8886521508,-0.5734426755,-0.386503
-0.126225,-0.033947,0.022206,-1.0922653908,0.0551608477,-0.290259
-0.107807,-0.021668,0.007261,-0.8160833187,-0.0468777711,0.019466
-0.112534,-0.015960,-0.007204,-0.9160847563,0.3809026580,0.090491
-0.098672,-0.022370,-0.031537,0.1981642890,-0.4085493832,0.505146
-0.108493,-0.020768,-0.015204,0.0058138980,0.0960399668,-0.473097
-0.118725,-0.033649,-0.018726,0.0860464881,-0.0811711108,-0.251033
-0.113535,-0.019685,-0.030713,0.1876480146,0.1079898953,-0.684132
-0.116453,-0.020801,-0.022110,0.7388833240,-0.1009585419,-0.200727
-0.111979,-0.036813,-0.021542,0.1162394272,-0.0555754062,-0.272228
-0.107906,-0.025663,-0.017130,-0.1175142694,-0.4100166852,-0.840707
-0.111296,-0.038027,-0.009643,-0.1915660153,-0.9637280716,-0.329267
-0.109475,-0.040821,-0.001204,-0.8211917670,-0.5819218632,-0.861984
-0.117051,-0.043785,0.009247,-0.9307951447,-0.4486824820,-0.677166
-0.101853,-0.025942,-0.001742,-1.6297915375,0.3139362513,-0.154021
-0.109087,-0.037837,0.003290,-1.3606941332,0.7033166278,0.173761
-0.084771,-0.022298,-0.005757,-0.5194960308,0.4397584802,0.223959
-0.084049,-0.033137,-0.038059,0.6359519671,-0.4619748818,-0.078340
-0.080740,-0.039252,-0.049525,0.8476895318,-0.6627666618,-0.106930
-0.078443,-0.036974,-0.045445,0.8947454909,-0.7044813499,-0.150971
-0.096148,-0.054735,-0.018650,-0.0475947217,-0.2166144761,-0.374078
-0.078104,-0.046923,-0.002120,-0.5601499683,-0.0547282050,-0.367612
-0.088119,-0.049145,0.012458,-0.8632523334,-0.0201909011,-0.446686
-0.062060,-0.047484,-0.007037,-0.5150982419,-0.2508643258,0.250922
-0.063891,-0.042019,0.000427,-0.8635127920,-0.0390180287,0.113545
-0.066649,-0.060059,-0.029114,-0.4227464429,0.2899016823,0.229766
-0.058009,-0.045994,-0.026308,-0.1866430945,0.3609126775,0.295770
-0.064469,-0.066030,-0.031452,0.0630290632,-0.0987644603,-0.113737
-0.052124,-0.055313,-0.050969,0.2756346803,-0.4125587293,-0.185931
-0.069209,-0.064638,-0.004092,-0.2573358780,0.6475051847,-0.226660
-0.046111,-0.058704,-0.014130,0.1350506737,-0.1387653715,-0.273891
-0.045208,-0.058349,-0.020245,-0.2687089879,-0.5956436195,-0.340636
-0.048917,-0.071879,-0.013943,-0.7561154158,-0.9241903166,-0.148065
-0.046678,-0.063493,-0.016562,-0.8517467235,-0.4738806003,-0.147865
-0.059841,-0.073373,0.018120,-1.0553918989,0.2459396093,0.030490
-0.053404,-0.066040,-0.007191,-2.6940024653,1.4248568544,0.055758
-0.046501,-0.052250,0.004586,-1.2284006268,0.8349597024,0.380145
-0.038896,-0.060735,-0.028051,0.0470565021,-0.0518717475,-0.337268
-0.035282,-0.066959,-0.033191,1.1146681229,-0.7838061776,-0.089316
-0.035308,-0.070035,-0.031268,0.9398832212,-0.7548065077,0.021388
-0.027601,-0.065268,-0.017534,0.4945917120,-1.0088940257,-0.789309
-0.049662,-0.076028,-0.015450,-0.3018840632,-0.1962205354,-0.421479
-0.045208,-0.061192,-0.027775,-0.4581903744,-0.4424510079,-0.640792
-0.059293,-0.070274,-0.002507,-0.5639391311,-0.3581932275,-0.883459
-0.051825,-0.057496,-0.024188,-0.9300256168,-0.1206156207,-0.694535
-0.058636,-0.065459,0.003004,-0.5682320000,0.0641413055,-0.908042
-0.043760,-0.063056,-0.011744,-0.3357411136,-0.1883806670,-0.864927
-0.057241,-0.051223,0.015146,-0.5588280456,-0.1527945677,-0.716971
-0.051218,-0.056741,-0.020193,-0.5828025651,0.3658683465,-0.686145
-0.036621,-0.040529,-0.041712,2.2237212649,-0.9619297873,-0.311784
-0.049104,-0.055168,-0.019825,-0.6815699390,0.1552702368,-0.722492
-0.061141,-0.046834,-0.031800,-0.0084336692,0.4230624564,-1.225940
-0.065326,-0.055992,-0.039579,0.1046860318,0.1629155259,-1.464442
-0.057740,-0.039951,-0.043419,0.4537321469,-0.1808088686,-1.554161
-0.066849,-0.052221,-0.018076,0.2947400942,-0.1116191819,-1.552405
-0.060376,-0.043942,-0.016992,-1.0277508757,-0.1917167342,-1.482659
-0.073762,-0.043604,0.017811,-0.7841688891,0.2090336424,-1.545561
-0.061702,-0.030104,0.010472,-0.7620416452,-0.1393448470,-0.780388
-0.070125,-0.037456,-0.001519,-0.6527384608,0.0211278218,-0.760799
-0.056027,-0.030350,-0.029751,0.8263766238,-0.0648137014,-0.959560
-0.062720,-0.040384,-0.019067,0.2328956223,-0.4681569494,-1.216345
-0.055666,-0.039708,-0.014458,-0.2270565405,-0.0920154644,-1.037859
-0.060261,-0.023417,-0.020564,-0.0848481870,0.7520346293,-1.035631
-0.064929,-0.041671,-0.009574,0.4589240728,-0.9203621891,-1.253617
-0.051254,-0.027872,-0.033749,-0.0734532321,-0.1764987300,-1.194783
-0.075318,-0.040404,0.011916,-0.5122373853,-0.8061891768,-1.608649
-0.063202,-0.031692,0.013754,-0.5312335861,-0.6840875618,-1.278748
-0.063609,-0.022876,0.006044,-1.8453531940,0.5452445101,-1.088146
-0.057599,-0.028325,0.001100,-1.1749068324,0.0806216722,-0.585126
-0.048362,-0.014079,-0.011176,-0.9909100458,0.4916934550,-0.468192
-0.067161,-0.034702,-0.003144,-0.7344750387,0.0554239161,-0.643593
-0.053811,-0.024862,-0.019156,0.0632310679,-0.1071325778,-0.600051
-0.064515,-0.029286,-0.034747,0.2244659816,0.9249624846,-0.892999
-0.049301,-0.032017,-0.020626,0.3169986309,-0.5417142654,-0.403672
-0.050138,-0.026257,-0.021476,0.6591702474,-0.4258756407,-0.603914
-0.052140,-0.035595,-0.005271,-0.2241380316,-0.1901664587,-0.425471
-0.056795,-0.042127,-0.023337,-0.5911577674,-0.5920612884,-0.763096
-0.069744,-0.038858,-0.001434,-0.1439550060,-0.9596213845,-0.814686
-0.053913,-0.039058,0.004143,-0.3272075785,-0.8444581505,-0.493083
-0.079378,-0.054285,0.026467,-2.6011187188,0.9240622225,-0.545349
-0.053411,-0.043191,-0.000360,-0.4110182708,-0.2227785279,-0.098441
-0.051175,-0.032106,0.004527,-0.1579874659,-0.1429603179,0.569574
-0.050017,-0.040883,-0.013270,0.0998542276,-0.0643054044,0.728467
-0.043150,-0.037289,-0.034383,1.9025589572,-1.0702532218,0.546594
-0.057330,-0.056048,-0.031087,0.4199878954,-0.3436896266,0.399002
-0.066698,-0.049985,-0.036424,0.3058683557,0.1832415325,0.208319
-0.075846,-0.077971,-0.036241,0.2390007595,-0.0791505416,-0.225426
-0.064220,-0.049552,-0.036628,0.0476324753,-0.3740701326,-0.306404
-0.082641,-0.062649,-0.006597,-0.2798699313,-0.2187049405,0.022158
-0.073923,-0.055782,-0.010762,-0.6831658627,-0.2255719842,0.263772
-0.097208,-0.059682,0.011207,-1.4454153258,0.3053232177,0.169264
-0.079257,-0.059554,-0.006242,0.0273859001,-0.1245182296,0.068218
-0.093522,-0.057148,-0.013382,-0.7423188660,0.0652480086,0.606216
-0.080783,-0.061917,-0.023872,-0.1136896485,0.2909277524,0.505143
-0.099460,-0.067271,-0.020600,-0.3052618048,0.1657190445,0.260933
-0.091704,-0.072716,-0.031967,-0.2454133358,0.5807516335,0.487113
-0.100185,-0.071348,-0.016132,-0.2644741229,0.1104113818,-0.570063
-0.100602,-0.067425,-0.034094,0.9028044411,-0.7539908387,0.488770
-0.107039,-0.067507,-0.041381,-0.0119518518,-0.0627592145,0.122883
-0.108293,-0.077322,-0.023748,-0.3557310763,-0.0107022979,-0.071408
-0.111316,-0.069198,-0.011406,-1.1755999931,0.4643050825,-0.069376
-0.122135,-0.081379,-0.019031,-0.8002942900,-0.0050943713,-0.320991
-0.125870,-0.073944,-0.010306,-1.0903040106,-0.4324099421,-0.255270
-0.131785,-0.078050,-0.001736,-0.8983268701,-0.4014657808,-0.361369
-0.116443,-0.075132,-0.025123,-0.1597608648,-1.1418759349,-0.167324
-0.138445,-0.075785,0.016705,-2.1462604739,0.8798278129,-0.089360
-0.115777,-0.063391,-0.022179,-0.6277101649,-0.3211278980,0.371656
-0.128034,-0.065016,-0.010519,-0.4409328344,0.3515779281,0.710567
-0.125014,-0.059035,-0.036054,-0.3360324571,0.2823407113,0.093971
-0.132563,-0.062222,-0.018499,-0.6408004434,0.7184410746,0.368869
-0.130417,-0.076741,-0.042379,0.2488943155,0.2484856002,-0.274765
-0.126606,-0.067349,-0.025267,0.1470760968,-0.0153587278,-0.456865
-0.126192,-0.082209,-0.018522,-0.2363344509,-0.3521152765,0.065092
-0.125129,-0.070858,-0.014780,-0.5850827064,-0.4461989742,-0.213236
-0.133578,-0.063243,0.008821,-0.6805103594,-0.3449885176,0.019955
-0.110876,-0.057633,-0.010989,-0.5570402700,-0.1551800495,0.091089
-0.122184,-0.061622,-0.003104,-0.4972500630,0.2720336268,0.314718
-0.111280,-0.061372,-0.018407,-0.1699161558,-0.1105694148,0.216649
-0.104643,-0.057341,-0.025373,0.0331764410,-0.0723607186,0.273038
-0.104499,-0.074262,-0.028343,-0.1532412475,0.1610883735,0.361953
-0.105654,-0.069516,-0.033106,-0.2933084179,0.3351509179,-0.598288
-0.107134,-0.070172,-0.026472,0.7660367725,-0.7048873896,-0.448123
-0.100786,-0.058868,-0.033730,-0.1197022526,-0.8018423832,-0.251371
-0.097615,-0.064080,-0.003134,-0.3891468419,-0.7839361017,-0.097290
-0.092977,-0.067684,-0.012144,-0.5001718190,-0.7075290030,-0.156981
-0.084164,-0.057788,0.003329,-0.5804764182,-0.2782606490,0.107814
-0.079260,-0.064271,-0.006978,-0.2977784710,-0.6010294412,0.472197
-0.072383,-0.050399,-0.015056,-1.0297042635,0.0697278988,0.640665
-0.082582,-0.055835,0.000142,-1.2878257775,1.1476163221,0.607985
-0.072061,-0.053596,-0.023351,-0.3364016070,0.2010793249,0.808792
-0.071750,-0.049434,-0.031760,-0.5629861577,0.5540773709,0.444914
-0.076837,-0.065534,-0.045605,-0.2346967757,0.0362372601,0.364812
-0.074425,-0.056389,-0.037987,-0.2359674085,0.2548524596,-0.315998
-0.079677,-0.061234,-0.012420,-0.4734276507,0.1038512553,0.085053
-0.060307,-0.056439,-0.012282,-0.6424034467,0.2068665914,-0.030068
-0.072196,-0.055749,-0.003039,-1.1273576049,-0.1728346500,0.323509
-0.056099,-0.057361,-0.022372,-0.0518463789,-0.9547985624,0.594186
-0.053719,-0.043818,-0.011622,-0.7271457998,-0.0798014698,0.434781
-0.069353,-0.053294,-0.005215,-0.4856388322,0.1683188685,0.083077
-0.050581,-0.048997,-0.020895,0.7596871609,-0.2838572395,0.164390
-0.060465,-0.037305,-0.019267,-0.9247530626,0.8045867111,0.190420
-0.054760,-0.052933,-0.028103,-0.3200770653,0.3270002605,-0.067862
-0.060990,-0.046680,-0.020777,-0.4621439503,-0.1274628023,-0.540553
-0.070161,-0.054827,0.002886,-0.3636213977,-0.2971267356,-0.391465
-0.059194,-0.045781,-0.002789,-0.4013979355,-0.5997076183,-0.440577
-0.069823,-0.042239,0.005066,-1.0265610873,0.0471320397,-0.575876
-0.066104,-0.045804,-0.008301,-1.4147775066,0.2880674772,-0.096528
-0.061528,-0.025905,-0.008885,-1.1622477280,0.4958478841,-0.368288
-0.079073,-0.036547,-0.005415,-0.4678136094,0.2992750600,-0.221543
-0.066009,-0.027419,-0.019034,-0.1871042382,0.6669759531,-0.743087
-0.060898,-0.027225,-0.039011,0.7490914496,0.0564224502,-0.635715
-0.069281,-0.039449,-0.025888,0.0148815040,0.0977295211,-0.542162
-0.074179,-0.033261,-0.033034,-0.4360096687,0.3300571012,-1.172479
-0.087650,-0.028367,0.003030,-0.6362688565,0.4154040132,-0.907389
-0.072281,-0.034794,0.014322,-0.3056527234,-0.4619040464,-1.338882
-0.083287,-0.026230,0.011036,-0.4232661941,-0.3104965533,-1.318958
-0.075738,-0.040634,-0.002126,-0.7491983884,-0.6813296737,-1.231359
-0.089636,-0.025561,0.019351,-2.9029266206,1.5641196025,-1.416033
-0.090033,-0.032483,0.005742,-0.3751835340,0.1549270569,-0.937545
-0.069495,-0.018976,-0.013808,0.3702371490,-0.1561704471,-0.943115
-0.082670,-0.020585,-0.011865,-0.6374808916,0.5281767068,-1.022419
-0.067620,-0.029454,-0.036710,0.8854531944,-0.3512940797,-1.339985
-0.066133,-0.020811,-0.031189,1.4281095731,-0.8227296606,-0.942751
-0.085677,-0.042229,-0.020449,0.1891940458,-0.2426003002,-1.507531
-0.067912,-0.030694,-0.033634,-0.0728780791,-0.4738105357,-1.365936
-0.087610,-0.039567,0.006280,-0.5109307910,0.0234859109,-1.123072
-0.068756,-0.027707,0.008748,-0.4114315219,-0.1133502997,-1.254615
-0.071257,-0.029697,0.009165,-0.8219829097,-0.1976241625,-0.766750
-0.065500,-0.034230,-0.007470,-0.5433873750,-0.1849845418,-0.793613
-0.063987,-0.019255,-0.014284,-0.6536484772,-0.0641883727,-0.690384
-0.068244,-0.038438,-0.013477,-0.1460301063,-0.3273875635,-0.865364
-0.054051,-0.026877,-0.020265,-0.1890058611,0.0709262457,-0.712717
-0.070000,-0.036701,-0.013710,-0.3722843317,1.0875006226,-1.183583
-0.044315,-0.016846,-0.022783,1.4463108889,-0.4364380569,-0.651145
-0.055889,-0.027704,-0.021352,-0.4052710721,0.2738159123,-1.072794
-0.051418,-0.039002,-0.023216,0.5960099837,-0.4183064264,-1.247321
-0.052554,-0.032474,-0.011481,-0.0562316364,-0.2639520513,-0.883158
-0.060977,-0.044642,-0.003636,-0.6679515680,-0.0005660527,-1.170791
-0.050194,-0.031876,-0.012528,-0.9233908671,0.1100781029,-0.485484
-0.053969,-0.037699,0.006231,-0.6157335150,0.0611422682,-0.614264
-0.036460,-0.019711,-0.008681,-0.5749170489,0.1373464611,0.161098
-0.053033,-0.035231,-0.004834,-0.5829516328,0.4433701537,-0.748082
-0.045201,-0.036665,-0.021824,-0.1193171741,0.3468045923,-0.123227
-0.042733,-0.033242,-0.010116,-0.3878083092,0.4124823048,-0.121855
-0.037855,-0.043975,-0.015965,-0.1333482497,0.2202800565,-0.494632
-0.043406,-0.029582,-0.011915,-0.3760720874,0.5409980373,-0.279931
-0.036864,-0.045328,-0.020498,0.1150878113,0.0460299365,-0.197180
-0.041341,-0.036078,-0.025172,0.1580578241,-0.4900698181,-0.846844
-0.044079,-0.053465,-0.014915,0.0116643458,-0.7985587604,-1.121167
-0.042421,-0.035992,-0.013746,-0.2936922805,-0.5872239516,-0.569278
-0.053906,-0.052378,0.003090,-0.7239413323,-0.5963431692,-0.731667
-0.055324,-0.045255,-0.000584,-2.2252753851,0.8213219721,-0.352305
-0.057356,-0.043151,0.014240,-0.8510096080,0.1229361212,0.087768
-0.046104,-0.034952,-0.012538,-0.5053842790,0.0417587514,0.186852
-0.065477,-0.040906,-0.001808,-0.6354577217,0.6562369399,-0.159554
-0.048287,-0.036285,-0.017629,0.2491065097,0.2751371312,-0.208584
-0.063796,-0.032365,-0.019533,-0.4887786329,0.6266505741,-0.254896
-0.048855,-0.036731,-0.028560,1.2687633350,-0.8041134411,0.467507
-0.058676,-0.040903,-0.020459,0.3690879080,-0.1954029908,-0.485435
-0.069360,-0.051607,-0.034219,0.1566713787,-0.1727232119,-0.557543
-0.072038,-0.043115,-0.019956,-0.1904688025,-0.1292636432,-0.908449
-0.078538,-0.055119,-0.013113,-0.3673429769,-0.7873446998,-0.479746
-0.087095,-0.045472,-0.014383,-1.0890568621,-0.2969238175,-0.827770
-0.097858,-0.050064,0.019049,-1.4498067913,0.6371549763,-0.653680
-0.084531,-0.037972,0.005715,-1.3788444532,0.7895013514,-0.433231
-0.080432,-0.033038,-0.004273,-0.6181667644,0.0507437565,-0.121196
-0.086038,-0.041789,-0.025963,-0.3292676766,-0.2051223451,0.192911
-0.084948,-0.033833,-0.032174,0.3187446670,0.0739639579,-0.430369
-0.100697,-0.044878,-0.019540,0.2926718614,-0.0345254661,-0.076013
-0.089816,-0.040762,-0.040856,-0.0922851127,0.2570034960,-0.576116
-0.104121,-0.039468,-0.015328,-0.1485507741,0.3500225117,-0.403145
-0.091247,-0.033560,-0.025307,0.3194178436,0.1371219339,-0.629853
-0.102490,-0.041668,-0.021811,-0.1328096532,-0.3922750671,-0.634642
-0.103304,-0.055730,-0.009361,-0.1490099698,-0.7437068385,-0.875481
-0.107712,-0.045400,-0.023403,-0.0312810333,-1.0155123389,-0.869264
-0.108506,-0.051374,0.004527,-0.4724139449,-0.5372729547,-0.639562
-0.106931,-0.038809,0.007468,-1.8185256620,0.9209531585,-0.274128
-0.105611,-0.034847,-0.002195,-1.5667628519,0.5557151371,-0.035991
-0.098974,-0.036806,-0.017567,-1.2530750401,0.5985003648,0.372322
-0.097766,-0.026463,-0.024604,-0.3877134971,0.1685825242,0.172313
-0.100251,-0.050760,-0.031245,-0.0350978415,0.0163227553,0.123641
-0.098997,-0.036101,-0.046436,0.1835880812,0.0514718843,-0.454255
-0.106468,-0.040985,-0.022609,0.1767034082,0.1592912809,-0.367711
-0.090807,-0.032273,-0.021118,-0.0849383126,0.5353505270,0.129756
-0.100382,-0.044382,-0.021624,-0.5664541611,-0.1504573872,-0.520735
-0.092124,-0.043105,-0.023541,-0.3188226898,-0.4339810974,-0.343942
-0.096926,-0.038727,-0.003347,-0.6348273963,-0.5603973044,-0.570250
-0.100957,-0.049349,0.003894,-1.3070074228,-0.2130252621,-0.260765
-0.082559,-0.035766,-0.025878,-0.9638994379,-0.1621987998,0.312749
-0.095140,-0.030586,0.002561,-1.2851496056,0.7798775877,0.479116
-0.085122,-0.027225,-0.010854,-0.7101133837,0.6634455402,0.345931
-0.087916,-0.032392,-0.018578,-0.7084513334,0.2797442958,0.223864
-0.086668,-0.038467,-0.027368,-0.1161600293,0.4109429274,0.486055
-0.084069,-0.028197,-0.031996,-0.0634179450,0.2723868971,0.333300
-0.082926,-0.040430,-0.029046,-0.3421028726,0.3519324433,-0.006826
-0.080107,-0.032516,-0.028671,0.1028867843,0.0780411378,0.228509
-0.092843,-0.039291,-0.018210,0.6250919901,-0.9461489137,-0.223900
-0.084134,-0.035749,-0.034737,-0.4339423476,-0.6014301935,-0.690693
-0.097934,-0.049181,-0.000584,-0.5182046456,-0.7467467748,-0.390881
-0.088506,-0.034844,-0.007086,-1.8438911173,0.5623629013,0.145716
-0.115160,-0.040460,0.045118,-5.8821007609,3.6459766269,-0.042765
-0.082257,-0.037233,-0.012065,-0.8439660323,0.1302779522,0.202436
-0.083127,-0.032336,-0.016175,-0.5255069879,0.2294591972,0.384050
-0.086261,-0.041540,-0.029098,-0.0035474646,0.0760956111,0.188808
-0.085611,-0.026349,-0.023790,-0.3864614531,0.4826691281,0.081760
-0.079053,-0.037338,-0.036789,-0.4921608645,0.4198403772,0.204153
-0.084682,-0.033813,-0.033674,-0.2059960699,-0.0486636592,-0.154723
-0.093407,-0.042590,-0.016671,-0.1280428045,-0.0324766429,-0.190183
-0.085516,-0.039587,-0.018913,-0.3977198948,-0.1372350650,-0.753230
-0.128963,-0.038759,0.049113,-7.0873259329,4.1505213944,-0.639930
-0.079716,-0.043637,-0.006384,-0.2302201258,-0.4329329549,-0.116853
-0.085175,-0.036951,-0.007749,-0.2890641712,-0.7172398312,-0.716607
-0.094024,-0.043512,0.002463,-0.6271552368,-0.2348307344,-0.012130
-0.076210,-0.031321,-0.019080,-0.6917380537,0.2839905455,-0.257286
-0.087663,-0.030182,-0.014636,-0.0725598930,0.5443765788,-0.279449
-0.079056,-0.031528,-0.038492,0.7771292495,-0.2303946557,-0.041013
-0.087548,-0.035605,-0.044036,0.4966312537,-0.0708254360,-0.173997
-0.094028,-0.053553,-0.030162,0.2753919228,-0.2821671978,-0.372926
-0.096525,-0.046769,-0.015512,-0.3398575878,-0.6968366095,-0.823277
-0.108979,-0.051817,0.001737,-0.6010202420,0.0042044044,-1.005561
-0.087171,-0.038838,-0.004552,-0.3679914153,-0.2472598280,-0.591376
-0.095114,-0.036442,0.005791,-0.6545966819,0.0723192884,-0.420489
-0.088664,-0.049939,-0.024765,-0.4229258605,-0.3454610782,-0.496129
-0.088506,-0.032306,-0.022271,-0.8129154306,0.3657891719,-0.216121
-0.097615,-0.041786,-0.006840,-0.4712876865,0.5405497820,-0.519435
-0.089176,-0.043309,-0.033001,-0.0859821557,0.2086325378,-0.796824
-0.067482,-0.031745,-0.018394,1.5562737794,-0.8016807436,-0.394393
-0.076526,-0.055277,-0.029961,1.6815907783,-1.3990633345,-0.340594
-0.078328,-0.047606,-0.040583,-0.2452298612,-0.3783665791,-0.672544
-0.091769,-0.047097,-0.004805,-0.2363969244,-0.0798654838,-0.814335
-0.078246,-0.052467,-0.012351,-0.0309373537,-0.6788730684,-0.789133
-0.079575,-0.043365,0.009110,-1.0468995842,-0.2801132702,-0.438565
-0.075984,-0.055227,-0.003728,-1.6529774708,0.3822090368,-0.359694
-0.060153,-0.038093,-0.021752,-0.8035566225,0.2615331031,-0.393674
-0.078114,-0.038293,-0.027447,-0.0671971246,0.6596071660,-0.073948
-0.052702,-0.037154,-0.039622,1.3531555755,-0.4732837928,-0.159012
-0.078226,-0.049677,-0.022221,0.2746667643,-0.1490792090,-0.290891
-0.059368,-0.053215,-0.027854,0.3584140357,-0.0019306799,-0.316924
-0.066140,-0.041244,-0.016411,0.1205270424,-0.1203550389,-0.129871
-0.056572,-0.059951,-0.005402,-0.5875144342,-0.1437068501,-0.457904
-0.053401,-0.032785,-0.022724,-0.7739527338,-0.1933114576,-0.412630
-0.070410,-0.043995,0.013872,-1.1368063671,0.4861476138,-0.537629
-0.048149,-0.038966,-0.013132,-0.3801476920,-0.5313691169,0.054517
-0.052554,-0.034873,0.000365,-0.6629959516,-0.5239026733,-0.192641
-0.047561,-0.050074,-0.005609,-0.8921287535,-0.4128223279,-0.447752
-0.044069,-0.032234,0.001563,-1.1570184885,0.0330431926,-0.063300
-0.052843,-0.034414,0.005860,-0.7126051294,0.4684257101,-0.010879
-0.040248,-0.035165,-0.019549,0.1902106008,0.1196624246,-0.134729
-0.033381,-0.028101,-0.025691,0.0733571309,0.2091802778,-0.343492
-0.040337,-0.043535,-0.036717,0.4256639780,-0.4532603631,0.169422
-0.038712,-0.032674,-0.043232,-0.1162597941,0.0811141298,-0.428212
-0.063186,-0.049749,-0.008885,-0.1446000092,0.5200794372,-0.586553
-0.036309,-0.033432,-0.015804,0.2636900714,0.1828006010,-0.242790
-0.049633,-0.034522,-0.005284,-0.4875172035,0.1908334340,-0.687761
-0.040993,-0.040397,-0.017964,-0.2048326281,-0.2672285189,-0.195634
-0.042290,-0.039235,-0.009233,0.9184040934,-2.1609574483,-0.917962
-0.062043,-0.042350,-0.000761,0.1609442780,-0.8851543334,-0.776695
-0.043432,-0.033576,-0.006869,-0.9775198371,-0.3738540233,-0.806670
-0.061764,-0.032930,0.011502,-0.7410259251,-0.0898865520,-0.660182
-0.048608,-0.035976,0.014102,-1.7734348716,0.8751006985,-0.498000
-0.043764,-0.025692,0.000608,-0.7788815816,0.0003115276,-0.210274
-0.046508,-0.036324,-0.017573,-0.4676335987,-0.1934691522,-0.194781
-0.045083,-0.019039,-0.033050,-0.3526452184,-0.0421874354,-0.274702
-0.066245,-0.035868,-0.013218,-0.3191623673,0.3065385640,-0.904156
-0.055570,-0.023388,-0.027664,0.0951315453,0.5194226698,-0.583553
-0.069626,-0.024888,-0.019385,-0.3645124390,0.8014259356,-0.306506
-0.060980,-0.029401,-0.026528,-0.0038242927,0.2115101307,-0.674769
-0.055836,-0.012766,-0.016602,0.2363616773,-0.4302735659,-1.211625
-0.081902,-0.047258,-0.011517,-0.4618697028,-0.6881277917,-1.814291
-0.069419,-0.020782,-0.021883,-0.4789908989,-0.8524005732,-1.668846
-0.082798,-0.035694,0.009018,-1.0237147830,-0.0518860166,-1.148091
-0.067309,-0.036458,0.000437,-0.6288368889,-0.2008954412,-1.412803
-0.067437,-0.016889,-0.001414,-0.1342343731,-0.4756867543,-0.831496
-0.076933,-0.025492,0.004550,-1.3794942002,0.4404779565,-0.743763
-0.071372,-0.016012,-0.023843,-1.2509216972,0.2349640642,-0.757618
-0.079975,-0.026953,-0.009761,-1.0080970586,0.8567306756,-0.812143
-0.066833,-0.019593,-0.026068,0.0585599534,0.2600328146,-0.600954
-0.070844,-0.016157,-0.038092,0.2787226409,0.2654017752,-1.065718
-0.074317,-0.034161,-0.027913,0.6401396397,-0.0751396201,-0.845939
-0.069609,-0.022065,-0.039244,0.3270223860,-0.1512706122,-1.360628
-0.078863,-0.023066,-0.020990,-0.5532483026,0.2414538308,-1.306130
-0.071073,-0.026782,0.000293,-0.2957183466,0.1916827989,-1.155141
-0.067384,-0.024192,-0.002711,-0.3113081427,-0.3692535199,-1.206820
-0.067220,-0.040555,-0.014623,0.2411878753,-1.0767743458,-1.059891
-0.075219,-0.019176,-0.012597,-1.5015555103,0.0631075658,-1.123702
-0.082280,-0.033547,0.000313,-0.6743660488,-0.2607082594,-1.353256
-0.076191,-0.026414,0.011122,-1.8906261710,0.8441774136,-0.941651
-0.070138,-0.027950,0.003585,-1.7555757250,0.7312116478,-0.426403
-0.052708,-0.028938,-0.015686,-0.4476963256,-0.2832547823,-0.280246
-0.056076,-0.012592,-0.030231,-0.6382888146,0.0144873433,-0.413963
-0.069646,-0.029746,-0.015305,-0.2902158326,0.3139514327,-0.460245
-0.051392,-0.032966,-0.026672,0.4672788898,-0.3737632216,-0.821435
-0.064860,-0.029926,-0.026699,-0.4558322256,0.3727894256,-0.430434
-0.063645,-0.035513,-0.025507,0.3758817129,0.0790902244,-0.551989
-0.047545,-0.030780,-0.032991,0.8837789273,-0.9299339952,-0.537973
-0.055935,-0.033012,-0.032883,0.1352194851,-0.6638589816,-0.146014
-0.068526,-0.043706,-0.005409,-0.2735166771,-0.4911387814,-0.817053
-0.059368,-0.041254,-0.010953,-0.5455011485,-0.4569917049,-0.575285
-0.060228,-0.046634,0.007682,-1.2564020199,0.3313378669,-0.164507
-0.053503,-0.041983,-0.007250,-0.6193661268,-0.4877616000,0.238455
-0.056555,-0.032017,-0.010533,-0.8343845669,-0.0043944629,0.021620
-0.072505,-0.038543,-0.006758,-0.7726587689,0.1829777553,0.069806
-0.058308,-0.029280,-0.015620,-0.3878603000,0.3600242541,0.264675
-0.069587,-0.031551,-0.028553,0.0245067836,0.4443109943,-0.138914
-0.074080,-0.056852,-0.038089,0.3068532842,0.0142274786,-0.347415
-0.071891,-0.045058,-0.042264,0.2071221963,-0.0509778327,-0.037126
-0.075360,-0.036360,-0.015929,-0.1955443480,0.2398072541,-0.154841
-0.073086,-0.047205,-0.021076,-0.2154018442,-0.3570069383,-0.441046
-0.077540,-0.033009,-0.024677,-0.2432630591,-0.8060819780,-0.553598
-0.096391,-0.055904,0.004898,-0.6872306540,-0.5812724093,-1.350617
-0.076322,-0.041602,-0.000419,0.1428276698,-0.9965052193,-0.179246
-0.078416,-0.035746,-0.002904,-1.0422677075,-0.2367126245,-0.338552
-0.090020,-0.055441,0.007797,-0.7717934627,0.1395845097,-0.397948
-0.077284,-0.041494,-0.015640,-1.1212218294,0.6692008250,0.143234
-0.084161,-0.037128,-0.013956,-0.3598546809,0.2026434094,-0.058048
-0.079811,-0.043604,-0.046360,0.1942752805,0.0805846566,0.108706
-0.078623,-0.032135,-0.052801,1.0632511998,-0.6134469007,0.186283
-0.103376,-0.044116,-0.038059,0.7898842920,-0.3259582742,-0.367523
-0.096903,-0.054134,-0.019871,0.1002240752,-0.1327548096,-0.709071
-0.101630,-0.053544,-0.018345,-0.5085805959,-0.1222674319,-0.377111
-0.101653,-0.053757,-0.012111,-0.2960953980,-0.1281882732,-0.254588
-0.097884,-0.047313,-0.014363,0.5274650077,-0.9018598074,-0.434475
-0.116220,-0.062232,0.006182,-0.8456106942,-0.3079466858,-0.060326
-0.108575,-0.041001,-0.015128,-0.9788729195,-0.0119656308,-0.353320
-0.112179,-0.044002,0.007501,-1.0176802513,0.2369700990,0.103838
-0.090650,-0.051266,-0.012840,-0.0310483083,-0.4807732475,0.420318
-0.112560,-0.041346,0.009707,-2.2824301507,1.5201310142,-0.223707
-0.110666,-0.044343,-0.010444,-0.4354749406,-0.0478687225,-0.223733
-0.103192,-0.040086,-0.036802,-0.2622585196,-0.1547930807,-0.354302
-0.115823,-0.038625,-0.028343,0.7388035046,-0.4436067933,-0.327590
-0.099795,-0.041976,-0.021739,0.8524682245,-0.1976017233,-0.562382
-0.101472,-0.035155,-0.026964,0.1327762174,-0.1365388454,-0.343345
-0.107847,-0.053901,-0.028140,0.0698062488,-0.3381380305,-0.062417
-0.094904,-0.043916,-0.014892,-0.3617759422,-0.2904303128,0.171614
-0.122135,-0.050448,0.018018,-0.7685312550,0.1290408191,-0.581670
-0.096611,-0.045774,-0.003840,-0.9083066857,0.0172146715,-0.272313
-0.094697,-0.035369,0.000211,-0.6077769879,-0.0317606227,0.091142
-0.091582,-0.049450,0.001455,-0.5956869626,-0.4081860846,0.319925
-0.088293,-0.038343,-0.007342,-0.6757677467,-0.4133540715,0.148840
-0.104144,-0.051000,0.008492,-0.9002909825,0.1873622766,-0.303276
-0.079135,-0.029720,-0.011813,-0.0304001412,-0.0324065891,-0.005746
-0.087968,-0.028866,-0.002031,-1.0262019296,0.8367941190,0.180756
-0.075849,-0.035424,-0.030276,-0.6086143329,0.4356190532,0.339199
-0.071290,-0.036298,-0.032499,0.6733454261,-0.1541695110,-0.141071
-0.092623,-0.033278,-0.030821,0.4872559383,-0.2648859585,-0.635006
-0.079145,-0.039232,-0.043889,0.7262657964,-0.6637067408,-0.403305
-0.089970,-0.032546,-0.009308,-0.5559908134,0.5023956627,-0.573969
-0.077776,-0.044356,-0.017790,-0.1757182409,-0.1794149211,-0.202032
-0.068191,-0.034351,-0.011347,-0.5929042466,-0.0308222791,-0.321398
-0.080025,-0.038815,-0.001286,-0.6854539287,-0.1912750307,-0.486909
-0.062339,-0.028410,-0.020045,-0.3886829694,-0.3882686510,-0.308738
-0.074310,-0.026680,0.007248,-0.8354739555,-0.3370513393,0.134060
-0.057458,-0.034246,-0.015010,-0.5392675959,-0.5215068750,0.187259
-0.066659,-0.028961,-0.008557,-0.5284540630,-0.1498292867,-0.118727
-0.085818,-0.041733,0.003506,-2.1215879191,1.0875119314,-0.532357
-0.055915,-0.017000,-0.008675,-0.4578671430,0.2657688452,-0.060231
-0.061272,-0.026345,-0.008977,-0.2437982570,-0.0594149678,-0.299734
-0.060310,-0.023611,-0.039658,0.6916271700,-0.6221106017,-0.098114
-0.062037,-0.014860,-0.045553,-0.2949138135,0.1479562911,-0.343870
-0.075199,-0.022177,-0.017754,-0.2268422396,0.9534837156,-0.412155
-0.060668,-0.022876,-0.005655,0.1701731741,0.5680865836,-0.038380
-0.063087,-0.013954,-0.020705,-0.2558847556,0.4070266025,-0.352542
-0.059742,-0.029405,-0.044910,0.1839240172,-0.0764342574,-0.535180
-0.048494,-0.013517,-0.029610,0.8711235388,-0.7468057711,-0.764081
-0.073095,-0.033668,-0.024709,-0.2999932414,-0.1603375360,-1.014180
-0.060776,-0.030393,-0.003334,-0.2639539439,-0.4593976416,-0.631333
-0.067729,-0.025666,-0.001299,-0.8042135783,-0.2370267777,-0.890491
-0.066557,-0.028554,-0.002005,-1.7258654130,0.4676014176,-0.584502
-0.061925,-0.019278,-0.001161,-0.8710959925,0.0625154828,-0.412181
-0.071070,-0.013682,-0.003538,-0.4930154932,0.2086841169,-0.272139
-0.056276,-0.020447,-0.017908,-0.1928626947,-0.0189239861,-0.379895
-0.067998,-0.008318,-0.031301,-0.2275428546,1.2475782149,0.098288
-0.068372,-0.025764,-0.031268,-0.0030134365,0.5356825749,-0.531044
-0.052278,-0.016449,-0.017426,-0.0382134264,0.6951444040,-0.983978
-0.058561,-0.017154,-0.020206,0.3836539046,-0.1939919448,-0.598535
-0.056056,-0.026266,-0.025277,0.7626050589,-0.7763692918,-0.787505
-0.063685,-0.030888,-0.026482,-0.2635574993,-1.0613409795,-1.279713
-0.074464,-0.030307,0.004885,-0.3963358876,-0.3766298942,-1.388024
-0.062424,-0.024996,0.007376,-0.1879745841,-0.1592975302,-0.864127
-0.072636,-0.020509,-0.001227,-1.4132821945,0.4896774337,-1.041273
-0.073634,-0.024704,0.011256,-1.4594574810,0.5881394914,-0.909920
-0.062789,-0.019258,-0.026095,-0.8803754289,-0.5739049725,-0.409939
-0.075127,-0.015162,-0.001516,-2.2462798122,1.6269452373,-0.335273
-0.058656,-0.013626,-0.027181,-0.0581740581,0.6040215757,-0.623376
-0.054307,-0.011919,-0.034169,0.3321997684,-0.0151091228,-0.619037
-0.061476,-0.029743,-0.020866,0.2114908737,-0.1257150614,-0.630108
-0.051799,-0.023335,-0.061597,0.3191894599,-0.1418396382,-1.063361
-0.068953,-0.033133,-0.018414,-0.6220317837,0.3031653468,-1.136664
-0.057094,-0.032890,-0.014396,0.0246846613,-0.1593629125,-1.217012
-0.054671,-0.031893,-0.004024,-0.6412500326,-0.1153476368,-1.363152
-0.055387,-0.045472,-0.023557,-0.6252004010,-0.7289968594,-0.922856
-0.043567,-0.032825,-0.009765,-0.3968722068,-0.8849508262,-0.790078
-0.069921,-0.041005,0.027035,-1.7515149956,0.7757630375,-0.806618
-0.050158,-0.031568,-0.004608,-1.8148252299,0.7761984949,-0.595019
-0.055318,-0.030672,-0.006016,-1.3135457397,0.3411480409,-0.595147
-0.059257,-0.046289,-0.018056,-0.5551658868,0.0249564774,-0.371836
-0.041351,-0.023112,-0.029732,-0.2929159432,-0.0718812960,-0.218973
-0.059959,-0.034840,-0.005786,-0.5790196891,0.1858384799,-0.085542
-0.048405,-0.041330,-0.030526,-0.3290150350,0.5673592430,-0.010291
-0.036897,-0.037220,-0.024542,1.2430899767,-0.3617030020,-0.496749
-0.063038,-0.052677,-0.015387,0.1607313414,-0.2158131504,-0.564170
-0.053903,-0.036760,-0.033743,0.1537278018,0.4706583633,-0.989538
-0.052515,-0.048656,-0.036782,0.5524025655,-0.1069486903,-0.007705
-0.049859,-0.064878,-0.023180,-0.0938326262,-0.2968188760,-0.433588
-0.053506,-0.061005,-0.016402,-0.2166087801,-0.1638654124,-0.397150
-0.067755,-0.054666,-0.000790,-0.6236030422,0.2337258471,-0.199340
-0.054865,-0.048443,-0.007066,-0.7581706799,-0.0088261384,-0.516178
-0.056726,-0.058999,0.001297,-0.8907782949,-0.1271092650,-0.324696
-0.047647,-0.059902,-0.018463,-0.1352717368,-0.5716635210,0.265896
-0.053296,-0.051213,-0.010227,-0.3665133380,-0.1501657231,-0.151128
-0.068477,-0.068170,-0.002231,-0.5163331532,-0.0617492549,-0.134781
-0.055685,-0.050842,-0.007237,-1.2336531481,0.8187260685,0.104738
-0.072974,-0.048587,-0.000334,-0.7931065791,0.4506811092,-0.498302
-0.050191,-0.045561,-0.032705,1.0368619384,-0.0528344423,0.156381
-0.068497,-0.037529,-0.028625,0.1464443251,-0.0317509884,-0.662102
-0.075298,-0.061008,-0.029462,0.0984159356,-0.0915145993,-0.273592
-0.071661,-0.042787,-0.025310,-0.0306714859,0.1740754281,-0.503921
-0.083192,-0.055539,0.010006,-0.5774156760,0.4398287121,-0.614382
-0.073378,-0.052037,-0.005809,-0.4376849258,0.3858194707,-0.442635
-0.077464,-0.039715,-0.001247,-0.2511898888,-0.3895036498,-0.700825
-0.087561,-0.041940,0.000956,-0.4754165803,-0.4955936719,-0.690614
-0.077438,-0.034496,-0.014124,-0.4158970069,-0.3784467466,-0.765785
-0.076043,-0.024934,0.007032,-0.7149056052,0.1446271692,-0.212139
-0.078269,-0.042160,-0.013976,-1.0832231596,1.1505604517,-0.380229
-0.076316,-0.026828,-0.020672,-0.2307312962,0.2536676720,-0.645543
-0.074536,-0.032825,-0.050404,1.1783062790,-0.4762956579,-0.416254
-0.072324,-0.029697,-0.059615,1.1908656855,-0.7398961277,-0.852907
-0.092514,-0.037305,-0.020511,0.4354166004,-0.4201843256,-0.894375
-0.080799,-0.035441,-0.019874,-0.0009580141,-0.3099493292,-0.858291
-0.086816,-0.030425,-0.015512,-0.2688690983,-0.1052549388,-0.689019
-0.084361,-0.040023,-0.015922,-0.4657138654,-0.3747800767,-0.621758
-0.076473,-0.023890,-0.010368,-0.4916471129,-0.3928157789,-0.739141
-0.089370,-0.034998,0.000818,-0.7061602722,-0.1947354698,-0.400318
-0.073663,-0.020805,-0.009269,-0.8428063319,0.1464266122,-0.620064
-0.081269,-0.021330,-0.006128,-0.6618404936,0.0695086386,-0.413048
-0.070164,-0.018395,-0.009046,-0.6187257281,0.6205336030,-0.115429
-0.068681,-0.019606,-0.013221,-0.3423731751,0.2277422656,-0.070820
-0.068326,-0.040151,-0.019563,-0.1753684536,-0.0425550717,-0.507040
-0.066616,-0.021195,-0.017797,-0.2014931916,-0.0131744452,-0.304297
-0.081830,-0.033619,-0.022175,-0.1360959855,0.3942228384,-0.611615
-0.065211,-0.023030,-0.017436,-0.0675816912,-0.3992829228,-0.291682
-0.067085,-0.030278,-0.017436,0.5039237501,-0.9146404616,-0.403646
-0.064837,-0.031919,0.000293,-1.0846197158,-0.3309904546,-0.179541
-0.062201,-0.031190,0.000122,-0.8619610519,-0.3095203361,-0.111007
-0.071444,-0.031755,0.001173,-1.0468912113,-0.2282027680,0.101741
-0.065579,-0.027136,-0.002779,-2.2707033068,0.9218005037,0.264107
-0.076450,-0.027560,-0.008199,-1.0259626553,0.1561805544,-0.016939
-0.059936,-0.026247,-0.019471,-0.3880116048,0.1738641866,0.504657
-0.066609,-0.025131,-0.031370,-0.3734007226,0.0815349769,0.143001
-0.056713,-0.034013,-0.037344,0.2298068110,-0.1580189275,0.155731
-0.061584,-0.022603,-0.035020,0.0668688066,0.0364141705,0.192212
-0.083058,-0.035205,-0.005268,-0.4699236594,0.4738623462,-0.107364
-0.055784,-0.031249,-0.016221,0.1996413840,-0.0212449796,-0.458739
-0.059329,-0.028863,-0.009518,-0.1186645323,-0.6942529991,-0.089208
-0.065195,-0.044786,-0.009679,-0.0934336646,-1.2576838542,-0.157910
-0.061190,-0.031518,-0.012105,-0.9296469151,-0.4293436900,-0.025663
-0.071494,-0.035145,0.009756,-0.7588097961,-0.0599891201,0.347120
-0.064791,-0.032303,0.001261,-0.9561680825,0.6744283005,0.485386
-0.069376,-0.023765,-0.017350,-0.8423593965,0.3050207270,0.407103
-0.068589,-0.035809,-0.026544,-0.0834384031,0.2240144466,0.308597
-0.070752,-0.037473,-0.045087,0.1033969293,-0.1735612651,0.125539
-0.087673,-0.044090,-0.023702,0.1175180676,0.3139572639,-0.235129
-0.076887,-0.039935,-0.036595,0.0970319931,-0.1170196580,-0.000343
-0.093735,-0.049762,-0.005862,-0.6515748910,0.3144531838,-0.411816
-0.080094,-0.039820,-0.007828,-0.3679241584,-0.1727373356,0.182440
-0.091471,-0.046457,-0.006988,-0.6292121984,-0.4815434963,-0.168171
-0.083301,-0.053012,-0.007903,-0.4701483955,-0.7872769081,0.020287
-0.090141,-0.049798,-0.000236,-0.8710962039,-0.1204928835,-0.279094
-0.089662,-0.053970,-0.007303,-1.3395188816,0.1103552394,-0.206286
-0.082247,-0.040552,-0.020528,-1.6677352795,0.6563417623,0.317076
-0.091126,-0.040972,-0.013490,-0.5307817891,0.4101529736,-0.361438
-0.080819,-0.046687,-0.028724,0.2555441020,0.4435573683,0.051799
-0.085831,-0.036521,-0.046932,1.2546842125,0.1225748035,-0.233186
-0.098777,-0.059570,-0.040889,0.4012728461,-0.2509850428,-0.173538
-0.092235,-0.046700,-0.022198,-0.1545988160,-0.2461990042,-0.312326
-0.107804,-0.063148,-0.011770,-0.4386857455,0.5207340002,-0.514156
-0.089176,-0.045574,-0.011793,0.2427899867,0.3299325925,-0.448875
-0.103829,-0.054098,-0.012230,-0.5143308674,-0.1995051942,-0.549124
-0.098180,-0.060033,-0.012771,-0.4729671946,-0.5793472114,-0.393658
-0.095252,-0.045134,0.000017,-0.7365710706,-0.3744445177,-0.653660
-0.095373,-0.050888,-0.007345,-0.2294795740,-0.6319262814,-0.014956
-0.084039,-0.034679,-0.010323,-0.4781214890,-0.2437287112,-0.076926
-0.088772,-0.040256,0.003628,-0.7417837933,0.3013547818,0.217010
-0.087230,-0.042905,-0.014186,-0.5882896015,0.5514905206,-0.109202
-0.092642,-0.033875,-0.024929,-0.3709248966,0.5698452333,-0.356839
-0.100386,-0.041799,-0.020075,0.0759635159,0.5031806690,-0.739617
-0.083504,-0.036672,-0.034173,0.3737870946,0.3368682390,-0.621213
-0.085234,-0.041310,-0.023085,0.3116536781,0.3927300048,-0.542855
-0.072032,-0.043388,-0.025330,-0.1409727115,0.1070781011,-0.446118
-0.073929,-0.034525,-0.021785,-0.2321674672,0.1172641509,-0.807567
-0.083061,-0.047606,0.006451,-0.8372897586,0.0932095975,-0.761452
-0.071195,-0.032126,-0.001125,-0.3215871347,-0.3199772564,-0.217631
-0.068914,-0.025833,0.000595,-0.7636459578,-0.2430055980,-0.045467
-0.064000,-0.039436,-0.012873,-0.4972673584,-0.1862443297,-0.066763
-0.058751,-0.021225,-0.033178,-0.5611879101,-0.1226719730,-0.206424
-0.058515,-0.029582,-0.005291,-0.1286953692,0.3123830819,-0.277020
-0.041433,-0.021648,-0.018565,0.1184160947,0.0466486924,-0.142777
-0.049718,-0.018481,-0.025399,-0.3062329601,0.1192649541,-0.669205
-0.050279,-0.030117,-0.039169,0.6766827942,-0.4598530198,-0.611017
-0.045835,-0.020962,-0.048028,0.5453189259,-0.3557499140,-0.607998
-0.064893,-0.027950,0.002403,-0.9551786687,0.5168120155,-0.863808
-0.039618,-0.026772,-0.008054,-0.4280159407,-0.2739573558,-0.793508
-0.042040,-0.014158,-0.005576,-0.3246856768,-0.3508420888,-0.437843
-0.056378,-0.013255,0.014660,-0.9090423841,0.1970464045,-0.371905
-0.040576,-0.021996,-0.005970,-0.3493684052,-0.1408478283,-0.803939
-0.043947,-0.010721,-0.011383,-0.6356613298,-0.3203397197,-0.479336
-0.042329,-0.019715,-0.012233,-0.6532760952,-0.0422873882,-0.323945
-0.033256,-0.000158,-0.025304,-0.1365563688,-0.0383785689,-0.487785
-0.049997,-0.017466,-0.001155,-0.8151759744,0.7118797953,-0.551989
-0.035571,-0.002351,-0.012909,-0.4266528788,0.6607155367,-0.115399
-0.037383,-0.007524,-0.020019,-0.1651021293,-0.0630592764,-1.101956
-0.036043,-0.011259,-0.032525,1.4291853225,-0.8856884081,-0.162331
-0.036171,-0.009467,-0.031842,0.2845054629,-0.4202240833,-1.240540
-0.048201,-0.014243,0.004832,-0.4061568268,0.1731397402,-0.861793
-0.033732,-0.012280,-0.003544,-0.4558276435,-0.1885466380,-0.789195
-0.046488,-0.006273,-0.004158,-0.8671774862,0.1382485347,-0.731024
-0.053076,-0.015946,0.007774,-0.8239943208,-0.1270180287,-0.636056
-0.045398,-0.015471,0.002847,-0.2743867066,-0.3468797167,-0.637418
-0.039188,-0.000631,-0.004979,-0.4454660894,-0.5954258998,-0.415181
-0.046997,-0.020210,-0.007267,-0.2241835703,-0.0891073339,-0.600766
-0.045119,-0.003710,-0.019822,-0.3434859409,0.6976988987,-0.313563
-0.058249,-0.018490,-0.018601,-0.4061481253,0.6397388116,-1.193565
-0.043432,-0.022203,-0.022051,0.0116963758,0.2433887172,-0.543665
-0.051431,-0.013695,-0.023163,-0.0393843324,-0.2925616647,-0.983617
-0.082936,-0.028295,0.017460,-1.6667992531,0.7072190075,-1.450574
-0.050831,-0.004146,0.010784,-0.0364562540,-0.3182260841,-0.589869
-0.058279,-0.011341,0.006300,-0.7863937822,-0.1529459856,-0.896242
-0.070227,-0.029020,0.007954,-1.7172805614,0.5070628168,-0.665362
-0.053847,-0.008364,-0.006906,-0.5779655054,0.0831323797,-0.025930
-0.062024,-0.007950,-0.001283,-0.3770862899,0.1777593871,-0.222328
-0.070683,-0.027734,-0.016260,-0.2249562467,0.1734823513,-0.129510
-0.064942,-0.016160,-0.030066,-0.0085639179,0.0884488591,-0.715921
-0.074051,-0.023847,-0.017793,-0.2653920293,0.6983675213,-0.793180
-0.071848,-0.034568,-0.028176,-0.0184229449,0.4112425235,-0.673351
-0.062949,-0.014568,-0.014101,0.0204409008,0.2041366787,-0.325298
-0.085995,-0.029322,-0.010152,0.0499095884,-0.0598640571,-0.779020
-0.075446,-0.026283,-0.019244,0.4106602239,-0.3246176275,-0.900299
-0.072948,-0.032736,0.004288,0.0771149240,-0.8261310336,-0.839948
-0.089347,-0.051715,0.006474,-2.0385865147,0.1655785809,-1.314014
-0.075876,-0.037607,-0.004893,-0.5365837494,-0.2433983165,-0.736167
-0.089196,-0.049539,0.013570,-1.5963266788,0.6020450868,-0.743983
-0.070030,-0.029769,0.002128,-0.5397228089,0.4651946729,0.153902
-0.067840,-0.034834,-0.032958,1.0400742377,-0.5553325766,-0.549223
-0.080382,-0.038513,-0.015643,0.2895048270,0.3344550694,-0.325285
-0.072439,-0.033576,-0.039054,0.0350683491,0.2314941624,-0.053230
-0.082247,-0.047425,-0.007916,-0.3686176510,0.7094454999,-0.614884
-0.067318,-0.044609,-0.029663,0.3290516665,0.1740482047,-0.099098
-0.069692,-0.033921,-0.012978,0.1163041923,-0.3120452298,-0.095199
-0.080202,-0.054630,-0.012558,-0.5550119101,-0.5651428270,-0.392949
-0.069869,-0.046805,-0.010126,-0.0992659641,-0.8206456933,-0.499287
-0.083100,-0.057706,0.016528,-1.4110687629,0.0466792097,-0.874492
-0.074241,-0.047402,-0.000958,-1.5316717737,0.4437466674,0.370369
-0.069452,-0.036698,0.003621,-0.9275421608,0.3667618513,0.160667
-0.078108,-0.053173,-0.004414,-0.9578178104,0.1933648880,0.152064
-0.067384,-0.033307,-0.015466,-0.3390544009,0.4805265511,0.051661
-0.072423,-0.032848,-0.028018,0.0284528745,0.2397638243,0.068414
-0.074596,-0.051561,-0.020603,0.0398058062,0.2455956788,0.211565
-0.069353,-0.034062,-0.033615,-0.1182178972,0.3265965956,0.156811
-0.080609,-0.036852,-0.007293,-0.4553652971,0.4837821694,0.004463
-0.078160,-0.048794,-0.020482,-0.0993128390,-0.2627908829,-0.324260
-0.075721,-0.040732,-0.018345,-0.7319191108,-0.3646410870,-0.425688
-0.084138,-0.049198,-0.002510,-0.3162308351,-0.7520178734,-0.269736
-0.074786,-0.037732,-0.001293,-0.6673179397,-0.3287305764,-0.006048
-0.067010,-0.028029,0.009044,-1.5353298176,0.5107747496,0.711805
-0.082743,-0.047218,-0.000071,-1.2934911668,0.5850735800,0.149924
-0.074077,-0.036711,-0.015673,-0.2721465549,0.2440243398,0.210879
-0.080389,-0.030544,-0.030145,-0.1439899217,0.2700301398,0.303624
-0.073831,-0.040506,-0.035236,0.2461084200,0.1461582876,0.085956
-0.079920,-0.035907,-0.045448,0.1426227230,-0.0726841975,-0.532141
-0.096092,-0.041165,-0.010992,-0.4238916768,0.5532260789,-0.669409
-0.079191,-0.054289,-0.004050,0.1922642434,-0.3710885619,-1.200629
-0.088615,-0.046165,-0.010798,-0.6536541407,-0.2920721823,-1.186324
-0.098872,-0.045019,0.000175,-1.1015685144,-0.2514946350,-1.112079
-0.078741,-0.039990,0.000844,-0.8802198366,-0.2064674788,-0.910862
-0.072032,-0.026043,-0.002586,-0.1921210054,-0.4373653425,-0.451790
-0.073384,-0.028046,-0.016681,-0.0810802941,-0.1287731889,0.225817
-0.075219,-0.023677,-0.017393,-1.2189307850,0.6846339494,-0.237457
-0.080310,-0.019646,-0.006948,-0.9836251692,0.7177752314,0.083179
-0.082493,-0.033114,-0.027050,-0.2517349419,-0.0489957094,-0.303834
-0.077008,-0.023565,-0.053234,-0.0960038701,0.0962084192,-0.538144
-0.091910,-0.020788,-0.015647,-0.0760063983,0.6611690565,-0.250537
-0.080862,-0.032270,-0.028018,0.3318314415,0.1787849162,-0.380088
-0.071307,-0.017269,-0.033795,0.1490612599,-0.1448983244,-0.491284
-0.084216,-0.029306,-0.022402,-0.0905659080,-0.2242567541,-0.623823
-0.076759,-0.026549,-0.015171,0.2023267226,-0.2909318367,-0.936029
-0.084075,-0.028305,-0.011596,-0.2032821534,-0.3913510179,-1.493407
-0.080612,-0.046151,-0.001614,0.1218140098,-1.1601299460,-1.260022
-0.076897,-0.025630,-0.015046,-1.2121727501,-0.0094507908,-0.957171
-0.087436,-0.034614,0.004800,-0.6229073601,-0.3860871961,-0.941405
-0.065822,-0.021064,-0.001788,-0.5990608803,-0.3584658816,-0.320309
-0.069071,-0.014309,-0.019563,-0.7973995951,-0.2209106126,-0.339413
-0.080018,-0.018635,-0.007943,-0.8870044445,0.1363692355,-0.123454
-0.068497,-0.012808,-0.009121,0.0054436131,-0.1668493856,-0.017655
-0.062624,-0.013065,-0.017357,-0.4724277367,0.3039851570,-0.400787
-0.054441,-0.021182,-0.017396,1.1093545412,-0.9249835710,0.341796
-0.055945,-0.019068,-0.026344,-0.4001807543,0.4865566013,0.089442
-0.068595,-0.029510,-0.024526,-0.3892881877,-0.0189589198,-0.582214
-0.047460,-0.024592,-0.038128,0.8780223247,-0.5241707234,-0.030308
-0.065296,-0.024678,-0.032617,0.0143126005,0.2231501512,-0.542448
-0.063941,-0.031912,-0.038844,0.2512767885,-0.0504158355,-0.355227
-0.057592,-0.030317,-0.046925,-0.2395954532,-0.1607634982,-0.461371
-0.073269,-0.039068,-0.012023,-0.3062559105,0.2998572029,-0.787705
-0.050240,-0.025597,-0.006259,-0.1930086296,-0.3461407528,-0.124373
-0.064463,-0.041855,-0.006423,-0.8500100045,-0.1703645148,-0.509593
-0.060635,-0.046099,-0.013687,-0.7269220217,-0.6958698746,-0.395486
-0.053745,-0.043788,-0.009361,-0.3367733278,-0.7962045144,-0.274433
-0.057540,-0.052086,0.008076,-0.7303001116,-0.5085288980,-0.165964
-0.061594,-0.042863,0.004412,-1.9986493469,0.7417757847,-0.439989
-0.054271,-0.026546,0.006008,-1.6220666428,0.6661101613,0.418723
-0.043442,-0.024507,-0.009899,-0.5969116961,0.2635706147,1.001290
-0.053818,-0.036852,-0.036697,-0.1748572740,0.0351983174,0.248686
-0.069980,-0.051505,-0.019297,-0.1228058328,0.1751760581,-0.239028
-0.056631,-0.038536,-0.016612,0.2620632510,0.1598548656,-0.138080
-0.061482,-0.042157,-0.023075,-0.2907247291,0.4510379982,-0.103838
-0.073256,-0.065282,-0.021371,0.1290404644,0.2960626405,-0.973041
-0.065841,-0.049674,-0.023508,0.0877523427,-0.0286644840,-0.714086
-0.073982,-0.061064,-0.020465,0.4753902422,-0.8472339471,-0.703937
-0.059165,-0.037483,-0.016195,0.1913797564,-0.2575985384,0.147689
-0.063842,-0.043388,-0.000203,-0.2649098442,-0.7236613096,-0.390323
-0.054129,-0.052644,-0.006118,-0.3918799268,-0.0074559436,-0.000408
-0.077812,-0.070359,-0.011606,-0.4710479345,-0.3505509554,-1.355067
-0.092081,-0.062400,0.014217,-0.8016850048,-0.0505891599,-0.822400
-0.070703,-0.044057,-0.000199,-0.8741129366,0.0577759822,-0.173252
-0.066380,-0.036504,-0.004171,-0.7197477893,0.0219322604,-0.217995
-0.064321,-0.046795,-0.014396,-0.3884983003,-0.4159067947,0.477679
-0.061275,-0.042859,-0.021611,-0.2153329076,-0.2156975366,-0.324444
-0.084984,-0.050399,0.002962,-1.2239887626,1.0326352753,-0.164626
-0.060087,-0.033819,-0.019805,0.3136220715,0.4272033622,-0.110590
-0.069235,-0.034906,-0.021086,-0.1062115523,0.5474501950,-0.322590
-0.072974,-0.052549,-0.019415,0.5376800468,-0.5332788408,-0.542260
-0.063051,-0.026729,-0.027890,-0.0831593879,-0.2369402850,-0.607069
-0.073092,-0.035904,-0.020521,0.1797571268,-0.1708455234,-0.711874
-0.068228,-0.041405,-0.013917,0.1078386267,0.2605739805,-1.047073
-0.080399,-0.048518,-0.003154,-0.1797034209,-0.0331194552,-1.264774
-0.070381,-0.064113,-0.004135,-0.4400859603,-0.5195852430,-0.853672
-0.062956,-0.034853,-0.008406,-0.6565081639,-0.2704734954,-0.589567
-0.079972,-0.051141,0.004153,-0.6757998252,-0.0916856331,-0.796085
-0.059388,-0.033373,-0.017130,-0.1018260046,-0.2153678135,-0.156964
-0.065250,-0.034670,-0.011918,-0.0688371103,0.2368066275,-0.219318
-0.056355,-0.044064,-0.024240,-0.0596262477,-0.0837756905,-0.560445
-0.050870,-0.024235,-0.017143,0.1649057452,0.1748391291,-0.003034
-0.057028,-0.033455,-0.020757,0.3369475684,-0.2611756921,-0.363449
-0.064358,-0.044080,-0.039339,0.3604968712,-0.6177191030,-1.500815
-0.069836,-0.058868,-0.010638,-0.0618394810,-0.3736071230,-1.900149
-0.053000,-0.039669,-0.002566,0.0808526318,-0.1972151338,-1.268798
-0.062467,-0.057679,-0.007460,-0.3071088958,-0.4428202111,-1.878459
-0.046137,-0.035641,-0.000577,-0.8964152069,-0.3732146830,-0.022742
-0.044292,-0.022075,-0.021801,-1.1949939032,0.1347038448,-0.159577
-0.055991,-0.035858,0.006815,-0.8613572014,0.1063855637,-0.685775
-0.043855,-0.039252,-0.004178,-0.3806157572,-0.1474138297,-0.221969
-0.034606,-0.030350,-0.008836,-0.4093032766,-0.0307200708,-0.406200
-0.040665,-0.041231,-0.024598,-0.1159093536,-0.0151488895,-0.284611
-0.031645,-0.019216,-0.040088,-0.1449735115,-0.0133774877,0.142125
-0.047509,-0.031889,-0.010044,-0.3510190221,0.6702592193,-0.190392
-0.025152,-0.021346,-0.022799,0.1988419563,0.3758723710,0.425722
-0.034143,-0.030015,-0.020416,-0.1177551187,0.1730521515,-0.480786
-0.052400,-0.062859,-0.010283,-0.4350320895,-0.2052756819,-1.652243
-0.036408,-0.020250,-0.024700,-0.3394958028,-0.5903199795,-0.423994
-0.049724,-0.024885,0.008794,-0.0453381476,-0.4849579751,-0.157814
-0.045684,-0.052408,-0.005783,-0.5983028791,-0.5794189850,-1.297487
-0.034947,-0.031456,-0.002530,-0.6449436548,-0.6547211781,-0.389587
-0.040645,-0.013321,0.019075,-1.1646672461,0.4315111559,0.545655
-0.027581,-0.020657,-0.019330,-0.4593174402,0.1195908568,-0.043438
-0.052794,-0.027606,-0.011074,-0.7021105246,0.6572188989,-0.284553
-0.044384,-0.030717,-0.014823,-0.4833385800,0.2395210222,0.019264
-0.050588,-0.025610,-0.022491,-0.3826671391,0.5315970727,0.156620
-0.038354,-0.038930,-0.022005,0.2246350186,-0.1672647346,-0.296517
-0.053371,-0.030616,-0.032308,0.1103205068,0.3399747228,-0.514661
-0.063097,-0.046040,-0.007450,-0.1178169885,0.2011089900,-0.566229
-0.061088,-0.042003,-0.035850,0.3378696268,0.0219233599,-1.302910
-0.050161,-0.023946,-0.019346,0.7232193967,-1.0498972598,-0.139505
-0.055974,-0.023427,-0.003823,-0.4861005043,-0.2132047710,-0.251364
-0.058420,-0.024704,-0.014301,-0.1558232647,-0.9180878115,-0.729744
-0.059765,-0.035969,0.001780,-0.4014159681,-0.7237628518,-0.560957
-0.062733,-0.033488,-0.014419,-0.9284785185,-0.3321019678,-0.500967
-0.077080,-0.034958,0.003332,-1.2668045530,0.7204341510,0.003770
-0.065319,-0.014716,-0.032338,-0.3007038534,0.1804276480,-0.144317
-0.077563,-0.034456,-0.014984,-0.2838449394,0.2893061435,0.031979
-0.075561,-0.043496,-0.019369,0.0988661167,0.4416971373,-0.853688
-0.084092,-0.043749,-0.017803,-0.2054210428,0.3263663169,-0.897220
-0.071523,-0.033898,-0.030093,0.3598104329,0.6462879508,-0.281743
-0.075876,-0.035881,-0.010080,-0.2493625997,0.1651433078,-0.820565
-0.084902,-0.051325,-0.013625,-0.3021772333,-0.4691183210,-1.039025
-0.077986,-0.030891,-0.013608,-0.4101883120,-0.5793049971,-0.517632
-0.099936,-0.062656,0.004537,-0.8962484420,-0.2473458377,-1.317799
-0.096112,-0.055365,0.002669,-2.5215940705,0.6853009538,-0.842800
-0.085884,-0.041559,0.008302,-0.5456555084,-0.1508630639,-0.447710
-0.074513,-0.042078,-0.003577,-1.0223620166,0.1754290436,-0.199298
-0.082818,-0.038024,-0.004759,-1.3046452946,0.9256860639,-0.493122
-0.089045,-0.047281,-0.015358,-0.3243098291,0.1006308986,-0.372975
-0.082706,-0.043102,-0.021283,-0.1986875556,-0.2402449412,-0.304123
-0.091270,-0.043782,-0.019093,-0.0490531765,0.1673214061,-0.345088
-0.085388,-0.050120,-0.021269,0.0657779505,0.4314827523,-0.359432
-0.078160,-0.047789,-0.015811,0.1436443595,0.0638293288,-0.415046
-0.094280,-0.060896,-0.020679,-0.0642155837,-0.0011826537,-1.025389
-0.081886,-0.051620,-0.017311,0.1830061331,0.0282739206,-0.888187
-0.070959,-0.053120,-0.016431,0.5398530947,-0.9581030114,-0.455765
-0.091411,-0.063089,0.001685,-2.1987791160,0.4552228564,-0.688568
-0.076837,-0.041536,-0.024214,-0.2481694755,-0.6553621404,-0.170613
-0.086314,-0.060893,0.012874,-1.5205216408,0.1293412640,-0.245121
-0.072954,-0.042800,0.013941,-1.5708525663,0.8547535441,0.140290
-0.077372,-0.045439,0.006441,-0.9589699537,0.3290873173,0.280434
-0.065136,-0.045288,-0.021670,-0.3607302308,-0.0144370876,0.470097
-0.072593,-0.042629,-0.018437,-0.7207692139,0.1526371009,0.178540
-0.083104,-0.054512,-0.018502,0.1956832357,-0.1164106935,0.071323
-0.073358,-0.039065,-0.009328,-0.5235577488,0.7511013783,0.015456
-0.068848,-0.038786,-0.006538,-0.1711181777,0.3403446222,0.061085
-0.070594,-0.048403,-0.022087,-0.7318426396,0.3710333651,0.103350
-0.061830,-0.040020,-0.038420,0.7463208967,-0.4538982882,0.295815
-0.075114,-0.061674,-0.021998,0.3719637249,-0.7400139299,-0.301332
-0.064092,-0.034515,-0.034422,1.0848121989,-0.4217221549,-0.209723
-0.079076,-0.050218,-0.002070,-0.1408261347,0.1118339796,-0.281589
-0.065950,-0.049053,0.000752,-0.2147078838,0.0025310365,0.039680
-0.068228,-0.035884,-0.000160,-0.7837640215,-0.0253191063,-0.153744
-0.076919,-0.049007,0.000867,-0.7678877348,0.0786534288,0.167413
-0.067039,-0.037486,-0.030424,-0.4449106179,-1.0779737950,0.100618
-0.080405,-0.053862,0.002630,-1.1109205402,-0.2470848187,-0.286279
-0.073076,-0.045275,-0.008166,-0.7555192396,-0.0751137090,-0.074188
-0.077054,-0.033012,0.001504,-1.3650367719,0.7797789568,0.105732
-0.060156,-0.034909,-0.007273,-0.5927215208,0.2031762113,0.096266
-0.064049,-0.027491,-0.016825,0.0473649032,0.4549584189,-0.067026
-0.067098,-0.043572,-0.037531,1.3099551248,-0.5804951682,-0.321726
-0.075042,-0.036248,-0.039362,0.1569930155,-0.2892161207,-0.406545
-0.087266,-0.033547,-0.012922,-0.0122467175,0.2902020630,-0.303384
-0.074510,-0.034269,-0.019139,0.2796171844,-0.3872468299,-0.178346
-0.079050,-0.029319,-0.002153,-0.4117820692,0.1136745345,-0.448481
-0.073762,-0.040742,-0.001841,-0.5123730138,-0.3440920922,-0.292526
-0.070653,-0.026289,-0.011547,-0.8147118262,-0.2648202765,0.101449
-0.080563,-0.040772,0.007636,-0.8943005654,-0.0146020166,0.114103
-0.058305,-0.025036,-0.015016,-0.0075408336,-0.2149551069,0.273984
-0.069724,-0.019459,-0.039425,0.5256042334,-0.2240547631,-0.236689
-0.081781,-0.032385,-0.021273,-0.2635990665,0.1880990240,-0.222371
-0.063087,-0.026368,-0.025261,-0.1499589401,0.3644274968,-0.388412
-0.069330,-0.020053,-0.013674,-0.4365882319,0.6933470004,-0.093289
-0.054701,-0.030471,-0.036756,1.4629292645,-0.9318001859,-0.078777
-0.068900,-0.025472,-0.031530,0.1101702251,-0.5055395727,-0.799558
-0.084893,-0.044569,-0.002300,-0.0052027274,-0.5318153882,-1.072325
-0.072994,-0.027294,-0.005028,-0.6417608146,-0.2406183373,-0.683881
-0.079910,-0.026657,0.008578,-0.9007296978,0.3227443995,-0.606633
-0.071602,-0.031512,-0.009266,-0.9327486377,0.1631999688,-0.322317
-0.056362,-0.010787,-0.019372,-0.5379552218,-0.2507817763,-0.379054
-0.077704,-0.025981,0.005407,-0.4755119468,-0.0239808515,-0.356514
-0.066790,-0.022111,-0.021565,0.0385776848,0.0251865101,-0.186976
-0.069600,-0.012520,-0.016881,-0.4071051636,0.5743371726,-0.320056
-0.069921,-0.029162,-0.020150,-0.0856270505,0.4365235980,-0.768549
-0.054100,-0.019879,-0.035965,1.1649807347,-0.7158581777,-0.424848
-0.081029,-0.021307,-0.011511,-0.4432252838,0.5519452892,-0.326060
-0.059933,-0.032267,-0.020741,-0.0078897427,-0.1518594352,-0.651300
-0.059237,-0.029122,-0.023941,0.5739418543,-0.9417055477,-0.988196
-0.071631,-0.034305,0.001018,-0.3494579087,-0.0895528530,-0.780040
-0.062457,-0.032080,-0.000029,-1.0489496462,0.2362619182,-0.572718
-0.056276,-0.022846,0.002843,-0.7298822412,-0.0171991253,-0.688306
-0.063379,-0.037020,-0.012161,-1.1948742068,0.0076511652,-0.117559
-0.051766,-0.019419,-0.025123,-0.6644612146,-0.1875145833,0.122811
-0.065822,-0.022977,-0.011087,-0.4638926112,0.2528324281,-0.019420
-0.049770,-0.024228,-0.016444,-0.0945103817,0.4610652171,-0.003681
-0.059683,-0.014102,-0.033303,-0.0388216226,0.6071909773,0.057412
-0.065927,-0.045177,-0.026689,0.3613873484,0.3690992486,-0.551110
-0.060862,-0.026657,-0.037547,-0.2310844832,0.3787859342,-0.571760
-0.071398,-0.041573,0.002272,-0.4533567387,0.3039510945,-0.434731
-0.058535,-0.036573,-0.012922,-0.0466993970,-0.6874917282,-0.365809
-0.059713,-0.029240,-0.013333,-0.0600514797,-0.7650402139,-0.643058
-0.071546,-0.042327,-0.014042,-0.2560402209,-0.7277706714,-0.685769
-0.062076,-0.034371,-0.009443,-0.3384658902,-0.6602301184,-0.349755
-0.076791,-0.032372,0.023575,-0.8611697365,0.1086802625,-0.497521
-0.053650,-0.025640,0.009694,-0.9712509492,0.5132580091,-0.054257
-0.058567,-0.027885,-0.008022,-0.8497080490,0.3795604876,0.119460
-0.057031,-0.035369,-0.030834,0.2345426834,-0.3819441558,0.096578
-0.061006,-0.029490,-0.040557,-0.3030810946,-0.0739498546,-0.053791
-0.075528,-0.039731,-0.018000,-0.0376316128,0.1677581347,-0.219735
-0.064246,-0.037758,-0.016444,0.4918136159,0.1647101706,-0.561144
-0.060107,-0.035664,-0.029183,0.1252023162,0.0129347729,-0.736741
-0.067929,-0.035034,-0.001693,-0.2675333221,0.0584366934,-0.262885
-0.068040,-0.029125,-0.014334,-0.0789488234,-0.2904713733,-0.294039
-0.074192,-0.037250,0.002699,-0.5524078491,-0.7279244612,-0.553785
-0.079358,-0.049529,-0.000774,-0.7678700934,-0.3772660154,-0.885177
-0.071113,-0.032375,0.002968,-2.3822127007,0.7856505680,-0.253964
-0.069846,-0.025059,0.001872,-0.9327563302,0.5781206451,-0.147715
-0.058492,-0.028994,-0.008097,-0.5365379428,0.5417150229,0.058968
-0.059756,-0.027192,-0.025018,-0.3559473970,0.1437610236,-0.120526
-0.087692,-0.043680,-0.008918,-0.4708149064,0.3894186611,-0.893022
-0.067778,-0.046119,-0.002254,0.4918663301,-0.6829605257,-0.437383
-0.068904,-0.039744,-0.004572,-0.2221093520,0.0741233175,-0.846624
-0.081318,-0.052936,0.001245,-1.2237984256,0.3391369486,-0.871886
-0.065106,-0.037115,-0.009705,-0.5452769290,-0.1514153452,-0.444926
-0.058036,-0.035763,0.003191,-0.7166101588,0.1164527957,-0.365678
-0.061364,-0.039459,-0.018706,-0.3876086046,-0.2235057966,-0.285124
-0.063189,-0.030429,-0.046636,0.0403253518,-0.3311804419,-0.587404
-0.077143,-0.042777,-0.025927,0.3392149123,0.1883634627,-0.621672
-0.061528,-0.032861,-0.023029,0.4695672403,0.2941523178,-0.335217
-0.061354,-0.027222,-0.015886,-0.1520001455,0.1424520253,-0.299596
-0.060015,-0.039577,-0.011330,0.0287074336,-0.1265952665,-0.422267
-0.061807,-0.047842,-0.011416,-0.2717542166,-0.7726481103,-1.059159
-0.075442,-0.048899,0.006864,-0.4837469038,-0.4538522154,-1.200901
-0.071205,-0.041014,0.022610,-2.3901280494,0.9503947818,-0.695737
-0.081072,-0.031256,0.026241,-3.5436004132,1.9541080426,-0.640307
-0.064669,-0.037407,0.009730,-1.7508498540,1.0406910964,-0.189953
-0.066196,-0.023611,-0.000872,-1.9125958338,1.2549388415,0.100819
-0.075774,-0.026667,-0.003948,-0.8618619227,0.8129033609,0.195218
-0.052180,-0.025958,-0.018040,0.0170560212,0.3001158953,-0.228758
-0.054990,-0.019432,-0.033815,0.9585876020,-0.1327995698,0.083671
-0.046951,-0.036134,-0.024929,1.1612316599,-0.7907837657,-0.121511
-0.049350,-0.029063,-0.029945,0.0076387156,-0.4817853564,-0.557011
-0.067387,-0.037949,0.007137,-0.5278287514,0.1165997848,-0.907172
-0.058256,-0.035940,-0.001696,-0.7329642300,0.1044347136,-0.186030
-0.060189,-0.018343,0.006159,-1.0188759449,0.1322050969,0.009472
-0.059240,-0.041595,-0.005606,-0.5754925706,-0.5385323717,-0.258037
-0.049616,-0.020473,-0.022619,-0.6250362080,-0.9826084688,0.223303
-0.057812,-0.029063,0.004888,0.0421204700,-0.6445772059,0.222486
-0.055416,-0.024954,0.001189,-0.7682719870,0.5566718845,0.089383
-0.045589,-0.019590,-0.019500,-0.2635843940,0.4097884375,-0.035629
-0.049770,-0.040919,-0.021319,0.8546786518,-0.5259491510,-0.398394
-0.056000,-0.021363,-0.046249,-0.1014209589,-0.0233382537,-0.364231
-0.070594,-0.048558,-0.001240,0.2270432598,-0.3458335386,-0.902068
-0.056089,-0.036498,-0.009525,-0.1038837428,-0.0112319206,-0.276497
-0.067981,-0.038589,0.000293,-0.5539902550,-0.0394432685,-0.391688
-0.063205,-0.043562,0.008568,-1.0606053522,-0.0722303568,-0.359996
-0.057274,-0.026647,-0.015981,-0.5413671573,-0.4696114220,0.148444
-0.076988,-0.040384,-0.006636,-0.5765811509,0.1610721520,-0.500206
-0.060474,-0.034364,-0.020176,0.1143318517,0.1690805761,0.008894
-0.074655,-0.035602,-0.014967,-0.0237486632,0.4421941088,-0.503170
-0.070496,-0.045859,-0.025950,0.4280282575,-0.1409833109,-0.211394
-0.077921,-0.039593,-0.013989,-0.1328044810,0.3302838915,-0.914020
-0.085326,-0.049020,0.006047,-0.6846913519,0.2518097910,-0.631776
-0.073818,-0.035201,0.003549,-0.2885071224,-0.4941649944,-0.569288
-0.089357,-0.042767,0.005735,-0.6414016162,-0.5340041873,-0.845998
-0.076148,-0.053215,-0.010224,-0.6035597013,-0.3809820681,-0.253251
-0.078429,-0.030691,-0.007043,-2.6655782795,1.0247229883,0.092120
-0.095941,-0.038251,0.012464,-2.2947254310,1.5898629641,-0.147029
-0.069183,-0.037591,-0.016966,0.1133248952,0.1502144762,0.004647
-0.075810,-0.044819,-0.019412,-0.1217640725,0.3070164398,-0.576844
-0.068933,-0.050241,-0.042385,0.9278027221,-0.6492065459,-0.229782
-0.074326,-0.044143,-0.054182,0.5765003079,-0.8481161762,-0.661682
-0.098400,-0.052838,0.005663,-0.4356330901,0.0799913545,-0.785778
-0.084167,-0.044701,0.003060,-1.0500089855,0.6270710887,-0.330980
-0.078131,-0.042524,-0.002192,-1.2980505982,0.2740304131,-0.497790
-0.083501,-0.050763,-0.008701,-1.3969844229,0.5809220021,0.002992
-0.082644,-0.037601,-0.027861,-0.9799442156,0.2891348299,0.308124
-0.095272,-0.040909,-0.015899,-0.5458600145,0.7051987211,-0.300880
-0.075154,-0.040680,-0.028330,0.4850615970,0.2037933307,0.115258
-0.083530,-0.033462,-0.032778,0.3148290235,0.3379698644,-0.166008
-0.078236,-0.051331,-0.027063,0.0411946261,-0.1245348146,-0.472210
-0.069501,-0.036971,-0.034481,-0.3156510052,-0.3254055784,-0.136617
-0.082811,-0.038431,-0.002189,-0.4057905138,-0.4303057872,-0.166477
-0.075144,-0.048072,-0.000108,-0.4543431056,-0.6018073430,-0.005440
-0.070880,-0.037243,-0.000515,-0.4767786239,-0.3737508006,-0.350044
-0.083964,-0.049011,0.007691,-0.9869811077,0.0092705754,-0.231075
-0.061892,-0.037056,-0.000337,0.0625995901,0.1976976705,0.034235
-0.073506,-0.037184,-0.008908,-0.3432545481,0.0264856827,0.111966
-0.069009,-0.047589,-0.013208,-0.1267452755,0.1002287432,-0.118113
-0.058387,-0.038884,-0.041502,0.7374777593,-0.7246610514,0.010338
-0.066754,-0.035621,-0.033326,0.8126826719,-0.3751083219,-0.258369
-0.053289,-0.037007,-0.039310,0.9523755390,-0.2642471786,-0.377708
-0.062736,-0.046555,-0.018154,0.2759524291,-0.2064283724,-0.379967
-0.063997,-0.050202,-0.006082,-0.3245251810,0.1059178981,0.103497
-0.058787,-0.037794,-0.018693,-0.6771881696,-0.2301063160,-0.208164
-0.068792,-0.048761,-0.000370,-0.5496171040,-0.3213467489,-0.239682
-0.056729,-0.042183,-0.011937,-0.5116128417,-0.3950514357,0.369309
-0.044220,-0.021907,-0.013273,-0.1494067135,-0.0317700187,0.408390
-0.064161,-0.042869,0.000434,-0.7290438658,0.4141609834,0.304717
-0.047545,-0.030094,-0.015525,0.3390370065,0.0423873209,0.293521
-0.047345,-0.032608,-0.012985,0.6556182380,-0.4405819014,0.028149
-0.047699,-0.040141,-0.032607,0.7783041561,-0.3239836578,-0.066523
-0.053732,-0.037831,-0.025395,-0.1822144008,0.0933773999,-0.625719
-0.063379,-0.054528,-0.016717,0.1399616944,-0.5507192342,-1.067063
-0.058974,-0.041008,-0.018410,-0.3737095062,-0.3107798521,-0.380679
-0.066406,-0.045932,0.018100,-1.1996295065,0.4826287444,-0.424788
-0.050834,-0.038937,0.001928,-0.5161294961,-0.1531205105,-0.063480
-0.051973,-0.029129,-0.005983,-0.3082954223,-0.3653233352,0.093335
-0.059289,-0.043923,-0.009765,-0.5424850861,-0.1634957315,0.284265
-0.050706,-0.032483,-0.029768,-0.1421254091,-0.4633724296,-0.108689
-0.064860,-0.036196,-0.003669,-0.5727972760,0.5016800155,-0.149553
-0.057399,-0.034387,-0.014399,0.5530628721,0.1333269942,0.288561
-0.046452,-0.031561,-0.015837,-0.3380510087,0.4329624774,-0.144261
-0.066271,-0.050511,-0.022481,-0.1653577729,-0.0577120640,-0.616870
-0.063058,-0.036015,-0.033684,0.4361642178,-0.5751934143,-0.542953
-0.075544,-0.040309,-0.015322,0.1574800708,0.0969774838,-0.790055
-0.058200,-0.045676,-0.002504,-0.2268196923,0.1582607687,-1.010447
-0.054431,-0.034794,0.001724,-0.2297838906,-0.4809293733,-0.317640
-0.067794,-0.040145,-0.003567,-0.7864657211,-0.0596265874,0.000731
-0.061755,-0.038576,-0.014042,-1.1307470423,-0.1538713278,-0.353142
-0.072587,-0.039715,-0.005189,-0.8679857328,0.2685266106,0.036956
-0.053864,-0.038773,-0.041778,-0.0502984041,-0.4620173914,0.023091
-0.063399,-0.028059,-0.014819,-0.0269640325,0.0306469257,-0.056919
-0.063675,-0.042899,-0.014124,-0.2547444975,0.0931395874,-0.074257
-0.064935,-0.033793,-0.027260,-0.2441779279,0.5358214227,-0.537094
-0.069764,-0.041120,-0.010464,-0.0843370682,0.7161759129,-0.795681
-0.059536,-0.040266,-0.014974,0.2503082360,-0.0737774177,-0.691398
-0.058456,-0.032227,-0.016927,1.0962389797,-1.2339943900,-0.555170
-0.086143,-0.058838,0.013055,-1.7883632916,0.3937259165,-1.381990
-0.073939,-0.063479,-0.032791,-0.2675925893,-1.2922319605,-1.425492
-0.071773,-0.034371,0.020457,-0.9801045289,-0.2337988408,-0.208853
-0.070614,-0.039127,0.006513,-1.7817230753,0.7967971085,-0.388232
-0.063438,-0.036445,0.003772,-1.0830085802,0.6907341141,-0.138471
-0.066383,-0.033924,-0.002737,-0.3582588562,0.1919694588,0.207091
-0.066839,-0.031899,-0.031110,-0.0067363862,0.4076522369,-0.501548
-0.064699,-0.035536,-0.012223,-0.0023172943,0.5954463286,-0.465770
-0.063081,-0.040719,-0.022845,0.2269910912,0.1080701028,-0.658954
-0.055853,-0.032431,-0.014442,-0.0932074005,0.3693860467,-0.584873
-0.061965,-0.044454,0.004192,-0.5163864125,0.1026484972,-0.521335
-0.041722,-0.010892,-0.015890,-0.2410923448,-0.4061841905,0.319084
-0.075114,-0.037181,0.009874,-0.2876268731,-0.0014763579,-0.415279
-0.048270,-0.031423,0.007035,-0.3490135471,0.2951308038,-0.056374
-0.054970,-0.024957,-0.011918,-0.6038540914,0.4799640333,0.139053
-0.049564,-0.035822,-0.010030,0.1868749782,0.3669609569,-0.025351
-0.048694,-0.032050,-0.011406,0.5603381598,-0.3517738378,-0.409676
-0.061712,-0.035848,-0.013323,0.1023819641,0.3018687637,-0.506002
-0.047778,-0.028407,-0.010769,0.4497456424,-0.9708696968,-0.582089
-0.062946,-0.040729,0.020493,-0.5499324181,0.0947411112,-0.658094
-0.053946,-0.037683,0.019403,-0.3163749078,-0.2677214145,-0.308406
-0.058338,-0.034043,0.003083,-0.7224897788,-0.2834410048,-0.248702
-0.048159,-0.046174,0.015359,-0.4835252077,-0.0596742265,-0.006359
-0.042713,-0.020637,-0.014934,-1.0599911720,0.3564694345,0.003961
-0.061876,-0.029792,-0.006489,-0.6352674006,0.6293945858,0.292881
-0.052515,-0.023329,-0.019254,0.0615058383,0.7804252368,0.051333
-0.046823,-0.024373,-0.034028,0.9567230568,0.2825869432,-0.029514
-0.055259,-0.041152,-0.015483,0.1223662990,0.3653886470,-0.290001
-0.051369,-0.026762,-0.056549,-0.0186835279,-0.3808228195,-0.345806
-0.072262,-0.034535,0.008798,-0.9881366834,0.3900270595,-0.843414
-0.055223,-0.035356,0.017204,-0.5151253736,-0.0323793194,-0.437826
-0.045090,-0.013081,0.002512,-0.3985145122,-0.3283953827,0.429726
-0.068490,-0.043371,-0.003058,-0.1655559754,-0.5223553609,-0.535515
-0.055091,-0.029674,-0.011294,-0.5509309897,-0.1328084657,-0.155638
-0.060934,-0.020499,-0.012873,-0.7608030665,0.2130844343,-0.091171
-0.049209,-0.027514,-0.020679,0.2554500363,0.1704984417,0.533126
-0.046669,-0.022196,-0.039779,0.8125567304,-0.5628984589,-0.083927
-0.071622,-0.038366,-0.008734,-0.2670032539,0.1802667985,-0.823651
-0.060776,-0.031916,-0.009804,0.2218448030,-0.2547955297,-0.986483
-0.060392,-0.023634,-0.011012,0.0002697258,-0.4463828211,-0.666806
-0.069646,-0.054646,0.011676,-0.4672147555,-0.6829956946,-1.201059
-0.060885,-0.021336,-0.009371,-1.4309009946,0.2587227768,-0.465264
-0.064318,-0.029500,0.011026,-1.0948788182,0.2248922587,-0.011034
-0.054773,-0.034991,-0.014176,-0.5067105614,-0.1198564371,0.108815
-0.060931,-0.024855,-0.026505,-0.0668382946,-0.1941373221,-0.264737
-0.075311,-0.036948,-0.019379,-0.1803568936,0.1357066967,-0.229602
-0.063038,-0.022344,-0.034271,0.2231560438,0.2638756059,-0.304238
-0.069885,-0.027054,-0.010690,-0.3411517344,0.4647298629,-0.257463
-0.061758,-0.032401,-0.036815,-0.0479404457,0.1583247123,-0.152251
-0.059247,-0.024888,-0.013710,-0.5001908288,-0.2501619290,-0.229300
-0.075764,-0.050580,-0.007890,-0.4287202998,-0.8269813414,-0.396280
-0.063058,-0.035631,0.001832,-0.3310402693,-0.6770365659,-0.496923
-0.074300,-0.030635,0.004760,-0.7500730283,0.1534014055,-0.705217
-0.075521,-0.031469,0.015688,-2.5346869808,1.3974953680,0.044600
-0.052984,-0.023949,-0.010625,-0.7519883959,0.3374198917,0.052226
-0.067909,-0.036800,-0.005320,-0.2480202051,0.0732624035,-0.136879
-0.059697,-0.030911,-0.032830,-0.1371984124,0.5495233790,-0.244891
-0.066957,-0.036472,-0.007792,0.5548112304,-0.9123307604,-0.166221
-0.056266,-0.030819,-0.028314,0.5447222828,-0.2609613302,-0.359314
-0.064994,-0.040394,-0.015318,-0.1638353207,0.0014349005,-1.022908
-0.076647,-0.044661,0.019912,-0.4444613039,-0.0458535603,-0.246867
-0.063685,-0.032149,0.007383,-0.3989901567,0.3927587769,-0.134453
-0.068329,-0.028341,-0.005251,-0.6345055967,-0.1250739311,-0.145929
-0.064262,-0.040092,-0.011173,-0.2783511672,-0.6542803640,0.294200
-0.052528,-0.028416,-0.022182,0.2617137900,-0.7120344187,0.177398
-0.072042,-0.037279,-0.013822,-0.4966435950,0.3869260602,0.185171
-0.057931,-0.039587,0.001918,-0.4164929335,0.5742850782,-0.255861
-0.058105,-0.030796,-0.036812,0.3752755002,0.3271962331,-0.109421
-0.049045,-0.046342,-0.022750,1.4069915151,-1.3157752100,0.214578
-0.060021,-0.045932,-0.027890,-0.1644031886,-0.8260466755,-0.513161
-0.071638,-0.042780,-0.000068,-0.4931550107,0.1471544654,-0.334255
-0.063107,-0.047442,-0.008783,-0.6195595307,-0.4835345855,-0.013502
-0.068887,-0.040266,0.007091,-1.4694548851,0.4015614796,-0.340065
-0.069225,-0.038897,0.007399,-0.8245562424,0.2191726944,0.125371
-0.058009,-0.036409,-0.005126,-0.1706988067,0.1616469941,0.063406
-0.063081,-0.026880,-0.021056,-0.0398092363,0.0732583801,0.295123
-0.067909,-0.048141,-0.019976,-0.1865994937,0.0918341962,0.359321
-0.069032,-0.037804,-0.026479,-0.2973256986,0.4913687837,-0.007384
-0.067909,-0.040115,-0.009512,-0.1559097674,0.6266223615,0.038013
-0.066810,-0.043778,-0.014160,0.0275450073,-0.3605246478,-0.501154
-0.065467,-0.033015,-0.012046,-0.0454730692,-0.6028396663,-0.224852
-0.083580,-0.041021,0.007068,-0.7277231549,-0.3290254781,-0.630913
-0.071178,-0.035421,0.007721,-0.3471257677,-0.2043174662,-0.076413
-0.065782,-0.037804,0.004212,-0.3275960116,-0.3137829364,-0.145840
-0.065011,-0.029805,-0.007421,-0.6039763374,0.6972002970,0.445445
-0.070049,-0.029585,-0.019244,-0.9961676504,0.2382630166,0.266014
-0.075735,-0.031784,-0.009239,-0.4049157230,0.4610913950,0.216341
-0.071730,-0.035086,-0.002359,0.1244988265,0.2278842929,-0.119420
-0.072180,-0.026076,-0.024870,0.4518366203,0.1647199831,-0.167189
-0.074897,-0.046513,-0.029331,0.3125743644,-0.2342693197,-0.443571
-0.068805,-0.024366,-0.033155,0.1120784015,0.3256414858,-0.179200
-0.078610,-0.030054,0.009894,-0.6694665105,0.0924259899,-0.735347
-0.069179,-0.031551,0.001576,-0.1799707584,-0.3392424974,-0.430707
-0.067423,-0.030268,0.011263,-0.3776427739,-0.0828504715,-0.600396
-0.089744,-0.040020,0.015212,-2.8269033044,1.3514218487,-0.530755
-0.057389,-0.026519,-0.013562,-0.3723776638,-0.1504230333,-0.181386
-0.067804,-0.025065,-0.000403,-0.4981915492,0.4785769249,-0.195248
-0.056293,-0.024596,-0.038670,0.7115722967,0.2536713712,0.362518
-0.057071,-0.021573,-0.034215,0.9809719737,-0.1977667007,-0.144452
-0.076293,-0.038858,-0.020039,0.2999428041,-0.0189918240,-0.642772
-0.062995,-0.023243,-0.032971,0.2369662070,0.1346495103,-0.197388
-0.067420,-0.037240,-0.005376,0.0080114020,0.0573381552,-0.426554
-0.057684,-0.032106,-0.016943,-0.2649613398,-0.1186805025,-0.353553
-0.060402,-0.028436,-0.026013,-0.3940479051,-0.8929449922,-0.795537
-0.072186,-0.034364,0.003697,-0.7048227742,-0.3224808553,-0.502376
-0.060691,-0.022941,0.004038,-0.8427081510,-0.0147073336,-0.409499
-0.043032,-0.018727,0.008246,-0.4111660270,-0.3288344491,-0.243099
-0.069091,-0.034735,-0.000721,-1.1850464193,0.3999353924,-0.614546
-0.053946,-0.024258,0.000470,-1.3859812609,0.9065480378,0.035712
-0.050824,-0.023316,-0.019654,-0.5075480491,0.0092029916,-0.210278
-0.052367,-0.028735,-0.032935,0.1308607071,-0.0650366066,-0.185180
-0.050230,-0.026746,-0.052203,0.3193440810,-0.1363078265,-0.391708
-0.053818,-0.031837,-0.014823,-0.0497485525,0.4004169794,-0.319780
-0.047657,-0.032923,-0.016776,-0.1618195848,0.3562202575,-0.289778
-0.047630,-0.027172,-0.041099,-0.3250952913,-0.3223835619,-0.688125
-0.065408,-0.033291,-0.005629,-0.4792510664,-0.0333251966,-0.345462
-0.040123,-0.029030,0.001711,0.3069374904,-0.5384746719,-0.762134
-0.049331,-0.028508,0.008204,-1.6730699714,0.4455458050,-0.249283
-0.048645,-0.040414,0.004327,-0.6113376553,-0.5142818795,-0.558311
-0.034195,-0.024701,-0.016018,-0.2089990069,-1.0959868987,-0.060634
-0.052377,-0.029900,0.012973,-1.0386628415,0.5528791865,0.057350
-0.036568,-0.030077,-0.007615,-0.9480779764,0.5673447754,0.497341
-0.042447,-0.022006,-0.022881,0.1262899999,-0.0738073037,0.398713
-0.039995,-0.032792,-0.020823,-0.4266412490,0.1398776802,0.247830
-0.035557,-0.020873,-0.029974,1.0699742267,-0.4725982766,0.020970
-0.053270,-0.039731,-0.017107,0.0735207505,0.1906036752,-0.531796
-0.040340,-0.032651,-0.011222,-0.1516433832,0.3438059557,-0.400377
-0.047949,-0.024780,0.006264,-1.0918742376,0.7205263449,-0.397820
-0.037602,-0.038776,-0.009065,-0.4664437570,-0.2669622860,-0.388448
-0.038023,-0.025781,-0.012965,-0.4802062527,-0.3084596277,-0.349715
-0.051047,-0.042846,0.007527,-0.5185988787,-0.6264176066,-0.649415
-0.045546,-0.033918,0.000234,-0.7077773864,-0.4143403937,-0.667196
-0.076086,-0.042186,0.049802,-4.3300835003,2.4838113764,-0.645014
-0.038311,-0.036885,0.001110,-0.3737295881,-0.4385266348,0.197293
-0.049981,-0.025193,0.008722,-2.4483187258,1.3133475738,0.033312
-0.054563,-0.034243,-0.005087,-0.4811668437,-0.0017454201,0.188480
-0.042887,-0.016157,-0.012266,0.0751194209,0.0634326537,-0.110452
-0.040803,-0.025098,-0.025474,0.4188779035,-0.3146061889,-0.160919
-0.058626,-0.040634,-0.012295,-0.1324942449,0.1319512360,-0.494973
-0.049610,-0.023943,-0.006160,-0.2276782208,0.8620637537,0.026541
-0.052564,-0.028712,-0.013040,-0.4734409837,0.5712401619,-0.215661
-0.060077,-0.040397,-0.025051,-0.1903092847,0.1453186498,-0.823500
-0.059549,-0.033609,-0.037291,0.2404383350,-0.5203405876,-0.476618
-0.064042,-0.047015,-0.000367,-0.1487760757,-0.5395557221,-0.980420
-0.057021,-0.045003,-0.007142,0.0844986111,-0.6030681124,-0.226644
-0.051884,-0.037594,-0.011524,-0.4397802470,-0.4174437319,-0.750452
-0.067679,-0.044661,0.007498,-0.8464415253,-0.0044597275,-0.166165
-0.052583,-0.043381,0.003608,-0.5784545972,-0.1079387522,-0.169299
-0.059529,-0.026050,-0.015450,-0.9400895079,0.0827952086,-0.271915
-0.049347,-0.044884,-0.017340,-0.5338270100,-0.5005875037,0.141813
-0.039221,-0.027908,-0.038115,0.2433938947,-0.7252454081,0.082683
-0.068201,-0.040732,-0.009065,-0.1675412699,0.3254600081,-0.271581
-0.053621,-0.034276,-0.012039,-0.4311117387,0.7754805649,-0.342543
-0.053677,-0.029365,-0.023022,-0.2702266777,0.2656796646,-0.636456
-0.055590,-0.042922,-0.040590,0.7690209366,-0.3860746657,-0.572757
-0.045365,-0.027087,-0.047240,1.1293213530,-0.5641320386,-0.514478
-0.063491,-0.042075,-0.011458,-0.1334472007,-0.0210333318,-0.363111
-0.056506,-0.045961,-0.014344,0.0410433598,-0.0789488156,-0.040588
-0.052472,-0.037584,0.000976,-0.4444216858,-0.0612189398,-0.880440
-0.060248,-0.043289,0.005912,-0.6893770734,0.0241638832,-0.172017
-0.049908,-0.027977,-0.011452,-0.5479052685,-0.3049637627,-0.245222
-0.064643,-0.036593,0.002916,-0.5746274348,-0.0131639125,0.045592
-0.043258,-0.027215,-0.013723,-0.2300458530,0.0626608945,0.007420
-0.037405,-0.027573,-0.027910,1.6837727404,-0.8824560652,0.100386
-0.051120,-0.032795,-0.023971,0.0872137550,0.0635906548,-0.389417
-0.046629,-0.034006,-0.032000,-0.1893215304,-0.1464925096,-0.514231
-0.065490,-0.035553,-0.008051,-0.2046552035,-0.0273172105,-0.740329
-0.044404,-0.025827,-0.005556,-0.0519280707,-0.2804120567,-0.741754
-0.047643,-0.026227,-0.008901,-0.4217128239,-0.3588400371,-0.817637
-0.051986,-0.038415,0.004448,-1.3002668955,-0.1283883264,-0.116436
-0.049098,-0.022646,-0.000127,-0.6506825912,-0.4422973076,-0.623704
-0.059388,-0.032680,0.010951,-1.5344345980,0.7205173154,-0.665654
-0.048152,-0.024320,0.006615,-0.9388746382,0.4939974246,0.018771
-0.042923,-0.008676,-0.004385,-0.7352579661,0.2442318460,0.509499
-0.039027,-0.021917,-0.021394,-0.4555730973,0.0280702489,0.252425
-0.037153,-0.018333,-0.026567,0.7282574172,-0.3337531524,-0.045752
-0.053919,-0.031555,-0.016113,-0.1629390775,0.0965832392,-0.145627
-0.043471,-0.024281,-0.030615,-0.0692049102,0.5672875795,-0.349853
-0.040159,-0.023929,-0.023659,1.0896990992,-0.8804597952,0.001926
-0.043035,-0.026155,-0.028172,0.1476353941,-0.5178839964,-0.649120
-0.048083,-0.019938,-0.014261,-0.3030329639,-0.3017584899,-0.427805
-0.055380,-0.039482,-0.001519,-0.6864781208,-0.3643529835,-0.620878
-0.057018,-0.027363,-0.002244,-1.5303870148,0.6938959351,-0.487250
-0.062414,-0.023529,0.009408,-0.6692524363,0.1724547773,-0.247018
-0.048162,-0.025239,0.000070,-0.5780399510,-0.2909845640,-0.494740
-0.047535,-0.016744,-0.014760,-0.0033581686,-0.2222705187,-0.207701
-0.047358,-0.028968,-0.020597,-0.3458604932,-0.0012479465,-0.070849
-0.053230,-0.011351,-0.036093,-0.2389869336,-0.0160775113,0.122000
-0.065677,-0.027189,-0.009531,-0.4600698010,0.7672337296,-0.197138
-0.050066,-0.018293,-0.007112,0.1824762534,0.6200001420,-0.086087
-0.054563,-0.016068,-0.024007,0.1566137782,-0.0425609791,-0.538866
-0.056083,-0.027639,-0.025947,0.3213152170,-0.5487317190,-0.259580
-0.053755,-0.023463,-0.037908,0.2523254625,-0.6137114788,-0.573867
-0.071576,-0.032316,0.003165,-0.2442494326,-0.4604764271,-0.540071
-0.058413,-0.027228,-0.013008,-0.2154509009,-0.0351959070,-0.410182
-0.062336,-0.023696,-0.003400,-0.2630060898,-0.3911559102,-0.543787
-0.065149,-0.038126,0.007038,-0.6240215973,-0.2578691115,-0.201770
-0.051720,-0.027911,-0.015007,-0.4782019254,-0.3994040311,-0.090075
-0.066974,-0.031223,-0.003863,-0.6504843236,0.1225601020,-0.202252
-0.050315,-0.017867,0.003861,-0.3226503537,0.1827511943,0.347931
-0.061246,-0.028223,-0.002477,-0.4477367734,0.2753191600,-0.014369
-0.048113,-0.028495,-0.023012,0.3272256096,0.0799493813,0.393051
-0.056302,-0.024149,-0.009121,-0.3766952175,0.3728627444,-0.035918
-0.052157,-0.030865,-0.041919,1.2269263435,-0.3617332360,-0.003136
-0.053302,-0.029175,-0.031238,1.0954822202,-0.5641071358,-0.461086
-0.071008,-0.047389,-0.029121,0.1651678313,-0.2764629243,-0.191249
-0.053125,-0.029657,-0.017826,0.2606130919,-0.1300868837,-0.485228
-0.066078,-0.044166,-0.008501,-0.2265902773,-0.5849318728,-0.537730
-0.057501,-0.035424,-0.010464,-0.5755894258,-0.6798441299,0.106616
-0.069071,-0.034177,0.006339,-0.6848242313,-0.0446463628,-0.186030
-0.061095,-0.024789,-0.012469,-0.7883917536,0.0419374266,-0.056459
-0.066389,-0.038336,0.000125,-0.6763474584,0.0874278385,0.025575
-0.061889,-0.029917,-0.005008,-0.3189445878,0.2531037692,0.090794
-0.063836,-0.030058,-0.007900,-0.5234565306,0.5807326934,-0.262357
-0.055708,-0.030186,-0.027756,0.1606120788,0.1535762808,0.282059
-0.055226,-0.020322,-0.012486,0.1811992163,0.1436082490,-0.264914
-0.047118,-0.035316,-0.026968,0.9913226379,-0.8869928245,-0.285990
-0.059864,-0.029496,-0.026114,-0.1253168628,-0.1571611734,-0.546354
-0.060488,-0.044208,0.005955,-0.2648068400,-0.6340629011,-0.519483
-0.056673,-0.036091,0.006523,-1.0713482125,0.3847024634,-0.325488
-0.072623,-0.023572,0.032113,-2.4056586808,1.2855989392,-0.184452
-0.051553,-0.024435,0.001865,-0.4455309770,-0.2639662884,0.170534
-0.056598,-0.026874,-0.001834,-0.6432559988,-0.0882560722,0.201376
-0.053059,-0.031164,-0.015876,-0.3177179355,-0.1738656067,0.490215
-0.049426,-0.009562,-0.007785,-0.4628323938,0.5904147785,0.453445
-0.058902,-0.026595,-0.029453,-0.1430171865,0.1201449666,0.260125
-0.051566,-0.018218,-0.017032,-0.4802570724,0.8170863500,0.023114
-0.055800,-0.032135,-0.021699,0.6192840824,-0.5021285049,0.182801
-0.052052,-0.018822,-0.031905,-0.1537761220,0.1260379436,-0.307481
-0.063987,-0.034528,-0.016901,-0.1427072958,-0.1250082869,-0.340013
-0.050502,-0.030914,-0.010080,0.1351007126,-0.5727007016,-0.451704
-0.067978,-0.031088,0.006927,-0.7439919910,0.1112380712,-0.573227
-0.052098,-0.016636,0.007065,-1.0384557160,0.5249359384,-0.105693
-0.053693,-0.015142,0.014145,-1.0082847509,0.1970015830,-0.402855
-0.059490,-0.028892,-0.000160,-0.7469014063,-0.2928531839,0.055761
-0.045897,-0.014292,-0.003403,-0.1607172751,-0.3116644861,-0.191532
-0.062575,-0.031138,-0.002047,-0.5379270383,-0.3032849611,-0.099440
-0.047991,-0.012487,-0.032837,-0.3274856527,-0.3627897892,-0.153528
-0.062992,-0.014158,-0.005156,-0.2778173926,0.4135221608,-0.099184
-0.050250,-0.011952,-0.018594,0.6754423037,-0.0204476125,-0.245787
-0.056306,-0.013271,-0.033805,-0.0965220515,0.8630209027,-0.152379
-0.054888,-0.028590,-0.020849,-0.0923725017,-0.0611318662,-0.565575
-0.053982,-0.018408,-0.042011,0.2720507858,-0.9833642168,-0.387346
-0.065126,-0.025443,-0.035912,0.6970815078,-0.0780794115,-1.008377
-0.058850,-0.019124,-0.025080,0.6782899700,-0.1045073096,-0.623314
-0.061991,-0.019731,-0.005054,0.0396778079,-0.1460360209,-0.568047
-0.062309,-0.025548,-0.010447,-0.1512582855,-0.2045550355,-0.480682
-0.060964,-0.013445,-0.013080,-0.8318747610,0.0664026485,-0.530651
-0.074106,-0.029736,0.002079,-0.5672109428,-0.0891261715,-0.834260
-0.048841,-0.015228,-0.003722,-0.2525377769,-0.5022082605,0.037172
-0.055626,-0.018402,0.003881,-0.8772280077,-0.2063934792,-0.184058
-0.060435,-0.026723,-0.004431,-0.7177975300,-0.3130037916,-0.207793
-0.043826,-0.005364,-0.009433,-0.6724140885,0.4020806350,0.075199
-0.053841,-0.022708,-0.000199,-0.5334602432,0.2088577550,-0.094634
-0.042966,-0.014574,-0.019540,-0.3665357227,0.5784055054,-0.360508
-0.052922,-0.014614,-0.020262,0.0484581838,0.1415800363,-0.431770
-0.046133,-0.017831,-0.034672,0.9754390110,-0.3469580733,-0.568110
-0.049130,-0.017949,-0.028097,0.6170156413,-0.3878775602,-0.569403
-0.048861,-0.027901,-0.017872,-0.4796668656,-0.0978753820,-0.785850
-0.047857,-0.017709,0.003116,-0.4953853135,-0.1992705323,-0.735038
-0.049757,-0.020637,-0.001765,-0.5877317400,-0.2582512349,-0.033272
-0.049987,-0.015192,-0.016789,-0.4858939102,-0.4194369395,-0.274344
-0.063589,-0.014148,0.008936,-0.8080418651,0.1648484351,-0.353432
-0.040514,-0.006953,-0.006206,-0.3777373745,0.2629676754,0.336793
-0.051550,-0.018651,-0.004637,-0.8914692944,0.6973578888,0.049902
-0.040045,-0.012493,-0.019074,0.3499903172,0.3189050116,-0.130482
-0.039227,-0.011752,-0.024923,0.3762947674,-0.2231763443,-0.019191
-0.043691,-0.028115,-0.016260,0.3092323031,-0.4813359397,-0.494701
-0.049249,-0.028522,-0.039372,0.2741421799,-0.8729918160,-0.919032
-0.058620,-0.017489,-0.006108,-0.0131062744,0.0096072669,-0.036657
-0.041587,-0.027146,-0.002477,-0.1181723929,-0.3497885885,-0.217660
-0.043471,-0.017847,0.004327,-0.8006248340,-0.0684928903,-0.318142
-0.044614,-0.023634,0.001225,-0.6696891329,-0.4265896034,-0.042834
-0.034671,-0.019941,-0.002924,-1.0592940315,0.2559209173,-0.194003
-0.042139,-0.022587,-0.002015,-0.1636321580,-0.4369432113,-0.192011
-0.037268,-0.016065,-0.021338,-0.6263266476,-0.5022735757,-0.521896
-0.049006,-0.021333,-0.001122,-0.1215894800,-0.1014811570,-0.151489
-0.036785,-0.019836,0.002256,-0.2103902483,0.4873034005,0.136821
-0.046429,-0.018343,-0.004191,-0.7127460882,0.7349715624,0.122417
-0.036467,-0.021586,-0.034442,1.5371956626,-0.5115610112,0.075725
-0.038252,-0.014479,-0.023777,0.6813297241,-0.5188703011,-0.074109
-0.044926,-0.038635,-0.027621,0.2342250389,-0.2281463322,-0.776377
-0.040589,-0.021333,-0.025740,-0.0106036879,-0.2247961263,-0.516595
-0.058984,-0.031587,-0.006453,-0.5675482875,0.1490535303,-0.587985
-0.053558,-0.016370,-0.002002,-0.6892637383,0.0940201855,-0.105381
-0.059726,-0.023782,0.002354,-0.8178419019,-0.0872977267,-0.229464
-0.048917,-0.026496,-0.002231,-0.0355763471,-0.2644920408,0.249238
-0.052639,-0.019826,-0.004030,-0.4795072816,-0.0916189743,0.130459
-0.051359,-0.024780,-0.001306,-0.5035169147,-0.1312288787,0.283240
-0.053115,-0.017410,-0.006518,-0.1294663263,0.0242477450,-0.297597
-0.051074,-0.032513,-0.013428,0.5508645167,-0.4345406690,0.104242
-0.050926,-0.014683,-0.027457,-0.5639693731,0.3466903918,0.103156
-0.072597,-0.038661,-0.014649,-0.1052600956,0.1522461665,-0.434478
-0.062949,-0.030018,-0.039582,1.2856363560,-0.8085065114,-0.291042
-0.070906,-0.026335,-0.015479,-0.0530339485,0.2665545067,-0.432919
-0.057176,-0.028288,0.001668,-0.0236335430,-0.1436784972,-0.840716
-0.063117,-0.024418,-0.007592,-0.3749802549,-0.1014668533,-0.779834
-0.060753,-0.038310,-0.002389,-0.6790220242,-0.4508366454,-0.265308
-0.061019,-0.024622,0.000976,-0.8300072303,0.1012333065,-0.419714
-0.067955,-0.032743,-0.009725,0.2473438086,-0.4606399565,-0.468478
-0.056516,-0.025505,-0.037537,0.0268709999,-0.5269100629,-0.007722
-0.077822,-0.032844,-0.011767,-0.4147763143,0.8144543498,-0.135268
-0.054248,-0.030826,-0.012811,0.7878318416,0.1913847775,-0.422812
-0.060451,-0.024182,-0.014728,-0.1877370621,0.1889338700,0.159266
-0.054110,-0.026460,-0.044640,1.1810545182,-0.1356175680,-0.160811
-0.060570,-0.027573,-0.018148,0.3833994070,-0.3522387475,-0.265879
-0.061938,-0.048699,-0.030398,0.2706756195,0.0821479254,-0.526179
-0.062089,-0.031325,-0.033303,-0.1424661254,-0.0721825676,-0.245416
-0.070630,-0.046293,-0.015555,-0.2393336539,-0.0964800486,-0.604863
-0.057510,-0.031554,-0.022408,-0.2081472527,-0.6481396171,-0.358746
-0.081981,-0.047665,0.002436,-0.7460710142,-0.2988209027,-0.442487
-0.050647,-0.021819,-0.007040,-0.3313227670,-0.6413398661,-0.340870
-0.059775,-0.030287,0.007964,-0.4499847477,-0.0518144456,0.040533
-0.038597,-0.024169,-0.008228,-0.5969653797,0.4289316320,0.427025
-0.051612,-0.017607,-0.012604,-0.5908956898,0.4457546433,-0.190196
-0.047785,-0.026749,-0.008599,-0.3254684862,0.3525280457,0.182282
-0.049954,-0.027474,-0.023442,0.0692779786,0.5342129788,-0.111420
-0.053824,-0.037125,-0.035161,0.6033474736,0.0820544789,-0.340331
-0.042697,-0.023949,-0.018867,-0.1273980246,0.3016701486,-0.258762
-0.059431,-0.038947,-0.011406,-0.1651603560,0.1283578721,-0.418575
-0.047204,-0.020319,-0.023177,-0.0581775759,-0.4594625173,-0.697884
-0.053312,-0.030599,-0.011317,-0.0039897861,-0.2032505123,-0.755002
-0.049006,-0.024510,-0.002783,-0.1213890059,-0.5628039257,-0.526501
-0.041935,-0.020811,0.008046,-0.7113533336,-0.0830141159,-0.489758
-0.045589,-0.025370,-0.001302,-0.5729265453,-0.2392778854,-0.302859
-0.040373,-0.019698,0.006822,-0.4576671243,-0.1656827123,-0.079348
-0.051605,-0.025836,-0.003587,-0.7242697436,-0.2275719943,0.126678
-0.048943,-0.010665,-0.021036,-0.6500737873,-0.0140528283,0.219134
-0.052088,-0.025311,-0.002648,-0.2625305303,-0.0183802170,-0.009274
-0.042437,-0.022482,-0.023790,-0.1878664561,-0.1931222470,-0.032031
-0.049160,-0.022311,0.004931,-0.5824386111,0.6861407332,-0.251367
-0.044046,-0.014469,-0.016651,-0.2446036780,0.8051240021,-0.192937
-0.050637,-0.024313,-0.015190,-0.2675735300,-0.0080889486,-0.206496
-0.040498,-0.021031,-0.012535,0.1657457934,-0.3143578647,-0.391967
-0.055298,-0.028820,-0.000767,-0.3909790143,-0.5005055175,-0.837358
-0.047309,-0.029880,0.000066,-0.8804261983,0.0622430923,-0.367697
-0.041811,-0.020118,0.002541,-0.7720619364,-0.0824445005,-0.396392
-0.042355,-0.021773,-0.006374,-0.6401755935,-0.3081886537,0.070932
-0.038134,-0.015920,-0.000334,-0.4772552027,-0.3686882593,0.130719
-0.046435,-0.021717,-0.030382,-0.1396177241,0.0409790081,0.080071
-0.038462,-0.007097,-0.017780,-0.0406376738,-0.1089785157,0.162627
-0.049367,-0.025876,0.003188,-0.5492944648,0.0748040786,0.147991
-0.055416,-0.021031,-0.020190,-0.4086157664,0.1156327318,-0.616486
-0.066150,-0.027209,-0.004943,0.1280188718,-0.0108108098,-0.373921
-0.035551,-0.013997,-0.020383,1.0656456494,-0.5746295923,0.067220
-0.056634,-0.020640,-0.020882,-0.1821013336,0.0386832380,-0.587680
-0.051520,-0.032290,-0.031202,0.6787164080,-0.5670066973,-0.722039
-0.047161,-0.016829,-0.025166,0.2289435877,-0.3612720741,-0.821691
-0.066268,-0.031042,0.000355,-0.0834525964,-0.2057661369,-0.732445
-0.059345,-0.018487,-0.020245,-0.3818003767,-0.2594136508,-0.137185
-0.068073,-0.035103,0.021675,-0.7727693175,0.0375042795,-0.531753
-0.050877,-0.027442,-0.002130,-0.5828747675,-0.2549147118,0.008838
-0.061403,-0.030248,0.006470,-0.7742720160,-0.1359024706,-0.185548
-0.049856,-0.022344,-0.019284,-0.2389361689,0.0804804157,-0.142627
-0.064502,-0.026093,-0.011186,-0.5256308718,0.7266466240,-0.097887
-0.055318,-0.030114,-0.011570,0.0620584064,0.3882043129,-0.147757
-0.058626,-0.028239,-0.020183,-0.4560159335,0.6839152341,-0.322360
-0.050686,-0.028213,-0.030654,0.5934093724,0.3192311826,0.171132
-0.047962,-0.023703,-0.022625,0.9763035543,-0.9853126403,-0.165919
-0.048310,-0.046322,-0.009554,-0.0374228872,-0.7350183420,-0.650623
-0.051901,-0.030734,-0.007129,-0.0597578216,-0.7398155832,-0.396727
-0.065746,-0.040598,-0.020111,-0.4905075309,0.0569680349,-0.535042
-0.049633,-0.030104,-0.011242,-0.6761357412,-0.1891054566,-0.238474
-0.059989,-0.038612,0.016121,-0.8496068869,-0.1288582945,-0.009337
-0.043938,-0.031893,-0.005212,-0.1689362624,-0.3645341897,-0.122774
-0.043252,-0.025643,-0.011924,-0.2463394384,-0.2909144232,0.216991
-0.045917,-0.036915,-0.017288,0.1738711913,-0.6096802627,0.370173
-0.047433,-0.033668,-0.053135,0.5815635667,-0.5437043547,0.122578
-0.059943,-0.040355,-0.007539,-0.3434104041,0.6680037323,-0.150074
-0.043206,-0.029198,0.007265,-0.0092626068,0.0076386944,0.051602
-0.045546,-0.032644,-0.019907,0.5484640136,-0.2754884623,-0.037208
-0.036995,-0.037492,-0.028757,1.6332247452,-1.4536217611,-0.185492
-0.048290,-0.029812,-0.032551,0.0493584619,-0.4139546362,-0.418575
-0.061039,-0.053458,0.004123,-0.0561710712,-0.7137971492,-0.692366
-0.048320,-0.039967,-0.004641,-0.5634051369,-0.4172723224,-0.024859
-0.062214,-0.044047,0.011171,-1.1300677877,0.2967971756,-0.286066
-0.050384,-0.032753,-0.000442,-1.4127956476,0.4913941577,-0.134463
-0.040727,-0.025397,0.000572,-0.6464904474,0.2210976986,0.315612
-0.046094,-0.030353,-0.016162,-0.4535513279,-0.1456739438,0.467776
-0.040153,-0.026355,-0.006866,0.0448331839,-0.0905026476,0.192878
-0.048198,-0.036009,-0.013927,-0.0843002266,0.0947837245,0.052646
-0.042477,-0.034410,-0.028642,0.0536716175,-0.0617820315,-0.399822
-0.055761,-0.038031,0.005361,-0.0174750308,0.3854823588,-0.111089
-0.041879,-0.022882,-0.001233,0.4121464077,-0.0428534818,0.158478
-0.040721,-0.026486,-0.006623,-0.3404394624,-0.1860664457,-0.697989
-0.033677,-0.031761,-0.048225,1.5816015822,-0.8641557024,0.099539
-0.042703,-0.026342,-0.044056,0.7952768582,-0.3098620755,-0.324723
-0.045323,-0.031893,-0.011304,0.1061765837,-0.4344067624,-0.806795
-0.052807,-0.033718,-0.013346,-0.6077320753,-0.1685608317,-0.797887
-0.058128,-0.030754,0.009628,-0.7056710850,0.1902098273,-0.305948
-0.049852,-0.027353,0.000900,-0.1981923608,-0.5312232385,0.252139
-0.038453,-0.020516,-0.007162,-0.0474701357,-0.5668966869,-0.348383
-0.044945,-0.025640,-0.013779,-0.3610150163,-0.0979503505,0.279288
-0.050102,-0.008564,-0.011803,-0.7140587450,0.3076299741,-0.062670
-0.049915,-0.022958,0.011978,0.1840880244,-0.1398561886,-0.128794
-0.040744,-0.014765,-0.051084,0.5809110366,-0.1387505699,-0.406646
-0.055426,-0.031249,-0.003866,-0.1512817822,0.0392042669,-1.155476
-0.038390,-0.020407,-0.026318,0.0729783492,-0.2805577914,-1.142969
-0.048369,-0.013501,-0.033070,0.6081739512,-0.1041678168,-0.532354
-0.048027,-0.019298,-0.001640,-0.1261925507,0.1055260907,-0.680786
-0.046754,-0.013468,-0.005382,-0.3815103864,-0.1243113728,-0.354485
-0.042293,-0.027209,-0.000167,-0.7373296428,-0.4223504033,-0.108174
-0.042543,-0.010399,-0.004089,-0.7250787544,-0.0719212422,-0.263351
-0.064262,-0.023434,-0.003265,-0.7657036060,0.1039424509,-0.856039
-0.039877,-0.020076,-0.021785,0.1196596130,-0.6988314706,-0.188495
-0.057747,-0.015799,0.000349,-0.4636668014,0.6550655422,-0.209175
-0.038935,-0.009730,-0.016940,-0.1519431133,0.4357188080,-0.400160
-0.039766,-0.014962,-0.026669,-0.4716052647,0.6316577204,-0.402960
-0.041410,-0.032257,-0.026564,0.0776960805,-0.1106284410,-1.092032
-0.040091,-0.019554,-0.025655,0.2248813682,-0.2245900446,-0.608260
-0.034852,-0.028745,-0.030651,0.6069211630,-0.6383757094,-0.578987
-0.042628,-0.021684,-0.005776,-0.4625988054,-0.0955706345,-0.536929
-0.050302,-0.033468,0.005430,-0.4416463713,-0.1339219541,-0.295782
-0.035420,-0.015881,-0.001788,-0.7997491180,-0.5154161056,-0.357462
-0.050187,-0.028190,0.003257,-0.8607501914,-0.0892270642,-0.665316
-0.035338,-0.011108,-0.016572,-0.4797923376,-0.4344247058,-0.290569
-0.059093,-0.026342,-0.009430,-0.4263040352,0.4349237516,-0.404503
-0.045986,-0.010773,-0.007398,-0.3767637436,0.4872280536,0.159824
-0.038610,-0.018881,-0.009364,0.1958408249,-0.0071157410,-0.225702
-0.025346,-0.018543,-0.003889,0.2392546311,-0.4633528229,-0.163634
-0.036989,-0.016120,-0.015791,-0.1779296673,-0.1241732239,-0.517987
-0.052259,-0.031768,-0.021470,-0.0252324844,0.0120680550,-0.574536
-0.041522,-0.026358,-0.012456,0.0239054791,-1.0644984957,-0.589645
-0.058613,-0.030740,0.002541,-0.5068203395,0.1185094217,-0.462914
-0.043915,-0.025679,0.001350,-0.0081635319,-0.0291056520,-0.753964
-0.050427,-0.022790,0.001941,-0.5482018755,0.0728164988,-0.178655
-0.046340,-0.029480,0.007111,-0.6856662701,-0.2549808169,-0.084127
-0.050522,-0.021162,-0.008343,-0.7540429393,0.0107173180,-0.316790
-0.046120,-0.031748,0.002682,-0.9103516454,-0.3760573026,-0.019203
-0.042053,-0.019771,-0.030624,-0.0002197024,-0.6745785357,0.075639
-0.063107,-0.023647,0.022321,-0.7027900333,0.3611799553,0.167528
-0.046872,-0.023585,0.000936,-0.0367034817,0.2530477049,-0.103060
-0.061341,-0.024182,-0.010214,-0.4772200609,0.1081666081,0.098386
-0.040307,-0.028558,-0.027614,1.8084677910,-1.6668459022,0.256767
-0.039851,-0.020437,-0.041200,0.9622598507,-0.8838550486,-0.807110
-0.059247,-0.044799,0.002804,-0.3427333250,-0.6585815324,-0.661144
-0.057340,-0.035809,-0.009840,-0.1492504273,-0.7748673231,-0.453618
-0.062057,-0.030212,0.014732,-1.6502591082,0.6773733790,-0.456008
-0.055741,-0.032907,0.011680,-2.0488253287,1.0192064349,0.155944
-0.043514,-0.013317,-0.011127,-0.2430802333,-0.4319433145,0.182492
-0.066334,-0.027957,-0.018066,-0.2930537259,-0.2721919426,-0.105913
-0.048901,-0.030232,-0.033454,-0.3034948465,-0.5558584940,-0.256914
-0.066127,-0.022925,-0.001230,-0.1027813807,0.4762674265,-0.182870
-0.062815,-0.027537,-0.040613,0.5814403490,0.6420202260,-0.020218
-0.063527,-0.014312,-0.027536,0.3364779649,0.2270349307,-0.315162
-0.060300,-0.035818,-0.018443,0.7589120004,-0.9571878568,-0.180854
-0.057159,-0.016216,-0.021033,0.3043659988,-0.3148106259,-0.616230
-0.081114,-0.040342,-0.006722,0.1554596451,-0.5015739962,-0.520941
-0.063110,-0.029572,0.000917,-0.3479674352,-1.3801272771,-0.333501
-0.067909,-0.031502,0.019613,-1.1544973458,0.2729119398,-0.632071
-0.063265,-0.020073,0.015448,-1.3104038880,1.0850858876,-0.140280
-0.063619,-0.020985,-0.004736,-0.7069539978,0.1669477573,-0.123402
-0.058495,-0.025479,-0.022284,-0.0732455786,-0.0165990635,-0.004708
-0.063350,-0.015582,-0.016490,-0.0393040311,-0.0492525788,0.071237
-0.068786,-0.027520,-0.023088,0.2791443563,0.0229102077,-0.335667
-0.067013,-0.021737,-0.044617,0.4495600240,0.1271048026,-0.033867
-0.072547,-0.030941,0.003858,-0.4465573695,0.0078019475,-0.807377
-0.062263,-0.029546,-0.013694,-0.4028968998,0.1794940994,-0.670860
-0.073407,-0.028748,0.006539,-0.5325245681,-0.3728236083,-0.393225
-0.051376,-0.013616,0.005453,-0.2102018932,-0.2849443588,0.116407
-0.064817,-0.020151,0.007767,-0.6476611601,0.1062319646,0.134014
-0.064873,-0.032224,0.013472,-2.5147174327,1.2324196400,0.094192
-0.049147,-0.011138,-0.006239,-0.6305323943,0.6312738573,0.208972
-0.051270,-0.028640,-0.023423,-0.1005169016,0.2880036194,0.185693
-0.036687,-0.018451,-0.025481,0.4986876966,-0.0352135724,0.089728
-0.059989,-0.024753,-0.020918,1.2786822597,-1.4160313595,0.272628
-0.044328,-0.016882,-0.054773,0.5957881557,-0.2928806438,-0.183765
-0.066488,-0.027622,0.006188,-0.9970657385,0.5149454823,-0.592656
-0.061942,-0.021815,0.008023,-0.2345002971,-0.1385604290,-0.498417
-0.058820,-0.018717,0.001110,-0.7750820892,0.1644744415,-0.391977
-0.055764,-0.030632,0.003306,-0.9400125041,-0.1334034169,-0.108039
-0.040448,-0.017978,-0.020304,-0.3114261451,-0.2116519061,-0.801911
-0.049068,-0.021756,-0.017501,-0.5288064835,-0.3557236969,0.187951
-0.034356,-0.008088,-0.028468,-0.3693007531,-0.3903056677,0.332067
-0.060563,-0.023174,0.008276,-0.4826292639,0.4465395937,-0.065466
-0.037888,-0.011269,-0.012955,1.2458679226,-0.2998814586,-0.182961
-0.046468,-0.012805,-0.011288,-0.2804958963,0.4964068563,0.101846
-0.050932,-0.028646,-0.023456,-0.1772122018,0.0125274627,0.132330
-0.040701,-0.019094,-0.032266,0.9956280163,-0.4130236903,-0.696564
-0.058731,-0.028420,-0.014501,0.2787955278,-0.1099179810,-0.516303
-0.041653,-0.023877,-0.024851,-0.4803162645,-0.3274001738,-0.855664
-0.061275,-0.038743,0.024688,-0.8698119339,-0.0576484625,-0.974945
-0.048333,-0.025420,0.009231,-0.7293751605,0.1179371642,-0.859239
-0.044843,-0.018901,-0.000426,-0.2649054343,-0.5754776715,-0.251092
-0.043304,-0.013347,-0.009738,-0.2315901664,-0.6205879348,0.294512
-0.042621,-0.006349,0.001150,-0.4576147671,0.1490699730,0.123674
-0.060373,-0.020010,0.015645,-2.4142363487,1.4066159826,-0.213091
-0.053526,-0.015237,-0.002123,-0.9031535165,0.2530962224,0.103504
-0.051861,-0.008620,-0.009223,-0.9388612419,1.1871206277,-0.265702
-0.031402,-0.016124,-0.048619,0.9406908182,0.4535762914,-0.198349
-0.037931,-0.010370,-0.031553,0.3026660513,0.0166449786,-0.371708
-0.054835,-0.037276,-0.034931,1.0862336876,-1.1138620641,-0.074677
-0.049114,-0.010905,-0.048776,0.4327463242,-0.0243793797,-0.387946
-0.061856,-0.025587,-0.013273,0.0481982930,0.3650918923,-0.552390
-0.046216,-0.015303,0.007472,-0.6980632257,0.3470390262,-0.365616
-0.065008,-0.022741,0.010921,-0.8307421909,-0.3192976826,-0.013945
-0.049813,-0.026142,-0.004358,-0.1705205350,-0.5091002303,-0.059939
-0.053404,-0.010583,0.013702,-0.5554835535,-0.2299877375,0.004860
-0.059808,-0.028302,-0.013300,-0.2254248218,0.2792047553,-0.026409
-0.052616,-0.027071,-0.023584,0.1128828342,-0.1480711958,-0.404536
-0.051011,-0.019373,-0.020675,0.7971875882,-0.1180805940,-0.662949
-0.048549,-0.014998,-0.022884,-0.0719173559,0.1928634856,-0.011667
-0.049652,-0.014246,-0.049206,1.0946133356,0.0400119119,-0.476841
-0.044190,-0.031033,-0.046587,1.5013636279,-0.6119899158,-0.729930
-0.056700,-0.026621,-0.039618,0.3864079651,-0.5594477719,-0.438381
-0.069754,-0.035228,0.012635,-0.3139803455,-0.3272119109,-0.506239
-0.060415,-0.026053,-0.000094,-0.3552311403,0.3206656166,-0.289959
-0.071480,-0.037151,0.010974,-1.5137187322,0.3435642474,-0.398348
-0.052108,-0.024205,0.001097,-0.0356425338,-0.4007546795,-0.252086
-0.054569,-0.018051,-0.005379,-0.4471764957,-0.4736544105,-0.443600
-0.053470,-0.030238,-0.009003,-0.3870512476,-0.2178924260,-0.034391
-0.057862,-0.025594,-0.004634,-1.3242692411,1.1209943915,0.019641
-0.047886,-0.018533,-0.011924,-0.0677584278,0.7184029604,0.094027
-0.050049,-0.017410,-0.041351,-0.3332443024,0.2345279369,0.160425
-0.050982,-0.035237,-0.018017,0.9870147909,-0.4369622344,-0.700070
-0.034120,-0.025823,-0.058187,1.5902752949,0.0905116088,-0.806795
-0.056575,-0.035093,-0.010083,-0.2643863250,-0.3548785476,-0.625762
-0.042559,-0.038070,0.001819,-0.2743240980,-0.3288632755,-0.689464
-0.038771,-0.028725,-0.008927,-0.3923560274,-0.0401985740,-0.522946
-0.050466,-0.046276,-0.004736,-0.4671182257,-0.1608485000,-0.363705
-0.041807,-0.025942,-0.026640,-0.2622161858,-0.7664277563,-0.228922
-0.055364,-0.023778,0.023533,-1.0862212601,-0.0753504108,-0.358969
-0.043698,-0.028617,-0.004673,0.0539328063,-0.6638216392,-0.142817
-0.042927,-0.024064,0.000559,-0.8953484735,0.5315389534,-0.236225
-0.042483,-0.027458,-0.000774,-0.9168019989,0.1937483574,-0.242770
-0.034842,-0.019606,-0.033595,-0.1565658738,-0.0992500482,-0.353300
-0.047722,-0.039383,0.000142,0.0347693211,-0.6214917694,-1.121936
-0.040337,-0.017387,-0.055079,1.5929106479,0.1422321741,-0.493076
-0.048710,-0.023972,-0.008511,-0.3259565042,0.2973587737,-0.834614
-0.046987,-0.030721,-0.007214,0.1008860194,-0.1320942887,-0.384976
-0.038551,-0.031459,0.000125,-0.6486487461,-0.4687825844,-0.374334
-0.050260,-0.036104,-0.005005,-0.7337831200,-0.0505036455,-0.256534
-0.034711,-0.022308,-0.021873,-0.3620320221,-0.4565258562,-0.154959
-0.047853,-0.021563,0.002075,-0.6938387847,0.0941639726,-0.075501
-0.036286,-0.029618,0.009306,-0.3465440912,-0.0994219731,-0.127064
-0.039565,-0.014817,-0.005471,-0.5519127195,0.2202191286,0.003934
-0.025375,-0.022899,-0.018716,0.7482064853,0.0098816470,0.016815
-0.039976,-0.014617,-0.017390,-0.2426178272,0.0695555965,-0.562336
-0.055669,-0.033951,-0.028254,0.7716527461,-0.7285102380,-0.126930
-0.033460,-0.024622,-0.015919,0.1378766924,-1.0304805636,-0.661688
-0.042999,-0.032145,0.003267,-0.3126886909,-0.2270806996,-0.947930
-0.037465,-0.031712,0.004412,-0.2970015063,-0.5298276989,-0.404946
-0.039411,-0.022246,0.010347,-0.6736001000,-0.1615055972,-0.582595
-0.047062,-0.041412,-0.004857,-0.8667954772,-0.4015578063,-0.477740
-0.045172,-0.025082,-0.019290,-0.3836539286,-1.1324240968,-0.428202
-0.049406,-0.029011,0.003231,-0.4964772893,-0.0402578899,-0.263332
-0.040199,-0.017601,-0.022451,0.1874036600,0.5010986607,-0.260660
-0.044128,-0.024162,0.011584,-0.2963834499,-0.1775031938,-0.527483
-0.038846,-0.035487,0.016777,-1.1657978357,0.2145929173,-0.428842
-0.043885,-0.019528,-0.024762,-0.1612703965,0.4739874794,-0.369207
-0.050059,-0.043164,-0.014577,0.3987328821,-0.8924523896,-0.346856
-0.041476,-0.028784,-0.047243,0.9106947482,-0.7615104259,-0.640471
-0.064079,-0.036971,-0.011918,0.3130604702,0.1506246403,-0.630463
-0.052899,-0.036898,-0.013054,0.1684874323,-0.1328572068,-0.261234
-0.058594,-0.030255,-0.005990,-0.6402688472,0.4981198262,-0.871417
-0.043114,-0.034082,-0.003922,-0.5255115610,0.0505132763,-0.415397
-0.057812,-0.033350,0.008663,-0.5601676878,-0.7378468961,-0.885882
-0.044794,-0.030655,-0.010014,-0.3913729124,-0.7016197690,-0.477501
-0.031760,-0.022872,-0.006617,-0.0957209478,-1.0174915450,-0.353389
-0.059897,-0.029017,-0.010355,-1.1630561602,1.2015976385,-0.095048
-0.042953,-0.025203,-0.021132,-0.0058038057,0.0988815137,-0.084455
-0.035164,-0.016754,-0.010628,0.0393896102,0.2029908062,-0.156337
-0.047259,-0.036967,0.002042,-0.3197448404,-0.4673403090,-0.656016
-0.035856,-0.022613,-0.021460,0.7975858786,-0.3282547349,-0.731512
-0.056227,-0.035434,-0.044151,0.8716154425,-0.6826297689,-0.114092
-0.036339,-0.031417,-0.026820,-0.0570432910,-0.9091538782,-0.793216
-0.064696,-0.030655,-0.023400,0.0898485718,0.1614602914,-0.600428
-0.045244,-0.026175,0.008177,-0.7505136219,0.0612762752,-0.008260
-0.053046,-0.025978,0.001685,-0.7843043184,-0.0379929280,-0.128666
-0.041715,-0.030698,-0.017649,-0.2059485619,0.0243206271,0.171661
-0.038994,-0.019341,-0.032341,0.0241796963,0.0810624625,-0.239455
-0.048602,-0.031630,-0.029535,0.2871952484,0.2785407619,-0.293412
-0.048605,-0.027717,-0.053483,0.0152198090,-0.0168585176,-0.425694
-0.063951,-0.039409,0.001110,-0.1488826900,-0.1846523835,-0.233412
-0.040448,-0.024054,-0.020912,0.4237455788,-0.2174691280,-0.378900
-0.062112,-0.027166,-0.015460,-0.0743694404,-0.1882996493,-0.167688
-0.051110,-0.028269,0.009366,-0.9686645617,0.2280617636,-0.413359
-0.049511,-0.029280,0.008637,-0.6370964754,-0.2472834646,-0.640940
-0.040120,-0.028164,0.012379,-0.4449004953,-0.7199462621,0.358822
-0.041111,-0.021264,0.004590,-0.8041251364,-0.0244535919,0.423696
-0.048057,-0.026631,-0.017373,-0.4455785242,0.3154933573,0.197966
-0.042815,-0.011384,-0.044732,0.7141010247,0.8130852566,0.597967
-0.054737,-0.029861,-0.035233,1.2451587570,-0.5461437695,0.406168
-0.052692,-0.024284,-0.055384,0.6485559657,0.4393658841,-0.015271
-0.065815,-0.048019,0.011358,-0.2610655003,-0.6927467107,-0.791939
-0.054983,-0.025800,-0.040068,0.1339831684,0.1225996551,-0.469308
-0.062598,-0.031118,-0.015952,-0.2488377131,0.8257504381,-0.274252
-0.049826,-0.034476,-0.006715,-0.0730265968,-0.2183777760,-0.680333
-0.048110,-0.029030,0.007954,-0.7381094444,-0.3557150592,-0.022010
-0.051123,-0.036449,0.001721,-0.3184453264,-0.4551694847,-0.114699
-0.051264,-0.020007,-0.006078,-0.3740540425,-0.1088686063,-0.115041
-0.050479,-0.035608,-0.008143,-0.1063145229,-0.1284901552,0.112432
-0.053860,-0.020046,0.002489,-0.0004745905,-0.1960320148,-0.109221
-0.063655,-0.022925,-0.038131,-0.0825649029,1.2595293933,-0.004846
-0.054018,-0.023874,-0.048199,0.2423853498,0.1855457408,-0.288669
-0.067479,-0.044093,0.014276,-0.7412165257,-0.5710406819,-0.763677
-0.055561,-0.041428,0.007672,0.0509657429,-0.9607707439,-0.295024
-0.057235,-0.029070,-0.018877,-0.2288368320,0.2251289802,-0.346450
-0.050066,-0.043604,-0.018982,-0.2964570156,0.1605593868,-0.265074
-0.058955,-0.032254,0.023103,-0.7414331935,-0.3486299616,-0.374341
-0.053713,-0.032533,-0.016894,-0.4703468311,-0.4503766087,0.260723
-0.052272,-0.013268,-0.015683,-0.3169290799,-0.0441412687,0.066589
-0.065195,-0.029283,-0.002008,-0.2663357501,-0.2188170510,-0.037195
-0.052226,-0.029926,-0.018197,-0.0695429968,-0.6122840038,-0.140093
-0.065989,-0.023614,-0.001467,-0.4560734975,0.8362315304,-0.216675
-0.057734,-0.030842,-0.005799,0.3437160826,-0.1945162816,-0.481099
-0.049895,-0.020887,-0.029246,0.9580545434,-0.5630588544,-0.490477
-0.047056,-0.028807,-0.038932,0.6717574032,-0.6413480473,-0.526655
-0.057888,-0.022593,-0.044526,0.7636190695,0.1034790260,-0.410648
-0.071224,-0.040243,-0.046771,0.9395038929,0.3620344764,-0.447496
-0.057829,-0.037217,0.007403,-0.4299382446,-0.5263908838,-0.077743
-0.064673,-0.031991,0.005105,-0.7929858249,-0.1786357385,0.019349
-0.054632,-0.027061,0.005036,-0.3314474970,-0.2189419048,-0.080556
-0.050795,-0.029995,0.014739,-0.7815352447,0.0476032483,-0.533910
-0.041660,-0.035129,-0.021732,-0.2068071631,-0.5119485139,0.107249
-0.040973,-0.017696,-0.028323,0.0247538724,0.6751869648,0.259413
-0.058193,-0.029749,-0.012551,0.6877846653,0.1039399849,0.001522
-0.038617,-0.029546,-0.031704,0.5585242351,-1.0174356476,-0.193819
-0.060465,-0.035438,0.014719,-1.0039939572,0.2055574557,-0.080661
-0.043363,-0.042843,0.017430,0.2328250812,-1.1490431300,-0.442969
-0.044653,-0.022830,-0.026183,0.6607042069,-0.4622267449,-0.082958
-0.046721,-0.040430,-0.007720,0.0969422969,-0.7658830163,-0.073242
-0.044492,-0.023286,-0.012200,-0.0745069622,-0.0917138441,-0.333474
-0.058068,-0.030186,0.003037,-0.5373973692,-0.1087835472,-0.004584
-0.034835,-0.012467,-0.016963,-0.6173253377,-0.2846548497,0.180809
-0.050427,-0.025446,-0.003676,-0.4797072677,0.1220306395,0.126885
-0.035390,-0.015113,-0.006722,0.0807646275,-0.1797075618,0.077947
-0.043691,-0.011712,-0.005336,-0.4599138282,0.5975458824,0.297850
-0.044292,-0.027724,-0.022914,-0.4660403460,0.3343564424,0.040888
-0.037497,-0.011896,-0.032151,0.4002588662,-0.1160733076,-0.196206
-0.046527,-0.028499,-0.030690,1.4200197683,-0.4984656135,-0.557760
-0.044679,-0.015382,-0.048455,0.6355676071,0.2259173872,-0.597061
-0.055932,-0.023434,-0.008061,-0.3378604254,0.2925805774,-0.786241
-0.040425,-0.025059,0.004252,-0.1996375115,-0.1992323129,-0.473674
-0.044020,-0.011095,0.006136,-0.9190518130,-0.0205064348,-0.254578
-0.035613,-0.020247,-0.008580,-0.4345850673,-0.0665794168,0.345046
-0.042106,-0.012260,-0.020318,-1.0122293750,1.4298352936,-0.006491
-0.047525,-0.017932,-0.002320,-0.3347002946,0.1628960844,0.239909
-0.039368,-0.010311,-0.018479,-0.1531462761,0.1468168688,0.161419
-0.055876,-0.025656,-0.001608,-0.1852719652,0.2156495431,-0.336957
-0.033595,-0.020739,-0.000465,-0.2295885592,-0.0265970494,-0.008069
-0.045973,-0.016206,0.001242,-0.2967942385,0.0959672995,-0.613611
-0.051028,-0.037870,-0.019014,0.0980962280,-0.2205883490,-0.932191
-0.040987,-0.016784,-0.050010,0.1808012816,-0.3171149941,-0.967477
-0.056214,-0.028272,-0.003019,-0.0651936585,-0.4333027289,-0.731221
-0.045198,-0.019656,-0.001299,-0.0281926198,-0.3023510499,-0.494895
-0.064781,-0.030058,0.017759,-1.4827413550,0.5024606387,-0.849930
-0.047978,-0.028630,0.000240,-1.0614180047,0.2945340878,-0.272099
-0.045897,-0.013908,-0.013319,-0.4421852064,-0.1986932439,-0.153764
-0.046245,-0.024579,-0.025497,-0.1231145701,0.0498753095,-0.166181
-0.043048,-0.013875,-0.015935,0.1123124606,0.0085248881,-0.072944
-0.048845,-0.026132,-0.021086,-0.1855418402,0.4530201059,-0.224510
-0.046872,-0.017394,-0.050457,0.7407352404,-0.6189629286,-0.516529
-0.065713,-0.028489,-0.020222,0.0078930399,0.4041711462,-0.495082
-0.056083,-0.025262,-0.018742,0.0963639535,0.1373412636,-0.741412
-0.055049,-0.013147,-0.025635,0.7688081936,0.3048708526,-0.444070
-0.046655,-0.030429,-0.023012,0.8533507380,-1.2058091650,-0.697996
-0.051172,-0.022498,-0.017416,0.3455847378,-0.2233356759,-0.818504
-0.046275,-0.039908,-0.019671,-0.0421808565,-0.6464793865,-0.669628
-0.047860,-0.028538,-0.010428,-0.9200077421,-0.0951301527,-1.100715
-0.070473,-0.027478,0.012320,-0.7343429706,0.2894666648,-0.735278
-0.041692,-0.022150,0.000096,-0.3384937127,-0.2936763085,-0.282862
-0.057579,-0.018789,0.010370,-1.0234985362,0.3107325338,-0.347592
-0.051553,-0.029201,-0.003328,-0.9022552534,0.1706400598,-0.147028
-0.049718,-0.016340,-0.002711,-0.2752491383,0.1244485077,-0.190531
-0.043819,-0.024606,-0.000757,-0.4111206651,0.1059961199,-0.049238
-0.036542,-0.019469,-0.010753,-0.4482716300,0.2786867613,-0.426124
-0.055383,-0.029598,0.005525,0.2127103928,0.1022612076,-0.622444
-0.048087,-0.012851,-0.025596,-0.3371691082,0.2222019738,-0.464434
-0.048287,-0.022511,-0.004424,0.3242582676,-0.4622822057,-0.583091
-0.038088,-0.024008,-0.029213,0.8533764132,0.2975453056,-0.505694
-0.045996,-0.019659,-0.037472,0.6739314816,-0.2845964330,-0.339008
-0.047069,-0.044290,-0.012111,0.0247586667,-0.5671627313,-0.994252
-0.048425,-0.031866,-0.024023,-0.4951968646,-0.1212361292,-0.309236
-0.056696,-0.025538,0.013446,-0.9582751157,0.4609848119,-0.475965
-0.049317,-0.025433,0.005141,-0.1673079216,-0.3263438208,-0.322964
-0.039158,-0.026526,-0.003846,-0.2807815400,-0.5423838931,-0.147287
-0.037455,-0.035027,-0.005698,-0.5777575238,-0.5314973857,-0.256996
-0.041896,-0.014174,-0.007290,-0.4181578718,0.1077173204,-0.088374
-0.039539,-0.024428,-0.006082,0.6307700470,-0.2893922307,-0.391859
-0.041210,-0.016170,-0.006502,-1.6000743108,1.7739619978,0.002300
-0.043051,-0.014407,-0.027972,0.2762407593,-0.1725669697,-0.007318
-0.031970,-0.019006,-0.042589,0.9129765864,0.0451438337,-0.227901
-0.034776,-0.027947,-0.039146,1.1257204222,-0.2620110335,-0.409462
-0.052337,-0.031390,-0.025343,0.6189139057,0.1852163302,-0.544194
-0.042290,-0.025902,-0.038486,0.1028641731,0.2597959742,-0.724731
-0.049104,-0.030406,0.017099,-0.9343511138,0.6266623987,-0.295801
-0.038728,-0.023795,0.001281,-0.4548853731,0.2388194222,-0.094545
-0.040317,-0.024028,0.004058,-0.4356228938,-0.3673489850,-0.547801
-0.036985,-0.025551,0.010235,-0.2294943332,-0.8395398452,0.071461
-0.037612,-0.019029,-0.004060,-0.4480143096,-0.0627335468,-0.867780
-0.037727,-0.029326,-0.020383,0.1116210448,0.0032233207,-0.069592
-0.041745,-0.022744,0.000582,-1.9992064784,0.7451828046,-0.445851
-0.054162,-0.026047,0.003877,-1.2108667422,1.4108712813,-0.280354
-0.031930,-0.012375,-0.017222,0.5568084290,0.0309364891,0.357955
-0.049541,-0.017834,-0.033969,0.4221002864,-0.0048868580,-0.112543
-0.041653,-0.025193,-0.001834,0.1057206060,-0.4796225390,-0.175415
-0.050749,-0.016935,-0.042471,0.4964603139,0.8747004877,-0.664469
-0.039194,-0.027133,-0.021749,0.3732428855,0.2760156413,-0.273248
-0.049002,-0.022058,-0.012417,-0.2050010020,0.6978438489,-0.581282
-0.036076,-0.030156,-0.013769,0.0619075351,-0.2291870038,-0.350287
-0.047243,-0.028443,0.003336,-0.5785083455,-0.6666638470,-1.047674
-0.061167,-0.038802,0.003188,-1.1298978949,-0.6496045614,-1.207597
-0.050427,-0.027619,0.020332,-1.1280067722,-0.3143090407,-0.651050
-0.059926,-0.028239,0.022873,-1.0345521388,0.4264171325,-0.071138
-0.044243,-0.018280,-0.002149,-0.2932751660,-0.5345794881,0.373402
-0.061124,-0.015956,0.000454,-0.7467391173,0.2848999089,-0.171056
-0.044932,-0.021632,-0.013923,0.0661167733,0.1973956106,-0.427296
-0.048523,-0.017243,-0.037370,0.6620040905,0.2558527195,-0.320433
-0.046951,-0.023608,-0.025701,-0.0276456646,0.1420603042,-0.293875
-0.049386,-0.024254,-0.015551,0.0549413330,0.3358311803,-0.663888
-0.048464,-0.035464,-0.033569,-0.0709584928,0.1536562852,-0.198763
-0.039664,-0.007238,-0.036290,1.3111761215,-0.3690123400,0.247875
-0.060809,-0.027780,-0.045323,0.3374367292,0.0845975593,-0.380909
-0.055528,-0.029992,-0.046741,0.3795837176,-0.0753117155,-0.976534
-0.059795,-0.035090,0.013183,-0.3431467171,-0.9110675484,-0.989942
-0.051960,-0.038733,0.015858,-0.8979332765,-0.4223240567,-0.840010
-0.042904,-0.027402,-0.009056,-0.4237537410,0.2930489907,-0.453234
-0.045116,-0.031663,0.000158,-0.6701271073,-0.3307921974,-0.005486
-0.037061,-0.011870,-0.027713,-0.2516012861,-0.1890422108,0.191815
-0.054271,-0.016442,-0.026807,-0.0792866796,0.6618874426,-0.169260
-0.042782,-0.017250,-0.033533,0.0621668446,0.3321641334,-0.047928
-0.065529,-0.028308,0.002925,-2.0010124246,1.5304588139,-0.361585
-0.041056,-0.027471,-0.017048,-0.0233141002,0.4709007938,-0.590364
-0.039106,-0.034676,-0.027519,0.5979680482,-0.2976529591,-0.465484
-0.033483,-0.036495,-0.024506,1.3041444100,-1.0724676215,-0.171682
-0.035354,-0.024501,0.014358,-0.1666469792,-1.0159950350,-0.420721
-0.058623,-0.051111,0.001419,-0.1088496525,-1.0149831286,-0.791857
-0.048280,-0.038375,0.004983,-0.4115761628,-1.0315008251,-0.843778
-0.051648,-0.033698,-0.010149,0.0389964803,0.1120818852,-0.670604
-0.050795,-0.045246,0.005637,-0.9747472031,-0.3314156804,-0.654257
-0.041705,-0.031824,0.014499,-1.0290394631,-0.0557446331,-0.138776
-0.060566,-0.036262,0.010931,-0.8364750128,0.1999727787,-0.195461
-0.039976,-0.023841,-0.013011,-0.5789941423,0.3807487283,0.194323
-0.039588,-0.028013,0.022229,-0.6557953733,-1.0461729060,0.027680
-0.033355,-0.024084,-0.059966,0.5888242349,0.6277354916,0.416557
-0.041220,-0.011180,-0.079638,0.8907191328,1.8302227933,0.006334
-0.054179,-0.035992,-0.035043,0.6086485171,0.4853861556,-0.440068
-0.036070,-0.023329,-0.045563,0.6351033165,0.3851392122,-0.275211
-0.050437,-0.042692,0.031571,-0.9561474468,-0.3322919574,-0.653000
-0.040504,-0.035054,-0.015995,0.1487411404,-0.2235887877,-0.692852
-0.040350,-0.025754,-0.021791,0.0187509538,-0.3082443953,-0.774791
-0.046422,-0.045393,0.002193,-0.2962206276,-1.0377451773,-0.239540
-0.047870,-0.028472,-0.004677,-0.8113026994,-1.1566434956,-0.268144
-0.050617,-0.033002,0.016219,-0.1585364688,-0.4598592188,-0.699663
-0.048756,-0.031456,0.006047,-1.3362102881,0.0829018915,-0.536975
-0.045254,-0.031512,0.043260,-1.4285517493,-0.5285262111,-0.053311
-0.032669,-0.027021,0.014663,-1.0712798202,-0.4912870778,0.531807
-0.047384,-0.016912,-0.016933,-0.6271874030,0.6072035522,-0.354075
-0.049849,-0.027251,-0.014317,-0.3317384143,0.1911482116,-0.107550
-0.039743,-0.022147,-0.046337,0.5521466620,0.2681060717,-0.468349
-0.047476,-0.032221,0.004688,-0.0431318551,0.0332414355,-0.557238
-0.040406,-0.023178,-0.035115,0.4378019259,0.5498291793,-0.267832
-0.046659,-0.027146,-0.013126,0.0363057597,0.2476014205,-0.791250
-0.056834,-0.041858,-0.007766,-0.0915541746,0.0181335180,-1.528820
-0.036651,-0.019186,-0.037806,0.5656584613,0.1295351947,-0.461735
-0.043242,-0.025489,-0.003597,0.0261581209,-0.3246268056,-0.435105
-0.028625,-0.019879,-0.014009,0.4164398256,-0.2081450637,-0.471248
-0.045497,-0.027399,0.012060,-0.0646716704,-1.0187786189,-0.676282
-0.039034,-0.031495,0.017532,-1.1092363777,0.0119802362,-0.106106
-0.048835,-0.027389,0.016945,-2.0385745649,0.7318252786,-0.269900
-0.033608,-0.025695,-0.002563,-0.5545549700,-0.6802473836,0.184111
-0.032639,-0.019925,-0.014232,-0.5296883714,-0.2604251715,-0.064432
-0.048707,-0.027133,0.002912,-0.4716462855,0.0673226703,-0.016000
-0.036903,-0.019209,0.003431,-0.3076296370,0.1227398388,0.106816
-0.032505,-0.015507,-0.045139,0.4907606014,0.6941882960,-0.186989
-0.035351,-0.035129,-0.012893,-0.1705989825,-0.2776541054,-0.116475
-0.035899,-0.027258,-0.020524,-0.0623350896,0.1853404578,-0.557123
-0.046826,-0.043210,0.001944,-0.3490412128,-0.2048651146,-0.899110
-0.032741,-0.022515,-0.027102,0.3291838677,0.0223931839,-0.641390
-0.035676,-0.033416,-0.013785,1.0118570822,-1.0559881236,-0.694306
-0.035275,-0.028558,-0.001023,-0.1209131649,-0.5293117449,-0.416388
-0.035131,-0.018293,-0.002300,-0.8755838307,-0.1267896810,-0.391035
-0.045818,-0.039823,-0.000098,-1.2635034163,-0.2669821126,-0.704101
-0.022438,-0.022219,-0.032443,0.0672425386,-1.2603825067,-0.115687
-0.045621,-0.031502,0.008801,-1.3103405814,0.7625195379,-0.420107
-0.027486,-0.021642,-0.008960,-0.9016757323,0.5869318197,0.013021
-0.040527,-0.024336,0.003460,-0.9563362547,0.5844010177,0.021154
-0.033693,-0.037220,-0.044627,0.3324120694,0.4526725932,-0.142711
-0.030089,-0.025075,-0.031012,0.2959084225,-0.1946515778,-0.404358
-0.035042,-0.039816,-0.025927,0.2907795698,0.0492389887,-0.170885
-0.027466,-0.024652,-0.042060,0.4756091705,0.2724832479,-0.195185
-0.044377,-0.037424,-0.017675,-0.0163662914,0.4222487517,-0.715340
-0.037333,-0.022528,-0.015345,-0.2923856923,-0.0363928745,-0.565178
-0.056854,-0.035654,0.009917,-0.9651923820,0.0199557553,-0.921677
-0.031947,-0.025932,-0.002284,0.4707953083,-1.1786186060,-0.423675
-0.037136,-0.019436,0.019879,-1.8087116162,0.4429255844,-0.219892
-0.038695,-0.030153,0.002052,-0.2846674179,-0.7358644311,0.170581
-0.036493,-0.031249,-0.016533,-1.3120483207,-0.1614523535,-0.366328
-0.046859,-0.024596,0.016692,-1.5444841979,0.6657888977,-0.020178
-0.030365,-0.028817,-0.004017,-0.2997136752,-0.0502793131,-0.262511
-0.026127,-0.019754,-0.019684,0.9177788262,-0.5239204429,-0.404174
-0.037849,-0.029651,-0.009551,0.0701649641,-0.1217487173,-0.280571
-0.038433,-0.014483,-0.027598,-0.1157680279,0.4341858938,0.072931
-0.052872,-0.031275,-0.006512,-0.6975117056,0.7496602870,-0.536001
-0.033145,-0.036160,-0.018525,0.1423523250,0.0624194594,-0.373286
-0.028057,-0.023171,-0.018168,0.1518716111,-0.3024666533,-0.367257
-0.045812,-0.028975,-0.020511,-0.1712583555,-0.4133421730,-0.250678
-0.037120,-0.025374,-0.014163,0.1255254959,-1.0926154635,-0.680129
-0.058285,-0.041723,0.016449,-0.9898373563,0.2317434076,-1.123393
-0.044085,-0.031315,0.004156,-0.4151609316,-0.0448838268,-0.785558
-0.049377,-0.023506,0.008112,-0.7914439312,-0.1258751001,-0.192447
-0.040632,-0.044369,-0.006453,-0.5461935500,-0.3623429794,-0.601268
-0.038069,-0.018668,-0.005872,-0.1717012860,-0.3199113511,-0.380101
-0.049813,-0.031459,-0.004713,-0.2916563259,-0.4968235749,-0.215178
-0.045717,-0.028151,-0.021056,-0.4625428695,0.0771102493,-0.475676
-0.053240,-0.029903,0.002141,-0.5866278885,0.1562366920,-0.740165
-0.039007,-0.020237,-0.003101,-0.8352595707,0.5724159860,-0.401329
-0.050998,-0.030320,-0.002297,-0.3686894647,0.3616311149,-0.357042
-0.033040,-0.021011,-0.020777,1.0779145815,-0.3425491786,-0.104586
-0.047272,-0.026145,-0.019569,-0.1877695901,0.5093035298,-0.607837
-0.050946,-0.032825,-0.030362,0.2971353241,0.1287194781,-0.862127
-0.040553,-0.029706,-0.025904,0.5791966272,0.0709559859,-0.704606
-0.054763,-0.034899,-0.010365,-0.0129043298,0.1154090451,-1.195255
-0.045408,-0.023211,-0.029679,-0.3889744706,-0.2693255460,-0.951272
-0.057307,-0.029739,0.006270,-0.5158627112,-0.3234104256,-0.804274
-0.039989,-0.018346,-0.001936,-0.2952104834,-0.7170075561,-0.350441
-0.049061,-0.026654,0.005715,-0.5055395776,-0.4867342336,-0.484355
-0.040888,-0.032178,0.001675,-0.5231557988,-0.1877544237,-0.605181
-0.049301,-0.023857,0.016715,-1.5456728717,0.6685940543,-0.321142
-0.030542,-0.029106,-0.006567,-0.8586891045,0.1392748431,0.472828
-0.033952,-0.007120,-0.017495,-0.7695079389,0.8949471529,0.191795
-0.039329,-0.022626,-0.014107,-0.6179831121,0.2330538517,-0.143916
-0.031753,-0.018691,-0.041785,0.0452290377,-0.0682330087,-0.490506
-0.039677,-0.029831,-0.013792,0.2742985265,0.5635489844,-0.564755
-0.033362,-0.015743,-0.028888,0.5443823317,0.4211098572,-0.375053
-0.037067,-0.013531,-0.012489,-0.1813457740,0.5640399056,-0.119525
-0.025096,-0.022462,-0.020071,0.5157989595,0.0058480043,-0.401417
-0.022346,-0.006700,-0.029853,0.6613101279,-0.3540312589,-0.151486
-0.037924,-0.035451,-0.026436,0.5780687322,-0.5596375856,-0.724898
-0.026409,-0.017785,-0.027936,0.3389781903,-0.4184185517,-0.872418
-0.048546,-0.032966,0.009503,-0.7003125689,-0.0485109506,-0.844474
-0.035600,-0.019065,-0.011045,-0.2719626527,-0.3535331323,-0.678360
-0.040780,-0.021021,0.008423,-0.3745036949,-0.2004654272,0.050775
-0.035108,-0.026575,0.015175,-0.4907028033,-0.1429941868,-0.451865
-0.037038,-0.009858,0.006795,-0.7243365558,-0.0069117165,-0.307051
-0.026994,-0.024780,-0.002717,-0.6114812974,-0.2052726750,-0.078793
-0.023183,-0.005879,-0.007848,-0.0208851105,-0.2000500724,-0.145180
-0.034379,-0.023979,-0.005051,-0.3761152373,0.0172172994,-0.267582
-0.027210,-0.013032,-0.014747,0.1576694708,-0.0327504658,0.169038
-0.040885,-0.023023,-0.005822,-0.4732427262,0.2669475539,-0.235421
-0.035436,-0.023237,-0.038840,-0.3625771885,0.0905118879,-0.751903
-0.045710,-0.021599,-0.023062,0.4261058761,0.2880170268,-0.438332
-0.031812,-0.020427,-0.027985,0.9377374657,-0.2485570653,-0.399628
-0.041502,-0.022561,-0.020160,0.4434677652,-0.4440872992,-0.238323
-0.035446,-0.031239,-0.008996,-0.0614533963,-0.0161904048,-0.561518
-0.041909,-0.026811,-0.004851,-0.4374988100,0.0117218328,-0.795248
-0.040708,-0.031243,0.008374,-0.5894500429,-0.1129874229,-0.254196
-0.035672,-0.021999,-0.019884,-0.4862346303,-0.5359030841,0.112987
-0.055941,-0.028272,0.003828,-0.9617533214,0.1045923830,-0.271968
-0.034809,-0.012369,0.000125,0.0684412185,-0.0446183323,0.262469
-0.044121,-0.023611,0.003936,-0.8400347541,0.5096171257,-0.028358
-0.045595,-0.028948,-0.018197,-0.2454955457,0.5028152418,-0.096242
-0.034579,-0.015333,-0.010874,0.3281777273,-0.1309475024,-0.048542
-0.049029,-0.029894,-0.012285,-0.7702278720,0.7720661924,-0.104970
-0.043189,-0.012736,-0.019999,-0.2559035203,0.2554241010,-0.511504
-0.050496,-0.033137,-0.013825,0.1136435620,0.0765384234,-0.546911
-0.046751,-0.019364,-0.032856,0.4240572425,-0.1714033106,-0.942137
-0.063307,-0.035083,-0.000242,0.0613037741,0.1417592514,-0.829287
-0.057573,-0.028331,-0.011324,-0.1284502886,0.1009775740,-0.798136
-0.069193,-0.032096,-0.006827,-0.7093420798,0.3679834778,-0.878143
-0.042733,-0.024504,0.008814,-0.3441393339,-0.1899948112,-0.413283
-0.053762,-0.037131,0.010199,-0.7185722001,-0.2406475596,-0.550328
-0.049350,-0.032126,-0.006594,-0.4741124578,-0.1194188654,-0.080556
-0.041712,-0.021911,-0.025566,0.2497977696,-0.7261875715,-0.546951
-0.051431,-0.032326,-0.010391,-0.4547010798,-0.2117633724,-0.182232
-0.044450,-0.019383,-0.008586,-0.0001195033,0.0962590142,-0.139006
-0.056293,-0.033291,0.002673,-0.5547790033,0.5676305793,-0.098642
-0.051615,-0.020969,-0.024023,-0.9219087088,0.5501932764,-0.203155
-0.058443,-0.028203,-0.018995,-0.2743599476,0.6309006311,-0.682007
-0.047476,-0.038297,-0.019897,0.2470222774,0.0802411350,-1.118062
-0.047479,-0.021953,-0.022635,0.7042381405,-0.0055957600,-0.556047
-0.038410,-0.023690,-0.016704,0.6517215175,-0.2101552194,-0.612032
-0.046327,-0.023263,-0.014941,-0.1237757148,-0.1011138267,-0.639972
-0.047571,-0.041303,-0.005169,-0.4371530302,0.0093467410,-0.453568
-0.044610,-0.025078,-0.018302,-0.5117315565,-0.3413470557,-0.438158
-0.056391,-0.035723,0.009631,-0.7623178941,0.0049466759,-0.317000
-0.048743,-0.028646,-0.012587,-0.8347268057,-0.1480552379,-0.689832
-0.074044,-0.022951,0.027632,-4.6891549643,2.8625193572,-0.702099
-0.034107,-0.019734,-0.001604,0.1162510602,0.0336427428,-0.194673
-0.039247,-0.010862,-0.007480,-0.3375518532,0.2745230400,-0.211256
-0.034579,-0.026411,-0.032745,0.4451435212,-0.2123988047,0.173125
-0.027571,-0.017808,-0.017961,0.4938207516,-0.2926673683,-0.109336
-0.053988,-0.027258,-0.014065,-0.1929682155,0.1623452466,-0.322504
-0.043639,-0.025712,-0.013355,0.0029325059,0.1143612492,-0.706940
-0.032026,-0.017164,-0.026062,1.0335968479,-0.3623397450,-0.582687
-0.038899,-0.022216,-0.028468,0.3292615669,0.1402097629,-0.313487
-0.031431,-0.016203,-0.014439,0.0500958625,-0.6451334208,-0.501696
-0.035013,-0.035746,0.000477,-0.2340272353,-0.5463250619,-0.812611
-0.046347,-0.023539,-0.001644,-0.7261901910,-0.0094003068,-0.913317
-0.040104,-0.038083,0.007439,-0.4000241043,-0.5619880730,-0.575475
-0.034848,-0.012707,-0.016924,-0.9408461876,-0.0822953991,-0.081639
-0.045290,-0.022676,-0.010815,-0.0672841832,-0.5097736238,-0.385668
-0.033972,-0.006729,-0.016477,-0.8172787358,0.0764797056,-0.030124
-0.045953,-0.020535,0.012947,-0.4399552659,0.1471211264,-0.576457
-0.043557,-0.012168,0.010967,-2.1436207714,1.6947879118,-0.479224
-0.038948,-0.015192,-0.006426,-0.7139292861,0.4798862034,0.002103
-0.020540,-0.014098,-0.028199,0.1304842057,-0.2011547261,0.016057
-0.031294,-0.015083,-0.024732,0.5198889179,-0.5537879799,-0.727514
-0.036729,-0.033498,-0.031996,0.5354870918,-0.6328931502,-0.505664
-0.033155,-0.007507,-0.036690,0.3627824326,-0.2913923947,-0.960509
-0.054996,-0.030104,-0.005225,-0.0165065225,0.3169078644,-0.998132
-0.034799,-0.026559,-0.006906,-0.3082848628,0.0877369544,-1.062129
-0.038078,-0.020877,-0.004227,-0.6125990345,-0.1899626524,-0.432407
-0.034569,-0.029017,-0.008708,-0.6712371842,-0.3054049070,-0.114837
-0.029659,-0.008420,-0.008727,-0.3563027402,-0.1833244489,-0.265314
-0.053588,-0.025328,-0.009915,-0.6402539720,0.0779595907,-0.120267
-0.037209,-0.022121,-0.015558,-0.0287661066,0.2997776418,-0.521998
-0.040271,-0.016905,-0.013795,-0.0039431452,0.2658242721,-0.564784
-0.036421,-0.020929,-0.036424,0.4380693291,0.3121263352,-0.198773
-0.034583,-0.019350,-0.014508,0.1767623085,0.4638972991,-0.116282
-0.035449,-0.027967,-0.025363,0.2479646408,0.1411213563,-0.550098
-0.031819,-0.014722,-0.029689,0.5087367226,-0.2743041489,-0.218208
-0.057133,-0.025699,-0.013319,-0.4173937988,0.4761487337,-1.012263
-0.032423,-0.024156,-0.014488,0.4728371662,-0.4227400045,-0.789927
-0.040993,-0.017138,-0.015942,-0.4173192521,-0.2918521476,-0.573690
-0.042598,-0.034834,0.002400,-0.4452749343,-0.2391668096,-0.695373
-0.037858,-0.023549,-0.011616,-0.4139818785,-0.5464736469,-0.450611
-0.044413,-0.033931,0.014992,-0.4574149880,-0.1725139994,-0.760660
-0.046606,-0.017689,-0.017193,-0.5102195567,-0.2056581953,-0.185266
-0.043829,-0.027445,-0.005747,-0.4933763521,0.3383470909,-0.182639
-0.038659,-0.024425,-0.008911,0.3554646193,0.1622627809,-0.253668
-0.042007,-0.022193,-0.012712,-0.3772829647,0.7029187362,-0.657779
-0.034806,-0.030957,-0.025343,-0.1494200561,0.2951368712,-0.374445
-0.035666,-0.019482,-0.025848,0.3095647217,0.1679138262,-0.261188
-0.035462,-0.030717,-0.022422,1.4479779886,-1.3549625556,-0.390799
-0.030299,-0.027474,-0.028058,0.0773907935,-0.7525592135,-0.623963
-0.052032,-0.036705,-0.003718,-0.0853864807,-0.2766417228,-0.657874
-0.040731,-0.030278,-0.021545,-0.5738557958,-0.6777873946,-0.562280
-0.052380,-0.036104,0.010905,-0.8057032346,0.5229830618,-0.641360
-0.040563,-0.032933,0.008348,-1.1404352856,0.5509141426,-0.319284
-0.040169,-0.030058,0.012484,-0.4697220120,-0.1099043903,-0.628562
-0.029393,-0.027442,-0.002087,-0.1306850160,-0.1230650874,-0.061084
-0.034484,-0.022984,-0.017455,-0.4439595473,-0.2111464924,-0.087449
-0.028037,-0.028239,-0.018712,-0.1786073567,0.1581889836,0.351158
-0.036477,-0.031134,-0.010588,-0.2849414066,0.3912630066,-0.519188
-0.032456,-0.032090,-0.019477,0.2178098343,0.3855776994,-0.425848
-0.030686,-0.025449,-0.028858,0.2665959323,0.0370716999,-0.473680
-0.029426,-0.036642,-0.026374,1.2462348009,-0.9955440067,-0.229296
-0.022631,-0.021038,-0.044375,0.4382081336,-1.0005492483,-0.503432
-0.050824,-0.038861,-0.010099,0.0298101413,-0.4159613206,-0.805607
-0.036329,-0.019885,-0.007628,-0.1635163853,-0.4889126872,-0.844583
-0.038807,-0.036340,0.017959,-1.1183648505,-0.2928627424,-1.199135
-0.041095,-0.030179,0.010183,-1.8879165536,0.9257526087,-0.919819
-0.040606,-0.027287,0.014532,-1.1462589462,0.4190032665,-0.718412
-0.030289,-0.026769,-0.001447,-0.2126934352,-0.1250278363,-0.543990
-0.036083,-0.010265,-0.002061,-0.5632195923,0.3268250503,-0.295339
-0.033677,-0.024602,-0.017186,-0.5163831918,0.0233960757,0.020777
-0.031691,-0.025062,-0.019517,0.3423438896,0.1539990104,-0.558899
-0.040760,-0.032841,-0.014639,-0.2969368784,0.4570702400,-0.498814
-0.027877,-0.012687,-0.040400,0.4756341432,-0.3145254982,-0.172795
-0.040987,-0.019836,-0.014711,0.6906720677,-0.2700948873,-0.501922
-0.040189,-0.025758,-0.021043,0.4802567307,-0.2115369417,-0.249742
-0.037895,-0.033534,-0.022024,0.2925896642,-0.5782738358,-1.089331
-0.045779,-0.036088,-0.012702,0.3972844096,-0.6089812175,-0.943696
-0.037195,-0.033941,-0.016576,-0.3725074304,-0.6204497956,-1.367892
-0.059089,-0.032995,0.012848,-0.9343732408,0.2804520737,-0.995621
-0.041797,-0.023595,0.008013,-0.6526986555,0.0930507666,-0.662795
-0.049931,-0.018645,0.006228,-0.8098708679,0.2729105092,-0.360669
-0.031950,-0.019725,0.001829,-0.2653177667,-0.1459958520,-0.274285
-0.044975,-0.015356,-0.001105,-0.2983485828,-0.0369189038,-0.745328
-0.044978,-0.028377,-0.016562,0.0255970020,-0.2469586920,-0.163289
-0.044991,-0.010832,-0.015985,-0.5896466298,0.3597380787,-0.537635
-0.031284,-0.028745,-0.024325,0.4260809517,-0.3178861436,-0.360446
-0.038620,-0.015543,-0.019602,0.1402264626,0.2521193578,-0.293730
-0.046311,-0.032671,-0.019359,-0.2094749350,0.4555587697,-0.604974
-0.033749,-0.010658,-0.023725,0.6873653626,-0.3464282687,-0.419497
-0.047043,-0.027944,-0.019753,0.8670333997,-0.5919360998,-0.210393
-0.045530,-0.017312,-0.031924,-0.0263958596,-0.1750249699,-0.666740
-0.059772,-0.040443,0.008991,-0.2132150975,-0.3370633817,-1.262447
-0.042126,-0.024428,-0.007943,0.2429813561,-0.1759159459,-0.895004
-0.056027,-0.019360,0.005226,-0.8146378779,0.3802278057,-0.406554
-0.042680,-0.028666,-0.003511,-0.2460051855,-0.2386054801,-0.372049
-0.041246,-0.013931,0.000736,-0.5227944575,0.1062754376,-0.270592
-0.044029,-0.027829,-0.011537,-0.6533009539,-0.3752944448,-0.115986
-0.032190,-0.018727,-0.004762,-0.0965600815,-0.4439349672,-0.246030
-0.046317,-0.025909,-0.014967,0.0674034309,-0.5303178330,0.005773
-0.040744,-0.025699,-0.026971,-0.4074019871,-0.0780889408,-0.399080
-0.053811,-0.023657,0.002295,-0.4409097831,0.4217438541,-0.092560
-0.035623,-0.007173,-0.021818,0.3876144004,-0.0115541648,0.579096
-0.049981,-0.022196,-0.000672,-0.7842110308,0.8891546507,-0.097706
-0.031123,-0.021458,-0.013572,-0.1252538829,0.5431699110,0.099887
-0.035899,-0.015589,-0.024060,0.0859076624,0.3773944360,-0.377321
-0.037126,-0.026769,-0.023393,0.3534688268,-0.3396660330,-0.575551
-0.031182,-0.021582,-0.010720,0.3716862145,-0.8336765920,-0.665348
-0.038613,-0.026431,-0.007828,-0.3117765202,-0.6941467736,-0.493769
-0.038344,-0.029798,-0.016267,-0.1754614320,-1.3574501150,-0.341972
-0.055012,-0.031840,0.018133,-1.7500698777,0.8047280551,-0.536444
-0.038981,-0.018461,-0.000784,-1.4499871838,0.7323025273,-0.272132
-0.045372,-0.021822,-0.003567,-0.8922100766,0.2950468164,-0.188604
-0.038869,-0.019987,-0.027349,-0.1642540509,-0.0054143615,0.183943
-0.037084,-0.019577,-0.023895,0.2395040782,0.0364492320,-0.111020
-0.039188,-0.028032,-0.022838,-0.2114734507,0.1949512389,-0.120736
-0.035101,-0.010425,-0.027808,-0.3076257327,0.5209326013,-0.375926
-0.045145,-0.032116,-0.025346,0.0740235624,-0.0425054289,-0.345310
-0.044322,-0.029700,-0.035197,0.0952394093,-0.3460865043,-0.952381
-0.054261,-0.025262,-0.008041,0.3578256342,-0.5181878212,-0.965600
-0.036145,-0.025748,-0.001056,0.1011069776,-0.3321755777,-0.639660
-0.045047,-0.020480,-0.006292,-0.1751877980,-0.7082541670,-0.996310
-0.041781,-0.034305,0.001448,0.2423497499,-1.2346299200,-0.453139
-0.031494,-0.020782,-0.015243,2.2466054974,-2.5017831339,-0.415506
-0.057333,-0.041093,0.015628,-2.0240843918,0.7023629945,-0.390802
-0.043560,-0.019524,-0.003141,-1.6507614010,0.8554433822,-0.277216
-0.046363,-0.027740,-0.011314,-0.2144370549,0.0630761259,-0.096886
-0.039917,-0.020529,-0.012820,-0.0025136962,0.2172001505,-0.107521
-0.043383,-0.011985,-0.029810,0.6490068489,-0.2256751633,-0.139236
-0.052580,-0.027753,-0.040754,0.4475897126,-0.2805458769,-0.310182
-0.047597,-0.022308,-0.045605,0.1643141311,-0.1993475766,-0.611290
-0.064436,-0.035461,-0.009036,0.1663584959,0.5289033671,-0.756518
-0.045756,-0.025955,-0.018775,0.0662647100,0.0478538445,-0.944635
-0.059309,-0.023572,-0.003511,-1.4071787486,0.4544409120,-0.652659
-0.050289,-0.033642,-0.002359,-0.8899858638,-0.4744307341,-0.712599
-0.050607,-0.027337,-0.001778,-0.3541338874,-0.4366038856,-0.373894
-0.064019,-0.033652,0.020680,-0.3226638139,-0.1899541195,-0.518715
-0.041056,-0.000729,0.009349,-1.0774968645,0.9509806856,0.068585
-0.049941,-0.018005,-0.002596,-0.8148583411,0.5932899523,0.129609
-0.050867,-0.030547,-0.012903,-0.5872993694,0.3809376529,-0.024524
-0.051149,-0.017929,-0.026154,-0.0060027891,0.1462028643,0.029770
-0.065989,-0.035759,-0.016516,0.2560550573,0.1697403687,-0.745847
-0.043403,-0.020532,-0.025340,0.6237419072,0.1307906741,-0.534038
-0.053161,-0.019853,-0.020199,0.0717926544,0.4639525250,-0.666947
-0.042487,-0.034466,-0.026003,0.2649051749,-0.2071227780,-0.417284
-0.046728,-0.025633,-0.020885,-0.2010663323,-0.4205071032,-0.874279
-0.055508,-0.033143,0.006231,-0.3882169525,-0.3366754861,-0.335332
-0.042076,-0.017752,-0.004316,-0.2569993306,-0.5351578980,-0.233898
-0.059194,-0.029766,0.011712,-0.7249268669,-0.1122421653,-0.607200
-0.042671,-0.027986,-0.003374,-0.8428652762,0.0540765177,-0.293225
-0.031041,-0.012208,-0.011245,0.3153460088,-0.2767366908,0.003596
-0.031589,-0.028919,-0.013168,-0.2503662169,-0.0624530081,-0.358962
-0.034386,-0.010150,-0.032958,-0.0389469283,-0.0573580586,-0.029963
-0.039086,-0.017949,-0.025924,0.8079190702,-0.3218191220,0.045730
-0.030670,-0.016787,-0.029174,1.2406996502,-0.6706371690,-0.643159
-0.057563,-0.025840,-0.015739,-0.4182539650,0.4030308822,-0.924901
-0.039290,-0.025433,-0.015968,0.2264045126,0.0609621190,-0.523189
-0.034428,-0.029303,-0.012335,0.1689178121,-0.2758497672,-1.023308
-0.039940,-0.029703,-0.002681,-0.4503415727,0.1041595154,-0.577402
-0.031330,-0.023211,-0.029567,-0.4219154781,-0.4815150446,-0.773327
-0.051129,-0.022219,0.009599,-0.9213534989,0.0019569281,-0.581394
-0.029702,-0.012139,-0.001204,-0.7433284211,-0.0653765920,-0.026943
-0.041614,-0.012894,0.008988,-0.4174158090,-0.1121353890,-0.423909
-0.021049,-0.015428,-0.006669,-0.3100702633,-0.1519734499,0.153689
-0.033519,-0.015815,-0.015190,-0.0905863357,0.1148478641,-0.198215
-0.031671,-0.024005,-0.021772,-0.0064406196,0.0670665197,-0.407086
-0.028523,-0.014762,-0.017675,0.6905574656,-0.2017893840,-0.219728
-0.037392,-0.017982,-0.016428,0.4116278549,-0.2132696415,-0.533611
-0.043238,-0.015930,-0.031255,-0.1202358032,0.1265954799,-0.876610
-0.051950,-0.030081,0.000992,-0.2305634684,-0.3816796417,-1.444888
-0.037684,-0.025590,0.000920,-0.0579120317,-0.4322505812,-1.224600
-0.041351,-0.018421,0.006933,-0.9632438455,0.0990247196,-0.478088
-0.041315,-0.027504,0.007475,-1.6525608528,0.6324946404,-0.532813
-0.031724,-0.002620,-0.008458,-0.5445622078,-0.2363994118,-0.241152
-0.041482,-0.015001,-0.005455,-0.2133877589,-0.1150764401,-0.272122
-0.029948,-0.007468,-0.023991,0.1365686412,-0.0211521747,-0.515206
-0.043206,-0.016196,-0.011915,-0.0728617015,0.1963878311,-0.389909
-0.035738,-0.010652,-0.010457,0.1290510439,0.2906109647,-0.272001
-0.028868,-0.009158,-0.016057,-0.1379647107,0.6167121115,-0.221517
-0.041449,-0.032825,-0.012371,0.2221767340,-0.0368446085,-0.444243
-0.041676,-0.019071,-0.038433,0.0890694387,-0.4866332067,-0.646166
-0.063573,-0.022922,-0.005625,-0.3340353074,-0.1651341239,-0.770475
-0.042720,-0.010255,-0.001102,-0.4939317294,0.1611371492,-0.500764
-0.060478,-0.018057,0.015323,-2.7924568889,1.2122547905,-1.021372
-0.034996,-0.024665,-0.001434,-0.0604224177,-0.5674426974,-0.479260
-0.034678,-0.010859,0.009287,0.0888785369,-0.2161498584,-0.140395
-0.054133,-0.030205,-0.003364,-0.9600099625,0.0525919691,-0.143989
-0.044335,-0.017712,-0.017426,-0.7522782302,0.2199578838,-0.087278
-0.056831,-0.016570,0.004416,-0.8347713500,0.6720896090,-0.041469
-0.045687,-0.019278,-0.012919,0.1406248596,0.2006114017,-0.250156
-0.049166,-0.023230,-0.025310,-0.1745122611,0.5069898973,-0.113488
-0.047131,-0.030018,-0.026308,-0.0681871988,0.3784203073,-0.518249
-0.040097,-0.020749,-0.049236,0.3197524118,-0.0222905769,-0.842354
-0.057409,-0.031755,-0.015361,0.4638032433,0.2121327822,-1.185792
-0.040153,-0.023519,-0.009856,0.1563335465,0.4031616454,-0.714027
-0.049055,-0.026825,-0.006764,-0.2220491230,-0.5300103628,-0.936114
-0.050273,-0.037936,0.000283,-0.3345397216,-0.7295237950,-1.091255
-0.057304,-0.019669,0.001429,-0.5162058311,-0.4588007266,-0.877227
-0.051851,-0.035477,-0.005589,0.0746475113,-1.0613427177,-0.475472
-0.064105,-0.030517,-0.011544,-2.7769031020,0.4427047397,-0.679263
-0.049363,-0.034210,0.008568,-0.4552158499,-0.3124689805,-0.690984
-0.036227,-0.016885,-0.015640,-0.3630064289,-0.1267015783,0.090975
-0.050460,-0.025429,0.001668,-0.6424037849,0.6465040056,-0.395148
-0.037878,-0.019859,-0.022881,-0.0212569951,0.6047438046,-0.022414
-0.041600,-0.019554,-0.028081,0.4851778007,0.1492186015,-0.297883
-0.029380,-0.023033,-0.035945,1.2184370262,-0.6625931648,-0.476985
-0.043675,-0.024238,-0.026659,0.2612834802,0.1292782630,-0.139006
-0.052912,-0.039879,-0.019241,0.2137590623,0.0256995565,-0.942491
-0.039145,-0.028938,-0.018686,0.4666107360,-1.0660164979,-0.537373
-0.050066,-0.037873,0.002584,-0.4825546045,0.1420389075,-0.734089
-0.041092,-0.029037,-0.006344,-0.6190378187,-0.2196749539,-0.338342
-0.058837,-0.040588,0.007111,-0.6336451124,-0.0187355287,-0.720648
-0.038581,-0.018812,-0.012656,-0.4807177382,-0.0196635466,-0.160897
-0.047778,-0.023322,-0.004106,-0.2086794050,-0.4791433319,-0.149651
-0.039014,-0.028042,-0.010106,-0.2683299912,-0.1147991779,0.171749
-0.042575,-0.015021,-0.002382,-0.9432174937,0.4190393784,-0.018032
-0.036953,-0.036078,-0.011809,-0.0366682441,0.0725407382,-0.161451
-0.037619,-0.019879,-0.016612,-0.8442317691,0.6250796826,-0.029477
-0.046583,-0.030708,-0.012095,-0.1103934828,0.0508688789,-0.710052
-0.036070,-0.016222,-0.032016,0.4543679587,-0.0633376101,-0.103034
-0.040245,-0.019738,-0.028123,0.9539432192,-0.1958898768,-0.627124
-0.040025,-0.035556,-0.025717,0.4799797279,-0.2571447246,-0.684232
-0.055072,-0.030274,-0.017038,0.0174650272,0.2537483144,-0.382799
-0.040366,-0.035621,-0.010500,0.1028465512,-0.0601925479,-0.464460
-0.051271,-0.027445,-0.005465,-0.6317360339,0.2304770923,-0.191558
-0.062844,-0.036836,0.004347,-0.7047866835,-0.1198263443,-0.621968
-0.032735,-0.022337,0.007239,0.0305252840,-0.2603106572,-0.307126
-0.052134,-0.026907,-0.002395,-0.3706340730,-0.8627910454,-0.660412
-0.046390,-0.036137,-0.009397,0.0249186117,-1.2633916985,-0.721041
-0.039779,-0.016015,-0.016756,-0.4289372875,-0.5998511752,-0.018764
-0.052410,-0.024386,0.015005,-0.8023849574,0.2389184865,-0.177132
-0.033532,-0.009378,0.001839,-0.8190563194,0.5310908406,0.172297
-0.047404,-0.017522,0.003940,-0.5513991700,0.5247266223,0.036762
-0.035429,-0.029109,-0.018637,-0.1457492622,0.1854548728,-0.502277
-0.044482,-0.018451,-0.038899,0.2843611927,-0.0120199665,-0.588123
-0.053050,-0.032428,-0.038804,0.2806427723,0.2092555404,-0.362622
-0.049002,-0.018753,-0.025162,0.2195338327,0.2340717521,-0.622785
-0.063724,-0.028522,-0.019510,-0.1089085691,0.5470928249,-0.238215
-0.041098,-0.015349,-0.035962,-0.2293503257,0.0239255832,-1.079264
-0.067000,-0.024642,0.005876,-0.5032772091,0.5105423035,-0.073479
-0.032360,-0.023837,0.000057,-0.1350871362,-0.5553317833,-0.834236
-0.044249,-0.025836,-0.000882,-0.3822406441,-0.5045922164,-0.734985
-0.048585,-0.036813,0.005148,-0.6992745939,-0.6352131250,-0.356054
-0.047824,-0.026851,0.011860,-1.5686573512,0.1314957680,-0.968229
-0.042083,-0.028535,0.006434,-0.5624114528,-0.2302372110,-0.310779
-0.032088,-0.010865,-0.019385,-0.8397001177,0.2771247331,-0.301565
-0.048031,-0.023293,-0.011800,-0.7665223454,0.3427603526,-0.088315
-0.040452,-0.017735,-0.021719,0.1714940303,0.2502443738,-0.245016
-0.033417,-0.022022,-0.026101,0.4039087756,0.0236605209,-0.522487
-0.036424,-0.024645,-0.038410,0.6959504865,-0.2159823978,-0.339494
-0.038817,-0.013760,-0.031914,0.3071638435,0.0231633832,-0.122256
-0.052213,-0.030373,-0.025953,-0.1705289421,0.2305492081,-0.498321
-0.034212,-0.028912,-0.027417,0.0135899961,-0.5985794363,-0.806224
-0.052869,-0.034243,-0.005281,-0.5347877663,-0.2910735825,-0.593387
-0.043898,-0.028115,0.010422,-0.4290819345,-0.4718557111,-0.450270
-0.045884,-0.027724,0.013685,-0.3124308165,-0.2534320480,-0.788351
-0.037895,-0.030852,-0.008580,0.0395018918,-1.0164447164,-0.330848
-0.056056,-0.024950,0.019413,-2.5990475380,1.2470636130,-0.379779
-0.046363,-0.031128,-0.002596,-0.3890778752,-0.0814526480,0.491009
-0.038751,-0.013892,-0.028205,-0.0594193247,0.0509727107,0.299505
-0.043196,-0.036478,-0.026981,0.6619973498,-0.0925569557,0.065884
-0.044509,-0.024084,-0.041388,-0.0799536472,-0.0828037793,0.068047
-0.062736,-0.038402,-0.014110,0.0242136000,0.4094431854,-0.229693
-0.046632,-0.026930,-0.038000,0.2496831084,-0.0260841704,-0.172674
-0.056572,-0.035887,-0.016385,-0.2667215384,0.2083527440,-0.483537
-0.046636,-0.033645,-0.018781,-0.2464907659,-0.0636905301,-0.372292
-0.052853,-0.030566,0.003667,-1.1024299605,0.0721652967,-0.581659
-0.040566,-0.026211,-0.013543,-0.1195269162,-0.8195146918,0.055446
-0.049541,-0.029139,-0.000675,-0.3398167351,-0.6787198504,0.232215
-0.054599,-0.036741,0.004061,-0.9716576162,-0.3168523587,-0.356753
-0.058045,-0.024612,0.003559,-2.8656063918,1.2445041349,-0.122462
-0.051379,-0.029221,0.007636,-1.0330388951,0.2464101476,-0.285636
-0.047371,-0.015034,0.007846,-1.3224112674,1.4210444963,-0.072336
-0.049203,-0.031568,-0.010437,-0.1899716819,0.2341753949,-0.287983
-0.032587,-0.034722,-0.024663,0.2714712719,-0.0964759643,-0.636124
-0.032689,-0.025016,-0.033693,1.3110290836,-0.4993370170,-0.218772
-0.045487,-0.044231,-0.020597,0.4166346501,-0.1851716178,-0.554595
-0.049682,-0.032759,-0.018184,0.3587973616,-0.2152427400,-0.905577
-0.050762,-0.043342,-0.004496,0.0217182630,-0.0638608651,-0.506974
-0.041295,-0.030540,-0.013385,-0.3681742552,-0.4055145160,-0.504916
-0.058229,-0.035612,0.007695,-0.3965175349,-0.4516325166,-0.294535
-0.044568,-0.033901,-0.002130,-0.2759284604,-0.6841621126,-0.561134
-0.069724,-0.047917,0.017312,-0.9799494996,0.0028656778,-0.473204
-0.041912,-0.019620,0.004445,-0.5819355738,0.0015020194,-0.383817
-0.062739,-0.026736,0.008131,-0.7770795136,1.1552268010,-0.552488
-0.041282,-0.020220,-0.012043,-0.2442927989,0.6021444604,-0.340709
-0.050030,-0.027908,-0.011576,0.6252183965,0.1833200286,-0.074641
-0.047358,-0.029506,-0.043298,1.4471295821,-0.6380780386,-0.319314
-0.053729,-0.032506,-0.021713,0.4262682637,-0.3082717097,-0.596043
-0.044896,-0.048006,-0.025812,0.4959844077,-0.2813638062,-0.669776
-0.049613,-0.036511,-0.006656,-0.0172504470,-0.1020706507,-0.665959
-0.054363,-0.042469,-0.003620,-0.3631613735,-0.4221519503,-0.832992
-0.049229,-0.028768,-0.018440,-0.4777763657,-0.4306049401,-0.478732
-0.059562,-0.035398,0.006809,-0.5077478834,-0.3020951315,-0.528202
-0.040704,-0.022393,0.015146,-0.2928190989,-0.0385155567,-0.202675
-0.057553,-0.023470,0.004380,-0.9106197172,0.3909063835,-0.741120
-0.047397,-0.029198,0.000408,-1.6459998089,1.2785767018,-0.254206
-0.041200,-0.017637,-0.016494,-0.0712782387,0.3286544691,-0.414206
-0.041039,-0.034381,-0.019576,-0.2254015666,0.1832530346,-0.697214
-0.037576,-0.023568,-0.041502,0.2558817888,-0.0567857411,-0.717408
-0.049583,-0.035667,-0.022898,0.7469773108,-0.8739693456,-0.900991
-0.046225,-0.022531,-0.023213,0.5449890302,-0.3525653102,-0.844320
-0.060133,-0.031554,0.015107,-0.9300884511,0.4762195471,-0.984710
-0.036779,-0.024343,0.003411,-0.2029147835,-0.2768667146,-0.848485
-0.043708,-0.026749,0.010357,-0.5542350865,-0.4026873291,-0.329305
-0.034816,-0.025127,0.009175,-0.5215619052,0.0850782809,-0.324247
-0.025828,-0.017430,-0.005727,0.0671015182,-0.4490627612,0.041824
-0.037149,-0.022003,-0.017721,-0.3106555589,-0.0350812117,-0.355850
-0.030959,-0.018225,-0.016077,-0.4212805570,0.0655526711,-0.243263
-0.045438,-0.034394,-0.005343,0.2564136416,-0.0754525450,-0.626445
-0.033125,-0.016672,-0.020931,-0.4666980009,0.4972013506,-0.577684
-0.038331,-0.015664,-0.001010,-0.6455226593,0.7707179567,-0.379202
-0.025270,-0.024668,-0.038364,1.7479454704,-0.7349296365,-0.524555
-0.024870,-0.020168,-0.030106,1.0756872500,-0.7092270300,-0.310720
-0.048264,-0.034968,-0.010828,-0.1819874501,0.2406184901,-0.789004
-0.032252,-0.020880,-0.002382,-0.1430331555,-0.0290746924,-0.689386
-0.040970,-0.018238,0.014795,-0.4507555985,-0.0381295983,-0.365031
-0.030299,-0.024786,-0.001000,-0.2624592837,-0.4467448143,-0.195080
-0.036500,-0.021740,0.002308,-0.6937667379,-0.1539292386,-0.296763
-0.049170,-0.026194,0.007373,-1.0821195980,0.2499658764,-0.236895
-0.034602,-0.021238,-0.017728,-0.1661681229,-0.1783076315,-0.293720
-0.046609,-0.020910,-0.015394,0.1212883537,0.0302875909,-0.521059
-0.035827,-0.024251,-0.020117,-0.2996733170,0.5807065893,0.195793
-0.026206,-0.015520,-0.019310,1.1112952439,-0.4933961753,0.045188
-0.051733,-0.025761,-0.013470,-0.1088492705,0.1733455331,-0.622296
-0.040110,-0.027941,-0.029718,0.2322573112,-0.3027505365,-0.873553
-0.049787,-0.026893,-0.033283,0.8058250735,-0.4219120307,-0.924454
-0.034130,-0.017374,-0.023190,1.0773131069,-0.4107749633,-0.314597
-0.048021,-0.031384,-0.005304,-0.4533484055,-0.0156124719,-0.732829
-0.040714,-0.031151,-0.007053,-0.2517660281,-0.6731915523,-0.598462
-0.033552,-0.017033,-0.002297,-0.2250179779,-0.3604605704,-0.173110
-0.060179,-0.024487,0.006411,-0.5174465828,-0.1455877715,-0.545261
-0.043967,-0.014400,-0.016008,-0.0868003540,0.0321493768,-0.018088
-0.051523,-0.019800,-0.003259,-0.0320148570,0.0803526411,-0.394708
-0.040717,-0.017637,-0.006994,-0.3756372728,0.6380651583,-0.324818
-0.050240,-0.014384,-0.015926,-0.3576699398,0.4174934919,-0.155921
-0.039391,-0.019449,-0.033099,1.1485665602,-0.7080303619,-0.305088
-0.043704,-0.021228,-0.018788,0.4062595974,-0.2857477363,-0.555420
-0.058791,-0.043217,-0.007132,0.0852378313,-0.5988137454,-1.045465
-0.054812,-0.028564,-0.019750,-0.9598685485,0.1065249054,-0.801941
-0.066810,-0.037880,0.004035,-0.3217140086,-0.1917230083,-0.834768
-0.043307,-0.015720,-0.007851,-0.0770309559,-0.5613975294,-0.057818
-0.058252,-0.017407,0.004317,-0.7715512802,0.0839139820,-0.175799
-0.042841,-0.020312,-0.010372,0.0605679688,-0.1253612007,-0.004938
-0.046879,-0.013504,-0.020652,0.0040263338,0.2003438148,-0.038376
-0.052849,-0.031577,-0.033523,0.5031195347,-0.1168254036,-0.582270
-0.051845,-0.023828,-0.037760,0.4458491319,0.1280833490,-0.455817
-0.062903,-0.036577,-0.013543,0.4643350784,0.0118939476,-0.919140
-0.049088,-0.025091,-0.032866,0.1734364517,0.1306887462,-0.877719
-0.067853,-0.034732,-0.013076,0.3344131803,-0.5815713811,-0.939774
-0.045743,-0.028046,-0.003945,0.1704172821,-0.6881526090,-1.081283
-0.055344,-0.023227,0.012481,-0.1010072088,-0.2868396175,-0.712580
-0.045667,-0.018428,0.008732,0.4249440834,-0.8251132572,-0.226759
-0.057967,-0.022577,0.020158,-2.4156984153,1.0364756089,-0.343909
-0.048123,-0.030100,-0.009597,-1.1122782920,0.1730054861,-0.151335
-0.043025,-0.014801,-0.001138,-0.8500503234,0.6269956509,0.013007
-0.042979,-0.028892,-0.020616,-0.4323460350,0.0263907010,-0.356901
-0.046019,-0.016826,-0.024112,-0.3196665456,0.4294473016,-0.043917
-0.052016,-0.027284,-0.024785,0.0683635939,0.3591652181,-0.533316
-0.050145,-0.023207,-0.044365,0.1779255234,-0.2669699534,-0.305354
-0.049600,-0.025515,-0.007815,0.3481698303,0.1238798358,0.023324
-0.034691,-0.016432,-0.027408,0.5485142765,-0.0583414044,-0.347438
-0.060593,-0.023923,-0.002481,0.2695838596,-0.3710190583,-0.563984
-0.042782,-0.013294,0.003529,-0.9796790015,0.4409021942,0.038991
-0.055032,-0.028620,0.002541,-2.4550813125,0.7597244300,-0.775517
-0.036496,-0.026821,0.007301,-0.5753838952,-0.3728101404,0.013864
-0.037366,-0.013560,-0.003600,-0.2945262812,-0.1141904833,0.046281
-0.047870,-0.023782,-0.004135,-2.4612155942,1.6385475425,0.053345
-0.036739,-0.016787,-0.033651,-0.1896623982,0.1733230901,0.122286
-0.050456,-0.016442,-0.002458,-0.4293289194,0.9138824984,-0.160788
-0.035134,-0.012132,-0.025212,0.1256529697,0.5670613276,-0.369157
-0.052029,-0.022275,-0.010933,-0.4792740862,0.9667869319,-0.689386
-0.039549,-0.022751,-0.013205,0.5117968184,0.1336260926,-0.423882
-0.046708,-0.013350,-0.015354,-0.2389208160,0.2188370077,-0.778491
-0.042424,-0.019751,-0.016914,-0.2581080583,-0.2361962709,-0.084554
-0.036802,-0.013357,-0.003213,-0.2871583593,-0.4889288680,-0.530791
-0.041952,-0.017115,0.003776,-0.5813902583,-0.4987034664,-0.010380
-0.033555,-0.012822,-0.005202,-0.5961182723,-0.2749571350,-0.433073
-0.052741,-0.021274,0.004557,0.0184363572,-0.4802112926,-0.324796
-0.042172,-0.015421,-0.021315,-1.0508045301,0.3901851650,-0.325892
-0.053654,-0.018444,-0.004473,-0.5684678303,0.6080848354,-0.517750
-0.047942,-0.023385,-0.036201,-0.1737656025,0.1481351479,-0.945107
-0.051891,-0.028298,-0.024769,1.4346002306,-0.5264535120,-0.893698
-0.039365,-0.016472,-0.030821,0.2490492036,-0.2620461257,-0.310714
-0.055820,-0.027704,0.005371,-0.3840973580,0.1157098609,-0.863467
-0.038019,-0.010468,0.001455,0.0494033243,0.0414610677,-0.582073
-0.053000,-0.023050,-0.000367,-0.7204560797,-0.3042485347,-0.364093
-0.038853,-0.023883,0.003828,-0.3061399493,-0.4865319464,-0.493559
-0.048559,-0.010347,0.007350,-0.4141969910,-0.0415282327,-0.221763
-0.044420,-0.025154,-0.006571,-0.3775871424,0.0257758850,-0.170954
-0.045211,-0.014053,-0.007782,-0.4672209050,0.0620356542,-0.445176
-0.039651,-0.019751,-0.011481,0.0971052975,-0.2309246910,-0.427184
-0.039887,-0.006953,-0.014603,0.1850503298,0.0046705732,-0.241911
-0.055406,-0.025249,-0.008343,-0.3670629380,0.4486363418,-0.657339
-0.040251,-0.015169,-0.041581,0.0766000764,0.1340572243,-0.580717
-0.064919,-0.024185,-0.001375,-0.1739965718,0.2604210973,-1.111609
-0.041174,-0.032185,0.003687,0.4541104749,-0.7707755852,-1.037633
-0.049600,-0.020496,0.001399,-0.2532834321,-0.3092637731,-1.004822
-0.047525,-0.027422,0.001662,-1.4104256114,0.2871691807,-0.207241
-0.039654,-0.012507,0.000145,-0.5185073015,-0.2248309904,-0.262363
-0.042972,-0.027143,0.003181,-0.4840340462,-0.6390135607,-0.195421
-0.045014,-0.016770,-0.012725,-0.3952207717,-0.2133004567,-0.672947
-0.046117,-0.018037,-0.011908,-0.3908587586,-0.1384412284,0.073197
-0.035886,-0.007619,-0.022487,0.3943404265,-0.2823903458,0.019710
-0.042332,-0.021799,-0.015561,-0.3268792974,0.1254924489,-0.139131
-0.030942,-0.013849,-0.010933,0.1189253130,0.1970846845,0.063468
-0.040806,-0.025764,-0.020675,-0.2090967180,0.2212098608,-0.109605
-0.031510,-0.012247,-0.042773,1.0530613760,-0.4317721933,-0.230593
-0.042037,-0.032080,-0.025176,0.7580009887,-0.3765137754,-0.291840
-0.041026,-0.021386,-0.033073,0.0681894635,-0.1081223846,-0.674808
-0.051156,-0.040575,-0.009206,-0.1002070880,0.2032302323,-0.902445
-0.045914,-0.018520,-0.014183,-0.1639842209,0.3236649978,-0.668112
-0.047378,-0.033445,-0.007903,-0.3425937675,-0.1355458116,-0.605726
-0.041361,-0.028604,-0.020114,-0.5184766462,-0.3798198938,-0.521607
-0.045684,-0.043483,0.000782,-0.1048152111,-0.8103392711,-0.900072
-0.033874,-0.023545,-0.010411,-0.1088222711,-0.9013637025,-0.547144
-0.044738,-0.022249,0.016469,-1.0010990773,0.2565635346,-0.259396
-0.023977,-0.009047,-0.000196,-1.0126679737,0.8074936183,0.134540
-0.043199,-0.017703,-0.001256,-0.9567989679,0.6181775749,-0.286709
-0.033000,-0.019915,-0.006502,-0.7458459711,0.4487708834,0.056378
-0.037977,-0.016803,-0.028146,-0.2355769742,0.3388047115,-0.062663
-0.038866,-0.026467,-0.024709,0.2195993248,0.3192011879,-0.135848
-0.037428,-0.013110,-0.028671,0.5315139253,0.0746491235,-0.079922
-0.056211,-0.027428,-0.007224,-0.1479705535,0.4758454832,-0.711217
-0.035935,-0.019528,-0.035141,0.0119670879,-0.1403463957,-0.671779
-0.055659,-0.031128,0.008565,-0.4164494397,0.0087904117,-1.049427
-0.041669,-0.017135,-0.027818,-0.4000491717,-0.4493394910,-1.016215
-0.056755,-0.025912,0.002686,-0.6145933308,0.1673411251,-1.046292
-0.033562,-0.021812,0.019256,-0.2111625691,-0.3540042984,-0.384106
-0.044968,-0.022380,0.013794,-1.0566015762,-0.0459296133,-0.109362
-0.040245,-0.022561,0.012911,-1.1402334222,0.4266037803,-0.249562
-0.035495,-0.017105,-0.004903,-0.6712617677,-0.0417494868,-0.145692
-0.033066,-0.017926,-0.009187,-0.0232991774,-0.0926813590,-0.028036
-0.042648,-0.021028,-0.010592,-0.1814463936,0.3018216275,-0.560264
-0.034034,-0.022951,-0.018401,-0.0945871421,0.1888842641,-0.224622
-0.039270,-0.011512,-0.017639,0.1825595199,0.1921343639,-0.863726
-0.036398,-0.026588,-0.020518,0.5138335169,-0.0916702421,-0.537172
-0.033151,-0.009949,-0.033037,0.2144147052,-0.3037328367,-0.546865
-0.054484,-0.030215,-0.026971,0.4488002056,-0.5158152415,-0.678987
-0.041394,-0.016006,-0.037179,-0.1485977324,-0.5355768223,-0.817936
-0.055866,-0.029624,0.014985,-0.2754421248,-0.7568137548,-0.704718
-0.044564,-0.021185,-0.011140,-0.8871642691,0.0265444113,-0.853124
-0.060113,-0.027629,0.022837,-1.0123982714,0.5843467564,-0.384500
-0.035781,-0.009007,-0.005412,-0.4122120036,-0.2093541337,-0.130892
-0.050430,-0.020309,0.022761,-2.3869560109,1.5453669137,-0.498361
-0.032108,-0.016672,-0.014967,-0.0380733264,0.1115390643,-0.426616
-0.040816,-0.017827,-0.006308,-0.0987544272,0.3943143147,-0.755898
-0.037012,-0.026171,-0.020426,0.1343377847,0.1631858685,-0.316855
-0.040389,-0.014207,-0.022323,-0.1056565711,0.4385694506,-0.640730
-0.023678,-0.021369,-0.023390,0.8879777537,-0.3978854146,-0.452318
-0.027673,-0.017289,-0.026741,0.2730355826,0.0667835013,-0.567745
-0.036519,-0.025955,-0.022077,-0.0284802853,-0.3088753011,-0.926036
-0.042779,-0.022997,-0.017104,0.6648981265,-0.7323746630,-0.998473
-0.033982,-0.028653,-0.016011,-0.2685373996,-0.4506684198,-0.763769
-0.034671,-0.017401,-0.005461,-0.2125174822,-0.4123230766,-0.891065
-0.038354,-0.029608,0.005535,-0.4869785361,0.0252224334,-0.343791
-0.038062,-0.023414,0.006162,-1.1818630293,0.2838871857,-0.597894
-0.045464,-0.031909,-0.010175,-0.9597844435,-0.0730634205,-0.474937
-0.024968,-0.009904,-0.020944,0.2074624125,-0.6970825609,-0.204786
-0.041765,-0.032841,-0.003488,-0.3689879427,-0.0049698642,-0.305777
-0.028129,-0.021599,-0.031327,-0.3489850710,-0.0088778741,-0.373116
-0.042506,-0.023125,-0.010106,-0.1444201440,0.7139629730,-0.885098
-0.024341,-0.009214,-0.028218,0.7844254285,-0.1354853030,-0.303029
-0.040330,-0.028157,-0.012765,0.4630593965,-0.1945435983,-0.700763
-0.028815,-0.021875,-0.022307,0.0915801877,-0.1230484619,-0.566806
-0.050673,-0.032940,0.004898,-0.4548705380,-0.3894928827,-0.918136
-0.029012,-0.020939,-0.012420,0.1565924766,-0.1367918744,-0.419385
-0.042457,-0.021064,0.008729,-0.5415023074,-0.1624835088,-0.648444
-0.037369,-0.025974,0.008397,-0.5675217490,-0.0129605037,-0.319330
-0.034520,-0.021156,-0.001000,-0.2797929902,-0.3049396747,-0.663477
-0.022907,-0.025830,-0.019218,-0.1249985050,-0.5771617615,-0.018297
-0.031540,-0.023174,-0.009824,0.2028400962,-0.2377286477,0.061824
-0.031231,-0.024189,-0.015036,-0.0250464074,-0.2030896502,0.092551
-0.035187,-0.023982,-0.023613,-0.9736363565,0.4580583624,-0.150842
-0.047486,-0.024855,-0.004559,-0.4316083729,0.8207763691,-0.714815
-0.030224,-0.018888,-0.018581,0.1991046206,0.0269053189,-0.428573
-0.041505,-0.019501,-0.023180,1.5232486413,-0.6181219607,-0.431452
-0.037744,-0.019075,-0.027194,0.0019150915,0.1209750358,-0.645283
-0.065063,-0.027261,0.009021,-0.8144985903,0.9194710590,-0.615534
-0.046183,-0.023798,0.002088,-0.3406518051,0.4473897658,-0.385140
-0.048996,-0.033409,0.004504,-0.5167255554,-0.1943629154,-1.006108
-0.042122,-0.024520,-0.001742,-0.4413187836,-0.4698125556,-0.056108
-0.045303,-0.007645,0.009457,-0.6127107593,-0.2856701654,-0.090518
-0.038794,-0.026198,0.002243,-0.8612454624,-0.3424128986,-0.253159
-0.056204,-0.023614,0.022709,-3.1461591846,2.0033264437,-0.078793
-0.036847,-0.026765,-0.004979,-0.1266991728,-0.0605114046,0.103422
-0.036276,-0.015809,-0.013569,0.1912364133,0.1195031842,-0.035228
-0.046242,-0.023470,-0.024726,-0.2952473177,0.2476886450,-0.092500
-0.039053,-0.015244,-0.028123,0.4146726667,0.1081881273,-0.539050
-0.041131,-0.030140,-0.031619,0.8459072755,-0.0115916204,-0.197391
-0.037602,-0.017424,-0.025468,0.8431500168,-0.1381853325,-0.651339
-0.043622,-0.025003,-0.014340,0.8101635252,-0.2915616118,-0.541213
-0.040264,-0.015730,-0.018220,0.4183529228,-0.3154554822,-0.942498
-0.040097,-0.022075,-0.007864,-0.1962359893,-0.3305007037,-0.709389
-0.053027,-0.013514,-0.019572,-0.3173250231,-0.4637190626,-0.794959
-0.057153,-0.030281,0.013964,-0.6365170304,-0.4721518365,-0.974167
-0.065050,-0.025150,0.013892,-3.4804045753,1.3022704446,-1.086925
-0.047049,-0.027898,0.010498,-0.4863132291,-0.4177272212,-0.276836
-0.033880,-0.016610,-0.010490,0.4694070344,-1.1122231669,-0.229552
-0.056880,-0.029178,0.019561,-2.4153438300,1.5246237688,-0.329512
-0.037652,-0.016012,-0.034921,0.2119202185,-0.8169034144,0.005493
-0.050906,-0.017486,-0.016320,0.1470420840,-0.1288796397,-0.101622
-0.042385,-0.018999,-0.041384,0.0002894496,0.1973513415,-0.454859
-0.058620,-0.029237,-0.013172,-0.0016537248,0.5821536646,-0.655823
-0.032347,-0.023966,-0.028550,0.2983925898,0.1121811262,-0.466222
-0.059093,-0.036009,-0.009709,-0.0411687877,0.2917655680,-1.099714
-0.037153,-0.004977,-0.025333,0.0046583043,-0.1234295803,-0.254249
-0.046084,-0.025905,0.000319,0.1660831404,-0.2746415626,-0.990129
-0.039185,-0.022055,-0.008829,0.2519101027,-0.5571269032,-0.922675
-0.048113,-0.028991,0.012845,-0.4464902938,-0.2619378740,-0.786887
-0.040708,-0.021523,0.013170,-0.6764041105,0.1342617142,-0.575534
-0.046314,-0.018474,0.017765,-1.5075525030,0.5900164698,0.000297
-0.035922,-0.021041,-0.000429,-1.0414815856,0.4248729786,-0.017559
-0.035905,-0.011436,-0.003216,-0.8685404785,0.6169417628,0.218189
-0.034143,-0.023411,-0.011058,0.0627048301,0.1303259517,0.213876
-0.036880,-0.008236,-0.012689,0.0531013385,0.2867102162,-0.079453
-0.030873,-0.021445,-0.026659,0.1819391710,0.3244978880,0.014228
-0.037481,-0.008371,-0.020019,-0.1377961932,0.5537459923,-0.406784
-0.031041,-0.026142,-0.025199,-0.2533709601,0.5728186239,-0.350897
-0.038929,-0.013921,-0.018985,-0.3917085911,0.5203488184,-0.322031
-0.025707,-0.025754,-0.020895,0.5332383085,-0.7445441571,-0.486179
-0.038853,-0.017194,-0.000859,-0.6253121337,-0.0215223861,-0.589819
-0.037264,-0.026670,0.000953,-0.7265321946,-0.1265446744,-0.654608
-0.029744,-0.016902,0.008801,-0.2547499339,-0.8022998287,-0.649140
-0.041853,-0.031820,0.009044,-1.9852669162,0.6564108346,-0.667803
-0.047066,-0.016688,0.014010,-2.8906851081,1.3018585241,-0.328747
-0.034130,-0.030754,-0.001256,-0.6757126821,-0.2090846968,0.176043
-0.032012,-0.013261,-0.005776,-0.4534195971,0.0768162207,-0.189191
-0.036949,-0.014952,-0.006899,-0.1564290764,-0.3475931081,-0.053407
-0.029111,-0.009792,-0.027496,0.2015281790,-0.4113829548,-0.144511
-0.041308,-0.021303,-0.010329,-0.2212132694,0.3283513780,-0.260725
-0.031051,-0.004524,-0.035039,-0.4142185119,0.4091464920,-0.124219
-0.043793,-0.018796,-0.006134,0.5242745273,-0.0556718815,-0.573361
-0.034888,-0.016452,-0.015627,0.8370470475,-0.1982499855,-0.406210
-0.036043,-0.019843,-0.010815,1.1979679883,-1.2929285784,-0.737953
-0.034451,-0.016206,-0.003341,0.1559637042,-0.3375049402,-0.842938
-0.045300,-0.024862,0.017644,-0.5216326499,-0.3889362524,-0.456293
-0.038213,-0.020680,0.015382,-1.0134383354,0.4323293128,-0.201687
-0.045083,-0.011463,0.012106,-0.6672845744,-0.0540107860,-0.158484
-0.032344,-0.006001,-0.002366,-0.1817360952,-0.0364561504,0.074297
-0.035528,-0.012083,-0.019546,0.5121139934,-0.3521305442,-0.188988
-0.033883,-0.017259,-0.012581,-0.1278990334,0.2752003759,-0.321542
-0.033916,-0.006477,-0.022589,0.0639221305,0.3460763777,-0.356149
-0.042749,-0.026040,-0.015286,0.1772517167,0.0805289791,-0.379533
-0.038531,-0.007763,-0.039792,0.2666483586,0.0533585048,-0.518732
-0.045237,-0.025984,-0.014862,1.3348359334,-0.8487383436,-0.750186
-0.041381,-0.011965,-0.023892,0.3942105473,-0.3991953032,-0.832654
-0.049219,-0.020683,0.003323,-0.5299371810,0.1179498777,-0.846257
-0.039454,-0.015349,-0.000544,-0.5515760894,0.3067681889,-0.798940
-0.052797,-0.012070,0.008857,-0.8527182970,0.2126405850,-0.625864
-0.042398,-0.024576,-0.001585,-0.2805003311,-0.5747208249,-0.763802
-0.029058,-0.006782,-0.012771,1.3190294151,-1.4953680364,-0.351245
-0.042513,-0.022551,-0.003981,-0.2413945207,-0.3930135746,-0.378926
-0.039191,-0.008052,-0.021105,-0.4578009557,0.0939954850,-0.248863
-0.052236,-0.016084,0.004793,-0.2731213649,0.6874679194,-0.367523
-0.033056,-0.011702,-0.009978,0.0031648873,0.6873257456,-0.244293
-0.029219,-0.015008,-0.020534,1.4173911533,-0.6248045084,-0.272979
-0.024981,-0.013353,-0.025441,1.0773382304,-0.6660914480,-0.377685
-0.037908,-0.009779,-0.027975,0.3709375186,-0.2599493714,-0.805394
-0.046393,-0.031600,-0.011091,0.2105637887,-0.4871888198,-0.919852
-0.033811,-0.015369,-0.020761,-0.2014020762,-0.8293786288,-1.000026
-0.056959,-0.024277,0.016127,-1.2380110893,0.2748158930,-1.009755
-0.032997,-0.014735,0.003805,-0.2567321276,0.0037309111,-0.584009
-0.036910,-0.011440,0.002886,-0.4638601213,0.0165527023,-0.238635
-0.032590,-0.020562,-0.006059,-0.4503139667,0.0191853302,-0.241651
-0.028116,-0.013235,-0.012121,-0.2804000273,0.0567189062,-0.331596
-0.034458,-0.019666,-0.023469,-0.3104874816,0.0337539068,-0.147543
-0.034225,-0.017371,-0.019398,-0.2759492007,0.3591379641,-0.351770
-0.041518,-0.021399,-0.006512,0.2333082078,0.5400036697,-0.628913
-0.023632,-0.014233,-0.043268,0.9520025541,-0.7263312073,-0.365888
-0.039411,-0.017410,-0.018900,0.4844634400,-0.1804147076,-0.189421
-0.037107,-0.015681,-0.039690,-0.0909124837,-0.6630830408,-0.917151
-0.040829,-0.028157,0.005692,-0.1365261938,-0.5029043042,-0.499362
-0.037711,-0.025118,-0.008163,-0.1503596039,-1.1906904734,-0.852447
-0.052035,-0.030123,0.017683,-1.3846409234,0.4036295704,-0.600612
-0.029574,-0.010580,-0.017399,-1.5909665588,0.5261430870,-0.384293
-0.038997,-0.012008,0.003155,-0.5176644289,0.4105009078,0.054599
-0.036148,-0.011338,-0.027243,-0.0126269778,0.2623254329,-0.379051
-0.045569,-0.013783,0.000972,-0.6987887664,0.8018383528,-0.253616
-0.032357,-0.010658,-0.011081,0.2346352640,0.3895501985,-0.736393
-0.041423,-0.015018,-0.002875,-0.3259799179,0.8302862200,-0.807078
-0.028192,-0.008072,-0.014022,1.0182598523,-0.0864662005,-0.272027
-0.032781,-0.004330,-0.014104,0.3601243243,-0.2471603733,-0.565832
-0.038774,-0.014108,-0.012285,0.3986558941,-0.4291917367,-0.974416
-0.049180,-0.020378,-0.003672,-0.1945922483,-0.3874076608,-0.934124
-0.036037,-0.021779,-0.005563,-0.7305335232,0.1005568211,-0.591359
-0.036378,-0.012211,0.005374,-0.4679939656,-0.2018913261,-0.796393
-0.035177,-0.021966,-0.001197,-0.3534347474,-0.4607389397,-0.333326
-0.028202,-0.006664,-0.022113,-0.0816919195,-0.4736085552,-0.200453
-0.052147,-0.015851,0.000398,-0.2490629420,0.2625263301,-0.419973
-0.038413,-0.009034,-0.019622,-0.2387994487,0.3428672220,-0.537084
-0.049977,-0.008709,0.000414,-0.6778213290,0.6352350198,-0.282101
-0.040724,-0.018083,-0.015266,0.2930600996,0.3854389822,-0.537533
-0.038535,-0.015159,-0.008448,-0.3303684567,0.7759890477,-0.663402
-0.035968,-0.023496,-0.021818,-0.0386894754,0.3402818629,-0.986528
-0.033060,-0.010133,-0.010779,0.6100328158,-0.7012281687,-0.719400
-0.036713,-0.017269,0.001786,-0.1953980830,-0.2656134075,-1.029358
-0.032620,-0.007202,-0.001926,-0.1603614710,-0.5469242154,-0.333825
-0.040823,-0.020306,0.009841,-1.2989603356,0.0708607017,-0.479401
-0.038082,-0.017243,0.011703,-1.8585969398,0.7847696695,-0.411071
-0.030066,-0.013928,-0.001654,-0.4613459452,0.0840413830,-0.049182
-0.031727,-0.003736,-0.020662,-0.3718134456,-0.0666357787,-0.195021
-0.036713,-0.015868,-0.026505,-0.0302400898,0.0061846280,0.178714
-0.029344,-0.010983,-0.031521,0.4528073538,0.0384253429,-0.043487
-0.039283,-0.024747,-0.025300,0.4194542896,-0.2044918590,-0.288846
-0.034041,-0.008459,-0.016464,0.2060024555,0.3544847194,-0.408914
-0.041131,-0.022006,-0.019454,-0.1554536307,0.1801804135,-0.404614
-0.035653,-0.012415,-0.020035,-0.1650280360,-0.0701249429,-0.602349
-0.050893,-0.017410,-0.007027,0.0783972668,-0.1009319507,-0.651589
-0.033362,-0.012959,-0.024713,0.0760628124,-0.8766433443,-0.606261
-0.048126,-0.024724,0.023661,-0.3611883888,-0.3902966404,-0.709317
-0.030069,-0.013550,0.007813,-0.7775929071,-0.2987124227,-0.019102
-0.045713,-0.019196,0.021947,-1.2262151597,0.5451590424,-0.358473
-0.031215,-0.012273,-0.008547,-0.3009188471,0.1027272678,-0.105141
-0.035836,-0.010156,-0.010053,-0.1734021958,0.0430565867,0.149803
-0.029826,-0.016567,-0.016943,0.1582105074,0.2336106371,0.141508
-0.039129,-0.019153,-0.022527,0.4718149223,0.0432834172,-0.196997
-0.027650,-0.018894,-0.015420,0.1598307401,0.5177349625,-0.044468
-0.033847,-0.013751,-0.022484,0.1716113152,0.3446935172,-0.446853
-0.023695,-0.017191,-0.027483,1.0835605568,-1.1195240626,-0.408786
-0.031829,-0.011692,-0.016434,0.1292260156,0.0146000246,-0.777332
-0.046160,-0.033488,-0.004943,0.3266234820,-0.8671255343,-0.612869
-0.045070,-0.020460,-0.016096,-0.9956377615,-0.1249271889,-0.812277
-0.047151,-0.027455,0.017581,-1.7396512676,0.6432636171,-0.369394
-0.032964,-0.011390,-0.006456,-1.5122069420,0.3335727448,0.196486
-0.044624,-0.024671,-0.002967,-0.5071169250,-0.0568222795,-0.289027
-0.036470,-0.013508,-0.031297,-0.2813477062,0.1089954783,0.095098
-0.046747,-0.021983,-0.020048,0.0171913157,0.3888042322,-0.388993
-0.034238,-0.016173,-0.018929,0.2272236082,0.4300788340,-0.482881
-0.050319,-0.015480,-0.007595,-0.2578183705,0.9639834832,-0.376303
-0.030837,-0.006326,-0.017711,0.1548254714,0.4000035828,-0.156088
-0.039004,-0.011394,-0.015348,0.8804609824,-0.4230828444,-0.365212
-0.038141,-0.021257,-0.009466,0.0640877120,-0.4035688266,-0.459782
-0.042575,-0.020394,-0.011839,-0.0695989400,-0.6952689002,-1.030172
-0.042359,-0.034233,0.006733,-0.5909516818,-0.5732443378,-0.495827
-0.047410,-0.014975,0.012612,-2.3294174676,0.9834465941,-0.486301
-0.045677,-0.028712,0.003976,-0.4902243912,-0.1968115527,-0.206056
-0.033339,-0.009004,-0.026410,-0.4182403032,-0.4865594549,-0.476628
-0.047998,-0.008581,-0.002796,-0.1663267165,0.0268656764,0.145059
-0.038489,-0.008755,-0.005126,-0.2244972839,0.4760652980,-0.162617
-0.036989,-0.005853,0.009359,-0.3390372516,0.3884962546,-0.233225
-0.032945,-0.021346,-0.014475,0.4013733648,-0.2337029393,-0.152628
-0.027259,-0.005055,-0.020639,1.1146470754,-0.4274026329,-0.207054
-0.047466,-0.025948,-0.015735,0.3061754867,-0.0844545010,-0.713594
-0.036106,-0.015625,-0.039474,0.1901782590,-0.0104755928,-0.774644
-0.050886,-0.024290,0.003017,0.0329279499,-0.0790011178,-0.582989
-0.042372,-0.024149,-0.003938,0.0871087715,-0.4247431820,-1.408614
-0.043557,-0.019649,0.015816,-0.9162313857,0.2632886886,-0.761829
-0.037209,-0.024822,0.000910,-0.8496394690,0.1732532716,0.115797
-0.028300,-0.010645,-0.007660,0.0568216775,-0.5833279677,-0.084209
-0.032879,-0.022278,-0.006095,-0.3266035501,-0.2210099428,-0.391767
-0.033263,-0.013278,-0.027158,-0.2067913380,-0.4353271040,-0.083523
-0.041417,-0.023132,0.000024,-0.3272803570,0.2277417933,-0.575685
-0.029117,-0.010022,-0.018735,0.4856260422,-0.3598070215,-0.223903
-0.036608,-0.006316,-0.006508,-0.7990967595,0.5787398124,-0.481643
-0.026659,-0.017030,-0.018240,-0.2737712783,0.1306262364,-0.718770
-0.025901,-0.003834,-0.037278,0.9932908845,-0.1884557214,0.283913
-0.031533,-0.025653,-0.049213,1.1814783110,-0.8872755373,-0.579076
-0.024952,-0.014187,-0.029922,0.6299504111,-0.0906938817,-0.550535
-0.039920,-0.025663,-0.007332,0.2597371319,0.2488119091,-0.497120
-0.032672,-0.018398,-0.016828,-0.2124074280,-0.1071484573,-0.887333
-0.045874,-0.020759,0.005318,-1.4771728204,0.5605556235,-0.978358
-0.026964,-0.013770,-0.002231,-0.5783309740,-0.0100326306,-0.434301
-0.034914,-0.009408,0.008250,-1.3915062325,0.4174925062,-0.543672
-0.026111,-0.015782,0.002200,-0.1782541759,-0.2457732893,-0.204103
-0.017409,-0.005873,-0.016083,-0.0256543525,-0.6704466419,-0.160473
-0.025228,-0.026184,-0.015850,-0.2446050054,-0.2473662971,-0.300761
-0.023672,-0.009746,-0.022763,-0.2212480742,0.1582990944,-0.130649
-0.035899,-0.027832,-0.002464,-0.2575768794,0.7867037580,-0.438459
-0.020343,-0.010146,-0.025832,0.9269384761,-0.4390774640,-0.410985
-0.037737,-0.025351,-0.003672,-0.5536390298,0.5463390714,-0.329725
-0.019923,-0.024320,-0.011504,0.4192900144,-0.2656203920,-0.611056
-0.026895,-0.014223,-0.021145,0.1310871109,-0.0273104638,-0.550821
-0.024315,-0.026578,-0.021985,0.0568446842,0.0680518812,-0.650219
-0.023678,-0.015215,-0.017580,-0.0654355754,0.0727262588,-0.506206
-0.025395,-0.022423,-0.009039,-0.2021306751,-0.1621645991,-0.569127
-0.030558,-0.014384,-0.014380,-0.3627604492,-0.4107775290,-1.048173
-0.037629,-0.031568,0.000096,-0.6503707949,-0.6996972605,-0.904041
-0.034382,-0.026825,0.019899,-1.6793747012,0.3664376925,-1.013937
-0.039907,-0.020634,0.012343,-1.9464989345,0.5473909486,-0.425202
-0.014875,-0.005144,-0.014741,-0.2562263579,-0.3216150702,-0.309492
-0.042749,-0.021661,0.022055,-2.9413417251,2.2379826897,-0.077762
-0.018298,-0.007468,-0.017685,0.0489071140,0.2029576063,0.373298
-0.035603,-0.013330,-0.004027,-0.3670546625,0.4474306753,-0.236025
-0.023603,-0.018316,-0.009453,0.1982088088,0.5200697273,-0.208032
-0.031710,-0.016961,-0.026735,0.1516822713,0.5992594006,-0.251787
-0.023311,-0.019232,-0.029183,0.4228759467,0.0775266249,-0.606894
-0.028254,-0.013045,-0.018561,-0.2302809369,0.3980997173,-0.116826
-0.030926,-0.020598,-0.013090,0.0192221340,-0.2635142872,-0.912801
-0.032797,-0.018504,-0.004795,-0.0045371525,-0.4723145787,-0.885337
-0.038761,-0.030816,0.006447,-1.2839351596,-0.1049789300,-0.799685
-0.024660,-0.015769,-0.009272,-0.0444154230,-0.7137657692,-0.503682
-0.041407,-0.034338,-0.006210,0.1794165986,-1.2570893354,-0.846247
-0.032764,-0.025666,-0.012863,-1.5390281401,0.3250690671,-0.475177
-0.046458,-0.028003,0.017348,-1.5494481197,0.9333491331,-0.082486
-0.021499,-0.017870,-0.007322,-0.2029934436,0.2371070420,0.330987
-0.041515,-0.019807,-0.006459,-0.3299793081,0.6841850729,0.050407
-0.026541,-0.030445,-0.019444,0.4883298727,0.1721601503,0.275727
-0.034674,-0.017289,-0.014833,-0.0716237333,0.4920200548,-0.364024
-0.028274,-0.026693,-0.012141,0.3253622953,0.3831560263,-0.347112
-0.033076,-0.019826,-0.021273,0.6014564475,-0.0224568744,-0.498732
-0.020439,-0.019912,-0.013933,1.4282719473,-0.7479884202,-0.232496
-0.029692,-0.022781,-0.016221,0.0835194655,-0.4322260423,-0.925048
-0.034126,-0.029959,-0.018282,0.2908509580,-0.5584333634,-0.501574
-0.030841,-0.029917,-0.017107,-0.0248173584,-1.1185449256,-0.880811
-0.044929,-0.030120,0.023949,-1.1936923317,-0.0543157671,-0.646697
-0.041554,-0.027189,0.014224,-1.7682313294,0.9907014979,-0.665023
-0.024463,-0.013583,0.011683,-0.7879403588,0.1933432653,-0.242928
-0.024528,-0.020247,-0.016874,-0.0616267893,-0.0269687301,-0.017559
-0.027023,-0.006332,-0.014094,-0.1201518134,0.1654869546,-0.341907
-0.033102,-0.030649,-0.021647,0.4386921984,-0.2698028235,-0.239760
-0.033266,-0.018812,-0.041397,0.0062377528,0.1319801048,-0.814624
-0.041994,-0.026145,-0.019563,-0.0578634214,0.4382316143,-0.839104
-0.028658,-0.023631,-0.031698,0.9124963400,-0.9518879774,-0.633253
-0.042933,-0.032772,-0.007611,0.2208828885,-0.0599156145,-0.746342
-0.025625,-0.022456,-0.008324,0.2536992951,-0.5258779310,-0.949105
-0.040694,-0.022856,0.007672,-0.3611626807,-0.1817841128,-0.510805
-0.034445,-0.022735,-0.001972,-0.6226859416,0.0732403120,-0.198553
-0.031996,-0.017844,0.000769,-0.7025250999,-0.1347771665,-0.530998
-0.028300,-0.027711,0.006753,-0.5924375196,-0.0996878842,-0.235769
-0.025477,-0.016288,-0.006551,-0.6581133720,-0.1038217974,-0.314823
-0.024233,-0.025160,-0.008750,-0.1982859329,-0.7126073102,-0.182150
-0.022346,-0.014611,-0.025005,-0.4881916697,-0.4878507758,-0.045693
-0.034648,-0.027284,-0.000994,-0.0764434312,-0.0444459068,-0.256635
-0.024246,-0.013783,-0.030145,-0.0231272842,-0.1990696314,-0.206585
-0.038390,-0.021254,-0.004142,-0.3490781475,0.4268409127,-0.321483
-0.021200,-0.012418,-0.057094,1.0048786841,-0.5445190637,0.207613
-0.038449,-0.020742,-0.017649,0.6884135698,0.0892412795,-0.080556
-0.033040,-0.016114,-0.056047,0.1704239986,-0.2298269756,-0.501253
-0.049317,-0.025410,-0.004595,0.0545880479,0.6332192724,-0.502933
-0.029688,-0.023742,-0.035594,-0.0130360010,-0.1607470161,-0.910678
-0.051897,-0.017197,0.000099,-0.5183328063,0.1302772443,-0.785440
-0.029931,-0.016324,0.002870,-0.1606370112,-0.6426514649,-0.662985
-0.044699,-0.022918,0.006923,0.3440109788,-0.9069855064,-0.648920
-0.028280,-0.011561,0.012494,-0.3859776664,0.1168970711,-0.387752
-0.030269,-0.022236,0.009704,-0.5863543330,-0.2238234960,-0.458948
-0.035098,-0.016377,0.009569,-1.4078652271,0.7211238964,-0.012668
-0.031238,-0.008545,0.003457,-0.9179576663,0.3264786828,-0.166122
-0.024135,-0.012723,-0.015788,-0.2260892366,-0.1380460448,0.232547
-0.031379,-0.009733,-0.015542,0.1324681637,0.0316975900,-0.051293
-0.026029,-0.016058,-0.022582,0.4432793735,-0.0443436031,-0.136157
-0.029180,-0.009168,-0.011422,-0.2141828933,0.3770483467,-0.069067
-0.041151,-0.021602,-0.014829,0.1047812316,0.4317164168,-0.385760
-0.026048,-0.013829,-0.032111,0.6705175545,-0.6272215282,-0.079932
-0.041719,-0.017896,-0.005917,0.3401059208,-0.1162332652,-0.821071
-0.048520,-0.025045,-0.011849,0.1041918845,0.0714656377,-1.219283
-0.046747,-0.018904,-0.015030,-0.0183187980,-0.4307270888,-1.118650
-0.034645,-0.016560,-0.011117,-0.1273863529,-0.4342376354,-0.218674
-0.028156,-0.017122,0.005821,-0.0715037321,-0.2701180969,-0.513470
-0.027913,-0.014368,-0.006702,-0.3542138489,-0.3396263831,0.339265
-0.042483,-0.020621,0.001875,-0.6680918079,0.0783890446,-0.578186
-0.031592,-0.023667,-0.001348,-0.5284730785,-0.2851642223,0.121968
-0.023816,-0.009848,-0.021749,-0.3765341598,-0.4969402955,0.192934
-0.043055,-0.017706,-0.002392,-0.4726295342,0.3031236335,-0.136275
-0.032689,-0.012385,-0.022684,-0.8085025617,0.2086604851,-0.360466
-0.042638,-0.018632,-0.003587,-0.7175569320,0.7733889365,-0.416641
-0.031911,-0.011663,-0.036792,1.0392931964,-0.0835813798,-0.151535
-0.036700,-0.014515,-0.024706,0.9731563557,-0.2986877483,-0.076489
-0.030782,-0.012648,-0.027857,0.5419764259,0.0873667062,-0.168886
-0.037763,-0.024156,-0.028002,0.1951352169,0.0754301101,-0.581577
-0.039365,-0.026880,-0.018558,-0.0030094830,0.2787594226,-0.309122
-0.038144,-0.026454,-0.017816,0.3019647482,-0.4648817140,-0.969919
-0.033736,-0.036442,-0.015958,-0.0406526299,-0.9222624204,-0.999704
-0.036959,-0.021993,-0.014639,-0.6175971084,-0.3896195704,-0.809329
-0.050548,-0.031600,0.014273,-0.3633830871,-0.4069839694,-0.880683
-0.028228,-0.026037,-0.001168,-0.2074499185,-0.6719837989,-0.405527
-0.036792,-0.023184,0.015543,-0.3702824084,-0.1558739446,-0.544459
-0.026163,-0.009687,-0.008737,-0.9231570768,0.5526010396,0.051024
-0.029022,-0.004835,-0.011209,-0.6173894415,0.4184181193,0.312641
-0.029810,-0.019239,-0.021322,-0.0142640067,0.0002240157,-0.026415
-0.029452,-0.015224,-0.039740,0.0889413716,0.0386689745,-0.134299
-0.042956,-0.023470,-0.020620,0.4807550701,0.2452162073,-0.577816
-0.026728,-0.015628,-0.034501,-0.1311477063,0.2112315093,-0.613702
-0.044397,-0.017407,0.003273,-0.1911598950,0.6085213496,-0.464191
-0.038006,-0.017479,-0.014829,0.1886082466,-0.1177149341,-0.630430
-0.038991,-0.019524,-0.007007,-0.3329676434,-0.1697388756,-0.759226
-0.029892,-0.018641,-0.002980,-0.5476177399,0.1631382513,-0.380623
-0.030693,-0.024271,-0.007070,0.4288937663,-0.5786942057,-0.490489
-0.028976,-0.028994,-0.006590,-0.4468533198,-0.3839706534,-0.226335
-0.030772,-0.012782,0.006205,-0.5296539814,-0.0040276062,-0.161287
-0.029347,-0.033261,-0.011865,-0.1534876707,-0.7485544440,-0.505480
-0.028645,-0.008512,-0.007158,-0.0754287308,-0.4122703942,-0.049596
-0.033870,-0.015221,0.004104,-0.2944084488,0.2624556086,-0.288344
-0.027716,-0.011551,-0.023232,-0.3379298667,0.5278043015,0.098859
-0.032039,-0.009500,0.000086,-0.0669112887,0.3305522484,-0.142357
-0.020596,-0.012520,-0.018719,-0.1479670855,0.4985194901,-0.266437
-0.037077,-0.013787,-0.004782,-0.2979620236,0.6468586364,-0.397807
-0.020514,-0.016872,-0.034176,1.0934053173,-0.3163344371,-0.197558
-0.029107,-0.011039,-0.025986,0.8701726264,-0.4319287997,-0.837466
-0.031067,-0.030599,-0.013733,0.1334134074,-0.4794752000,-0.545490
-0.028005,-0.009825,-0.007726,-0.2340337401,0.2992716714,-0.621495
-0.033982,-0.026808,-0.015125,0.0058564297,-0.5826563662,-0.605437
-0.037172,-0.027589,-0.015538,-0.5568794775,-0.8293235488,-0.900463
-0.055459,-0.025433,0.014519,-0.9124830665,-0.2176350323,-0.803831
-0.048536,-0.010816,0.019039,-3.9861898862,2.3014485885,-0.819968
-0.037786,-0.009749,0.007104,-1.2643100464,0.5752787632,-0.386935
-0.020767,-0.011397,-0.003777,-0.9594187651,0.5510639532,-0.058074
-0.022543,-0.003069,-0.020190,0.1719805002,-0.0408270357,0.067755
-0.029039,-0.017046,-0.023475,-0.0166662419,-0.0203687778,-0.285048
-0.028691,-0.008945,-0.021237,0.1901208888,0.2185450390,-0.536572
-0.034333,-0.022528,-0.028977,0.5785247357,0.2657862357,-0.288475
-0.027056,-0.006083,-0.023948,-0.1084010634,0.4558798506,-0.427598
-0.048175,-0.020174,-0.004647,0.1109013910,0.5865928439,-0.943863
-0.027269,-0.016580,-0.020790,0.1221638314,-0.2698580373,-0.985823
-0.035764,-0.014509,0.001005,-0.1619307450,-0.0870362777,-0.819393
-0.023435,-0.016629,0.005492,0.0751731424,-0.6958462980,-0.772704
-0.031340,-0.012241,-0.000252,-0.3801469304,-0.2875937977,-0.527345
-0.028897,-0.029080,0.014910,-0.7210362044,-0.3184293401,-0.782141
-0.023862,-0.012871,-0.007381,-0.2299152643,-0.3134889192,-0.342737
-0.029872,-0.020066,-0.001900,-1.3904126601,0.7166306292,-0.389016
-0.022726,-0.006240,-0.030053,-0.5269770955,0.0705308961,-0.485766
-0.042874,-0.014706,-0.010542,-0.8829639406,0.8248475936,-0.122512
-0.024062,-0.018572,-0.024769,0.2667348772,0.2805143594,-0.468520
-0.029104,-0.018996,-0.010825,0.0693731964,0.4142539009,-0.581912
-0.021528,-0.020319,-0.016251,0.1045079672,0.4884291090,-0.472623
-0.022136,-0.010074,-0.018312,0.0897007614,-0.0455037237,-0.325219
-0.023281,-0.033422,-0.029485,0.2222616433,-0.2551955412,-0.786394
-0.015630,-0.008650,-0.028025,0.9588201328,-0.6726928146,-0.045476
-0.023652,-0.023903,-0.019261,0.2660738838,-0.1351045147,-0.625279
-0.024039,-0.016990,-0.019277,0.0864668384,-0.0074090427,-0.584170
-0.023258,-0.034414,-0.010887,-0.1553085728,-0.2609123389,-0.758553
-0.019628,-0.022272,0.002072,-0.3217012099,-0.5756348404,-0.812339
-0.036457,-0.025561,-0.001132,-0.5028577809,-0.6123632254,-0.531247
-0.031871,-0.019045,-0.011747,-1.0080315141,-0.5946317980,-0.677034
-0.031973,-0.016409,0.008213,-0.1342513465,-0.5436241532,-0.368153
-0.028402,-0.007235,-0.013382,-1.0977132749,0.0449428357,-0.186890
-0.035758,-0.013238,0.015428,-1.6348670444,1.2305892155,-0.059837
-0.016175,-0.011843,-0.005356,-0.1389297964,0.2706605339,0.576175
-0.025201,-0.006496,-0.016828,0.0471842897,0.0543515871,0.171060
-0.014977,-0.016199,-0.036858,0.3131157119,0.3346543217,0.127985
-0.025937,-0.009093,-0.023223,0.3877045800,0.3405520308,-0.312430
-0.021144,-0.019203,-0.022914,0.3160151807,0.5032143489,-0.181395
-0.024466,-0.017975,-0.018099,0.1943063629,-0.1055075071,-0.910691
-0.031116,-0.031413,-0.019871,0.0910712584,-0.0580059534,-0.981069
-0.029498,-0.021832,-0.014068,-0.0757952538,-0.4224372305,-1.244567
-0.032429,-0.026414,-0.012361,-0.0017763477,-0.7507087244,-0.830097
-0.027732,-0.023112,0.005866,-0.4571261475,-0.4842917129,-0.595068
-0.038426,-0.036593,-0.007477,-1.3718363454,0.2732277502,-0.629937
-0.036033,-0.010074,-0.007532,-1.4909724136,0.5989480269,-0.623898
-0.038801,-0.027383,0.020467,-1.2367300430,0.4889487302,-0.118139
-0.020590,-0.009250,-0.032669,-0.3833007765,-0.2607644195,0.026518
-0.047450,-0.025059,0.002784,-0.4418595581,0.5171727955,-0.377327
-0.027939,-0.016902,-0.025658,0.1088325325,-0.0510265242,-0.620451
-0.035252,-0.019787,-0.013674,-0.1445833987,0.5117202075,-0.132920
-0.027742,-0.019620,-0.021302,0.1063842254,0.5277268834,-0.534119
-0.042339,-0.018405,-0.008770,0.0476577094,0.4699355741,-0.391199
-0.024361,-0.013931,-0.028675,0.9311485926,-0.4437933282,-0.198064
-0.042467,-0.021668,-0.015289,0.6194384409,-0.6469131483,-0.575524
-0.033115,-0.012201,-0.010575,0.3753313217,-0.4207470812,-0.622499
-0.049761,-0.023385,-0.003305,-0.2378134218,-0.4224729292,-0.844113
-0.030512,-0.029992,0.016948,-0.6251724960,-0.2651605265,-0.857138
-0.042277,-0.025564,0.015264,-1.3764190663,0.4993462447,-0.260981
-0.029163,-0.025669,-0.001565,-0.5579049477,-0.1903957152,0.002418
-0.028750,-0.018651,-0.002930,-0.4589369555,0.0718598756,-0.146070
-0.029547,-0.022987,-0.019129,-0.1969774783,-0.1528330004,0.397676
-0.022726,-0.017886,-0.020702,0.2027848793,0.1710037139,-0.371750
-0.035019,-0.030419,-0.023587,0.0567129062,0.1341156349,-0.343384
-0.029551,-0.008922,-0.024319,0.0231248033,0.4567413342,-0.518646
-0.021564,-0.031998,-0.032509,1.3045549324,-1.2608965758,-0.084701
-0.020639,-0.011761,-0.031517,1.0752285492,-1.1110035230,-0.431717
-0.029702,-0.030576,-0.011590,-0.0256729597,-0.4718308705,-0.592406
-0.026774,-0.031998,-0.007483,0.1719287284,-1.2566587071,-0.668532
-0.044729,-0.033133,0.005102,-0.6290116872,0.0077697993,-0.830061
-0.037081,-0.017548,-0.008245,-1.1985273661,0.0960557077,-0.722617
-0.042539,-0.027996,0.003933,-0.4539291594,-0.4063303672,-0.583481
-0.025215,-0.011299,-0.015276,-0.7260541245,-0.2483806327,-0.287411
-0.038948,-0.019866,0.001737,-0.8388521595,0.4878414397,-0.284917
-0.028074,-0.011850,-0.032574,0.1266587181,0.1124593349,-0.354744
-0.036299,-0.005971,-0.015204,0.3305341540,0.3572619483,-0.417157
-0.019195,-0.011633,-0.013428,0.3529629489,0.4834217607,-0.373014
-0.026606,-0.003342,-0.016963,0.2366715674,0.2914131794,-0.831532
-0.017340,-0.009204,-0.029476,0.9526234776,-0.1923797363,-0.229046
-0.028293,-0.006506,-0.021063,-0.0512391883,0.0419671225,-0.715143
-0.027053,-0.015287,-0.046360,0.8748059128,-0.5169917123,-0.750383
-0.026419,-0.001514,-0.034606,1.1909371457,-0.2541883551,-1.391480
-0.033096,-0.034587,-0.025973,0.0163023559,-0.2573794914,-0.810859
-0.030873,-0.019948,-0.005307,0.3333014318,-0.3762449860,-0.827895
-0.030670,-0.033248,-0.003446,-0.3678690957,-0.3635279644,-0.623362
-0.025855,-0.015116,-0.011363,-0.3725624930,-0.5324771669,-0.787875
-0.046751,-0.023913,0.015950,-0.4766746692,-0.3010427457,-0.497235
-0.026088,-0.011627,-0.005399,-0.6965902060,-0.2843056288,-0.748634
-0.043806,-0.029162,0.015491,-1.7432066477,0.5561815181,-0.326495
-0.021249,-0.032001,-0.019861,-1.4287629390,0.1468899976,0.367048
-0.027115,-0.027025,0.010528,-0.4240141262,0.3953579902,0.179782
-0.020514,-0.014542,-0.028904,-0.2506946098,0.2074041987,-0.200043
-0.040763,-0.024757,-0.018923,1.1508267042,-0.4953276777,-0.200890
-0.025287,-0.022702,-0.043360,0.5399032521,-0.3819941362,-0.139931
-0.040980,-0.038139,-0.013996,0.1314619696,0.5872068106,-0.492945
-0.025707,-0.029185,-0.010959,0.1062431722,0.2520265722,-0.183250
-0.033296,-0.032559,-0.004772,-0.9524168224,0.5661316736,0.101847
-0.026498,-0.029454,0.003503,-0.3005010999,0.2154608273,0.233975
-0.018722,-0.022974,-0.009417,-0.4431588939,0.0886722799,-0.051233
-0.022914,-0.034285,-0.007404,-0.0903967041,-0.7101796844,-0.372692
-0.024739,-0.034591,0.004268,-0.5931034015,-0.4130852255,-0.460993
-0.030663,-0.031981,0.011758,-1.6649587769,0.2181788059,-0.261322
-0.018673,-0.016298,-0.004037,0.1856471755,-0.8146176598,-0.342169
-0.025411,-0.016836,-0.013533,-0.1199940161,-0.3435557325,0.269730
-0.018719,-0.010908,-0.007690,0.0862858472,-0.2630245286,0.388453
-0.035013,-0.033823,-0.008586,-0.1226726722,0.0221486991,-0.006064
-0.021364,-0.014525,-0.032912,0.0028102127,-0.1690205688,0.188595
-0.044834,-0.023910,-0.018273,-0.0995320021,0.4257935153,-0.215910
-0.032278,-0.016212,-0.026393,0.2689933736,0.3517821900,-0.294735
-0.041715,-0.023312,-0.024470,0.3598449929,0.2931698105,-0.508448
-0.033943,-0.032365,-0.018742,0.1646629841,0.1134106546,-0.554625
-0.029482,-0.016485,-0.018581,0.1349173285,0.4469976678,-0.679003
-0.028277,-0.030192,-0.021962,0.1523542953,-0.5594006198,-0.857013
-0.028517,-0.022259,0.006014,-0.4781690644,-0.4690191142,-0.454790
-0.032557,-0.021937,0.001386,-0.8640800016,-0.4188664646,0.000573
-0.039306,-0.026119,0.002532,-0.5198287844,-0.3963158659,-1.021339
-0.029416,-0.031476,0.008696,-1.0008561015,0.1019023811,-0.368225
-0.037776,-0.018228,0.008699,-1.7901939895,1.0194250548,-0.249440
-0.024827,-0.025400,-0.009239,-0.9174798806,0.3742522319,-0.008739
-0.027755,-0.011683,-0.001033,-0.5052224865,0.1032489842,-0.119334
-0.019408,-0.023279,-0.023948,-0.0044309052,-0.0241165529,0.277552
-0.027755,-0.010655,-0.038141,0.6522517500,0.3572471704,-0.000165
-0.026948,-0.030150,-0.029912,0.3203049334,0.0207344186,-0.033278
-0.034799,-0.020847,-0.005832,-0.1097108334,0.0251752623,-0.306029
-0.032633,-0.036445,-0.017163,-0.0578257994,0.2022687775,-0.263709
-0.017340,-0.010337,-0.027742,1.5274635032,-1.1316836057,-0.324454
-0.037681,-0.034420,-0.017633,0.3705069619,-0.5498851175,-0.906772
-0.028966,-0.025538,-0.039224,0.3136409889,-0.2743458719,-0.773107
-0.039949,-0.023785,-0.006600,-0.1609280992,-0.3039956441,-0.580789
-0.025572,-0.010179,-0.014783,-0.7273138783,0.1446354098,-0.135477
-0.042526,-0.020818,0.021694,-1.4022127568,0.5507602621,-0.205439
-0.025845,-0.007179,0.002591,-0.4179381788,-0.0747921601,0.032580
-0.039053,-0.010767,0.011686,-0.7231203915,0.3697607419,0.284819
-0.028333,-0.010783,-0.005950,-0.1929725049,0.1218258171,-0.240978
-0.037356,-0.006693,-0.004322,-0.3808910379,0.5394593702,0.033736
-0.026852,-0.008203,-0.014081,0.2223081233,0.0571229645,0.001095
-0.037021,-0.014414,-0.020771,-0.1257295339,0.5668260594,-0.376878
-0.036198,-0.032887,-0.021736,0.3638073838,0.5742548728,-0.961618
-0.011031,0.016146,-0.025658,-0.0724201973,0.5674765388,0.741515
-0.025684,-0.023972,-0.010716,0.5670719339,-0.2668985990,-0.690344
-0.025471,-0.003513,-0.009502,-0.5418684121,-0.1975436208,-0.226105
-0.012935,-0.004028,0.002361,-0.0330658846,-0.5651797921,0.101256
-0.024939,-0.016833,-0.001887,-0.1729355076,-0.5474010856,-0.787160
-0.034540,-0.031965,0.004859,-0.4993072252,-0.4074734827,-0.562972
-0.044105,-0.021553,0.008118,-1.2696770506,0.2926548392,-0.882987
-0.035928,-0.022318,0.010708,-1.5535796742,0.6933570707,-0.038786
-0.030214,0.006880,0.007350,-1.4607107762,0.8315407204,0.504487
-0.028523,-0.013081,-0.009226,-0.0206310937,-0.0910221026,0.363621
-0.024712,-0.010741,-0.020130,0.1853262788,-0.1821414692,0.075137
-0.022956,-0.017410,-0.018250,0.3444543836,0.1019124933,0.002152
-0.024190,-0.000660,-0.010424,0.1543492824,0.3296627992,-0.004331
-0.027401,-0.003966,-0.021552,0.3814449012,0.5733579491,0.432959
-0.030197,-0.014059,-0.009830,0.4096195506,0.0392958735,-0.362635
-0.018981,-0.005906,-0.015184,0.0760048953,-0.2213196597,0.007864
-0.013729,0.004011,-0.012387,-0.1106049546,-0.3219034009,-0.077070
-0.038695,-0.025745,-0.005202,-1.1218801957,-0.0590454990,-0.760050
-0.037799,-0.016534,0.005670,-0.3330870199,-0.5281236417,-1.106646
-0.025572,-0.029562,0.000342,-0.7871578238,-0.3430893445,-0.138582
-0.034862,-0.016419,0.007242,-1.9127716727,0.9105042796,-0.395427
-0.036457,-0.030107,-0.005658,-1.1053966048,0.4662049180,-0.220981
-0.029475,-0.001402,-0.003945,-0.6896706682,0.5976433622,0.130292
-0.040560,-0.025521,-0.022326,-0.0049803684,0.0304577488,-0.172076
-0.030204,-0.009024,-0.036786,0.0992547859,0.1451523321,-0.114529
-0.041715,-0.025853,-0.006341,-0.0460615631,0.3337890324,-0.468527
-0.033598,-0.017535,-0.034944,-0.1474705795,0.1873054636,-0.604413
-0.032810,-0.015733,-0.021594,0.5897179020,0.0658133684,-0.400091
-0.028461,-0.013760,-0.038742,0.4105654483,-0.4973857837,-0.348370
-0.044512,-0.028476,-0.017728,0.0295271572,-0.0824774635,-0.548897
-0.042480,-0.021487,-0.029351,-0.1589098055,-0.4514718570,-1.016307
-0.043025,-0.034985,0.004402,-0.7593121806,0.1075027244,-1.413390
-0.047266,-0.034276,-0.025734,-1.5871574365,0.1535586804,-1.459807
-0.053079,-0.034988,0.007577,-0.8189804279,-0.0267657115,-0.694175
-0.032163,-0.022449,-0.007158,-0.1878613338,-0.4912053749,-0.161553
-0.038170,-0.020214,-0.000659,-0.7204602849,-0.1156858183,-0.590732
-0.037964,-0.015024,-0.006295,-0.6259278387,0.3297211815,-0.474501
-0.038718,-0.009844,-0.011396,-0.0758193455,0.3010150414,-0.490588
-0.029101,-0.018225,-0.009256,0.2435195942,0.3513883098,-0.387408
-0.052429,-0.033429,-0.026682,0.1904582783,0.3737914147,-1.351007
-0.037146,-0.029582,-0.022172,0.2718491531,0.2160045452,-0.609369
-0.026235,-0.010547,-0.019599,0.5022977736,-0.2820747356,-0.261848
-0.044880,-0.046303,-0.026915,0.3510097518,-0.2633812760,-1.190972
-0.049728,-0.041097,-0.015542,-0.0296993647,-0.4777808086,-1.784621
-0.038676,-0.036334,-0.006114,-0.3538730026,-0.5594980200,-0.536778
-0.043508,-0.030294,0.001248,-0.4795080681,-0.0912663365,-0.918319
-0.042444,-0.035047,0.007055,-0.4114671292,-0.4129479734,-0.468356
-0.038249,-0.008298,0.004957,-0.6261837118,-0.1412720037,-0.437189
-0.036857,-0.019810,-0.008511,-0.5839863785,-0.2139380784,0.151726
-0.034661,-0.006995,-0.011422,-0.1028347332,-0.3178389828,-0.081872
-0.034681,-0.015093,-0.005990,-0.4748945084,-0.1311194167,0.288935
-0.036749,-0.017716,-0.003676,-0.7203206224,0.3087060842,-0.492406
-0.033253,-0.022505,-0.008422,-0.4323105089,0.0407762339,-0.164602
-0.028471,-0.012523,-0.014344,-0.0776519013,0.3625389616,-0.245452
-0.030519,-0.029654,-0.033231,0.6371983777,-0.2677660353,-0.287753
-0.037655,-0.009480,-0.029590,0.8880550543,-0.1173655261,-0.344116
-0.039263,-0.022836,-0.036159,0.6212031022,-0.2942506652,-0.157191
-0.038029,-0.013931,-0.014760,0.2437325658,0.0044371875,-0.441345
-0.041200,-0.026785,-0.013684,-0.1023162835,-0.0056290015,-0.391934
-0.038866,-0.020312,-0.018893,0.1216889351,-0.2339705817,-0.749888
-0.039204,-0.024950,0.003076,-0.1310883621,-0.4534657035,-0.311147
-0.047558,-0.020617,-0.012072,-0.3448156711,-0.8238882616,-0.763382
-0.046603,-0.035805,-0.006869,-0.6198545371,-0.5545515516,-0.592485
-0.044269,-0.017509,-0.012876,-0.6172830316,-0.5192035733,-0.094414
-0.048802,-0.018920,0.012710,-0.3013542667,-0.2735969010,-0.119417
-0.044082,-0.003657,0.003667,-0.6362533874,0.5169048065,0.115114
-0.043462,-0.014926,0.006185,-0.7647227472,0.5255173481,-0.124094
-0.035006,-0.029204,-0.027772,0.3902132839,-0.0761347665,-0.395830
-0.059697,-0.010307,-0.014110,-2.7863069971,2.6995507156,-0.368623
-0.045897,-0.032214,-0.029594,0.4499105050,0.0597658536,-0.424122
-0.037405,-0.011479,-0.017472,0.1457113070,0.2789113869,-0.581994
-0.051238,-0.022698,-0.016477,0.2299299499,0.2622163554,-0.539556
-0.042090,-0.016715,-0.027322,-0.1645880410,0.0014191506,-0.675370
-0.053752,-0.024261,0.003309,-0.2826885701,-0.1295189661,-0.834739
-0.032439,-0.009103,-0.022044,-0.4822898659,-0.3154365517,-0.312115
-0.058397,-0.021116,0.016876,-0.4090950051,-0.4003433340,-0.675931
-0.039874,-0.014453,0.001228,-0.7150062314,-0.1361171206,-0.465386
-0.052728,-0.018139,0.014394,-0.4751077763,-0.2878508076,-0.294190
-0.030673,-0.018806,0.006526,-0.4487288867,-0.2814912306,-0.089526
-0.050430,-0.021740,0.013190,-1.2913673724,0.6872900998,-0.530033
-0.039890,-0.013353,0.008135,-1.2579755017,0.9897605164,0.392917
-0.034786,-0.004287,0.001064,-0.5206789984,0.3328095203,0.164432
-0.044141,-0.010445,-0.016208,0.0078262679,0.1264614936,0.334669
-0.042030,-0.011499,-0.026784,0.0862065442,0.3223401146,-0.256616
-0.037353,-0.022515,-0.027821,0.6645660619,0.0735901843,-0.367290
-0.043944,-0.004593,-0.020255,-0.3886994212,0.8181188537,-0.200522
-0.039227,-0.018238,-0.018036,0.2452002830,0.3729773481,-0.352965
-0.034563,-0.005466,-0.006581,-0.1705503161,0.0171601872,-0.455863
-0.034917,-0.012792,-0.019838,0.2793680282,-0.4619783812,-0.409528
-0.048454,-0.017686,-0.003636,-0.5879528474,0.0036377959,-0.783523
-0.039421,-0.028072,-0.002740,0.2095774890,-0.6644871409,-0.508402
-0.040264,-0.015828,0.000677,-0.6718524722,-0.2157786170,-0.453076
-0.041023,-0.026529,0.003090,-1.3549810425,0.2888119911,-0.383797
-0.031973,-0.010596,-0.005835,-0.1701539334,-0.3760132577,-0.008549
-0.037097,-0.015585,-0.008166,-0.2615336400,-0.1901955523,-0.013531
-0.033637,-0.006027,-0.024263,-0.0476168967,-0.1792528844,0.068070
-0.048874,-0.014801,-0.012558,0.0799048235,0.3095932141,-0.069862
-0.038121,-0.010494,-0.037800,0.0166118920,-0.0220893590,-0.432239
-0.056890,-0.023726,-0.005274,-0.0820948918,0.8022194763,-0.610023
-0.041157,-0.010790,-0.020472,-0.0418882415,0.5936074375,-0.316077
-0.047437,-0.010435,-0.011258,-0.4392778041,0.7173645246,-0.712291
-0.025516,-0.012894,-0.023685,1.8605880899,-1.1045888963,-0.629153
-0.043547,-0.011942,-0.011412,-0.0328556126,-0.2119535904,-0.666770
-0.043993,-0.020719,-0.010181,0.0613212025,-0.0130245616,-1.017784
-0.041962,-0.016199,-0.003219,-0.3795194500,-0.3983269699,-0.614549
-0.035489,-0.026759,0.007754,-0.5071187180,-0.3977973850,-0.942970
-0.039142,-0.014899,0.015428,-1.6115953588,0.5607949574,-0.461519
-0.033168,-0.020860,0.000831,-1.0296175437,0.0639101020,0.192399
-0.036985,-0.012287,-0.000157,-0.4762394977,-0.2544270066,-0.274082
-0.030178,-0.017742,-0.009866,-0.7564219612,-0.1022152688,0.068146
-0.038492,-0.006542,-0.013001,-0.0622877971,-0.2891856294,-0.112363
-0.032531,-0.019639,-0.021644,-0.3748634610,-0.0392185603,-0.190573
-0.039812,-0.008768,-0.022323,-0.0736409449,0.2345121420,-0.192205
-0.028710,-0.021179,-0.012226,1.3781622967,-0.7695468810,-0.316005
-0.030791,-0.000775,-0.035627,0.6367702375,-0.3099055958,-0.300548
-0.052633,-0.019918,-0.018860,-0.0665251749,-0.0444529830,-0.658170
-0.030466,-0.010905,-0.023524,0.4391116699,-1.0493962775,-0.961592
-0.051966,-0.026825,0.019810,-1.1142567877,0.0491006311,-0.780467
-0.046268,-0.015398,0.015051,-1.8796634034,0.7847814842,-0.242078
-0.059867,-0.021093,0.031243,-2.7559547418,1.8452303638,-0.036962
-0.034566,-0.014351,-0.002047,-0.2821258113,-0.1948962393,0.232609
-0.045832,-0.017259,-0.002061,-0.9125840074,0.4912881330,-0.064035
-0.032833,-0.018405,-0.010536,0.2877497929,-0.1670827389,-0.295158
-0.037763,-0.007399,-0.003360,-0.2142662814,0.5098039143,-0.172562
-0.037665,-0.022393,-0.015653,-0.1010681951,0.3150347511,-0.092326
-0.039693,-0.009943,-0.012699,-0.1961392988,0.5943747691,-0.676890
-0.023055,-0.021875,-0.035538,1.3908027559,-1.0865909635,-0.564810
-0.034848,-0.016308,-0.023810,0.1827553029,-0.1995145300,-0.845029
-0.045185,-0.040020,-0.006154,0.1150412435,-0.6119227213,-0.955368
-0.046974,-0.022505,-0.018900,0.1880117312,-0.3568681291,-1.180796
-0.048723,-0.023818,-0.007313,-0.0759659173,0.0574751716,-0.874249
-0.040041,-0.013862,-0.003626,-0.2775643292,-0.1862195205,-0.538390
-0.053398,-0.034496,0.005765,-0.5046066786,-0.2609804051,-0.707528
-0.035951,-0.008098,-0.015837,-0.6671775350,-0.0994453882,-0.364329
-0.044335,-0.022108,-0.001545,0.0603081849,-0.6770691597,-0.444053
-0.033227,-0.004077,-0.033697,-0.1574438678,-0.2549267783,-0.062575
-0.053598,-0.020686,0.004688,-0.6886767162,0.8048509375,-0.210816
-0.035311,-0.023558,-0.025927,0.6969930311,-0.6867506576,-0.771105
-0.052984,-0.019242,-0.002697,-0.3167003881,0.9295168370,-0.687653
-0.034681,-0.014364,-0.009371,0.0062811890,0.4206613385,-0.272778
-0.042155,-0.018356,-0.029732,0.8897595155,-0.0031913126,-0.531241
-0.040215,-0.021665,-0.027404,1.3766034817,-0.3533288279,-0.764071
-0.047095,-0.027455,-0.009804,-0.0894021270,0.1143269737,-1.122687
-0.035899,-0.031210,-0.006649,-0.0222550571,0.1397771105,-0.649356
-0.038735,-0.013819,0.004061,-0.4301603869,-0.1263436455,-0.651762
-0.031389,-0.013465,0.000175,-0.6747889465,-0.0750307398,-0.107449
-0.035525,-0.015717,0.000683,-0.5794189932,-0.3087871351,-0.526790
-0.026889,-0.009237,-0.012660,0.0772410607,-0.7431485584,-0.004669
-0.040186,-0.009181,0.003283,-0.5084283737,-0.0106957753,-0.465484
-0.036943,-0.024852,-0.002366,-0.1262037944,0.1259546160,-0.383964
-0.030585,-0.008778,-0.008071,-0.1979318760,0.1029299344,-0.464959
-0.038833,-0.013839,-0.014990,-0.0776548725,0.1569878154,-0.452935
-0.019913,0.000157,-0.037081,0.3463271807,0.0967262730,-0.262209
-0.044896,-0.018530,-0.017580,0.7536852396,-0.0902428721,-0.523202
-0.037694,-0.011594,-0.027667,0.1049581932,0.4000909233,-0.630683
-0.060094,-0.022328,-0.004217,0.2078885286,0.7089534938,-1.059773
-0.031041,-0.011075,-0.012538,0.2365769495,0.2706092965,-0.279045
-0.040133,-0.003444,-0.006607,-0.4421963321,0.2334794859,-0.627118
-0.036568,-0.025531,-0.002176,-0.4241356910,-0.2319425661,-1.139799
-0.032994,-0.007655,-0.001224,-0.4949711114,-0.3050031132,-0.048230
-0.024066,-0.001153,-0.019129,0.1943599636,-0.8133906681,0.542684
-0.028861,0.010234,-0.002793,-0.4593027522,0.2725062972,0.511888
-0.033207,-0.012959,-0.007664,-0.4775594818,0.2394407139,0.131861
-0.030315,-0.000614,-0.007841,-0.0526051069,0.3104672822,-0.330041
-0.033933,-0.017076,-0.005812,-0.9154681694,0.7097206179,-0.180850
-0.030463,-0.000230,-0.035453,0.4607108157,0.1521105404,-0.293346
-0.036966,-0.019314,-0.023580,0.5220751251,-0.1972373579,-0.400423
-0.043324,-0.013495,-0.037659,0.2477008797,-0.0231614913,-0.620944
-0.057294,-0.023444,-0.018154,-0.1446124085,0.4130839611,-0.851450
-0.040491,-0.021359,-0.034553,0.1668572443,-0.0235727752,-1.217766
-0.061873,-0.036534,-0.005895,-0.4477484309,0.2393569687,-1.197409
-0.051323,-0.028758,-0.018611,0.1367486764,-0.7945163446,-1.225234
-0.052242,-0.016701,0.006080,-0.5977437516,-0.1624145476,-0.768151
-0.037130,0.009460,-0.000524,-0.5815176641,-0.2884201397,0.188886
-0.048523,-0.010491,0.014178,-0.7043964616,-0.2208604602,-0.167550
-0.027795,-0.006884,0.001475,-0.4797342861,-0.3191821576,0.318661
-0.044043,-0.010806,-0.004007,-0.5357352176,0.5012873836,-0.160299
-0.043803,-0.003470,-0.004614,-0.6507921350,0.7067749570,0.233577
-0.050453,-0.016990,-0.016221,0.1168843488,0.2513596306,-0.388294
-0.025306,-0.005778,-0.012850,0.6232782338,0.1379715682,0.200664
-0.057858,-0.018129,-0.008520,0.0658628667,0.2114898314,-0.604903
-0.043409,-0.024159,-0.010920,0.3466905617,0.0832616674,-0.728174
-0.044929,-0.012943,-0.023068,0.4597567461,0.0880720434,-0.540294
-0.031569,-0.008252,-0.010017,-0.0413260691,0.2051591486,0.253869
-0.034005,0.000052,-0.008996,-0.1341599957,-0.0284899289,-0.301979
-0.043511,-0.024983,-0.010168,-0.0992583162,-0.8599884468,-0.862177
-0.033949,-0.002469,-0.000843,-0.5006188087,-0.3082272119,-0.429042
-0.047351,-0.033567,-0.002934,-1.2766615758,-0.4181427133,-1.266836
-0.050808,-0.019567,0.012533,-1.7550972691,0.5330243577,-1.202782
-0.029994,-0.015769,0.013574,-0.3556013365,-0.1998755821,-0.060070
-0.038387,0.004913,-0.009538,-1.9102838400,1.0553673322,0.333471
-0.053115,-0.018254,-0.002415,-0.8012609419,0.6310813385,0.279357
-0.038469,-0.002997,-0.037957,-0.4176543994,0.0107793601,-0.078045
-0.058239,-0.011551,-0.012180,0.0321162089,0.3471629056,-0.033601
-0.032656,-0.005745,-0.043144,0.5759529541,0.0647977793,-0.176127
-0.057609,-0.027891,-0.011918,-0.2023999140,0.5529190655,-0.720405
-0.026596,0.004339,-0.023964,0.3199856710,0.0987894398,0.387727
-0.062752,-0.037558,-0.004496,-0.2313311083,0.3186067671,-1.563640
-0.029839,-0.002167,-0.012164,0.5419458996,-0.6859301669,-0.336589
-0.053942,-0.032428,-0.003019,-0.0835327419,-0.5951749531,-1.214438
-0.029465,-0.002068,0.002367,-0.0110685649,-0.6419993168,0.908089
-0.043938,-0.016472,0.005174,-0.4714243093,-0.2522568557,-0.530197
-0.047328,-0.017391,0.010534,-2.0093655319,0.9254668078,0.242161
-0.056142,-0.019567,0.012234,-2.1594221508,1.3001871198,-0.808023
-0.047368,-0.017519,0.002095,-0.8905266862,0.2924225340,0.041469
-0.032728,-0.005331,-0.026311,-0.2170223286,-0.2764916995,0.043823
-0.052314,-0.019876,-0.013290,-0.2586332487,0.2008100728,0.075203
-0.043439,-0.010232,-0.036303,0.5123689572,-0.2244489339,0.026340
-0.053017,-0.023204,-0.008678,0.1018604529,0.8820754798,-0.746133
-0.048011,-0.013560,-0.002891,0.0757190364,1.2000912182,-0.589157
-0.047351,-0.019462,-0.004808,0.0901881232,0.3190864116,-0.598725
-0.036953,-0.014624,-0.022793,0.1862890727,-0.0097878611,-0.469538
-0.053522,-0.017013,-0.000971,-0.2904915705,-0.1678821593,-0.626301
-0.046705,-0.013521,0.002958,-0.3109564452,-0.1955563620,-0.512210
-0.048231,-0.022439,0.003516,-0.5221014046,-0.3701661595,-1.093674
-0.043734,-0.031344,0.003306,-0.3722194056,-0.4050889220,-0.629885
-0.054714,-0.012356,-0.000446,-1.5409385487,0.5841321423,-0.265672
-0.044532,-0.014358,-0.008694,-0.9916925093,0.5008481885,0.184925
-0.039992,-0.012628,-0.017002,-0.2132238457,0.0831914659,-0.065998
-0.037895,-0.023943,-0.018863,0.2348300702,0.0582696127,-0.233727
-0.036509,-0.010383,-0.033365,-0.0530549111,-0.1423498016,-0.315910
-0.048300,-0.032474,-0.014235,-0.2910791665,0.3782620946,-0.613909
-0.042618,-0.017548,-0.033227,-0.0627402236,0.6218987451,-0.781990
-0.054602,-0.025416,0.001054,-0.0584828519,0.3315427292,-0.896449
-0.033414,-0.010432,-0.021529,0.5428387715,-0.4722856674,-0.562204
-0.051750,-0.017374,-0.002907,-0.1096376419,0.0297460338,-1.024881
-0.046833,-0.022833,-0.002986,0.2250374909,-0.7784676321,-0.682217
-0.042286,-0.013238,0.001435,-0.8238185255,0.1418044577,-0.509505
-0.041019,-0.031551,-0.014281,-0.4415991290,-0.2362141279,-0.693902
-0.031619,-0.010645,0.003086,-0.5026197390,-0.1883849248,-0.565457
-0.036322,-0.020069,0.002003,-0.3252326210,-0.1514894239,-0.385018
-0.036273,-0.003260,-0.021388,-0.1706926782,-0.4686763912,-0.252831
-0.039720,-0.008105,-0.015128,-0.0997710611,-0.1040725469,-0.102184
-0.032547,-0.008916,-0.022093,-0.1292982166,0.1010849196,-0.174328
-0.042625,-0.021248,-0.019320,0.2573148633,0.0602864167,-0.390533
-0.026747,0.000013,-0.031100,0.7139067018,-0.4021133207,-0.486285
-0.047827,-0.013626,-0.011888,-0.0505081100,0.5902113873,-0.676762
-0.043035,-0.016327,-0.010208,0.2589090714,-0.2033803338,-1.026821
-0.039884,-0.007415,-0.018850,0.5007099945,-0.3031608497,-0.743996
-0.037320,-0.016829,-0.003085,0.2668395563,0.0719796689,-1.027260
-0.039910,-0.013232,0.006687,-0.2318889764,0.0948465112,-0.386699
-0.029577,-0.016994,-0.001089,-0.5290053658,-0.2283481711,-0.352302
-0.027735,-0.007635,-0.003118,-0.0807414631,-0.3419383163,-0.290865
-0.031198,-0.019324,-0.014114,-0.5478332506,-0.2462530242,-0.331150
-0.035846,-0.011640,-0.011882,-0.0939198541,-0.2510019591,-0.665788
-0.037422,-0.017854,-0.004447,-0.6235496191,0.0671363788,0.030496
-0.037271,-0.008042,-0.014560,-0.2273875460,0.2342492173,-0.412784
-0.028802,-0.015917,-0.024112,1.6604064221,-1.3037957156,-0.145075
-0.019303,-0.000618,-0.040291,1.3979861640,-0.8112049357,-0.311869
-0.040225,-0.020568,-0.016658,0.2852949436,-0.2567366625,-0.520422
-0.037084,-0.010498,-0.046541,0.0900905195,-0.5445986430,-1.194704
-0.050670,-0.027287,-0.001578,0.2963764010,-0.5587090152,-1.015440
-0.040176,-0.019101,-0.023777,-0.4066719530,-0.3834044845,-0.587262
-0.044351,-0.016183,-0.005507,-0.1064909123,-0.2182736707,-0.585401
-0.029767,-0.003710,-0.009216,-0.4622680391,-0.4058437304,-0.082016
-0.046449,-0.023621,0.004708,-0.6445446795,-0.0680761326,-0.452479
-0.029692,-0.014181,-0.010001,-0.6985968197,-0.0901931858,-0.224579
-0.035708,-0.018756,-0.006653,0.0758443712,-0.4736756957,-0.549921
-0.033293,-0.010199,-0.031878,-0.4354224476,-0.0042398020,-0.086868
-0.043337,-0.017266,-0.005419,0.0634928621,0.1959348631,-0.505615
-0.020777,-0.006631,-0.023813,1.0195665313,-0.6130169661,-0.365130
-0.046452,-0.012126,-0.004631,0.0157679638,0.3919989144,-0.249470
-0.034514,-0.012451,-0.019750,-0.1644795772,0.2099370155,-0.295138
-0.024387,-0.009224,-0.035775,1.0946582581,-0.5324602801,-0.690233
-0.036401,-0.026450,-0.030447,0.4659873690,-0.1510922012,-0.587085
-0.038751,-0.011561,-0.020324,0.3972793983,-0.2610658973,-0.565579
-0.042556,-0.020407,-0.003941,-0.1978454740,0.0930015871,-0.077930
-0.044039,-0.022022,-0.009206,-0.7504046178,0.1609690758,-0.963249
-0.045516,-0.024116,-0.003098,-0.4168212915,-0.2554536545,-0.907615
-0.033096,-0.010324,-0.006331,-0.2424162553,-0.8104252708,-0.503465
-0.053079,-0.019590,0.014709,-0.8389392269,-0.0584213654,-0.566934
-0.038220,-0.006503,-0.002248,-0.1675684376,0.0632189524,0.100152
-0.039910,-0.014207,0.002840,-0.3902079453,0.1203440132,-0.399750
-0.030122,-0.011440,-0.016119,-0.1988662725,0.2652695120,-0.090094
-0.030355,-0.008876,-0.000735,-0.3789769858,0.3816926056,-0.304484
-0.035436,-0.020407,-0.038601,0.8043755232,-0.4867487255,-0.583875
-0.029958,-0.007891,-0.035217,1.2973581452,-0.6957117770,-0.602910
-0.043573,-0.022117,-0.026331,1.0591231688,-0.7899428601,-0.661623
-0.042835,-0.015910,-0.048320,0.1493989487,-0.4759854302,-0.421526
-0.053519,-0.027008,0.015950,-0.4708628537,0.2228496139,-0.919222
-0.041561,-0.018664,-0.021470,-0.5875247232,-0.3592026713,-0.824235
-0.050995,-0.018287,0.007412,-0.6704384629,-0.0325114811,-0.453868
-0.036391,-0.004891,-0.017859,-0.3647427957,-0.0765850538,0.218097
-0.050781,-0.024638,0.004553,-0.7854664993,0.1965661156,-0.565441
-0.024164,-0.007744,-0.025202,0.5518267878,-0.3846219666,-0.260213
-0.048963,-0.016954,-0.001171,-0.5439365677,0.5618822286,-0.697989
-0.031084,-0.007530,-0.009591,0.7916556735,0.3047718486,-0.369647
-0.043928,-0.012976,-0.001713,-0.8500995418,1.1260764022,-0.426098
-0.022526,-0.006063,-0.031077,0.2005149896,0.2164861497,-0.590141
-0.049826,-0.016980,-0.008120,-0.3330455517,0.2954321833,-0.722338
-0.028861,-0.004881,-0.016805,1.3303682506,-0.2735105971,-0.428031
-0.036467,-0.011197,-0.006525,-0.1883589650,0.0873167025,-0.958677
-0.035196,-0.016137,-0.007483,-0.1795566045,-0.2410491619,-0.535994
-0.035114,-0.018051,0.002637,-0.6077302029,-0.1907875887,-0.287461
-0.031149,-0.016547,0.000746,-0.5060113107,-0.3289052993,-0.171788
-0.027003,-0.012740,-0.004992,-0.3948662462,-0.1929584007,0.056946
-0.033568,-0.014739,-0.000131,-0.0407697109,-0.4545792107,-0.679112
-0.031093,-0.003854,-0.025409,-0.4693882548,-0.4748843057,-0.046264
-0.043396,-0.017387,0.003349,-0.6351583099,0.2210895363,-0.256783
-0.034028,-0.011666,-0.024112,-0.3338605058,0.2102666413,-0.020631
-0.043123,-0.017538,-0.008468,-0.4271847138,0.6351503715,-0.357295
-0.021620,-0.010416,-0.034179,1.0521067332,-0.5618476831,-0.232752
-0.044906,-0.008144,-0.013723,-0.2734565323,0.6594393925,-0.706556
-0.031294,-0.007173,-0.016599,0.3094629248,-0.2118164913,-0.627850
-0.044394,-0.015786,-0.012702,-0.2476269837,-0.1236205170,-0.908804
-0.034806,-0.020184,-0.005661,0.2583218762,-0.6396693858,-0.621416
-0.039171,-0.009818,-0.008708,-0.3568470864,0.1130227159,-0.597894
-0.026875,-0.022794,0.000746,-0.2135748738,-0.3919845326,-0.144116
-0.026350,-0.018133,-0.000616,-0.2132101238,-0.5643967671,-0.252079
-0.038128,-0.026644,-0.003249,-0.8108760861,-0.2764525797,-0.458075
-0.033677,-0.012116,-0.011711,0.3473980960,-0.8750748473,-0.336218
-0.037133,-0.018523,-0.012945,-0.1001614431,-0.3851807083,-0.146697
-0.031356,-0.006995,-0.009420,-0.5064412054,0.0555441012,-0.124865
-0.042030,-0.021983,-0.007532,-0.0925140704,-0.2129590703,-0.295936
-0.038718,-0.012986,-0.017265,-0.5691106073,0.2119895131,-0.236163
-0.046439,-0.018677,0.006323,-0.9981526921,0.8669888236,-0.482431
-0.034258,-0.006592,-0.028192,-0.2677120256,0.3259211699,-0.601791
-0.036076,-0.021024,-0.030231,0.9144356349,-0.3052310201,-0.580553
-0.022401,-0.017276,-0.047404,1.1741052692,-1.0686980203,-0.381473
-0.043977,-0.025036,-0.020098,0.1182425938,-0.2423558200,-0.615728
-0.036624,-0.020936,-0.039868,-0.0498000843,-0.5267962762,-0.625929
-0.045454,-0.025787,-0.004270,-0.4877527308,-0.1374505113,-0.804747
-0.037783,-0.013324,-0.017334,-0.4465995016,-0.2575770274,-1.019491
-0.045103,-0.027921,-0.000423,-0.7671051895,-0.2617791629,-0.784951
-0.037635,-0.024245,-0.019106,-0.3183653731,-0.6758870016,-0.661212
-0.049665,-0.025331,0.003772,-0.5809799589,-0.2110608070,-0.154200
-0.029797,-0.011679,-0.029131,-0.4700485239,-0.7938459254,-0.560727
-0.046380,-0.019258,0.002541,-0.5201923696,-0.0937476139,-0.670902
-0.028668,-0.014072,-0.009229,-0.9359173424,0.5232256112,0.057786
-0.041709,-0.019698,-0.002028,-0.5748231532,0.9171030932,-0.434960
-0.033365,-0.004658,-0.041361,0.3155329520,0.2495591042,-0.383551
-0.046600,-0.019127,-0.030372,1.2563197996,-0.2215522766,-0.541108
-0.033270,-0.015845,-0.036375,0.5740710112,-0.3484118414,-0.597553
-0.047443,-0.025249,-0.007004,0.1042028529,0.2159966356,-0.686047
-0.043255,-0.018326,-0.020761,-0.2474685221,0.0387139464,-0.737185
-0.052232,-0.019741,0.014634,-0.5584517847,0.3127551353,-0.409164
-0.032262,-0.011236,-0.001145,-0.3612957804,0.0848553517,-0.171607
-0.045569,-0.015638,0.004114,-0.2772529310,-0.3414201630,-0.019919
-0.032223,-0.005147,0.025456,-0.0463617501,0.0000090933,0.091884
-0.038151,-0.009638,0.001504,0.0635173997,-0.0926066366,-0.235152
-0.030342,-0.010081,-0.019789,0.1775092074,-0.1273930340,-0.006674
-0.031776,-0.010964,-0.026594,0.1319261060,0.6199367185,-0.372154
-0.030975,-0.015323,-0.023062,0.1519832777,0.6803707589,-0.442247
-0.031261,-0.001842,-0.035043,0.8697770268,0.0790860017,0.028733
-0.036020,-0.025173,-0.029092,0.3312155499,-0.4271038394,-0.496089
-0.037901,-0.020942,-0.022530,0.1103040807,-0.0091337279,-1.022711
-0.044410,-0.030639,-0.000584,-0.1033131584,-0.9742236395,-1.202076
-0.039053,-0.018566,-0.032049,-0.3096096174,-0.1266015879,-0.870586
-0.045480,-0.016554,0.005141,-0.3890832987,0.3152859583,-0.589888
-0.036595,-0.014709,-0.006114,-0.6219958868,-0.3876064780,-0.596795
-0.044768,-0.015750,0.016029,-0.5799845016,0.0413893757,-0.340873
-0.037806,-0.013987,0.009746,-0.7470285625,0.2972525750,-0.194190
-0.039539,-0.009638,0.011086,-1.0324347022,0.7652666402,-0.492817
-0.023577,-0.008955,0.009510,-0.2266949762,0.2617607834,0.181121
-0.034642,-0.010350,-0.010565,-0.0717736549,0.0831243831,-0.416011
-0.029042,-0.015792,-0.026518,0.1386317843,-0.0439547061,-0.202751
-0.035393,-0.005512,0.008099,-0.3329842006,0.6122604464,-0.152425
-0.028996,-0.024228,-0.030854,-0.0834393617,0.0000007862,-0.635232
-0.027827,-0.014358,-0.012814,0.0584653702,0.0444089916,-0.783818
-0.033814,-0.019111,-0.036044,1.4685055433,-0.8417417878,-0.573306
-0.021052,-0.010324,-0.053001,0.9821362645,-0.3976720899,-0.325032
-0.042119,-0.025118,-0.017705,0.3216271630,-0.1334494127,-0.966361
-0.028133,-0.011463,-0.028310,0.0942956271,-0.0942071829,-0.632018
-0.043097,-0.022741,0.004609,-0.2225644697,-0.0702909694,-0.579539
-0.028553,-0.011535,-0.019392,-0.7241423308,-0.4872153089,-0.053278
-0.046888,-0.024172,0.013938,-0.8767182469,0.0044734524,-0.417682
-0.027450,-0.007261,-0.021555,-0.1861568586,-0.8059331373,-0.350290
-0.047614,-0.013911,-0.002560,-0.5525128288,-0.0757882913,-0.113324
-0.022457,-0.009428,-0.007969,0.1791505814,-0.3383760908,-0.230592
-0.038147,-0.016550,0.006638,-0.4096500018,0.2103113836,-0.385176
-0.025201,-0.007878,-0.005530,-0.5088360983,1.0081760250,-0.251364
-0.027053,-0.014821,0.000736,-0.4900268459,0.3638166058,-0.544751
-0.030440,-0.007770,-0.038991,1.0536122676,-0.1779060211,0.130052
-0.022392,-0.006900,-0.051570,1.6090766968,-0.6067274079,-0.056279
-0.026439,-0.017302,-0.037948,1.1062776978,-0.6371728202,-0.478666
-0.025622,-0.014364,-0.019520,0.3013042523,-0.3824277264,-0.868722
-0.029465,-0.022078,-0.013461,0.1629368078,-0.6305431705,-0.140480
-0.032321,-0.018202,0.003309,0.2892166071,-0.4608921422,-0.937184
-0.026596,-0.019167,0.000772,-0.5405517730,-0.4165791349,-0.475814
-0.031415,-0.011604,0.002745,-0.5876647740,-0.1498092463,-0.459297
-0.026166,-0.025426,-0.004457,-0.0603805510,-0.4424081821,-0.453660
-0.028727,-0.002226,-0.021253,0.6229883007,-0.9688886107,-0.245935
-0.035347,-0.029427,-0.008688,-0.5977841863,-0.2605245826,-0.437301
-0.018886,-0.004514,-0.013644,0.7181276953,-0.6274883454,-0.217236
-0.035797,-0.018792,0.009050,-1.2500228145,0.9387269746,-0.456395
-0.025779,-0.009986,-0.026866,-0.2381570978,-0.2371101935,-0.515364
-0.033539,-0.022567,-0.038263,1.3023801643,-0.8231433847,-0.189775
-0.028172,-0.011564,-0.036897,0.3448320645,-0.5670053443,-0.382021
-0.041925,-0.019029,-0.013635,0.5879206903,0.0228465063,-0.566206
-0.030877,-0.018034,-0.031612,0.1490583764,0.2209886811,-0.677644
-0.048326,-0.020831,0.006530,-0.7626066019,1.0356166194,-0.788509
-0.035170,-0.006552,-0.003741,-0.2306555408,0.1318168843,-0.533483
-0.047246,-0.017181,0.007882,-0.7253578931,0.1795812754,-0.707012
-0.027476,-0.021018,0.012796,-0.4382438628,-0.6180766364,-0.855749
-0.058515,-0.015901,0.023142,-2.6952726876,1.1375247648,-0.858989
-0.033286,-0.023562,0.005259,-0.2884165701,-0.5072561532,-0.541426
-0.028635,-0.005945,0.001987,-0.4352270147,-0.4991753022,-0.344300
-0.028868,-0.015169,0.007675,-0.5472122453,0.1837845887,-0.374183
-0.036713,-0.001048,0.006621,-1.1286374140,0.6456966557,-0.019785
-0.024414,-0.012887,-0.002530,-0.5409273249,0.7879383901,0.033070
-0.035262,-0.012382,-0.014475,-0.3552474843,0.1760973079,-0.556437
-0.019493,-0.010288,-0.025963,0.5736299628,0.0906382403,0.321186
-0.025717,-0.006181,-0.009262,-0.1559613786,0.2884149682,-0.036604
-0.026094,-0.015878,-0.014777,-0.0166896118,0.3146487444,0.153545
-0.016572,-0.000457,-0.039976,2.1964828236,-0.6767681516,-0.130193
-0.020288,-0.019406,-0.032088,0.8783020481,-0.4290082282,-0.453552
-0.028057,-0.007694,-0.020961,0.2890054507,-0.1258458757,-0.437340
-0.023688,-0.018139,-0.023653,0.7272742487,-0.4591760503,-0.415131
-0.025618,-0.008574,-0.022182,0.4177214414,-0.2024452400,-0.684232
-0.029314,-0.025164,-0.006436,-0.1554106171,-0.2618510848,-0.691867
-0.030594,-0.008551,-0.000209,-0.5690603024,0.3719846436,-0.333546
-0.031514,-0.023444,-0.010894,-0.1310263612,-0.6236443147,-0.648736
-0.025973,-0.003621,-0.000643,-0.3586733737,-0.6374805066,-0.503541
-0.045612,-0.027350,0.000388,-0.2825541429,-0.8944621314,-0.661695
-0.042372,-0.011125,-0.006521,-0.6923993678,-0.3546908841,-0.295523
-0.052554,-0.020919,0.020966,-0.6465385095,-0.2220555476,-0.798012
-0.021390,-0.001051,0.010872,-0.3193981790,0.2448601260,0.238110
-0.034799,-0.006789,0.003382,-1.4371763529,0.8476335374,-0.084042
-0.025713,-0.011190,-0.004214,-0.5953862660,0.4439767371,0.351867
-0.023242,-0.007606,-0.023416,0.7040728755,-0.4950160075,-0.000008
-0.033742,-0.018458,-0.031563,0.2511875693,0.0570736322,-0.116052
-0.029311,-0.005101,-0.025789,0.2545480054,-0.0597719218,-0.378959
-0.042904,-0.017322,-0.016116,0.1230680658,0.3572481428,-0.776134
-0.030125,-0.008387,-0.032719,-0.1030637949,0.4104462708,-0.524400
-0.043698,-0.016376,-0.005993,0.8811405816,-0.3531897441,-0.892474
-0.039854,-0.008682,-0.003538,0.1256944721,0.0632392118,-0.665181
-0.038177,-0.015976,-0.021155,0.4479723654,-0.1642171027,-0.337679
-0.038009,-0.020306,-0.006466,0.0613002896,0.0019732160,-0.398407
-0.039821,-0.011404,0.003428,-0.4544793948,0.0453585972,-0.636548
-0.033401,-0.020683,0.008555,-0.4259893050,-0.2723111198,-0.545244
-0.037563,-0.007822,0.000191,-0.4932158335,0.1066411174,-0.514117
-0.036506,-0.020952,-0.016566,-0.1038305417,-0.7582037736,-0.650883
-0.023580,-0.003033,-0.014429,1.1324310269,-1.2976819254,0.123940
-0.039624,-0.022554,-0.004427,-0.2478983858,-0.2502025993,-0.527450
-0.032062,-0.006401,-0.018995,-0.1956576328,0.0382850391,-0.319445
-0.043734,-0.016587,0.009589,-0.4551960015,0.4255313980,-0.308839
-0.025484,-0.006152,-0.009292,-0.3350129359,0.4084065738,-0.017336
-0.042556,-0.016015,-0.001726,-0.4405632314,0.5984080992,-0.322163
-0.029606,-0.013534,-0.034229,1.3722214444,-0.7020287390,-0.224372
-0.038485,-0.007271,-0.024066,0.1703760640,0.1267779993,-0.239429
-0.044305,-0.023020,-0.040659,0.0782065082,0.1447356456,-0.623786
-0.031438,-0.007202,-0.019628,0.7059087638,0.0530938445,-0.585270
-0.040478,-0.022771,-0.020826,0.2505562291,0.3061941189,-0.641610
-0.036874,-0.019905,-0.019517,0.0445281590,-0.0149049663,-0.303801
-0.051681,-0.021668,0.001422,-0.4589951703,0.4818410446,-1.057524
-0.042001,-0.021090,-0.003354,-0.0850941974,-0.3363814734,-0.818435
-0.036841,-0.014079,-0.000623,-0.0579834075,-0.7090442077,-0.691224
-0.031221,-0.020260,-0.005159,0.1440604489,-0.6082179832,-0.453516
-0.040635,-0.018750,0.004764,-0.4624687253,-0.2466713291,-0.672018
-0.043153,-0.033078,0.005157,-1.1462543687,-0.4246028050,-0.440928
-0.040317,-0.012474,0.005345,-1.5875383488,0.4376109208,0.006088
-0.047164,-0.021103,0.011680,-0.5182097499,-0.1351636159,-0.111864
-0.031589,-0.013160,-0.012046,-0.4728049795,-0.3431302465,-0.266328
-0.044765,-0.018431,0.006989,-0.6241936269,-0.0053210755,0.049176
-0.031655,-0.010058,-0.013756,-0.5978969235,0.3284181509,-0.397685
-0.041512,-0.014551,0.001816,-0.3517309313,0.4778121564,-0.100779
-0.026097,-0.007307,-0.005353,0.0582640446,0.3798802856,-0.240784
-0.039575,-0.021530,-0.006528,0.0983752993,0.0836850166,-0.133636
-0.029715,-0.019948,-0.009147,-0.5698945561,0.7397476739,-0.218864
-0.035334,-0.004392,-0.019333,-0.2616083179,0.2392091018,-0.383886
-0.024693,-0.017161,-0.039717,1.0682311178,-0.2316474298,-0.098881
-0.026527,-0.006020,-0.034435,0.8031808561,-0.2974259496,-0.292243
-0.039736,-0.022607,-0.023777,0.2725622828,-0.0025462780,-0.506462
-0.043252,-0.018152,-0.028379,0.1043170450,-0.0455015780,-0.587801
-0.052968,-0.031065,-0.011061,-0.3167658422,-0.2562385329,-1.091274
-0.029708,-0.015438,-0.012528,-0.4629830460,-0.2766321588,-0.251072
-0.041676,-0.025137,0.008194,-0.6583076292,-0.0295882607,-0.354577
-0.039116,-0.013005,-0.004733,-0.9999610901,0.1074385863,-0.483449
-0.031714,-0.024382,-0.008475,-0.5452250271,-0.2599594486,0.000580
-0.028513,-0.006647,-0.006574,0.0281271712,-0.2429843105,-0.235254
-0.029518,-0.016918,-0.002051,-0.5278794655,0.0462939454,-0.185731
-0.029902,-0.001674,-0.015282,-0.2127637523,0.1955183710,-0.139600
-0.032909,-0.021018,-0.016838,-0.1896631654,0.2765537612,0.019733
-0.026610,-0.008860,-0.026466,0.9493389425,-0.5480087180,-0.630472
-0.036329,-0.016491,-0.027664,-0.2268216587,0.1337233629,-0.288111
-0.038889,-0.020545,-0.026393,-0.1960043931,-0.0706235674,-0.762167
-0.037911,-0.020831,-0.022422,1.3657582737,-0.7904792791,-0.529941
-0.029748,-0.013409,-0.037596,0.1634487109,-0.1221065283,-0.764737
-0.049895,-0.026664,-0.004237,-0.0901048812,-0.0624422323,-0.785125
-0.032849,-0.013557,-0.020954,-0.3728532581,-0.3574887868,-0.317062
-0.050230,-0.023969,0.011296,-0.6271028015,-0.4230079137,-0.655777
-0.037839,-0.015628,-0.009623,-1.1090742882,-0.1087830166,-0.575416
-0.045159,-0.029874,-0.006354,-0.3343620344,-0.4421140317,-0.488143
-0.035108,-0.012024,-0.018673,-0.1614433030,-0.7207460033,-0.335552
-0.046485,-0.023352,-0.006469,-0.1483453590,-0.2034816989,-0.161080
-0.037130,-0.007941,-0.024801,-0.4187170854,0.0353887341,-0.241737
-0.040639,-0.022731,-0.002655,-0.0759316470,-0.2030854704,-0.202981
-0.031957,-0.008190,-0.022103,-1.0121343299,0.5073779165,-0.148111
-0.039972,-0.020919,-0.024345,-0.0963385844,0.2135806772,-0.643579
-0.027735,-0.008459,-0.054268,0.8498034128,-0.5602973126,-0.663865
-0.048497,-0.026877,-0.013083,0.1767154404,0.1063921213,-0.540586
-0.036319,-0.016882,-0.049354,0.1943726672,-0.1833506649,-0.995401
-0.054878,-0.023762,-0.004683,0.0663559125,0.3935878119,-0.560150
-0.037248,-0.021471,-0.026019,0.1471328294,0.0429555359,-0.976487
-0.048513,-0.029726,-0.002776,-0.2833791321,0.4761229454,-1.004135
-0.030099,-0.022718,-0.010657,0.0929272485,-0.1491152842,-0.735412
-0.045946,-0.019675,0.011260,-0.5866233582,-0.3988154613,-0.794017
-0.047223,-0.029368,0.020808,-1.0166391181,0.1398013944,-0.455436
-0.036749,-0.018743,0.012001,-0.6269083071,-0.2754790395,-0.481542
-0.025484,-0.017026,0.000017,-0.0205580727,-0.4865076265,-0.484660
-0.048448,-0.021569,0.025157,-1.7753172071,1.1292423978,-0.644813
-0.035367,-0.019354,0.002594,-1.1020703719,0.6520261224,0.067243
-0.032147,-0.010041,-0.005432,-1.0154471719,0.5046279059,0.139755
-0.028691,-0.019597,-0.021782,-0.2387088057,0.2413802204,0.085395
-0.030155,-0.012152,-0.013241,-0.0064826492,0.3039337223,-0.017369
-0.028487,-0.017378,-0.019149,0.3087609750,0.5891876962,-0.007426
-0.032853,-0.019915,-0.039221,1.3088760361,-0.3146282047,-0.388475
-0.039047,-0.022354,-0.036562,0.0395181390,0.3596614246,-0.208794
-0.030788,-0.011850,-0.013776,-0.1587953372,0.4214884079,-0.571280
-0.039815,-0.022278,-0.011471,-0.1679406357,0.1482442863,-0.883168
-0.027417,-0.025144,-0.028356,-0.1819538106,-0.4206032446,-0.992016
-0.051812,-0.027901,0.009868,-0.4540229877,-0.0665228825,-0.834351
-0.034153,-0.020749,0.008473,-0.9307172692,-0.1198975977,-0.817069
-0.032495,-0.013760,0.000342,-0.1756058079,-0.5165761814,-0.698357
-0.033056,-0.038999,-0.003935,-0.4790609323,-0.8264278747,-0.638077
-0.037264,-0.021694,0.002896,-1.4741432480,0.4199629969,-0.501298
-0.035649,-0.020457,-0.016113,-0.6884250425,-0.5505571507,-0.525864
-0.029062,-0.004904,0.002998,-0.2207300817,0.1879702837,-0.407861
-0.037100,-0.015717,-0.007162,-0.4195101948,-0.0176829716,0.051809
-0.025231,-0.008817,-0.017898,-0.1195867853,-0.0887763881,-0.244116
-0.063970,-0.019610,0.018067,-4.2959875549,3.0557472863,-0.491530
-0.023964,-0.012152,-0.012804,-0.3339421583,0.4320232150,-0.030278
-0.024407,0.000610,-0.007779,0.1273525004,0.1267050012,0.274017
-0.028828,-0.009536,-0.003009,-0.2512906517,0.4097978238,-0.413451
-0.022845,-0.005548,-0.021227,0.5566384937,0.2088261526,-0.342721
-0.027171,-0.015677,-0.024693,0.1398994366,0.5239549322,-0.184011
-0.033965,-0.005216,-0.033831,0.4351761643,0.2797792268,-0.084524
-0.033427,-0.024717,-0.029682,0.3741227209,0.3212095608,-0.788807
-0.024076,-0.015671,-0.019750,0.8352323663,-0.1995671055,-0.504059
-0.038292,-0.022521,-0.009262,-0.1703371782,-0.1219726470,-0.495252
-0.031061,-0.005265,-0.026288,0.0754635954,-0.3299612187,-0.742220
-0.045628,-0.022354,0.008351,-0.1764394422,-0.3314120783,-1.000541
-0.027634,-0.011647,-0.015075,-0.4245133272,-0.4945886512,-0.955549
-0.047030,-0.027839,0.002912,-0.1174717378,-0.6355450183,-0.840841
-0.030545,-0.016485,-0.017800,-0.3746775285,-0.9051065157,-0.477439
-0.041000,-0.027796,0.006027,-0.3959929359,-0.4371078844,-0.116561
-0.027460,-0.007931,-0.011898,-0.4377712948,-0.4385441246,-0.240853
-0.032669,-0.016150,-0.006814,-0.9206997456,0.5227512621,-0.174620
-0.029226,-0.004586,-0.007992,-0.5067349112,0.1737413879,-0.144783
-0.036815,-0.023270,-0.023790,-0.2946725817,-0.3238238831,-0.369709
-0.037931,-0.017447,-0.038446,0.2671548353,0.2196697482,-0.395378
-0.042247,-0.025594,-0.008934,0.2645879539,0.2537477793,-0.412571
-0.035042,-0.017007,-0.019494,0.1634990802,-0.5428472861,-0.398768
-0.047998,-0.018622,-0.029213,-0.0384014364,0.5453947611,-0.875411
-0.032016,-0.011285,-0.040091,0.4616594957,0.3365597024,-0.255861
-0.046445,-0.022662,0.009103,-0.2910188260,0.0443606075,-0.979153
-0.031129,-0.015989,-0.028721,0.5496908358,-0.2969975439,-0.750462
-0.049452,-0.029365,0.015776,-0.3091830848,-0.1698408118,-0.785981
-0.031385,-0.019528,0.013928,-0.1641960940,-0.4064279771,-0.682693
-0.054543,-0.028502,0.011227,-1.5506592925,0.8469193202,-0.986338
-0.036273,-0.018776,0.009983,-1.2956546425,0.1804223301,-0.703983
-0.050712,-0.020174,0.009953,-0.7631557333,0.0081554959,-0.468071
-0.037750,-0.014926,-0.012272,-0.6124442192,-0.0176945045,-0.503688
-0.050795,-0.028725,0.016810,-0.6003351443,-0.2192769716,-0.431471
-0.036739,-0.013514,-0.014836,-0.8626124417,0.0456594237,-0.224773
-0.055945,-0.029913,0.028358,-2.0143394167,1.0444597865,-0.002749
-0.028510,-0.015707,-0.021299,-0.1318822993,-0.5848048431,-0.541899
-0.039276,-0.025663,-0.016464,0.3899360034,-0.3173290304,-0.113373
-0.033240,-0.016941,0.010902,-0.0158703692,-0.6592702857,-0.006274
-0.045815,-0.027763,0.015520,-0.7264503486,0.6071890871,-0.305537
-0.039188,-0.023637,-0.036982,0.6400970589,0.0163326278,-0.430615
-0.051996,-0.025574,0.000578,-0.3516293917,0.7582880282,-0.571070
-0.030867,-0.016521,0.023615,0.0003069628,-0.0973083249,-0.279278
-0.039286,-0.009021,-0.010483,0.4759211348,0.4802115859,-0.346781
-0.035623,-0.021481,-0.000462,0.5482646346,-0.2663077969,-0.842196
-0.046065,-0.027507,0.008814,-0.3529922228,-0.6521204645,-1.027283
-0.031461,-0.022360,-0.021614,0.4232627927,-0.1872813380,-0.543947
-0.040836,-0.024028,0.001051,-0.9801797273,0.1252629117,-0.744915
-0.035745,-0.038585,0.011460,-0.3998795089,-0.2650456263,-0.351567
-0.035876,-0.011489,-0.002077,-0.3994303104,0.3395364084,-0.135809
-0.029974,-0.022849,-0.007624,-0.0349488695,-0.5650672176,-0.244392
-0.030417,-0.018418,0.002528,-0.1157837497,-0.3821113372,-0.236258
-0.037120,-0.026076,0.009438,-0.7794329032,0.2115786105,-0.276950
-0.034724,-0.014666,-0.011504,0.1406190438,0.0239213284,-0.048860
-0.052672,-0.035805,0.014417,-1.5471529412,0.7557404988,-0.366023
-0.028786,-0.014286,-0.028721,-0.9349429484,-0.0011506889,-0.256346
-0.052039,-0.026060,-0.005100,-0.4676239700,0.4693915251,-1.204926
-0.031195,-0.026775,-0.047266,1.1866205032,-0.9763249991,-0.632649
-0.044289,-0.021556,-0.037596,0.4707094639,0.3330067072,-0.708631
-0.043150,-0.011834,-0.008941,0.1867821775,-0.0063197786,-0.422251
-0.033880,-0.011262,-0.024447,0.1950123593,-0.0051166855,-0.184445
-0.036785,-0.019764,-0.020826,-0.0058331412,0.0912347031,-0.394340
-0.035623,-0.014177,-0.014770,-0.2533557671,-0.5020350610,-0.762909
-0.034478,-0.030114,-0.015604,-0.2640094683,-0.8275938128,-0.599240
-0.033769,-0.009687,-0.030198,-0.6932939924,-0.8183224195,-0.409184
-0.055525,-0.023575,0.009733,-2.7590897793,1.1727703197,-0.676381
-0.037734,-0.011489,-0.016891,-1.2125695366,0.0713059548,-0.319609
-0.041971,-0.016078,0.001287,-0.0310850876,0.7097950489,-0.003760
-0.044036,-0.017089,-0.015056,-0.3283089871,0.5237161538,-0.333934
-0.050365,-0.019856,-0.001489,-0.4917298055,0.2260509933,-0.543623
-0.037934,-0.013485,-0.040262,0.5823947989,-0.0107126182,-0.636240
-0.039322,-0.014578,-0.018345,-0.1671825401,0.3884473464,-0.619499
-0.036161,-0.016859,-0.015318,0.1621091308,-0.0700967491,-0.734998
-0.030732,-0.007740,-0.024956,0.8815955317,-0.8372257473,-0.507000
-0.036877,-0.021832,-0.014140,0.3014243370,-0.3816437336,-0.679929
-0.038590,-0.016977,-0.010217,0.0028208076,-0.4228922179,-0.664419
-0.032173,-0.024947,0.000559,-0.1285839094,-0.7615758642,-0.661560
-0.039011,-0.015169,-0.009554,-0.2770553916,-0.2303400147,-0.591740
-0.047932,-0.035684,0.001048,-0.4700884486,-0.5109050771,-0.289703
-0.035948,-0.006401,-0.007664,-0.5555068845,-0.0263601479,-0.391232
-0.044312,-0.032533,-0.006856,-0.4020907901,-0.6504596776,-0.624978
-0.021804,-0.017712,-0.017688,-0.2951528631,-0.7570777550,-0.542795
-0.040918,-0.018674,0.008066,-0.3642243501,0.0433869202,-0.180680
-0.026226,-0.000795,-0.022425,-0.3220132227,0.0184447376,0.075442
-0.038794,-0.018484,0.001232,0.6793615518,-0.4079392756,-0.118970
-0.025776,-0.005469,0.002932,-0.3311936107,0.9463438391,-0.481715
-0.042300,-0.024583,-0.005120,-0.5374054169,0.3589845137,-0.434527
-0.022858,-0.021297,-0.030569,1.3636293045,-0.3295707620,-0.384627
-0.029784,-0.012897,-0.036421,0.8757160094,0.1208186213,-0.430276
-0.035981,-0.022659,-0.033542,0.6716684689,-0.4555180861,-0.398207
-0.035416,-0.020975,-0.025484,0.4762534966,-0.4253567467,-0.619706
-0.045786,-0.032451,-0.012604,-0.2147876303,-0.1786450885,-0.842708
-0.036250,-0.020315,0.002797,-0.5868759423,0.0754850503,-0.781704
-0.036713,-0.025489,0.001537,-0.2143696253,-0.4818890826,-0.677588
-0.033450,-0.013468,-0.016277,-0.6709769590,-0.7898561838,-0.337948
-0.048146,-0.030166,0.019141,-0.9224822263,-0.1173520851,-0.832447
-0.027877,-0.021274,-0.010779,-0.9589118309,-0.1597760111,-0.347280
-0.064653,-0.017351,0.041123,-3.2514880961,2.0423974174,-0.728522
-0.025139,-0.015878,-0.000449,-0.4906749374,0.2943140785,-0.226388
-0.030673,-0.012126,-0.008836,-0.9115703429,0.3073618514,0.382049
-0.033046,-0.019272,-0.010474,-0.2012317768,0.0196563384,-0.087911
-0.029626,-0.012244,-0.020186,0.0790896564,0.0448453032,-0.409177
-0.041023,-0.030786,-0.019628,0.4297488169,0.2440327854,-0.301995
-0.036112,-0.019498,-0.025619,0.2869796940,0.1221594107,-0.356218
-0.046793,-0.031315,0.006306,-0.2207619089,0.6125131574,-0.635547
-0.029498,-0.019751,-0.019855,0.9782532233,-0.2222817146,-0.498426
-0.035147,-0.019984,-0.021145,0.1638222600,0.0544924777,-0.705561
-0.034586,-0.023847,-0.037675,0.2529103292,-0.0997524601,-0.824405
-0.039946,-0.029752,-0.012282,0.1274989035,-0.2951154212,-0.908826
-0.038587,-0.030284,-0.022714,0.7238656966,-0.3850878356,-0.980095
-0.038597,-0.019107,-0.035052,0.0979377130,-0.2284989051,-0.584308
-0.051842,-0.020480,0.010521,-0.4348561087,0.6000471257,-0.563508
-0.034126,-0.018845,0.007829,-0.2105639669,0.0173505112,-0.429295
-0.043862,-0.015503,0.013091,-0.8236592993,0.1138842455,-0.321995
-0.036910,-0.028233,0.004734,-0.9953448504,0.2721241481,-0.757526
-0.033178,-0.015477,-0.005117,-0.0538152603,-0.4071547651,-0.637510
-0.041157,-0.023926,-0.002638,-0.4453546245,-0.4861828370,-0.049592
-0.041958,-0.005627,-0.010181,-0.7210066416,0.0106478641,0.046645
-0.037419,-0.018330,-0.007992,0.8179226779,-0.6823683652,-0.275772
-0.026708,-0.005505,-0.011567,-0.3562500563,0.3508708022,-0.042305
-0.041026,-0.014036,0.008844,-0.6705401031,0.8497164729,-0.374455
-0.037422,-0.022479,-0.020872,0.0118986794,0.0148271173,-0.644912
-0.044798,-0.022662,-0.017898,0.6108438564,-0.2336374052,-0.559454
-0.032616,-0.022433,-0.018348,0.9537554384,-0.2619631228,-1.101355
-0.048799,-0.014348,0.004045,-0.1769989689,0.1553227929,-0.718422
-0.037186,-0.023519,-0.005409,-0.0023750682,0.3122362611,-0.849096
-0.033270,-0.008239,0.000299,-0.4369827481,0.1615776783,-0.339123
-0.031189,-0.014640,-0.006909,-0.0938403453,-0.2310842459,-0.898799
-0.045635,-0.015881,0.004114,-0.2389843400,-0.3185170190,-0.661689
-0.035334,-0.017575,0.016941,-0.4842017186,-0.3309719778,-0.807429
-0.045809,-0.017095,0.018048,-0.7566527551,0.0134249844,-0.750213
-0.045621,-0.007507,0.024698,-2.1986557653,1.3483125062,-0.667193
-0.040353,-0.012812,-0.001637,-1.0428280673,0.4307068038,-0.457819
-0.020189,-0.005114,0.017004,-0.7446890436,0.9904207406,0.030611
-0.038597,-0.005564,0.008131,-0.9119668991,0.8924269960,-0.249089
-0.023124,-0.012966,-0.031481,0.8355990876,-0.1113299256,-0.162147
-0.043094,-0.010402,-0.014229,-0.5791872750,0.3913322127,-0.274978
-0.032603,-0.013925,-0.022192,0.3489570884,0.2741934068,-0.667613
-0.029977,-0.011640,-0.020521,0.1293409932,0.5399431718,-0.508956
-0.023166,-0.019948,-0.025379,0.5655803416,0.1843338873,-0.373543
-0.035692,-0.017240,-0.007962,0.1614159357,0.0886106017,-0.937774
-0.025720,-0.021556,-0.012190,0.1525481378,-0.3199248748,-0.645870
-0.030053,-0.016629,-0.011278,0.1142101096,-0.5481802875,-0.976412
-0.035728,-0.035575,0.000667,-0.5094125431,-0.5159984066,-0.846880
-0.030089,-0.017020,0.006671,-0.4216759949,-0.8387802475,-1.071399
-0.039103,-0.026381,0.005440,-1.3723676553,0.2642714944,-0.308481
-0.027171,-0.008436,0.009907,-0.7778102735,0.3247850877,-0.420491
-0.030207,-0.020361,-0.006672,-0.2817063347,-0.2995556845,-0.094896
-0.032623,-0.005787,0.003388,-0.6098412897,0.2627159017,-0.232851
-0.033903,-0.019393,-0.009206,-0.3005180985,-0.4049026151,-0.493457
-0.024305,-0.012316,-0.024549,-0.1006114939,-0.7121422193,-0.071601
-0.041013,-0.026001,0.000549,-0.5506279919,0.4224483420,-0.208846
-0.021144,-0.014069,-0.019858,0.0618732968,0.1014396936,-0.164093
-0.030450,-0.014739,-0.014242,1.4441982750,-0.8000552114,-0.459835
-0.030289,-0.012159,-0.010510,-0.4765218131,0.7719680088,-0.026346
-0.044174,-0.020637,-0.004519,0.1044096842,0.2315268779,-0.574546
-0.023179,-0.015743,-0.051123,1.5648118536,-0.7072343653,-0.558022
-0.044171,-0.023079,-0.015561,-0.0280540404,0.5944929767,-0.545247
-0.032200,-0.017342,-0.025162,0.6330845780,0.4081366545,-0.446928
-0.036575,-0.009762,-0.008179,-0.4030791024,1.0165805152,-0.091128
-0.033677,-0.020315,-0.004024,0.0887500459,0.4001475887,-0.672767
-0.040996,-0.019472,-0.011462,-0.1041959428,-0.2660626670,-0.598764
-0.035938,-0.012707,-0.007342,0.3396092906,-0.5231574540,-0.454593
-0.054034,-0.017870,0.026224,-3.2902004371,1.8297756759,-1.164535
-0.034743,-0.022140,-0.011281,0.0900960995,-0.6481969782,-0.504788
-0.036916,-0.015375,0.010061,-0.5949743925,-0.1617998770,-0.547785
-0.038768,-0.024750,0.009763,-1.1812108213,0.4224788431,-0.445270
-0.040944,-0.020056,0.004777,-0.6959498820,-0.0755105551,-0.733443
-0.027775,-0.016383,-0.001693,0.0432961880,-0.2427528027,0.184114
-0.037002,-0.024540,0.002617,-0.2804163424,-0.1672893522,-0.576447
-0.033535,-0.010691,0.002361,0.3499112306,0.2315860295,-0.255129
-0.043281,-0.016800,0.004531,-0.3928459187,0.5778629093,-0.143792
-0.029029,-0.013380,-0.013086,0.2611396098,0.0322290720,-0.612980
-0.040117,-0.023867,0.011680,-0.8563885195,0.9621175731,-0.625998
-0.031950,-0.015349,-0.041200,0.1112751899,0.0803202825,-0.439874
-0.037579,-0.019301,-0.024719,1.3745355436,-0.2296766018,-0.369735
-0.027082,-0.016035,-0.048691,1.4159283704,-0.7203301225,-0.738852
-0.049866,-0.025525,-0.005819,0.0988841148,0.0524903108,-0.378165
-0.038551,-0.022170,-0.021476,-0.0332086745,0.0280168886,-0.900292
-0.051313,-0.031525,0.008092,-0.4961507125,0.1052617577,-0.764120
-0.031589,-0.017804,-0.002642,-0.3371500617,0.1171709634,-0.189693
-0.052698,-0.031003,0.011450,-0.4812281565,-0.1694776171,-0.654792
-0.037176,-0.015004,-0.013310,-0.2940892815,-0.4075415775,-0.474983
-0.040586,-0.015779,0.002722,-0.8034924261,0.2414642944,-0.884904
-0.025293,-0.012979,-0.016451,-0.3276935213,-0.2445358282,0.289536
-0.042385,-0.017243,0.005075,-0.9105453626,0.5375831694,-0.004439
-0.036158,-0.008239,0.001970,-2.0049346137,1.4700553832,-0.131249
-0.036201,-0.014932,-0.003856,-0.5480009527,0.6766285074,-0.136662
-0.022273,-0.010478,-0.011993,0.0588109434,0.6569455420,-0.176691
-0.040058,-0.012011,-0.021332,0.5785034667,-0.0462466034,-0.240699
-0.034258,-0.020361,-0.012325,0.2656861957,0.1645019898,-0.284667
-0.041637,-0.019442,-0.026508,0.1201239596,0.3863328012,-0.421115
-0.040862,-0.024556,-0.023429,0.4543648764,0.3878010510,-0.210261
-0.046619,-0.021550,-0.005786,-0.1823304444,0.5099264066,-0.319514
-0.034235,-0.018838,-0.013877,-0.1424032398,0.4017383536,-0.262885
-0.033913,-0.017844,-0.002789,-0.1253659219,-0.3204421462,-0.473171
-0.042808,-0.034220,-0.007270,-0.5746275697,-0.5234121461,-0.452407
-0.054891,-0.020978,0.005922,0.0459114815,-0.7411049814,-0.333730
-0.035676,-0.025272,0.000582,-0.2750076956,-0.6179093013,-0.288334
-0.029107,-0.024126,-0.019760,-0.1328517415,-1.3638319662,-0.753912
-0.053965,-0.020414,0.028115,-1.9894573557,1.0999107805,-0.296639
-0.038485,-0.008223,-0.001956,-0.6734068831,0.4348930642,-0.360242
-0.044118,-0.013760,0.000152,-0.7414112804,0.7021879930,-0.275490
-0.022375,-0.008469,-0.004191,0.0409980037,0.2861186255,-0.170084
-0.046432,-0.015697,0.000168,-0.7801596643,0.6793078235,-0.183529
-0.018889,-0.015641,-0.006906,0.1609302813,0.4504254236,-0.245665
-0.030371,-0.021609,-0.016228,0.0368598574,0.1426171458,-0.130146
-0.019437,-0.023411,-0.034511,1.1831226686,-0.6360914263,0.377598
-0.027627,-0.015654,-0.010956,-0.0040203297,0.2018025847,-0.607482
-0.019066,-0.026417,-0.047838,1.4447443361,-0.6245754059,-0.160883
-0.025050,-0.016038,-0.026994,0.7068309330,-0.4105289117,-0.749664
-0.035469,-0.029605,-0.027526,0.2032884984,-0.1368299922,-0.385648
-0.036880,-0.028456,-0.011852,-0.2879158568,0.1570311077,-0.576207
-0.031366,-0.027333,-0.003341,-0.4032198213,-0.2079732171,-0.767166
-0.030158,-0.016534,-0.012663,-0.4047366583,-0.2683104558,-0.991111
-0.041102,-0.019751,0.007288,-0.1587045732,-0.3626483842,-0.555630
-0.030860,-0.017069,-0.000423,-0.2702440647,-0.3378064505,-0.027984
-0.045943,-0.018937,0.014069,-0.8641888580,-0.1858370093,-0.061495
-0.030375,-0.013504,0.005821,-0.5918055896,0.1920726506,-0.530230
-0.037228,-0.014391,0.009149,-0.6112028508,0.1886416087,-0.581722
-0.023261,-0.007205,0.005144,-0.1575792838,0.3227106742,-0.055054
-0.039040,-0.015694,-0.005698,-0.9331464078,1.0198710108,-0.251344
-0.021098,-0.013301,-0.017495,0.4428985205,0.1511107401,0.430783
-0.037757,-0.021756,-0.021243,-0.1216805360,0.3987611293,-0.455292
-0.021761,-0.018723,-0.030720,0.3995382673,0.4599805786,-0.500192
-0.040481,-0.010649,-0.023190,0.2320019627,0.3199051869,-0.376973
-0.027749,-0.022935,-0.016438,0.2816126063,0.3189533421,-0.300840
-0.032203,-0.014141,-0.021443,-0.0631587258,0.1810978780,-0.914932
-0.029675,-0.022567,-0.026387,0.4585784282,-0.3728068631,-0.634490
-0.038137,-0.014371,-0.004240,-0.3776713516,-0.3543779696,-1.024470
-0.032186,-0.028348,0.006303,-0.9332117007,-0.1522820798,-0.679932
-0.037648,-0.026982,0.000880,-0.2095714932,-0.7541744740,-0.719118
-0.023495,-0.021195,-0.012541,-0.4014509823,-0.1676734981,-0.563215
-0.038065,-0.020634,0.016840,-1.7551086910,0.8134245744,-0.565913
-0.029423,-0.027199,-0.003777,-0.6860552520,-0.1462305533,-0.288452
-0.027542,-0.016426,-0.009755,-0.2616563830,0.0519998505,-0.487794
-0.032590,-0.017345,-0.011087,-0.7528698382,0.1246151887,-0.138875
-0.033453,-0.008705,-0.013008,-0.1080886593,-0.0113930496,-0.267244
-0.026669,-0.022383,-0.018246,0.2650642619,-0.1759072312,-0.281631
-0.030617,-0.012392,-0.012190,-0.4504515222,0.7021130771,-0.694503
-0.022838,-0.023483,-0.022681,0.3573034385,0.0357637092,-0.063227
-0.031825,-0.011860,-0.021608,0.2842774983,0.1974390706,-0.540435
-0.020071,-0.020808,-0.036438,1.2938292352,-1.3047280284,-0.602069
-0.029859,-0.014699,-0.022858,0.5355824437,-0.1200359959,-0.572961
-0.026774,-0.023247,-0.015666,0.4580667473,-0.4180251204,-0.628493
-0.028993,-0.021619,-0.017521,0.1069746267,-0.2810025114,-1.048714
-0.030667,-0.035152,-0.004329,-0.4373227725,0.0361587387,-0.929105
-0.028760,-0.010606,0.007291,-0.5443916913,-0.0320800686,-0.645234
-0.031576,-0.027153,0.007655,-0.3235589344,-0.4613485136,-0.468481
-0.027105,-0.015832,-0.003216,-0.5154793899,-0.3859924935,-0.385264
-0.039034,-0.030366,0.002725,-0.2849455857,-0.2326562319,-0.417728
-0.028110,-0.017798,-0.028563,-0.0274764981,-0.9716986907,-0.147232
-0.039910,-0.021976,0.004882,-0.6586295659,0.1138301285,-0.141753
-0.024440,-0.013317,-0.005658,-0.0723748989,-0.1322150021,-0.154082
-0.029396,-0.014056,-0.004923,0.6376904039,-0.2785798210,-0.287737
-0.025730,-0.008200,0.010107,-1.1088884323,1.2335448954,-0.546366
-0.038876,-0.008203,-0.011471,-0.6141783984,0.6629138091,-0.241671
-0.022923,-0.013472,-0.028904,0.8570408510,0.2286382982,-0.363042
-0.031366,-0.006480,-0.035742,0.3575170959,0.2602457746,-0.317656
-0.029472,-0.023053,-0.019477,0.3300761476,0.4597866580,-0.417727
-0.031359,0.001011,-0.025159,0.4290054186,0.1594771817,-0.355749
-0.029104,-0.024615,-0.023016,0.0121177128,-0.0760715057,-0.496939
-0.026567,-0.018064,-0.012171,0.0211890042,-0.5385055682,-0.886690
-0.034757,-0.032451,-0.008218,-0.0853022480,-0.7901718275,-1.111126
-0.037501,-0.023306,-0.003790,-1.3022897130,0.1798340509,-0.718691
-0.040415,-0.032103,-0.003521,-1.3519874981,-0.2612270379,-0.913245
-0.028051,-0.012106,-0.000968,-0.2078797099,-0.5464922195,-0.560140
-0.055820,-0.025518,0.024396,-3.2267418643,1.8939651481,-0.737362
-0.022424,0.000906,-0.017019,-0.5839173601,0.0492614649,0.044903
-0.038784,-0.022679,-0.009000,-0.4241096190,0.2344905919,0.026600
-0.034195,-0.008072,-0.037948,-0.3580047101,0.1215476528,-0.277305
-0.041886,-0.019196,-0.017692,0.4935463509,0.3490253556,-0.931905
-0.026222,-0.010872,-0.037626,0.9474013743,-0.1321966846,-0.728381
-0.044305,-0.012454,-0.010467,0.0566662212,0.5419227742,-0.837207
-0.026170,-0.009979,-0.004509,0.1176199933,0.3415558043,-0.394954
-0.044049,-0.019163,-0.014110,-0.5321655263,-0.0196417296,-1.169160
-0.035764,-0.007780,0.005630,-1.0221517112,0.5184673032,-0.817388
-0.045191,-0.010895,0.002945,-0.0997828335,-0.7526229374,-1.225986
-0.023826,-0.018339,0.004084,0.1521173374,-0.5401350430,-0.046109
-0.029954,-0.000371,0.012421,-1.3051093939,0.5737022203,-0.252572
-0.026652,-0.012684,-0.011038,-0.0312050184,-0.3547626773,-0.160916
-0.027381,-0.000969,-0.004893,-0.2290558549,0.0053196216,-0.174913
-0.023639,-0.021241,-0.022103,0.8281818955,-0.5705628791,-0.204740
-0.031743,-0.002298,-0.021683,0.1181133969,0.0220124045,-0.256196
-0.033890,-0.019265,-0.018164,0.2270584877,0.0412248370,-0.510404
-0.017852,-0.006224,-0.015053,1.2152701064,-0.5326784309,-0.456454
-0.028402,-0.015195,-0.030027,1.5958708128,-0.9271926700,-0.547584
-0.027670,-0.005663,-0.033913,-0.2691630687,0.1003798895,-0.969407
-0.040642,-0.022767,-0.004181,0.6175117315,-0.4700103068,-1.121568
-0.033279,-0.006769,-0.036759,0.2386053093,-0.2220034814,-1.303261
-0.050814,-0.021143,-0.001506,0.0122081232,-0.0968829104,-0.884399
-0.029826,-0.007422,0.011765,-0.1047382486,-0.0075319681,-0.654362
-0.060195,-0.013961,0.029966,-3.3704879694,1.8724415907,-0.701239
-0.029879,-0.011863,-0.005829,-0.2908939241,-0.1393250561,-0.422901
-0.042628,-0.011893,-0.000941,-0.5719904344,-0.0054764938,-0.495036
-0.023127,-0.004333,-0.002372,0.0986725640,-0.0191441058,-0.468983
-0.035334,0.004897,-0.012400,-0.3499872798,0.2771242493,-0.230599
-0.022956,-0.025029,-0.025655,0.7067605385,-0.2454388385,0.048008
-0.029278,-0.002127,-0.008665,-0.7792358447,0.6513399259,0.053903
-0.035689,-0.017867,-0.019815,0.0820638534,-0.2723972365,-0.450362
-0.024492,-0.001310,-0.057544,1.4795585411,-0.8036834341,-0.631480
-0.044308,-0.014151,-0.017784,0.6170069648,0.1771074116,-0.720861
-0.033046,-0.015940,-0.028300,0.1126604489,0.0613836215,-0.972555
-0.046580,-0.024333,-0.006124,-0.4291270530,0.5336281413,-1.126948
-0.031576,-0.012040,-0.003065,-0.1123276470,0.0958688084,-0.440278
-0.042503,-0.013580,-0.003114,-0.3456474323,-0.4331689142,-0.666688
-0.027450,-0.009129,-0.000803,0.1884014790,-0.5914130662,-0.316996
-0.033686,-0.013705,0.002791,-0.3777276421,-0.4796154676,-0.410575
-0.037698,-0.023450,0.004747,-0.6567866368,-0.0591018247,-0.698140
-0.029748,-0.004688,-0.009620,-0.2298292944,0.0275599851,-0.277108
-0.026478,-0.016967,-0.021693,1.1582296988,-0.9114673149,0.210833
-0.029971,-0.014069,-0.026548,-0.7935182037,0.7076121545,-0.100936
-0.044571,-0.020059,-0.005071,-0.4605763447,0.6414663703,-1.021509
-0.030749,-0.009716,-0.025967,0.3893291878,0.2797659342,-0.288206
-0.038348,-0.012037,-0.028816,1.1248373314,-0.4459645918,-0.567204
-0.034336,-0.018973,-0.018699,0.4455678452,-0.3876998540,-0.532977
-0.047883,-0.016275,-0.015663,-0.1825984233,0.1138502534,-0.641646
-0.027250,-0.021107,-0.005704,0.4094058568,-0.5576902551,-0.045249
-0.035607,-0.012907,0.004770,-0.5094491715,0.0390041511,-0.382845
-0.028861,-0.014072,-0.001975,-0.2268069768,-0.3701052073,-0.275480
-0.031569,0.000443,-0.000482,-0.8082773931,0.0417824886,-0.062634
-0.023980,-0.009152,0.002397,-0.3747900121,0.0646066568,-0.016085
-0.033923,-0.017739,-0.007818,-0.6003509618,0.3632416318,0.003081
-0.027827,-0.016656,-0.021535,0.7647891410,-0.3507663507,0.296127
-0.020452,-0.003995,-0.034665,1.3234816426,-0.0394905521,-0.026779
-0.032849,-0.024954,-0.027404,0.2218422640,-0.0974199275,-0.321102
-0.033440,-0.017092,-0.021289,0.5611245665,-0.2722117414,-0.671404
-0.042218,-0.024133,-0.026255,0.6162047065,-0.1210661405,-0.605976
-0.038620,-0.017082,-0.013336,-0.2408986821,-0.4608567569,-0.538620
-0.057980,-0.025443,0.016269,-1.0585712286,0.3246528486,-0.875362
-0.029472,-0.012608,-0.006502,-0.6937707416,0.1116738267,-0.437511
-0.041761,-0.021261,0.007307,-0.1556456069,-0.1330020991,-0.448642
-0.024069,-0.006007,-0.013907,-0.1450902369,-0.1137736620,0.030148
-0.042917,-0.016321,-0.006403,-0.3149815791,0.5548299016,-0.322258
-0.023147,-0.013206,-0.028143,0.4750172847,-0.0735459284,0.190183
-0.049173,-0.014519,-0.011462,0.1569178249,0.4814536453,-0.153918
-0.035042,-0.014423,-0.020626,-0.5738186935,0.9465788685,-0.563786
-0.034225,-0.018162,-0.004092,-0.2784350457,0.1807643542,-0.449577
-0.024364,-0.018418,-0.010894,-0.1350709050,-0.0866516700,-0.626517
-0.041321,-0.017427,0.004839,-0.3699496196,-0.1035595374,-0.979694
-0.025037,-0.017430,0.005023,0.1718718189,-0.6560972773,-0.343295
-0.028149,-0.010228,-0.001650,-0.1073575406,-0.6145007149,-0.728683
-0.023655,-0.014341,-0.001220,-0.0717550437,-0.4389033814,-0.645174
-0.028100,-0.005810,0.012372,-2.1619190208,1.3601004142,-0.094864
-0.026915,-0.014847,-0.010155,-1.1518212837,0.8335190154,0.285099
-0.031648,-0.012658,-0.005025,-1.4789858972,1.2986292823,-0.222321
-0.034494,-0.017795,-0.021644,-0.4209832580,0.5380496080,0.008747
-0.026061,-0.009920,-0.040918,0.2007921221,0.0423081572,-0.358128
-0.039004,-0.026112,-0.017715,0.3638439929,0.1161882817,-0.658232
-0.027023,-0.025124,-0.016343,0.0183149641,-0.1898275516,-0.746526
-0.044466,-0.021379,0.014549,-1.1605676719,0.7933518266,-0.752747
-0.028963,-0.008561,-0.001457,-0.2856383727,-0.1512701741,-0.236255
-0.033772,-0.016426,-0.003620,-0.3486726355,-0.2978627199,-0.334029
-0.022891,-0.015812,-0.000377,-0.0833508501,-0.2911099072,0.060688
-0.025694,-0.017962,-0.003873,-1.1478828743,0.2656705406,-0.085978
-0.016555,-0.016232,-0.020183,-0.2017203437,0.1955441158,0.125720
-0.007611,-0.007504,-0.033395,2.5435598457,-1.3697611152,-0.308258
-0.021706,-0.017955,-0.026682,-0.1552736193,0.3683862023,-0.357193
-0.017008,-0.010649,-0.009837,0.3311874720,0.2352555284,-0.433145
-0.025398,-0.024018,-0.029331,1.1083274992,-0.2484404599,-0.488287
-0.023951,-0.010508,-0.035144,0.7750444347,-0.5968776610,-0.642463
-0.029721,-0.024973,-0.029558,0.4705753070,-0.4282976595,-0.835598
-0.031093,-0.016377,-0.016914,-0.0979233761,0.0212357374,-1.228191
-0.045441,-0.036800,-0.003505,-0.3533216985,-0.0805151332,-0.712303
-0.027732,-0.008374,-0.009594,-0.6832506761,0.0016031147,-0.451383
-0.052908,-0.021674,0.025948,-2.6369532748,1.5404809508,-0.800096
-0.025205,-0.012953,-0.002753,0.0949837692,-0.4791012859,-0.429062
-0.030936,-0.002410,0.008404,-0.7487672688,-0.1636249526,0.057550
-0.019129,-0.011486,0.002988,-0.5843786627,-0.1679935346,-0.143496
-0.033641,-0.005141,0.011007,-2.0543546368,1.3140033923,-0.151226
-0.023774,-0.012989,-0.002674,-0.6876073268,0.5283651743,-0.228718
-0.022539,-0.015845,-0.005425,0.2528324181,-0.0576094060,0.216095
-0.017196,-0.018129,-0.031255,0.6032146811,0.1017044755,-0.022111
-0.021167,-0.009260,-0.042208,1.1625771120,-0.3280533744,-0.445175
-0.037786,-0.026454,-0.021069,0.0455412573,-0.3084062286,-0.724127
-0.029725,-0.013386,-0.028126,-0.0179770261,-0.0512831226,-0.584988
-0.039923,-0.023056,-0.013142,0.0613599436,0.3443825399,-0.990776
-0.031221,-0.010140,-0.018916,-0.4669769471,0.1238722017,-0.488500
-0.036299,-0.012976,0.014092,-0.6740729076,-0.1341745239,-0.668824
-0.026954,-0.013472,0.013751,-0.3783090242,-0.4758884509,-0.499480
-0.035124,-0.019081,0.001868,-0.0587437822,-0.7025892153,-0.696023
-0.045218,-0.028206,0.009352,-2.0654420528,0.6679654244,-0.382057
-0.018220,-0.001760,-0.000383,-0.2021478151,-0.0398522864,-0.286903
-0.029285,-0.028774,-0.014288,-0.1579921125,0.0101256340,-0.208042
-0.018738,0.003637,-0.028130,0.1220971546,0.3528284752,0.038380
-0.039014,-0.018533,-0.017180,-0.1664875932,0.4501990298,-0.277019
-0.033145,-0.014515,-0.053227,-0.1342207989,0.4249787568,-0.466052
-0.040872,-0.018806,-0.015512,0.4806098471,0.4459546738,-0.969929
-0.031996,-0.013353,-0.023945,0.2118612264,0.2491444083,-0.461670
-0.039191,-0.012779,-0.020685,0.3652763711,0.7834352335,-0.074125
-0.025776,-0.010885,-0.015085,0.0836854990,0.4715915361,-0.583947
-0.029275,-0.007123,-0.017294,-0.1290422683,0.0166382350,-0.519053
-0.019789,-0.029296,-0.014189,0.7737012879,-1.0963900595,-0.808167
-0.032610,-0.013816,0.005006,-0.3425947869,-0.7265255774,-0.502687
-0.042657,-0.026545,0.004563,-0.3356623239,-0.3719761991,-0.683195
-0.029098,-0.015953,-0.014153,-0.9578351974,0.0488687728,-0.655461
-0.044210,-0.017351,0.021343,-1.1599446370,0.6244589548,-0.382826
-0.026426,-0.011456,0.017785,-0.4242769749,0.4010927230,-0.650830
-0.032610,-0.004182,0.009585,-0.2734436914,0.0201216334,-0.235342
-0.022333,-0.021514,-0.003669,-0.2804094160,0.0386486446,-0.115402
-0.023501,-0.009674,-0.020203,0.0982819433,-0.0914106807,-0.052825
-0.034924,-0.023565,-0.020708,-0.1590022376,0.7044240459,-0.453503
-0.022559,0.003879,-0.038614,-0.2718149011,0.8980607811,-0.299872
-0.035866,-0.018014,-0.015850,0.6498529314,0.4063662946,-0.094256
-0.018981,-0.000197,-0.024988,1.0521960155,0.1753389584,-0.138241
-0.027427,-0.005183,-0.041709,0.2542472590,0.3813991703,-0.298772
-0.030312,-0.024944,-0.027230,0.1300306035,-0.1885363882,-1.005885
-0.032767,-0.017414,-0.025908,0.5425321511,-0.2343927495,-0.672245
-0.038305,-0.026585,-0.016897,-0.3608728073,-0.1406120373,-0.944799
-0.031809,-0.015093,-0.026393,-0.7084727016,-0.5006327150,-0.478735
-0.045989,-0.029519,0.019203,-1.2679251508,-0.0733747813,-0.260591
-0.027906,-0.008394,-0.000879,-0.7545359884,-0.5339046681,-0.395233
-0.048989,-0.022377,0.008666,-1.1363452095,0.3129903622,-0.577825
-0.014737,-0.012054,0.005285,0.8851829330,-1.5495901860,-0.102722
-0.038617,-0.018878,0.013206,-0.6241014492,0.0227345809,-0.138333
-0.027693,-0.020105,-0.002907,-0.1723142945,-0.2146471130,-0.376234
-0.038308,-0.016097,0.009871,-0.0967139738,0.2320924837,0.020429
-0.025477,-0.012900,-0.006860,-0.1591944148,0.1233291852,-0.107281
-0.024030,-0.008991,-0.015479,0.1558183878,0.0644193644,-0.341624
-0.022766,-0.015671,-0.022441,0.3716757472,0.0201392781,-0.124366
-0.030375,-0.009172,-0.029321,0.4389293102,0.1385898663,-0.353609
-0.020317,-0.019167,-0.021975,0.3774815359,0.6379191992,-0.310684
-0.029488,-0.005472,-0.021716,0.2884944437,0.2628950342,-0.488047
-0.025891,-0.025850,-0.029544,-0.0521808677,-0.2665979140,-0.456591
-0.022152,-0.008098,-0.025615,0.3852568378,-0.0245655830,-0.713889
-0.035561,-0.014578,-0.020574,0.0211573378,-0.2932104160,-0.614001
-0.029088,-0.012582,-0.025583,0.0987499643,-0.5673020445,-1.018348
-0.040018,-0.025636,-0.007362,0.1174268038,-0.6668608096,-0.773488
-0.023012,-0.015727,-0.006722,-0.4307716809,-0.9091744377,-0.745876
-0.041837,-0.018806,0.023464,-1.2524099957,0.2124302556,-0.556936
-0.028504,-0.006487,-0.002845,-0.6369341099,0.3753077606,0.028028
-0.032518,-0.003969,-0.000646,-0.5302924249,0.2390405773,-0.057844
-0.031254,-0.008170,0.007603,-0.1453564064,0.3261373188,-0.384674
-0.029495,-0.013547,-0.011485,-0.1302591918,-0.1187175384,-0.496198
-0.039857,-0.011853,-0.022234,-0.4474686737,0.7169955224,-0.470365
-0.034917,-0.007780,-0.026620,-0.0281341680,0.9023061917,-0.453119
-0.031944,-0.021038,-0.018269,-0.3088137425,0.3985609079,-0.552846
-0.032213,-0.008604,-0.009525,0.1676338489,0.0381883434,-0.502172
-0.032945,-0.026920,-0.013040,-0.2092437649,-0.6936368320,-0.613092
-0.022608,-0.009536,-0.007145,0.8769551027,-1.3003932061,-0.498748
-0.032616,-0.024845,-0.007513,0.1287787355,-0.3801266872,-0.393907
-0.030952,-0.010330,-0.017239,0.6336813452,-0.9798577142,-0.857335
-0.037560,-0.026424,0.011552,-0.8520545304,-0.0403957374,-0.700904
-0.032751,-0.011059,-0.010716,-1.6415628803,0.5277436876,-0.352732
-0.045749,-0.024714,0.009976,-1.5465107919,0.7776947339,-0.360334
-0.032836,-0.007957,-0.028527,-0.5823399266,-0.2923263401,-0.241586
-0.040061,-0.018917,-0.010428,-0.1163916402,-0.0055462344,0.009048
-0.024936,-0.010258,-0.023295,0.0949226163,0.1609267941,-0.057106
-0.041144,-0.016265,0.003208,-0.3668187806,0.7282712349,-0.794187
-0.024302,-0.010311,-0.028366,0.4944930413,0.8047390715,-0.348632
-0.030791,-0.011617,-0.012870,0.5315319222,-0.8321857049,-0.361395
-0.027158,-0.016147,-0.007995,0.1212452897,-0.4602689980,-0.823467
-0.038702,-0.022012,-0.007234,-0.1712220722,-0.4995153283,-0.890110
-0.029928,-0.021343,-0.009436,-0.2593561878,-0.4977300945,-0.608618
-0.034343,-0.023916,0.008158,-0.8744515844,-0.2262545729,-0.357751
-0.037271,-0.024494,0.007107,-1.4611447534,0.7534090499,-0.214239
-0.027233,-0.005370,0.000802,-1.3235200323,0.6665520592,0.156896
-0.029124,-0.014601,-0.004933,-0.5524050589,0.2542783716,-0.120214
-0.023731,-0.008394,-0.031156,0.0619221032,0.6475502288,-0.079380
-0.028051,-0.017516,-0.028556,0.2423377568,-0.0633986926,0.090105
-0.033444,-0.011548,-0.014554,0.2004130014,0.6288655009,-0.582687
-0.035630,-0.015425,-0.015814,0.3589802599,0.4026000491,-0.247891
-0.026091,-0.014309,-0.016625,0.1200287801,0.2022199455,-0.337393
-0.039080,-0.020604,-0.019159,0.3979124883,-0.2040693534,-0.397304
-0.034599,-0.011371,-0.023006,0.0216695742,-0.3635271965,-0.613916
-0.046252,-0.019396,0.008765,-0.2422919103,-0.5174178989,-0.484460
-0.032062,-0.014345,-0.009423,0.1405690475,-0.4155992678,-0.734178
-0.033457,-0.012671,0.007527,-0.4147537957,-0.5252006467,-0.518899
-0.029278,-0.029946,0.004347,-1.0640228309,-0.0609296036,-0.295237
-0.015981,-0.011400,-0.015053,0.9852577436,-1.1955375296,0.156965
-0.039821,-0.018517,-0.001010,-1.1252864972,0.4201346138,-0.337613
-0.021423,-0.005528,-0.034458,-0.2650657954,-0.2961854250,-0.382947
-0.046570,-0.016872,0.003083,-0.3020464628,0.4332981801,-0.360961
-0.031806,-0.013061,-0.029935,0.0497732922,0.2529398710,-0.397738
-0.040639,-0.005630,-0.026649,0.3414240133,0.4227797380,-0.337764
-0.031159,-0.017371,-0.021782,0.3944649241,0.1464512904,-0.090944
-0.032925,-0.008308,-0.014196,0.0232402580,0.1457473077,-0.621515
-0.031120,-0.022804,-0.024752,0.1065065358,-0.2702452686,-0.377160
-0.021939,-0.003513,-0.010533,0.5071653797,-0.5468357946,-0.684954
-0.040849,-0.023125,-0.013595,0.1375315457,-0.8302663752,-0.854581
-0.029764,-0.017808,0.008762,-0.3342801367,-0.2504821807,-1.059979
-0.043586,-0.029165,0.008026,-1.2306303659,0.3663716810,-0.723569
-0.030043,-0.008246,-0.002684,-0.6491813098,-0.2070890119,-0.597143
-0.037192,-0.018097,0.009497,-0.3885920153,-0.2290891139,-0.193705
-0.024190,-0.001432,-0.024424,-0.4302833501,-0.7891966240,-0.355788
-0.041249,-0.006211,-0.004739,-0.2359154763,0.2399684088,-0.388760
-0.024945,-0.001947,-0.023249,-0.0246869991,-0.4186811367,-0.223499
-0.038623,-0.005256,0.002952,-0.3843852389,0.5304932366,-0.188814
-0.020744,-0.003480,-0.030979,-0.2358874489,0.2928109537,-0.078064
-0.034720,-0.009352,-0.002455,0.1515026542,0.2819162946,-0.211774
-0.029698,-0.002797,-0.013451,-0.4864340403,0.6824615277,-0.238815
-0.034290,-0.009628,-0.004864,-0.3145606621,0.5531169512,-0.454777
-0.033000,-0.011535,-0.012617,0.6104936396,-0.2133999984,-0.650433
-0.054290,-0.007274,-0.012640,-3.5662192897,2.7672809993,-0.886650
-0.021335,-0.019643,-0.024686,1.1251537858,-0.5758224767,-0.748427
-0.027177,-0.005912,-0.019960,0.2008741602,-0.1386357485,-0.288370
-0.032675,-0.016938,-0.005497,-0.1169072031,-0.2124792156,-0.621472
-0.023682,-0.007261,0.000060,-0.1015432325,0.0149979622,-0.703661
-0.029344,-0.023073,-0.008872,-0.4287443289,-0.4131389611,-1.012981
-0.017051,-0.006047,-0.019382,0.3501709440,-0.8435081336,-0.447864
-0.034097,-0.013334,0.016567,-0.4785457708,-0.3180115888,-0.338677
-0.028080,-0.007737,-0.007181,-0.6545251331,-0.3642507853,-0.408140
-0.041390,-0.012795,0.007265,-0.7146041277,0.0793753435,-0.361880
-0.022067,-0.003536,0.013170,-0.8390259844,0.6022363662,-0.000011
-0.026774,-0.002433,0.000611,-1.1172544012,0.8265926121,0.029130
-0.027765,-0.012812,-0.003886,-0.6903556844,0.5243608793,-0.011726
-0.021443,0.000771,-0.009591,-0.1857929485,0.2205171735,0.021863
-0.037609,-0.017214,-0.018371,0.0345157832,0.4208930902,-0.485658
-0.034822,-0.011896,-0.027463,-0.0460513971,0.1287926405,-0.795185
-0.039628,-0.012546,-0.009292,0.3495202955,0.5511049101,-0.329246
-0.032492,-0.011217,-0.012377,-0.1847975810,0.2129912006,-0.715048
-0.031116,-0.007560,0.000962,-0.1583607529,-0.0827488700,-0.733981
-0.032987,-0.013127,-0.015135,-0.0674626628,-0.6135647595,-0.260801
-0.033197,-0.009270,0.003799,-0.3961384539,-0.6755919289,-0.520947
-0.040041,-0.021825,0.000204,-0.3231762338,-0.4884416568,-0.759981
-0.026488,-0.005361,-0.014298,-0.2210879760,-0.6073136073,-0.376087
-0.037970,-0.014995,0.018290,-1.8649469107,1.0997811972,0.139158
-0.025986,-0.000542,0.004531,-0.9969997335,0.7193598064,-0.089714
-0.024837,-0.004954,-0.001775,-0.4515182793,0.3810293996,0.241380
-0.024190,-0.011824,-0.018650,0.0596366133,0.1718456442,0.255379
-0.025992,-0.001615,-0.013753,-0.2353005553,0.0932654831,-0.243713
-0.035170,-0.018694,-0.013310,-0.3546881486,0.2355001059,-0.230691
-0.024601,-0.002515,-0.021260,-0.3098695858,0.5451581337,-0.561462
-0.040596,-0.005613,-0.005819,0.2029285573,0.4397165715,-0.499070
-0.024341,-0.003545,-0.020075,0.7498934753,-0.1467044005,-0.425090
-0.041748,-0.006132,-0.010920,-0.1271342566,-0.0164069918,-0.483639
-0.031379,-0.019291,-0.003941,0.4032490030,-0.3843022387,-1.074412
-0.037028,-0.009949,-0.002300,-0.5113078238,-0.0651171292,-0.806529
-0.044003,-0.020706,-0.000009,-1.1291528693,0.1462398609,-0.738369
-0.034983,-0.015106,-0.027017,-0.4313428559,-0.6888557419,-0.619762
-0.049682,-0.018609,0.019098,-1.1881412922,0.3368569153,-0.554090
-0.029741,-0.006487,0.001166,-0.5936348286,0.1630003158,-0.229985
-0.034904,-0.004159,0.011154,-0.4802209201,0.0419669676,-0.341749
-0.025989,-0.009759,-0.000538,-0.2233352763,-0.0197700457,-0.023077
-0.039070,-0.003893,0.015412,-2.5396504357,1.5522584118,-0.128049
-0.029583,-0.013206,-0.017596,-0.3068090821,0.0792130817,0.143583
-0.026061,0.003410,-0.009279,-0.4051712039,0.6054228891,0.115580
-0.043238,-0.020667,-0.004943,-0.2115468366,0.5028021308,-0.257774
-0.040068,-0.010048,-0.032873,0.2718442749,0.2810400959,-0.418483
-0.047351,-0.013130,-0.013566,-0.1279017754,0.9149476265,-0.576966
-0.031651,-0.003450,-0.020836,0.2424116866,0.6254633575,-0.017251
-0.037579,-0.015106,-0.012804,0.1512978621,0.5420095842,-0.692419
-0.030841,-0.011811,-0.005734,0.3809013453,-0.0449775174,-0.351534
-0.029006,0.000764,-0.018863,0.9850601974,-1.0717896896,-0.695380
-0.033240,-0.018014,0.004137,-1.2601889460,0.0986847183,-0.438138
-0.030069,-0.013790,-0.003984,-0.2166611749,-0.5854001630,-1.084181
-0.046097,-0.022925,0.014657,-1.1285699330,-0.3040384639,-0.583087
-0.034071,-0.006519,0.004402,-1.9213442312,0.9920541728,-0.508376
-0.040954,-0.009099,0.017929,-0.8171910169,0.4958636393,-0.191436
-0.025011,-0.001468,-0.002409,-0.1967483799,-0.1927781903,-0.104035
-0.020284,-0.000358,-0.019609,0.6891810953,-0.1647833274,0.134349
-0.037632,-0.013531,-0.005714,-0.2210044542,0.1387190567,-0.084350
-0.033778,-0.003056,-0.036027,-0.3320523157,0.1952785185,-0.055681
-0.037534,-0.008449,-0.018923,0.2780855844,0.3879403610,-0.233823
-0.026662,-0.007432,-0.032958,0.1340989926,0.1264102684,-0.503084
-0.027433,-0.008518,-0.003850,0.5816447843,-0.5566076816,-0.480639
-0.024207,-0.006828,-0.033841,1.4634863199,-0.5672133378,-0.407083
-0.032216,-0.009506,-0.019067,0.1868306932,0.0119022530,-0.441141
-0.052341,-0.029089,-0.010165,-0.0323577916,0.0744526610,-1.585078
-0.022054,-0.005410,-0.015528,-0.2584031220,0.1287266638,-0.578045
-0.031461,-0.013189,0.008236,-0.3954057186,0.0719192058,-0.617582
-0.027161,-0.011791,0.006493,0.0992932778,-0.3447769980,-0.560458
-0.027013,-0.011758,0.006050,-0.4618615223,-0.5933616227,-0.426420
-0.027243,-0.017952,-0.011790,0.3152820019,-0.9080195540,-0.058704
-0.031372,-0.005046,-0.003617,-1.0226432821,0.6165738773,0.086773
-0.043465,-0.012635,0.019988,-1.6341138888,1.3926877192,-0.283039
-0.023898,0.000308,-0.019523,-0.2470681392,0.5274534299,0.035508
-0.037543,-0.018477,-0.012039,-0.1559544366,0.2808649922,-0.640638
-0.027292,-0.012136,-0.027946,1.0699704258,-0.0798408599,-0.274226
-0.022211,-0.007415,-0.029413,0.7159583839,-0.0146857031,-0.490683
-0.033677,-0.020821,-0.017170,0.2041677128,-0.3921511481,-0.483852
-0.029547,-0.014039,-0.016848,-0.1736559696,-0.0825749624,-0.730954
-0.036897,-0.018152,-0.014642,0.1550951040,0.1998226002,-0.374081
-0.032800,-0.008889,-0.021864,-0.1794649183,-0.5625903567,-0.832159
-0.046938,-0.015835,0.002469,-0.4816503468,-0.0073748721,-0.646278
-0.032820,-0.013370,0.008030,-0.0631031651,-0.8361918880,-0.926558
