0.009354,-0.002434,0.010355,0.0486750000,-0.0019470000,1.014366
-0.002948,-0.016302,-0.004321,-0.7923900000,0.0067910000,-0.093910
-0.013642,-0.012537,-0.014536,0.3169880000,-1.2744660000,-0.079301
0.003170,-0.002165,0.027384,0.2790140000,1.0720890000,0.248563
-0.000923,-0.004919,0.012278,-0.2889460000,0.2442450000,-0.085649
0.006574,-0.002283,-0.015120,0.5452100000,-0.6529630000,0.370610
0.003554,-0.001856,0.004203,-0.2812980000,0.7896130000,0.348037
0.005619,-0.011047,-0.007981,-0.3709060000,-0.3071060000,0.358899
0.011600,0.003103,-0.005999,0.3992560000,-0.1413820000,0.132535
-0.007120,-0.016135,0.017950,-0.5476450000,0.4543440000,-0.218354
0.001322,-0.006156,-0.032921,-0.4766660000,-0.5754190000,-0.449546
-0.011184,-0.011129,0.011323,-0.0386570000,0.4363240000,-0.019183
0.000452,-0.002480,0.018278,-0.2307550000,1.3384000000,0.531456
0.002734,-0.002831,-0.011671,0.0175050000,-0.6126940000,-0.009378
0.012863,0.009412,-0.010463,0.3401300000,-0.2522860000,0.637502
-0.002531,0.002959,0.018488,-0.2832350000,0.6492200000,0.045911
0.002763,-0.012324,-0.015593,0.1188310000,-0.5014950000,-0.164975
0.003594,0.011457,-0.014661,0.5552900000,0.0480150000,0.185540
-0.012001,-0.013118,0.015285,-0.8467570000,-0.0242740000,-0.076455
0.007103,-0.007512,-0.026944,-0.3462310000,-0.6714200000,-0.133569
-0.011571,-0.005086,0.022276,0.2679290000,1.4016590000,-0.080797
0.002606,-0.005900,0.025487,-0.5626560000,0.4466570000,-0.276631
-0.002137,0.002588,-0.008864,0.2324790000,-1.1268650000,-0.334514
0.005635,0.001669,0.017015,0.1624050000,1.0308880000,0.300182
-0.001583,-0.000222,0.014142,-0.4640350000,-0.2142520000,-0.142829
0.011911,-0.001407,-0.022453,0.3552190000,-0.7671620000,0.227775
0.001342,0.006199,-0.013512,-0.5055610000,0.2718540000,0.304374
-0.018372,-0.000225,0.009915,-0.1400940000,0.0069250000,-0.283436
0.000292,0.004909,-0.018298,0.4258080000,0.1207770000,-0.404121
-0.008351,-0.001315,0.015278,-0.1835240000,0.8181600000,-0.071784
0.005159,-0.008831,-0.019952,-0.3946110000,-1.0109000000,-0.507967
0.007398,0.010335,-0.012902,0.2804550000,-0.4495340000,0.375787
-0.010964,-0.008539,0.025037,-0.1306710000,1.5413340000,0.201118
0.002284,-0.004341,-0.018721,-0.1021950000,-0.2641090000,-0.493698
-0.008226,-0.003153,-0.005148,0.6379190000,0.5403480000,0.224443
0.008146,-0.000353,-0.005667,-0.1175800000,-0.0863290000,0.352498
0.005580,0.002624,-0.000310,-0.0605180000,-0.5622860000,-0.171343
0.007897,-0.006757,-0.020274,0.3253650000,-0.1195600000,0.070530
0.004004,0.008923,-0.003117,-0.6344750000,-0.1374590000,0.430236
-0.002380,-0.015856,-0.006406,-0.2532470000,-1.3112300000,-0.404682
0.009666,0.002040,-0.009301,-0.1053140000,0.8308270000,0.053478
-0.006201,-0.012741,0.019142,-0.5013600000,0.2725200000,0.043187
0.000794,-0.007889,0.002024,-0.4311610000,-0.6819500000,-0.360359
0.008701,0.008680,-0.003648,0.7479100000,-0.3613480000,0.225372
0.009049,-0.003399,-0.001456,-0.0857700000,0.3785430000,0.302743
0.002038,-0.005894,-0.020461,0.3092420000,-0.3776750000,-0.303987
0.000134,-0.007840,-0.009534,-0.1588310000,-0.1918030000,0.436315
0.005642,-0.005201,0.005707,-0.2316510000,0.5084100000,-0.094518
0.002780,-0.012715,0.004899,-0.1573760000,0.2266290000,0.175493
0.009177,-0.001026,-0.021744,-0.1846760000,0.2159020000,0.407259
-0.005144,-0.010693,0.019440,-0.4245570000,-0.5530590000,-0.008518
-0.001967,0.000648,-0.020267,0.3121930000,-0.0363180000,0.017275
-0.004051,-0.009225,0.024440,-0.1505750000,0.9123000000,0.256152
-0.000887,-0.011477,-0.002959,0.3620990000,0.2744240000,-0.017787
0.006059,0.002496,-0.058741,0.9926450000,-0.8616740000,0.231126
-0.002197,-0.016673,-0.005943,-0.4585370000,0.2677280000,0.347417
0.002438,-0.013154,0.007391,-0.9736170000,-0.1206990000,-0.377349
-0.012221,-0.011618,-0.005437,0.4452960000,0.2845700000,-0.328461
0.008721,0.000172,0.007213,-0.2930890000,-0.5390820000,0.250112
-0.008722,-0.015774,0.029984,-0.8342410000,0.1347100000,-0.244729
0.002080,-0.006780,-0.018590,0.2819580000,-0.0885280000,0.163981
0.001375,0.000674,0.013824,-0.1687440000,0.5456750000,0.484560
0.002464,-0.013745,-0.013650,-0.2847050000,-0.8155750000,-0.274363
0.008209,0.006468,-0.039735,0.8890320000,-0.8136810000,0.515894
-0.013321,-0.023563,0.012866,-0.4274290000,1.4757180000,0.148586
0.005448,0.002536,-0.032849,-0.3530590000,-1.9207360000,-0.248684
-0.006966,-0.002815,-0.025132,1.1059910000,-0.0521720000,0.075151
-0.001212,-0.006659,0.001013,-0.2847220000,0.5670800000,-0.314435
-0.009920,-0.010299,0.007903,0.2367950000,0.0914710000,-0.037466
0.011192,-0.006048,-0.002673,-0.0463250000,-0.1016610000,-0.131054
-0.000657,0.001873,0.009652,-0.7653820000,-0.4192240000,-0.063981
-0.000765,-0.015216,-0.011014,0.2157020000,-0.2393430000,0.031351
0.000134,-0.006081,-0.010988,-0.4257580000,-0.0757560000,-0.023200
-0.011666,-0.007932,0.015511,-0.2621120000,-0.0920010000,-0.337793
0.001476,0.004016,-0.030558,1.2381450000,-0.3718220000,0.022967
0.005461,0.008927,0.006590,0.5636010000,1.1322800000,0.382181
-0.000385,-0.011021,0.010591,-0.3911580000,0.8221020000,-0.120268
-0.003943,-0.003110,-0.028355,0.0688430000,-0.2713070000,-0.248852
-0.007199,-0.006419,0.002684,-0.0594710000,-0.0210870000,0.011334
0.001962,-0.005835,-0.015065,-0.0205480000,-0.0088630000,-0.507245
-0.016403,-0.006429,0.005405,0.3826240000,0.9843330000,-0.232220
-0.010472,-0.006599,0.034119,0.0131690000,3.3171200000,-0.048767
0.006069,-0.001810,0.003225,-0.4594950000,-0.6589440000,-0.096993
0.007631,-0.002772,-0.014333,0.6097390000,-0.3135230000,0.296398
0.006998,-0.006494,0.002194,-0.5401320000,0.5652520000,-0.158187
-0.006628,-0.003468,-0.008884,0.3885910000,-0.8505530000,-0.391040
0.006410,0.001607,-0.016532,0.4203690000,-0.0004140000,-0.128406
-0.003454,-0.000422,0.019693,-0.3691040000,0.3118280000,0.002179
0.009220,-0.005099,-0.005132,0.2640720000,-0.3659340000,-0.044927
0.005261,0.009586,-0.021344,0.7935660000,0.3311580000,0.202005
0.003397,-0.011244,-0.003596,-0.4170010000,-0.2967730000,-0.178056
0.015296,0.002499,-0.034684,-0.0045260000,-0.4787380000,0.013455
-0.004839,-0.002316,0.001154,0.2957050000,0.4797180000,0.139445
0.005113,-0.000051,0.002155,-0.6121060000,-0.3876500000,-0.077620
-0.003457,-0.007397,0.007912,-0.0125520000,-0.3622150000,0.234143
0.017839,0.001768,-0.001193,0.0054950000,-0.0712790000,0.357727
0.004270,0.006458,0.018121,-0.1061280000,0.9431590000,-0.069174
0.007080,-0.011500,-0.015557,-0.2636650000,-0.7988410000,-0.060676
0.013408,0.009823,-0.032767,0.3113060000,-1.3688960000,0.227857
0.004588,-0.005861,0.006320,-0.4223450000,0.3525820000,0.100659
0.001358,-0.004479,-0.019122,-0.1086130000,-0.3364080000,-0.519164
-0.003713,-0.002473,-0.007161,0.2177670000,0.1859130000,0.327981
0.001742,-0.005434,-0.000937,-0.2259630000,0.3980380000,0.099064
-0.010206,-0.000740,0.001771,0.2605240000,0.0795820000,-0.179944
0.007234,0.005907,-0.007774,0.2758000000,-0.1749190000,0.316558
0.002868,0.006442,-0.004860,-0.4301110000,-0.0542500000,0.369117
0.005576,-0.011983,0.000924,-0.1494360000,-0.2155060000,-0.006627
0.007286,-0.001873,-0.005808,0.1340250000,0.1954650000,-0.070677
0.003068,-0.005611,0.006567,-0.5567180000,-0.1327230000,-0.216874
0.005921,-0.009875,-0.026639,-0.3571750000,-0.8386640000,-0.585347
-0.000519,-0.007358,-0.003629,0.2650570000,-0.0193610000,0.175102
-0.001960,-0.005687,0.001206,-0.2738110000,1.2836660000,-0.212374
-0.012815,-0.012399,-0.007305,0.0142920000,-0.4232450000,-0.449730
0.004660,0.000868,-0.015429,0.1081890000,-0.0694110000,-0.080069
-0.022863,-0.013217,0.019463,-0.3414920000,1.0635680000,-0.417064
-0.001084,-0.006337,-0.008789,0.1568680000,-0.2347940000,-0.805409
-0.010724,0.000100,-0.010866,0.5086730000,-0.1502740000,-0.094896
0.012853,0.004577,-0.000182,-0.3936300000,-0.3339950000,0.054157
-0.006326,-0.010968,0.000117,-0.2224970000,0.0489270000,-0.529198
0.010296,-0.002267,-0.009219,0.5628000000,-0.5430110000,0.038168
0.002842,0.001170,0.019998,-0.2582360000,0.7686350000,0.026762
-0.007839,-0.018748,-0.009951,-0.3399030000,-0.2544720000,-0.471279
0.015680,0.005493,-0.034566,0.0994550000,-0.8966810000,0.163498
-0.013990,-0.005047,0.033177,-0.0128970000,1.6274120000,0.127093
-0.002633,-0.005828,0.005109,0.1022580000,-0.2664760000,-0.117889
-0.006027,-0.003232,-0.002404,0.2860020000,0.3499100000,0.016799
0.000751,-0.007082,0.010922,0.3383080000,0.8385240000,0.578743
-0.002147,-0.009137,0.011165,-0.2518650000,-0.0667060000,-0.522266
-0.001386,-0.016713,-0.018718,0.0748490000,-0.5360430000,-0.095049
0.014455,0.009629,0.000714,0.2887130000,-0.1058330000,0.663831
-0.010971,-0.017175,0.001338,-0.1751640000,0.3920570000,-0.134166
0.006246,-0.003383,-0.032370,0.2186920000,-0.4945560000,-0.023922
-0.008407,-0.013758,0.002454,-0.2173470000,-0.1319550000,0.206561
-0.001868,-0.009475,0.008014,-0.6794380000,-0.2544680000,-0.168839
-0.001547,-0.005385,-0.010492,0.0940450000,-0.6713410000,-0.150808
-0.004163,-0.007013,0.022605,0.4765640000,2.4121150000,0.441206
0.005954,-0.012708,0.009248,-0.5048620000,-0.5788090000,-0.402913
-0.007032,-0.023366,-0.018334,-0.2121280000,-0.9145110000,-0.801965
0.010884,0.002529,-0.016502,-0.0911240000,0.6915300000,0.544645
-0.014187,-0.017195,0.028408,-0.0346260000,1.3442360000,0.026237
0.001752,-0.010657,-0.022312,0.2354850000,-0.5338760000,-0.244860
-0.004186,-0.003202,0.001170,0.4072460000,0.4167410000,0.164142
-0.006024,-0.007394,0.012038,0.0530280000,0.3716570000,0.142684
0.002310,-0.016785,-0.017090,0.4993180000,0.2857160000,-0.155847
0.011777,-0.012262,-0.008831,-0.0282220000,-0.7400130000,0.095660
-0.003785,-0.012006,0.001666,-0.7422770000,-0.4209340000,-0.352288
0.013185,-0.013191,-0.023720,-0.2952320000,-1.5461050000,0.031702
0.002527,-0.000084,0.002841,-0.0511800000,1.1628260000,-0.056589
-0.009684,-0.021525,0.014760,-0.7268990000,-0.4270230000,-0.478671
0.003997,-0.000616,-0.021285,-0.2544150000,-0.4984000000,-0.371694
-0.001478,-0.001732,-0.001813,0.2934070000,-0.5310300000,0.452990
0.000541,-0.000251,0.014645,-0.1073950000,0.0530070000,-0.106239
-0.000746,0.000455,-0.015948,0.4108430000,0.0309360000,-0.068866
0.006466,0.002043,-0.014126,0.3749040000,-0.2098400000,0.566244
0.003239,-0.005585,0.009813,-0.4852100000,0.3585400000,-0.247538
0.000538,-0.007886,-0.012570,0.3036680000,-0.1164750000,-0.464869
0.008570,0.006399,-0.002358,0.0957090000,0.1104860000,0.311789
-0.011919,-0.014169,0.019900,-0.6640670000,-0.2578530000,-0.276368
0.002934,0.005985,-0.021590,-0.4729730000,-0.7274120000,-0.195568
-0.002525,0.007042,0.011507,0.2014170000,0.5050650000,0.437556
-0.008233,-0.012334,0.023150,-0.5777160000,0.6122330000,-0.566900
-0.004031,0.003205,-0.008559,0.2269540000,-0.4576710000,-0.077581
0.007769,-0.002086,-0.000277,-0.1471520000,-0.0499890000,0.017653
0.007871,-0.000648,0.004069,-0.5545350000,-0.5943390000,-0.133992
-0.003769,-0.005441,-0.018219,0.3551730000,-0.5991340000,-0.289511
0.004523,0.006366,-0.010752,-0.2841180000,0.1287890000,0.167591
-0.012027,-0.006130,0.011641,-0.2974580000,-0.0337110000,-0.215587
0.005058,0.008053,-0.021633,0.2949470000,-0.1167900000,-0.000279
-0.007524,0.006100,0.018922,0.1647650000,1.0750670000,0.057423
0.004043,-0.003028,-0.003799,-0.6591660000,-1.0997160000,-0.178844
-0.001419,0.000934,0.005802,0.3161150000,0.2787770000,-0.118920
0.017774,0.005171,0.006737,-0.1844070000,-0.6803780000,0.481334
-0.000086,0.001452,0.012902,-0.7355290000,-0.7414380000,-0.376460
0.010976,-0.000294,-0.029048,0.1967260000,-1.9880720000,0.300172
0.004033,0.010729,0.007522,0.0974560000,1.4307320000,0.067467
-0.005988,-0.021265,0.003268,-0.3999220000,0.2771750000,-0.059146
0.002238,0.006015,-0.030226,0.2779010000,-0.0463950000,0.201972
0.001897,-0.005608,0.014760,-0.1489960000,0.0944320000,0.317845
-0.000703,-0.003143,-0.014940,-0.2414920000,0.1440030000,-0.142747
-0.012116,0.004600,0.006163,0.7151710000,1.3251160000,0.113021
0.006545,-0.006938,0.000310,-0.2411340000,-0.6522570000,-0.191583
-0.001632,0.000520,-0.001918,-0.3216300000,-0.1075240000,-0.482184
0.002560,-0.013276,-0.019480,0.3401980000,-0.4471440000,-0.165927
0.003272,-0.001755,0.009567,-0.0818340000,0.5359260000,-0.325414
-0.019551,-0.021656,0.017756,-0.5835250000,2.1018530000,-0.360057
0.008891,-0.004765,-0.029169,0.0876380000,-0.1193730000,-0.473433
-0.008492,-0.008805,0.005437,0.3107780000,0.7320650000,0.010110
-0.003204,-0.019381,0.022736,-0.2070920000,0.8481390000,-0.521455
-0.003142,-0.008736,-0.013414,0.1206950000,-0.2489180000,0.178374
0.004043,-0.004633,0.002155,0.2297610000,-0.1271560000,0.279615
-0.004242,-0.015288,0.006294,-0.2802640000,0.2488110000,-0.511561
0.001417,-0.020970,-0.013729,0.1746820000,-0.0414220000,0.061467
0.000804,-0.017218,-0.011697,-0.3189810000,-0.0514960000,-0.414194
-0.016305,-0.012357,0.017034,-0.1883950000,0.3724120000,-0.849486
0.009358,-0.000767,-0.010390,0.4784480000,-1.1705480000,0.034006
0.013736,0.005014,0.006931,-0.2759680000,-0.5172340000,0.368129
-0.006877,-0.027098,0.002674,-0.6691540000,-1.1298910000,-0.674049
0.009400,0.005582,-0.024515,-0.1919960000,-0.9800250000,0.251340
-0.004885,-0.002887,0.026507,0.1001830000,0.7764210000,0.148875
-0.002295,-0.020169,-0.021935,-0.0612500000,-0.6055150000,-0.240071
0.007730,0.009127,-0.017668,0.3476000000,0.0646730000,0.495497
-0.027576,-0.032048,0.016273,-0.2780490000,0.4835120000,-1.002949
-0.005390,-0.006087,-0.007528,0.3981660000,0.0079920000,-0.608072
-0.002768,-0.000484,0.004768,-0.1512250000,0.3568400000,0.260294
-0.011909,-0.032944,-0.002733,-0.7009550000,-0.0757730000,-0.711688
0.005537,0.004436,-0.035202,0.0803940000,-0.5574800000,0.228904
0.002149,0.005365,0.022332,-0.1654770000,0.2391150000,0.252886
0.005097,-0.010965,0.009127,-0.6324600000,-0.7546400000,-0.325674
-0.001491,0.005651,-0.026314,0.2455490000,-1.5090850000,0.176030
0.023534,0.028431,0.001761,-0.0722560000,0.2494910000,1.945413
0.008629,-0.000409,0.001410,-0.6057970000,-0.6060930000,0.486924
-0.007705,-0.011287,-0.016982,0.3932590000,-0.7806470000,0.122494
0.015236,0.013903,-0.022427,-0.2068070000,-0.6434830000,0.524905
-0.013317,-0.013207,0.013351,-0.5694440000,0.1361450000,-0.694223
0.012121,0.008539,-0.012645,0.1792050000,-0.7962610000,0.108534
-0.001051,0.007998,0.011395,0.0395960000,1.3458580000,-0.012857
0.001716,-0.012738,0.021072,-0.6939960000,-0.3883790000,-0.151153
0.006945,-0.003399,-0.038386,-0.0122200000,-1.1044720000,-0.589986
0.000249,0.012472,0.003045,0.2088420000,0.6721380000,1.326246
0.008872,0.008923,0.013578,-0.3050570000,-0.0168950000,0.733763
-0.006982,-0.002575,-0.016069,0.1863080000,-0.1734870000,0.116021
0.004805,0.003714,-0.012737,0.1452480000,-0.2707170000,0.244414
0.004854,0.002575,0.010955,-0.1987060000,0.4122800000,0.005997
0.007119,-0.005352,-0.012199,0.1355120000,-0.7043860000,0.338180
-0.000503,0.001150,-0.001715,-0.0304280000,0.3696310000,0.052453
-0.011016,-0.015249,0.007167,-0.6278970000,-0.1515540000,-0.421938
0.001106,0.002526,-0.026215,0.6162740000,-0.4117170000,-0.193017
-0.010623,0.004531,0.027276,0.3467470000,2.7598080000,0.463208
-0.008164,-0.016338,0.037431,-0.2199100000,1.7057280000,-0.626880
0.001342,-0.000849,-0.018268,0.1844140000,-0.1171120000,-0.397126
0.009794,-0.000261,-0.012577,-0.1175080000,-0.0847630000,0.288362
-0.004153,-0.016631,-0.002785,-0.8293700000,0.6983640000,-0.599094
-0.015198,-0.005057,0.001416,-0.0029080000,-0.2976230000,-0.272160
0.011130,0.006593,-0.007535,0.1481100000,0.0257470000,0.347358
-0.009264,-0.011585,0.022483,-0.4190750000,0.3161970000,-0.231415
-0.004567,-0.025129,-0.011027,0.3990070000,-0.5122120000,-1.089425
0.005911,0.003333,-0.018846,0.2151770000,-0.2369700000,0.085586
0.000879,-0.003107,-0.005240,-0.4964880000,-0.3254050000,0.141388
-0.004839,-0.011175,-0.023917,0.1785220000,0.0327480000,-0.858968
-0.007334,0.001758,0.002273,0.6139770000,0.6565300000,0.006237
-0.008174,-0.014159,0.026465,-0.4304750000,2.0613610000,-0.378406
-0.019200,-0.013955,0.015731,-0.0656780000,0.3568890000,-1.002641
0.001411,-0.008241,-0.017989,0.2184040000,-0.0923750000,-0.010724
0.004624,-0.007909,0.006970,-0.3115160000,0.0281590000,-0.818069
-0.016370,-0.027486,-0.004722,-0.0592020000,-0.5210480000,-0.930260
0.004424,0.005460,-0.016900,0.6144690000,0.3516860000,-0.041290
-0.010731,-0.012117,0.004509,-0.2569230000,0.2775850000,-0.213405
0.009791,-0.001364,-0.014448,0.5384610000,-0.4411740000,-0.213874
0.003653,0.006826,-0.012915,0.6841880000,-0.3905260000,-0.013442
0.004618,-0.006399,0.000488,-0.6294340000,-0.4678110000,-0.075463
0.003177,-0.006107,-0.022043,-0.6020750000,-0.7460300000,-0.625029
-0.003431,-0.004062,0.001712,0.6272210000,0.0072760000,0.087142
-0.008752,-0.012120,0.015229,-0.5540920000,1.4001070000,-0.609569
-0.004701,-0.008149,-0.005664,-0.0009490000,-0.7821830000,-0.225628
0.011045,-0.002427,0.008717,0.1272010000,0.2582940000,0.145186
0.001742,-0.002585,0.010906,-0.3654010000,0.1129580000,-0.244483
0.007664,-0.005989,-0.024118,0.1480540000,-0.4308400000,0.029257
0.011600,-0.001640,0.006741,0.0049890000,-0.1152240000,-0.049959
0.000741,-0.008349,0.002533,-0.1928500000,-0.0415010000,-0.049092
-0.001222,-0.006790,-0.001475,0.0343840000,-0.3175210000,-0.214061
-0.003437,-0.012032,0.016588,-0.5482520000,0.2820920000,-0.128839
-0.000933,-0.009698,-0.014198,-0.9418630000,-0.6059090000,-0.562610
-0.005223,-0.013414,0.011116,-0.1174690000,-0.6964980000,-0.312009
0.007769,-0.016329,0.023067,-0.6337500000,0.2577260000,0.037742
-0.005443,-0.007476,-0.004410,-0.0319090000,-0.7567440000,-0.523017
0.002304,-0.014494,-0.026369,0.1262790000,0.0619360000,0.170326
0.004378,-0.005303,-0.003593,-0.4176110000,0.0148160000,0.178877
-0.011532,-0.021869,-0.018111,0.3548640000,-0.2184170000,-0.549920
0.003262,-0.001817,-0.037539,0.4283250000,0.0114580000,0.292564
-0.012540,-0.023763,0.026159,-0.4726480000,0.4147120000,-0.695069
0.003302,-0.005188,-0.012846,0.1696730000,-1.1528130000,-0.326094
0.002215,-0.009242,0.012032,-0.0497550000,0.9719360000,-0.273759
0.001841,-0.018127,0.024108,-0.9243940000,-0.0683900000,-0.294592
0.002655,-0.002857,-0.020251,-0.0548170000,-1.5714710000,0.329727
-0.001668,-0.013404,0.000366,-0.0308120000,0.8224760000,0.100023
0.001703,-0.002831,-0.004045,0.2117210000,-0.2877620000,-0.309856
-0.011460,-0.011930,-0.041626,0.8110870000,-0.3163000000,-0.123715
0.005018,-0.004213,-0.012721,-0.2155450000,-0.1381590000,0.243600
-0.016203,-0.022152,0.012334,-0.0830880000,0.4105700000,-0.707136
0.000731,-0.003662,-0.013814,0.6743470000,-0.1827960000,-0.603897
-0.007754,0.003012,0.016109,0.0437710000,0.4614670000,0.549716
-0.002046,-0.015350,0.002227,-0.5487480000,-0.4305150000,-0.613928
0.004851,-0.000494,-0.013574,0.2138540000,0.0629790000,-0.156343
-0.012343,-0.016808,0.040074,-0.4351990000,3.0093480000,0.165822
0.010756,-0.011789,0.005090,-1.2380760000,-1.2276290000,-0.233020
-0.000381,-0.005208,-0.031247,0.8527510000,-0.7416810000,-0.028272
0.002100,-0.002296,0.016749,-0.3005040000,1.7060040000,-0.115470
-0.010908,-0.012032,0.000891,0.3099670000,0.0282250000,-0.691433
0.005005,0.001521,-0.017077,0.3363060000,-0.0549720000,0.070828
-0.004983,-0.005401,0.015616,-0.2837110000,0.3297270000,-0.103380
0.007605,-0.008809,-0.004174,0.2436290000,-0.4838910000,-0.073090
0.000259,0.002171,0.001167,0.3074230000,0.0258980000,0.243639
0.002136,-0.005421,0.013489,-0.4825410000,-0.1755720000,0.199116
0.007752,0.004866,-0.027069,0.4577360000,-0.6231680000,-0.087674
-0.001455,-0.002181,0.014727,0.1273190000,2.5963390000,0.142977
-0.009864,0.002053,0.027056,-0.4173910000,2.7874560000,-0.084497
0.010877,-0.001597,-0.059158,0.9063300000,-0.7347380000,-0.199841
0.005681,0.013532,-0.006094,0.3795550000,0.3906130000,0.124575
0.001234,-0.015771,0.018433,-0.8847520000,0.0635700000,0.335570
0.007838,-0.004584,-0.000747,-0.4970690000,-0.7724400000,-0.315777
-0.000165,-0.001984,0.003133,-0.0337430000,0.2870620000,0.172640
0.006679,0.001285,0.004866,-0.6056790000,0.1198770000,0.062708
-0.011962,0.001305,-0.036666,1.6492640000,0.1320680000,-0.106023
0.009394,0.007561,-0.029635,0.3838810000,-0.0660990000,0.079855
-0.013839,-0.015987,0.026031,-0.2514900000,0.7234810000,-0.508269
-0.002407,-0.005460,-0.006770,0.7264950000,0.0355970000,-0.330253
-0.001553,0.002348,0.015429,0.3172150000,1.0940030000,0.239405
0.004765,-0.008293,-0.001377,-0.4458270000,-0.3166740000,-0.337146
0.011488,0.000169,-0.006074,-0.2632910000,-1.6741130000,-0.265352
-0.001944,-0.005723,0.007276,0.2619580000,1.4189840000,0.378344
0.002212,0.004213,0.010433,-0.3221970000,-0.4529020000,-0.067205
0.006203,-0.011080,-0.012987,-0.3235960000,-0.8909370000,-0.404075
0.010684,0.009091,-0.005168,0.0362050000,0.6908840000,0.205678
-0.009976,-0.011887,0.023337,-0.4680790000,0.8860700000,-0.296923
0.003518,-0.000094,-0.014270,-0.4916040000,-0.5678590000,-0.237964
-0.015743,-0.000826,-0.004594,0.3605230000,0.1936530000,-0.038372
-0.002774,-0.004554,0.013634,-0.3735090000,0.2427220000,-0.344226
-0.007107,-0.008234,-0.010706,0.2051620000,0.0550520000,-0.270338
0.005570,-0.003484,0.002805,-0.0028430000,0.2110040000,0.184092
-0.006723,-0.004988,0.014825,-0.4846850000,1.5965340000,-0.465108
0.007283,-0.007528,-0.011116,0.0300150000,-0.9736380000,-0.108855
0.002258,-0.004968,0.012711,0.1799370000,1.4243480000,0.303353
-0.005180,-0.012180,0.014389,-0.3936040000,-0.3761320000,-0.206163
0.002336,0.003714,-0.044941,0.1677490000,-1.2192950000,-0.136021
-0.006355,-0.007558,-0.002155,-0.1178950000,0.1726290000,0.136179
0.009952,-0.007735,-0.005050,-0.4318830000,0.2875150000,-0.216460
-0.013275,-0.011881,-0.004863,0.5329960000,0.0334470000,0.019553
0.005268,0.005595,-0.014595,0.0307890000,0.2137380000,-0.009687
-0.010560,-0.003983,0.027604,-0.2670030000,0.6587220000,0.089400
-0.001855,-0.001715,-0.014382,0.7002790000,-0.1540880000,-0.025879
-0.006904,-0.006409,0.011293,-0.1245850000,0.2605390000,0.050717
-0.001409,-0.015193,0.022335,-0.4680590000,-0.3645550000,-0.628420
0.005796,0.000021,-0.010889,0.0428390000,-1.0858870000,-0.059333
0.006134,-0.002844,0.005306,0.0964680000,0.3935270000,0.465161
0.004125,-0.010611,0.013345,-0.8417450000,-0.0686560000,-0.372731
0.007457,-0.015521,-0.027554,0.3966660000,-1.9945510000,0.032871
0.002481,-0.001147,-0.012058,0.0352570000,0.2212160000,-0.086929
-0.008387,-0.024088,0.018718,-0.2949240000,0.2131210000,-0.582039
0.002409,-0.005172,-0.046720,0.2436750000,-0.4612330000,-0.280445
-0.014328,-0.013988,0.015823,-0.1091510000,0.7071550000,-0.102901
0.003200,-0.005605,-0.001465,-0.1683330000,-0.2670960000,-0.314943
-0.016675,-0.020510,-0.007180,0.7855070000,0.7365030000,-0.333023
0.001542,-0.005424,0.005060,0.0595800000,0.0588890000,-0.156750
-0.006999,-0.008113,0.005021,-0.3242100000,-0.4185710000,-0.343215
0.012138,-0.000074,0.011431,0.3524320000,-0.0481080000,-0.002478
-0.006007,-0.006373,0.022513,-0.3226600000,0.3479540000,0.138302
0.006623,-0.010138,-0.011027,-0.0245460000,-1.0030250000,-0.542633
-0.001842,-0.010105,-0.000474,0.1862950000,0.3874290000,-0.112049
0.005721,-0.010604,0.003652,-0.3083520000,0.1614200000,0.561901
-0.004022,-0.010197,0.001000,-0.0881370000,-0.3196810000,-0.479551
0.006019,-0.014057,-0.014067,0.5286200000,-0.2277100000,0.393030
-0.003293,-0.000218,-0.005188,-0.3764200000,0.4516530000,0.201995
-0.010728,-0.021390,-0.005759,-0.6035220000,0.0714250000,-0.011058
0.002080,-0.002132,-0.019887,0.4336950000,-0.3399560000,-0.228678
-0.000086,-0.014057,0.012396,0.1747540000,-0.2443160000,0.250844
-0.006648,-0.007591,-0.001958,-0.8675550000,-0.0334130000,-0.621412
-0.000129,-0.014359,-0.004443,-0.4202500000,-2.3673670000,-0.184345
-0.002085,0.005467,0.010456,0.3079030000,1.7704050000,0.287167
-0.011118,-0.015616,0.017520,-0.6359100000,-0.2640200000,-0.282831
0.008514,-0.003616,-0.029675,-0.4327370000,-1.6620960000,-0.265979
-0.006454,-0.000438,-0.008467,0.1794020000,0.0393720000,0.151268
-0.005354,-0.016690,-0.004741,-0.5777850000,1.0961630000,-0.191343
-0.014351,-0.019529,0.004771,-0.1809350000,-1.0241900000,-0.562380
-0.002311,0.005395,-0.007991,0.0426850000,0.2182980000,0.195062
-0.009717,-0.009275,0.026123,-0.4469470000,0.6357910000,-0.041818
0.000676,-0.004420,-0.008946,0.7097320000,-0.2836850000,-0.077301
-0.004583,0.000875,-0.006356,0.1265480000,0.0878140000,0.301105
0.007582,-0.010286,0.000809,-0.7204520000,-0.4312870000,0.087073
0.009476,0.008848,-0.006603,0.1961750000,-0.5127270000,-0.063469
0.009440,-0.007381,-0.010571,0.0605580000,0.0279820000,0.036928
0.010884,0.007643,-0.000993,-0.3133550000,-0.3030160000,-0.204499
-0.005653,-0.013860,-0.001052,-0.4904320000,-0.9303950000,-0.395793
0.004785,0.007305,-0.022814,-0.0563170000,0.7067710000,0.052493
-0.009011,-0.006245,0.018144,-0.4243110000,0.4245170000,0.077075
-0.004872,0.003957,-0.003714,-0.4387930000,-0.4512740000,-0.626401
-0.002371,0.000146,0.009609,-0.0271950000,0.7373170000,-0.356657
0.003636,-0.005214,0.020215,-0.0289810000,1.3557810000,0.003506
0.003321,-0.009623,0.020625,-0.7716750000,-0.4209770000,-0.608393
0.000213,-0.004298,-0.006369,0.4733210000,0.1096130000,0.202339
0.006216,0.004896,0.001318,-0.0702470000,-0.2484350000,-0.092653
0.004027,-0.000195,-0.006632,0.1053200000,-0.0197410000,-0.180642
0.006328,0.005785,-0.031001,0.7153910000,-0.4452180000,-0.264942
0.000932,-0.002720,0.001781,-0.2444560000,0.3110560000,-0.112506
0.006594,0.003484,-0.028395,0.5379330000,-0.3108970000,-0.266042
0.007821,-0.009219,0.002273,0.0865840000,-0.4782590000,-0.056960
0.006722,-0.004518,0.012728,-0.6045920000,-0.2405180000,-0.241400
0.001266,-0.012331,-0.014044,-0.2900920000,-0.8865020000,-0.129719
0.007063,0.001817,0.013621,-0.0430920000,0.6690490000,0.237452
-0.010045,-0.016375,0.028979,-0.6145050000,1.3407700000,-0.228166
0.006315,0.000934,-0.017425,0.4130720000,-0.6223710000,-0.072992
-0.004274,-0.005930,-0.002299,-0.0866530000,0.4353950000,0.240547
0.010139,-0.003061,-0.002522,-0.5068900000,0.1240690000,-0.251326
-0.005581,-0.013269,0.006471,-0.2856380000,-0.2483860000,-0.444672
0.002231,-0.002562,-0.040602,-0.2152820000,-0.3371300000,-0.121687
-0.008056,-0.014156,0.010916,-0.2787480000,-0.1846050000,-0.229932
-0.001484,-0.010876,-0.030275,-0.2005210000,-0.0200070000,-0.241069
-0.013068,-0.009396,-0.013775,0.8975140000,0.5137630000,-0.260626
0.002694,-0.005536,-0.001672,-0.8421750000,-0.0617660000,-0.208533
-0.009782,-0.013781,-0.002631,-0.2711690000,-1.4360540000,-0.411733
0.004388,0.000668,-0.012258,-0.3608280000,0.4961730000,0.208300
-0.016455,-0.016256,0.031185,-0.5343250000,0.0995230000,-0.192269
-0.010439,-0.012669,-0.000175,-1.1116270000,-0.4032480000,-0.186663
-0.004251,-0.001515,0.002667,0.3995120000,0.3979980000,0.405053
-0.000043,-0.003107,0.019933,-0.6647790000,0.3787240000,0.211829
-0.012897,-0.015045,0.005579,-0.3768530000,-0.3709130000,-0.251973
0.006958,0.000438,-0.025559,0.6944100000,-1.1709150000,-0.006407
-0.001379,-0.005086,0.032413,-0.8117270000,0.9746210000,0.039202
0.010963,-0.010545,0.010499,-0.4426960000,-0.5264710000,-0.531075
0.005547,0.002112,-0.024754,0.6770060000,-0.1692300000,-0.367984
0.000193,-0.017093,-0.005326,-0.2924000000,-0.1708120000,0.506687
-0.002991,-0.002992,0.002313,-0.1585150000,0.2042820000,-0.304702
0.011842,-0.006471,-0.042529,0.7875230000,-0.6745980000,-0.186528
0.001519,-0.001725,0.015367,-0.6784800000,0.6007770000,0.082051
-0.005367,-0.025421,-0.005345,-0.3889360000,-0.2033020000,-0.785688
0.006042,-0.004154,-0.016328,0.2508900000,0.0554360000,0.053005
-0.015802,-0.010210,0.021134,-0.4139350000,0.8188460000,-0.484770
0.023462,-0.006301,-0.009790,-0.6690950000,-0.5224300000,-1.367950
0.001595,-0.011313,0.000540,0.3972900000,-0.0011360000,-0.618953
-0.002203,-0.014323,-0.006399,-0.2349770000,1.0461520000,-0.426510
0.000370,-0.022168,0.035019,-0.8530140000,0.1813930000,-1.657602
0.020593,-0.005972,-0.007650,0.2654840000,-0.9808650000,-0.733011
0.003462,-0.000908,0.004210,-0.3642910000,0.3069930000,0.133395
0.014094,-0.004403,-0.003080,0.3068620000,-0.4570900000,-0.730782
-0.000329,0.002907,-0.014697,0.1272570000,-0.2505360000,-0.306596
0.016231,-0.008651,0.003517,-0.3816980000,0.1920380000,0.009940
0.002034,-0.001233,-0.005506,0.1977510000,0.1350880000,-0.469323
0.002757,-0.019506,0.017635,-0.5531960000,0.2515190000,-0.135607
0.008744,-0.005582,0.011851,-0.3072000000,-0.1973800000,-0.530189
0.008517,-0.023445,0.010880,-1.0048330000,-1.4332510000,-1.038212
0.020771,0.008231,-0.006199,0.0851630000,-0.0564780000,-0.114514
0.008402,-0.013706,0.025861,-0.9979100000,-0.1446020000,0.031315
0.004217,-0.005142,-0.037631,0.1841380000,-1.0833400000,-0.282841
0.010897,-0.013512,0.001443,-0.4582970000,-0.0082760000,-0.245185
0.009151,-0.002621,0.003458,-0.1281040000,0.7936600000,-0.068993
-0.000503,-0.013601,-0.007807,0.4837590000,-0.3266260000,-0.425601
0.004073,-0.001479,-0.006123,-0.3671500000,-0.1053970000,0.185136
-0.011620,-0.012508,0.013319,-0.9707190000,-0.3967420000,0.345493
-0.001277,-0.006540,-0.017586,0.3779960000,-0.2644960000,0.116763
-0.009900,-0.006186,-0.007761,-0.2258840000,0.2477680000,1.043986
-0.018461,-0.005378,0.011313,-0.1911230000,0.9806280000,0.069059
0.002606,-0.015127,-0.056742,0.7585810000,-0.9762370000,-0.432405
0.013943,0.002608,0.003406,-0.2797360000,0.0417810000,0.430000
-0.011880,-0.014152,0.025674,-0.9636740000,-0.2181060000,-0.195387
0.006489,0.011221,-0.078882,0.9824530000,-1.3474120000,0.069791
-0.007199,-0.005749,0.012784,-0.0010670000,0.0858810000,0.223741
0.003636,0.002066,-0.010761,-0.4850850000,-0.2935000000,0.229895
-0.014660,-0.017011,-0.002693,0.2071450000,-0.4407140000,-0.157613
-0.005371,-0.008431,-0.004256,-0.9698820000,-0.0249540000,0.358354
-0.010012,-0.012912,0.036706,-1.0109550000,-0.4048760000,-0.313588
0.013631,0.006445,-0.054175,0.4590750000,-2.3498000000,0.207598
-0.011584,-0.001476,0.002132,0.5582310000,0.2739650000,0.275518
-0.006063,-0.006022,-0.024738,-0.4001820000,-0.4652210000,-0.012483
-0.018251,-0.012078,0.030289,-0.8229140000,0.0281660000,-0.522840
0.003466,0.009681,0.011356,-0.1349610000,1.8276640000,0.339148
-0.010816,-0.008352,0.015245,-0.2397560000,0.4554380000,-0.235564
0.004723,0.001633,-0.060356,1.8779520000,-0.3155480000,0.217458
-0.004163,0.001840,-0.002017,0.1329290000,0.2907710000,-0.176172
-0.001117,-0.011395,0.013053,-0.1298200000,0.1377700000,-0.327893
-0.009963,0.006599,-0.015258,1.1978210000,0.6098500000,-0.385684
0.005520,0.005135,0.003245,-0.3324650000,-0.1915770000,0.446159
-0.008768,-0.000445,0.022516,-0.7194180000,0.1288910000,-0.367259
0.012528,-0.000602,0.003169,-0.2097740000,-1.1912210000,-0.114505
-0.004265,0.001905,0.025526,-0.3193810000,0.6921470000,0.055023
0.005186,-0.001400,0.005067,-0.6337300000,-0.2867020000,-0.295502
-0.003516,0.001193,-0.002956,-0.3149500000,-0.5361610000,-0.496394
0.002218,0.009366,0.001735,0.3721860000,1.6284760000,0.308822
-0.001350,0.003835,-0.007600,-0.0771930000,0.1349300000,-0.640010
0.005849,-0.007679,-0.019745,0.1501090000,-0.2256750000,0.397592
0.003203,0.002929,0.000468,-0.0935490000,0.0586730000,0.036277
-0.000706,-0.022132,0.003619,-0.3471870000,-0.2941330000,-0.169633
0.002661,-0.001384,-0.018751,0.5503170000,-0.4226210000,-0.467350
0.002225,-0.002956,-0.015846,-0.3436120000,-0.3453200000,0.173835
0.004611,-0.003475,-0.039026,-0.1220940000,-0.7803580000,-0.655917
-0.007307,-0.005290,-0.007840,0.1459040000,-0.8197630000,-0.048360
0.004818,0.005969,0.004978,-0.1884350000,-0.1026200000,0.040433
-0.012753,-0.011106,-0.017904,0.3006120000,-0.5968560000,-0.496797
0.005435,0.005687,-0.004042,0.7429010000,0.4006800000,0.473942
-0.002003,-0.001968,0.012199,-0.3973720000,0.1422990000,-0.001999
0.008977,-0.006540,-0.005168,0.7057270000,-0.3294690000,-0.062904
-0.000280,0.009609,-0.006868,0.4583530000,0.1134830000,0.110861
0.017574,-0.006711,-0.006350,-0.3670780000,-0.5978570000,-0.000837
0.003311,-0.003635,-0.009291,0.3493110000,-0.0558580000,-0.311510
0.001280,-0.008979,-0.002325,-0.0674340000,0.1923010000,0.313302
-0.004905,-0.012459,-0.003862,-0.8045810000,0.4853180000,-0.842550
-0.009779,-0.012235,-0.007722,0.3680040000,0.0549080000,-0.093244
0.007775,0.004919,-0.005099,-0.3675940000,0.3251440000,0.207539
-0.018340,-0.011855,0.025680,-0.3810980000,0.5041690000,-0.265336
0.014390,0.002060,-0.027810,0.4440250000,-1.8953260000,-0.124020
-0.005426,0.002247,0.013164,-0.1098110000,0.8409600000,0.147076
0.007782,-0.007853,0.007505,-0.2252740000,-0.2264530000,-0.041496
-0.012608,-0.006727,-0.004338,0.6415260000,-0.0022920000,-0.259296
0.006105,-0.003826,0.009724,0.1462230000,0.1247650000,0.375843
0.007096,0.000290,0.002401,-0.1843150000,-0.2101160000,-0.080088
0.004247,-0.013542,-0.015616,0.3712470000,-0.1968030000,-0.097544
0.018486,-0.000333,-0.015363,-0.1442960000,-0.5082240000,0.347768
-0.005312,-0.018249,0.013558,-0.7501780000,-0.1738490000,-0.586893
0.012007,0.000724,-0.009544,0.2463670000,-0.6421340000,0.077512
0.008051,-0.012117,-0.005841,-0.1947370000,-0.6938790000,0.031925
-0.012421,0.000304,0.010896,-0.5220520000,0.8044590000,-0.545656
0.006315,-0.008323,-0.003783,-0.1387130000,-1.5597300000,0.143938
0.009495,-0.002519,-0.025378,-0.4528390000,-0.0801710000,0.348763
-0.007160,-0.008241,0.027453,-0.5404040000,0.1056150000,-0.521320
0.002658,-0.002752,-0.030397,0.1192710000,-1.1359310000,-0.225641
-0.007783,0.004748,0.009278,0.5906320000,1.2245230000,0.080702
0.004683,-0.007085,0.019581,-0.0807120000,1.4191190000,0.036534
-0.007350,0.000612,0.002401,0.2071810000,-0.3772420000,-0.175309
0.004614,0.003829,0.002575,0.2813380000,-0.0706360000,0.339476
-0.007524,-0.007335,0.026780,-0.2640390000,0.5796680000,-0.471739
0.003042,-0.007535,-0.007187,0.8582200000,-0.6510850000,-0.465762
0.003948,0.003560,-0.008500,0.1003700000,-0.5941420000,0.270384
0.003078,-0.018630,0.007066,-0.8313460000,-0.4223320000,-0.491634
0.002199,0.002483,-0.013286,0.3201690000,-0.3273090000,0.097758
0.012683,-0.001830,-0.005759,0.0325060000,-0.3413090000,0.093855
-0.006421,-0.004594,0.012445,-0.5668700000,0.5119640000,-0.393164
-0.002512,-0.010099,-0.016368,-0.0931060000,-0.7534090000,-0.237865
0.009981,0.009521,0.001141,0.1456350000,0.0544120000,0.708206
-0.004882,-0.019365,0.014044,-0.8356400000,-0.1091390000,-0.597680
0.010031,0.006248,-0.037293,-0.1095680000,-2.5105670000,0.088813
-0.007064,-0.007758,0.006609,0.0264560000,0.2826040000,0.045222
0.009502,0.000382,-0.012701,-0.5038080000,-0.2604520000,-0.153940
-0.009362,-0.016302,-0.013489,0.3210090000,-0.4685920000,-0.407791
-0.001616,0.005099,-0.035925,-0.0349120000,0.0562730000,0.030484
-0.011013,-0.016030,0.016588,-0.2952620000,0.4277760000,-0.197688
0.002071,-0.002450,-0.018025,0.4133710000,-0.3601760000,-0.299552
-0.007649,-0.000291,-0.006389,0.0390680000,-0.2509890000,-0.147503
0.003718,-0.004794,0.029849,-0.2277390000,-0.2267710000,-0.350745
0.006164,0.005125,-0.012613,0.4832540000,-0.2908120000,-0.049476
0.012177,-0.006229,0.003166,-0.0137990000,0.0603240000,-0.015989
0.002589,0.001068,0.011914,-0.3806220000,0.1628840000,-0.356066
0.007401,-0.011067,-0.016118,-0.1824640000,-0.7224820000,-0.078535
0.018158,0.007019,-0.007541,0.0242970000,-0.2770160000,0.261217
0.001289,-0.014868,0.007397,-0.7215910000,0.1866320000,-0.184397
0.008665,0.008086,-0.032875,0.0646250000,-1.1724810000,-0.111278
-0.007340,-0.009957,0.008832,0.0822710000,0.4358450000,0.005324
0.002635,-0.000694,0.003494,-0.3966430000,0.4212120000,-0.330410
-0.007412,-0.016864,0.004049,0.4993900000,-0.3321240000,-0.306806
0.001755,-0.000524,0.001397,0.0704410000,-0.0203580000,-0.098319
-0.009392,-0.006498,0.017461,-0.2650040000,0.1262680000,-0.233903
-0.000867,-0.003360,-0.011083,0.4784880000,0.2151960000,-0.531634
-0.008066,-0.005894,0.023451,0.2588140000,1.0198200000,-0.134577
0.003144,0.001255,0.017967,-0.3039040000,0.1866980000,-0.441242
-0.004924,-0.002848,0.008434,0.4925070000,-0.8630590000,-0.350863
0.015341,0.003652,0.012518,0.1934600000,-0.2021990000,0.122924
-0.001012,-0.000238,0.020353,-0.4419410000,-0.0521590000,-0.372179
0.007565,-0.006360,0.002490,0.0104380000,-1.0771460000,-0.003949
0.005429,-0.000888,0.002743,0.1179770000,0.8170140000,0.168278
0.001851,-0.014057,0.022723,-0.3412360000,0.1694030000,0.207188
0.004641,0.011260,-0.008949,0.5399180000,-0.3186960000,-0.169860
0.004260,-0.002752,-0.002591,-0.1651660000,-0.5544570000,0.241880
0.005110,0.005526,0.006777,-0.3011900000,-0.1554410000,-0.330975
0.007782,0.002716,-0.017832,0.1911040000,-1.0231730000,0.105622
0.003042,0.000842,-0.001731,-0.0879920000,0.4799380000,-0.034541
-0.003043,-0.020205,0.006396,-0.6491840000,0.0243980000,-0.549277
0.005018,-0.000530,-0.022358,-0.1173010000,-1.0854900000,-0.165465
-0.014653,-0.005303,0.029737,0.0699650000,1.6955560000,-0.151114
0.001562,-0.004410,-0.005726,-0.5906480000,-0.7415760000,-0.500720
-0.003027,0.000491,-0.024370,0.6809290000,-1.2539280000,-0.059852
0.005100,0.002719,0.007660,0.0876150000,0.6167660000,0.081647
-0.008798,-0.011717,0.016296,0.0388580000,0.3351720000,-0.513452
-0.000546,-0.000560,-0.024013,0.3564270000,-0.3074670000,-0.024714
-0.000342,0.003396,0.010039,0.0085900000,0.2662310000,0.211924
0.001066,-0.007834,-0.002979,0.2392600000,0.1203400000,-0.423149
-0.010892,0.000176,-0.016364,0.3035930000,0.3876680000,0.066925
0.008251,-0.010456,0.003274,-0.4755270000,-0.1895160000,0.389892
-0.000214,-0.007702,-0.005743,-0.2862550000,-0.2408760000,-0.988001
0.003397,-0.007282,-0.021547,-0.2192270000,-1.1872950000,0.378314
0.002878,0.005293,0.002204,-0.5369640000,-0.1148040000,-0.029503
-0.016226,-0.025588,0.002864,-0.3057980000,-0.3994080000,-0.881680
0.003279,0.000412,-0.014799,0.1154240000,0.1957840000,-0.162399
-0.010577,-0.008969,0.021128,-0.2320260000,1.0204730000,-0.113520
0.006246,-0.001620,-0.019470,0.0767800000,-0.6577320000,-0.079625
-0.004284,0.003983,-0.010249,0.3091930000,0.4732350000,0.251182
0.008074,-0.007916,0.009012,-0.3291730000,-0.1116100000,0.204887
-0.001625,-0.008651,-0.010545,0.2844890000,-0.1097820000,-0.179582
0.010342,-0.003153,-0.009606,0.2853620000,0.0038820000,0.467341
0.000649,-0.003468,0.005651,-0.6635410000,-0.1651570000,-0.396998
0.018220,-0.003721,-0.031414,-0.0908410000,-0.8859180000,0.286022
-0.003339,0.001032,0.011129,0.2448500000,1.6235850000,0.277245
0.009384,-0.014743,-0.007919,-0.4405950000,-0.5574640000,-0.452789
0.005918,-0.005838,-0.021620,-0.1128370000,-0.8007750000,-0.205008
0.002117,-0.012941,0.008546,-0.0277430000,0.9865100000,0.227897
-0.003401,-0.001088,-0.013072,-0.3716280000,0.1896130000,-0.257806
-0.009257,0.000881,-0.016269,0.5330480000,0.1201200000,-0.091416
0.008005,-0.003642,0.000688,-0.0534910000,-0.2305000000,0.038782
0.005809,-0.004016,0.011507,0.1298110000,-0.0631150000,-0.584993
0.007782,0.002047,-0.020362,0.4757240000,0.0876240000,0.313821
0.001552,0.000947,-0.007456,-0.5176440000,-0.1901230000,-0.016780
-0.006385,-0.009137,0.000235,-0.2884280000,-0.1934090000,-0.605298
0.011921,0.003793,-0.017208,0.3402970000,-1.3699300000,-0.272252
0.003272,0.003849,0.005487,-0.4013400000,-0.1898870000,-0.030546
0.003302,-0.010171,0.001039,-0.6186180000,-0.6800790000,-0.237281
0.015768,0.007161,-0.021731,-0.0031610000,-1.2475310000,-0.070018
-0.002430,-0.005349,0.017763,-0.2817910000,0.4288790000,-0.142425
0.001020,0.003970,-0.021984,-0.0625300000,-0.3601960000,-0.232032
-0.005029,0.002135,0.001981,0.6518820000,0.2762750000,0.118460
0.006531,0.000002,0.008106,-0.1857730000,-0.3595520000,-0.170966
0.010073,0.004758,0.004157,-0.1978650000,-0.3983150000,-0.677627
0.012033,-0.007230,-0.013791,0.2037280000,0.0280310000,0.096954
0.009161,0.006905,-0.002178,-0.3952680000,-0.0979130000,-0.200380
-0.009559,-0.010768,0.009534,-0.6204430000,0.1417640000,-0.668186
0.017459,0.012517,-0.018872,-0.0054030000,0.2127080000,-0.131432
-0.015490,-0.005648,0.018173,-0.1530900000,0.9527240000,-0.423999
0.007493,0.003770,-0.012091,-0.0123880000,0.0237380000,-0.286455
-0.006529,0.004114,-0.007128,0.3903280000,0.3241240000,-0.275331
0.017620,0.003701,0.024689,-0.0788840000,-0.1196880000,0.120958
0.000446,-0.000235,-0.009120,0.2329840000,-0.4889170000,-0.268812
0.016760,0.005818,-0.015596,0.3936070000,-0.4833730000,0.219750
0.001545,0.003793,0.016398,-0.4465100000,0.4346660000,-0.349091
0.007490,-0.007640,-0.011474,-0.5454920000,-2.3795580000,-0.257189
0.013818,0.010797,-0.016624,-0.1467910000,-0.0506390000,0.282073
-0.006841,-0.007886,0.038219,-0.5513280000,0.6839810000,-0.392504
0.003715,-0.003901,-0.021498,0.0476180000,-1.3309240000,-0.088715
0.008189,0.002933,-0.023244,0.3936460000,-0.4037440000,0.260540
-0.002111,-0.008300,0.010105,-0.3748810000,0.4924670000,0.221873
-0.001291,0.000950,-0.023510,0.1036430000,-0.0637720000,0.128445
-0.007488,0.003412,0.016959,0.2460380000,0.5037160000,0.009778
0.003863,-0.002808,0.013709,-0.4553990000,-0.2215390000,-0.256795
-0.000992,0.002017,-0.008428,0.3306700000,0.1184660000,-0.314865
0.008061,-0.006087,-0.014605,0.0044640000,-0.0101990000,0.245566
0.000790,-0.010745,-0.005132,-0.4054470000,-0.4407340000,-0.408844
0.000278,-0.011484,-0.022319,-0.0476640000,-0.2944520000,-0.019347
0.008718,0.004781,-0.004597,-0.4611730000,-0.1345740000,0.010986
-0.012526,-0.006376,0.016168,0.1889670000,0.3770140000,-0.645351
0.000193,0.006297,-0.023031,0.6594220000,-0.3716810000,0.128836
0.001296,-0.001321,0.016283,-0.2102340000,0.1912800000,0.180176
-0.003267,-0.015055,-0.000356,-0.1714020000,-0.4525570000,-0.464337
0.002727,-0.000648,-0.008795,0.2339070000,-0.2753420000,0.212223
-0.016528,-0.013007,0.028155,-0.2192570000,3.5443790000,-0.218866
0.003249,-0.013427,-0.007085,-0.6451470000,-0.5895230000,-0.585173
-0.003280,-0.010765,-0.008598,0.2657820000,-0.2711790000,-0.035299
0.004188,0.000737,0.007919,-0.4406150000,0.2877210000,0.053556
-0.012878,-0.007305,-0.002618,0.4548510000,-0.1798130000,-0.518603
-0.000083,0.001144,-0.001164,0.3589440000,-0.2145970000,0.334474
-0.006296,-0.006494,-0.000382,-0.6364550000,0.2044130000,-0.907660
0.007572,-0.014323,-0.019194,-0.0674540000,-1.2944660000,0.009007
0.007680,0.002204,0.004984,0.0694400000,0.8900520000,0.101772
-0.007124,-0.019641,0.006419,-0.7134510000,-0.5473640000,-0.387000
0.003403,-0.003281,-0.033358,-0.1005870000,-0.1886190000,-0.189410
-0.002794,-0.003422,0.012675,0.0395010000,-0.1047500000,0.168241
0.000452,-0.012055,0.008211,-0.1929840000,0.6399070000,-0.182064
-0.004202,-0.001666,-0.013775,0.4364460000,-0.2675750000,-0.223554
0.004214,-0.001397,0.011651,0.0197010000,0.0276140000,0.338288
-0.000703,0.000986,-0.005070,0.0422840000,0.0794310000,-0.490495
0.002911,-0.010922,-0.017717,0.1684060000,-0.2414110000,-0.136861
0.025967,0.011976,-0.017776,-0.7331980000,-2.7318850000,0.165566
-0.007025,-0.014579,-0.004082,-0.1474440000,-0.4818790000,-0.678822
0.009207,0.005917,-0.015977,-0.0054880000,-0.2492530000,-0.053957
-0.023631,-0.013653,0.035554,-0.3434780000,2.6346150000,-0.319549
-0.007101,-0.003130,-0.017090,-0.0900600000,-0.2010440000,-0.585636
-0.010002,-0.002332,0.011139,0.3719590000,0.4733790000,0.196155
0.016064,0.001554,0.019355,-0.2083460000,0.4014610000,0.174728
0.000085,0.005257,-0.012491,-0.0147090000,-0.2077790000,-0.386878
0.002625,-0.007512,-0.011513,0.2023030000,0.4480680000,-0.014101
0.008448,0.006041,0.009281,-0.3876790000,-0.0141710000,0.456725
0.007451,-0.014763,-0.016506,0.3766930000,-0.4409930000,-0.318731
-0.000050,0.003264,-0.005276,0.2908730000,0.5055600000,0.122090
-0.001337,-0.011077,0.000904,-0.5544460000,-0.2903360000,-0.265530
0.005767,-0.001147,-0.000816,0.3966790000,0.1385180000,-0.333742
0.006128,-0.005503,0.011707,-0.0749640000,0.0159060000,0.221785
-0.007859,-0.001479,-0.002545,-0.6355550000,1.2494890000,-0.445670
-0.006913,-0.011713,-0.006583,0.0081540000,-0.3551740000,-0.129522
0.019008,0.008434,-0.026005,-0.1287310000,0.3926640000,0.294176
-0.012090,-0.010670,0.020176,-0.1117050000,0.3862040000,-0.041756
-0.000697,0.001659,-0.021242,0.5905570000,0.0775990000,-0.491565
-0.002390,0.006839,0.011618,0.2603990000,0.4149160000,0.418058
0.005337,-0.005700,0.003960,-0.2746780000,-0.0237130000,-0.088097
0.001270,0.001324,-0.007013,0.5189800000,0.3503270000,-0.149998
0.008360,-0.006859,0.011008,-0.3027330000,-0.4370340000,-0.190499
-0.001898,-0.001610,-0.001758,-0.6267090000,-0.5857390000,-0.703653
-0.007967,0.003376,0.002684,0.4625120000,0.2895990000,0.041299
0.004552,0.008385,0.001659,-0.2674920000,1.0008930000,0.301055
-0.009904,-0.000035,0.004147,0.1424740000,-0.0900350000,-0.334507
0.005054,0.006435,-0.009452,0.2375270000,0.2947490000,0.116655
-0.010035,0.000422,0.022618,-0.2270990000,0.6959550000,-0.108639
0.000029,-0.001715,0.002267,0.2758630000,-0.2853730000,-0.372990
-0.000158,0.005844,0.000369,0.8345070000,-0.0496280000,-0.009631
-0.000417,-0.002562,0.013896,-0.1657730000,0.4022880000,-0.319089
-0.005804,-0.003921,0.002411,0.1791490000,0.0207410000,-0.509559
0.013638,0.013427,-0.007919,0.5467060000,-0.6548410000,0.501632
-0.000148,-0.001203,0.016066,-0.6188120000,0.0859430000,-0.134429
0.003705,-0.000176,-0.012130,0.2874300000,-0.4727080000,-0.279644
0.000406,0.003661,-0.001081,0.3044460000,0.0661310000,-0.297461
0.006462,0.001987,0.014733,-0.2415840000,0.5371830000,0.095109
0.004710,0.001108,-0.006793,-0.2144150000,-0.9275460000,-0.274376
0.007103,-0.003271,-0.014008,0.2080440000,-0.3219720000,0.391273
0.002300,0.004627,0.011687,-0.3596010000,-0.1189400000,0.041372
0.001283,-0.009176,-0.007426,-0.1689540000,-0.4750550000,-0.387449
0.007861,0.000284,-0.025417,0.0577150000,-1.6063370000,-0.499088
0.001007,-0.004666,0.017681,-0.1678540000,0.1972840000,-0.093904
0.004519,-0.000153,-0.015928,0.0278580000,-0.2687310000,-0.337921
-0.003907,-0.009294,-0.001869,0.4112240000,-0.2375610000,0.047280
0.011209,0.001127,-0.009127,-0.7951800000,-0.9415580000,-0.045449
-0.003066,-0.010364,-0.002299,0.2835700000,-0.7755330000,-0.682747
0.011724,0.006100,0.000163,-0.0468930000,0.3648130000,0.492563
-0.016052,-0.015357,0.023156,-0.1547540000,0.5828390000,-0.458970
0.005563,0.002385,-0.035885,0.3234880000,-1.5163850000,-0.257416
-0.008853,-0.006869,0.007453,0.1618540000,0.8938300000,0.288139
0.002773,-0.003491,0.002434,-0.3938470000,-0.0111250000,-0.201128
0.001181,-0.001732,-0.012872,0.6195670000,-0.2782170000,0.030034
0.007336,-0.001656,-0.008424,0.2279850000,0.4107340000,0.501885
0.004670,-0.007597,-0.006553,-0.5431580000,-0.3155810000,-0.085209
0.009689,-0.005907,0.003163,0.5938000000,0.2330880000,0.156947
0.001145,-0.000530,0.007827,0.1019230000,-0.2828520000,0.275114
0.003866,-0.011211,0.024092,-0.2561090000,1.2973110000,-0.248989
0.003252,0.002966,-0.021620,0.2908630000,-0.1178470000,-0.132476
-0.001149,-0.013194,-0.000750,-0.2137000000,1.6365150000,0.328828
0.003505,-0.007033,-0.002887,0.0020520000,0.0512840000,-0.325194
-0.012024,-0.015409,-0.008313,0.2266880000,-0.0534190000,-0.285319
0.010090,-0.001974,-0.022700,-0.4167380000,-0.2839020000,0.200656
-0.017795,-0.016755,0.015321,-0.0435710000,0.5697250000,-0.585827
0.009000,0.001321,-0.019631,0.6597140000,-0.1110490000,-0.042186
0.001247,0.004256,0.014678,-0.2934890000,0.3251410000,0.348759
0.002182,-0.013525,0.005355,-0.2167430000,-0.1106520000,-0.284479
0.007244,0.009764,-0.005536,0.5388480000,0.0935620000,0.392347
0.011645,-0.007312,-0.004157,-0.4681080000,0.0959880000,0.162133
-0.002948,-0.008818,0.013207,-0.7074830000,-0.4071150000,-0.485240
-0.005515,-0.004709,-0.013489,0.1463150000,-0.5049810000,-0.070100
0.006705,0.004154,-0.003862,-0.0996840000,1.1608600000,0.189046
-0.012041,-0.012610,0.027525,-0.1351840000,0.0239710000,-0.343547
0.003860,-0.002132,-0.039069,0.0772720000,-0.5242620000,-0.510465
-0.009109,-0.003649,0.010108,-0.0709860000,0.3123690000,-0.028948
0.006692,0.002792,0.003156,0.0023770000,-0.4050930000,-0.236109
-0.001727,0.011382,-0.003806,0.4514830000,-0.3753900000,0.107257
0.009528,0.000665,0.007515,-0.0960470000,-0.9027860000,0.318003
-0.008387,-0.003599,0.006531,-0.3326750000,-0.1264570000,-0.668029
0.008898,-0.003153,-0.015455,0.2599000000,-0.4678890000,-0.468043
0.008038,-0.001298,0.018337,0.0228460000,0.8281880000,-0.216490
0.000203,-0.007735,0.000435,-0.1959020000,0.0242700000,-0.002931
-0.006201,0.000386,-0.024928,0.2689700000,-0.4311490000,-0.404013
0.001667,-0.001357,0.004065,-0.1783710000,0.0149080000,0.413433
-0.002883,0.001009,0.004558,-0.1536870000,0.4744860000,-0.466474
-0.001428,-0.009961,-0.024315,0.0668010000,-0.4313530000,-0.122077
0.007874,0.003606,-0.007387,-0.0913270000,-0.0397180000,0.286271
0.001821,-0.014845,0.009806,-0.3560490000,-0.1096010000,-0.436482
0.010159,0.004380,-0.015321,0.2636320000,-0.1318100000,-0.397822
-0.001300,-0.000593,0.005890,0.0913270000,0.4262570000,0.065586
0.000475,-0.007144,0.011346,-0.7628910000,0.9597380000,-0.635378
0.003075,-0.006826,-0.010597,-0.0055010000,-0.4000640000,-0.362010
0.013700,0.006396,-0.020129,0.0876380000,0.5988570000,0.152640
-0.015408,-0.025736,0.025821,-0.3411860000,0.8791220000,-0.449015
0.008045,0.000835,-0.035078,-0.2212200000,-1.3483410000,-0.077574
-0.003782,-0.009554,-0.000848,0.0905400000,0.1429330000,0.116822
0.000820,-0.005247,-0.004981,-0.7003380000,-0.0814510000,-0.161749
-0.014627,-0.011625,0.010299,0.4290150000,0.1181440000,-0.375800
0.007362,0.008651,-0.022965,0.1920390000,0.1541260000,0.000735
-0.011250,-0.008126,0.013804,-0.2969920000,0.0660750000,-0.320225
-0.000953,-0.002966,-0.016699,-0.1940900000,-0.2140220000,-0.269918
-0.010403,-0.003967,0.005231,0.6637710000,0.7171460000,-0.202083
0.007841,0.005736,0.009307,-0.5662500000,-0.3620440000,0.248060
-0.009198,-0.000967,0.007384,-0.0261480000,-0.8330610000,-0.257606
0.001828,0.010604,-0.007177,0.3046960000,-0.9960010000,0.305733
-0.003099,-0.007364,0.017258,-0.4346210000,-0.0370590000,0.236818
0.001197,-0.010026,-0.005083,-0.4767610000,-0.5414750000,-0.219477
-0.002551,-0.000212,-0.021377,0.5247670000,-0.8299290000,0.357136
-0.000020,0.005995,0.017779,0.2486580000,1.4281780000,0.075647
0.003380,-0.000639,0.012170,0.0456820000,0.3404180000,-0.445132
0.004654,0.002936,-0.012698,0.4977460000,-0.2420480000,-0.207434
0.005530,0.003501,-0.004223,-0.3321830000,0.2368960000,0.079573
-0.000884,-0.020002,0.008802,-0.2907710000,0.0366840000,-0.023052
-0.004360,0.000310,-0.011720,0.5180770000,-0.5389150000,-0.131987
0.001073,-0.004768,-0.000947,0.0002790000,0.1092720000,0.460556
0.010999,0.008319,-0.001682,-0.4878820000,-0.5575260000,-0.268832
0.006197,-0.006560,-0.013548,0.1460030000,-0.6599940000,0.096809
0.005048,0.010945,0.001190,-0.1472300000,0.0820600000,0.117140
0.005435,-0.012767,-0.001269,-0.7624810000,-1.4870990000,-0.073920
0.008196,0.009613,-0.017352,0.3683950000,-0.6482690000,-0.444610
0.010024,-0.004446,0.001459,-0.3232770000,0.1510960000,-0.070766
-0.000244,-0.009432,0.005621,-0.7709530000,-0.7235650000,-0.568512
0.005964,-0.005454,-0.024469,0.1291050000,-1.8594690000,-0.214347
0.002140,0.004567,-0.018075,-0.2688940000,0.8003920000,0.520418
-0.006634,-0.014999,0.014658,-0.5097590000,0.0437080000,0.007842
-0.006277,-0.004065,-0.027820,0.0973700000,-0.2660850000,-0.605768
-0.004307,-0.007663,-0.000868,0.2806650000,-0.1248750000,0.370620
-0.004284,0.005349,0.001817,-0.3871670000,0.4037560000,0.238587
-0.010206,-0.006613,-0.006809,0.3384420000,-0.1325980000,-0.305126
0.010690,0.001278,-0.011408,0.3578380000,-0.4471800000,-0.336545
-0.010475,-0.010949,0.012826,-0.3909190000,-0.0650090000,0.075266
0.003922,0.000727,-0.017786,0.4717720000,-0.1166780000,-0.092194
0.003853,0.003268,0.004627,-0.0204330000,0.3388260000,0.289665
-0.001573,-0.021456,0.005641,-0.7111500000,-0.4613900000,-0.841788
0.008084,0.000231,-0.017254,-0.0366250000,-1.1621550000,-0.602968
0.001220,-0.006783,0.021738,0.0032100000,1.0081870000,0.224030
0.007805,-0.006915,-0.003514,-0.6180440000,-0.0781490000,-0.353312
-0.001898,-0.011878,-0.030630,0.2854840000,-1.9779950000,0.251159
0.008455,-0.000356,-0.011641,-0.0508510000,1.4237110000,0.272833
-0.007248,-0.026278,0.010016,-0.1986890000,1.1923510000,-0.637617
0.005360,0.000655,-0.025168,0.2087300000,-0.3532500000,-0.551991
0.001004,-0.010384,-0.009465,0.0354210000,0.3928740000,-0.020413
0.003095,-0.004879,0.003767,-0.6461280000,-0.1477930000,0.036842
0.000249,-0.020080,-0.010479,0.3014200000,-0.4965840000,-0.607822
0.010500,0.008772,-0.026291,0.0638760000,-0.3923900000,0.317494
-0.010147,-0.019348,0.008694,-0.5851170000,-0.1222290000,-0.354011
0.007454,0.004827,-0.020806,0.0273260000,0.1203600000,-0.442404
-0.013505,-0.011195,0.002355,0.5842410000,0.7491500000,-0.288392
-0.001511,-0.008625,0.013814,-0.3621280000,-0.4960920000,-0.166164
0.009476,-0.002575,-0.009238,-0.3807070000,-1.6689630000,-0.341456
0.009824,0.003100,0.004564,0.4394330000,0.4426260000,0.299661
-0.007478,-0.011175,0.023783,-0.2562530000,2.0687430000,-0.327216
0.005511,-0.016591,-0.000126,-0.5375320000,-0.4919960000,-0.527468
0.013018,0.011310,-0.028897,0.1432590000,-1.2281910000,-0.070208
-0.010094,-0.010817,0.031372,-0.1463080000,1.7470740000,0.069614
0.008274,0.001167,-0.015166,-0.0286100000,-0.3931740000,-0.292767
-0.010225,-0.000474,-0.006307,0.5546830000,-0.0853930000,0.270657
0.009420,0.003415,-0.018006,-0.1020640000,-0.1935000000,-0.144293
-0.008781,-0.003219,0.009265,0.1382040000,0.1842620000,-0.174767
0.001266,-0.005956,-0.021823,0.3671110000,0.1710340000,-0.318170
-0.001333,0.005119,0.011205,-0.3024770000,0.3641660000,0.115013
0.012075,-0.003150,-0.003724,-0.0932930000,-0.4187180000,-0.790608
0.009072,0.007144,-0.006133,0.2981640000,-0.7165670000,0.345050
0.004539,0.002785,0.002080,-0.3874360000,-0.5331280000,0.272465
-0.004570,-0.007794,-0.006438,-0.4235260000,-0.6774700000,-0.424521
0.012052,0.004003,-0.010965,0.2614070000,-0.7624550000,0.171823
0.000314,0.001722,0.013896,-0.1627270000,0.4042940000,-0.012513
0.002373,-0.003409,0.004666,0.3413900000,-0.5606250000,0.022367
-0.002213,0.006639,-0.015189,0.0638730000,-0.2289930000,0.259765
0.004260,0.000028,0.006685,-0.1599890000,-0.2633410000,0.324508
0.013119,0.010013,-0.011759,0.0994150000,-0.3498730000,-0.625259
0.004155,-0.002437,-0.011736,-0.1238690000,-0.0067630000,0.344961
0.001181,0.006173,0.018672,-0.4530160000,0.1806480000,-0.327876
0.000662,-0.002992,-0.010344,-0.5093030000,-0.8177180000,-0.146233
0.003748,0.002106,-0.004955,0.1137460000,0.3680980000,-0.082905
-0.009142,-0.011241,0.023238,-0.7058030000,0.6275000000,-0.246623
0.000695,0.004984,-0.032534,0.1659770000,-1.5604490000,0.198653
0.004152,-0.002959,-0.011808,0.2166700000,-0.5262740000,0.114298
0.009715,0.003599,0.006242,-0.5210180000,0.1048210000,-0.228868
-0.009507,-0.009317,-0.008753,0.3576350000,-0.2815260000,-0.363123
0.016244,0.013177,-0.015898,0.0391630000,-0.2484680000,0.203272
-0.010022,-0.002352,0.020051,-0.2904730000,0.3250130000,-0.029670
0.004135,0.001518,-0.017129,0.4186390000,-0.5712830000,-0.214649
-0.005023,-0.003438,-0.006530,0.0979810000,0.2971260000,0.080942
0.004595,-0.005766,0.000107,-0.5279670000,-0.2935030000,-0.025875
-0.011391,0.001154,-0.001955,0.1014900000,0.0092230000,-0.405148
0.004752,0.004252,-0.011848,0.6232300000,-0.1563100000,0.263058
-0.002206,0.007246,0.015725,-0.5991070000,0.0923900000,-0.152141
0.014015,0.001095,-0.006238,-0.0597830000,-0.7547380000,0.193175
0.010106,0.007942,-0.011441,-0.1489210000,-0.9133880000,0.249236
-0.009362,-0.010066,0.015561,-0.5318530000,1.5248590000,0.202612
0.001989,0.006199,-0.012977,-0.1091840000,-0.6226890000,-0.184559
0.008051,-0.000635,-0.003320,0.3318710000,-0.0647630000,0.779517
-0.001428,-0.002936,0.015534,-0.4329470000,1.5519750000,0.027681
-0.009342,-0.013256,-0.012577,0.4529730000,-0.5248690000,-0.426510
0.003239,0.009718,-0.024659,-0.1468960000,-0.3496200000,0.566762
-0.011643,-0.011690,0.025405,-0.3833000000,0.3067300000,-0.031462
0.002248,-0.000360,-0.032888,0.2650630000,-0.3915370000,0.097295
-0.007242,0.002437,-0.006320,0.3401750000,-0.4141070000,0.391729
0.002655,-0.001817,-0.007617,-0.6902210000,-0.0420620000,-0.706686
-0.011200,-0.012518,-0.005880,0.3290550000,-0.0363470000,0.153461
0.007296,0.002739,-0.024863,-0.2351930000,-0.0323260000,0.200862
-0.016629,-0.014651,0.010706,-0.5634860000,0.0127150000,-0.528765
0.010237,0.001472,-0.042827,0.2310900000,-0.5499700000,0.067631
0.000636,-0.000428,0.016207,0.0082290000,0.3533800000,0.302907
-0.005026,-0.005825,-0.008250,-0.8541330000,-0.0753920000,-0.512162
-0.001734,-0.006911,-0.018446,0.5216980000,-0.9687990000,-0.071541
0.005081,0.001623,-0.002001,-0.1493210000,0.5440140000,0.134015
-0.012536,-0.015259,0.021439,-0.0771730000,0.6759320000,-0.492356
0.000488,-0.007607,-0.023940,0.4617470000,-0.2080550000,-0.365575
-0.008758,-0.006163,-0.000487,0.0792740000,0.2922410000,0.119642
-0.001517,-0.004666,0.022168,-0.2688380000,0.1810720000,0.032906
-0.003789,-0.002687,-0.010591,0.2926100000,-0.2715310000,-0.508840
0.004739,-0.002969,-0.016299,0.1621070000,-0.1162320000,0.286843
0.006840,-0.003392,0.013361,-0.5215170000,-0.0170270000,-0.166754
-0.005371,-0.015515,-0.005244,-0.2641710000,-0.4018530000,-0.594535
0.002921,0.011612,-0.000409,0.1506970000,0.3670180000,0.485427
-0.017066,-0.015436,0.032012,-0.3758920000,2.7565450000,-0.498396
0.007585,-0.006416,-0.023852,-0.3077550000,-0.4929510000,-0.424823
-0.007268,-0.006885,0.006317,0.3713460000,0.4064270000,0.060252
0.006183,-0.006452,0.017760,-0.0893180000,1.0075300000,0.146597
-0.011158,-0.014812,0.004856,0.2435240000,0.5804560000,-0.794777
0.005842,-0.005158,-0.009235,0.3866380000,-0.2209550000,0.448266
-0.001973,-0.004922,0.013460,-0.3572150000,0.1240260000,-0.134377
0.002816,-0.006337,-0.010148,0.3202410000,-0.5845600000,-0.067868
-0.004717,0.001745,-0.009432,0.4517780000,0.4634990000,0.400743
0.005320,-0.018866,0.007404,-0.5019770000,0.0572940000,0.248461
0.005054,0.001873,-0.005775,0.3021220000,0.3326120000,-0.003768
-0.000253,-0.003045,-0.019719,0.1424120000,-0.5988950000,0.348966
0.010802,0.003944,-0.012311,-0.8232880000,-0.4521990000,-0.109824
-0.008331,-0.012403,0.007696,-0.2360010000,-0.7367310000,-0.227700
0.006669,-0.000064,-0.011208,0.5077010000,0.6406620000,0.079284
-0.055484,-0.008316,0.073768,0.6373870000,9.3592580000,-0.298164
0.004539,0.002916,-0.003786,0.0094370000,-0.8750760000,-0.277970
0.001601,0.007856,-0.020507,0.6612830000,-0.8881040000,0.133986
-0.000509,-0.000228,0.016568,-0.0022910000,1.4959240000,-0.185612
-0.007061,-0.000983,0.009603,-0.0727810000,0.0712450000,-0.457073
0.000078,-0.002661,-0.013702,0.1969590000,-0.3392740000,0.005761
0.010378,0.003734,0.006097,-0.0531620000,-0.4273250000,0.148130
0.003151,-0.009350,-0.007449,-0.0425600000,-0.3236060000,-0.335623
0.012174,0.011037,-0.021616,0.4170110000,-0.6350670000,0.289344
-0.003871,-0.008717,0.009380,-0.3038520000,-0.1449070000,0.024733
-0.000516,0.004535,0.003041,-0.3026830000,0.0530430000,-0.040883
0.003590,-0.002175,-0.024725,0.2962730000,-0.9378130000,0.082248
0.004276,0.010778,-0.006980,-0.1806260000,0.6268560000,0.235187
-0.011555,-0.010548,-0.001623,-0.7331590000,-1.2782510000,-0.416325
0.011104,0.002444,-0.027114,-0.5838900000,-1.6190240000,-0.062133
-0.003723,-0.000169,0.017149,-0.1894980000,0.0339040000,-0.167556
0.010969,-0.001840,-0.016693,-0.5582210000,-1.5882610000,-0.387397
0.002087,0.012042,-0.025890,0.1910870000,-1.8461560000,0.145454
0.007385,0.009045,0.006281,-0.3478630000,-0.0649800000,0.429878
-0.015858,-0.010102,0.019299,0.3493300000,0.7109390000,-0.476597
0.000242,0.002723,0.003310,0.4950900000,0.1665140000,-0.161299
-0.004340,0.003668,0.014474,-0.3867530000,0.1076700000,0.259473
0.002346,-0.000382,-0.005933,0.1208890000,-0.2048840000,-0.044710
-0.008151,-0.002936,0.003809,0.2796280000,1.0603450000,0.202149
0.004867,-0.008858,0.016522,-0.5512160000,-0.5576250000,-0.037328
-0.012871,-0.022939,0.002106,-0.0010210000,0.5031740000,-0.244259
0.005107,-0.014093,-0.004466,0.3000710000,-0.1223370000,0.357730
-0.009690,-0.036069,0.023642,-0.6332050000,-0.2792210000,0.180869
-0.001540,-0.021761,-0.022211,0.1010660000,-0.8312620000,0.244378
-0.011095,-0.038334,0.007532,0.0896040000,0.2337480000,0.355768
-0.000532,-0.036437,0.007079,-0.2529250000,0.3612380000,0.662347
-0.019784,-0.059148,0.000146,0.4159110000,0.0007800000,0.592300
-0.000654,-0.048086,-0.027229,0.0303760000,-0.4593450000,0.858697
-0.015523,-0.067013,0.013903,-0.5292600000,-0.4492020000,0.898033
-0.011049,-0.065447,-0.027938,0.3265210000,-0.0295820000,0.982753
-0.035815,-0.078409,0.013223,0.3096910000,2.1800340000,1.158203
-0.014072,-0.074667,-0.008487,-0.1985120000,-0.3508110000,0.535557
-0.029694,-0.084308,-0.028247,0.5703430000,-0.5709350000,1.159860
-0.019065,-0.066635,-0.007623,0.8675650000,2.4636820000,1.577666
-0.036048,-0.099831,-0.007351,0.3178150000,0.6585480000,0.999146
-0.023043,-0.090357,-0.039138,0.9369030000,-0.7718000000,1.386113
-0.038819,-0.096423,-0.031480,0.8221460000,-0.1265360000,1.825464
-0.036501,-0.091746,-0.019496,0.4501540000,0.5192190000,1.310534
-0.037929,-0.094749,-0.037224,1.1890400000,-0.7318860000,1.637462
-0.032014,-0.088569,-0.043307,0.9274790000,-0.4887390000,2.025830
-0.044694,-0.107144,-0.012964,0.3698490000,-0.4419120000,1.613333
-0.040220,-0.092793,-0.060753,0.8962430000,-0.7041760000,1.695961
-0.038769,-0.099141,-0.037260,1.1760120000,-1.4234630000,2.056564
-0.042948,-0.097730,-0.030725,0.8878760000,1.1928470000,1.613681
-0.025338,-0.098002,-0.048959,1.2275790000,-0.9668040000,2.165633
-0.005705,-0.068598,-0.042361,1.6138110000,-0.7528250000,3.012591
-0.013738,-0.105250,-0.019033,1.1427050000,0.8137390000,2.389473
0.008885,-0.080129,-0.058514,1.6179530000,-0.9624940000,3.190434
0.025484,-0.080710,-0.057914,1.2316920000,-0.5327140000,3.835128
0.031596,-0.079647,-0.030456,1.1706190000,-0.2949940000,3.951313
0.056809,-0.087141,-0.059414,2.0045260000,-1.1718940000,4.052081
0.057426,-0.087249,-0.033111,1.6904230000,0.5932970000,4.623488
0.079881,-0.084945,-0.022082,0.9257920000,0.1608220000,4.925742
0.085720,-0.089012,-0.007456,1.3374030000,0.6826940000,4.601900
0.113733,-0.087108,-0.024252,1.5486930000,-0.9684650000,5.621459
0.085241,-0.091329,0.042096,1.5263530000,4.9864690000,5.461020
0.110165,-0.085303,-0.002411,1.6136820000,1.0328310000,5.328620
0.093198,-0.074290,0.016348,2.0329780000,3.0027570000,6.259805
0.089708,-0.075196,0.030414,1.5856370000,3.4619440000,6.148628
0.073191,-0.068762,0.002506,2.1377470000,1.3980350000,5.973572
0.074636,-0.056581,0.020117,2.2037110000,2.3882260000,6.180540
0.041942,-0.063753,0.053505,1.9892490000,2.5685960000,5.492120
0.037744,-0.049389,0.010397,2.7631270000,1.6588880000,5.182395
-0.000591,-0.037074,0.023730,2.6259600000,2.1589210000,5.401346
-0.010682,-0.032022,0.017001,1.7642350000,1.1729720000,4.338469
-0.042177,-0.029655,0.018567,2.9315680000,0.8303350000,3.569948
-0.029739,-0.009879,-0.008506,2.7652830000,-0.7670110000,3.129549
-0.084097,-0.005263,0.022821,2.4203250000,0.0879420000,1.787060
-0.079577,0.040379,-0.041616,3.0393500000,-1.7242950000,2.050472
-0.120476,0.054191,-0.000379,3.3748810000,-0.0774270000,1.143392
-0.137384,0.085775,-0.022014,2.7219680000,-1.1433030000,-0.167749
-0.162511,0.113200,-0.063021,3.5772210000,-2.7043060000,-0.988432
-0.173126,0.150327,-0.074559,3.2314360000,-1.7419020000,-1.428457
-0.203952,0.194066,-0.064761,2.8942440000,-2.3592100000,-2.626837
-0.206476,0.236885,-0.110649,3.6754870000,-3.0041570000,-3.226231
-0.219346,0.290251,-0.119062,3.2277400000,-2.6026920000,-3.805481
-0.217745,0.319340,-0.119449,2.7271680000,-2.3502230000,-4.659358
-0.215581,0.383043,-0.136535,3.5077220000,-1.4541990000,-5.660513
-0.207681,0.423541,-0.140066,2.6856940000,-1.6654180000,-5.432200
-0.206853,0.481329,-0.134453,2.2904360000,-0.3980880000,-6.846879
-0.176008,0.524145,-0.174171,2.5050980000,-3.4122260000,-7.140061
-0.169555,0.576126,-0.142604,2.7988500000,0.7917730000,-7.102448
-0.151725,0.612436,-0.150262,2.4455650000,-1.0720970000,-8.372814
-0.133553,0.670529,-0.177109,2.5750930000,-1.4655930000,-8.277490
-0.099350,0.721147,-0.160191,1.8088730000,-1.3471920000,-8.080008
-0.084589,0.757237,-0.133167,1.6990730000,-0.9668820000,-9.170625
-0.047570,0.799361,-0.141809,2.0640040000,-1.3598420000,-9.063946
-0.015852,0.838068,-0.111775,1.0232580000,-1.6811010000,-9.250468
0.002205,0.865246,-0.084587,0.9882800000,-0.6340490000,-9.716154
0.043708,0.899045,-0.085588,1.1993740000,-1.3353520000,-10.014905
0.077104,0.918947,-0.052087,-0.0141630000,-1.8364880000,-9.637129
0.096319,0.954000,-0.031959,0.1790610000,-0.7900500000,-10.772108
0.127561,0.964481,-0.006225,0.2428750000,-0.6142030000,-10.183350
0.171287,0.997020,0.036955,-0.0443840000,-0.5856860000,-10.121128
0.188139,0.978700,0.059617,-0.8696350000,-0.8037380000,-10.738580
0.219453,1.022629,0.041777,-0.2986880000,-1.6757180000,-10.368788
0.239243,1.005748,0.117569,-0.6404950000,1.1592190000,-9.957281
0.260536,1.008098,0.127758,-0.8457950000,-0.3707840000,-10.276458
0.286339,0.993179,0.131388,-0.6400550000,-0.5646030000,-9.936525
0.311417,1.000253,0.178813,-1.3636000000,0.0188180000,-9.288223
0.337296,0.966601,0.196472,-1.2126140000,0.1860650000,-9.289299
0.351936,0.942584,0.195678,-0.7832190000,0.0040670000,-9.315400
0.383723,0.917319,0.236055,-1.1607550000,0.0278640000,-8.243493
0.384159,0.878061,0.246234,-1.0898210000,0.6408100000,-8.174367
0.421694,0.851132,0.231148,-0.6213810000,-0.5537540000,-6.976348
0.419065,0.804101,0.262101,-1.4476400000,0.2828050000,-7.119170
0.444907,0.761705,0.240273,-0.7291270000,0.0925090000,-6.148965
0.447113,0.714484,0.248131,-0.3903110000,1.4780550000,-5.472233
0.449286,0.655987,0.257781,-0.3437790000,2.9815230000,-5.137515
0.450534,0.612636,0.222709,0.3508760000,1.4407900000,-4.454429
0.459091,0.554113,0.216774,0.1460190000,1.4679090000,-3.525879
0.435838,0.500347,0.224534,0.1144260000,2.4151650000,-3.300818
0.438195,0.437334,0.183237,1.2517050000,1.7163170000,-2.293814
0.428449,0.395906,0.176938,1.0759730000,1.5803320000,-1.281299
0.420880,0.327727,0.180746,0.7650280000,1.8754730000,-1.189957
0.391066,0.268305,0.145204,1.7789800000,2.0004710000,-0.928671
0.378185,0.209362,0.143530,1.8170590000,2.1296190000,0.301236
0.357178,0.146753,0.131289,1.4518350000,1.2691870000,-0.095315
0.331512,0.081068,0.091624,2.7070300000,1.8481400000,0.661613
0.310072,0.039148,0.086415,2.4590050000,1.7201380000,1.400714
0.276837,-0.037225,0.083934,1.9095970000,1.0219070000,1.045525
0.236174,-0.070328,0.038186,3.1731190000,0.4705830000,1.587882
0.208543,-0.135875,0.029685,3.2003050000,2.2064280000,1.996999
0.173378,-0.174349,0.014126,2.9385370000,0.4419300000,1.696810
0.122109,-0.233009,-0.016387,3.8634720000,0.4767900000,1.893054
0.085471,-0.259538,-0.017927,3.2136410000,1.6564650000,2.641384
0.038243,-0.306496,-0.027801,3.4823020000,0.6276700000,2.430875
0.012043,-0.346506,-0.054300,3.8062920000,0.1318710000,2.528514
-0.047048,-0.382081,-0.042736,3.9452470000,1.6003910000,2.846185
-0.068571,-0.404172,-0.066445,3.2733390000,0.5573240000,3.080151
-0.114371,-0.436954,-0.066563,4.8589930000,1.0538520000,3.466041
-0.130530,-0.450057,-0.050105,4.4065550000,0.3384970000,4.153245
-0.187392,-0.477436,-0.074697,4.5266460000,-0.6095890000,3.735712
-0.206407,-0.485061,-0.083228,4.9864370000,0.4671260000,4.574431
-0.253740,-0.498946,-0.052015,4.3146330000,0.6395390000,4.852965
-0.277153,-0.516907,-0.077969,5.0439190000,-0.1228660000,4.878496
-0.301693,-0.510674,-0.088105,5.1501780000,-1.1150450000,5.645795
-0.333486,-0.519963,-0.071240,4.0025720000,-0.5147070000,6.067240
-0.370122,-0.513835,-0.069980,4.8407780000,-0.1885250000,5.645951
-0.390062,-0.517045,-0.069694,4.8081020000,-0.5979560000,7.103656
-0.412646,-0.501588,-0.051089,3.9532170000,-1.8707020000,6.609773
-0.436952,-0.489827,-0.063211,4.7688410000,-0.5954450000,6.813885
-0.429915,-0.459025,-0.071529,4.4986470000,-1.2041270000,8.355239
-0.478728,-0.457843,-0.012291,4.5660280000,1.5950800000,8.036235
-0.468976,-0.419868,-0.072028,4.6471210000,-0.8513310000,8.490113
-0.492002,-0.382074,-0.029455,4.7072390000,-0.1311840000,9.420809
-0.495363,-0.350044,-0.030249,3.9057270000,-0.0873530000,9.664769
-0.502982,-0.307465,-0.037198,4.8619400000,-0.8569210000,10.072749
-0.485667,-0.261517,-0.043986,3.8712650000,-0.9560600000,10.267460
-0.509356,-0.218986,-0.019532,3.7966740000,0.0334700000,10.433747
-0.488073,-0.151335,-0.030568,4.2393930000,-2.0684420000,11.347272
-0.498449,-0.102519,-0.006540,3.3234450000,-0.5672490000,10.891285
-0.481935,-0.042591,-0.026274,3.4649780000,-1.3877370000,11.234906
-0.469688,0.025582,-0.020704,3.9375530000,-0.9309030000,11.950940
-0.464787,0.079059,-0.000993,3.1142430000,0.4097490000,11.605778
-0.453348,0.157204,-0.034126,3.5565080000,-1.4121020000,11.538671
-0.428447,0.221704,-0.016535,2.8452700000,-0.8907530000,11.884101
-0.418518,0.294653,0.002431,2.4292870000,-0.4421480000,11.563169
-0.410627,0.347267,-0.017917,2.4711640000,-0.7215590000,11.262139
-0.375403,0.439182,0.006422,2.2430080000,-1.0900290000,11.065248
-0.370457,0.495696,0.021649,1.0499340000,-1.3624450000,10.810674
-0.336369,0.588362,0.001174,1.6401720000,-1.3186050000,10.420726
-0.310792,0.644663,0.020228,0.9755210000,-2.3876160000,10.638226
-0.296822,0.721413,0.037494,-0.0508670000,-1.3559100000,9.860841
-0.274770,0.788171,0.031172,0.6224790000,-2.8575400000,9.115392
-0.247106,0.874148,0.056493,0.4082770000,0.0660750000,8.935993
-0.243656,0.920181,0.091080,-0.5474580000,-0.9179970000,8.268268
-0.195601,1.012230,0.056066,0.4090380000,-1.5189520000,8.060561
-0.183962,1.069535,0.111887,-0.2376970000,1.3185780000,7.557632
-0.153855,1.124332,0.109806,-0.4927620000,-0.2149510000,6.266057
-0.141024,1.184414,0.102059,-0.2357640000,0.1540580000,5.751570
-0.100299,1.234678,0.129212,-1.1537700000,-0.0745210000,5.239007
-0.093170,1.285841,0.125033,-1.1186410000,0.5489810000,4.265044
-0.059758,1.327151,0.122026,-1.1608300000,-0.0737340000,3.543567
-0.046717,1.359125,0.141422,-2.0452930000,0.2421680000,2.207378
-0.018392,1.389182,0.134208,-1.9431920000,-1.1183010000,1.644462
-0.007570,1.433610,0.154056,-1.4434770000,1.6789960000,0.813069
0.007598,1.427991,0.159046,-2.3417030000,0.0287310000,-0.406291
0.033690,1.457707,0.106412,-1.8000580000,-2.2609860000,-1.201173
0.033506,1.449274,0.160050,-1.6174040000,0.2172640000,-1.576208
0.063695,1.458071,0.163500,-1.6807060000,-0.2809540000,-2.508168
0.071083,1.442834,0.164061,-0.5780330000,0.0836760000,-2.967666
0.094395,1.422956,0.168663,-1.7834530000,-1.0835690000,-3.638245
0.119263,1.398715,0.138547,-1.4110470000,-2.9870550000,-4.561857
0.120120,1.363813,0.141396,-0.8398500000,-0.3780480000,-4.675835
0.126402,1.336122,0.145292,-1.0703070000,-0.2152490000,-5.313189
0.140642,1.283632,0.092002,-0.3942460000,-1.4971370000,-5.554063
0.161091,1.257599,0.091900,-0.1327710000,-0.9126100000,-5.553448
0.148165,1.196014,0.103507,-0.2766790000,-0.2404320000,-6.307332
0.168467,1.143915,0.049691,-0.0805370000,-2.0940280000,-6.965555
0.164643,1.095942,0.067026,0.9372120000,-0.7848710000,-6.582772
0.185998,1.048918,0.029718,0.7467320000,-0.5267360000,-7.150229
0.181662,0.990251,0.012498,2.0743340000,-0.6318830000,-7.284326
0.191444,0.934696,0.018104,1.7598010000,0.4889780000,-7.574656
0.203645,0.860355,-0.019132,1.8149560000,-1.0197060000,-8.099428
0.219883,0.801261,-0.041534,2.5699980000,-0.4463430000,-7.657558
0.223169,0.737697,-0.024761,2.8386530000,1.1164850000,-7.803849
0.227705,0.663698,-0.074638,3.1067920000,-0.7611620000,-8.359952
0.235764,0.614983,-0.101586,3.3329160000,-0.8037970000,-7.857268
0.229406,0.537166,-0.092678,3.2619720000,0.3769610000,-8.113685
0.243037,0.482898,-0.119899,3.3943010000,-0.0407910000,-8.519048
0.239900,0.408849,-0.112464,3.9510250000,-0.2641480000,-8.545274
0.246921,0.351443,-0.128030,3.5435890000,-0.8542030000,-9.098840
0.236683,0.292641,-0.136571,4.6410230000,-0.8033610000,-8.667687
0.249599,0.239836,-0.128003,4.7664450000,0.6948780000,-8.692038
0.243425,0.181455,-0.119407,4.2930750000,0.0887760000,-9.086377
0.252084,0.117293,-0.155550,4.8642710000,-0.6746730000,-9.208331
0.251720,0.086353,-0.118891,5.7548490000,2.0661070000,-8.458973
0.253857,0.020379,-0.120973,5.1405740000,-0.3082350000,-8.911394
0.265171,-0.008845,-0.159397,5.8035640000,-0.6050690000,-8.750222
0.255117,-0.050066,-0.128516,5.7996250000,-0.1171900000,-8.357658
0.270512,-0.081853,-0.134910,5.3941650000,-0.1767240000,-8.835722
0.275314,-0.104912,-0.128089,6.7165180000,0.1539520000,-8.498323
0.297661,-0.117122,-0.129852,5.8875780000,-0.5188530000,-8.270977
0.294375,-0.129235,-0.105263,5.3889290000,0.8669600000,-7.906390
0.300067,-0.146730,-0.141199,6.3024940000,0.1329050000,-8.099400
0.294920,-0.161498,-0.096036,5.6476940000,2.8756510000,-7.907804
0.313141,-0.178461,-0.115993,5.3801060000,1.1968680000,-8.601711
0.331998,-0.175852,-0.126864,5.5882950000,0.8810150000,-7.523551
0.338773,-0.171654,-0.101478,5.5325130000,3.0179810000,-6.902343
0.340723,-0.177789,-0.095921,5.1395070000,1.5442940000,-7.649383
0.358215,-0.170246,-0.104301,5.4280400000,1.6512070000,-6.227959
0.366881,-0.160868,-0.068513,4.8718830000,2.6107130000,-6.264509
0.363986,-0.179331,-0.060904,4.6876860000,2.3740910000,-6.490508
0.375756,-0.150777,-0.070305,5.2413540000,1.1574460000,-6.073169
0.368240,-0.142827,-0.032842,4.2143780000,2.0041180000,-5.223851
0.364314,-0.112951,-0.029777,4.8839750000,2.5143890000,-5.548193
0.357381,-0.094319,-0.012839,4.6370770000,1.7281470000,-4.652212
0.346208,-0.074933,0.003196,3.6353690000,2.2101140000,-5.290614
0.325302,-0.054323,0.002953,4.2931860000,1.3187910000,-5.379789
0.325374,-0.005076,-0.008378,4.2059390000,1.8021040000,-3.939469
0.285296,0.003586,0.057576,3.5911710000,2.4647950000,-4.518945
0.292212,0.057070,0.028306,3.8172780000,1.0107770000,-4.302636
0.271168,0.088939,0.059647,3.4683650000,1.1580990000,-3.890665
0.253518,0.112789,0.082913,2.3681210000,0.3062470000,-4.146440
0.228487,0.151424,0.077132,2.9241700000,1.4241010000,-4.409069
0.218354,0.190708,0.103832,1.9303430000,1.0204960000,-3.922865
0.187932,0.226083,0.098905,1.4780880000,0.0619620000,-4.052276
0.159982,0.250432,0.085132,1.7787240000,-0.0340690000,-3.944744
0.152843,0.300154,0.112258,1.0876490000,-2.0504810000,-3.236425
0.090726,0.316498,0.133000,0.5348440000,-0.1593990000,-3.734021
0.073207,0.361602,0.125450,1.3243750000,-0.3393230000,-3.476271
0.042014,0.382360,0.167173,0.1986860000,-0.2452610000,-3.175358
0.019425,0.398900,0.165555,-0.2558170000,-0.5915850000,-3.191718
-0.018307,0.424090,0.213744,0.1847980000,-0.3621130000,-2.734302
-0.025994,0.464385,0.199206,0.0823800000,-0.7910060000,-1.817816
-0.065334,0.470172,0.229621,-0.5566090000,-1.1420560000,-2.374932
-0.061819,0.491527,0.221576,-0.2590860000,-2.6555450000,-1.256051
-0.077896,0.509581,0.236311,-0.7459270000,-1.5092520000,-0.609864
-0.112959,0.501778,0.228564,-1.0206740000,-2.0005510000,-0.822970
-0.127750,0.523918,0.230278,-0.7368220000,-1.6126200000,-0.008958
-0.158090,0.528875,0.247855,-0.9180420000,0.2427620000,1.069930
-0.177761,0.541571,0.237194,-0.7728430000,-1.0121300000,1.354376
-0.206450,0.523301,0.221399,-1.4217350000,-1.0447940000,2.004610
-0.203203,0.543114,0.228131,-2.0892580000,-3.6422000000,3.288523
-0.249108,0.520895,0.234424,-1.3182300000,-0.7641950000,3.155370
-0.253579,0.531803,0.210281,-1.2551940000,-0.2955870000,4.507860
-0.283974,0.496966,0.253376,-1.8104740000,-0.4839530000,5.310935
-0.279225,0.496681,0.197060,-1.5365970000,-1.6788100000,6.017207
-0.291517,0.477327,0.214893,-0.8442130000,0.0081760000,7.370580
-0.302855,0.446187,0.242344,-1.5507910000,0.5038240000,7.571125
-0.312564,0.421454,0.204701,-0.9513780000,-0.4631850000,7.776707
-0.304322,0.399258,0.195737,-0.8793390000,-0.8320890000,9.451017
-0.323216,0.370858,0.222078,-1.8748850000,-0.7599150000,9.552977
-0.336887,0.340197,0.192848,-0.9564560000,-0.6504420000,10.037009
-0.341755,0.342573,0.198448,-0.6962210000,0.0140450000,10.949025
-0.359605,0.285623,0.181389,-1.5528390000,-0.9967130000,11.066980
-0.361952,0.278428,0.149461,-0.8250370000,-1.1734990000,11.539966
-0.376011,0.243010,0.131742,-0.0673460000,-0.9495480000,12.213251
-0.383737,0.206441,0.127498,-0.9545980000,1.0249470000,12.523990
-0.404699,0.189947,0.110814,0.1171600000,-0.9432650000,12.908820
-0.385786,0.173544,0.075019,0.3103410000,-0.6056400000,13.951933
-0.403711,0.130593,0.106957,-0.0305920000,0.1960360000,13.691249
-0.380297,0.108847,0.041232,1.0403520000,-0.4894550000,13.801303
-0.381781,0.074503,0.059181,0.4037100000,-0.6692540000,14.258462
-0.369633,0.044817,0.047932,0.0301890000,-1.3549450000,13.799273
-0.371553,0.029632,0.012747,1.1310990000,-1.3007650000,13.860405
-0.359162,-0.000533,0.011517,1.4017980000,-0.6406080000,14.309352
-0.364968,-0.026727,-0.019069,0.9767880000,-0.8940450000,13.272003
-0.351674,-0.054471,-0.039893,1.4897080000,-1.1522680000,13.515337
-0.333562,-0.050738,-0.060080,2.5911040000,0.1493960000,13.949446
-0.332745,-0.072727,-0.045706,2.3989340000,1.1878480000,13.682171
-0.331727,-0.082050,-0.081954,2.5351580000,-0.4381570000,12.650628
-0.308300,-0.074927,-0.120306,3.2121610000,-0.6098420000,12.980606
-0.297872,-0.078252,-0.103635,2.2412520000,-0.1793170000,11.986184
-0.276280,-0.082828,-0.157345,3.4755240000,-0.5214060000,11.496182
-0.253247,-0.079936,-0.158806,3.3523870000,-0.0113150000,10.863263
-0.240705,-0.085831,-0.143309,2.5085700000,1.4215150000,9.380349
-0.219261,-0.066271,-0.181950,2.9760390000,-0.1187530000,8.781484
-0.190569,-0.040143,-0.180365,3.3834060000,0.9033460000,9.020269
-0.177958,-0.037678,-0.178993,3.1064210000,0.6556530000,7.217205
-0.152329,-0.019759,-0.210570,3.0171680000,-0.6773350000,6.550775
-0.125009,0.009179,-0.219872,3.1359690000,0.0757610000,6.247583
-0.109509,0.015094,-0.209651,2.8899540000,0.3319190000,4.674444
-0.098057,0.070416,-0.263345,4.1417480000,0.0281490000,4.052737
-0.074706,0.091184,-0.224881,3.0870940000,0.2062580000,3.591859
-0.068055,0.120657,-0.212126,2.6416180000,-0.0749060000,1.857441
-0.044537,0.140700,-0.223391,3.3310220000,-0.8021830000,1.881619
-0.016840,0.193216,-0.192796,3.1653930000,0.0787480000,0.999966
-0.015349,0.184675,-0.182019,2.5386210000,-0.3541950000,-0.531020
0.014403,0.248305,-0.218477,3.5581270000,-1.3058560000,-0.728475
0.027063,0.250110,-0.161770,3.0509410000,1.1859800000,-1.728168
0.050125,0.291003,-0.157132,3.1725620000,0.4428860000,-2.613366
0.071159,0.312454,-0.173439,3.4036000000,-0.5023150000,-3.196541
0.098046,0.355496,-0.149041,2.9898680000,-0.1151550000,-3.524683
0.114740,0.366929,-0.146707,2.7142680000,-0.0968130000,-4.572044
0.138462,0.419071,-0.146270,3.4648600000,-0.4624500000,-5.617514
0.148188,0.441870,-0.123083,2.6457310000,-0.5563970000,-5.500761
0.175872,0.472890,-0.147209,2.2548840000,-0.2229340000,-6.006697
0.185490,0.488379,-0.114644,3.2105230000,0.1640070000,-6.938207
0.224068,0.523383,-0.126510,2.6213420000,-0.2760040000,-7.024207
0.216640,0.541358,-0.091795,2.4916470000,-0.0031840000,-7.871165
0.254894,0.572866,-0.121176,3.1253700000,-0.4889660000,-7.824206
0.275409,0.589892,-0.096039,3.2374100000,0.9159840000,-7.253830
0.313288,0.611494,-0.085345,2.6873880000,-0.4353270000,-7.817986
0.325939,0.622625,-0.101563,3.3614330000,-0.6498540000,-8.545348
0.363424,0.646320,-0.103661,3.8160050000,-0.1904510000,-7.592121
0.384685,0.649248,-0.078632,3.2101430000,0.3117560000,-8.426595
0.398937,0.655931,-0.092648,3.7717610000,0.1154300000,-8.655804
0.422826,0.698856,-0.105417,4.0051850000,-0.4530720000,-7.969076
0.428236,0.707476,-0.078928,3.0148150000,0.5398430000,-8.338104
0.443335,0.743054,-0.098652,3.8399510000,-0.3997590000,-8.158847
0.448229,0.732642,-0.075094,3.1062670000,0.7886550000,-8.264561
0.458618,0.742460,-0.079683,2.8937710000,0.2260740000,-9.374390
0.463857,0.759158,-0.106802,3.7217170000,-0.3762140000,-8.608183
0.468567,0.779217,-0.064068,3.6159870000,3.0772820000,-8.558097
0.462931,0.766855,-0.062184,3.0243830000,1.2475620000,-9.325810
0.466821,0.794733,-0.080868,3.7045370000,0.8772150000,-9.277056
0.464845,0.801229,-0.050994,3.2292730000,1.1224750000,-8.661202
0.470100,0.804399,-0.036673,3.5001070000,1.3725840000,-9.670243
0.456606,0.813259,-0.041560,3.9232880000,0.8876170000,-9.536182
0.446906,0.833764,-0.017671,3.0588810000,0.8570710000,-9.730687
0.430281,0.834821,-0.005408,2.9439500000,0.5433380000,-10.024351
0.422521,0.850876,-0.006501,3.7157920000,0.5007820000,-9.980193
0.381661,0.861140,0.033059,3.1590250000,2.3534260000,-9.917962
0.378635,0.870390,0.025624,2.8098820000,1.0946140000,-10.628830
0.360050,0.873055,0.007850,3.1568720000,-0.8599760000,-10.294274
0.343093,0.882751,0.044187,2.9053580000,0.1522290000,-10.218759
0.318340,0.866684,0.049586,2.4239330000,-0.1886090000,-10.531743
0.305903,0.882249,0.036181,2.7278740000,-0.5166630000,-10.450293
0.287859,0.878957,0.068437,2.3518540000,-0.7446610000,-10.075308
0.267912,0.873298,0.058098,2.4719190000,-0.8693640000,-11.296601
0.256948,0.863733,0.056200,2.4890930000,-0.3416100000,-10.102900
0.237113,0.859551,0.086445,1.8975650000,-0.9739330000,-10.288680
0.219401,0.841114,0.073062,2.5895220000,-0.8752620000,-10.290255
0.178022,0.849192,0.083008,2.6431180000,-0.3678500000,-9.851545
0.159897,0.824078,0.104239,1.8856300000,-0.1711800000,-9.719939
0.131963,0.823303,0.100149,2.3368860000,-0.9267340000,-9.392624
0.114963,0.801291,0.104019,2.7091970000,-0.3046960000,-8.497277
0.092613,0.784039,0.127213,1.7378710000,-0.0660890000,-9.091228
0.073913,0.754375,0.097648,1.8939800000,-1.2527920000,-8.339093
0.063534,0.756778,0.113252,2.4318770000,-0.4817310000,-7.114274
0.033293,0.703149,0.138727,1.5320160000,-0.7377350000,-7.186192
0.030523,0.694211,0.106340,2.6671650000,-1.5482480000,-6.696215
0.009577,0.660205,0.110679,2.6340580000,-0.0797540000,-5.632229
0.009623,0.642194,0.134093,2.3592920000,-0.4217900000,-5.499493
-0.007813,0.599152,0.099187,2.6468140000,-0.7162710000,-4.576327
-0.012924,0.591921,0.114391,2.6219200000,-0.4552780000,-3.431287
-0.036744,0.560314,0.109658,1.9485700000,-0.5399390000,-3.151105
-0.040440,0.531475,0.066973,2.5209090000,-0.2233180000,-2.871792
-0.057788,0.504952,0.122181,2.3420030000,-0.0196230000,-1.779468
-0.081100,0.483745,0.108897,1.6098690000,1.0824390000,-1.780299
-0.092241,0.451948,0.084150,1.9961790000,-0.9343860000,-0.369674
-0.088525,0.435086,0.093141,2.2434610000,-0.0165600000,0.411150
-0.109979,0.392831,0.113669,1.5248270000,0.4632330000,1.075043
-0.113701,0.373300,0.080083,2.1976910000,-1.2259390000,1.677151
-0.123686,0.341047,0.095882,1.9731850000,0.2278370000,3.334426
-0.134968,0.302872,0.119857,1.7434540000,0.0122850000,3.498587
-0.158359,0.249631,0.108595,2.2102460000,-0.3872560000,3.682112
-0.152821,0.236252,0.098764,2.1127970000,-0.0516270000,5.888371
-0.178618,0.196859,0.148565,1.7062110000,0.4748500000,6.160952
-0.178621,0.183112,0.101327,2.7418170000,-0.3209640000,7.056021
-0.198486,0.139646,0.138793,2.3523560000,0.4733430000,8.160394
-0.208439,0.106441,0.141360,1.3416310000,-0.0135770000,8.060888
-0.221129,0.077401,0.143297,2.3353360000,-0.3520780000,8.830787
-0.217006,0.074227,0.142374,2.5222280000,0.2768630000,10.510818
-0.256050,0.034063,0.183950,1.9525780000,0.1825620000,10.467060
-0.235417,0.035088,0.105125,2.6705420000,-0.6768000000,10.917234
-0.251888,0.009215,0.172070,2.8056570000,1.7760940000,11.862301
-0.254360,-0.005431,0.168332,2.3903930000,1.6077440000,12.270118
-0.273336,-0.018177,0.151191,3.2519440000,0.9045440000,12.373597
-0.263167,-0.008470,0.152113,2.9082560000,0.6848140000,13.680234
-0.287362,-0.026800,0.170538,2.5235450000,1.4350350000,12.783557
-0.283492,-0.038817,0.130856,3.1395560000,0.0990790000,13.105778
-0.294258,-0.022362,0.133443,2.6523410000,0.7990530000,13.881411
-0.300600,-0.021482,0.145857,2.6252540000,1.0058300000,13.290011
-0.322668,-0.014655,0.117254,3.1531130000,0.7280700000,13.262057
-0.322727,-0.001318,0.114263,3.0695060000,0.8377200000,13.552274
-0.333657,0.008047,0.128119,2.2680130000,0.7068850000,13.051803
-0.328796,0.007742,0.094605,3.3187150000,-0.0955260000,12.590076
-0.352469,0.027338,0.122125,2.9584550000,2.5336410000,12.437114
-0.352971,0.022870,0.111926,2.0112280000,-0.1236010000,12.248272
-0.350240,0.065289,0.064479,3.4068000000,-1.7255000000,12.098411
-0.359372,0.068017,0.082247,2.7501020000,0.1614430000,11.768841
-0.358358,0.098068,0.079824,2.5949180000,-0.3237640000,10.766243
-0.374852,0.113955,0.071391,3.5672090000,-0.6489130000,10.472605
-0.365999,0.151109,0.056309,2.8253420000,-0.9394510000,9.744116
-0.382999,0.184238,0.082151,2.5323840000,-0.0951980000,9.153516
-0.369009,0.232270,0.039105,3.6181000000,-1.0531120000,8.570988
-0.373079,0.261185,0.061794,2.8900550000,-0.0789200000,8.020013
-0.375892,0.284760,0.047528,2.3089950000,-0.9434720000,7.020796
-0.365346,0.342734,0.012137,3.3431860000,-0.7331130000,6.420181
-0.361240,0.375047,0.021571,2.8863890000,0.1954520000,6.638171
-0.363285,0.398588,0.022401,2.6404690000,-0.2419390000,4.546003
-0.335243,0.443279,-0.019063,2.8129180000,-1.5002680000,4.464631
-0.322980,0.496425,-0.000215,2.6333160000,-0.9242600000,4.274958
-0.317406,0.511514,0.006104,2.6160210000,-0.6219730000,3.196716
-0.284293,0.559526,-0.019857,3.1546100000,-1.6179170000,2.408208
-0.274826,0.584394,-0.010450,2.7517210000,-0.9559350000,2.234822
-0.255686,0.615873,-0.015912,2.1489830000,-1.1957800000,1.117536
-0.227983,0.651943,-0.034871,2.8908210000,-1.7009300000,0.892377
-0.212913,0.696831,-0.018075,3.1030830000,-0.6770590000,0.338379
-0.190454,0.709619,-0.021830,1.9831610000,-1.2988610000,-0.147983
-0.157056,0.764948,-0.063914,2.6662360000,-2.0424650000,-1.141912
-0.116248,0.781511,-0.040248,3.1470580000,-1.0361280000,-0.875214
-0.082823,0.806563,-0.037375,2.3741060000,-0.9014100000,-1.796791
-0.044980,0.834778,-0.075891,3.0043010000,-1.6537160000,-1.791924
-0.007780,0.885010,-0.068506,2.9954710000,-1.0988030000,-1.571465
0.028487,0.886017,-0.055491,2.3685160000,-0.7682780000,-2.185566
0.070247,0.926231,-0.078563,3.1241790000,-0.8923210000,-2.598333
0.108651,0.933416,-0.083950,2.6944490000,-0.6933500000,-2.583565
0.143067,0.966503,-0.075727,2.1775140000,-0.6132580000,-3.206369
0.167702,0.981868,-0.096203,2.8004520000,-0.2108210000,-3.126897
0.199338,1.027628,-0.082778,3.1466900000,2.2511680000,-2.802799
0.225956,1.030070,-0.079637,2.2039340000,0.3717030000,-3.009711
0.273718,1.054823,-0.103648,2.3260250000,-0.2497350000,-3.634076
0.286513,1.061224,-0.071913,2.8971620000,1.5727340000,-3.198451
0.328696,1.086154,-0.071683,2.2632250000,1.4415020000,-3.760318
0.342288,1.083390,-0.078537,3.1641690000,0.6253440000,-3.866446
0.374837,1.101559,-0.093006,2.5795210000,1.5803000000,-3.776084
0.379501,1.088711,-0.035754,2.1789710000,1.8008040000,-4.292611
0.418418,1.099271,-0.065201,2.9449780000,1.0539090000,-4.351409
0.437049,1.092312,-0.024072,2.6109340000,0.4370860000,-4.167014
0.453392,1.078926,-0.029038,2.2064750000,0.8165520000,-5.192247
0.466017,1.099750,-0.055386,3.1534520000,0.9105150000,-4.752847
0.448147,1.066981,-0.000786,2.5119160000,2.5676150000,-5.132060
0.458595,1.063666,-0.031828,2.5113770000,0.8682900000,-5.819337
0.443893,1.060535,-0.017103,3.1308820000,1.1911830000,-5.801684
0.455083,1.054846,0.018403,2.6274840000,1.2165960000,-6.137103
0.441257,1.030051,0.000881,3.2770160000,1.1727430000,-6.718226
0.438536,1.014213,0.013923,2.7576190000,0.4750280000,-5.871711
0.419042,0.996311,0.028628,2.5016910000,1.6008020000,-7.007241
0.411374,0.982830,0.000645,3.4270430000,0.3598040000,-6.812842
0.398359,0.971984,0.010926,3.0183830000,1.3639090000,-6.438782
0.366224,0.934167,0.038886,2.9791380000,1.0048920000,-7.200107
0.365587,0.928482,-0.006445,3.5250960000,-0.9659040000,-7.388355
0.334644,0.906073,0.027781,3.6480030000,1.1417100000,-7.061569
0.321704,0.888627,0.038882,3.5091100000,0.0009780000,-7.725028
0.295839,0.857838,0.016585,4.2299900000,-0.1599700000,-7.762596
0.291148,0.838330,0.019053,4.1001300000,0.3566890000,-7.193260
0.265788,0.816462,0.025270,3.5051750000,-0.3030120000,-7.773204
0.250029,0.790909,-0.000116,4.0817120000,-0.5638350000,-7.608314
0.228588,0.775622,0.002969,4.2428270000,0.1156690000,-7.447731
0.194198,0.730210,0.020468,3.2960700000,1.9804620000,-7.852455
0.204840,0.716696,-0.006255,3.9029670000,-0.8016110000,-8.375561
0.186058,0.681653,-0.010167,4.2976500000,0.0100210000,-6.983534
0.174080,0.656322,-0.010958,3.5086380000,-0.3922450000,-7.580902
0.136234,0.620678,-0.012984,4.2876680000,-0.3831000000,-7.505097
0.153200,0.612646,-0.013286,4.0571860000,-0.7554270000,-6.770290
0.123662,0.577012,0.010699,3.9808360000,-0.0822420000,-6.457752
0.133512,0.543826,-0.006005,4.9087160000,-0.8876110000,-6.393734
0.109899,0.519651,0.011733,3.9622050000,-0.0201740000,-5.563842
0.096985,0.492180,0.014011,3.8253340000,-0.6916430000,-6.078771
0.092935,0.487785,0.001032,4.6427990000,-1.5613810000,-4.697701
0.066623,0.446640,0.042014,3.8695550000,-0.1878710000,-4.313780
0.049049,0.430326,0.004403,4.3338520000,-0.2277360000,-4.700015
0.037888,0.396277,0.022825,4.4579510000,-1.2355230000,-3.513669
0.032154,0.395778,0.055633,4.1206680000,0.3860400000,-3.259825
0.009101,0.371672,0.059745,4.8110790000,-0.0551720000,-3.071787
0.002438,0.351078,0.036699,5.1608260000,-0.5713160000,-2.134802
0.001194,0.349204,0.063619,4.4119380000,0.1133450000,-1.640371
-0.001363,0.306795,0.056847,4.2156120000,-0.3203400000,-1.521740
-0.015208,0.312775,0.055321,4.6847220000,-0.0535500000,-0.621630
-0.024750,0.289290,0.084685,3.5551130000,-0.4663860000,-0.494478
-0.018218,0.302012,0.049340,4.0423620000,-2.3381630000,0.242232
-0.040191,0.286165,0.087469,4.2652950000,-0.3825790000,0.788417
-0.053347,0.263874,0.063418,3.6443500000,-0.2899190000,0.335267
-0.059147,0.263023,0.065063,4.5131780000,-0.7295520000,0.766274
-0.060952,0.285160,0.074736,3.6525100000,-0.4500360000,1.813552
-0.083302,0.278779,0.101304,4.0874790000,-0.2450220000,1.301065
-0.070990,0.301769,0.059348,4.4625760000,-1.2182450000,2.489012
-0.079498,0.303187,0.104114,3.7716430000,-0.3484840000,2.753964
-0.059738,0.306811,0.089195,4.0380850000,-0.7683370000,3.112245
-0.069972,0.317945,0.093561,4.4459510000,0.2693860000,3.122526
-0.073317,0.330205,0.096873,3.1023830000,-0.3703610000,3.917296
-0.075871,0.365761,0.075675,3.4480990000,-0.8616570000,3.918287
-0.080887,0.380610,0.089908,3.5661950000,-0.0829770000,4.541234
-0.062603,0.396057,0.085115,2.4260570000,-0.5846520000,4.422226
-0.068630,0.409867,0.072156,3.5601160000,-1.4672270000,4.648543
-0.054499,0.441788,0.071585,2.9194270000,0.2163020000,5.580441
-0.081687,0.453503,0.106192,2.8914270000,0.5377780000,4.766691
-0.061822,0.486269,0.078019,2.9720280000,0.0532270000,5.704644
-0.072789,0.501145,0.112941,2.4869390000,0.4904810000,5.541624
-0.062902,0.515299,0.113269,1.9932020000,0.2556980000,5.129938
-0.067143,0.530916,0.135990,3.0415630000,1.4703020000,5.786336
-0.054135,0.560353,0.153741,1.7679970000,0.6323050000,6.119152
-0.067261,0.586544,0.142620,2.4083280000,0.0108310000,5.740132
-0.054095,0.625175,0.126691,2.2815570000,-0.4939020000,6.186793
-0.069030,0.630043,0.190944,1.5810780000,0.9870190000,5.846899
-0.070964,0.642362,0.157375,2.1774220000,0.3721430000,4.968725
-0.077168,0.663317,0.164961,1.8322900000,0.7151540000,5.391893
-0.076892,0.693722,0.181888,1.2527950000,0.7536930000,5.121233
-0.096783,0.699706,0.173836,1.3253830000,1.0190000000,4.656104
-0.086903,0.726080,0.177427,1.5532240000,0.5992940000,4.863377
-0.104583,0.718022,0.198041,0.5579850000,-0.0768360000,3.954856
-0.101842,0.741121,0.164350,0.8759390000,-0.3093180000,3.856147
-0.123292,0.760720,0.192277,1.0346310000,0.4123590000,4.210984
-0.137384,0.756381,0.197437,0.8040890000,0.9669890000,3.931357
-0.148095,0.753134,0.164911,0.9045390000,-0.7076780000,3.109585
-0.137525,0.749146,0.154660,1.4143630000,-0.9445610000,3.666913
-0.152227,0.750715,0.174959,0.8453690000,-0.3944440000,3.026096
-0.159810,0.736246,0.145873,1.4934310000,-0.6873920000,3.020427
-0.169312,0.754838,0.145545,1.7787960000,-0.5276520000,3.076277
-0.200335,0.739584,0.182761,1.4210860000,2.0507750000,2.987231
-0.166220,0.738416,0.093072,1.6645840000,-1.3949550000,2.316679
-0.161280,0.722486,0.123415,2.2169650000,-1.2227280000,2.430439
-0.149171,0.714198,0.098639,1.9237950000,-0.8138280000,2.067421
-0.163269,0.714237,0.064072,2.7597920000,-1.0946150000,1.915207
-0.134092,0.722670,0.057484,2.9896970000,-0.8328110000,2.779241
-0.142029,0.699998,0.039782,1.8590190000,-0.7693090000,2.323553
-0.120148,0.696936,-0.015203,3.0143350000,-1.0736470000,1.932369
-0.116133,0.698968,-0.015386,2.6362150000,-0.7277630000,2.211993
-0.105088,0.674435,-0.020838,2.0016210000,-1.0822240000,1.400854
-0.081097,0.685848,-0.057070,2.6819520000,-2.1502040000,1.623259
-0.083424,0.660576,-0.039328,2.7104970000,0.2990490000,1.802884
-0.071016,0.640353,-0.070295,1.7314080000,-0.1356640000,1.032556
-0.064973,0.632334,-0.072960,3.2000890000,-0.7426650000,1.685374
-0.036101,0.637015,-0.058626,3.4317240000,0.6971960000,1.925787
-0.038231,0.607614,-0.042099,2.8135350000,0.3976110000,1.798668
-0.016718,0.585192,-0.071280,3.6076290000,-0.1310190000,1.042756
0.000039,0.586803,-0.052695,3.3580230000,0.3164920000,1.435845
0.016566,0.565428,-0.057654,3.0297430000,0.0333920000,0.971764
0.015131,0.552295,-0.070771,3.5510140000,-0.1562940000,1.243281
0.039175,0.539743,-0.062824,3.2046610000,0.0235900000,1.519072
0.049443,0.508852,-0.037388,2.5506740000,-0.1721220000,0.296942
0.067719,0.499851,-0.074752,3.2433900000,-1.1028440000,0.771924
0.056913,0.501608,-0.015015,3.5926250000,3.1838300000,0.807999
0.077675,0.478404,-0.039056,2.7733260000,-0.3900460000,0.425112
0.085733,0.499579,-0.052540,3.8821230000,-0.9544320000,0.257271
0.090847,0.482802,-0.034789,3.7043330000,1.0221900000,0.522417
0.092200,0.458952,-0.038048,3.2177940000,-0.1602360000,-0.427553
0.101141,0.456776,-0.071674,4.0104040000,-0.2977600000,0.117434
0.104614,0.474006,-0.043589,4.1570700000,0.2538070000,-0.238206
0.095042,0.462944,-0.047423,3.9259960000,0.4164620000,-0.999498
0.116289,0.477258,-0.084872,4.8860930000,0.2523990000,-0.892484
0.115781,0.463905,-0.049941,4.5820700000,0.4917940000,-0.880313
0.128605,0.473080,-0.063625,4.5763950000,0.4650590000,-1.397425
0.128103,0.487825,-0.082174,5.3900190000,0.4844380000,-1.869000
0.151261,0.507916,-0.080306,5.1576920000,0.9336270000,-1.309455
0.137448,0.515755,-0.094687,4.7746840000,0.5171110000,-2.408777
0.164026,0.526689,-0.132139,5.5318240000,0.0917730000,-2.056394
0.174247,0.551960,-0.125282,4.7676630000,-0.4266190000,-2.210233
0.180284,0.555787,-0.126536,5.0523120000,0.3254630000,-2.997529
0.195396,0.593765,-0.152028,5.2471290000,-0.2547830000,-2.812134
0.187472,0.604217,-0.127954,4.3643820000,0.5159560000,-3.203424
0.201521,0.644180,-0.146080,3.9865380000,-0.3998970000,-4.257737
0.197389,0.655065,-0.134972,5.1549220000,1.3826680000,-3.667361
0.214493,0.691287,-0.126838,4.3959630000,0.5085180000,-4.563753
0.213945,0.706898,-0.123930,3.8598490000,0.2410680000,-5.045763
0.229639,0.720015,-0.145735,4.5935260000,-1.0557700000,-4.622348
0.210725,0.747695,-0.082315,4.2625940000,2.9664870000,-4.661537
0.208454,0.754073,-0.078747,3.8961200000,0.5001610000,-5.129804
0.200395,0.783779,-0.100950,4.1912210000,0.5272940000,-5.430141
0.185992,0.787370,-0.029205,3.5157770000,1.0328750000,-5.407388
0.194664,0.803927,-0.047735,3.5131480000,0.0963160000,-5.362740
0.178068,0.804498,-0.006537,3.9582070000,0.9153990000,-5.156029
0.182424,0.813882,0.043570,2.8261830000,0.3978250000,-5.510808
0.181978,0.824255,0.045273,3.5954250000,0.0441850000,-5.542178
0.187725,0.848978,0.078642,3.9908380000,0.6835570000,-4.456013
0.155321,0.829760,0.127075,3.0623840000,3.4123070000,-5.286779
0.172705,0.837953,0.078682,3.5178510000,-1.4172690000,-5.165998
0.165644,0.848184,0.123412,3.0544890000,0.6168030000,-4.443373
0.165805,0.846297,0.152258,3.0904880000,-0.2470270000,-4.405162
0.140222,0.834385,0.128381,3.6410640000,0.1762440000,-4.357383
0.148904,0.842617,0.121327,3.1540260000,-0.3890480000,-3.820668
0.144298,0.836518,0.157263,2.8339290000,0.0503160000,-3.411102
0.135318,0.829812,0.135583,3.5744410000,-0.3507580000,-3.430048
0.121476,0.832783,0.156174,3.0013630000,0.5595900000,-2.325045
0.111668,0.825768,0.168430,3.2107990000,0.3576380000,-2.733502
0.103261,0.831788,0.143313,3.5012360000,0.2727110000,-1.588886
0.097442,0.809297,0.150925,3.2843160000,0.5825270000,-1.292915
0.089157,0.802913,0.145670,3.1970360000,-0.3642230000,-1.986701
0.090463,0.801603,0.111109,3.8499090000,-0.9835110000,-1.064890
0.071179,0.798760,0.126172,3.6149390000,0.8927240000,-0.189149
0.062730,0.780395,0.114365,3.3575340000,-0.2816110000,0.110626
0.046072,0.780490,0.091004,3.8543960000,0.1358070000,0.427634
0.040928,0.767341,0.102955,3.5785860000,0.3869230000,1.385210
0.027631,0.760001,0.093676,3.4395920000,0.2366440000,0.325905
0.014015,0.731142,0.072215,4.0080970000,0.1038230000,1.435593
0.011570,0.743317,0.098252,3.6475830000,0.6350360000,1.603676
-0.014565,0.706868,0.082762,3.5747000000,-0.0740850000,1.580624
-0.011154,0.730787,0.067722,3.9546220000,1.3259340000,2.579772
-0.059252,0.696539,0.103064,3.4855650000,0.6859110000,2.539221
-0.059065,0.703960,0.071122,3.3073880000,-0.8489240000,2.178539
-0.072575,0.711776,0.052068,4.2142830000,-1.0012430000,3.229694
-0.074584,0.702408,0.085844,3.6399810000,0.0233970000,2.753537
-0.117594,0.693906,0.093476,4.3849300000,1.1226030000,2.856353
-0.109598,0.707587,0.068119,4.5239840000,-0.7261180000,3.455247
-0.140985,0.710857,0.092521,3.6776830000,-0.0970290000,3.654146
-0.147563,0.704095,0.081820,4.1875020000,-0.8921020000,3.370556
-0.154472,0.724403,0.086159,4.3547550000,-0.4687560000,3.253323
-0.178769,0.712596,0.111450,3.4121240000,-0.3838910000,2.534607
-0.168675,0.728234,0.068848,3.7918960000,-1.4099850000,2.222575
-0.184612,0.744380,0.099936,3.8623700000,0.1873840000,2.800556
-0.184966,0.746655,0.106382,3.4179080000,-0.0919810000,2.256075
-0.179540,0.762680,0.081052,3.6822390000,-1.4750200000,2.557964
-0.176826,0.771375,0.088647,3.4262750000,-1.5671710000,2.917942
-0.167517,0.775160,0.092642,2.9506590000,-1.4378790000,1.876579
-0.144845,0.780306,0.082542,3.5063100000,-1.3467620000,1.520549
-0.138067,0.802076,0.081232,3.0631160000,-1.7644090000,2.027380
-0.141024,0.805450,0.107026,2.4526610000,-1.2129990000,0.909368
-0.139800,0.818179,0.071260,2.9967020000,-1.2928280000,0.991928
-0.134758,0.824892,0.109015,3.0179660000,-0.8463900000,1.716054
-0.114213,0.820933,0.123776,2.2747530000,0.3964820000,0.876548
-0.113189,0.816197,0.116738,2.9847180000,-0.3539360000,0.455168
-0.080407,0.832143,0.124892,3.0376730000,0.9593220000,1.077919
-0.089076,0.816078,0.145296,2.7217880000,1.0646480000,0.219785
-0.063293,0.828877,0.104232,3.3863570000,-0.1375210000,1.353162
-0.063562,0.834161,0.132865,2.7018410000,1.2968610000,1.517293
-0.033659,0.830823,0.129346,2.9204540000,0.9152160000,0.531403
-0.026254,0.820867,0.110157,3.3198020000,0.3560950000,0.329202
-0.000569,0.813072,0.133023,2.6261710000,0.6474080000,0.882074
-0.002778,0.807531,0.122755,2.6676180000,0.9036350000,-0.200842
0.015686,0.792616,0.101652,3.0919420000,-0.4079750000,0.603730
0.015052,0.799312,0.103579,2.7890810000,0.2900690000,0.779951
0.011452,0.782020,0.097507,2.4650920000,-0.1416210000,-0.108359
0.029676,0.793512,0.035725,3.1645660000,-1.3714460000,1.241623
0.029328,0.773558,0.088657,3.4157410000,1.1526540000,0.674651
0.047217,0.752284,0.068890,3.0138660000,0.9594170000,-0.594366
0.035932,0.743806,0.050164,3.8159530000,0.0035910000,-0.135317
0.060593,0.757198,0.028136,2.9695300000,0.0634390000,0.067647
0.042543,0.721485,0.049590,3.2809550000,0.2734270000,-0.199744
0.064493,0.730610,0.012889,4.1178480000,0.2414660000,0.187738
0.064683,0.703412,0.033312,3.5555270000,-0.0427380000,0.291894
0.090841,0.689212,0.003333,3.2942190000,-0.9254020000,-0.836598
0.095958,0.679401,-0.002499,4.0528230000,-1.4821100000,-0.089561
0.098479,0.685378,-0.001249,3.5382750000,-0.0216450000,0.363872
0.072341,0.661521,0.011651,3.6958280000,0.3542930000,0.460054
0.109429,0.672501,-0.047420,4.5367630000,-0.6610930000,1.341524
0.093660,0.643455,0.007788,4.3522010000,2.2961830000,0.682348
0.108664,0.640865,-0.026796,4.4704510000,0.4747810000,0.915543
0.106967,0.621788,-0.024305,4.5947600000,1.4609570000,0.830968
0.123918,0.602159,-0.006458,4.0430710000,1.3950910000,1.081655
0.095469,0.589278,-0.006422,4.0630090000,1.6573390000,1.308602
0.119493,0.580343,-0.024925,4.8301440000,0.9491160000,1.368301
0.103931,0.590073,-0.010653,4.5284060000,1.1295880000,1.875014
0.115564,0.576444,-0.020169,4.0240850000,1.0887280000,1.709349
0.103856,0.561305,-0.020349,5.1475750000,1.5903280000,1.047994
0.100885,0.555942,-0.008818,4.6573990000,1.4418140000,1.356317
0.078226,0.559618,-0.012429,4.0831130000,-0.2112190000,1.187280
0.071455,0.575879,-0.034917,5.6515770000,1.0580740000,1.826141
0.044614,0.579053,-0.001626,4.7630840000,0.9438280000,1.804998
0.030043,0.560294,-0.010971,4.5362540000,-0.1699190000,0.546370
0.037025,0.581617,-0.045568,5.7910940000,-1.0457980000,0.155582
0.008350,0.566098,-0.019289,5.2341690000,1.1243300000,0.187287
-0.008955,0.595151,-0.015324,5.0035220000,-0.0434400000,-0.271083
-0.023280,0.615242,-0.035452,5.8173270000,-0.5587670000,-0.074239
-0.027764,0.641124,-0.024367,5.3532500000,-0.9301190000,-0.561521
-0.037237,0.631024,-0.041478,4.9923060000,-1.1984480000,-1.496428
-0.031591,0.672859,-0.059079,5.8294230000,-1.2147910000,-1.464402
-0.055966,0.674293,-0.056138,4.6528820000,-1.5903450000,-2.049743
-0.058428,0.721400,-0.080146,4.6708240000,-1.5654800000,-2.247377
-0.080365,0.743366,-0.063802,5.2049390000,-0.7972420000,-1.661183
-0.061832,0.776620,-0.055340,4.2323960000,-0.9525180000,-1.979137
-0.070284,0.783316,-0.061180,4.8077410000,-1.6251680000,-2.612746
-0.038697,0.816272,-0.072484,5.2616760000,-0.8281960000,-2.726236
-0.054739,0.835031,-0.034726,4.3011300000,-0.7243820000,-2.590603
-0.042676,0.866779,-0.045457,4.7592040000,-0.8337720000,-2.249729
-0.037335,0.892993,-0.056308,5.1607380000,-1.3249860000,-2.007141
-0.012986,0.901842,-0.023336,4.4190680000,-0.2378980000,-1.685622
0.001778,0.918218,-0.007348,4.3668970000,-0.2270930000,-2.511287
0.023928,0.931072,-0.012718,4.7228380000,-0.3469740000,-1.832498
0.025343,0.968623,0.024042,3.8440930000,0.3940010000,-1.937553
0.033355,0.982810,0.010263,3.7791530000,-0.5333970000,-1.500106
0.045740,1.011272,0.043970,4.2233560000,0.1522590000,-1.306055
0.075295,1.015654,0.058981,3.4682670000,0.3930160000,-0.729367
0.084177,1.032001,0.059824,3.3033310000,0.1403600000,-1.919087
0.095410,1.049135,0.057316,3.4625360000,-0.4019220000,-0.578765
0.101728,1.082002,0.086215,2.8725570000,0.5236570000,-0.465538
0.083787,1.079881,0.095153,3.0239200000,0.3407400000,-1.008165
0.116667,1.107736,0.065181,2.8228380000,0.0737100000,-0.191635
0.120222,1.104204,0.131175,2.6788310000,0.7992600000,-0.580755
0.151917,1.108580,0.099240,2.8696780000,0.2161550000,-0.088901
0.139503,1.113786,0.153308,2.8635700000,1.8185260000,-0.030595
0.145359,1.130950,0.157605,2.0564150000,0.5282520000,-0.168484
0.146166,1.136441,0.133640,2.6903820000,0.0846640000,0.451069
0.169383,1.121339,0.154096,2.3933930000,0.1391320000,0.805810
0.167426,1.100984,0.175222,1.9725680000,0.4436870000,0.115379
0.172524,1.088140,0.138773,2.4152710000,-1.3270830000,0.394747
0.170194,1.102340,0.155386,2.1814430000,-0.1214740000,1.159709
0.140468,1.088042,0.181471,2.1857070000,0.3839890000,1.348568
0.150253,1.081431,0.143267,3.0539250000,0.3312340000,1.728602
0.147322,1.054643,0.181888,2.6465350000,0.1650310000,1.877625
0.170994,1.042951,0.177930,2.5268540000,0.1142190000,1.619495
0.178062,1.023850,0.164071,2.9742930000,-1.2370040000,1.834449
0.151779,0.995047,0.174719,2.7757970000,0.9805890000,2.366181
0.142263,0.988669,0.167820,2.8406940000,0.0911400000,2.039165
0.126445,0.964579,0.121104,3.9424810000,-0.2111760000,2.757412
0.118853,0.949798,0.147318,3.4892320000,2.5170320000,2.211546
0.096437,0.913662,0.147101,3.5552880000,0.8606020000,1.270694
0.096477,0.914256,0.128621,4.2246290000,0.8867860000,1.845676
0.073591,0.896620,0.134073,3.5263040000,1.2164810000,2.191796
0.050575,0.878185,0.099053,4.2478920000,0.6638530000,2.254218
0.026370,0.872655,0.103723,4.5936770000,0.3946960000,2.112046
0.026830,0.832638,0.101324,3.7786610000,0.0854120000,1.429312
0.016986,0.817185,0.090167,4.2246780000,-0.0042510000,0.621261
-0.005003,0.786490,0.077425,4.5414210000,0.4206080000,0.730291
-0.030255,0.782322,0.099348,3.5719330000,0.8084770000,0.922448
-0.059790,0.768207,0.064741,4.3974040000,-0.7970810000,0.632287
-0.061835,0.761035,0.062824,5.1181250000,0.0887270000,0.421708
-0.064829,0.724492,0.086077,4.5022640000,0.2817150000,-0.317221
-0.070750,0.692829,0.043944,4.6004060000,-1.4625960000,-0.880674
-0.086109,0.701669,0.039020,5.1359950000,-1.0315530000,-0.289179
-0.108219,0.697891,0.054165,4.2534230000,-1.2778670000,0.001744
-0.127366,0.697425,0.032340,4.7721140000,-1.4245690000,-0.664306
-0.131751,0.659972,0.024042,5.2543140000,-1.7785270000,-0.793089
-0.114164,0.644797,0.019627,4.5916320000,-0.9921370000,-1.410039
-0.134801,0.631838,0.031966,5.4038940000,-1.0159410000,-1.555077
-0.127586,0.656115,0.025930,4.9319090000,-1.6153740000,-0.752364
-0.163909,0.660254,0.044846,4.5382140000,-0.9124200000,-0.893575
-0.141992,0.650581,-0.000021,5.2744870000,-1.7476360000,-0.940638
-0.107376,0.636296,0.011602,5.5457350000,-0.0889780000,-0.791388
-0.108413,0.589761,0.023176,4.4913630000,-0.6163770000,-1.592936
-0.092595,0.628257,-0.035957,5.4740530000,-2.1805080000,-0.140454
-0.119593,0.651668,0.003793,5.4513420000,-0.4317460000,0.628638
-0.112792,0.643964,0.022470,5.0220840000,0.5048650000,0.265869
-0.081323,0.638512,-0.003143,5.8335750000,-0.5608250000,-0.374193
-0.035806,0.611136,-0.017031,5.4733570000,-0.4985960000,-0.084838
-0.025417,0.617724,0.004663,5.3445670000,-0.0721580000,-0.475563
-0.021455,0.646370,-0.016565,5.6603580000,-0.4783440000,0.711685
-0.019147,0.680425,-0.004449,4.9674120000,-0.1291350000,1.445562
-0.007573,0.664981,0.025802,4.7313130000,-0.3401690000,0.807673
0.054882,0.671178,-0.026724,5.3039380000,-1.2446350000,0.719517
0.055528,0.658104,0.035823,5.6885510000,2.2495230000,0.323560
0.087739,0.703044,0.013978,4.4196490000,-0.5012320000,1.114608
0.081601,0.736709,-0.018935,5.7884710000,-1.4370780000,1.962688
0.101036,0.769816,-0.005615,5.1702370000,0.3311380000,2.096145
0.124758,0.753837,0.028851,4.5975240000,0.6629670000,1.309148
0.172793,0.763070,0.001410,5.2338670000,-0.0041300000,0.737538
0.182936,0.795537,0.007125,4.6975240000,0.3542170000,1.284264
0.189356,0.833702,0.021531,3.9641710000,0.3246460000,2.388361
0.187095,0.874043,0.019069,4.7114410000,0.4480950000,2.449463
0.217723,0.863825,0.022660,4.0228050000,0.9369420000,2.237306
0.250738,0.880391,0.043721,3.3817160000,0.9668880000,1.359474
0.271240,0.884373,0.026665,4.1719360000,-0.0102290000,2.030044
0.252980,0.930816,0.066954,4.0511430000,1.8515540000,2.152264
0.239036,0.938746,0.085788,3.1984700000,1.3065640000,2.374774
0.246799,0.956117,0.076968,3.6117390000,0.9572500000,1.760423
0.260996,0.940759,0.109533,3.1429580000,1.7779950000,1.190497
0.274605,0.961645,0.099253,3.7577750000,2.3411530000,0.581496
0.255511,0.978379,0.094572,3.9466100000,0.9664250000,0.992525
0.238787,1.038513,0.084866,3.5180320000,1.1131430000,1.759801
0.206205,1.033494,0.129166,3.5478040000,1.3701160000,0.522567
0.209832,1.051600,0.083047,4.0953470000,0.8785380000,0.221843
0.213321,1.052270,0.121961,3.7123650000,1.2433310000,-0.442473
0.208930,1.064526,0.091162,3.8449790000,0.5046910000,-1.526197
0.168927,1.089240,0.100881,4.1389280000,0.5384770000,-0.881268
0.143199,1.123902,0.098744,3.1578440000,0.0382430000,-1.213626
0.102986,1.124628,0.096013,3.6675210000,-0.1981510000,-2.118266
0.126143,1.148202,0.065194,4.4911900000,-0.7806260000,-2.440359
0.117254,1.130142,0.088148,3.7324800000,-0.0881760000,-4.007520
0.094041,1.138151,0.052009,3.7756440000,-0.8080940000,-4.108829
0.046708,1.188228,0.032229,4.5554700000,-0.7075330000,-3.511479
0.022179,1.188038,0.041022,3.2444800000,-1.0526550000,-3.471053
0.002773,1.179271,0.042152,3.6823150000,-0.7387330000,-5.166627
0.009453,1.160439,0.038134,3.9557190000,-0.5988650000,-4.464096
0.009410,1.150106,0.049232,3.3161820000,-1.1969480000,-5.527287
-0.015986,1.161686,0.046415,3.3024220000,-1.9603610000,-4.941376
-0.034302,1.187618,0.019618,4.1350390000,-0.9159220000,-4.045238
-0.053636,1.143810,0.065890,3.4376680000,-1.4100170000,-4.868890
-0.032353,1.123417,0.030013,3.9508050000,-1.5040260000,-4.992040
-0.032477,1.095128,0.048854,4.1642000000,-1.3234730000,-4.787248
-0.041343,1.095906,0.071989,3.8852350000,-0.7920530000,-4.141803
-0.065147,1.073881,0.063002,3.9599270000,-1.0377890000,-4.614027
-0.050275,1.077672,0.053220,4.6014890000,-1.7133670000,-3.126262
-0.038317,1.024435,0.073673,3.7198230000,-0.6695590000,-4.097843
-0.028312,1.001142,0.069127,4.4074580000,-0.6449010000,-3.580064
-0.031860,0.999984,0.056269,4.5582040000,-1.0941390000,-2.645747
-0.053521,0.980033,0.094848,4.2207130000,-0.7097750000,-2.545026
-0.038803,0.968938,0.061045,4.4343670000,-1.0740600000,-2.837136
-0.014010,0.935218,0.058981,4.9925490000,-0.0475860000,-1.453105
-0.019827,0.897549,0.086898,4.3261290000,1.6568230000,-1.810460
-0.005072,0.891683,0.049228,4.9063390000,-0.5633490000,-0.909401
-0.026579,0.922850,0.039982,5.1149770000,0.1777270000,0.297308
-0.017854,0.871978,0.079394,3.8669780000,0.1109760000,0.196033
-0.003211,0.836075,0.065007,4.4615030000,-0.3651520000,-0.106387
0.018663,0.818793,0.061200,4.9705730000,0.3762100000,0.925721
0.021177,0.828154,0.067006,4.4856490000,-0.1447560000,1.084666
0.008261,0.808010,0.039466,4.9504940000,-0.2788370000,1.310833
0.011944,0.812750,0.057461,4.8140660000,-0.4756090000,1.633178
0.006932,0.769350,0.106399,4.0852570000,2.6877750000,2.077542
0.044348,0.741826,0.066291,4.3002860000,-0.1520530000,1.531142
0.032577,0.734086,0.080244,4.6019650000,0.2098190000,2.408291
0.013598,0.726694,0.087502,4.1148320000,0.5388540000,2.340466
-0.002728,0.713656,0.077008,4.6458180000,-0.6269720000,2.496543
0.041332,0.704971,0.072655,5.0068500000,0.1288680000,2.873972
0.063193,0.674704,0.091296,4.7677610000,0.5572980000,2.862188
0.059149,0.676315,0.074884,5.4110400000,0.0685990000,3.488337
0.037078,0.711300,0.061518,5.6994840000,0.4497070000,4.798630
0.023715,0.695501,0.071300,4.5836820000,-0.1330050000,4.301425
0.061978,0.702046,0.075317,4.7947890000,0.0040930000,3.948751
0.077087,0.677786,0.070965,5.2938730000,-0.6585790000,4.188100
0.086403,0.680983,0.086619,4.4787550000,0.7142450000,3.400686
0.033418,0.714369,0.078905,5.1170680000,0.9314400000,3.677345
0.047352,0.763756,0.043189,5.3215900000,-0.1938190000,4.818773
0.037002,0.739735,0.087797,4.9273140000,2.6628480000,3.653757
0.051284,0.730607,0.048913,4.9993340000,0.8205790000,2.760803
0.055637,0.761360,0.059352,5.4156780000,1.4206030000,3.376260
0.047135,0.775324,0.052409,4.4739860000,0.9070590000,3.144079
0.023498,0.796623,0.051182,4.5078020000,0.9616190000,2.408668
0.044824,0.806382,0.035367,4.9281610000,0.6717960000,2.540980
0.045881,0.804301,0.077947,4.0930760000,0.9168730000,2.616295
0.041594,0.789592,0.057100,4.3273600000,0.5130610000,1.370748
0.024611,0.829011,0.082611,4.3013820000,0.5283240000,2.663503
0.018896,0.840900,0.088184,3.6260240000,0.3786780000,1.719296
-0.011283,0.802955,0.089271,4.1264910000,-0.3041450000,0.000352
0.028100,0.832924,0.090856,4.8564260000,0.3096290000,1.192911
-0.024160,0.813364,0.125210,3.9699050000,0.0461310000,0.732243
-0.023211,0.872874,0.104311,4.4981740000,-1.0854570000,2.052459
-0.034814,0.875107,0.107410,4.3129170000,-0.6291850000,0.980939
-0.012126,0.881691,0.111739,4.2787430000,-1.0667760000,0.972113
-0.008621,0.889313,0.082181,5.4273870000,-1.8668440000,1.228826
-0.025420,0.890189,0.122105,4.4233450000,1.3243290000,0.798931
-0.056462,0.919626,0.090331,4.4349220000,-1.3670670000,0.291038
-0.046756,0.940404,0.076289,4.3846970000,-0.8181640000,0.422927
-0.022571,0.958297,0.067075,4.6325020000,-0.6732320000,0.833409
-0.007800,0.955953,0.041912,5.4511580000,-0.5282960000,0.933645
-0.031732,0.987412,0.022680,5.6320270000,-0.2709460000,0.882215
-0.048269,0.991968,0.035767,4.3058430000,-0.0167110000,0.233253
-0.051207,1.007356,0.017848,4.5597500000,-1.2292040000,-0.210158
-0.030577,1.004520,0.004673,5.0177750000,-0.3710800000,-0.099346
-0.019581,0.997735,0.015144,4.5949740000,-0.0576010000,-0.910030
-0.012297,1.025498,0.006895,4.9421440000,0.0493840000,0.158840
-0.033377,1.047385,0.025339,4.8427850000,0.2920550000,-0.409429
-0.016213,1.073074,-0.026382,5.1038500000,-1.2949880000,0.385659
0.001171,1.076855,-0.022946,5.6690890000,-1.0393320000,0.002139
0.023199,1.035867,0.012121,5.0483150000,-0.7431970000,-0.800239
0.043482,1.061201,-0.007213,5.8736700000,-0.6213860000,-0.996824
0.027657,1.084300,-0.002194,5.4109420000,-0.5462830000,-0.084648
0.035197,1.110103,-0.000218,4.5551220000,-1.0129150000,-0.409682
0.077622,1.118027,-0.015875,5.5912460000,-1.6982910000,0.980526
0.110338,1.110448,0.014743,4.6550130000,-0.1043750000,0.487560
0.121029,1.100955,0.023937,5.0426950000,-0.1311900000,0.222743
0.135452,1.143626,-0.024216,5.5564520000,-0.7253400000,0.491355
0.136027,1.154895,0.021354,4.4705200000,-0.2946290000,1.100887
0.153535,1.159756,0.037169,4.2307280000,0.1677910000,0.234182
0.166635,1.166262,0.018203,5.1937300000,0.2534730000,0.190595
0.180884,1.174872,0.017812,3.8234110000,1.3892130000,0.721703
0.179424,1.184555,0.035918,4.2077380000,0.5277370000,-0.233585
0.199578,1.221601,0.037897,4.2481650000,1.1540720000,0.666210
0.187065,1.197032,0.071657,3.2408860000,0.5759630000,0.395954
0.202096,1.197606,0.063169,3.2890330000,1.5628440000,0.150359
0.194851,1.205441,0.098262,4.2314440000,1.5672490000,0.588216
0.203907,1.221975,0.106231,3.4609870000,2.1674760000,0.688429
0.184351,1.203915,0.116886,3.9256750000,0.9627130000,-0.297888
0.215064,1.214068,0.085358,3.9362570000,-0.2728860000,0.307692
0.201104,1.192554,0.150213,4.3768750000,2.0763490000,-0.805100
0.205995,1.187326,0.134339,4.3439460000,0.2590960000,-0.556137
0.181104,1.212735,0.095619,5.4151600000,0.2936100000,-0.502466
0.162460,1.196500,0.128237,4.5034590000,0.8959900000,-0.600697
0.165053,1.204814,0.109438,5.0232200000,0.1229200000,-0.960199
0.155377,1.183016,0.093469,5.1879170000,-0.1014310000,-0.970660
0.133883,1.193913,0.113426,4.2151630000,-0.6706680000,-2.177630
0.131773,1.194941,0.079191,5.0245890000,-1.0127800000,-2.994120
0.098883,1.217229,0.083320,5.3691500000,-0.4520680000,-2.239600
0.077629,1.197019,0.095320,4.3518670000,-0.2292850000,-2.876423
0.063465,1.207191,0.052317,5.3403170000,-1.9454290000,-3.151038
0.050099,1.198322,0.055915,4.9352210000,-0.7461210000,-3.114416
0.048067,1.210395,0.065618,4.7101150000,-0.9924260000,-4.277709
0.040403,1.202228,0.007098,5.8179810000,-1.7358720000,-4.287530
0.019454,1.204368,0.024062,4.7280370000,-1.5882470000,-4.038243
0.002546,1.171120,0.028234,4.3068180000,-1.1347260000,-4.619543
0.002658,1.167332,0.021712,5.3402550000,-0.7597500000,-4.456271
0.001102,1.148048,0.036125,4.6830910000,0.4825770000,-4.001511
-0.004934,1.153835,0.021968,4.8027520000,-1.2540430000,-4.076272
-0.005394,1.116205,-0.012386,5.3326980000,-2.7089310000,-4.491284
0.015223,1.116497,0.027699,5.3455720000,-0.5142200000,-3.939072
0.019851,1.067182,0.040793,5.0301530000,-1.6478040000,-4.538294
0.035161,1.085130,0.003642,6.5341070000,-1.8516760000,-3.625428
0.018611,1.058713,0.030542,5.0280880000,-1.6774870000,-2.492070
0.018177,1.053878,0.027430,5.8685790000,-1.3103070000,-3.375571
0.043958,1.042462,0.046061,5.4425350000,-2.1284610000,-2.467412
0.044824,1.025790,0.063878,5.6271360000,0.4062210000,-2.284084
0.067558,1.014600,0.008818,6.4470110000,-1.4768150000,-2.335474
0.063032,1.029302,0.021978,6.1985070000,-1.0652470000,-1.464791
0.059099,1.005991,0.058478,4.9967280000,-0.0893190000,-1.834084
0.062648,1.015605,0.034152,6.0823450000,-0.0213000000,-1.310739
0.082707,1.003739,0.047853,5.4810680000,-0.2930140000,-0.765762
0.084378,0.985807,0.041104,5.1884610000,-0.1810730000,-0.919606
0.096802,0.988278,0.046192,6.0660110000,-0.3409700000,-0.664472
0.084617,0.990921,0.096689,5.4661460000,4.9826490000,-0.505296
0.107489,0.970458,0.056775,5.4825450000,0.0754230000,-0.459007
0.141758,0.983010,0.046675,6.0318580000,-0.5044680000,1.329066
0.131087,0.968735,0.100228,5.1930800000,1.7056000000,1.146716
0.135784,0.952362,0.082453,5.3938890000,-0.0803250000,0.501806
0.141984,0.970691,0.100352,5.1472670000,0.2412850000,1.297676
0.156867,0.945200,0.090712,5.1356110000,0.9466510000,1.200159
0.181131,0.958917,0.083612,5.8454150000,-0.0078550000,1.328436
0.176260,0.946381,0.096689,5.3664940000,-0.7219860000,2.329761
0.171612,0.961313,0.113344,4.4592320000,-1.0942730000,2.210857
0.163799,0.954748,0.087147,5.7764380000,-0.0108690000,1.837831
0.190239,0.969916,0.099420,5.3820960000,1.5692050000,2.847982
0.182339,0.946936,0.119502,5.7106220000,1.1524960000,1.867193
0.185982,0.982981,0.078094,6.1247800000,0.3405690000,2.608692
0.176683,0.989463,0.113479,5.0475360000,0.7488020000,2.946143
0.184541,0.986736,0.119220,5.0462560000,0.6128730000,2.269892
0.195462,1.002583,0.078892,5.9935050000,0.2125570000,2.633300
0.181196,1.005140,0.106448,4.9134590000,0.6712880000,2.695873
0.169301,1.029703,0.078678,5.6515410000,0.9103940000,2.175048
0.145250,1.048055,0.103858,5.4653910000,0.1703980000,3.038923
0.142221,1.057292,0.117372,4.6811800000,0.8883490000,2.360249
0.121046,1.051255,0.106760,5.3128360000,0.7128070000,1.840255
0.136329,1.059596,0.081905,5.2034950000,0.7857200000,2.234098
0.115377,1.075782,0.111083,4.5191620000,1.2467350000,1.809058
0.085270,1.087093,0.073617,5.2835080000,0.3065070000,1.945718
0.083570,1.111721,0.105079,4.9293790000,0.6445980000,1.793912
0.073457,1.092873,0.103083,4.3141970000,-0.0787130000,1.168771
0.057553,1.104086,0.092878,5.5732980000,0.1591190000,0.704667
0.034744,1.097055,0.130617,4.7132460000,0.5518500000,0.869458
0.024992,1.114761,0.100819,4.2131540000,-0.8471450000,0.095702
0.001502,1.141775,0.104597,5.1787620000,-0.9334310000,0.309522
-0.012976,1.143105,0.131539,4.9174370000,0.7573530000,0.272161
-0.031588,1.148199,0.110019,5.3513060000,-0.3449980000,-0.265906
-0.038103,1.155883,0.095764,5.5255450000,-0.9102140000,-0.332468
-0.065065,1.176366,0.118261,4.5120820000,-0.3683230000,0.107680
-0.071446,1.174160,0.106130,4.7397520000,-0.9534500000,-1.283430
-0.091341,1.188770,0.093410,4.9792780000,-1.2766980000,-0.478675
-0.105935,1.176283,0.095954,3.9945370000,-1.0816330000,-0.697499
-0.108676,1.185888,0.068244,4.8691330000,-0.9177170000,-1.030788
-0.110032,1.176559,0.085874,4.9138990000,0.0649590000,-0.154088
-0.129129,1.180505,0.110321,4.3425580000,-0.0568290000,-0.501269
-0.132910,1.164234,0.079630,4.7112570000,-1.0957240000,-0.201559
-0.135214,1.169906,0.073479,4.9702810000,-1.1813270000,0.550484
-0.140502,1.139688,0.103848,4.3641590000,0.0390080000,0.397191
-0.142570,1.137577,0.062549,5.3232090000,-0.8827820000,0.288277
-0.144960,1.120065,0.078475,5.2567990000,-1.1544600000,1.085847
-0.128013,1.112985,0.084170,4.3727920000,-0.8513560000,0.779133
-0.157525,1.089470,0.083192,5.1635810000,-0.8639080000,1.263516
-0.131193,1.092043,0.090840,4.4637750000,-1.2800720000,2.040092
-0.148091,1.078670,0.089123,5.2801200000,-0.6600460000,1.428016
-0.141359,1.089522,0.045352,4.7385740000,-1.5254350000,2.455616
-0.151919,1.087388,0.069251,5.9258150000,0.7241780000,2.332741
-0.136760,1.076297,0.066409,5.4128330000,-0.0372630000,2.259832
-0.129877,1.084730,0.020435,5.7161130000,-0.7460490000,2.381738
-0.122718,1.070448,0.012898,5.1512780000,-0.6144960000,2.764156
-0.120732,1.083404,0.004111,5.5796660000,-1.0531640000,2.585135
-0.113928,1.071413,-0.010610,5.7886030000,-0.9712280000,3.354296
-0.080043,1.080745,-0.011057,5.6368920000,-0.7753780000,3.976226
-0.082689,1.062166,-0.003435,5.3621880000,-1.1857810000,4.094926
-0.042892,1.062301,-0.045191,6.3538940000,-1.0281290000,3.998551
-0.043956,1.052365,0.005825,5.6477570000,-0.5818320000,4.221616
-0.022768,1.053931,-0.001951,5.1599860000,-1.0466980000,4.178294
-0.016269,1.068534,-0.010604,6.6138400000,-0.6876940000,4.731881
0.027020,1.060266,0.015354,6.4214440000,0.8972740000,4.731222
0.035975,1.057029,0.031402,6.4670010000,1.6759340000,4.655890
0.061555,1.079195,-0.008349,7.2921690000,-0.4331480000,5.306906
0.074310,1.098811,0.018820,6.1210020000,0.4269460000,5.812405
0.090381,1.102921,0.029163,6.0159540000,-0.0664400000,4.802257
0.119027,1.134429,0.008874,6.2775480000,-0.2372520000,5.073354
0.146744,1.138637,0.018423,6.0058540000,1.6693460000,4.634157
0.155652,1.155286,0.027492,5.6383030000,0.6391820000,3.459237
0.180970,1.208215,-0.025092,6.2328580000,-0.5128030000,4.788309
0.173026,1.223413,0.021577,5.7368160000,2.9044260000,3.857252
0.184062,1.231849,0.018593,5.3710270000,0.9770730000,3.134226
0.193266,1.252892,-0.003248,6.0367260000,1.0147490000,2.432453
0.197326,1.270965,0.023859,5.1670240000,1.5256010000,2.070453
0.191982,1.297442,0.018925,5.4996010000,0.9592860000,0.950730
0.188496,1.331956,0.005188,6.3030660000,1.2909270000,1.307140
0.176190,1.341814,0.057448,4.9564850000,0.6815060000,-0.021129
0.203448,1.349629,0.035111,5.4101900000,-0.0845890000,-0.421428
0.225338,1.381682,0.031510,6.5917600000,-1.0266450000,-0.594298
0.191542,1.390541,0.094992,5.5999710000,0.5435220000,-0.683778
0.195127,1.417448,0.074927,5.3818530000,-0.6224980000,-2.009680
0.174605,1.427685,0.053643,6.2343610000,-0.7804260000,-2.342747
0.191907,1.439246,0.092790,5.2123770000,-0.0489220000,-3.012292
0.202384,1.439634,0.091155,5.4955860000,-0.9691990000,-3.676828
0.207745,1.463129,0.075225,5.7626620000,-0.2755540000,-3.945391
0.174021,1.470236,0.131099,5.0655470000,1.6757110000,-4.481722
0.180661,1.491490,0.050177,5.4026050000,-0.7945340000,-4.947684
0.176450,1.493252,0.080989,5.7994180000,0.0979020000,-4.193689
0.190673,1.497155,0.074375,5.3338180000,-0.1645130000,-4.866651
0.175462,1.491575,0.053679,6.3652550000,-0.1750300000,-5.034206
0.172576,1.511381,0.065477,4.6903320000,0.3732690000,-5.349150
0.159887,1.506740,0.086277,5.2805600000,0.3284960000,-5.303360
0.168523,1.498924,0.048116,5.4144080000,-0.0474150000,-5.275682
0.133437,1.478245,0.132330,5.3388730000,3.9322460000,-5.841410
0.144732,1.492458,0.080182,5.4752740000,-0.1173970000,-5.593377
0.126737,1.485273,0.070922,6.8630760000,1.2705360000,-5.615540
0.130601,1.464134,0.111569,6.0439400000,1.7382080000,-5.275633
0.122135,1.454385,0.076673,6.4486350000,-0.1841710000,-5.704759
0.126790,1.440920,0.061712,6.5583810000,-0.0150860000,-5.187657
0.119798,1.440165,0.103681,5.7349380000,-1.1184190000,-5.097048
0.092199,1.419588,0.073949,6.8016450000,-0.8863900000,-5.642163
0.096250,1.426379,0.074904,6.2930770000,-0.0934310000,-5.093313
0.088779,1.390161,0.089481,5.8966180000,-0.5936290000,-6.050839
0.104745,1.375646,0.074792,6.1870380000,-0.8499940000,-6.426888
0.092643,1.372196,0.080435,5.7483010000,-0.6920100000,-5.798098
0.085484,1.363803,0.060792,5.3856470000,-1.5861500000,-5.622031
0.071550,1.355981,0.048753,5.7677920000,-0.8886550000,-4.968862
0.088622,1.331812,0.057779,5.9848200000,-0.7035780000,-4.269249
0.087456,1.301440,0.048664,5.2178200000,-0.9984720000,-4.616688
0.101364,1.276700,0.032006,5.7311500000,-2.0752690000,-3.826263
0.099188,1.260419,0.061669,5.7498500000,0.4129830000,-3.377894
0.082664,1.225513,0.079466,5.7754040000,-0.8866820000,-2.853528
0.095925,1.232462,0.062552,6.2745150000,-0.8315210000,-1.625925
0.094179,1.197074,0.087495,6.3297850000,-0.3372380000,-0.753177
0.112908,1.165940,0.085161,6.9255870000,-0.3746510000,-0.949289
0.117143,1.140295,0.116344,6.5070660000,-0.4745360000,-0.382857
0.109829,1.115283,0.097983,6.0575200000,-0.0236960000,-0.378015
0.116670,1.102609,0.107416,7.3764200000,0.5801340000,0.695067
0.123507,1.098929,0.096876,6.4803500000,1.0379030000,1.609029
0.107657,1.086558,0.109126,7.0611150000,1.4428710000,1.946136
0.108753,1.085284,0.091329,7.3537670000,1.4374320000,2.407125
0.098627,1.073970,0.114211,6.4159590000,1.7650060000,2.534247
0.108589,1.078477,0.098915,6.8456990000,1.2477230000,2.278824
0.092140,1.079763,0.104042,6.6250070000,1.3335460000,2.820630
0.096270,1.080991,0.095498,5.8230980000,1.0468540000,2.680348
0.078807,1.094222,0.101275,6.1269760000,0.0415950000,2.428532
0.078193,1.088462,0.099473,6.6046460000,1.1695090000,2.905126
0.064230,1.100495,0.118537,5.9090880000,0.7337030000,2.149984
0.059979,1.100886,0.073164,6.8490990000,-1.2458400000,1.753777
0.061545,1.132883,0.061544,7.4345520000,-0.0043890000,2.126012
0.040383,1.134455,0.131230,6.2634040000,0.1723240000,1.322687
0.030693,1.163150,0.093660,7.1465900000,-0.3658740000,1.546887
-0.000408,1.175003,0.144810,6.1686700000,-0.0458460000,1.468695
0.005172,1.202779,0.132740,5.7789360000,-0.7517380000,0.299835
-0.007285,1.235824,0.083648,7.5239490000,-1.3659770000,0.667753
0.000222,1.248405,0.138652,5.8744380000,-0.6531000000,0.297234
-0.015012,1.270270,0.137263,5.7827800000,-0.9273710000,-0.747603
-0.010882,1.302149,0.137037,5.9421620000,-1.2607520000,-0.481283
-0.029041,1.327203,0.150557,4.9839260000,-0.4393710000,-0.698420
-0.028168,1.357881,0.129208,5.4258610000,-0.4058280000,-1.049257
-0.025072,1.389127,0.139292,5.6404170000,-0.1332410000,-1.374173
-0.024947,1.405414,0.150511,4.5002690000,-0.2371040000,-2.126292
-0.048279,1.407229,0.159906,4.8314830000,0.6265020000,-2.678113
-0.034506,1.448910,0.181012,5.0074780000,0.5671260000,-2.338640
-0.054752,1.460566,0.201448,3.9031510000,0.7012430000,-3.489244
-0.052487,1.477483,0.187219,4.5661740000,0.1732760000,-3.172226
-0.071985,1.502686,0.207307,4.3094810000,1.8123450000,-3.132841
-0.079912,1.505650,0.213232,3.9785390000,0.9053720000,-4.228417
-0.085134,1.539036,0.185939,4.2065470000,-0.5882430000,-4.530415
-0.077286,1.542518,0.201888,3.7428530000,-0.1335560000,-4.391584
-0.096505,1.552261,0.207675,3.4841410000,0.3359150000,-5.187415
-0.108814,1.550784,0.185397,3.7350380000,-1.0306690000,-5.474977
-0.123303,1.579672,0.199791,3.2526570000,-0.9298460000,-5.596165
-0.126946,1.580224,0.209674,2.5416550000,-1.4801470000,-5.890718
-0.118064,1.592484,0.189471,3.6512700000,-1.3310350000,-5.653224
-0.125177,1.576022,0.215517,2.9121010000,1.6094710000,-6.155863
-0.112162,1.575861,0.184708,2.6944650000,-2.2020140000,-6.793782
-0.087448,1.569750,0.149064,3.2887150000,-2.9734620000,-5.803940
-0.090065,1.557772,0.191279,2.5014810000,-1.0837530000,-5.180535
-0.079429,1.515468,0.178970,1.8716300000,-1.6785930000,-5.214820
-0.054933,1.498114,0.163372,2.5706550000,-2.2679840000,-4.458962
-0.025729,1.447374,0.183631,1.8779520000,-1.8163670000,-3.616878
-0.001974,1.403441,0.183103,1.6777270000,-1.6636090000,-3.504433
0.014396,1.356939,0.166461,2.4586390000,-1.1590420000,-2.193659
0.022750,1.313535,0.215943,1.7150120000,0.0656650000,-1.063728
0.040475,1.247292,0.188575,1.3544790000,-0.7101330000,-0.079501
0.081187,1.214586,0.182824,2.5524140000,-0.1300640000,2.428654
0.092213,1.125849,0.218931,2.0209750000,1.9296100000,3.428753
0.126573,1.071029,0.218071,2.5742950000,1.3450840000,4.120650
0.152718,0.996005,0.214650,2.7460880000,1.6972600000,5.895482
0.194720,0.931738,0.215911,1.8293090000,-2.2031110000,7.100743
0.184961,0.847281,0.215894,2.9654140000,2.5288000000,8.351006
0.201262,0.816561,0.230747,3.3065440000,3.5734290000,9.814121
0.197609,0.724675,0.233698,2.1970840000,2.7861130000,10.372626
0.211014,0.680592,0.210491,2.9808380000,2.5139660000,11.615851
0.212682,0.601689,0.212136,3.0845500000,3.6812670000,12.438176
0.193384,0.530421,0.223552,2.5406100000,4.1558940000,12.367131
0.177697,0.461007,0.162827,3.4773590000,2.0415250000,13.546710
0.151070,0.430884,0.188676,3.8197960000,4.3500040000,14.433054
0.121758,0.342915,0.171522,3.1325190000,3.5645070000,14.533468
0.103373,0.292828,0.137149,4.5268660000,2.7890510000,14.266416
0.073634,0.239767,0.144836,4.6350020000,2.9467650000,15.163947
0.049446,0.182607,0.150794,4.4699910000,3.0202390000,15.309786
0.011908,0.131066,0.122355,5.7231670000,1.7452090000,14.955296
-0.018274,0.102955,0.088811,5.8450210000,1.5783790000,15.447724
-0.075244,0.055304,0.120451,5.7315600000,1.3875020000,15.082793
-0.104674,0.030659,0.065043,6.6068450000,0.6462420000,14.194440
-0.146240,0.010637,0.060845,7.4747610000,0.3580640000,14.419825
-0.188908,0.006383,0.039703,7.1857690000,0.3335440000,13.687342
-0.243305,-0.003498,-0.007321,7.8581630000,-0.2494830000,12.876644
-0.275525,0.012596,-0.044830,8.5766920000,-0.4047120000,12.789091
-0.336621,0.021597,-0.039804,8.3225000000,1.1023110000,11.620427
-0.370476,0.041557,-0.122988,8.5133380000,-1.8956280000,10.722275
-0.408858,0.093669,-0.148706,8.9465250000,-0.7093420000,10.359847
-0.456650,0.110961,-0.144124,8.3476140000,-0.7409490000,9.062577
-0.473010,0.178474,-0.205761,9.3789960000,-1.5788070000,7.610526
-0.495189,0.217496,-0.211998,9.0608690000,-1.7051290000,6.692283
-0.497110,0.289139,-0.258796,8.1462110000,-2.1028390000,5.510567
-0.526629,0.348285,-0.252172,9.2119660000,-1.9160480000,4.498932
-0.516263,0.444116,-0.265400,9.3269830000,-1.6993250000,4.032630
-0.523996,0.516123,-0.245131,8.3684420000,-1.5392140000,2.488484
-0.508388,0.602254,-0.279915,8.6423750000,-3.4059370000,1.520814
-0.481203,0.690528,-0.262652,8.2245460000,-2.7115440000,0.826551
-0.468625,0.764022,-0.246273,7.2330240000,-2.6324340000,-0.595406
-0.450604,0.878727,-0.262012,7.2786860000,-3.3560340000,-1.164445
-0.425333,0.968778,-0.236222,6.9503570000,-2.7924200000,-1.730207
-0.407342,1.064750,-0.204730,6.5088650000,-2.9981660000,-3.181253
-0.367188,1.152391,-0.199725,6.2786520000,-3.0267720000,-3.471720
-0.337649,1.256648,-0.150994,5.3379900000,-2.2785240000,-4.614782
-0.296917,1.340655,-0.120296,4.7064620000,-2.7428250000,-5.133828
-0.255257,1.448568,-0.091348,5.3892190000,-1.6173950000,-5.752510
-0.211177,1.506093,-0.019230,3.5949930000,-1.4998870000,-6.053651
-0.162019,1.607271,-0.006763,3.8316300000,-2.5177020000,-6.891203
-0.116039,1.687599,0.021758,3.5387840000,-2.7514710000,-6.654934
-0.065702,1.776435,0.099499,3.0024570000,-1.2185820000,-6.663696
-0.023425,1.835814,0.128857,2.6173870000,-1.4892390000,-7.592534
0.048037,1.922402,0.146320,3.1428660000,-1.7340920000,-7.798196
0.090115,1.969603,0.199581,1.8976930000,-0.9149140000,-7.717409
0.154395,2.038853,0.218464,2.0133010000,-1.3584270000,-8.624384
0.208292,2.106015,0.234036,2.4549000000,-1.1058110000,-7.681898
0.268565,2.168880,0.252191,0.8789200000,-1.3102010000,-7.819807
0.298937,2.207068,0.258418,0.9688680000,-1.9630680000,-7.900164
0.382501,2.265433,0.226687,1.2201750000,-0.6163270000,-7.467142
0.413533,2.262354,0.306151,0.4321870000,1.8997900000,-8.217352
0.490582,2.284120,0.252290,0.3496630000,-0.2138280000,-8.858632
0.529052,2.301221,0.276820,0.4576620000,0.7906510000,-8.311522
0.584588,2.317630,0.274873,-0.6934040000,0.7854940000,-7.420120
0.598702,2.307921,0.284576,-0.0059400000,1.1384650000,-7.833565
0.667272,2.309552,0.298855,0.7221770000,1.3909330000,-6.933103
0.692806,2.270990,0.280105,-0.8242810000,1.1380150000,-7.647465
0.737786,2.236757,0.259945,-0.0396480000,0.5613300000,-7.303944
0.755212,2.212405,0.263119,0.2184210000,1.6836740000,-6.603523
0.750797,2.159751,0.299212,0.1884130000,3.3882020000,-5.817710
0.763070,2.132484,0.262961,0.4048110000,1.3236400000,-5.614007
0.760382,2.066917,0.268659,0.9557980000,2.0039680000,-4.571861
0.778734,2.018580,0.268627,0.4866810000,2.0191750000,-4.949055
0.771726,1.933644,0.268600,1.3893780000,2.0862360000,-5.424042
0.780441,1.878269,0.249349,1.7919390000,2.0060620000,-5.024203
0.770134,1.808008,0.264750,0.9982950000,2.0114120000,-4.964645
0.752189,1.724224,0.254236,0.9367430000,1.4313070000,-5.008425
0.730059,1.660121,0.216803,1.3439000000,1.1806730000,-4.859369
0.703212,1.565610,0.230577,1.1309680000,1.9496110000,-4.396255
0.677255,1.475369,0.229648,1.1324420000,1.5961310000,-5.840782
0.646229,1.382371,0.210560,2.1457700000,1.8035580000,-5.603536
0.621138,1.286242,0.226139,1.3914000000,1.5536170000,-5.691199
0.562724,1.183275,0.230360,2.5086360000,1.3130730000,-6.142034
0.513901,1.106830,0.215957,2.5905760000,1.2681890000,-5.351045
0.432116,0.999708,0.268298,2.4425810000,2.0850340000,-5.785911
0.400896,0.916383,0.224475,3.4379040000,0.4140500000,-5.421297
0.346956,0.808007,0.254374,4.4159460000,1.5645970000,-5.331673
0.285601,0.694228,0.255546,4.3670540000,1.8093250000,-6.195941
0.231263,0.601259,0.206595,5.2023390000,0.0801860000,-6.000606
0.178147,0.513936,0.199462,5.2387120000,0.2675250000,-4.638410
0.110736,0.413051,0.183966,5.1680470000,0.3775680000,-5.458773
0.056267,0.326073,0.149891,6.6544900000,-0.0832140000,-4.722259
0.016333,0.235477,0.138993,6.4083590000,-0.4235760000,-4.827860
-0.046332,0.115120,0.103888,6.4064290000,-0.9976450000,-5.382779
-0.079718,0.036000,0.067863,7.2849740000,-1.0572510000,-5.061044
-0.128807,-0.058967,0.085385,7.7492910000,-0.0802010000,-4.836143
-0.156960,-0.122880,0.028559,8.4930590000,-1.3530380000,-4.420081
-0.208173,-0.181754,-0.005638,9.0142870000,-1.3148410000,-3.828234
-0.239021,-0.241855,-0.026133,8.6059680000,-1.1913290000,-3.051661
-0.276474,-0.293961,-0.055422,9.4734640000,-1.4071000000,-3.380742
-0.297934,-0.337377,-0.087856,10.1546950000,-1.3964350000,-2.855174
-0.334274,-0.377213,-0.089189,9.8473500000,1.1367830000,-3.132661
-0.352643,-0.406145,-0.131883,10.3378510000,-1.4892400000,-2.857422
-0.365425,-0.392591,-0.161635,10.8285730000,-0.7297530000,-1.139515
-0.405562,-0.399947,-0.155021,10.4733800000,0.9847530000,-1.556697
-0.385989,-0.380282,-0.223411,11.5632810000,-1.7057460000,-0.809401
-0.367502,-0.358457,-0.218376,10.9837860000,-1.2230670000,-0.128882
-0.375131,-0.349480,-0.221139,10.2527580000,-0.9257600000,-1.067584
-0.360107,-0.288279,-0.251226,10.7509960000,-1.4592970000,-0.555351
-0.374530,-0.239836,-0.215888,9.9641070000,-0.7405320000,0.144803
-0.347502,-0.182482,-0.240269,9.1041210000,-1.1478000000,-0.046968
-0.333785,-0.135770,-0.231998,9.4772430000,-0.6781130000,0.960488
-0.284263,-0.057149,-0.191079,9.1867300000,-0.5689650000,1.672422
-0.270254,0.007548,-0.205262,8.3811740000,-1.2347720000,1.337629
-0.237538,0.086730,-0.173009,8.5117400000,-1.7181310000,1.912023
-0.202035,0.174545,-0.149133,6.9122570000,-1.7516280000,2.500389
-0.168052,0.236229,-0.130810,6.6293240000,-1.7973650000,2.748429
-0.132112,0.347907,-0.103937,6.8888000000,-2.0368090000,3.138878
-0.102892,0.425222,-0.030006,5.6167900000,-1.5817580000,4.631395
-0.075103,0.527703,-0.010863,4.9800860000,-1.5364770000,4.043164
-0.031020,0.624062,0.036000,5.2050150000,-2.5892660000,5.318273
0.009912,0.712954,0.102361,4.2342040000,2.1663270000,5.573491
0.053408,0.792248,0.133032,3.4475350000,-0.5036710000,5.651629
0.105306,0.897388,0.148411,3.1057610000,-0.2505520000,6.609571
0.133394,0.986644,0.222948,2.5296960000,2.0549990000,7.817134
0.178219,1.068498,0.245357,2.1187480000,1.1273400000,7.199906
0.228414,1.155535,0.260979,1.5715890000,1.8337570000,8.423805
0.275028,1.237891,0.286424,0.5069470000,2.2414260000,9.364889
0.300149,1.313095,0.351653,-0.1345530000,3.0558640000,8.710901
0.318750,1.386934,0.333123,0.0510520000,2.6767290000,9.972197
0.340608,1.469980,0.382458,-1.3070760000,3.2970740000,10.252670
0.341323,1.502971,0.413628,-1.8277520000,3.7645460000,10.133182
0.360677,1.572451,0.394262,-1.7058750000,3.8738610000,11.032237
0.343434,1.614706,0.479195,-1.9912110000,4.5202120000,11.642363
0.347855,1.666621,0.480633,-2.2944590000,3.8757350000,11.600481
0.330938,1.712457,0.489600,-1.7110680000,3.5614880000,12.230682
0.327924,1.709256,0.513647,-1.7055080000,4.6340280000,12.132481
0.304084,1.717909,0.519336,-1.6125260000,3.8043320000,11.289518
0.284025,1.735010,0.502362,-1.3810910000,2.6127380000,12.199051
0.256919,1.761654,0.467585,-1.8921340000,-2.3953330000,12.477024
0.183107,1.745232,0.496572,-1.8627200000,2.1107550000,11.588103
0.144978,1.745682,0.454941,-0.8900250000,1.3194090000,10.619668
0.115895,1.722150,0.443830,-1.1564770000,1.3283730000,9.917453
0.076598,1.695358,0.386643,-1.4277580000,0.6133430000,8.984686
0.000777,1.678181,0.365964,-0.2380740000,0.5260070000,7.814841
-0.060076,1.679580,0.334722,-1.2054380000,-0.0157760000,7.780148
-0.142285,1.649319,0.312122,-1.1101820000,-0.6756410000,6.817359
-0.182872,1.611738,0.250084,0.0537050000,-2.5489970000,6.093592
-0.236425,1.562975,0.230386,0.2782730000,-0.8233110000,4.955508
-0.289430,1.506559,0.182433,0.3786600000,-1.7415830000,3.889337
-0.348747,1.474608,0.138839,1.6464260000,-2.0558240000,2.906378
-0.398246,1.426464,0.115652,1.8054760000,-1.6322060000,3.051679
-0.442221,1.383140,0.081035,2.0436430000,-1.7876390000,2.482842
-0.481784,1.321958,0.045335,3.5114540000,-2.4264010000,2.047742
-0.481902,1.282943,0.017445,3.8669590000,-2.9488140000,2.192945
-0.515291,1.226662,-0.004052,3.9417160000,-2.4534810000,1.253728
-0.519614,1.167280,-0.074565,4.8100230000,-3.8991590000,0.386030
-0.519050,1.126847,-0.090127,5.0110030000,-3.5425880000,0.591156
-0.553515,1.052890,-0.090019,4.7230090000,-3.4485360000,-0.310611
-0.550115,1.027218,-0.160306,5.4858440000,-3.2279010000,-0.349399
-0.564262,0.988837,-0.167245,4.9563180000,-2.5111800000,-0.327065
-0.558324,0.930921,-0.208935,5.2145540000,-3.6694700000,-0.877276
-0.553702,0.909471,-0.223562,5.8554470000,-2.9143720000,-2.150888
-0.528148,0.840224,-0.221002,5.1876410000,-2.6142980000,-1.926414
-0.523543,0.803287,-0.266407,5.8114260000,-3.2185590000,-2.339197
-0.515951,0.770023,-0.220335,6.5008460000,-2.4022230000,-1.355836
-0.486120,0.750072,-0.205617,5.8435180000,-2.9043080000,-1.563703
-0.446987,0.707683,-0.217834,6.4494100000,-4.1848270000,-1.672521
-0.383308,0.666091,-0.199167,7.6209750000,-2.4217670000,-0.755968
-0.322162,0.631067,-0.168817,7.0984860000,-2.9522150000,-1.505275
-0.263567,0.594895,-0.201606,7.9879050000,-4.1193650000,-1.298270
-0.220686,0.620153,-0.204386,7.9641080000,-2.2790790000,-0.276059
-0.172716,0.594737,-0.160303,7.8246110000,-2.2177600000,0.076873
-0.091968,0.588179,-0.195858,8.1537410000,-2.3063990000,0.349317
-0.032451,0.578669,-0.167042,8.2390610000,0.1984360000,0.657152
0.065008,0.570388,-0.161389,7.3618820000,-0.8872010000,-0.186713
0.138485,0.586662,-0.190780,7.6663810000,-1.3933040000,0.570878
0.196719,0.582937,-0.178195,7.0586170000,0.1538240000,1.595522
0.232439,0.606327,-0.163411,6.7054240000,1.6658630000,1.365735
0.288437,0.624886,-0.180102,6.8556540000,0.4172830000,1.889928
0.363188,0.632879,-0.167606,6.2050230000,1.9243650000,2.084450
0.400942,0.636220,-0.110429,6.4078310000,2.4309370000,1.136384
0.465275,0.668808,-0.124038,6.9385750000,2.6251850000,1.625514
0.493455,0.700799,-0.075619,6.9388540000,3.3755110000,2.223712
0.526420,0.740237,-0.067685,6.4094500000,3.0305530000,2.061507
0.542393,0.770518,-0.034113,7.6712880000,3.5194660000,1.993672
0.598539,0.819371,-0.001554,7.2444520000,3.1895610000,1.474790
0.635059,0.836672,0.003885,6.6890740000,1.5361870000,0.974767
0.668018,0.887097,0.009731,7.4927030000,2.8473440000,0.346258
0.692738,0.933442,0.038984,6.3822840000,2.9559700000,-0.145291
0.701407,0.984316,0.019017,6.6194430000,1.3357680000,-0.805885
0.719526,1.052502,0.003694,6.2967570000,1.7039920000,-1.041887
0.726803,1.081316,0.068710,5.5856400000,1.6990220000,-2.051566
0.752800,1.137583,0.025349,5.9427620000,1.3601040000,-3.131160
0.750200,1.198538,0.051680,5.2578920000,2.3374140000,-4.008121
0.759000,1.249659,0.063642,4.3948040000,0.6476310000,-5.181032
0.741466,1.307817,0.059647,4.4931430000,1.3284090000,-6.026609
0.726593,1.353433,0.087407,3.9384370000,2.8511190000,-5.932260
0.715721,1.400228,0.089386,3.7052660000,0.7257110000,-7.281452
0.683688,1.432747,0.098583,4.0100790000,1.2053010000,-7.370309
0.661085,1.479738,0.127646,3.1567540000,1.2381490000,-8.344482
0.621345,1.492152,0.171089,4.1927110000,2.0453030000,-8.752276
0.616687,1.536262,0.182157,4.6101220000,1.8524960000,-8.583826
0.582001,1.544770,0.221812,3.6372370000,0.9980650000,-9.082948
0.556802,1.562482,0.223555,4.1779700000,0.3905250000,-9.583317
0.519245,1.596770,0.229726,4.1853580000,1.8440310000,-8.314764
0.483450,1.580148,0.257558,3.7655050000,2.0838260000,-9.454256
0.464710,1.580302,0.234105,4.1769550000,0.8541300000,-9.222040
0.435037,1.564691,0.258835,3.7726970000,0.9636220000,-9.139550
0.411183,1.555369,0.259121,3.1112560000,0.6170390000,-10.259593
0.359580,1.523375,0.290107,3.8820510000,0.7152690000,-10.039565
0.316853,1.529313,0.284425,2.9044850000,0.8766270000,-9.263039
0.259771,1.499282,0.292858,2.8222010000,0.2941820000,-9.732090
0.229655,1.472133,0.283138,3.0797120000,0.0194980000,-9.289503
0.176568,1.428516,0.315103,3.0734000000,1.7404010000,-9.358106
0.138117,1.380717,0.281438,3.4867440000,-1.5445610000,-9.422123
0.082224,1.360064,0.279803,3.7488270000,-0.5520210000,-8.314665
0.001712,1.325559,0.323424,3.9224150000,-0.5814810000,-7.947593
-0.030350,1.296923,0.288446,4.8802900000,-1.5132860000,-7.278278
-0.089510,1.261581,0.321694,5.1797270000,-0.7991690000,-6.839380
-0.117053,1.209128,0.311860,4.6169130000,-2.1570410000,-6.908304
-0.144169,1.193116,0.271551,5.7630520000,-3.0403880000,-6.178326
-0.179977,1.145944,0.267159,5.4005170000,-2.3548380000,-5.407727
-0.216944,1.133435,0.245840,5.8044370000,-2.5202140000,-5.414942
-0.244257,1.098762,0.194998,6.3271780000,-3.3523580000,-4.540454
-0.251442,1.067254,0.174027,5.3269800000,-3.1488000000,-4.525466
-0.277124,1.042439,0.164816,6.0458930000,-2.6017230000,-4.215499
-0.277065,1.029129,0.122627,6.2451080000,-3.0242290000,-3.310409
-0.291137,1.021517,0.097119,4.9347030000,-3.6272090000,-3.011474
-0.292594,0.998270,0.054917,4.8812220000,-3.8365270000,-2.399473
-0.281069,0.988082,0.029412,5.3217150000,-3.0099530000,-1.751535
-0.285113,0.955543,0.033506,5.1922030000,-1.2826360000,-1.778457
-0.261884,0.963197,0.001630,5.3374150000,-3.3584330000,-1.280902
-0.266702,0.952930,-0.013187,5.2216570000,-2.8854930000,0.540937
-0.239205,0.962922,0.008323,4.8419080000,-1.9473790000,0.918181
-0.215710,0.945791,0.009974,5.7828220000,-2.0358900000,1.672595
-0.171741,0.950947,0.042257,5.4155700000,-2.2009140000,2.260227
-0.150215,0.943319,0.043524,5.0893580000,-1.6062290000,2.550710
-0.110708,0.943572,0.036063,5.3796670000,-0.8558470000,3.612642
-0.092900,0.966759,0.070403,4.5992610000,0.3646160000,4.326559
-0.081139,0.966605,0.076279,4.7593520000,-0.4482440000,4.665507
-0.035799,0.980959,0.083107,4.8115190000,0.3965710000,5.673243
0.007007,0.974344,0.104692,3.1686590000,0.8727180000,5.654097
0.046357,0.971078,0.100973,3.6155140000,0.8590330000,5.707815
0.080101,0.981231,0.130679,2.6678020000,1.7684070000,6.408668
0.082746,0.972395,0.176853,1.4770680000,1.4429950000,6.742541
0.115531,0.986621,0.173397,1.9220810000,1.5643770000,7.440319
0.136647,0.968262,0.232349,1.1895820000,2.0783210000,7.952708
0.160287,0.923132,0.252490,0.7319580000,2.2210380000,6.973896
0.184492,0.920621,0.273895,1.3553910000,2.0751110000,7.570949
0.173299,0.882387,0.338611,0.6369570000,2.7009180000,7.727506
0.174802,0.890222,0.347248,1.0290480000,2.5721570000,8.286213
0.142733,0.888154,0.393543,1.2264210000,2.5684220000,9.330047
0.124423,0.865512,0.429627,0.5107210000,1.7181620000,8.613225
0.111894,0.841442,0.427516,1.6040650000,2.3993600000,8.387197
0.127401,0.803293,0.428547,2.2684570000,1.5694870000,8.590729
0.089836,0.782371,0.458089,1.7509250000,2.6393360000,7.828720
0.052288,0.759282,0.414767,2.3629550000,1.1852020000,8.149007
0.032728,0.774861,0.411803,1.4306610000,1.1733230000,8.843600
-0.001094,0.741698,0.416146,1.7410220000,1.1349970000,8.636321
0.020656,0.708979,0.369342,2.6707100000,0.8702560000,8.173498
0.014124,0.655012,0.344454,1.6152420000,1.1165760000,7.301000
0.011399,0.620905,0.285036,1.8458130000,-0.3635210000,6.428660
0.004191,0.625149,0.233879,1.9288690000,-0.7125850000,7.100283
-0.049973,0.590608,0.223900,1.4671420000,0.3518050000,7.493053
-0.074683,0.574488,0.135284,2.4657410000,-0.4298850000,7.273060
-0.103795,0.540646,0.135045,2.7867600000,0.3470840000,7.217026
-0.121661,0.500702,0.096423,2.7690450000,0.2286870000,6.286691
-0.123338,0.491278,0.048707,3.6468540000,-1.2459980000,6.230158
-0.158424,0.450008,0.045299,3.7034210000,0.1459530000,7.133650
-0.197709,0.435867,-0.003143,4.4897520000,-0.3045810000,7.008982
-0.222596,0.409670,-0.015780,5.2404980000,-0.1932670000,8.125465
-0.233087,0.389877,-0.049645,5.0084750000,0.0443680000,7.844560
-0.238089,0.353747,-0.067695,6.4911070000,-0.1350270000,7.455779
-0.220462,0.327152,-0.096833,6.6067080000,-0.2649130000,7.564087
-0.221562,0.311531,-0.107403,6.1397280000,-0.4615020000,6.935635
-0.234423,0.296061,-0.149973,6.4851390000,-1.3606860000,7.892367
-0.224103,0.299495,-0.169041,6.4632450000,-0.2615390000,8.170709
-0.237147,0.284934,-0.173570,5.6541110000,0.2572140000,7.596429
-0.236218,0.267602,-0.230839,6.2807450000,-0.6545980000,7.470184
-0.228875,0.275480,-0.246503,5.8918980000,-0.0712950000,7.447377
-0.248908,0.283368,-0.214089,5.7748200000,0.6562470000,6.961461
-0.249929,0.301760,-0.242442,6.4615030000,-0.4788820000,7.244581
-0.263909,0.324097,-0.235474,5.7809420000,-0.5156910000,6.937613
-0.273973,0.326877,-0.203979,5.6416320000,-0.7812270000,5.922197
-0.260095,0.364815,-0.227297,6.6428310000,-0.6674810000,6.208724
-0.288557,0.380253,-0.145535,6.5418860000,1.8374590000,5.622342
-0.268219,0.424529,-0.170912,6.7847770000,-1.0261240000,4.984035
-0.261332,0.485281,-0.157273,7.3830410000,-1.5805800000,5.181276
-0.268957,0.511836,-0.128992,6.9035450000,-0.4712900000,4.655616
-0.255854,0.570673,-0.150491,7.4479240000,-1.7858400000,3.838019
-0.248947,0.629708,-0.138225,7.2145630000,-1.7259790000,3.427697
-0.220535,0.698935,-0.151102,6.2875790000,-2.0551710000,2.035033
-0.207881,0.765220,-0.144038,7.2003430000,-1.7275840000,1.154629
-0.177279,0.836288,-0.135120,6.0549500000,-2.1061050000,0.145649
-0.163332,0.917375,-0.144859,5.6353890000,-2.1488940000,-0.765714
-0.126992,1.014285,-0.184859,5.4557540000,-3.2507730000,-1.055683
-0.114236,1.100413,-0.149668,4.6592280000,-1.8801450000,-2.273928
-0.079702,1.169312,-0.167642,4.5949580000,-1.9916190000,-3.554248
-0.030925,1.268753,-0.172060,4.4075440000,-2.1919560000,-4.649667
-0.004078,1.334973,-0.132901,3.7774010000,-1.9358110000,-5.396000
0.050355,1.436512,-0.162915,4.4465720000,-2.4056560000,-5.852342
0.070614,1.515080,-0.082847,4.3287520000,0.5022520000,-6.114560
0.119037,1.602459,-0.082670,3.4197300000,-2.0089210000,-6.484082
0.179023,1.677873,-0.087987,4.2138930000,-2.4360290000,-6.999304
0.241524,1.742681,-0.046560,3.5723830000,-0.1152890000,-7.252652
0.283257,1.807263,-0.041288,3.1397840000,-0.9830670000,-8.759069
0.343273,1.880544,-0.041488,3.0154580000,-0.8283530000,-8.006072
0.376695,1.960146,0.001636,1.5024120000,-0.2057460000,-8.268366
0.419127,1.996394,0.008454,1.3259480000,-0.9631430000,-8.261007
0.477892,2.045145,0.041918,0.7844120000,1.0059690000,-8.326784
0.507408,2.038341,0.085440,-0.1448230000,1.3559590000,-9.755251
0.575863,2.080914,0.062188,0.3000520000,0.8719500000,-9.540586
0.592810,2.082168,0.138576,-0.3437130000,2.4092410000,-9.339340
0.621893,2.094034,0.166743,-0.5422310000,2.3579170000,-9.348097
0.628244,2.079745,0.198760,-0.6644460000,2.7872370000,-9.226538
0.663537,2.063983,0.248715,-1.5662730000,2.4143480000,-8.958011
0.678114,2.038587,0.266319,-1.1199110000,1.8598660000,-8.865958
0.690263,1.987427,0.317207,-0.5927780000,2.5206530000,-8.425952
0.694156,1.944246,0.353202,-1.4141650000,0.0372790000,-8.486657
0.651970,1.888271,0.363912,0.1011590000,2.2838780000,-7.509152
0.642937,1.842845,0.391094,-0.1401890000,2.5954760000,-6.963666
0.593254,1.759629,0.441844,0.0659650000,3.8695250000,-6.831813
0.607086,1.697863,0.405895,0.7651470000,1.1640640000,-6.044128
0.585842,1.608925,0.425498,0.0682690000,1.2637880000,-5.938403
0.563764,1.516288,0.396353,0.5633690000,1.2703560000,-5.662936
0.526988,1.420136,0.394981,0.8941730000,2.1446990000,-4.815987
0.487152,1.300921,0.394472,0.3617190000,2.3702550000,-4.312144
0.466072,1.201529,0.344477,1.3833640000,0.2842030000,-4.540873
0.429933,1.079058,0.341786,1.7043470000,1.0460140000,-3.753535
0.389867,0.973816,0.327878,2.0617750000,1.2183910000,-2.848937
0.328154,0.874365,0.280539,3.1441060000,0.4716270000,-2.139617
0.284882,0.788132,0.275372,3.3731250000,0.3145130000,-0.997226
0.222785,0.673870,0.253984,3.4988520000,0.0327880000,-1.118886
0.191910,0.564401,0.202384,5.0660100000,-0.7909470000,0.329919
0.141656,0.475666,0.199249,5.7850670000,0.8163780000,0.675357
0.059356,0.369269,0.161238,6.4164110000,-0.3771070000,0.395040
0.026889,0.318401,0.104291,7.5676440000,-0.1528510000,1.896297
-0.030842,0.235287,0.104071,7.9588650000,0.2088970000,2.525780
-0.055313,0.156771,0.045992,8.9460580000,-1.2239960000,2.959198
-0.075602,0.088165,-0.008674,9.3322110000,-0.9608230000,2.906883
-0.123463,0.009790,-0.053509,8.5502520000,-1.1721530000,2.691194
-0.161845,-0.005237,-0.100904,9.4605150000,-1.3478590000,3.088944
-0.198089,-0.056703,-0.124692,8.9601960000,-1.0200580000,2.980541
-0.214094,-0.101130,-0.184077,8.3558010000,-1.8711250000,2.430290
-0.248639,-0.111349,-0.209848,9.5569200000,-1.5077690000,2.806441
-0.275197,-0.120365,-0.210974,8.8253860000,-0.4801160000,2.606698
-0.311504,-0.117992,-0.238851,8.6744730000,-1.6104270000,2.061874
-0.327486,-0.111276,-0.274801,9.0993550000,-1.8288240000,2.436082
-0.334931,-0.100389,-0.244402,8.3934960000,-2.2623720000,1.764971
-0.360813,-0.112488,-0.243621,9.0023390000,-1.9749750000,1.728969
-0.356736,-0.056686,-0.230590,9.0095870000,-2.5318930000,2.365833
-0.377550,-0.032035,-0.161015,8.6089290000,-1.9708950000,1.945756
-0.347736,0.015935,-0.174578,9.6722650000,-3.9287020000,1.672463
-0.328796,0.055445,-0.111155,9.5459900000,-1.5854450000,2.274479
-0.300209,0.105355,-0.086320,8.9664950000,-2.6131230000,1.957440
-0.290336,0.176210,-0.091037,8.6754640000,-3.1768620000,1.715202
-0.280249,0.237926,-0.053788,7.6930370000,-2.1781120000,2.136184
-0.252427,0.314006,-0.025316,6.2345250000,-2.5907310000,1.351381
-0.222018,0.383926,-0.018029,6.7716270000,-1.5237770000,0.980455
-0.183384,0.460344,0.036886,5.0548730000,0.0615220000,0.501882
-0.164595,0.534563,0.068404,4.8254470000,-0.8964380000,0.123921
-0.124218,0.627476,0.084889,4.3381620000,-0.2184110000,0.946033
-0.085272,0.702811,0.125617,2.8812130000,-0.4608580000,1.382886
-0.038143,0.753939,0.135084,3.3364770000,-0.8463740000,1.200539
0.019569,0.826471,0.199111,2.6587090000,-0.5932810000,1.655331
0.040898,0.864219,0.260197,1.9853110000,-0.1167670000,0.741201
0.092177,0.958927,0.262974,2.7378360000,-0.2898890000,1.376772
0.119605,1.017614,0.334991,1.7542210000,-0.2285800000,2.229680
0.151484,1.074827,0.378857,1.6285030000,0.0753310000,1.778137
0.173433,1.144985,0.371252,2.1458910000,-0.2020970000,2.349678
0.190223,1.196671,0.404812,1.3657440000,1.8138350000,2.363145
0.208004,1.273792,0.426489,1.2699300000,0.8395550000,1.661155
0.217832,1.310578,0.413635,1.3780860000,0.7699150000,1.739454
0.243878,1.368414,0.406374,0.1211260000,1.2151420000,2.111947
0.252120,1.406117,0.439281,0.2812990000,2.0006000000,1.608457
0.291296,1.462758,0.408544,0.4163780000,1.1950300000,2.276150
0.303979,1.475287,0.408422,-1.0501460000,0.9928260000,1.848547
0.350363,1.489989,0.382960,-1.0749350000,0.3278140000,1.238568
0.383188,1.516157,0.370254,-0.7199130000,0.6089680000,1.435370
0.390091,1.512819,0.362688,-1.6270740000,0.7172450000,1.993598
0.388082,1.532011,0.317029,-1.4471730000,0.6777410000,1.497008
0.371345,1.532763,0.327369,-0.7063760000,1.0978010000,2.154618
0.380276,1.521583,0.314289,-1.3291990000,0.9921200000,1.718113
0.348630,1.507373,0.308663,-0.3434640000,1.2968160000,1.707176
0.345200,1.509005,0.276541,0.0190590000,0.9996470000,2.707147
0.305532,1.476876,0.282229,-0.6564310000,1.7921880000,2.041892
0.292691,1.461728,0.248870,0.1880680000,1.4136340000,2.573145
0.268634,1.432852,0.237427,0.7559360000,1.6286210000,2.839883
0.255284,1.374303,0.227685,-0.1750520000,0.8914110000,3.801986
0.235891,1.331894,0.195438,0.5420530000,1.3785350000,3.551685
0.223769,1.270611,0.186556,1.2202600000,1.6082860000,4.100437
0.213870,1.210326,0.156778,0.4607790000,1.4381870000,3.858920
0.177934,1.122268,0.138140,1.7462310000,1.7234860000,3.571763
0.182030,1.059681,0.127413,1.3216120000,1.5065700000,4.615442
0.133913,0.997702,0.115859,1.4325880000,1.6906820000,4.333803
0.098699,0.923884,0.079187,1.9199110000,1.3624020000,4.516823
0.050542,0.864652,0.070873,1.4145700000,0.0786210000,4.427022
0.000544,0.777533,0.057720,1.5804780000,-0.6277140000,3.854336
-0.047540,0.723267,0.014343,2.6832490000,1.1669420000,4.006933
-0.123374,0.662467,0.056732,3.2283860000,1.5059980000,4.743027
-0.183220,0.615574,0.012419,3.5367120000,-0.6809820000,3.987078
-0.247569,0.571018,0.005086,4.7940140000,-0.4579110000,4.661150
-0.260751,0.515827,0.015465,4.9074390000,-0.9283560000,5.109695
-0.306180,0.448682,-0.002473,6.4157160000,-0.9371790000,4.490254
-0.310890,0.401155,-0.015097,7.0392930000,-1.8910950000,4.402594
-0.341200,0.347559,-0.041163,6.0580480000,-2.9987180000,3.352374
-0.351323,0.312152,-0.093883,7.3720210000,-3.3364510000,3.584506
-0.355738,0.296491,-0.112018,7.3314370000,-3.3016340000,3.412273
-0.386875,0.243296,-0.152005,6.9738580000,-3.0415270000,2.212259
-0.395804,0.250376,-0.203647,7.3211210000,-3.9395300000,1.957522
-0.413877,0.243257,-0.221323,6.6442820000,-3.6772630000,2.021805
-0.423977,0.248305,-0.276514,6.3696960000,-3.4258150000,0.918801
-0.434402,0.241724,-0.264671,7.4299860000,0.3695100000,0.974373
-0.403855,0.252687,-0.288242,6.1410060000,-2.5703990000,0.570337
-0.413046,0.261737,-0.308492,6.7991640000,-2.1819320000,0.406586
-0.373542,0.300184,-0.314978,7.1558530000,-2.1677490000,1.128700
-0.362704,0.301966,-0.270927,7.0942090000,-0.7917940000,0.599252
-0.307148,0.315602,-0.295293,7.4586320000,-2.6190450000,0.535839
-0.246052,0.346854,-0.283732,7.8345830000,-1.5037080000,1.119960
-0.218132,0.363860,-0.250993,7.1848860000,-1.2663650000,1.188257
-0.173185,0.433743,-0.258031,7.8863210000,-1.9064570000,1.665212
-0.149542,0.462986,-0.223076,7.1757220000,-1.5151580000,1.728202
-0.095040,0.507710,-0.213084,6.4926040000,-1.0532300000,1.418257
-0.051568,0.543761,-0.212031,7.1421030000,-1.1655160000,1.052069
0.001417,0.597074,-0.153085,6.3760870000,0.9876850000,1.242686
0.046587,0.651618,-0.159866,5.2135530000,-0.2698070000,0.140781
0.122152,0.712721,-0.183162,5.1701390000,-1.6727830000,0.920738
0.174123,0.773256,-0.115287,4.3405620000,0.2919760000,1.229632
0.204229,0.793535,-0.110334,3.7701170000,0.3085950000,0.527777
0.256774,0.869329,-0.094247,3.8783520000,0.6339890000,0.776783
0.282591,0.895110,-0.023556,2.5014580000,1.2610430000,0.112190
0.343756,0.965439,-0.026363,2.8324820000,1.0386320000,0.507566
0.365597,0.980794,0.046937,3.2282680000,2.0120190000,0.115335
0.418825,1.037866,0.082877,1.7863000000,1.1632300000,0.512079
0.422498,1.073911,0.115711,2.4839000000,1.6883320000,0.214910
0.448150,1.132755,0.154496,2.5877790000,2.2679310000,1.474348
0.445337,1.146019,0.215133,1.9726270000,2.8091890000,1.095413
0.475749,1.171133,0.211184,2.6323810000,1.1935530000,1.656507
0.495887,1.188245,0.232589,2.2473150000,1.7354480000,1.196135
0.501831,1.192233,0.265518,1.5656710000,2.2244320000,1.326540
0.512929,1.230575,0.259820,2.3614520000,1.1869190000,1.744663
0.503932,1.221082,0.297105,1.9687900000,1.8402430000,1.650857
0.524746,1.227269,0.270914,1.3546130000,1.8118960000,1.481418
0.503758,1.197160,0.289923,2.5645170000,2.3329040000,1.015673
0.522110,1.229518,0.271095,1.8569840000,1.9299980000,1.756066
0.476694,1.214701,0.282462,1.5998970000,1.6455380000,0.842061
0.471610,1.236057,0.255838,2.4117390000,1.6744570000,1.751007
0.418887,1.211438,0.267271,2.2572870000,3.6146300000,1.109950
0.414417,1.218377,0.223690,2.9817140000,1.3406200000,1.054814
0.360106,1.219241,0.215274,3.2366650000,2.0803240000,0.827688
0.330347,1.223633,0.209969,3.0442780000,1.1753520000,0.682121
0.282246,1.220071,0.174299,3.7893710000,0.5569010000,-0.449178
0.254152,1.216060,0.147652,4.2668940000,0.3541750000,0.114170
0.217372,1.200695,0.142785,3.8179220000,0.0431180000,-1.426843
0.180491,1.192623,0.097743,4.6316220000,-1.2272510000,-1.504171
0.127962,1.208776,0.084580,4.8481380000,2.8553530000,-1.452001
0.094297,1.192948,0.071684,4.3733630000,-0.6248940000,-2.660500
0.073759,1.193447,0.008556,4.9309540000,-1.9118690000,-3.051613
0.034704,1.183738,0.016765,5.2064260000,0.2628020000,-3.330972
0.018840,1.170533,-0.022644,4.2705610000,-1.8764420000,-4.701278
-0.029622,1.176375,-0.068014,5.3301320000,-2.9680100000,-5.496732
-0.069884,1.167027,-0.051687,4.3882390000,-1.9870700000,-5.196603
-0.099649,1.171366,-0.071631,4.9091070000,-2.0919180000,-6.048691
-0.137030,1.159487,-0.068204,5.2716520000,-1.7825380000,-6.336204
-0.156557,1.164785,-0.077946,4.0908540000,-2.6983450000,-6.662892
-0.182074,1.161263,-0.067866,5.0093130000,-4.4245200000,-7.174145
-0.185616,1.168645,-0.061990,5.1282780000,-2.3201820000,-7.042927
-0.229640,1.144037,-0.003668,5.3966400000,-1.7367480000,-7.896367
-0.209480,1.150008,-0.022575,6.1206680000,-2.8672070000,-7.671054
-0.222022,1.141903,0.001364,5.8306310000,-2.2644360000,-7.649951
-0.216865,1.148078,0.022329,5.5511940000,-2.6556300000,-7.404852
-0.209105,1.157370,0.008835,5.6750240000,-2.4990380000,-7.730923
-0.190402,1.154866,0.041157,4.7160990000,-1.9551980000,-7.477052
-0.176757,1.162721,0.034329,4.3481840000,-2.5409220000,-8.228415
-0.173645,1.148931,0.051976,4.2174340000,-1.2225770000,-7.427756
-0.143174,1.160994,0.047229,2.3862870000,-2.6748820000,-7.005552
-0.139501,1.154718,0.065312,3.6509580000,-2.9266680000,-7.369388
-0.108600,1.152870,0.095938,2.9897670000,-1.1123500000,-6.357362
-0.080345,1.108390,0.128621,2.4871230000,-0.7970680000,-7.022078
-0.028575,1.089424,0.117493,3.2377180000,-1.7762620000,-5.809239
0.003305,1.076744,0.165095,2.1652340000,-1.1181960000,-5.149780
0.024105,1.049283,0.205876,1.7407200000,-1.2307570000,-4.470879
0.057481,1.029253,0.219781,2.9759930000,-0.8647160000,-3.701458
0.078853,0.987845,0.272585,2.3072420000,-0.1130640000,-3.417736
0.122769,0.958914,0.264376,2.4348870000,-0.8011840000,-3.175783
0.139381,0.936117,0.289969,3.0958970000,-0.7426460000,-2.445683
0.153358,0.919557,0.315638,2.8371790000,1.5531180000,-1.196445
0.144712,0.903053,0.328314,2.7457990000,0.3004210000,-0.642711
0.177504,0.890088,0.276478,3.2427730000,0.0567590000,0.536933
0.199844,0.854260,0.324451,2.6867940000,1.1380110000,0.742385
0.245624,0.822781,0.285639,2.8058840000,0.7361950000,1.166418
0.273695,0.784997,0.275513,2.9455150000,1.0311350000,1.823386
0.316157,0.749025,0.273320,2.0360930000,1.0825930000,2.897746
0.333209,0.712373,0.252021,2.1240070000,0.8276860000,3.420889
0.365863,0.682493,0.227836,2.5367210000,1.4605330000,4.581285
0.382564,0.634671,0.238622,1.7068840000,1.8854220000,5.029283
0.391135,0.589130,0.198094,2.3196890000,1.3589680000,4.982434
0.408315,0.559956,0.200496,2.9112140000,2.3630490000,6.122902
0.403985,0.501634,0.194352,2.5284750000,2.9805580000,6.118869
0.383060,0.489016,0.163874,3.3899380000,2.6693340000,7.030169
0.349845,0.452154,0.183378,2.9522610000,3.0893640000,8.208213
0.325561,0.436215,0.182719,2.9376970000,3.3178880000,8.725427
0.295146,0.386738,0.155458,3.9497210000,2.2596720000,9.334159
0.269895,0.350720,0.169254,3.9686640000,6.9969430000,8.874707
0.246323,0.299298,0.161107,4.0349170000,3.1477060000,8.817303
0.238554,0.281832,0.131565,4.2395340000,3.1020080000,9.639371
0.185776,0.255589,0.150886,4.5947240000,4.1580210000,10.151976
0.167355,0.232031,0.113397,4.7444390000,2.6393060000,10.264862
0.135735,0.200289,0.086205,5.1904700000,2.3265880000,9.965313
0.127729,0.172819,0.094713,4.6960260000,2.3529260000,9.643956
0.090024,0.143040,0.056049,5.0631340000,1.8385290000,8.603968
0.053845,0.132491,0.047479,4.9892100000,1.5281740000,8.486181
-0.016751,0.132015,0.034996,4.3432430000,0.6480280000,7.559501
-0.077689,0.141347,-0.015025,5.3337810000,-0.4474630000,7.821041
-0.138201,0.158225,-0.009970,4.6545790000,1.2436360000,8.085881
-0.220850,0.146369,0.011405,5.5579490000,0.5990870000,6.229972
-0.256293,0.172855,-0.039998,6.1358650000,-0.6249050000,5.853229
-0.304368,0.197391,-0.011848,5.6683080000,-0.5000600000,4.816122
-0.355735,0.207202,-0.040366,6.3467680000,-1.7116740000,3.961288
-0.405648,0.251364,-0.036919,6.6888240000,-0.5089070000,4.196897
-0.447358,0.266729,-0.046386,5.8411020000,-1.6557280000,3.517192
-0.475107,0.315365,-0.088381,6.9526110000,-2.9250430000,2.283877
-0.506645,0.343282,-0.083481,6.8620850000,-1.4955250000,1.714593
-0.521108,0.384618,-0.084039,6.0041510000,-2.5149260000,-0.169003
-0.549950,0.430070,-0.139220,6.9306120000,-3.4096630000,-0.597641
-0.559279,0.500626,-0.175914,5.5239140000,-3.0022690000,-1.433840
-0.589415,0.554025,-0.161987,6.1769840000,-3.4961710000,-2.254825
-0.570810,0.646081,-0.194886,5.9782430000,-3.6577790000,-1.717537
-0.600733,0.704600,-0.158379,5.2277360000,-2.8929110000,-3.314530
-0.575294,0.777123,-0.192444,5.5320840000,-4.3418390000,-3.892601
-0.549836,0.858054,-0.197785,5.8105040000,-3.6569250000,-4.024537
-0.517592,0.903772,-0.180388,4.7178550000,-3.5658730000,-4.474057
-0.490499,0.988814,-0.187435,5.3893410000,-3.7331660000,-4.629856
-0.450223,1.062432,-0.184757,4.7247850000,-3.5002250000,-3.754043
-0.414793,1.145642,-0.142154,4.0239680000,-3.1444440000,-3.971837
-0.357833,1.201381,-0.160880,4.4216250000,-3.8164880000,-4.137393
-0.286952,1.269649,-0.138314,3.5449420000,-2.9810510000,-3.904127
-0.222258,1.309272,-0.090022,2.9665140000,-2.4808180000,-4.571824
-0.151029,1.362808,-0.099354,2.5224030000,-2.2573260000,-3.862545
-0.117936,1.420963,-0.040126,1.9070220000,-0.9951470000,-2.737191
-0.057010,1.483592,-0.025155,0.7499490000,0.0154240000,-2.590696
0.004903,1.505233,0.011674,1.1834770000,0.1107790000,-2.221041
0.093562,1.535881,0.050725,0.4157740000,0.8284810000,-1.211891
0.144357,1.531473,0.091562,-0.5098700000,1.2245860000,-1.341172
0.215133,1.561855,0.098695,-0.1419380000,0.9852340000,0.033477
0.262161,1.574282,0.164202,-1.1368250000,1.8666040000,1.028158
0.309218,1.563529,0.193531,-0.8735150000,1.8310090000,1.858701
0.355264,1.563463,0.232717,-0.8099310000,2.1705280000,2.606353
0.392480,1.530350,0.287980,-1.3944210000,2.2111580000,2.995697
0.437459,1.533045,0.332693,-0.3378470000,2.6997790000,3.494901
0.456507,1.500464,0.347448,-0.2115200000,3.2451820000,4.064287
0.456458,1.492937,0.409167,-0.7711820000,4.8542630000,4.515908
0.477840,1.467675,0.392798,-0.0492650000,2.6464490000,5.430816
0.496675,1.440270,0.396048,-0.2229880000,2.9683970000,5.934894
0.477118,1.402079,0.435919,-0.1179310000,3.9304700000,5.967545
0.490215,1.380415,0.377695,0.1982930000,2.5715210000,5.896494
0.492473,1.341764,0.394403,-0.5694690000,2.0846960000,5.651198
0.493927,1.298830,0.325206,-0.3865490000,1.9201270000,5.110181
0.468016,1.250854,0.352943,0.1561890000,2.3141780000,5.450045
0.465613,1.200357,0.322081,-0.5816180000,2.4014180000,5.202084
0.417427,1.145396,0.286696,0.3825750000,1.6602960000,4.191724
0.404235,1.107904,0.251410,0.3189190000,2.4271330000,4.623542
0.347823,1.025009,0.253071,0.4914930000,2.8192070000,3.347652
0.332664,0.970120,0.165105,1.5807930000,0.7827230000,2.975425
0.278915,0.908705,0.182722,1.7773850000,0.9712700000,2.642064
0.236125,0.862545,0.153863,1.8873460000,0.3680690000,2.271253
0.163494,0.803047,0.133751,3.4184590000,0.1478570000,2.147604
0.136329,0.760287,0.125227,3.8829470000,0.1931580000,2.448417
0.078568,0.685821,0.080966,4.3847430000,-0.5177330000,1.209172
0.062155,0.639155,0.032429,5.6658750000,-1.4398190000,1.243412
0.015814,0.587417,0.033364,5.4947130000,-0.7165170000,0.626310
-0.017237,0.532000,-0.017970,6.4405830000,-1.7587080000,0.124192
-0.045994,0.496379,-0.054621,6.8813850000,-1.5569270000,0.068454
-0.070770,0.437305,-0.082273,6.2924370000,-1.6683030000,-0.666559
-0.090202,0.404421,-0.129497,7.3675970000,-2.2867830000,-1.503296
-0.114975,0.361329,-0.136105,6.4933780000,-1.8518370000,-1.759867
-0.140860,0.333908,-0.175940,6.0943590000,-1.9687910000,-2.875155
-0.172680,0.312099,-0.223079,7.1329780000,-2.0953880000,-2.750481
-0.197003,0.298287,-0.227895,6.1496250000,-1.4612890000,-3.090690
-0.250815,0.261034,-0.218829,6.4429730000,-0.8518000000,-3.979259
-0.265520,0.271594,-0.253235,7.1630190000,-1.2547950000,-3.765484
-0.303449,0.261566,-0.207832,6.4799570000,-0.7638990000,-3.916825
-0.312026,0.255812,-0.209480,7.6485830000,-1.9268380000,-4.417288
-0.324575,0.250947,-0.176538,7.4817760000,-0.6192030000,-4.316035
-0.323505,0.231010,-0.159377,7.3742830000,-2.5387430000,-4.654602
-0.314163,0.236662,-0.161793,8.1767040000,-2.0799010000,-4.108992
-0.288773,0.238090,-0.117703,7.6796350000,-2.4896810000,-3.558113
-0.260968,0.244123,-0.112602,8.0732450000,-3.1812840000,-4.357143
-0.230667,0.242942,-0.083359,8.1698640000,-2.7587950000,-3.831592
-0.191787,0.264346,-0.075333,7.1349860000,-2.4938850000,-4.130047
-0.149956,0.284445,-0.065023,7.5807380000,-3.0532690000,-4.444331
-0.110209,0.323158,-0.050567,6.5807630000,-1.2824920000,-3.716253
-0.099751,0.355168,-0.027229,6.3607970000,-2.2264590000,-3.629633
-0.046864,0.414137,-0.050663,6.2021310000,-2.6184900000,-2.599863
-0.005016,0.444450,-0.024285,4.8632240000,-1.8470420000,-2.595953
0.042835,0.477780,-0.026077,4.8268020000,-1.9353790000,-2.809469
0.092147,0.520830,0.000228,5.2748290000,-1.2997900000,-1.845926
0.119516,0.551970,0.035944,4.3388220000,-0.8564840000,-1.744452
0.159956,0.607663,0.026947,4.4099560000,-1.1286500000,-1.090013
0.191188,0.660389,0.090505,5.1159000000,0.9230180000,0.229750
0.237549,0.723835,0.094579,5.0328150000,0.7683430000,0.147709
0.282785,0.775196,0.114684,5.7002230000,0.6495220000,0.652019
0.342958,0.821156,0.134690,4.8493300000,0.1955930000,1.097236
0.366854,0.872569,0.153042,4.6732760000,1.0672450000,0.766280
0.421678,0.934236,0.118380,4.7106700000,-0.2468460000,1.595667
0.443614,1.005761,0.140129,3.5967870000,0.6868790000,1.611169
0.479068,1.055260,0.123412,3.9315600000,0.1759710000,1.075156
0.530645,1.126453,0.111493,3.2850080000,1.7104260000,1.663047
0.553881,1.158722,0.140444,2.0508320000,1.5168140000,0.844597
0.592374,1.213775,0.122302,2.4751390000,0.8437700000,1.234189
0.614596,1.273772,0.145181,1.1313090000,1.7327530000,1.509106
0.634796,1.288224,0.145850,0.4509910000,0.9964630000,0.496375
0.657248,1.340500,0.167058,0.8935160000,2.2652040000,1.235061
0.666170,1.331306,0.198665,-0.5459480000,1.7247370000,0.525601
0.663363,1.381853,0.193364,0.3357050000,0.0240570000,0.495858
0.636132,1.401337,0.239268,-0.0953110000,1.9452020000,0.990252
0.611356,1.428811,0.276596,-0.2226570000,2.0110870000,1.096483
0.584805,1.425575,0.297548,0.5795710000,1.7835950000,0.522792
0.561529,1.438137,0.323998,-0.1430380000,2.2824630000,0.635855
0.519314,1.428319,0.356425,0.1263710000,0.9159210000,0.663843
0.490074,1.434684,0.380646,0.9307000000,2.3726940000,1.230142
0.433927,1.413656,0.411656,-0.2474200000,2.4111800000,0.842778
0.423046,1.404794,0.375962,0.9121440000,-0.1845490000,0.707899
0.390179,1.376197,0.386699,0.5411890000,1.3828740000,1.137019
0.354138,1.331536,0.396714,0.5220400000,1.4485260000,0.234917
0.318103,1.313778,0.362951,0.9105980000,1.2413620000,0.101508
0.270137,1.260737,0.357101,-0.3119720000,0.6207910000,-0.194029
0.231175,1.230207,0.332250,-0.2015770000,-0.2048180000,-0.417369
0.205463,1.172036,0.304294,0.9168450000,0.0668960000,-0.201161
0.157208,1.108176,0.318329,0.5558190000,0.8324230000,-1.393608
0.087890,1.046840,0.260352,1.0427030000,-0.6150280000,-1.535574
0.039953,1.026466,0.238133,0.8278840000,-0.7553620000,-0.990830
-0.056321,0.971279,0.252493,1.1193810000,-0.8092790000,-1.251620
-0.099662,0.938248,0.204412,2.6160380000,-1.2508950000,-1.124573
-0.159810,0.875372,0.192441,2.8496750000,-1.3069230000,-0.776539
-0.216159,0.798908,0.169303,2.7784400000,-1.8372110000,-1.106355
-0.264779,0.767410,0.123664,4.1491630000,-1.8248390000,-1.345071
-0.322392,0.697940,0.119873,4.7555770000,-0.9503710000,-0.925699
-0.355147,0.660389,0.075547,4.7737520000,-1.9456590000,-0.927314
-0.393388,0.614721,0.039732,5.9837700000,-1.9815750000,-1.070645
-0.406767,0.582549,0.016046,5.6509240000,-2.8415180000,-0.457587
-0.418197,0.526032,-0.038616,6.0805820000,-3.2692270000,-1.274940
-0.429954,0.481559,-0.096443,6.0745000000,-3.9494990000,-1.105506
-0.441180,0.453431,-0.111703,5.5849500000,-2.1349970000,-1.534845
-0.446232,0.420666,-0.172339,5.5696610000,-4.8474290000,-1.055960
-0.444768,0.419038,-0.205873,5.7490530000,-2.5533430000,-0.039471
-0.450266,0.376245,-0.201432,5.9694260000,-3.0363180000,-0.670739
-0.397987,0.358286,-0.244051,6.2454690000,-4.1506500000,-0.432653
-0.358082,0.340696,-0.254617,6.3050350000,-3.9379120000,0.054859
-0.341072,0.308922,-0.252487,5.9188210000,-3.4001300000,0.120397
-0.316037,0.333448,-0.248587,6.6585570000,-3.2907400000,1.127495
-0.294396,0.336064,-0.227104,5.9898620000,-2.2777110000,2.431776
-0.253566,0.338316,-0.221422,5.5356880000,-3.9559750000,2.352538
-0.209502,0.337315,-0.206697,6.6843440000,-1.9077470000,2.967425
-0.150642,0.351121,-0.169809,6.3131460000,0.5705760000,3.485168
-0.129476,0.344316,-0.148873,5.8911660000,-0.8066270000,3.323137
-0.069700,0.393802,-0.167238,6.2531170000,-0.5563770000,4.270197
-0.050770,0.405773,-0.095780,5.2325900000,1.8901030000,4.972357
0.017833,0.423745,-0.082775,5.1975370000,0.8439370000,5.252618
0.069610,0.437935,-0.064196,4.8193020000,1.9424350000,5.985387
0.114855,0.444171,-0.013840,3.3785350000,2.4518300000,5.248277
0.177353,0.477363,-0.025365,3.9124400000,0.4412640000,5.307374
0.230381,0.486938,0.014815,3.5948830000,1.8924370000,6.721561
0.266212,0.496625,0.057842,2.3624100000,1.8133530000,5.882882
0.287049,0.503928,0.078944,2.9498520000,1.7903030000,6.531131
0.329280,0.552236,0.116482,2.7516090000,1.9385940000,7.474126
0.344268,0.574750,0.173797,2.2136760000,2.3684950000,7.404269
0.375366,0.598003,0.169408,3.3701610000,1.5991150000,7.127819
0.412920,0.606698,0.207032,2.4988150000,1.4373100000,6.508699
0.414348,0.609767,0.236951,1.6670680000,1.9796380000,6.335619
0.415264,0.677172,0.246779,2.6238360000,1.3356500000,7.581835
0.387258,0.701603,0.277847,1.9092960000,2.8572500000,7.163527
0.389953,0.736223,0.227960,1.8431970000,1.5015340000,6.304075
0.397187,0.756617,0.255773,2.5503170000,2.6686580000,6.332035
0.415267,0.765460,0.246378,1.8301400000,2.7307610000,4.976756
0.386152,0.781271,0.201868,2.9333610000,1.7256790000,3.967871
0.377194,0.828207,0.199026,1.7331240000,1.9330830000,4.504733
0.326004,0.853862,0.206828,1.0070290000,2.4317710000,3.694757
0.339393,0.868926,0.166178,1.8437880000,0.5897490000,3.357667
0.301130,0.878930,0.171194,1.5732330000,2.0496820000,2.247929
0.286714,0.875103,0.130085,1.7760850000,1.2176130000,1.231643
0.250951,0.903490,0.083189,2.5202890000,0.6654610000,1.407883
0.203533,0.904166,0.102200,1.7636540000,0.8241900000,1.252410
0.172196,0.912448,0.065381,2.5588540000,-0.0900180000,0.173114
0.128605,0.902787,0.072619,3.0891950000,-0.0086690000,0.557582
0.115528,0.917000,0.042680,2.3527900000,-0.9970440000,0.303783
0.070769,0.914689,0.041065,4.2753040000,-0.4902750000,-0.738969
0.064506,0.922308,0.037832,4.1238190000,-1.3118920000,-0.740207
0.024151,0.906789,0.047623,3.3841220000,-1.1465890000,-1.327560
0.025999,0.899170,0.004505,4.1301710000,-1.5985940000,-1.572213
0.000675,0.900522,0.003205,4.0963290000,0.0623890000,-1.251391
-0.029855,0.885666,-0.022030,3.3997000000,-1.7858440000,-2.034244
-0.053537,0.918152,-0.068874,4.7445640000,-1.3700640000,-2.089665
-0.089569,0.906155,-0.055261,3.9210040000,-0.5840770000,-2.427021
-0.100864,0.902929,-0.091769,4.1215970000,-0.5483320000,-3.082222
-0.132273,0.894726,-0.062873,3.8938580000,-0.2885660000,-3.524531
-0.157614,0.892750,-0.056118,3.1704580000,-0.4485590000,-3.940358
-0.186489,0.919167,-0.066566,3.3129520000,-1.7347850000,-3.317178
-0.212578,0.921973,-0.051687,3.4560470000,-0.2699740000,-2.309827
-0.239727,0.919941,-0.022270,3.7265560000,1.1015560000,-3.185821
-0.237032,0.887990,-0.029859,3.8106580000,-2.0008040000,-3.569870
-0.213911,0.900536,-0.031218,5.1609380000,-1.6468490000,-3.459701
-0.219238,0.872257,-0.000917,5.2410490000,-1.6054470000,-3.615095
-0.205967,0.881514,0.018318,4.5599630000,-1.9225440000,-3.064538
-0.212634,0.880729,0.034907,5.2422510000,-2.1180390000,-2.439483
-0.191850,0.880539,0.038715,4.2206410000,-3.0700680000,-2.845806
-0.164333,0.891926,0.029911,4.6512740000,-2.6533200000,-2.559882
-0.148068,0.873590,0.031457,4.1721370000,-1.9287870000,-2.986822
-0.134955,0.890669,-0.014221,4.6089410000,-3.1042280000,-3.251209
-0.120949,0.884924,-0.010761,3.5350650000,-2.9607430000,-2.301301
-0.110655,0.909533,0.007190,2.8092160000,-2.1823420000,-2.441018
-0.092214,0.901140,-0.007174,3.3599040000,-1.9147350000,-2.105516
-0.067914,0.911532,0.013932,3.2894040000,-1.1620060000,-1.330454
-0.040168,0.887340,0.055862,2.6313240000,-1.0607920000,-2.156193
0.000895,0.907442,0.020422,3.1520370000,-1.1767450000,-1.664329
0.023426,0.908801,0.100385,3.5346640000,0.4294180000,-0.627610
0.070086,0.930068,0.074129,4.1293830000,-0.4423980000,0.279801
0.094162,0.924908,0.082880,4.7864910000,-0.3153080000,0.644448
0.140340,0.929995,0.130649,3.8825960000,0.3037920000,1.317755
0.177904,0.922200,0.124304,3.5059430000,-0.0262670000,0.600809
0.222850,0.941947,0.073210,4.8665690000,0.5450980000,1.825293
0.256922,0.938960,0.110331,3.2461510000,0.7931320000,1.284249
0.285509,0.944983,0.099328,2.1651520000,0.3115720000,1.410604
0.323762,0.970346,0.102916,2.8262610000,1.5663560000,2.275671
0.330012,0.952352,0.134427,1.9867420000,2.1692970000,1.767816
0.373291,0.959075,0.092908,1.4876730000,1.2750000000,2.018303
0.394414,0.961014,0.101777,2.3052760000,2.3257580000,2.198991
0.429116,0.938264,0.138642,1.3149190000,2.2123400000,1.947732
0.423670,0.932749,0.119417,2.5799080000,2.1206650000,1.571219
0.430192,0.919518,0.149871,1.5503450000,1.8758410000,2.278690
0.419751,0.910865,0.179686,1.4776490000,1.7018060000,1.574220
0.411781,0.898533,0.196574,1.9274640000,1.8405580000,2.146037
0.410432,0.897936,0.213084,2.3180020000,2.4948920000,2.414685
0.363559,0.855622,0.252996,1.7349820000,2.4709110000,1.388418
0.357109,0.868702,0.221143,3.1971800000,1.5842720000,2.029681
0.328158,0.836505,0.262981,3.0411430000,1.9229440000,1.642344
0.327925,0.826119,0.255300,3.2110550000,1.3627920000,1.704037
0.308775,0.787997,0.254312,4.2025410000,1.9911620000,1.358856
0.307209,0.781524,0.262275,3.2366480000,0.7671050000,1.579945
0.275990,0.767912,0.195428,3.6217140000,0.3868510000,1.327528
0.257986,0.735718,0.216252,2.5879600000,0.8170340000,1.166387
0.239568,0.699253,0.205295,2.0106380000,1.1886390000,0.528688
0.224613,0.665792,0.140060,3.4020930000,0.1340180000,-0.301571
0.186159,0.647410,0.147498,2.7509290000,0.8696550000,0.302039
0.129216,0.611858,0.136115,1.9323550000,0.7349370000,-0.177053
0.087141,0.617491,0.087948,4.3223600000,0.9312990000,-0.086885
0.032971,0.566784,0.107285,3.0568160000,0.1762370000,0.307340
0.004194,0.521168,0.102302,2.6662390000,0.0160210000,-0.497094
-0.044317,0.484657,0.095947,5.1802290000,-0.1420020000,-0.715376
-0.084937,0.477885,0.117657,5.1379210000,1.9312550000,-0.321901
-0.135122,0.435204,0.129304,4.4370130000,-0.8940090000,-0.341455
-0.156481,0.426331,0.096617,5.7004390000,-0.9382230000,0.487295
-0.182842,0.403318,0.079361,6.6926450000,-0.1533790000,0.443377
-0.186929,0.374026,0.067095,6.4904890000,-1.1450140000,-0.213121
-0.196336,0.392398,-0.036039,8.1000490000,-3.0600960000,-0.423332
-0.217164,0.384999,-0.013368,6.7308690000,-2.4475740000,-0.212836
-0.242350,0.422320,-0.039686,6.5788890000,-2.0219920000,-0.727766
-0.263577,0.418020,-0.097592,6.5691890000,-2.5333370000,-0.985937
-0.252230,0.457902,-0.139866,5.5519290000,-2.4992420000,-0.839898
-0.279861,0.473671,-0.150344,5.7162740000,-3.1979160000,-1.902766
-0.261106,0.513260,-0.187665,5.1697060000,-2.4277930000,-2.146353
-0.266876,0.532364,-0.163684,4.8458240000,-1.5368970000,-2.293659
-0.245445,0.567493,-0.187045,5.5296580000,-2.4589400000,-2.653323
-0.233671,0.593710,-0.212589,5.5436640000,-1.8895650000,-1.790419
-0.203883,0.627791,-0.182252,5.0446350000,-2.4028930000,-2.127381
-0.186745,0.656739,-0.159551,4.9335410000,-1.8487350000,-2.048718
-0.145879,0.700267,-0.162400,5.9753180000,-1.9317090000,-1.213429
-0.121175,0.732901,-0.112126,4.7645220000,-1.7983370000,-1.339750
-0.096616,0.762647,-0.115077,4.9888990000,-2.5123460000,-1.101912
-0.056186,0.819207,-0.103444,5.9228320000,-2.3179760000,-0.783597
-0.050537,0.842866,-0.032107,4.6151310000,0.1218600000,-0.399940
0.000390,0.892861,-0.013611,4.2813070000,-1.6869140000,-0.479355
0.043380,0.922551,-0.023018,4.4508550000,-0.8952660000,0.420837
0.101558,0.967570,0.032672,3.3232720000,0.0187650000,0.175157
0.145480,0.988643,0.050194,3.4377040000,-0.2863440000,0.155331
0.205050,1.034157,0.071625,2.1495280000,0.3939220000,0.850479
0.232898,1.052286,0.134785,0.9264130000,0.5785650000,0.636904
0.286930,1.075434,0.129543,0.6648030000,0.7354070000,0.130424
0.322230,1.096559,0.161944,0.5513120000,1.8218870000,1.167202
0.354844,1.116057,0.193163,-0.3140890000,2.3658920000,1.045759
0.352041,1.128488,0.206825,0.3881230000,1.8550370000,0.978373
0.373849,1.157278,0.235142,-0.2100460000,2.3808800000,1.329991
0.367882,1.168819,0.294351,-0.2409700000,2.6848930000,1.643877
0.375136,1.163137,0.322258,0.2994380000,2.4944650000,1.819488
0.366109,1.183826,0.339941,0.4933940000,2.9628070000,2.181813
0.335720,1.176185,0.386355,-0.0754130000,2.3650260000,1.734951
0.356150,1.186974,0.361795,0.3441020000,0.0522530000,2.009704
0.343706,1.160213,0.374557,0.6037620000,1.8014940000,2.124725
0.330006,1.142793,0.364825,0.8530630000,1.6315750000,1.583667
0.313328,1.118499,0.355503,0.9992830000,0.9790260000,1.498436
0.327764,1.113651,0.318690,0.0817690000,0.8725470000,2.115991
0.310186,1.063407,0.330264,0.5120350000,1.0544890000,0.929564
0.322351,1.043722,0.262308,0.9384100000,-0.0600720000,1.186189
0.313012,1.006604,0.245653,0.0525490000,0.1172710000,0.840890
0.283838,0.965800,0.208706,-0.2162300000,0.0665020000,0.820017
0.248076,0.952208,0.197214,0.8941790000,0.7962730000,0.518065
0.208808,0.905331,0.149267,-0.1297180000,-0.1273620000,1.101562
0.179470,0.867550,0.137963,0.2468920000,0.2148910000,0.776259
0.146954,0.820979,0.100011,1.5714810000,-0.4405760000,1.672815
0.109094,0.764981,0.110636,1.8800070000,2.1267400000,1.580241
0.062910,0.722237,0.083766,2.3945910000,0.6651360000,1.761773
0.037698,0.665949,0.069822,3.5050700000,0.5980630000,2.277976
0.010286,0.614743,0.083950,3.3984920000,1.1820480000,2.215939
-0.029139,0.546679,0.044544,4.3423570000,0.6057900000,2.767494
-0.055254,0.509791,0.014769,4.9872350000,0.6048970000,3.206941
-0.101349,0.456599,0.019174,4.1340340000,0.4722400000,2.989263
-0.112657,0.419632,-0.024735,5.0210140000,0.0540320000,3.240586
-0.144087,0.368629,-0.029770,5.7523480000,2.0356690000,3.435863
-0.152716,0.306109,-0.032317,4.8945320000,0.6268500000,2.824860
-0.190996,0.269112,-0.086415,5.3107520000,1.4494260000,2.663748
-0.218831,0.244885,-0.109038,5.0835610000,0.2627450000,3.455873
-0.247027,0.209497,-0.114552,4.3166920000,-0.7585030000,3.073059
-0.281621,0.184422,-0.143329,5.1141990000,-1.4207840000,3.013479
-0.305930,0.167508,-0.152668,5.0294210000,-1.1776380000,3.037969
-0.341903,0.121570,-0.107140,4.6280930000,-1.4679860000,1.761826
-0.359267,0.124790,-0.143149,5.7385980000,-3.1752210000,2.443962
-0.397796,0.114076,-0.091818,5.8786500000,-1.1445800000,3.197814
-0.418095,0.095951,-0.078770,5.5968650000,-2.7595990000,2.993554
-0.427699,0.107574,-0.123021,6.7912460000,-3.6811200000,2.594498
-0.424518,0.109205,-0.091411,6.6529210000,-1.9347680000,3.148209
-0.441223,0.119866,-0.082768,6.6153800000,-2.5823900000,2.310599
-0.433063,0.137208,-0.092954,7.5977310000,-3.2201410000,2.504512
-0.410791,0.167636,-0.117158,6.6611990000,-2.6640080000,3.074596
-0.408434,0.192490,-0.082824,6.6251780000,-2.5804040000,2.749694
-0.360255,0.233432,-0.126513,6.7237860000,-3.2066370000,2.804973
-0.318919,0.265082,-0.105512,6.0401460000,-2.2283620000,2.949214
-0.269584,0.293885,-0.124971,5.6245730000,-3.0470320000,2.641094
-0.232358,0.361845,-0.160053,5.8507850000,-2.4239400000,2.980715
-0.203637,0.404743,-0.132399,4.9931790000,-1.8507150000,3.416708
-0.162560,0.464477,-0.151946,5.4771160000,-1.6688350000,2.681743
-0.128380,0.512318,-0.136173,5.3023690000,-0.7438830000,3.046146
-0.069319,0.580094,-0.116380,4.3137110000,-0.6774500000,2.448863
-0.046710,0.648290,-0.099880,4.9910290000,-0.1102970000,2.862076
0.010116,0.718354,-0.067131,4.7215900000,1.2740940000,3.737788
0.031422,0.786484,-0.043658,3.6744470000,1.1931950000,2.952969
0.077307,0.844156,-0.070521,4.2798500000,-1.1384620000,3.245772
0.124463,0.924885,-0.042755,3.3148520000,0.5649430000,2.477276
0.155606,0.963988,0.024856,3.5961540000,1.1794650000,1.591894
0.201324,1.048009,0.019765,4.0301250000,0.6947800000,1.993454
0.231487,1.117239,0.064997,2.2291990000,1.4886080000,1.865087
0.277313,1.162733,0.060294,1.8694440000,0.4437300000,1.416804
0.343165,1.235643,0.082164,1.2308490000,-2.5023340000,1.764285
0.365151,1.241620,0.124337,0.2226060000,0.7755280000,-0.248466
0.409559,1.302112,0.098422,0.6344730000,0.2643940000,-0.381635
0.426959,1.333689,0.136617,0.4236090000,1.1186220000,-0.452661
0.443309,1.381131,0.173410,-0.6390510000,1.3103820000,-0.710701
0.448659,1.412284,0.189389,0.1241200000,0.7647360000,-0.575183
0.470067,1.444340,0.229579,-0.8357340000,0.9883710000,-0.092018
0.458158,1.436200,0.268847,-1.3480770000,1.4003210000,-1.789127
0.484063,1.456367,0.266441,-0.3673040000,-0.2765320000,-1.079208
0.472709,1.464065,0.315237,-0.8391450000,1.2239620000,-0.833019
0.454298,1.444029,0.317482,-0.4909070000,0.7203770000,-1.576616
0.444402,1.444321,0.319432,0.0392260000,2.1373820000,-1.116467
0.411210,1.403796,0.370356,-0.4446970000,1.9994840000,-1.894040
0.417739,1.397746,0.347907,0.7409290000,1.7386710000,-1.203031
0.391046,1.371523,0.359737,0.3615280000,1.9228950000,-1.254861
0.385216,1.327525,0.327235,0.1870960000,0.1539170000,-2.390695
0.363010,1.298279,0.302163,1.2674980000,2.0109690000,-2.120399
0.327757,1.238975,0.294551,0.5822000000,2.2726220000,-1.684836
0.289014,1.211241,0.260811,0.6301270000,0.9634900000,-2.408216
0.244002,1.150250,0.220263,1.4143470000,1.2597530000,-1.670576
0.211106,1.098096,0.198248,0.8859270000,0.8722810000,-2.260640
0.164318,1.045882,0.183638,2.1205210000,0.6690060000,-2.398463
0.152833,0.993383,0.157263,2.5524600000,-0.1704510000,-2.233500
0.105280,0.918533,0.142076,2.3383240000,-0.7925420000,-2.777396
0.088776,0.866484,0.086694,3.2598880000,-2.7178760000,-2.037029
0.047099,0.813630,0.093282,3.9561090000,-0.1475260000,-1.465342
0.017488,0.725641,0.047049,4.5144750000,-1.6307120000,-2.615399
-0.000050,0.700763,0.001794,5.8477980000,-2.0267420000,-1.805297
-0.032615,0.635850,0.002352,5.3415050000,-2.3981460000,-1.948722
-0.060007,0.591697,-0.039069,6.1351070000,-2.5431810000,-2.083207
-0.095641,0.556447,-0.054444,6.3498770000,-2.6461020000,-1.605700
-0.110658,0.522927,-0.100871,5.9434420000,-2.3911290000,-2.072496
-0.137709,0.491442,-0.134598,6.9970420000,-3.2942980000,-1.792733
-0.148180,0.474862,-0.125913,6.8328280000,-1.2096910000,-1.856035
-0.187638,0.444132,-0.151768,6.6087200000,-0.8055760000,-2.422387
-0.184224,0.441161,-0.192654,7.2027260000,-1.7373620000,-1.753045
-0.191656,0.430290,-0.182627,6.2801970000,-1.2350380000,-1.620211
-0.195582,0.401844,-0.203247,6.3167040000,-1.4935530000,-2.166117
-0.190852,0.397213,-0.213997,7.4873430000,-0.7682490000,-2.318530
-0.210766,0.370018,-0.163168,6.6021940000,0.4807420000,-2.895881
-0.187582,0.394387,-0.206559,6.8490400000,-1.9702280000,-2.503899
-0.197475,0.400184,-0.164557,7.3655350000,-0.9560500000,-1.943741
-0.177377,0.397791,-0.133049,6.4279690000,-1.4143080000,-2.210127
-0.153031,0.408994,-0.136672,7.2329410000,-1.9249960000,-2.953232
-0.126562,0.420154,-0.115763,6.5547110000,-1.5348650000,-2.179791
-0.110993,0.443147,-0.086376,5.5991960000,-1.7488310000,-3.442017
-0.080256,0.471970,-0.080989,6.2822390000,-4.1412720000,-2.283299
-0.052290,0.522786,-0.035833,5.7662950000,-1.6983870000,-1.664327
-0.035704,0.526492,-0.003468,5.2586100000,-0.9476500000,-2.830613
0.006820,0.553283,-0.020697,5.2437340000,-2.4329930000,-2.524408
0.039339,0.579510,0.028986,4.2303900000,-0.7719610000,-2.193656
0.071632,0.599546,0.051533,3.4739820000,-1.0050470000,-2.131066
0.103038,0.646311,0.045926,3.9118460000,-0.9474760000,-2.293826
0.124702,0.662116,0.087121,3.0388850000,-0.2207120000,-1.332570
0.152551,0.702667,0.108129,2.4958480000,0.5959660000,-1.392173
0.176703,0.710479,0.138127,3.1653040000,0.2925210000,-1.543457
0.228083,0.756295,0.161819,2.8122490000,0.6857200000,-0.670529
0.250131,0.766412,0.202229,1.9063420000,-0.9295250000,-1.090284
0.265463,0.785657,0.209402,2.4083710000,1.2942850000,-0.071884
0.300854,0.825469,0.239948,1.9678450000,1.0229710000,0.447050
0.303168,0.829976,0.252907,2.3248620000,1.1150600000,0.498686
0.342334,0.856219,0.241917,2.7488320000,1.3776650000,1.018043
0.364813,0.868729,0.293675,2.1886410000,1.9198380000,0.831469
0.372474,0.872284,0.262429,2.2059070000,1.3944020000,0.933616
0.378031,0.908108,0.247146,1.8168760000,1.6136760000,1.561657
0.359232,0.915536,0.276957,0.8560270000,2.1199880000,1.875409
0.383664,0.936800,0.239781,1.1065860000,0.7556330000,2.179904
0.377867,0.925226,0.244028,1.2206010000,2.5386170000,2.044927
0.379459,0.905938,0.257046,0.5830830000,2.3692110000,1.099959
0.370895,0.925065,0.190472,0.9719110000,0.4845920000,1.340043
0.354378,0.921290,0.209123,0.5083480000,2.2545420000,2.511263
0.335960,0.917699,0.231427,-0.0822080000,0.3609200000,2.614965
0.311135,0.904409,0.203155,1.4454380000,1.5181440000,2.857110
0.316154,0.896551,0.199587,0.9364800000,0.8389870000,3.527555
0.282814,0.844406,0.226050,0.8463380000,1.1314390000,2.372334
0.266067,0.837890,0.204836,2.3707150000,0.8057360000,2.677633
0.207121,0.814677,0.227534,1.5482540000,2.0425880000,3.395440
0.168687,0.778183,0.194693,1.5126170000,0.5600260000,3.646491
0.146235,0.789123,0.181658,2.4507900000,1.0567710000,4.561811
0.094310,0.738721,0.192484,1.9520140000,2.5270990000,4.778531
0.076762,0.711628,0.159325,2.1474200000,0.8783730000,4.027756
0.039526,0.667919,0.141074,2.3517920000,1.0725920000,4.228336
0.025264,0.643658,0.109934,1.3591230000,0.7345170000,4.899578
-0.040234,0.594852,0.127577,2.6018710000,1.0753160000,4.373413
-0.058612,0.590877,0.121603,3.1911270000,0.6502140000,5.990822
-0.097650,0.538935,0.126740,1.9794970000,0.7212560000,5.786625
-0.121904,0.490030,0.081387,3.0393700000,-0.0140890000,5.126159
-0.154206,0.469128,0.085755,3.4199460000,0.8384360000,5.240398
-0.208058,0.408140,0.088345,3.1523350000,-0.2225010000,4.667212
-0.249161,0.406341,0.023852,3.9871970000,-1.1127830000,5.110899
-0.314990,0.385954,0.076791,4.5405600000,1.8592770000,5.428110
-0.353263,0.366558,0.057733,4.4486520000,-0.7231180000,4.722100
-0.405296,0.351853,0.011254,5.4891920000,-0.9674400000,4.740261
-0.426997,0.340161,0.006261,5.2781140000,-1.1989050000,4.243070
-0.462273,0.355368,-0.005470,5.4892310000,-1.8648590000,4.023270
-0.492176,0.344481,-0.052337,6.0390820000,-2.8612360000,4.162176
-0.532110,0.350018,-0.026767,5.8358760000,-0.3351440000,3.364438
-0.536916,0.345948,-0.089008,5.9751080000,-3.4100140000,2.310486
-0.521692,0.377413,-0.131801,6.3305040000,-3.6019310000,3.133164
-0.536640,0.383095,-0.103011,6.2400790000,-3.0325430000,2.148639
-0.525358,0.424749,-0.160204,6.7917620000,-3.7449110000,1.279317
-0.517841,0.461119,-0.174752,6.0329840000,-3.6999090000,1.312016
-0.495015,0.483564,-0.193685,5.3341720000,-3.8998910000,0.482284
-0.470263,0.523452,-0.238405,5.7273630000,-3.3883460000,0.070683
-0.455150,0.565346,-0.221435,5.5039930000,-2.9952050000,0.343686
-0.412134,0.618197,-0.218861,4.7181280000,-3.0266020000,-0.996603
-0.376887,0.674792,-0.226588,5.3230290000,-2.7687600000,-0.253932
-0.331583,0.724938,-0.214906,4.8833300000,-2.6727620000,0.355006
-0.287684,0.752032,-0.189831,4.1797490000,-2.5950630000,-0.854195
-0.249033,0.795192,-0.195786,4.7210750000,-1.5157740000,-1.130107
-0.184277,0.874933,-0.169664,3.9229570000,-0.8180460000,-0.625866
-0.151643,0.905033,-0.124488,4.4385760000,-0.1363720000,-1.060313
-0.069280,0.960128,-0.109697,4.3861350000,-0.4855680000,-0.821427
-0.027435,1.005613,-0.063323,3.0124880000,0.1828810000,-0.732598
0.036936,1.048771,-0.044157,2.6709430000,0.2636090000,-0.149190
0.091753,1.094065,-0.025522,2.8303880000,1.0123790000,-0.313555
0.140481,1.111738,0.036023,1.6225330000,2.8863070000,-0.204220
0.198816,1.156750,0.029094,1.3798850000,1.2132280000,-0.825237
0.235123,1.165363,0.080188,0.9545960000,1.5595750000,-0.708432
0.278898,1.196736,0.136574,-0.0021460000,2.0948020000,-0.229885
0.290498,1.210624,0.171361,0.2036890000,2.0430940000,-0.632499
0.342449,1.222218,0.194650,0.2123420000,1.7354150000,0.109218
0.371112,1.220399,0.241629,-0.5808330000,2.3499820000,-0.234351
0.421566,1.205336,0.254309,-0.1457460000,1.9874540000,-0.006966
0.436025,1.200954,0.306752,0.1793730000,2.4170850000,0.549657
0.421106,1.176418,0.351265,-0.6779840000,1.5535410000,0.698864
0.438408,1.179625,0.343131,0.1729690000,1.3723870000,1.499132
0.455746,1.162786,0.352982,0.8276380000,2.1471770000,2.389124
0.478835,1.105330,0.393632,0.4919070000,2.9276060000,1.730816
0.490930,1.079327,0.349181,0.9463600000,0.7873810000,1.584784
0.482606,1.038907,0.352273,1.0211540000,1.8883270000,2.246416
0.463210,1.040282,0.359156,0.6092180000,2.1089560000,2.746295
0.435080,0.992644,0.301064,1.2419800000,1.5192860000,2.564310
0.434157,0.971302,0.262410,1.2032440000,2.2742110000,3.444211
0.403184,0.896104,0.265065,0.6736520000,1.9231140000,2.410066
0.400572,0.877306,0.177388,1.5048600000,1.1300810000,1.642262
0.363303,0.833354,0.191457,1.8821040000,2.8631490000,2.344159
0.327770,0.788434,0.143933,1.6730230000,1.6232410000,1.569694
0.310045,0.747790,0.088404,2.6585940000,0.7090360000,2.659556
0.260802,0.708414,0.091240,2.9807850000,2.3450290000,2.480388
0.205555,0.648342,0.066442,3.7520110000,1.4812260000,1.547699
0.181840,0.616972,-0.000399,4.5638690000,1.1456490000,1.580964
0.136677,0.576441,0.006357,4.6760460000,0.8205010000,1.538860
0.099247,0.539717,-0.023179,5.6679830000,0.5010310000,0.427121
0.045766,0.498194,-0.056578,6.0091690000,-0.1061810000,0.794222
0.003508,0.493132,-0.061646,5.9050370000,0.0286190000,1.003631
-0.046411,0.457610,-0.098855,5.8584960000,-1.0536500000,0.112603
-0.066450,0.442412,-0.132911,6.5727710000,-1.0341430000,0.376298
-0.107038,0.392013,-0.115044,6.3765460000,-0.6963990000,-0.522329
-0.116695,0.389644,-0.176600,6.9750470000,-2.7727610000,-1.128829
-0.163870,0.354403,-0.169625,7.0091020000,-2.2436130000,-1.554640
-0.177075,0.355086,-0.167170,6.5892940000,-1.9262700000,-2.211834
-0.214751,0.345728,-0.185131,7.2645050000,-2.1524360000,-2.485852
-0.210553,0.353064,-0.204192,6.7980440000,-3.0810770000,-2.123169
-0.252794,0.335027,-0.173091,5.9672920000,-2.2192770000,-4.033434
-0.247739,0.354177,-0.191555,6.6761680000,-3.5658340000,-3.259077
-0.268018,0.386401,-0.157017,6.7002240000,-0.9761160000,-3.252972
-0.283124,0.393048,-0.149444,6.2447830000,-2.4971780000,-3.603058
-0.277324,0.440466,-0.174939,6.8992060000,-3.5014130000,-3.471499
-0.298640,0.465333,-0.098760,6.8257280000,-0.7505690000,-3.334703
-0.277278,0.490362,-0.108348,6.6600310000,-2.2557510000,-4.373989
-0.261470,0.533736,-0.103677,7.0217520000,-1.9211490000,-3.884549
-0.230405,0.559303,-0.077841,6.1589700000,-1.6981960000,-4.146563
-0.196317,0.620314,-0.069556,6.1568100000,-2.0376070000,-4.735420
-0.168331,0.654047,-0.060589,5.9978980000,-1.6551110000,-4.291207
-0.151226,0.692724,-0.023806,4.5962900000,1.8571210000,-5.110836
-0.121671,0.732012,-0.023478,4.7482700000,-1.2347950000,-5.929230
-0.063785,0.806756,-0.027764,4.7330530000,-1.1506890000,-4.595211
-0.048125,0.834073,0.009344,3.4538740000,-0.8662950000,-5.254256
-0.021251,0.892375,0.012337,3.3040570000,-1.8932740000,-5.370734
0.011941,0.956974,0.019503,3.0965570000,-1.1778870000,-4.687522
0.037665,0.977624,0.075216,2.1403830000,-0.8704800000,-4.702017
0.074323,1.018316,0.084393,2.7735100000,-0.5943150000,-5.067326
0.103928,1.037108,0.122945,2.3841400000,-0.4848070000,-4.738353
0.149865,1.070871,0.140086,1.4725150000,-1.1586780000,-4.694907
0.181387,1.107178,0.174401,2.3718280000,-1.1378020000,-4.214772
0.233466,1.149955,0.227337,2.8062880000,0.3108140000,-3.075480
0.273393,1.169761,0.239022,1.9749510000,0.1500920000,-3.248294
0.332356,1.186354,0.222837,2.3856500000,-0.6983820000,-2.773413
0.378083,1.216894,0.245193,1.7055360000,0.3045210000,-1.866061
0.426148,1.228878,0.243056,1.2550280000,0.1471350000,-1.893476
0.466548,1.262418,0.219292,1.2058930000,0.3580450000,-1.339407
0.458743,1.270837,0.269920,0.3605300000,3.1138450000,-1.326595
0.507855,1.288947,0.223733,-0.0438130000,0.6912840000,-0.551004
0.545576,1.283990,0.224041,-0.3284630000,2.3189900000,-0.098286
0.565366,1.259775,0.248407,-1.2057310000,4.4296960000,0.457399
0.576477,1.247115,0.231837,-1.1305830000,2.7995160000,0.263062
0.560167,1.216309,0.240457,-1.3487040000,3.7384600000,1.187105
0.553700,1.192843,0.276137,-1.9482840000,4.1241210000,1.761762
0.527155,1.141201,0.279961,-1.2724360000,3.8382100000,1.862071
0.531167,1.115867,0.275103,-0.9476330000,3.9329450000,3.110668
0.483548,1.035470,0.345127,-1.2113760000,4.2245370000,3.025989
0.469683,0.993747,0.333081,0.0652360000,3.6742160000,4.337908
0.417296,0.935451,0.384303,0.6902350000,3.7395040000,5.476730
0.371604,0.870340,0.397574,0.7846670000,3.7082060000,6.039292
0.325496,0.794769,0.362823,1.2587460000,1.7529030000,6.259524
0.291624,0.715311,0.387651,1.8181190000,2.7758720000,6.711822
0.244951,0.638754,0.369227,2.1048570000,1.7083080000,5.958605
0.211024,0.557087,0.328879,2.1711820000,0.8542830000,6.776603
0.160048,0.498604,0.324664,1.5425880000,0.4093620000,7.369464
0.111107,0.429551,0.269454,1.7515290000,-1.7180550000,7.798370
0.058089,0.362268,0.231794,2.2633520000,0.1855690000,7.823199
-0.007347,0.269483,0.228036,1.9455860000,-0.0927890000,7.089503
-0.040352,0.219009,0.107748,2.8107120000,-1.7470260000,7.719771
-0.115608,0.157014,0.132868,3.3971620000,0.1349140000,7.218897
-0.160637,0.118258,0.107337,3.6060470000,-0.2048090000,7.897636
-0.252663,0.066963,0.039818,4.8644550000,-0.3998610000,7.563040
-0.305648,0.028631,0.019279,5.1248700000,-0.4503480000,8.443873
-0.371989,-0.034389,0.008234,5.7992540000,-0.0595110000,6.896777
-0.414638,-0.071818,-0.042217,7.2361670000,-0.9911890000,7.303337
-0.455360,-0.085319,-0.060618,7.5528930000,-0.4855780000,7.418888
-0.514378,-0.119115,-0.087160,7.4175290000,-1.9615920000,6.816055
-0.543953,-0.099453,-0.147534,9.3974330000,-2.3414750000,6.900787
-0.592563,-0.132875,-0.153446,8.9818760000,-1.2931440000,5.419455
-0.624258,-0.096512,-0.219597,9.0309750000,-2.3669960000,4.820753
-0.644068,-0.063625,-0.254194,9.6359390000,-2.6460360000,5.093156
-0.646588,-0.043350,-0.308518,8.1880160000,-3.3486680000,3.272294
-0.661461,-0.022303,-0.337804,8.4989060000,-3.6028370000,1.452762
-0.610669,0.047824,-0.400574,8.0501470000,-4.5595170000,1.193975
-0.652369,0.065910,-0.374524,7.1383610000,-3.7267860000,-0.289574
-0.613482,0.165630,-0.450723,6.7339520000,-5.3840720000,-0.279114
-0.615898,0.233327,-0.413405,6.6312710000,-3.3695870000,-0.469004
-0.579243,0.291440,-0.399399,5.6651410000,-3.8965240000,-1.603632
-0.558238,0.357059,-0.410543,6.3555490000,-4.1023290000,-2.529060
-0.498321,0.439885,-0.360906,5.7925160000,-4.1655060000,-2.125790
-0.494927,0.484611,-0.310162,5.2448940000,-3.4997780000,-4.015822
-0.418213,0.594461,-0.288820,5.8282160000,-5.2420640000,-2.219876
-0.411185,0.670039,-0.198415,5.5258180000,-0.8327090000,-2.792646
-0.335860,0.729914,-0.165725,5.0591890000,-3.6057060000,-3.048447
-0.256609,0.826651,-0.155179,5.3172090000,-4.0615970000,-2.363757
-0.184720,0.907783,-0.068890,4.6913170000,-2.4628000000,-1.624072
-0.117620,0.989129,-0.032025,4.4706880000,-1.7601750000,-2.545066
-0.029474,1.052841,-0.012787,3.8367110000,-1.8359470000,-1.476744
0.065149,1.128567,0.045148,2.2219550000,-0.7633840000,-1.416774
0.137057,1.140722,0.050128,1.6379010000,-0.2454840000,-2.164365
0.237835,1.232699,0.099210,0.5982480000,0.4469140000,-1.464024
0.312559,1.275265,0.141600,-1.3147270000,2.2381730000,-1.289444
0.402702,1.325254,0.143786,-1.0784210000,1.3407180000,-1.978267
0.465472,1.372688,0.200542,-1.9862880000,3.3948090000,-0.102491
0.528504,1.388516,0.230603,-2.4841250000,2.7675050000,-0.979200
0.565274,1.394822,0.257952,-2.2154440000,3.4331250000,-0.794214
0.609787,1.438363,0.302912,-2.8779520000,3.8708970000,0.972315
0.607585,1.431037,0.375598,-2.6148250000,4.1546830000,0.519798
0.642149,1.435990,0.379140,-1.5409070000,3.9152720000,1.147995
0.638903,1.423805,0.452272,-1.5035030000,4.5619090000,1.238200
0.663242,1.425640,0.477534,-0.9044850000,3.7849820000,1.903006
0.657084,1.414510,0.465537,-0.0756500000,1.9416870000,2.705270
0.648038,1.392110,0.508392,0.1698500000,3.2534800000,2.280654
0.626978,1.368198,0.452781,0.3588300000,2.3518070000,1.838477
0.646797,1.344026,0.431134,0.5656470000,2.9660530000,2.828497
0.626137,1.306501,0.425885,0.4199560000,2.7023690000,2.071062
0.632312,1.269521,0.366949,0.8486190000,1.7322470000,2.556059
0.610887,1.247470,0.321320,0.4443050000,2.2159050000,2.393011
0.599031,1.192387,0.271203,-0.3655940000,1.3897150000,1.640106
0.587510,1.143531,0.183503,0.0274520000,0.8162140000,0.549214
0.532909,1.087694,0.191663,0.1245660000,2.1143790000,0.631453
0.482088,1.015001,0.126500,-0.4982110000,1.0502980000,-0.862588
0.427212,1.000194,0.096722,1.3848870000,1.0737700000,0.319874
0.373859,0.938218,0.080530,0.9808190000,1.3727090000,0.090116
0.313075,0.903283,0.052928,2.5744360000,1.4206390000,0.097305
0.262259,0.829733,0.009255,3.8617360000,0.8198310000,-0.375796
0.205342,0.783418,0.017258,3.6285750000,1.1449700000,-0.179736
0.114146,0.733128,-0.013752,4.5383420000,0.8389940000,-0.255902
0.037819,0.695534,-0.021958,5.8994670000,0.9867140000,-0.278896
-0.038500,0.632728,-0.028913,5.4324450000,-0.1689740000,-0.600851
-0.085446,0.576835,-0.081445,6.2502220000,-0.3802810000,-1.657812
-0.119856,0.524618,-0.069438,6.9986050000,-0.2479890000,-1.753275
-0.160627,0.488192,-0.110265,6.3167860000,-0.7128540000,-2.155269
-0.223410,0.435706,-0.125696,7.1408200000,-1.6044630000,-2.827473
-0.245980,0.409328,-0.155537,6.1398430000,-2.3130760000,-2.303511
-0.294465,0.358667,-0.149513,5.8040270000,-2.4438380000,-3.776121
-0.290388,0.325262,-0.202827,6.2475300000,-3.2032460000,-4.010720
-0.317928,0.273124,-0.172609,5.4701470000,-2.9393880000,-5.308599
-0.324043,0.236531,-0.203372,5.5667630000,-4.1535190000,-6.489755
-0.350217,0.235937,-0.174778,6.0898030000,-3.5455880000,-5.583116
-0.379126,0.219210,-0.151919,5.8618860000,-1.8330550000,-4.895990
-0.411612,0.218228,-0.171338,6.2695000000,-3.9185720000,-4.786928
-0.402437,0.222889,-0.156446,6.7756090000,-4.0042700000,-4.174445
-0.420064,0.221665,-0.113846,6.4609250000,-2.6272540000,-4.735177
-0.405917,0.212408,-0.114838,7.4096610000,-3.2131330000,-5.871843
-0.419375,0.254483,-0.093013,7.3329310000,-2.0247000000,-3.961294
-0.408188,0.258602,-0.070535,6.1406210000,-1.5903320000,-3.511603
-0.386738,0.271926,-0.083021,6.6755570000,-2.3847080000,-4.598582
-0.373614,0.307202,-0.051936,6.8032500000,-1.0860180000,-2.892784
-0.322802,0.333120,-0.071969,5.9996040000,-1.6323700000,-3.190813
-0.273848,0.337029,-0.075281,6.5692650000,-1.4742350000,-3.148285
-0.197617,0.394666,-0.062233,5.1201510000,-1.1039170000,-1.835355
-0.164234,0.395995,-0.046117,4.8934030000,-1.3457050000,-2.152468
-0.083837,0.440512,-0.062030,4.9495230000,-1.2794230000,-1.407501
-0.037276,0.439927,0.005342,3.9507750000,-0.6634630000,-2.421587
0.028570,0.494879,-0.025769,4.0151240000,-2.2395190000,-1.135311
0.054727,0.537613,0.018131,4.2203290000,-0.6210310000,0.088169
0.098794,0.587929,0.012363,3.2944090000,-0.9971690000,0.615351
0.131293,0.625474,0.041623,4.2999220000,-0.5330590000,-0.207241
0.188149,0.690699,0.064088,3.6265720000,-0.2370190000,1.424265
0.223760,0.729136,0.100254,3.7217660000,0.3839590000,1.269406
0.266471,0.787035,0.096272,3.5127110000,0.4592220000,2.134785
0.291532,0.831801,0.135051,2.3412940000,0.3294120000,2.280797
0.322873,0.878491,0.132320,2.4055910000,0.4597900000,2.331504
0.392641,0.929641,0.138278,2.4859280000,1.8675260000,3.082680
0.431269,0.952693,0.172389,1.4031770000,3.3967060000,2.882186
0.450763,0.998661,0.151962,1.4173110000,2.0541690000,2.965152
0.485521,1.027044,0.161452,0.2231930000,2.5340940000,4.202756
0.507953,1.054095,0.188263,-0.4495690000,2.5938480000,3.452358
0.536651,1.065596,0.190876,-0.0800480000,2.8248760000,4.136999
0.553326,1.066876,0.238005,-1.0467850000,3.1049860000,3.524733
0.534748,1.070464,0.254246,-1.1252910000,2.9053810000,3.814335
0.555686,1.097318,0.254466,-0.3378410000,2.7515430000,5.014588
0.505518,1.077840,0.329073,-0.5064660000,3.5947090000,5.119383
0.494361,1.067224,0.311672,-0.0905620000,2.9641360000,4.373386
0.478421,1.056241,0.383154,0.0985560000,3.6567870000,5.259779
0.465462,1.030399,0.387526,0.1826940000,3.2491040000,4.941419
0.421789,1.023729,0.388482,0.8645620000,2.8266710000,5.545745
0.398280,0.984894,0.403010,0.3135060000,2.2353460000,6.050486
0.348243,0.955677,0.386660,0.5751490000,2.1473380000,4.803763
0.324977,0.914325,0.383558,1.0573590000,1.7551490000,5.184865
0.280300,0.887091,0.382862,0.6687280000,2.7039570000,5.275676
0.233981,0.839233,0.331531,0.7049330000,1.1259090000,4.623019
0.170358,0.818708,0.300749,0.8783580000,1.2701980000,5.442420
0.121079,0.760405,0.285019,0.1810960000,0.9965020000,5.276690
0.083931,0.721744,0.237164,1.0701080000,0.4235980000,4.816263
0.041946,0.652738,0.217496,1.2377850000,-0.1107530000,4.570583
-0.011187,0.615190,0.197578,1.4578130000,-0.0933040000,4.077803
-0.057381,0.566370,0.158704,2.5068670000,-2.0708050000,4.912780
-0.109289,0.518909,0.136919,3.1396680000,-0.6729070000,4.980609
-0.177764,0.458434,0.154824,3.3386500000,-0.1367630000,3.817959
-0.191554,0.437580,0.056256,4.9351980000,-2.9075580000,4.586349
-0.244651,0.400807,0.076187,5.4057750000,-0.8220740000,4.754147
-0.308750,0.366676,0.025910,5.9081190000,-1.7165550000,3.587459
-0.359319,0.371984,-0.022706,7.0707100000,-1.8056040000,4.204928
-0.401056,0.346355,-0.051178,6.4202810000,-1.8682200000,3.912725
-0.440537,0.321244,-0.108476,6.8838440000,-2.1182730000,2.021131
-0.462335,0.315950,-0.155796,7.3972990000,-2.1732830000,1.902428
-0.518875,0.329086,-0.170390,6.5706830000,-0.4182000000,0.791568
-0.541409,0.359320,-0.251147,7.0577910000,-2.5082990000,1.044249
-0.557073,0.387057,-0.266920,7.1641710000,-1.7814720000,0.660312
-0.558747,0.362055,-0.287225,6.1980150000,-2.2208720000,-1.010994
-0.533230,0.384976,-0.330126,6.7935380000,-3.7898410000,-1.890101
-0.521370,0.406430,-0.327162,6.5235770000,-3.0441470000,-1.802036
-0.527741,0.434252,-0.319547,6.1276400000,-3.4185940000,-2.991041
-0.515646,0.480173,-0.346144,6.6892190000,-4.7250700000,-2.180706
-0.474123,0.516717,-0.313911,5.9419160000,-4.6459200000,-2.806638
-0.435899,0.535272,-0.300397,6.1227490000,-4.5265840000,-3.925096
-0.382063,0.600147,-0.273196,6.5895840000,-4.9292380000,-3.575493
-0.376080,0.645769,-0.241543,5.4220990000,-4.2771710000,-4.308216
-0.342566,0.708595,-0.236078,5.8903000000,-3.8216180000,-4.201035
-0.306492,0.753171,-0.168913,5.6105570000,-2.1139430000,-4.002861
-0.234131,0.808887,-0.170472,4.6784990000,-2.5042050000,-3.895985
-0.172831,0.850078,-0.141718,4.9234570000,-2.3451680000,-4.162391
-0.108023,0.905771,-0.087538,3.6652430000,-1.4709070000,-3.745164
-0.059377,0.945551,-0.067081,3.4033440000,-1.4387850000,-4.125651
0.021798,0.985869,-0.004196,2.8849120000,1.8554470000,-3.833838
0.101239,1.016258,0.020241,1.4308020000,-0.3048960000,-4.214318
0.175800,1.053553,0.017724,1.5070860000,-1.3353190000,-2.728365
0.225746,1.088455,0.105795,0.8443130000,1.9316360000,-2.070718
0.281202,1.117675,0.128043,0.8052420000,1.0964950000,-2.173172
0.340509,1.138201,0.170754,0.6738650000,1.7108880000,-2.012299
0.406595,1.124592,0.219781,-0.1673610000,1.3106940000,-1.923961
0.448308,1.154462,0.261674,0.6582050000,1.8102580000,-1.764930
0.483138,1.161375,0.280404,0.4288380000,2.3663550000,0.280095
0.499392,1.178345,0.340709,-0.2722550000,2.3826560000,-0.139722
0.547956,1.170880,0.342071,0.6054100000,2.0049390000,0.010056
0.599766,1.173595,0.367477,1.0065860000,3.3036260000,1.217847
0.632128,1.127963,0.392601,0.8399040000,2.6916350000,0.248058
0.646068,1.138516,0.361257,1.1444680000,1.7598390000,0.988672
0.661056,1.149223,0.369778,0.3394240000,2.3285940000,2.260380
0.656940,1.135597,0.364969,0.2336310000,2.5408360000,2.030045
0.676306,1.083781,0.331554,0.6678940000,2.6966930000,1.770924
0.689672,1.061043,0.326532,0.2071390000,4.6887160000,1.273783
0.672328,1.012998,0.282373,-0.1106280000,2.4790870000,0.694863
0.656027,1.019504,0.251738,0.3410790000,2.0189390000,2.037220
0.601161,0.979051,0.262226,0.2396480000,4.2662990000,2.147391
0.584204,0.945495,0.196771,0.5626860000,2.5768680000,1.698091
0.551216,0.894926,0.198872,2.0955380000,3.3641080000,2.019672
0.532614,0.848069,0.203451,1.9356540000,3.2664950000,2.142981
0.484894,0.809924,0.161478,2.8285690000,2.4129070000,1.774150
0.447103,0.766776,0.145342,3.3324690000,2.5211020000,2.402934
0.400348,0.712622,0.141609,3.3555970000,1.7941310000,1.373558
0.363720,0.656053,0.100566,4.5144090000,1.6370630000,1.436683
0.326132,0.635091,0.084236,4.6953670000,2.2261620000,1.551109
0.256413,0.596303,0.060871,5.0359230000,0.9747920000,1.236263
0.208598,0.572141,0.011956,5.4290050000,0.8031200000,1.154944
0.154284,0.530391,0.016729,4.8802210000,1.3276600000,0.227142
0.127883,0.493116,-0.026310,5.5568890000,0.1935390000,-0.572052
0.062881,0.457062,-0.028926,5.0952100000,0.6464950000,-0.713198
0.002399,0.434465,-0.075553,4.4191530000,-0.3810590000,-1.440022
-0.068797,0.428088,-0.111023,5.0268770000,-0.6779260000,-1.555266
-0.126299,0.389657,-0.096896,4.5531880000,-0.7319710000,-1.764828
-0.176323,0.370024,-0.103907,5.1278050000,-0.6911240000,-3.486395
-0.224303,0.332509,-0.105824,5.6581130000,-1.2884400000,-3.565663
-0.282159,0.326742,-0.102578,5.0556670000,-1.7523920000,-4.469017
-0.359612,0.329165,-0.085394,6.1086800000,-2.3441730000,-4.167464
-0.407788,0.340259,-0.065197,6.5954650000,-1.6198440000,-4.107350
-0.456512,0.308325,-0.035222,6.0232900000,-2.9741880000,-4.970221
-0.466238,0.307337,-0.048024,7.0212270000,-3.9909070000,-5.431184
-0.482069,0.320745,-0.043717,7.1699840000,-2.9679250000,-5.066240
-0.502988,0.317138,-0.048762,6.6284050000,-4.1516280000,-5.220485
-0.518580,0.343923,-0.067941,7.0993520000,-4.7375700000,-5.818527
-0.510771,0.347960,-0.052363,6.1475080000,-4.3710130000,-5.004416
-0.490059,0.373747,-0.076000,5.3787440000,-4.4203380000,-5.619187
-0.477724,0.386394,-0.071644,6.2455150000,-4.2450460000,-5.074693
-0.437438,0.418004,-0.054575,4.9816740000,-3.9686980000,-5.077181
-0.405743,0.436336,-0.068854,5.2646830000,-3.7958280000,-4.868782
-0.344420,0.473805,-0.058015,5.5356150000,-2.5210930000,-3.584836
-0.311947,0.493946,-0.040074,4.5014540000,-2.3866970000,-3.449232
-0.271806,0.514977,-0.061426,4.5178000000,-3.0715850000,-2.314598
-0.219842,0.572823,-0.032156,4.1227420000,-2.2072230000,-0.751031
-0.192424,0.596191,-0.002220,3.7748400000,-1.8301500000,-0.427625
-0.143624,0.640163,-0.012202,4.3526410000,-0.9105060000,0.233520
-0.098024,0.658866,0.062611,3.9512910000,-0.3051590000,0.769241
-0.037555,0.697960,0.042283,3.7487940000,-1.0898680000,1.147237
0.011714,0.734513,0.065165,4.1809330000,-0.5620430000,3.145372
0.069334,0.778301,0.111936,3.7651470000,0.6958240000,3.708334
0.121469,0.809225,0.120579,3.9740310000,0.8207140000,3.727740
0.202801,0.849333,0.132901,3.4051060000,1.0590220000,4.836643
0.255107,0.888732,0.150291,2.1330960000,1.4942740000,5.059685
0.311585,0.913193,0.121902,2.2141660000,0.5392060000,4.902959
0.359745,0.963591,0.147698,1.3339170000,1.9458160000,5.363327
0.400099,0.989519,0.167623,0.1246900000,1.8047860000,5.610203
0.431305,1.022800,0.158632,0.0478720000,1.5179070000,5.527282
0.452697,1.039058,0.192776,-0.4030270000,3.4961280000,6.154142
0.475460,1.071409,0.196459,-1.5284040000,2.6901180000,5.508998
0.467126,1.084841,0.223923,-0.3024600000,3.0077600000,5.524307
0.486420,1.112778,0.262433,-1.1312980000,3.2140740000,6.160995
0.479009,1.103715,0.287793,-1.1244180000,3.1500310000,5.898653
0.498490,1.097452,0.306552,-0.6554660000,2.4387000000,6.301677
0.478995,1.085813,0.356212,-1.3569000000,2.2306590000,5.437024
0.451436,1.066935,0.371065,-0.8727870000,2.0966310000,5.770401
0.423663,1.071268,0.389863,-0.2434840000,3.4011930000,6.277974
0.388958,1.040203,0.434084,-0.2998140000,2.5967720000,6.507062
0.381025,1.018418,0.395161,0.8901810000,1.5797190000,6.623737
0.359013,0.993757,0.414544,0.3772250000,1.8179650000,6.042804
0.334814,0.955746,0.393615,0.5499860000,1.3947830000,5.237291
0.283658,0.926309,0.372942,0.9264450000,1.5681190000,5.060029
0.249386,0.905968,0.365961,0.1728860000,1.0332680000,5.275196
0.200129,0.867215,0.315270,-0.1890060000,0.1208290000,4.689944
0.168277,0.820250,0.280988,0.5131930000,1.1345120000,4.583790
0.149363,0.766208,0.258110,0.1543010000,0.6487440000,3.897505
0.101134,0.709603,0.203746,1.5363850000,-0.0898050000,3.391977
0.067811,0.679887,0.159134,0.8930430000,-0.2087700000,3.762837
-0.010249,0.621531,0.165634,1.3823660000,0.0671120000,2.964863
-0.031555,0.596116,0.115681,2.7391620000,-1.4563890000,3.350402
-0.076478,0.530365,0.114024,2.9475540000,0.4504060000,3.499333
-0.101989,0.463272,0.063711,4.0288180000,-2.5421930000,2.306850
-0.155234,0.439307,0.040957,5.0308120000,-0.9136870000,2.537562
-0.204142,0.391429,0.029691,4.9992520000,-1.1138070000,2.467499
-0.243571,0.377948,-0.029957,6.2279240000,-1.8690670000,2.551769
-0.292781,0.335398,-0.066264,6.4166510000,-1.0984880000,3.024210
-0.307972,0.313159,-0.096029,6.2483340000,-2.2690840000,1.716651
-0.337471,0.280486,-0.155405,7.2106110000,-2.1370150000,1.465869
-0.375095,0.272726,-0.182364,7.0836760000,-2.0519220000,1.255615
-0.387220,0.251171,-0.213980,6.6093960000,-2.4710000000,0.093471
-0.373578,0.252713,-0.263768,7.5397480000,-3.1966360000,-0.198961
-0.383833,0.237407,-0.263683,6.9380210000,-2.3153730000,0.033068
-0.371546,0.243122,-0.294508,6.0622300000,-5.2031440000,-0.545153
-0.401469,0.258776,-0.324638,7.2490810000,-2.8734240000,-0.921009
-0.368513,0.266716,-0.336507,6.3218550000,-3.3726760000,-1.242846
-0.350309,0.251709,-0.313872,7.0955750000,-2.6251800000,-2.576638
-0.311038,0.282833,-0.336678,7.4089490000,-3.2139770000,-2.170331
-0.317692,0.329463,-0.295296,6.4853070000,-2.9508890000,-2.435842
-0.303771,0.382649,-0.280161,7.0967560000,-3.0811070000,-1.794890
-0.282202,0.438381,-0.271410,7.2661330000,-2.5368160000,-1.512263
-0.256277,0.452217,-0.225111,6.2809100000,-1.3130120000,-2.422372
-0.189982,0.508343,-0.232178,7.1351840000,-2.8022470000,-3.066275
-0.149890,0.546666,-0.192438,6.5315300000,-1.7812710000,-3.012856
-0.127162,0.621289,-0.154631,5.5390330000,-2.0974750000,-2.959196
-0.096071,0.692606,-0.166539,5.9220830000,-2.4074850000,-2.423768
-0.031666,0.747472,-0.141675,4.7440100000,-1.5906570000,-2.473241
0.018624,0.771303,-0.087167,4.8006450000,-0.7041590000,-4.150583
0.112377,0.824465,-0.088102,4.4864920000,-0.9436880000,-3.857136
0.158922,0.880621,-0.039968,3.1363670000,-0.1731230000,-4.025729
0.214470,0.946201,-0.016752,2.2010100000,-1.9439980000,-3.869197
0.256548,1.015687,-0.000615,2.2520710000,-0.8294990000,-2.938691
0.309162,1.041500,0.059791,1.4106840000,1.6181730000,-3.197403
0.364573,1.073848,0.089143,1.2088960000,0.0051140000,-4.296445
0.418786,1.119848,0.092179,1.8382450000,0.3689520000,-3.425699
0.451036,1.163610,0.173114,0.7941010000,1.2946820000,-3.733931
0.476392,1.199280,0.174719,1.0325270000,0.6695740000,-2.972655
0.514255,1.248513,0.207288,1.3528970000,0.8741980000,-2.525039
0.537140,1.259789,0.253905,0.8761190000,1.6216290000,-2.492214
0.579710,1.300094,0.246989,1.5122360000,1.3209280000,-2.784190
0.595473,1.314271,0.285843,1.9456950000,2.1300920000,-2.632453
0.630989,1.329403,0.308344,0.3063410000,1.3407020000,-3.116366
0.647158,1.349521,0.281146,0.6413070000,1.6386680000,-2.720852
0.667434,1.358757,0.306230,0.5688140000,2.5250090000,-2.198501
0.623639,1.354628,0.328649,0.0083940000,7.9380870000,-2.698808
0.656716,1.360812,0.258422,0.0120140000,2.1099380000,-2.101939
0.661768,1.349081,0.282751,-0.4307210000,3.3475520000,-2.504329
0.669833,1.310653,0.282639,-0.6394870000,2.6608290000,-3.211205
0.660672,1.279001,0.245262,-0.0950160000,2.6857370000,-2.915982
0.644985,1.246721,0.251066,-0.4817730000,2.8146670000,-2.629185
0.610155,1.224837,0.261146,-0.5835970000,2.1958330000,-1.754950
0.573274,1.172935,0.252973,0.3565130000,2.3126810000,-0.637772
0.550851,1.111980,0.277207,-0.1566410000,1.5975330000,-1.304759
0.542786,1.042898,0.247333,0.6861190000,0.1524260000,-1.280744
0.500660,0.978523,0.290671,1.6780970000,2.4946030000,-1.040200
0.449742,0.898966,0.282672,1.0960750000,1.6751330000,-0.878030
0.391144,0.877293,0.250915,2.3760980000,0.8338010000,0.289523
0.328660,0.795278,0.257141,2.3496740000,1.3515760000,1.007580
0.280106,0.739250,0.231213,2.1163220000,0.8006480000,0.491807
0.234618,0.661925,0.204639,3.8575970000,0.8535220000,0.450560
0.212714,0.589383,0.198944,3.1025930000,0.1436620000,0.540060
0.151064,0.515532,0.181790,3.0566550000,0.5672670000,0.052375
0.095948,0.471593,0.140723,4.1652560000,0.5034200000,1.397496
0.021768,0.405294,0.136308,3.5420030000,0.2196370000,1.559940
-0.011496,0.348718,0.070870,4.7322380000,-1.5571530000,1.577528
-0.055983,0.291906,0.072980,4.8389570000,0.2118510000,0.963450
-0.099961,0.219613,0.065703,4.9257250000,-0.6244880000,1.039465
-0.170093,0.190203,0.014244,6.4326270000,-0.8103100000,0.638734
-0.244043,0.153643,0.005093,6.2527880000,-1.5325120000,1.442157
-0.314235,0.119745,-0.018084,5.9306660000,-1.3614900000,0.916946
-0.354356,0.093334,-0.051181,7.4295390000,-3.6374540000,1.398394
-0.395104,0.072632,-0.041265,7.0208360000,-2.3517170000,0.737199
-0.441928,0.029140,-0.062269,7.0435970000,-3.0302980000,-0.453877
-0.466507,0.047840,-0.095498,7.4695980000,-2.9646560000,0.081889
-0.500510,0.043487,-0.079158,7.1720480000,-3.6472290000,-0.004311
-0.513246,0.061485,-0.149825,8.4223390000,-4.0652940000,-0.202046
-0.522302,0.058390,-0.133754,7.8619610000,-3.6284270000,-0.028569
-0.500576,0.066645,-0.145709,6.7577230000,-3.5138640000,-0.841747
-0.486432,0.073653,-0.164836,6.8550140000,-4.9298020000,-1.058139
-0.448382,0.127039,-0.180962,6.9008370000,-4.0111500000,-0.710105
-0.445096,0.156495,-0.178258,6.4351970000,-3.5802210000,-0.824804
-0.424564,0.211420,-0.233593,7.5568790000,-3.5748180000,-0.881932
-0.390122,0.250961,-0.174483,5.4271080000,-3.5925340000,-0.270712
-0.353309,0.306943,-0.193416,6.1512830000,-2.9103220000,-0.979191
-0.323281,0.354052,-0.154059,5.4431590000,-2.3601850000,-0.341571
-0.287821,0.440886,-0.134014,4.7842520000,-2.0654620000,-0.054627
-0.262593,0.479274,-0.109136,5.0577880000,-1.6189710000,0.062923
-0.205216,0.566705,-0.066743,5.1763100000,0.5239850000,1.010402
-0.153169,0.590969,-0.041531,4.6473510000,-1.1515090000,0.728178
-0.096147,0.665559,-0.037881,4.9307180000,-0.9723700000,0.945386
-0.051312,0.712636,0.029061,3.5564300000,0.6605440000,1.906740
0.002326,0.779374,0.046255,3.4920220000,-0.0071270000,1.427776
0.052131,0.818219,0.105309,2.2983990000,0.4182940000,1.810525
0.123160,0.883349,0.134811,1.8607620000,0.3103770000,2.063197
0.168759,0.918021,0.139784,1.5787840000,0.4149850000,1.999475
0.237372,0.989394,0.133157,2.5934640000,0.3754190000,2.973742
0.258928,1.001615,0.225673,-0.1017060000,1.7404760000,2.553607
0.303313,1.053842,0.261231,-1.1837450000,0.9023120000,2.305651
0.339643,1.073563,0.270931,-1.0202170000,1.9896170000,2.860754
0.385873,1.103804,0.292884,-1.3316710000,1.7107770000,2.459466
0.400962,1.110267,0.302692,-0.7637540000,1.2525020000,2.632293
0.432441,1.160364,0.354489,-1.6339510000,1.1845360000,3.810393
0.425633,1.159264,0.390356,-1.8466130000,1.0175060000,3.623261
0.467369,1.179303,0.356616,-0.0305590000,0.6100080000,4.103485
0.455861,1.145392,0.442681,-0.9609530000,3.9239180000,3.853462
0.468479,1.153283,0.394134,-0.8228410000,1.3081660000,3.937719
0.447658,1.156530,0.443544,-0.9648690000,2.1806870000,4.998409
0.447113,1.164099,0.414242,-1.0474060000,2.3045630000,4.898725
0.422620,1.136208,0.413609,-0.0880740000,2.4890000000,4.477401
0.435792,1.123357,0.394065,-0.6630620000,3.1258880000,4.828521
0.401543,1.085875,0.373635,-0.4212640000,2.3641950000,4.577641
0.394325,1.073425,0.330143,-0.6170810000,2.0779700000,5.011084
0.343470,1.029539,0.315319,-0.4377060000,2.0790790000,4.986971
0.331946,0.992578,0.266125,-0.6794670000,1.3356300000,4.652343
0.310413,0.936422,0.230091,0.9081030000,2.2615860000,4.735580
0.297477,0.871177,0.228886,0.4847480000,1.6813890000,4.180304
0.236433,0.830196,0.178044,1.8858530000,1.2131030000,4.031780
0.205972,0.793725,0.144705,2.0090690000,0.6164020000,5.187652
0.163580,0.754687,0.141675,1.6928130000,-0.3718680000,4.406307
0.130433,0.677468,0.070955,4.1417440000,-0.2373730000,3.848759
0.083035,0.623658,0.098202,3.5384160000,1.4803990000,3.637889
0.026029,0.577058,0.047699,3.6255480000,-1.1261460000,3.283536
-0.036360,0.581105,-0.010046,4.3906750000,-1.0271540000,3.626564
-0.095907,0.544821,0.004075,5.4488770000,-0.6883670000,3.288919
-0.129335,0.502057,-0.060123,5.7323350000,-1.2244850000,2.190303
-0.172834,0.462218,-0.082407,5.8730730000,-1.4453570000,1.692820
-0.195962,0.443751,-0.105483,5.4959040000,-1.3183100000,0.966360
-0.240246,0.433169,-0.163585,5.9969160000,-1.8876490000,0.083397
-0.263922,0.421257,-0.180165,6.1672390000,-1.5474930000,0.310079
-0.292916,0.383394,-0.194420,5.4479020000,-1.9500080000,-0.817482
-0.303561,0.363305,-0.262393,6.1575690000,-3.3296200000,-1.538158
-0.307641,0.364933,-0.260384,6.1972860000,-2.2920650000,-1.265390
-0.329377,0.341198,-0.265928,5.7518230000,-2.9558920000,-2.461734
-0.339589,0.352316,-0.269414,6.0275480000,-2.8566210000,-2.412527
-0.358502,0.332139,-0.222613,6.2971740000,2.7616000000,-3.116131
-0.339398,0.342734,-0.264294,6.7744600000,-3.3328800000,-3.766353
-0.320997,0.353839,-0.263066,7.1155880000,-3.0503280000,-2.799628
-0.330148,0.391672,-0.222324,6.3377090000,-3.9199340000,-2.779597
-0.334471,0.408626,-0.231758,6.9332220000,-2.6731160000,-2.963436
-0.288852,0.427973,-0.240949,6.5694560000,-3.3620250000,-3.071898
-0.258499,0.427707,-0.166864,6.5388760000,-2.2241540000,-3.928614
-0.202957,0.451800,-0.194342,6.8247540000,-2.1365590000,-4.658234
-0.195355,0.500511,-0.145486,6.2189400000,-1.4079790000,-4.081599
-0.167143,0.550293,-0.139088,5.0600760000,-1.8951780000,-3.728054
-0.135776,0.596966,-0.128358,5.3956390000,-0.7728340000,-2.886109
-0.075684,0.619460,-0.091975,4.8389510000,-0.4045450000,-3.545701
-0.016820,0.637977,-0.110764,4.7813970000,-1.2307110000,-4.818739
0.042687,0.688007,-0.078793,4.7661230000,-0.3865240000,-4.116622
0.066810,0.732803,-0.047078,3.6157500000,0.2035040000,-3.624489
0.095206,0.785525,-0.045808,3.8480850000,-0.5380080000,-3.239548
0.143744,0.844055,-0.021528,3.2201250000,-0.0153030000,-2.646776
0.186379,0.852057,0.018991,2.5938120000,0.6077760000,-3.423604
0.256239,0.899764,0.016460,3.3872790000,-0.3803820000,-3.851220
0.310636,0.930993,0.054992,3.3662390000,0.4559990000,-2.902277
0.348653,0.975526,0.053430,2.5214050000,-0.2556600000,-3.109918
0.374243,1.027881,0.087666,3.2734250000,0.4561900000,-2.333142
0.430622,1.072128,0.104748,2.2917850000,1.1275760000,-1.875488
0.455779,1.091810,0.118258,2.2272760000,1.4549370000,-2.355325
0.507736,1.119103,0.117710,2.0471450000,0.9953760000,-2.134081
0.525606,1.129604,0.149156,0.5812250000,1.7619070000,-2.231724
0.580035,1.152351,0.137457,0.4146810000,-0.1141540000,-2.069752
0.582313,1.168773,0.158905,0.6468640000,3.2578690000,-1.835550
0.598561,1.160022,0.179692,-0.4613390000,2.7079030000,-1.453152
0.603649,1.160193,0.173823,-0.2979270000,1.8192190000,-1.294574
0.596750,1.146023,0.200477,-0.1167950000,3.4143460000,-0.453718
0.604496,1.139527,0.243601,-0.4415860000,3.3861790000,-0.246297
0.594462,1.103672,0.243611,0.3280050000,2.9686560000,-0.185509
0.593103,1.096136,0.276790,0.4608120000,3.0059810000,0.388343
0.550077,1.051731,0.310491,0.0344630000,3.0206860000,0.028949
0.540794,1.039392,0.266549,0.6104290000,0.2077290000,1.095584
0.492641,0.999146,0.333921,1.0083490000,3.2314750000,1.744296
0.465954,0.963782,0.306801,1.0446130000,1.8785420000,1.239670
0.439514,0.917939,0.309125,2.2421810000,2.2293170000,1.406392
0.411161,0.876262,0.313655,1.6384880000,2.2261820000,2.064420
0.348325,0.846093,0.275254,2.0586170000,1.9334440000,1.922208
0.299879,0.805696,0.244947,1.9923880000,1.4644260000,2.891574
0.250856,0.761436,0.240345,1.3068600000,0.5401740000,2.289821
0.214257,0.683655,0.193213,1.5442030000,-1.1502100000,1.843817
0.171773,0.638449,0.187826,2.1459730000,0.7613220000,1.855709
0.084164,0.569354,0.195225,1.8070740000,1.1417430000,1.172883
0.036241,0.545254,0.119840,2.6174820000,-0.7376170000,1.830598
-0.037414,0.511501,0.159991,3.3776520000,1.2170650000,2.657251
-0.076931,0.441145,0.137559,4.0099310000,-0.3371140000,2.016030
-0.124192,0.392535,0.085092,4.6485100000,-1.7236610000,1.968776
-0.179780,0.358667,0.086642,4.8317490000,-0.7834330000,2.321802
-0.240259,0.340240,0.067512,5.0010310000,-1.4175840000,2.177739
-0.304299,0.305098,0.050190,6.4437470000,-1.8718470000,2.295913
-0.349022,0.284300,0.035912,6.5430480000,-1.8474950000,2.353188
-0.393723,0.243411,0.024932,6.5715790000,-2.4735080000,0.820787
-0.423031,0.241307,-0.014585,7.6881200000,-2.1116520000,1.400820
-0.462792,0.259584,-0.039519,7.2412060000,-1.4375350000,1.861743
-0.499164,0.247107,-0.090725,6.8536290000,-3.2350010000,1.127051
-0.506520,0.252861,-0.120306,7.5262100000,-3.2339670000,0.542327
-0.507827,0.238458,-0.129760,6.2251140000,-3.1866340000,0.182900
-0.499670,0.265544,-0.165916,6.4357650000,-3.9625200000,-0.000100
-0.518311,0.290678,-0.170097,6.4389560000,-3.0648030000,-0.050299
-0.522709,0.319452,-0.190905,5.2777340000,-2.8279720000,-1.183203
-0.520815,0.346197,-0.193928,6.4074840000,-3.7310160000,-1.024504
-0.481252,0.383299,-0.189877,5.8293710000,-2.4087780000,-0.512812
-0.470167,0.397462,-0.164829,6.2262670000,-2.5690660000,-1.549301
-0.431937,0.460022,-0.167426,6.4507230000,-3.3277100000,-1.020363
-0.424492,0.520570,-0.134421,5.2511500000,-3.0005300000,-0.860896
-0.401893,0.550759,-0.120661,4.9480200000,-3.0892670000,-1.139168
-0.344611,0.616119,-0.102748,5.5606050000,-2.7248540000,-0.491743
-0.304352,0.640097,-0.050459,4.7516770000,-2.5955160000,-1.023200
-0.253336,0.706908,-0.074917,4.6746020000,-2.8378620000,-1.276732
-0.213793,0.763655,-0.015413,4.3943150000,-1.4113340000,-0.337633
-0.150468,0.822538,0.020747,3.6292570000,-1.3087710000,-0.512207
-0.094528,0.867997,0.018003,3.7928710000,-1.5995190000,-0.582113
-0.010997,0.899397,0.039880,2.3959700000,-1.2193510000,-0.267973
0.046902,0.930504,0.087495,1.2419010000,-0.6720700000,-1.336184
0.107325,0.978999,0.095412,1.1089430000,-1.1474550000,-0.320902
0.145460,1.026312,0.160241,0.4992860000,4.5931780000,-0.114926
0.187892,1.053478,0.184212,0.0002570000,0.9054630000,-0.130610
0.249094,1.092132,0.176495,0.2075560000,-0.4254930000,1.056911
0.292011,1.113425,0.256744,-0.1302530000,2.8441040000,0.509512
0.334138,1.115548,0.256600,-0.3076360000,1.3602090000,0.140124
0.360634,1.149312,0.294312,0.1410800000,2.0478900000,1.036003
0.369569,1.149410,0.349178,-0.8573100000,2.6432910000,1.781602
0.401927,1.175801,0.360341,0.2899420000,2.2066810000,2.442186
0.422721,1.155558,0.391153,0.1978360000,2.4756010000,2.735719
0.458884,1.146249,0.393084,-0.4984470000,2.7395260000,2.415022
0.481191,1.123239,0.414734,0.7168520000,1.9682310000,1.780633
0.516491,1.130920,0.406463,0.5230310000,2.3973910000,2.708277
0.484448,1.105658,0.425209,0.0308590000,3.7888360000,3.141020
0.501270,1.102786,0.365889,0.0899750000,1.9358440000,4.082683
0.501536,1.080108,0.359754,-0.1486940000,2.5061250000,4.341717
0.526837,1.027438,0.330021,-0.1532890000,2.2468380000,2.692175
0.522718,0.984917,0.286217,0.6972620000,1.7201220000,2.357482
0.493684,0.951092,0.265686,-0.2967780000,1.8274770000,2.654851
0.463634,0.938215,0.218970,-0.4804170000,1.6726480000,2.365691
0.407813,0.909391,0.234726,0.5917190000,3.2327510000,3.300287
0.380388,0.867101,0.212490,0.4371160000,1.7573710000,3.018184
0.354036,0.811437,0.152678,1.6172340000,0.4410210000,2.412339
0.328292,0.766399,0.155133,2.2607830000,1.9831140000,2.881613
0.266815,0.718206,0.144403,2.5743010000,1.8237090000,1.657043
0.231378,0.682660,0.093141,3.6943120000,1.2385910000,2.698657
0.175298,0.645339,0.094346,3.4584790000,1.2135000000,2.919532
0.137185,0.587985,0.058459,3.7816120000,-0.6875600000,2.296489
0.104299,0.554258,0.020300,4.7688700000,0.5843980000,2.761742
0.056050,0.481640,0.023327,4.4675560000,0.4612800000,1.302075
0.027775,0.458578,-0.057126,5.4771320000,-0.9384530000,0.375360
-0.009674,0.419675,-0.061682,5.3617900000,-0.3466520000,0.932938
-0.055520,0.386548,-0.091375,4.8656730000,-0.2811410000,0.189223
-0.118585,0.353744,-0.123047,5.7565790000,-0.2774820000,0.040065
-0.145347,0.334535,-0.144901,5.0600920000,-0.8829300000,-0.032572
-0.187819,0.297778,-0.160716,4.6966540000,-2.1035970000,-1.508009
-0.204369,0.273032,-0.181609,5.8208430000,-1.2333700000,-1.323181
-0.239914,0.249946,-0.173377,5.5580440000,-1.8735370000,-1.886533
-0.296723,0.213357,-0.183293,5.5437790000,-2.0557590000,-2.203414
-0.330785,0.224987,-0.202686,6.4127190000,-2.2627760000,-1.766752
-0.371067,0.215448,-0.143227,6.5536670000,-2.0626910000,-1.767605
-0.376588,0.210183,-0.165656,7.0073060000,-2.6594190000,-1.840371
-0.394852,0.201136,-0.160286,8.0216160000,-2.4260870000,-2.111608
-0.379769,0.212343,-0.133163,7.6583780000,-2.7423630000,-2.010037
-0.391796,0.232031,-0.150981,7.8223820000,-2.6663710000,-2.396416
-0.379670,0.249057,-0.156531,8.1091750000,-3.0900090000,-1.648631
-0.369826,0.276915,-0.144728,6.9509370000,-3.0548080000,-2.156943
-0.339516,0.296879,-0.167291,7.4056730000,-3.3914550000,-2.956624
-0.287611,0.348935,-0.166799,6.7244460000,-3.5682240000,-2.065616
-0.280987,0.367136,-0.157572,6.3019560000,-2.1723900000,-2.976581
-0.225550,0.446358,-0.208023,5.7069100000,-3.3895640000,-2.605206
-0.202790,0.492115,-0.164448,5.4119430000,-1.7636090000,-2.491477
-0.155447,0.541181,-0.183559,4.8255680000,-1.9419660000,-2.736199
-0.121805,0.600160,-0.169661,5.3787870000,-1.7886670000,-2.344654
-0.067547,0.654589,-0.146753,3.8416310000,-1.5935750000,-2.864582
-0.044642,0.707591,-0.122092,4.5299420000,-0.9621910000,-3.240672
0.019185,0.773778,-0.080966,4.6154860000,1.6347260000,-1.947053
0.040974,0.820040,-0.034198,3.4473740000,0.4849400000,-2.417387
0.100895,0.902899,-0.053656,4.1065540000,-0.9885720000,-1.352072
0.125090,0.952644,0.013496,3.5022140000,0.4441960000,-1.140175
0.173394,1.005810,0.024689,3.3340650000,0.6773340000,-1.411239
0.220517,1.050792,0.054349,3.5556620000,1.1626390000,-1.339935
0.287616,1.086568,0.085509,2.1115340000,0.6325620000,-1.234276
0.310229,1.130214,0.104636,2.1480570000,1.2854160000,-0.852296
0.360257,1.178627,0.152694,1.9025110000,2.8333670000,0.129488
0.394003,1.200770,0.163461,0.5861750000,0.8755510000,-0.206227
0.459652,1.229298,0.147688,0.9343370000,-0.5265230000,-0.419965
0.502186,1.242559,0.211558,0.4652960000,2.6344420000,0.117721
0.542829,1.237159,0.229831,-0.5116790000,1.6369220000,0.296615
0.553172,1.264755,0.224980,-0.2015020000,1.3411190000,0.076583
0.554731,1.285674,0.268666,-0.9495300000,1.9896040000,1.449423
0.559996,1.302411,0.293153,-1.0113050000,1.9885430000,1.628345
0.555847,1.275013,0.304231,-0.5021400000,2.3655350000,1.853734
0.555601,1.256989,0.332303,-1.2662490000,3.4938200000,1.038955
0.557826,1.236752,0.336159,-0.4527590000,2.3486070000,0.944457
0.553960,1.246672,0.324077,-0.0355510000,2.8110340000,2.697538
0.494666,1.223127,0.391403,-0.5458420000,3.4685130000,2.918741
0.469529,1.213309,0.339146,0.3793850000,2.7693960000,3.361322
0.437266,1.178601,0.368255,0.1586870000,3.4963020000,3.619739
0.427389,1.112223,0.346516,-0.0320520000,2.5130310000,2.416296
0.414502,1.077032,0.325226,0.9664880000,2.0789120000,2.843844
0.373649,1.017023,0.332503,0.6211390000,2.1081360000,2.658436
0.318845,0.974919,0.286532,0.2875850000,1.2167760000,2.492299
0.272277,0.923470,0.265105,1.0597190000,1.9097610000,4.360706
0.232777,0.861054,0.264340,0.8900200000,1.1651570000,3.659633
0.198754,0.777001,0.210974,2.0922660000,-0.2070830000,2.908497
0.165969,0.730948,0.196469,2.4214840000,-0.0681080000,3.091470
0.095200,0.643048,0.189438,2.3776540000,-0.2069880000,2.265045
0.055646,0.627456,0.124981,3.3339460000,-1.4032430000,3.159388
-0.034512,0.568274,0.159453,3.7404920000,-0.4191420000,3.447887
-0.078379,0.525612,0.082660,4.6556200000,-2.0235510000,2.522929
-0.134584,0.475506,0.086376,5.5358250000,-0.2637770000,2.931015
-0.168019,0.430566,0.067446,5.4521850000,-1.2435620000,2.235969
-0.231508,0.401772,0.005818,6.5259690000,-2.3121070000,1.245249
-0.281486,0.389575,-0.011575,6.3049990000,-1.7665330000,1.914735
-0.340403,0.370340,-0.032058,6.2972490000,-2.0897480000,0.976614
-0.366649,0.339737,-0.087439,7.1665040000,-1.8359930000,1.249224
-0.379273,0.331666,-0.109028,6.9854650000,-2.2889270000,0.282161
-0.420990,0.294676,-0.132044,6.7151630000,-2.8571070000,-0.747451
-0.431753,0.308311,-0.193990,7.1024770000,-3.0393670000,-0.591661
-0.450814,0.301822,-0.165778,6.8234050000,-2.5594720000,-1.081049
-0.440419,0.301051,-0.236885,6.8095070000,-2.9971980000,-1.354089
-0.433223,0.304628,-0.225771,7.0615620000,-3.1861750000,-1.221570
-0.409153,0.317903,-0.220791,6.1745130000,-3.5252830000,-1.329037
-0.401013,0.326870,-0.235720,6.6462780000,-3.5360200000,-2.441774
-0.374008,0.344198,-0.216482,6.5937650000,-3.2872830000,-2.125761
-0.358489,0.371173,-0.196994,5.6437850000,-3.8359590000,-2.414967
-0.352984,0.397656,-0.213455,6.3239390000,-3.9407510000,-2.674336
-0.326840,0.450746,-0.172691,6.1413240000,-1.9083180000,-2.001626
-0.319763,0.466325,-0.117562,5.6886430000,-1.5694490000,-2.735419
-0.270969,0.513283,-0.130524,6.1335210000,-2.5009260000,-2.382051
-0.239586,0.551550,-0.073761,5.9669010000,-1.9073070000,-2.167252
-0.185810,0.588185,-0.037792,5.0520830000,-2.0092920000,-2.593260
-0.143883,0.642152,-0.018803,5.6484850000,-1.2285880000,-1.923062
-0.103532,0.677727,0.035807,4.6335750000,0.9914170000,-1.172007
-0.053908,0.717576,0.049084,3.5053420000,-1.6419550000,-2.206307
0.011839,0.750213,0.043593,3.8871190000,-2.1992010000,-1.973299
0.065234,0.801281,0.103927,3.2479960000,0.4432570000,-1.734518
0.102943,0.825575,0.130823,3.1011330000,-0.0864730000,-1.892859
0.151343,0.879584,0.112983,2.2633760000,-0.2558890000,-1.422201
0.187689,0.906723,0.174470,1.7861060000,0.4106690000,-1.393604
0.244994,0.944694,0.177903,1.5550780000,0.3622760000,-1.414431
0.279246,0.972175,0.219374,1.6305020000,0.7570710000,-0.862873
0.349418,1.005679,0.223601,0.9163390000,0.4647440000,-1.342397
0.373705,1.030212,0.250531,1.4261570000,0.4563600000,-1.003774
0.420624,1.072132,0.250051,1.0823190000,1.6383600000,0.309332
0.423535,1.085002,0.303207,0.8234490000,2.3244220000,0.069347
0.485029,1.107431,0.254240,1.4451100000,1.1573870000,-0.040690
0.494009,1.113004,0.308410,1.3857600000,5.0425600000,0.056293
0.546909,1.124253,0.283877,0.5302230000,1.6863950000,-0.132371
0.551711,1.138926,0.283493,0.7973930000,1.4727840000,0.524953
0.542560,1.161443,0.285213,0.1280120000,4.7961110000,0.841705
0.538995,1.150677,0.271830,0.0450450000,1.9395500000,0.223760
0.567559,1.161811,0.236446,0.6871620000,1.8187790000,0.939611
0.559054,1.122238,0.264484,-0.1178620000,3.0137110000,0.361331
0.558171,1.105373,0.217575,0.8831670000,2.4514920000,0.194002
0.543709,1.101257,0.228834,0.6742660000,2.8382520000,1.089796
0.520121,1.085304,0.236623,0.2697740000,2.7483880000,1.122565
0.502074,1.061336,0.206549,1.3110650000,2.7060250000,1.370619
0.499635,1.002137,0.207941,1.2500250000,2.4900210000,1.170903
0.470734,0.960880,0.226112,1.1511320000,2.2352870000,0.619463
0.423296,0.921894,0.198560,2.0015880000,1.1360580000,0.940657
0.386004,0.900509,0.201343,1.9217460000,3.3303120000,1.306789
0.329178,0.848860,0.206470,1.6461760000,1.6883680000,0.594970
0.304212,0.814263,0.145282,2.8397230000,0.0465610000,1.382351
0.254726,0.769153,0.161350,2.5214380000,1.3334470000,1.586217
0.201744,0.720789,0.131243,2.9768170000,0.7399820000,0.789845
0.153030,0.683789,0.102230,3.4390270000,0.4373610000,0.330093
0.117419,0.634953,0.093958,2.7067310000,0.0789220000,0.366998
0.073756,0.594353,0.084242,3.3593950000,0.0086520000,-0.622703
0.033204,0.544322,0.058163,3.8542450000,-0.9134410000,-0.187652
-0.021425,0.515755,0.042027,3.2262330000,-0.9015480000,-0.013174
-0.085991,0.482553,0.005510,4.3443460000,-2.2482080000,-0.244738
-0.115746,0.451961,0.005073,4.2808050000,-0.6689980000,-0.153876
-0.163430,0.398700,0.016187,5.0095360000,-0.2449890000,-1.430899
-0.195299,0.379491,-0.029980,5.7753810000,-1.6278240000,-1.497884
-0.251557,0.374623,-0.024154,4.9711110000,-1.7188130000,-0.847003
-0.318026,0.349263,-0.053394,4.7780250000,-2.2926980000,-1.578768
-0.342024,0.356110,-0.082706,5.4221410000,-3.8441620000,-0.752972
-0.373788,0.301392,-0.051756,5.1927380000,-2.5527850000,-1.490214
-0.371100,0.274036,-0.109044,5.8863930000,-3.5139030000,-2.202254
-0.399815,0.262305,-0.090722,6.5290710000,-2.1688190000,-1.944747
-0.398692,0.263266,-0.086983,5.7222880000,-2.8206230000,-1.856485
-0.411625,0.274798,-0.115865,6.4958430000,-3.5130230000,-1.482822
-0.397530,0.269112,-0.121826,6.3069090000,-3.7520110000,-0.721296
-0.381404,0.270767,-0.108877,5.4724320000,-3.2525620000,-1.408508
-0.358880,0.272306,-0.150475,6.1168270000,-4.2480530000,-1.582851
-0.336195,0.309808,-0.126461,5.9914050000,-3.1214420000,-1.304533
-0.350637,0.312175,-0.127055,5.6467090000,-3.0412190000,-1.052442
-0.304368,0.363282,-0.170140,5.6666960000,-3.4262060000,-0.049030
-0.307664,0.370218,-0.103858,5.4391280000,-1.2203290000,-0.473870
-0.259113,0.421437,-0.120132,5.7660290000,-1.8605000000,-0.356565
-0.237741,0.462455,-0.108053,5.5216550000,-1.2999840000,-0.143568
-0.197718,0.492246,-0.078626,4.3512330000,-0.6693290000,0.434155
-0.157207,0.540639,-0.097621,4.4613100000,-1.4725280000,0.180461
-0.104717,0.578492,-0.069458,4.3547850000,-0.2402620000,1.566071
-0.078559,0.614960,-0.052159,3.2298110000,-1.0782190000,1.146696
-0.037814,0.646284,-0.046248,3.9712710000,-0.5710730000,1.898221
0.021486,0.691136,-0.023274,2.9334760000,0.2522880000,1.791817
0.062313,0.707357,0.010046,3.0675960000,0.7579900000,1.782151
0.131323,0.745713,0.019883,2.8966370000,-0.2513990000,2.745547
0.146869,0.778412,0.074894,1.5537980000,0.9171130000,2.652722
0.190840,0.814240,0.056653,1.6068780000,-0.9425690000,3.517589
0.223024,0.855185,0.111503,1.1420430000,1.0725030000,3.982806
0.244085,0.849211,0.122223,0.9750490000,0.7568540000,3.510145
0.300602,0.873505,0.118744,0.9095570000,1.0538790000,3.849067
0.313085,0.881757,0.192802,0.5708890000,1.9754170000,4.292170
0.336695,0.910537,0.187117,0.9668100000,1.1021730000,4.850955
0.343336,0.931623,0.229864,0.7364090000,2.1168180000,4.738791
0.375779,0.934798,0.255405,0.2327710000,1.2883560000,5.307809
0.391538,0.941612,0.253606,0.6626130000,1.7104090000,4.929531
0.399567,0.940020,0.286575,0.8936440000,3.7238500000,5.714034
0.381914,0.962022,0.275861,0.6026030000,2.5758960000,5.247047
0.364140,0.965534,0.268128,0.8103420000,2.5900140000,5.608427
0.365272,0.971856,0.268170,0.1053540000,3.1743370000,5.133441
0.341363,0.948505,0.285492,1.3960080000,2.7995350000,5.003162
0.351046,0.950583,0.260732,1.0468880000,2.6404780000,4.989090
0.315927,0.947222,0.272733,0.6429550000,3.6493030000,4.150072
0.300300,0.950987,0.224379,1.2567380000,2.3614970000,4.604414
0.276069,0.928499,0.240749,1.0452860000,3.3812230000,4.412585
0.255557,0.883152,0.194933,1.6559800000,1.5338500000,3.569061
0.242000,0.871982,0.169664,2.0795130000,1.4780950000,3.209122
0.196115,0.824701,0.172343,1.5465930000,1.6782180000,2.600229
0.152432,0.832123,0.124866,2.5806890000,0.7429200000,3.018037
0.097859,0.796115,0.134677,2.5268800000,0.7805700000,2.663612
0.080229,0.763970,0.108591,2.3482790000,-0.6199410000,1.355548
0.033569,0.746658,0.078212,3.9289830000,0.3166460000,1.276772
0.001723,0.709586,0.075399,3.6980640000,1.1597210000,1.121520
-0.038986,0.708992,0.031546,4.0124980000,-1.5710870000,0.021597
-0.093389,0.699552,0.009206,4.7209310000,-1.0528260000,0.156409
-0.124514,0.680343,-0.005578,3.9761680000,-0.6863810000,-0.504326
-0.165967,0.661745,-0.032012,5.0602660000,-0.9999530000,-1.273231
-0.184172,0.659700,-0.043724,5.4123660000,-1.0595620000,-1.219656
-0.222563,0.633388,-0.065142,4.4316590000,-2.0389290000,-2.869974
-0.240233,0.636828,-0.141803,5.8001770000,-3.8225570000,-2.963186
-0.261102,0.648717,-0.113118,5.2265510000,-1.9985780000,-2.780880
-0.302113,0.628448,-0.139026,5.6549120000,-2.4382050000,-3.603797
-0.286869,0.635981,-0.177926,5.4947690000,-2.9119660000,-3.619697
-0.319989,0.627125,-0.146274,5.0952210000,-2.4915910000,-4.700651
-0.299080,0.633069,-0.177887,5.9604620000,-2.9600830000,-5.219686
-0.284335,0.626107,-0.138931,5.8077260000,-2.4934320000,-4.861296
-0.265868,0.628914,-0.160401,5.7883570000,-2.9817610000,-5.737976
-0.267733,0.647515,-0.159906,6.2506360000,-2.6912840000,-4.530255
-0.249322,0.661407,-0.142991,5.6210710000,-2.7772120000,-4.669142
-0.238723,0.684410,-0.129832,6.0331810000,-2.3482470000,-5.548504
-0.200312,0.690748,-0.145670,5.9699510000,-2.6496860000,-5.561745
-0.178598,0.712232,-0.105289,5.2500960000,-1.6254310000,-5.136535
-0.159842,0.726527,-0.103612,5.4439210000,-1.5459270000,-5.775156
-0.127304,0.763658,-0.100214,5.0608210000,-1.5351770000,-5.545717
-0.120581,0.788247,-0.045765,4.1855680000,-0.6100150000,-5.859722
-0.067550,0.827764,-0.063924,4.5482190000,-1.7851840000,-5.334863
-0.021278,0.853318,-0.038281,4.0336570000,-0.5715880000,-4.709959
-0.003172,0.849077,-0.003202,3.1903560000,-0.4166700000,-5.693581
0.055830,0.901501,-0.041869,3.3537000000,-2.0265180000,-5.223165
0.080793,0.913701,0.036292,3.1673530000,0.1235340000,-4.391654
0.133447,0.937289,0.052462,2.7780360000,-0.2819980000,-3.924004
0.183986,0.961001,0.047558,3.1036180000,-0.6411160000,-3.784914
0.230479,0.964822,0.090065,2.2300100000,-0.0362940000,-3.279182
0.291759,0.981635,0.103924,2.3087290000,-0.2322530000,-3.711429
0.343352,0.973176,0.120772,2.3985300000,-0.4420270000,-2.969820
0.387412,1.005895,0.141511,1.3112130000,0.1184760000,-2.997858
0.415086,0.993878,0.167675,1.6959470000,0.3153760000,-2.676369
0.456025,1.018034,0.183073,2.1701780000,1.6101240000,-1.862189
0.481710,1.007973,0.216557,0.5927200000,1.2864990000,-1.547019
0.513563,1.001861,0.177073,1.2864670000,0.4314660000,-1.766820
0.533297,1.014462,0.201465,0.8754230000,2.0754460000,-0.726999
0.539494,0.995900,0.221589,0.3749890000,2.6267810000,-0.310290
0.536136,1.014938,0.199292,0.9799760000,2.2184620000,-0.416454
0.514436,0.997423,0.227081,0.2038500000,2.4401250000,-0.222114
0.536809,0.984993,0.215655,-0.0288320000,2.8825510000,-0.163063
0.528209,0.961911,0.243634,1.1375420000,2.9915380000,0.638355
0.528449,0.931663,0.244376,0.3057530000,3.2900100000,0.189948
0.507697,0.878766,0.242347,1.2473170000,2.6690750000,-0.026446
0.500266,0.872359,0.249178,1.4100140000,3.3050040000,1.571461
0.469463,0.833899,0.263719,0.8957510000,2.8421410000,1.525974
0.445091,0.795330,0.229648,1.9151940000,2.1194630000,1.737891
0.425403,0.764583,0.233596,1.3973470000,2.6636160000,1.364990
0.392802,0.691214,0.229077,1.6114110000,1.6682760000,1.640368
0.354850,0.660510,0.212940,2.4253210000,1.7592980000,1.493767
0.301849,0.592876,0.221067,1.5194960000,1.4203170000,1.778306
0.266241,0.555328,0.178737,1.7841300000,1.2628580000,1.504721
0.212718,0.492482,0.182423,2.6189650000,1.5837460000,2.418129
0.166639,0.439189,0.172681,1.9500870000,0.9735670000,2.880152
0.101010,0.372092,0.136810,2.7644820000,-0.0293100000,3.175434
0.051182,0.337965,0.130705,3.2877720000,0.6501940000,4.113062
0.002665,0.238871,0.149418,3.0812380000,0.7163550000,4.744552
-0.046224,0.164389,0.111513,4.4432520000,-0.2194120000,4.741798
-0.102590,0.100687,0.115990,4.4020310000,0.1522450000,5.927494
-0.154055,0.016837,0.103996,4.7313190000,-0.1281140000,6.193536
-0.197324,-0.025063,0.084180,5.8895630000,-1.2540860000,7.232773
-0.229456,-0.079562,0.076443,6.1115120000,-1.0114970000,8.432909
-0.261027,-0.127656,0.056831,6.8837350000,-2.0913470000,7.756582
-0.273014,-0.172166,0.004797,8.4199850000,-2.2904830000,8.705414
-0.318656,-0.182289,0.018065,8.6284030000,-1.5749150000,8.572688
-0.355295,-0.180352,-0.047597,9.8427150000,-1.9866210000,9.540072
-0.371257,-0.147692,-0.094080,9.3668340000,-1.8722870000,9.680002
-0.408598,-0.139305,-0.108870,9.8830790000,-1.2390850000,8.882552
-0.390450,-0.105059,-0.196334,10.6492400000,-1.5814300000,8.070404
-0.402464,-0.048139,-0.218855,9.7182950000,-1.0963320000,6.784757
-0.424262,0.036804,-0.281136,9.6712870000,-0.4179540000,6.067330
-0.449760,0.147987,-0.352637,9.2041740000,-1.3561300000,5.812082
-0.470322,0.232674,-0.364132,8.1209430000,-0.0680620000,4.916158
-0.458787,0.341723,-0.424483,8.0511450000,-1.9329360000,2.307658
-0.449488,0.416330,-0.443029,7.6148770000,-1.2641070000,1.409562
-0.435544,0.518312,-0.440803,6.3327100000,-1.4305850000,-0.212187
-0.450135,0.624719,-0.432955,6.6350850000,-1.3456880000,-1.591063
-0.428139,0.757507,-0.415998,5.6321890000,-2.3885550000,-2.026608
-0.433105,0.856019,-0.359412,4.9592270000,-1.3501950000,-3.821053
-0.368097,0.958589,-0.351968,5.3418730000,-4.5264850000,-4.426723
-0.353460,1.048042,-0.259856,4.7480540000,-0.9004390000,-5.812245
-0.299061,1.154649,-0.221881,4.1451060000,-4.5577410000,-7.453016
-0.265938,1.280432,-0.164872,4.4988610000,-4.5246960000,-7.454787
-0.227205,1.364380,-0.093249,3.1151000000,-3.8088980000,-7.203757
-0.179879,1.458009,-0.048447,2.8511170000,-4.3452490000,-7.663844
-0.128266,1.554506,0.018219,2.2596410000,-3.7051440000,-8.218279
-0.069766,1.638668,0.093722,0.8956340000,-2.7843870000,-9.692784
-0.004662,1.708971,0.123838,0.2199700000,-3.0936550000,-10.047232
0.055354,1.798247,0.191693,-0.8149590000,-1.6646290000,-9.810093
0.114185,1.842320,0.245758,-2.9843980000,-2.2718740000,-10.383555
0.168605,1.921473,0.271804,-3.0461300000,-0.4313250000,-9.412741
0.211207,1.950818,0.355854,-4.1058060000,0.7011910000,-8.918705
0.274910,1.968310,0.398733,-5.0907240000,1.5474270000,-9.168009
0.347094,1.966508,0.435397,-4.6087640000,0.5791070000,-8.644347
0.412870,1.947877,0.511317,-5.1931760000,2.3980480000,-7.299850
0.440075,1.918916,0.580842,-5.0739210000,3.1702080000,-6.995383
0.485810,1.896300,0.593417,-4.3355700000,2.6703030000,-5.146624
0.505878,1.852161,0.647909,-5.2884650000,3.2141440000,-4.134417
0.559320,1.781857,0.658383,-3.6726390000,2.9888500000,-3.131243
0.602851,1.701753,0.694992,-3.3451180000,3.4524620000,-2.056853
0.617419,1.602843,0.721754,-3.8196400000,3.3384490000,-1.841240
0.641400,1.548111,0.690147,-2.8388710000,2.2109120000,-0.036410
0.637711,1.465558,0.677159,-2.9024780000,3.1599670000,2.046558
0.623436,1.361288,0.679427,-3.2316410000,4.1295100000,2.289845
0.620774,1.237980,0.596257,-2.3625070000,1.2385680000,2.975004
0.625527,1.135000,0.542408,-2.6040420000,2.6257790000,3.500839
0.589584,1.001280,0.553401,-2.3325320000,3.5363510000,3.453322
0.563262,0.911026,0.450533,-1.2233570000,2.3828950000,4.684395
0.501648,0.796318,0.416510,-1.5366730000,2.8846810000,5.738794
0.461894,0.668172,0.351850,-1.3455730000,2.3813750000,6.305998
0.434417,0.544519,0.291197,0.3799980000,1.1291190000,7.363208
0.355609,0.387930,0.284592,1.1593470000,7.1524250000,6.913909
0.337894,0.287231,0.202302,2.3716070000,1.4857360000,7.048917
0.261538,0.185489,0.164780,3.9773200000,2.2550960000,9.032466
0.191244,0.081636,0.115908,4.4659010000,1.8646010000,9.561402
0.127365,-0.029429,0.049373,7.1015970000,1.1637550000,10.100229
0.111451,-0.139666,0.018856,7.5509170000,1.3866420000,10.567397
0.064191,-0.239695,-0.033981,8.4924580000,0.9277110000,9.770894
0.022451,-0.311528,-0.095517,9.8093820000,0.6262190000,9.994350
-0.047491,-0.375582,-0.155497,8.7738350000,1.6838140000,8.912786
-0.091351,-0.433881,-0.256232,9.2304390000,-0.3456450000,8.512283
-0.146410,-0.467477,-0.300013,9.4771540000,1.2027300000,9.123049
-0.212558,-0.539051,-0.361572,8.7288300000,0.7247880000,7.270572
-0.258827,-0.550109,-0.456014,8.9022980000,-0.1441950000,6.755632
-0.320865,-0.580902,-0.460639,8.4897210000,0.0660650000,5.245775
-0.356805,-0.597757,-0.507470,8.3219630000,-0.2036530000,4.432340
-0.414622,-0.621256,-0.506406,8.7873890000,-0.4261370000,3.511123
-0.464055,-0.623649,-0.487782,7.6463710000,-1.1094450000,3.150687
-0.520569,-0.614606,-0.495381,8.4987020000,-1.4778330000,2.539240
-0.534992,-0.600865,-0.464785,9.0340120000,-1.7731610000,2.824424
-0.562761,-0.622914,-0.393865,9.1109720000,-1.8978640000,1.411784
-0.554966,-0.603633,-0.391206,10.4551630000,-3.9192810000,0.382910
-0.568197,-0.571021,-0.310783,10.3046990000,-3.5931740000,0.677472
-0.578836,-0.522067,-0.288810,10.3929310000,-4.7492460000,0.436615
-0.565115,-0.434183,-0.252053,10.6677500000,-6.1599980000,0.990546
-0.545785,-0.375674,-0.219452,9.9131140000,-5.1683240000,0.373181
-0.505394,-0.283890,-0.219666,10.3285360000,-5.1803580000,0.157038
-0.462375,-0.203992,-0.199229,9.4460400000,-3.5345070000,0.083088
-0.434267,-0.079433,-0.183661,8.5769480000,-3.3914680000,-0.939213
-0.404601,0.027948,-0.197174,7.6129490000,-2.5652160000,-0.929186
-0.342851,0.150659,-0.196951,5.3498260000,-1.7841630000,-0.984257
-0.297534,0.260335,-0.184714,5.6227050000,-1.4122830000,-1.923311
-0.222800,0.390540,-0.175070,4.9237850000,-0.1482650000,-1.882764
-0.199281,0.494839,-0.110311,3.6845800000,1.0330190000,-3.017688
-0.148935,0.622776,-0.119193,3.6838020000,0.4435820000,-3.165908
-0.100690,0.735849,-0.074391,2.6390350000,0.9937220000,-2.445804
-0.052930,0.837165,-0.028365,2.8296060000,0.5024360000,-2.744655
-0.014007,0.966138,0.001367,3.6493170000,0.8700000000,-2.655988
0.039300,1.067435,0.062864,2.6241060000,0.7228220000,-2.368276
0.090923,1.183226,0.089366,2.6705720000,-0.0505760000,-3.017239
0.148224,1.264348,0.130413,3.1344230000,0.6390050000,-2.340532
0.209839,1.370381,0.162121,2.1767530000,-0.1685670000,-2.324889
0.245929,1.451641,0.170554,2.2747300000,-0.8247360000,-2.735717
0.314837,1.570409,0.171365,1.3826420000,-0.8158170000,-2.610069
0.356682,1.642780,0.209441,0.3866520000,-0.6050680000,-3.095060
0.432486,1.727897,0.197040,0.4020240000,-0.5825020000,-3.625598
0.480157,1.799330,0.208213,-1.2413740000,0.2266160000,-3.407878
0.532765,1.870847,0.212638,-2.2781980000,-0.5818220000,-4.282688
0.578657,1.955705,0.173646,-2.5543760000,-1.0600670000,-3.884989
0.600632,1.994159,0.228394,-3.6597130000,1.4561490000,-3.987155
0.625356,2.038738,0.223995,-3.9025350000,1.3707790000,-4.093527
0.640179,2.068145,0.242305,-3.9332550000,2.0413680000,-3.263458
0.653398,2.094145,0.274233,-4.7135830000,3.1155130000,-3.803235
0.635098,2.085900,0.319705,-3.8325270000,3.1728540000,-3.466152
0.648884,2.102345,0.348350,-3.4447200000,2.9295140000,-2.321159
0.631241,2.073623,0.397321,-3.6125120000,4.3977520000,-2.307329
0.621151,2.029868,0.391531,-2.7817860000,3.2280810000,-1.662179
0.607437,2.008605,0.435368,-2.2873520000,4.9520080000,-0.604705
0.561027,1.927158,0.464526,-2.4236880000,4.8214850000,-0.891917
0.554111,1.874258,0.420364,-2.1831450000,3.1237950000,-0.452581
0.525678,1.780895,0.481141,-2.2404270000,4.3090300000,-0.142462
0.509591,1.693172,0.435417,-2.4893730000,2.7963680000,0.008023
0.456025,1.611364,0.435118,-2.0730520000,2.7520020000,0.624742
0.414381,1.500385,0.431370,-3.0438530000,2.8641760000,0.476607
0.384445,1.391129,0.380627,-2.5404250000,0.5457180000,-0.136781
0.332021,1.260064,0.391692,-2.1937510000,1.4105810000,0.815384
0.279082,1.140781,0.388203,-2.2992840000,2.7217610000,0.760953
0.198396,1.010937,0.356356,-1.1036070000,1.0350670000,0.796470
0.156266,0.914630,0.329985,-0.6048380000,-0.9049520000,1.922892
0.077196,0.784908,0.332421,-0.1732070000,-1.2716470000,1.338074
0.023062,0.653896,0.296324,1.6998040000,-1.8453910000,1.977272
-0.039193,0.537458,0.303952,2.8245900000,0.5164550000,1.911447
-0.105114,0.416464,0.269155,3.2655100000,-1.9434500000,1.540736
-0.173717,0.339242,0.180516,5.1979010000,-2.4627290000,2.533920
-0.272194,0.243391,0.199367,5.8085630000,0.0059310000,2.607483
-0.301752,0.141163,0.102079,6.7390910000,-2.2931250000,2.118154
-0.362575,0.043481,0.043455,8.0747910000,-1.7931870000,1.765263
-0.397103,-0.036939,-0.016322,7.7647450000,-1.6434160000,1.172593
-0.447285,-0.085253,-0.109228,8.6282720000,-2.0582830000,0.797109
-0.475091,-0.139797,-0.187127,8.3549470000,-3.1671600000,0.452673
-0.509172,-0.184429,-0.230468,8.2217990000,-1.9865980000,-0.300614
-0.513853,-0.254975,-0.331285,8.6108500000,-2.8997790000,-0.433309
-0.510305,-0.289470,-0.389988,8.7308100000,-2.4192530000,-1.636687
-0.529849,-0.342721,-0.409486,8.7055250000,-2.3903580000,-2.410649
-0.520740,-0.343332,-0.500760,9.1685330000,-4.2264350000,-2.570760
-0.518442,-0.356137,-0.493592,9.2136830000,-2.9947660000,-1.851197
-0.514090,-0.368718,-0.505612,9.3726610000,-3.2904320000,-2.759799
-0.499834,-0.360706,-0.524886,10.4373340000,-4.0066860000,-2.904049
-0.482430,-0.346929,-0.518292,10.0590950000,-4.1960860000,-2.830873
-0.461685,-0.306092,-0.500823,10.0004210000,-4.1048410000,-3.633574
-0.447200,-0.268029,-0.466196,11.2039470000,-4.0647230000,-3.690584
-0.403150,-0.195395,-0.446206,10.3642100000,-2.6106710000,-3.437531
-0.402490,-0.153771,-0.353189,10.3176720000,5.1513360000,-3.024764
-0.303931,-0.081377,-0.406643,9.8097640000,-2.7514320000,-3.038186
-0.234354,-0.011461,-0.341575,8.7591340000,-2.3023490000,-3.107971
-0.165957,0.033663,-0.322051,7.8788730000,-2.4379760000,-4.048754
-0.084290,0.128844,-0.306535,7.2747430000,-1.1463330000,-3.393713
-0.024983,0.192126,-0.219252,5.4387280000,-0.0469660000,-3.123923
0.064637,0.290645,-0.180601,4.9614810000,0.0317080000,-3.230307
0.116907,0.348478,-0.111811,3.9249750000,0.8384290000,-2.872695
0.208185,0.399425,-0.036269,2.3641140000,1.6501660000,-3.094584
0.276292,0.469679,0.012268,2.2257890000,0.8206220000,-2.601293
0.340116,0.523229,0.098350,1.7400660000,2.1885950000,-1.582795
0.386657,0.579887,0.187088,0.8044960000,1.6398760000,-1.693236
0.437423,0.636096,0.248059,1.7369480000,0.8054870000,-0.919801
0.508416,0.679069,0.332900,1.5057920000,2.7027590000,0.138651
0.545363,0.724570,0.432683,1.3262560000,2.9220290000,0.735415
0.603594,0.773866,0.458969,2.2117070000,2.0891860000,1.569597
0.625717,0.837312,0.526186,1.2743740000,3.0521380000,2.760534
0.670161,0.869001,0.555449,1.0689690000,2.4028650000,2.927610
0.694163,0.922672,0.578298,1.5176420000,4.3636560000,2.289353
0.708366,0.938924,0.592941,0.0917150000,4.0904390000,2.127226
0.724243,0.992125,0.546675,-0.3083060000,3.3329580000,2.098465
0.720580,1.050684,0.544148,-0.5333000000,3.6482160000,3.406922
0.724712,1.089469,0.534970,-1.6232700000,4.2092240000,3.421351
0.683419,1.095414,0.501722,-1.1022580000,4.6486210000,2.985420
0.695177,1.128967,0.452026,-1.8522950000,4.3469030000,3.243967
0.664992,1.103965,0.463150,-2.6243940000,4.0949950000,2.817959
0.660931,1.121299,0.399323,-1.6774100000,1.7128250000,3.024962
0.613736,1.129335,0.412781,-1.3837730000,3.8755480000,4.170871
0.558066,1.099556,0.391583,-1.5455250000,3.5775680000,3.600986
0.521749,1.099743,0.343443,0.2530240000,2.2186910000,4.398953
0.488134,1.072447,0.339626,0.7063550000,2.2445040000,5.678520
0.428128,1.049818,0.333146,1.0387510000,1.4447610000,5.313653
0.382830,1.015267,0.271985,2.6322330000,0.4727070000,4.704210
0.324009,1.016064,0.263424,2.6274380000,1.0285220000,4.731742
0.255934,0.971164,0.214184,2.7382430000,-0.3711490000,4.325034
0.187157,0.997939,0.159466,2.7076410000,-1.3584970000,5.600651
0.088228,0.971193,0.168164,2.8192500000,3.6844280000,4.270990
0.041788,0.952037,0.071306,2.3473700000,-0.3912670000,2.904730
0.003587,0.923227,0.010952,2.7365890000,-0.1093880000,2.718396
-0.064488,0.899013,-0.011467,1.9150500000,0.3570860000,2.011037
-0.136337,0.893396,-0.073774,2.3092680000,-0.6553560000,1.719463
-0.207740,0.887472,-0.084081,1.7005790000,-0.6222460000,1.512587
-0.258742,0.866201,-0.093689,1.4471750000,-0.8928330000,1.724425
-0.306587,0.818064,-0.107265,2.6656450000,-1.8787070000,0.391210
-0.360541,0.780822,-0.072327,2.8229070000,0.4626000000,-0.057850
-0.401637,0.757789,-0.089609,2.5657770000,-2.5326970000,-1.343812
-0.466869,0.747636,-0.087721,3.8892330000,-4.0207440000,-0.623514
-0.510059,0.748306,-0.065480,3.6942070000,-2.9750610000,0.220739
-0.574450,0.719099,-0.044308,4.8730620000,-3.6690240000,-0.787781
-0.584564,0.698702,-0.045079,5.5825480000,-3.8017430000,-0.952615
-0.617821,0.671809,-0.012977,4.7571030000,-2.7573660000,-1.911826
-0.616833,0.665349,-0.054136,5.2824050000,-5.4573820000,-2.334702
-0.649622,0.667670,-0.024820,5.0535890000,-1.9063120000,-2.307481
-0.646342,0.638797,-0.031313,3.5900590000,-4.0396800000,-2.565750
-0.632944,0.636148,-0.078787,3.8848840000,-4.2657850000,-2.647381
-0.602502,0.603626,-0.081787,3.2446410000,-4.3013100000,-2.470998
-0.574608,0.583377,-0.076991,2.6761920000,-3.5155740000,-2.922950
-0.542463,0.571074,-0.097749,3.2524240000,-3.2330640000,-2.913716
-0.512061,0.569938,-0.074598,2.0778660000,-3.4343000000,-2.031222
-0.495304,0.537160,-0.082213,1.8990520000,-4.2400600000,-1.637342
-0.458344,0.548481,-0.069195,3.0177720000,-4.0175830000,-0.323854
-0.418311,0.521526,-0.036768,2.5814180000,-3.8419560000,0.137215
-0.381715,0.496119,-0.048851,3.8030200000,-3.1574860000,-0.255702
-0.324283,0.475000,-0.004633,4.4971540000,-2.8653360000,0.893317
-0.264198,0.470848,0.018521,4.5366770000,-1.5445390000,1.517017
-0.232647,0.470582,0.021098,5.8603860000,-0.5971710000,3.479060
-0.165944,0.488773,0.044787,5.8326430000,-0.1797730000,4.753503
-0.098805,0.486016,0.025624,5.3657980000,-0.3912410000,4.456601
-0.003684,0.484299,-0.005224,5.9135810000,-1.3869420000,4.977040
0.042527,0.483104,0.003117,5.0375220000,2.0370280000,3.516894
0.088602,0.494209,-0.059640,4.3226920000,0.4180510000,3.582215
0.146409,0.551156,-0.121783,3.6438770000,0.6957840000,5.465606
0.151247,0.554973,-0.078724,2.5375020000,1.5831820000,4.696790
0.224511,0.585018,-0.139505,2.8325380000,1.5357730000,4.979471
0.261419,0.562694,-0.113561,2.3334000000,2.9757460000,4.854805
0.327445,0.574799,-0.120178,1.6278790000,2.1459950000,3.975640
0.354578,0.591461,-0.083156,2.5032300000,2.2868080000,4.167515
0.378970,0.612042,-0.041190,2.0087600000,2.4060170000,5.886493
0.375701,0.604190,-0.010289,2.2519230000,2.2557830000,5.634851
0.434039,0.611776,0.013000,3.5989500000,2.4572100000,6.705738
0.458868,0.599644,0.070164,3.7918460000,2.6358300000,5.916092
0.500243,0.605159,0.067216,5.0058430000,1.3336970000,5.453495
0.486903,0.610854,0.114437,4.8584280000,2.5722850000,5.720554
0.496622,0.632580,0.127751,4.1116280000,1.2661180000,6.478745
0.476225,0.659286,0.117034,4.5165430000,0.7765090000,6.251067
0.492217,0.663924,0.131132,3.8355160000,2.3178270000,6.183577
0.485679,0.675892,0.114424,3.5823380000,1.7804530000,4.753536
0.483000,0.677359,0.085394,3.4200180000,2.3014220000,4.180488
0.466210,0.716036,0.098114,2.4436050000,3.0748530000,3.235201
0.403637,0.700655,0.083320,2.3801320000,2.8628800000,1.436515
0.403801,0.742128,0.039214,1.9927190000,2.9337970000,2.473014
0.368843,0.737943,0.091342,1.3207710000,1.9446270000,1.261885
0.363368,0.754332,0.058232,2.0917340000,1.5418360000,0.630471
0.332520,0.736565,0.091628,2.7383640000,0.5978100000,-0.294136
0.303382,0.755491,0.101816,2.7068300000,0.6140580000,-0.879507
0.244974,0.735810,0.103668,3.8499550000,-0.2376980000,-2.240758
0.216305,0.771431,0.095107,4.2289910000,-2.0647000000,-1.142734
0.141778,0.783720,0.119561,4.7335780000,-0.8014240000,-1.813820
0.094192,0.783188,0.082647,5.8430380000,-1.1781990000,-3.030027
0.073017,0.810239,0.081393,5.5953560000,-1.7181170000,-3.760498
0.028642,0.806861,0.059401,5.4047310000,-1.8071300000,-5.014837
0.010480,0.859545,0.019023,6.0887650000,-3.3506900000,-4.937589
-0.038340,0.873472,0.001758,5.1405350000,-2.8577140000,-5.809327
-0.092569,0.887120,-0.061268,4.9280260000,-2.3885390000,-7.942378
-0.110209,0.922804,-0.084895,4.9734060000,-2.1822440000,-7.169870
-0.092598,0.946398,-0.118005,3.7479380000,-2.2959020000,-7.758083
-0.110612,0.944002,-0.118855,4.2423550000,-2.8379400000,-9.360810
-0.094302,0.968571,-0.171916,3.9816570000,-2.3086010000,-9.288216
-0.128853,0.957049,-0.138570,2.9138800000,-2.2481880000,-10.316062
-0.111052,1.012926,-0.177325,3.4936340000,-3.4702170000,-8.804365
-0.117893,1.017788,-0.142197,4.2204410000,-1.6544180000,-8.849309
-0.104793,1.019439,-0.106970,3.8872080000,-1.8510520000,-8.612845
-0.101179,1.036855,-0.092616,4.7237640000,-1.6146810000,-8.431933
-0.092411,1.033304,-0.073485,5.2490060000,-1.7618360000,-8.377776
-0.101428,1.056133,-0.023025,4.6475060000,-2.0702110000,-7.753368
-0.078983,1.073852,-0.020129,5.5804860000,-2.8051980000,-7.071701
-0.069658,1.076635,0.008825,5.3047520000,-0.2501940000,-6.010751
-0.035944,1.059261,0.053181,4.3587500000,-1.9533530000,-7.012938
0.019119,1.087369,0.037464,4.8516470000,-1.0002250000,-6.581474
0.055479,1.076760,0.066133,4.2553300000,1.0174340000,-6.186947
0.067762,1.076796,0.077602,2.6720820000,-0.9965650000,-6.200806
0.105657,1.109039,0.055554,2.7589950000,-1.6936400000,-4.788409
0.109675,1.109657,0.086231,1.8100520000,1.1210050000,-5.211613
0.156831,1.103801,0.118025,0.8625240000,0.2076340000,-4.737786
0.162454,1.077528,0.117155,1.3438570000,0.2022310000,-5.865421
0.186274,1.076166,0.159669,0.6128510000,0.6973730000,-4.704409
0.201813,1.089506,0.193833,0.1632070000,0.2293930000,-4.241247
0.198567,1.083912,0.222705,0.7943510000,-0.1516820000,-2.555285
0.205453,1.064434,0.276879,0.5792360000,-0.5476160000,-2.538288
0.228207,1.019659,0.308413,0.4707450000,-0.8391920000,-2.850181
0.275786,1.004957,0.323066,1.8015530000,-0.5228300000,-2.520669
0.284577,0.968219,0.364677,2.0765130000,0.0043160000,-1.841341
0.288171,0.953957,0.379166,1.7794820000,-0.0105170000,-1.406901
0.268552,0.934423,0.371580,2.3444030000,-0.3549700000,-0.864950
0.304370,0.921412,0.367888,1.5653130000,0.2676400000,0.540548
0.298550,0.859229,0.371085,1.4005770000,0.5245170000,-0.576353
0.326914,0.857624,0.309703,1.7528060000,1.1764380000,-0.119289
0.311302,0.834752,0.313750,1.0353240000,1.9425890000,0.066119
0.320995,0.816577,0.288170,0.5595540000,1.7616310000,0.231414
0.304865,0.783707,0.241396,0.5111910000,1.0499140000,1.016711
0.264501,0.735084,0.257890,0.1059250000,4.5330560000,1.354248
0.248207,0.714168,0.245929,0.0226100000,3.8300500000,0.849790
0.232347,0.648694,0.216400,0.9254510000,2.6386860000,1.144124
0.207718,0.608947,0.228469,0.9864980000,4.7328390000,1.619936
0.184551,0.548238,0.223175,2.0918220000,2.4014380000,1.205683
0.172370,0.515515,0.201468,2.6255340000,2.6201500000,3.155233
0.116017,0.456930,0.231125,2.6740510000,2.0275740000,3.146078
0.099273,0.404099,0.212060,3.9452180000,1.1434830000,3.898341
0.082096,0.367766,0.213363,4.0283690000,1.0604790000,4.380752
0.063249,0.295168,0.200821,3.8139500000,0.2763870000,3.904336
0.040121,0.251141,0.148548,4.4776330000,-0.9863670000,3.873219
-0.006415,0.215169,0.145657,4.4698560000,1.6775420000,5.476100
-0.055786,0.181947,0.120188,3.6329400000,0.1377930000,5.503301
-0.085328,0.126776,0.051057,4.0146350000,-0.5544470000,5.829766
-0.108623,0.085624,0.060038,3.7351090000,-0.2863180000,5.161737
-0.124851,0.013666,0.036693,3.4817970000,0.1302890000,5.376607
-0.160262,-0.006524,0.013371,4.7669500000,-0.0201520000,5.148044
-0.209955,-0.043583,0.020107,3.5794230000,-0.0427320000,5.724030
-0.253825,-0.046150,0.005099,4.0566500000,-0.3615580000,6.113139
-0.288028,-0.084610,-0.011382,4.9680390000,-0.5531310000,7.655817
-0.340747,-0.115475,0.047229,5.0787490000,3.9020990000,7.045798
-0.358213,-0.148637,0.003199,5.7816140000,-0.8557060000,6.414044
-0.382464,-0.135448,-0.011300,6.3507200000,-0.7964650000,7.014290
-0.445089,-0.136735,0.023468,6.4382330000,0.6608360000,7.509803
-0.457349,-0.120500,-0.040704,7.2184160000,-1.0861010000,7.890378
-0.485470,-0.118839,0.002467,7.1527240000,-0.6729040000,8.035078
-0.470410,-0.095787,-0.044072,6.6687450000,-1.6889990000,7.985713
-0.469593,-0.075701,-0.056594,7.8689330000,-1.1420460000,7.695066
-0.441584,-0.047065,-0.073919,7.3541780000,-0.3002190000,7.364905
-0.434087,-0.021160,-0.116108,6.5516740000,-1.5360960000,6.960606
-0.404610,0.047912,-0.158346,6.6648300000,-2.1962410000,7.490995
-0.402654,0.101452,-0.155888,5.3750810000,-1.2282990000,7.285406
-0.379257,0.158711,-0.201648,5.3399850000,-1.8651800000,6.631717
-0.364975,0.218251,-0.215254,4.9701270000,-1.6153380000,6.142610
-0.346045,0.251896,-0.207941,3.7520270000,-1.5341370000,5.240510
-0.328497,0.337939,-0.209648,4.1505740000,-1.4608630000,4.976716
-0.316237,0.411528,-0.193380,3.9929620000,-0.8320590000,5.818687
-0.309932,0.496691,-0.154542,3.8080950000,-1.1292910000,5.117550
-0.285609,0.571829,-0.159489,4.4968650000,-1.7650990000,5.746031
-0.239425,0.650578,-0.113429,4.0111530000,-1.7977000000,5.734430
-0.208705,0.706274,-0.084327,3.9288780000,-1.7733150000,4.242702
-0.153369,0.793899,-0.064104,4.5137140000,-2.4643430000,4.119463
-0.124500,0.857106,-0.012140,3.6081090000,-1.5525050000,4.344522
-0.084057,0.942045,-0.032711,3.6937870000,-1.6098820000,3.195983
-0.022351,1.029004,-0.000399,2.7557610000,-0.7323020000,3.914285
0.027309,1.104631,0.016755,1.6052370000,-0.1513110000,3.183167
0.072459,1.168107,0.007374,1.6269280000,-0.5276850000,2.324556
0.135711,1.246767,0.015945,0.1016740000,-0.2537100000,1.489683
0.178347,1.294451,0.048976,-1.3318940000,0.3920800000,0.445549
0.211454,1.371080,0.036178,-1.0635390000,0.8303520000,0.290578
0.217447,1.406773,0.121859,-2.2050000000,4.7340540000,-0.186135
0.263277,1.446543,0.099364,-3.0994800000,1.0421610000,-1.229166
0.280805,1.474290,0.147094,-2.4135560000,1.8561100000,-0.831187
0.328482,1.487846,0.179646,-3.0883730000,2.1646370000,-0.953697
0.311686,1.473022,0.255878,-2.1626360000,1.7877860000,-1.486515
0.348092,1.497523,0.268032,-1.1364970000,1.8390910000,-0.635195
0.345354,1.487981,0.345396,-1.3519500000,1.5254900000,-0.923646
0.368919,1.497854,0.341697,-0.0695700000,0.8666420000,-0.396247
0.373731,1.467570,0.405819,0.2368520000,0.8744740000,-0.241341
0.384602,1.432642,0.406259,0.3073520000,0.9723860000,-1.267506
0.388088,1.415806,0.378427,1.0978090000,1.0653970000,-0.362760
0.375343,1.398767,0.395713,0.6016650000,2.7452670000,-0.460501
0.366227,1.369314,0.346289,0.2877820000,1.0196830000,-1.357480
0.364074,1.337205,0.287212,0.5579200000,0.8779110000,-1.465475
0.362436,1.295173,0.269762,-0.5918230000,1.4477810000,-2.640620
0.344337,1.240836,0.204186,-0.3155500000,1.2687770000,-2.905610
0.324146,1.213122,0.175678,-0.4633840000,1.9879490000,-2.866592
0.284472,1.130438,0.138209,-1.3336640000,0.8518020000,-3.912694
0.276892,1.087132,0.073072,-0.3956870000,-0.2267450000,-3.770252
0.234634,0.994019,0.087735,0.4209040000,2.0738870000,-3.598406
0.229323,0.918376,0.053502,1.0690970000,0.3796140000,-3.634895
0.173515,0.839863,0.035921,3.0898450000,0.4204340000,-3.934732
0.150148,0.792540,0.037914,3.2545970000,-0.0560350000,-2.892568
0.089199,0.713899,0.039732,4.7678460000,0.0292920000,-2.859424
0.079008,0.657832,0.017067,6.2044510000,-0.4797290000,-2.592647
0.055036,0.596063,-0.003484,6.2852910000,-0.8005410000,-2.853593
0.028947,0.532348,-0.040323,6.9660230000,-2.4018980000,-2.465937
0.000213,0.506495,-0.106126,8.4085000000,-1.3888720000,-2.145236
-0.039958,0.443932,-0.115583,7.0384430000,-0.9982360000,-2.762393
-0.047576,0.402960,-0.198179,7.7396150000,-2.7682220000,-3.883611
-0.053009,0.369768,-0.242003,7.5990220000,-1.1825190000,-3.513105
-0.068853,0.339301,-0.272408,6.9992910000,-1.0843440000,-4.031018
-0.104057,0.321070,-0.324379,7.4187110000,-1.3689940000,-4.807299
-0.104651,0.317092,-0.366972,6.1818650000,-0.9341730000,-4.717298
-0.137564,0.284064,-0.362898,5.9714410000,-1.0187640000,-5.489140
-0.104678,0.272142,-0.398542,6.7442980000,-1.4317800000,-6.072783
-0.140811,0.248417,-0.331321,6.6276600000,1.2090000000,-6.543643
-0.142646,0.262380,-0.365816,7.0116000000,-2.2787480000,-6.272245
-0.163266,0.272451,-0.331528,7.3851120000,-1.2622360000,-5.151876
-0.152257,0.270583,-0.282439,7.3928980000,-1.9606140000,-5.491865
-0.126473,0.274594,-0.268439,8.7398100000,-2.2349310000,-5.963167
-0.088997,0.273327,-0.220755,8.5283230000,-2.4337740000,-5.935042
-0.084947,0.304162,-0.196498,8.3804160000,-2.3396570000,-5.555425
-0.065485,0.346585,-0.173948,8.6626790000,-1.6523410000,-4.518280
-0.040332,0.379842,-0.128588,7.4030300000,-1.8002800000,-5.070491
0.016362,0.389755,-0.158251,7.0520850000,-3.5157970000,-5.185649
0.069800,0.418703,-0.129783,6.7268220000,-1.2616060000,-5.242326
0.097481,0.451498,-0.094470,5.2747530000,-1.1966260000,-5.849439
0.120488,0.524148,-0.123237,4.7318420000,-1.4600850000,-5.782712
0.128457,0.568369,-0.063395,3.6026300000,-0.5777690000,-4.751964
0.170853,0.609216,-0.021396,2.4846090000,-0.4271670000,-4.786361
0.213998,0.626288,-0.002710,2.5375250000,-1.4729290000,-5.026500
0.265713,0.659529,0.061357,2.5192390000,0.4176800000,-4.597206
0.267114,0.693476,0.112691,2.1338340000,1.0048790000,-4.082996
0.293298,0.735468,0.131148,2.7725340000,0.1089500000,-3.114053
0.321931,0.771089,0.216915,2.4723520000,1.1845360000,-2.341043
0.361694,0.770663,0.251863,2.6792740000,0.4103440000,-2.135374
0.400447,0.812711,0.276715,3.6089420000,0.4020230000,-1.134240
0.409076,0.829372,0.341086,2.7621160000,0.1896390000,-0.411063
0.450556,0.867938,0.330212,2.6956690000,-0.1352760000,-1.524053
0.471357,0.902469,0.329276,3.0088170000,-0.4479480000,-0.492547
0.509844,0.931065,0.370047,2.2895560000,1.2793690000,0.729544
0.498536,0.952585,0.327363,1.6778640000,1.1917250000,-0.244825
0.518716,0.985478,0.311791,0.6883410000,1.4158100000,0.572023
0.517587,1.006975,0.304307,-0.8594500000,1.6303900000,-0.083527
0.516931,1.004113,0.266546,-0.8899570000,0.6589850000,0.230708
0.531833,1.015667,0.271433,-1.4672690000,2.4729750000,1.119050
0.495037,0.989371,0.303998,-2.0358790000,3.0683570000,0.264395
0.493891,0.982711,0.278740,-1.5480200000,1.4632450000,0.954876
0.470458,0.975631,0.305643,-1.2625500000,2.8036710000,2.854341
0.461648,0.939761,0.329696,-1.1249040000,1.8564450000,3.027490
0.423260,0.900483,0.321612,0.5103140000,1.1338260000,3.514712
0.396649,0.864396,0.358536,0.7141110000,1.6295200000,4.721980
0.354079,0.833554,0.376763,1.0307840000,1.2871350000,5.291477
0.317903,0.783576,0.381713,2.3206870000,0.9952900000,5.624011
0.275028,0.751939,0.389808,2.4650090000,1.7503960000,6.267146
0.227439,0.697609,0.367970,1.8930080000,0.5655960000,6.388363
0.193637,0.677333,0.321855,2.9654000000,0.6861900000,6.948049
0.144131,0.646803,0.321274,2.8740900000,1.4734660000,7.199073
0.111688,0.617668,0.271039,2.3886470000,1.2774650000,6.666399
0.048977,0.578085,0.234358,2.9379720000,1.3763980000,6.204376
0.025471,0.544168,0.179659,2.3280400000,1.0280560000,6.400196
-0.041592,0.501732,0.164206,1.6381760000,1.5645470000,5.645960
-0.078093,0.477167,0.105857,2.3518540000,0.3576800000,5.748300
-0.135273,0.462622,0.104071,1.8407160000,0.3353530000,5.719401
-0.181378,0.408632,0.063993,1.6452860000,-0.4473970000,4.564869
-0.227569,0.396625,0.041301,3.2348230000,-1.1972440000,5.070062
-0.298529,0.350136,0.063678,3.0998160000,0.6898270000,4.339959
-0.354133,0.342245,0.036985,4.2563180000,-1.5500990000,3.852480
-0.420012,0.332877,0.034782,5.4114960000,-1.8745030000,4.197254
-0.451119,0.330261,0.026416,5.2747200000,-2.0966020000,3.595211
-0.512596,0.297479,0.034441,6.4242430000,-2.6468930000,2.221061
-0.525723,0.303407,-0.023149,6.9505720000,-3.4001270000,2.588720
-0.572632,0.304592,-0.002303,6.3963100000,-3.2435420000,2.148255
-0.580136,0.326575,-0.073325,6.3625730000,-4.4878550000,1.668658
-0.590492,0.346102,-0.096233,6.7934520000,-5.1431870000,1.679844
-0.570981,0.358145,-0.115031,5.8417620000,-3.9611650000,1.161924
-0.563024,0.366722,-0.160844,6.0701800000,-4.1325140000,-0.423671
-0.519532,0.386647,-0.196794,5.2366080000,-4.5335960000,-0.564626
-0.510486,0.421378,-0.203355,3.8451470000,-4.1406020000,-1.187246
-0.499230,0.457994,-0.245081,4.0514350000,-3.8130770000,-0.864697
-0.455580,0.503633,-0.228226,4.0407900000,-2.6208470000,-1.126284
-0.436178,0.503892,-0.213603,3.4895960000,-2.8109030000,-2.174640
-0.376428,0.541555,-0.226703,4.4232040000,-2.5279800000,-2.249174
-0.359316,0.576089,-0.173587,4.2151600000,-1.6971100000,-1.288903
-0.326850,0.626747,-0.167284,4.0028650000,-1.2291880000,-1.178374
-0.311018,0.677940,-0.121593,4.7013050000,-1.1683740000,-0.242141
-0.250162,0.719562,-0.101156,3.7899530000,-1.1285350000,0.528704
-0.200200,0.736332,-0.052924,4.2945220000,-2.5324310000,-0.370864
-0.114463,0.770177,-0.028661,5.0128770000,0.4099830000,-0.175785
-0.066490,0.793827,0.017632,4.0000940000,0.3785070000,-0.253601
0.000203,0.846838,-0.006182,3.9804130000,-1.3041820000,0.679268
0.037465,0.899869,0.017379,2.9527310000,0.9052860000,1.738674
0.107131,0.919735,0.042696,1.5506010000,0.5405190000,1.007784
0.172199,0.936038,0.034293,1.4136870000,0.4932150000,-0.027414
0.236190,0.945019,0.039043,0.3922650000,0.9829780000,0.858421
0.282939,0.981375,0.080625,-0.9768270000,1.1280160000,0.385901
0.313032,0.996711,0.065217,-0.7642760000,0.7446960000,0.625083
0.333426,1.013382,0.122650,-1.3845870000,2.5408500000,1.047726
0.367688,0.988544,0.146080,-2.1481190000,1.2173740000,1.342914
0.413061,0.992112,0.155058,-0.6565000000,0.9221450000,1.648096
0.437768,0.960978,0.228039,-0.4962750000,2.9238440000,2.521400
0.458392,0.951643,0.239068,-0.3341120000,1.7802530000,2.698484
0.466791,0.947960,0.274942,1.0796530000,1.4264320000,3.823265
0.482120,0.924185,0.311272,1.0810290000,2.0569290000,4.391836
0.491584,0.898796,0.336721,1.3682750000,1.9945570000,5.207569
0.503141,0.876807,0.312299,2.3715480000,1.8429010000,5.728427
0.493757,0.841284,0.337292,1.5079550000,3.2652670000,5.602086
0.502481,0.817070,0.275484,1.5558040000,1.6144700000,5.449966
0.515549,0.805775,0.252825,2.0893600000,2.3116660000,5.598208
0.490885,0.743284,0.234112,1.2211360000,4.3439650000,5.399421
0.475920,0.733101,0.160861,1.1435620000,2.4407910000,5.493512
0.443690,0.711976,0.144787,1.1760090000,3.3224370000,5.772319
0.420220,0.687567,0.105985,0.4821280000,3.3494350000,4.694080
0.400033,0.635863,0.062890,1.7579590000,3.0629510000,4.644569
0.388220,0.595774,0.055688,1.6317230000,2.5011290000,4.685527
0.338215,0.551556,0.049363,1.8497000000,2.1708200000,3.480889
0.296495,0.527407,0.012035,2.9435260000,0.6364810000,4.213952
0.249110,0.509397,0.017520,3.3537980000,1.0592030000,4.493553
0.188027,0.447592,0.007771,3.9089600000,0.0130110000,3.643933
0.169905,0.437820,-0.036880,5.5354150000,-0.7318300000,3.358876
0.099293,0.401762,0.004443,6.0772860000,0.2023060000,2.775094
0.055387,0.382140,-0.047131,6.7421280000,-1.0763450000,1.627156
-0.004770,0.381785,-0.075268,7.2300650000,-1.1314730000,1.625799
-0.031246,0.375585,-0.093416,6.6019810000,-1.9065000000,0.640913
-0.079971,0.371616,-0.117559,6.8406010000,-1.4374560000,-0.010517
-0.123296,0.372778,-0.168302,7.1119210000,-1.5471740000,-0.553761
-0.156931,0.391199,-0.203916,5.8724720000,-2.8593680000,-1.614640
-0.204365,0.372906,-0.232851,5.3699510000,-2.7857100000,-3.409491
-0.221733,0.391282,-0.267632,5.7347610000,-1.6688080000,-4.232629
-0.244391,0.384805,-0.241517,4.8974240000,-2.4029390000,-4.015095
-0.256093,0.404792,-0.288597,5.6215990000,-3.3431110000,-4.679865
-0.288159,0.420456,-0.262738,5.8946590000,-1.9442640000,-4.948885
-0.274193,0.420252,-0.242675,5.1253990000,-3.1287780000,-4.992712
-0.267874,0.440758,-0.239771,6.4416900000,-3.1038150000,-6.068055
-0.265517,0.445547,-0.214867,6.7659320000,-3.1922270000,-5.573408
-0.266889,0.493507,-0.187169,6.3812340000,-2.8342480000,-5.935124
-0.285675,0.533392,-0.151122,7.8022280000,-3.1422490000,-5.796622
-0.261933,0.593060,-0.153400,7.4571450000,-2.9112210000,-4.989612
-0.243873,0.622684,-0.104019,6.9834100000,-2.5480910000,-5.732369
-0.189102,0.674730,-0.126579,7.6980170000,-2.3006450000,-6.032775
-0.160016,0.736535,-0.101691,6.5893210000,-2.0814830000,-5.537593
-0.136117,0.784751,-0.092143,5.7874800000,-1.5042500000,-5.999771
-0.092690,0.859266,-0.125102,5.7701620000,-2.2323960000,-6.626287
-0.041793,0.892051,-0.110669,4.3630660000,-0.6772170000,-6.599666
0.003505,0.922026,-0.122075,3.3090790000,-0.5234440000,-7.898307
0.029219,0.977108,-0.087180,3.0827450000,-0.1761520000,-7.198856
0.074212,1.049315,-0.061944,1.6754950000,0.0794050000,-6.730676
0.088300,1.086604,-0.005411,1.6747200000,0.4403320000,-6.956991
0.140632,1.110684,0.011638,1.8573710000,0.0148790000,-6.281796
0.183258,1.144857,0.076000,1.1862770000,0.4325070000,-6.437873
0.208329,1.146597,0.115265,1.3458330000,-0.1996640000,-6.934597
0.238327,1.208816,0.161107,2.3004610000,-0.3157380000,-5.726083
0.235402,1.226810,0.235934,1.6236290000,0.0284910000,-5.174128
0.281714,1.249958,0.244189,1.8914330000,-0.9586100000,-5.037250
0.333642,1.266212,0.293829,3.2142100000,-0.2187290000,-4.028937
0.375851,1.268533,0.355582,2.7450840000,1.2401800000,-4.603583
0.406946,1.300002,0.326516,2.4903300000,-0.1200360000,-3.996214
0.438136,1.328306,0.311505,1.9669390000,0.3220460000,-3.276969
0.459186,1.345703,0.335191,0.5895560000,0.8104860000,-3.790448
0.484310,1.337812,0.299153,0.1834170000,0.7843610000,-3.462371
0.499166,1.354356,0.271367,-0.6878770000,1.5263760000,-3.059163
0.494800,1.322811,0.293068,-2.2961330000,2.0161000000,-3.652433
0.508081,1.321114,0.237368,-2.3761950000,1.6875930000,-3.443027
0.505902,1.286770,0.285892,-2.0027130000,3.0647040000,-2.546471
0.504723,1.234268,0.302537,-2.3637940000,3.9889860000,-2.686315
0.491925,1.182842,0.293261,-1.7921150000,2.7640460000,-1.239842
0.478825,1.145287,0.326401,-1.4301480000,2.7719760000,-0.027460
0.444090,1.091124,0.373070,-0.8873280000,2.9672250000,0.731477
0.417450,1.017098,0.361490,0.3609800000,1.7945610000,1.613292
0.422364,0.938842,0.381972,0.7109170000,1.7029810000,2.264234
0.375957,0.849277,0.428524,1.6410520000,2.1395580000,2.799548
0.353925,0.798166,0.402402,2.8044530000,0.8282960000,4.307566
0.294664,0.757155,0.411672,2.3071930000,0.7845050000,5.425240
0.240993,0.664577,0.360522,2.3788290000,0.3158130000,5.130931
0.231421,0.596283,0.316422,2.9318770000,1.3285760000,5.564483
0.197714,0.494649,0.334121,2.7105090000,2.3717770000,4.919226
0.167863,0.444536,0.246562,2.8985700000,0.7056410000,4.443348
0.102100,0.408475,0.200303,2.3494510000,1.4053390000,5.680492
0.032788,0.343368,0.168558,0.9318150000,0.2795480000,5.852315
-0.015510,0.288361,0.107062,1.7397120000,0.4485310000,5.702718
-0.045449,0.191660,0.094300,2.2802310000,0.4417660000,5.769671
-0.095483,0.121380,0.074999,2.4249440000,1.8153750000,4.456925
-0.162567,0.065690,0.049980,3.7704540000,-0.5072200000,5.107380
-0.219317,0.034237,0.060661,4.9525720000,-0.4272560000,6.655663
-0.284404,-0.013125,0.061971,4.9532450000,-0.6657520000,6.907603
-0.322247,-0.087620,0.031510,6.6700480000,-2.1564350000,6.258039
-0.349410,-0.118941,0.016046,7.3877760000,-2.1778760000,5.912483
-0.408221,-0.176098,0.044108,7.7266420000,-1.8680100000,5.618767
-0.427210,-0.170712,-0.018094,8.9992370000,-3.7803160000,5.949378
-0.456282,-0.172139,-0.032432,8.9998210000,-2.2257630000,5.346397
-0.477989,-0.189677,-0.074096,8.3492390000,-3.3664730000,5.174735
-0.489130,-0.159436,-0.176203,8.6846680000,-3.6413870000,4.998851
-0.512937,-0.139715,-0.168269,8.0208970000,-2.5246220000,4.019259
-0.514063,-0.101075,-0.221586,7.8394080000,-2.7768650000,2.914009
-0.507525,-0.060382,-0.273905,7.2223520000,-2.4254730000,2.619613
-0.501275,-0.034582,-0.286128,5.6512560000,-2.5418750000,1.771292
-0.467863,0.014011,-0.344881,4.8740300000,-5.8640400000,0.415123
-0.465204,0.065857,-0.318175,5.7959520000,-2.6413490000,0.370665
-0.452488,0.132766,-0.275142,5.4559250000,-1.0024770000,-0.163602
-0.435334,0.192658,-0.289949,5.4235890000,-2.3956320000,-0.451811
-0.395416,0.245597,-0.269093,5.5536130000,-2.6702310000,0.075628
-0.367430,0.313553,-0.221642,5.0458790000,-2.4517680000,-1.175432
-0.342563,0.367717,-0.189027,6.0197460000,-2.2490580000,-0.987604
-0.302448,0.444418,-0.125624,5.4050170000,-0.7125030000,-0.590482
-0.269945,0.511153,-0.072576,5.1961260000,-2.2883820000,-1.321502
-0.205517,0.587657,-0.067311,5.6123550000,-2.7170420000,-0.382574
-0.154006,0.668145,-0.018232,4.9132490000,-0.9067120000,-0.072561
-0.087514,0.711342,0.004554,4.4082920000,-1.1897560000,-0.578982
0.002021,0.774027,-0.007023,4.0211440000,-1.6982520000,-1.287588
0.068668,0.829966,0.029586,2.6168850000,-0.6766880000,-1.241801
0.137405,0.905902,0.024256,1.0439960000,-0.2383090000,-0.801866
0.181600,0.968659,0.061318,1.0472200000,0.4048520000,-0.446707
0.250045,1.030747,0.073610,-0.7443710000,0.9889820000,-0.751672
0.299610,1.058240,0.119486,-1.5614750000,1.3046510000,-1.555859
0.355202,1.104007,0.130180,-1.2380890000,2.0678960000,-1.091335
0.375343,1.123203,0.199899,-1.8102770000,5.0001900000,-0.790060
0.403329,1.169663,0.222902,-1.6957300000,2.1458610000,-0.467318
0.419741,1.208589,0.263023,-1.1852880000,3.1679690000,0.746334
0.440850,1.202270,0.304477,-1.3565780000,3.2058590000,0.864821
0.460617,1.214209,0.341362,0.2774910000,2.9389400000,0.946819
0.473291,1.207939,0.381467,0.2971530000,3.2122990000,1.658245
0.481352,1.213552,0.404434,0.3134730000,2.8723530000,1.804534
0.472263,1.212712,0.406873,1.0257430000,2.5930630000,2.994799
0.490536,1.216933,0.409945,0.8381680000,3.0708350000,3.454964
0.481001,1.193424,0.414075,0.9625460000,2.4481470000,2.436617
0.511278,1.170181,0.359196,1.1790130000,1.7882390000,3.124729
0.521818,1.158591,0.340299,0.2381280000,1.9229110000,3.015883
0.521185,1.136618,0.296675,0.0561110000,1.5287590000,1.873434
0.501904,1.129436,0.220467,-0.2084610000,1.0105150000,2.024827
0.479540,1.096093,0.195842,-1.0744690000,2.1102590000,2.854710
0.451919,1.061368,0.138485,-1.5036610000,1.4607860000,1.463261
0.413475,1.023341,0.139899,-0.2675150000,2.3023410000,1.106037
0.398320,0.984418,0.126189,-0.1764900000,1.4572310000,0.882483
0.355920,0.944143,0.077595,0.6454950000,0.5487900000,0.949544
0.303415,0.904442,0.072675,1.6459790000,1.3908280000,1.854696
0.266313,0.878523,0.069074,2.0855530000,0.3963900000,2.697688
0.193377,0.827281,0.049951,3.5829950000,0.4655020000,2.391775
0.167020,0.787554,0.030318,4.2130910000,0.4680950000,2.491568
0.118942,0.733633,0.043248,4.8314040000,0.5325420000,1.832592
0.100760,0.698147,0.005424,5.1935720000,-0.1911890000,1.189412
0.051320,0.663977,-0.015721,5.7545470000,0.1607570000,2.065583
0.000636,0.645474,-0.036010,5.1179580000,-0.0543610000,1.958680
-0.045161,0.609393,-0.102233,4.9787530000,-0.4977260000,0.892551
-0.071069,0.550073,-0.129303,4.9249380000,0.1756030000,-0.075876
-0.090054,0.514580,-0.142151,3.9668960000,0.3427680000,-1.497858
-0.146164,0.481480,-0.180877,4.7088650000,-0.8837740000,-1.764235
-0.179068,0.489246,-0.203568,4.0392930000,-0.4236060000,-1.377804
-0.249844,0.459822,-0.175074,3.3549280000,-0.9374520000,-2.939136
-0.276169,0.421825,-0.192336,3.8785420000,-1.7217380000,-3.201889
-0.296855,0.401470,-0.172179,4.3214520000,-0.0670150000,-3.151556
-0.333611,0.341139,-0.132944,4.5735200000,-2.0153750000,-3.937867
-0.352160,0.352194,-0.154834,5.3694290000,-2.9408190000,-3.165378
-0.396979,0.341415,-0.075120,5.7762380000,-1.4649130000,-3.252058
-0.392899,0.332336,-0.068444,6.7268710000,-3.7525330000,-3.186071
-0.390178,0.320581,-0.061386,7.4779720000,-3.7950570000,-2.905681
-0.382943,0.287159,-0.041922,6.0850460000,-4.3770200000,-3.624010
-0.378082,0.314774,-0.074162,7.5038210000,-4.3700970000,-3.649794
-0.373457,0.321438,-0.033197,6.9006400000,-2.8003730000,-2.976785
-0.347496,0.328164,-0.052045,5.9022800000,-3.5823980000,-3.693686
-0.325720,0.349220,-0.095202,6.1540100000,-2.8682570000,-3.381323
-0.286029,0.341851,-0.084662,4.7516180000,-2.7815710000,-2.734843
-0.264408,0.373005,-0.107541,4.4912950000,-2.1426580000,-3.651588
-0.249535,0.399862,-0.101386,4.2775420000,-0.9776880000,-2.905451
-0.194915,0.425632,-0.078491,3.5112140000,-1.0388990000,-2.437519
-0.157134,0.432440,-0.082762,3.9740780000,-0.9282840000,-2.644066
-0.098654,0.444260,-0.072983,4.4472110000,-0.0756410000,-0.700582
-0.075362,0.466420,-0.048312,3.9492790000,0.0851070000,-1.110881
-0.062722,0.493526,-0.000911,5.1271260000,-0.2214310000,-0.413110
-0.002023,0.535512,0.024101,5.1050220000,-0.6871630000,0.795366
0.047503,0.553273,0.052363,5.2667700000,-0.6789010000,0.194605
0.119299,0.585231,0.038478,5.9312540000,-2.2890780000,1.233310
0.132918,0.618997,0.077608,5.2000190000,2.0979630000,1.290375
0.161075,0.662864,0.086048,5.0208200000,-0.8018020000,1.629332
0.228680,0.720113,0.059955,4.9233720000,-1.2594920000,2.630043
0.272625,0.737500,0.075580,3.7432890000,0.6731060000,1.566418
0.335277,0.762791,0.041479,3.7925750000,-0.2602390000,1.111739
0.378622,0.832093,0.067351,3.1379060000,0.9643930000,1.422165
0.398618,0.861704,0.069987,1.5109950000,1.0908880000,1.189699
0.432529,0.911601,0.019542,0.8727090000,0.9238980000,1.013156
0.446509,0.939938,0.094894,0.9510410000,2.7009370000,1.569608
0.491941,0.953301,0.115934,0.0719320000,2.3409390000,1.032024
0.504671,0.981589,0.120763,0.7571180000,2.6512150000,1.215459
0.525642,0.996084,0.171745,0.3063770000,2.3713940000,1.863347
0.513412,1.026788,0.218812,0.1156470000,3.0207190000,1.788743
0.524096,1.023433,0.202361,0.8606330000,0.6433670000,1.951001
0.536290,1.041057,0.246592,0.9198050000,2.2997050000,2.677358
0.502150,1.029502,0.317262,1.8330020000,3.1616470000,2.537395
0.506469,1.053218,0.315493,2.8680990000,2.3947580000,3.479290
0.495972,1.048721,0.351708,1.7876290000,2.4186250000,2.601445
0.494459,1.034292,0.341385,1.5198150000,1.6934090000,2.091498
0.509765,1.030198,0.307517,2.0320330000,1.4521630000,2.063197
0.470707,0.992706,0.333497,1.0233230000,2.5837180000,1.599179
0.448072,1.007005,0.280686,0.4869110000,1.6007230000,1.111332
0.389247,0.999311,0.278290,0.4404180000,2.2626370000,1.101323
0.368627,0.972139,0.273649,-0.2243210000,2.1997290000,0.298547
0.332930,0.933993,0.234512,0.1048680000,1.8417560000,-0.613442
0.281990,0.886615,0.232162,-0.3668450000,1.5140900000,-0.927558
0.213016,0.865538,0.236107,-0.4518800000,1.0046230000,-1.721305
0.129104,0.853101,0.215576,0.9404420000,-0.0983090000,-0.767502
0.063885,0.824051,0.238530,1.7228670000,1.3729780000,0.219343
0.025192,0.769205,0.216410,2.1487630000,-0.9771230000,-0.784026
-0.010679,0.710781,0.198691,4.1511060000,-1.0677090000,-1.063587
-0.042584,0.687801,0.190639,4.0589090000,-1.5065870000,-1.042865
-0.117913,0.640832,0.202636,5.2128790000,-1.0364930000,-1.412741
-0.145659,0.639516,0.148558,6.0911940000,-2.8085170000,-0.599464
-0.174997,0.610716,0.119194,5.5534780000,-3.0206670000,-0.865105
-0.212315,0.564870,0.063491,5.9459100000,-2.9486050000,-1.754016
-0.213661,0.560212,-0.005713,6.3754240000,-2.6190910000,-1.520158
-0.256934,0.546462,-0.026790,5.8553180000,-1.3586570000,-2.656293
-0.275479,0.549118,-0.102663,5.8736640000,-3.4196640000,-3.053150
-0.308622,0.548396,-0.159899,5.0707670000,-2.1255040000,-2.779507
-0.306830,0.524342,-0.187038,4.0947430000,-2.0868400000,-2.979049
-0.316201,0.527844,-0.238290,4.9112400000,-1.9705040000,-3.472584
-0.318581,0.509791,-0.251922,4.2654600000,-1.8797540000,-2.966671
-0.335407,0.504499,-0.245505,3.9547050000,0.4817110000,-3.582726
-0.329597,0.504628,-0.248430,5.2641550000,-1.4449660000,-3.468782
-0.304824,0.515748,-0.218356,5.3066660000,-1.8215930000,-2.447983
-0.308862,0.493369,-0.186457,5.7294670000,-1.2936450000,-2.809970
-0.284221,0.519940,-0.199298,6.7846820000,-2.2999920000,-1.411260
-0.274941,0.542087,-0.147642,6.3484290000,-2.1585420000,-1.538504
-0.257662,0.545550,-0.135642,6.6755670000,-2.4443800000,-1.781211
-0.231580,0.577629,-0.119518,7.1651520000,-1.8665720000,-1.562903
-0.206739,0.586922,-0.099692,5.7120140000,-1.7588420000,-1.288117
-0.171672,0.636775,-0.119791,5.7606230000,-2.2788300000,-1.467256
-0.141658,0.653250,-0.059315,5.2226120000,0.3553200000,-1.672828
-0.090399,0.694605,-0.071388,3.3036130000,-1.2294410000,-1.788075
-0.063788,0.718104,-0.082240,3.3903650000,-1.7461200000,-1.964010
-0.004229,0.744275,-0.046878,2.1416990000,0.1356500000,-1.424600
0.031251,0.758826,-0.011250,1.0554030000,-0.1173050000,-2.337916
0.072495,0.774168,-0.003845,1.0503480000,-0.5809430000,-2.086979
0.100471,0.792684,0.059095,-0.0006330000,0.0704770000,-1.775082
0.152068,0.793046,0.082772,-0.2281030000,-1.7128910000,-1.634212
0.181909,0.805108,0.132635,0.6702610000,0.0586070000,-0.698014
0.172554,0.794575,0.234972,0.4803330000,1.6616250000,0.297635
0.211362,0.817398,0.241094,1.3249660000,0.1539360000,1.106060
0.234881,0.808522,0.313202,1.6756450000,1.0608640000,1.311249
0.270269,0.794851,0.347080,2.3569810000,1.0112200000,1.344153
0.293557,0.796919,0.340670,2.7350460000,-0.0903000000,2.619532
0.304101,0.801494,0.370812,2.0114060000,0.7414690000,3.881912
0.317618,0.805926,0.373153,1.4904930000,0.6677460000,2.769829
0.327741,0.797122,0.374748,2.0535260000,1.3972150000,3.640982
0.362387,0.782699,0.352253,1.2056270000,1.8130640000,3.404256
0.379561,0.772389,0.290333,1.3635970000,0.8593190000,3.384267
0.399610,0.765811,0.281605,0.3279090000,2.8182910000,3.822479
0.385157,0.757336,0.262548,-0.0513010000,2.5727740000,3.293366
0.389828,0.736082,0.200345,0.1743110000,2.0370510000,4.067809
0.394673,0.713791,0.180030,-0.8278730000,2.6144710000,3.556694
0.378651,0.666458,0.180027,0.0897130000,2.7797850000,2.915658
0.373406,0.650768,0.153640,0.9990790000,2.9910520000,3.663985
0.321455,0.628510,0.160772,0.5862930000,2.1395450000,4.312795
0.295537,0.609370,0.144386,1.9145900000,1.6720830000,4.476716
0.267019,0.580553,0.150150,2.8671110000,1.4521660000,5.146990
0.218350,0.518528,0.149783,3.1385650000,2.4208170000,4.737956
0.191992,0.495565,0.115826,4.3428460000,0.5562280000,4.395637
0.150069,0.464437,0.112402,4.6865890000,0.8644130000,4.786113
0.115633,0.455381,0.076230,4.3745510000,0.4748040000,4.671887
0.049233,0.427936,0.048867,5.8314050000,0.4972690000,4.775867
0.046239,0.429830,0.027121,5.2754490000,0.5564050000,4.798556
0.014833,0.394656,-0.006685,4.5408850000,-0.7592810000,3.171608
0.005727,0.383338,-0.073397,5.4966300000,-0.5889590000,2.716935
-0.029717,0.371180,-0.070397,4.6552390000,1.4959970000,2.575865
-0.068243,0.360935,-0.127321,4.3890960000,-0.6848710000,2.389104
-0.113727,0.379639,-0.160293,4.0806160000,-0.6130480000,2.256207
-0.145537,0.357607,-0.167370,3.3565100000,-0.7223140000,1.518957
-0.164651,0.350953,-0.182380,4.4585690000,-0.7787790000,0.923569
-0.171777,0.331443,-0.177247,4.2216390000,-0.6905430000,0.620610
-0.208606,0.331689,-0.158100,4.1159310000,-1.4887700000,-0.716968
-0.261227,0.357141,-0.178914,5.9000740000,-2.0499980000,0.207592
-0.307365,0.389716,-0.132484,5.0021670000,0.2392300000,0.978061
-0.364624,0.386801,-0.103004,6.0080500000,-1.5099350000,0.168532
-0.342044,0.409529,-0.121980,6.9421200000,-2.0716390000,-0.201156
-0.374343,0.409302,-0.069937,6.1648750000,-1.0247610000,-1.475258
-0.354744,0.445681,-0.095058,6.7092220000,-3.3406890000,-1.506576
-0.392209,0.491166,-0.073797,6.4883790000,-1.5012660000,-1.185289
-0.381154,0.530844,-0.078005,4.8792100000,-2.9743000000,-1.409867
-0.368340,0.562303,-0.118350,5.2592240000,-3.9414440000,-1.629673
-0.341791,0.577481,-0.092094,4.9012190000,-1.8907830000,-1.864219
-0.304746,0.599277,-0.093912,3.7990090000,-2.8982750000,-3.492486
-0.287191,0.625530,-0.119893,3.9544720000,-3.3253660000,-3.842289
-0.253740,0.687686,-0.104544,2.9669270000,-2.2949630000,-2.842899
-0.251160,0.733492,-0.076650,2.4424760000,-2.4277900000,-2.626613
-0.205957,0.758734,-0.075947,2.9832710000,-2.6274710000,-2.581023
-0.177361,0.795461,-0.034168,2.3742570000,-2.3760690000,-2.901192
-0.140735,0.819479,-0.027164,2.4380770000,-2.4937570000,-2.749872
-0.107668,0.884455,0.010811,3.1909960000,-1.3677400000,-1.872302
-0.095553,0.911821,0.054786,2.7524030000,-0.6775450000,-1.304812
-0.051286,0.955218,0.045539,2.9347430000,-1.8316140000,-1.154525
-0.011102,0.981576,0.064692,3.3618500000,-1.0993050000,-0.567615
0.067745,1.011311,0.088421,2.4003320000,-0.4823450000,0.097585
0.099555,1.030756,0.114775,2.7270730000,-0.2573300000,-0.457321
0.168090,1.067878,0.097198,2.3733540000,-0.1267580000,0.342206
0.196594,1.086788,0.126842,0.9953370000,1.5633950000,0.477560
0.252166,1.104221,0.099857,1.0714900000,0.9433860000,0.606177
0.304941,1.125255,0.113558,0.2817360000,2.8268490000,0.849274
0.339764,1.103334,0.120277,-0.6735820000,2.2224530000,0.542512
0.370002,1.118352,0.083326,-0.5728930000,1.9800090000,1.043428
0.372060,1.100216,0.160040,-1.3354170000,3.1582170000,1.756627
0.397233,1.118956,0.169874,-1.4187480000,2.4985290000,2.049161
0.403069,1.110382,0.197759,-1.1516030000,2.7632090000,3.463259
0.404527,1.057745,0.229484,-1.5838540000,2.7480670000,3.216299
0.417880,1.011715,0.244645,-0.2905380000,2.0572680000,2.396377
0.437053,0.978447,0.273685,0.7615390000,1.9140710000,3.358950
0.417483,0.948262,0.322547,0.9237800000,3.3161910000,3.645461
0.402695,0.914867,0.309480,1.4956300000,1.0899790000,4.589008
0.396166,0.913760,0.323223,1.6920350000,1.1791730000,5.828821
0.376262,0.847869,0.337574,1.4220410000,1.2108190000,4.690285
0.376613,0.814841,0.290258,2.5474610000,0.7913850000,4.143468
0.354138,0.768165,0.304090,2.1131420000,3.2001300000,4.186993
0.331854,0.743031,0.248358,1.2098580000,1.0879270000,3.124934
0.287341,0.726908,0.198704,1.8349360000,-0.1125230000,3.279500
0.251208,0.701147,0.177959,1.0943520000,1.7146170000,3.209791
0.204942,0.664187,0.129402,1.4084650000,1.6479700000,2.514157
0.177996,0.607250,0.092580,1.5779080000,1.1967210000,2.577541
0.138558,0.557570,0.085723,0.9785180000,1.3301940000,1.099607
0.110654,0.494481,0.037399,1.9806460000,-0.2526170000,1.426086
0.067693,0.465573,0.056276,2.6623460000,0.5335040000,2.177472
0.011055,0.381746,0.060221,2.6175210000,-0.2746360000,1.465790
-0.005325,0.340519,-0.008720,4.5536110000,-2.1278670000,1.533803
-0.058927,0.284497,0.059122,5.8634480000,0.3522210000,1.531633
-0.080049,0.233692,0.028208,6.4289830000,-1.1945130000,0.849435
-0.119485,0.216774,0.007712,7.9948210000,-1.5922030000,1.128196
-0.148124,0.207176,-0.002365,7.6415020000,-2.3181270000,0.994908
-0.214794,0.184068,-0.048769,8.5835260000,-1.4421630000,0.740355
-0.224204,0.183382,-0.079220,8.4851190000,-2.1506570000,0.689503
-0.269614,0.169238,-0.118616,7.7124530000,-1.8926710000,-0.949518
-0.278447,0.184393,-0.232451,8.1001220000,-3.8013200000,-1.204278
-0.299464,0.217224,-0.227143,7.2400020000,-2.1334310000,-1.487931
-0.338023,0.222538,-0.263864,7.2107360000,-2.3980190000,-3.184273
-0.314714,0.268719,-0.313291,6.9487280000,-1.9983520000,-3.397084
-0.327690,0.265955,-0.292582,6.0767350000,-1.8809620000,-4.291683
-0.292164,0.290895,-0.349896,6.5250350000,-3.0844320000,-4.384927
-0.288468,0.332788,-0.316074,6.3806930000,-1.7198830000,-4.464264
-0.274239,0.353760,-0.309949,5.9407640000,-2.7192080000,-4.862936
-0.253303,0.402924,-0.306361,6.9689190000,-3.1212640000,-5.375729
-0.239222,0.441198,-0.266316,6.4898760000,-2.7521250000,-4.630770
-0.202288,0.483554,-0.256432,6.4118950000,-3.2948950000,-5.334414
-0.188738,0.535371,-0.189424,7.7362510000,-2.1182140000,-5.386506
-0.155536,0.596217,-0.147777,6.7959960000,-2.0536380000,-4.848289
-0.134065,0.669682,-0.141573,6.5463080000,-2.6390310000,-4.962062
-0.083326,0.728070,-0.111624,6.3443890000,-2.4463650000,-4.200720
-0.050232,0.780454,-0.076492,5.4480730000,-1.4992970000,-4.910075
0.002366,0.829116,-0.081235,5.1538020000,-1.9721020000,-4.821722
0.065261,0.904927,-0.072845,3.9943800000,-1.9528770000,-4.763403
0.099142,0.941261,-0.005142,2.9721330000,-0.8569330000,-5.901881
0.165165,1.010133,-0.033706,2.6071790000,-0.6956110000,-5.127853
0.198189,1.074022,0.048582,1.4515440000,0.5672670000,-4.827668
0.251365,1.116602,0.070295,0.6732120000,-0.2277620000,-4.806736
0.308026,1.165553,0.102197,0.7601480000,0.0072830000,-4.813520
0.350393,1.181263,0.162276,0.1261050000,2.4053740000,-5.142420
0.395493,1.223324,0.172665,0.3408820000,0.2640290000,-5.061561
0.433770,1.259736,0.218651,0.2296370000,0.6344920000,-3.593615
0.460453,1.296217,0.276793,-0.3136400000,0.9416920000,-3.986218
0.475532,1.314743,0.303125,0.5658900000,0.9696780000,-3.178377
0.519094,1.344997,0.354735,-0.1026480000,2.0385580000,-2.367247
0.535949,1.332610,0.380361,-0.1955180000,0.3474330000,-2.698110
0.570057,1.366127,0.371751,0.5695270000,1.0106130000,-2.302901
0.578092,1.354546,0.421939,-0.5065780000,1.6035660000,-2.376690
0.605766,1.360842,0.385803,-0.1691960000,0.9062090000,-1.831736
0.621420,1.360225,0.392647,-0.8408910000,2.1408710000,-0.943928
0.621755,1.305861,0.395345,-2.1576050000,1.3934180000,-1.891931
0.634882,1.307200,0.353655,-1.6149850000,1.8034070000,-1.241687
0.606827,1.262385,0.386853,-2.1073080000,3.9864980000,-0.738305
0.611415,1.223419,0.334643,-2.3701160000,2.1683320000,-1.307593
0.600544,1.179031,0.330359,-1.6061320000,2.2351960000,-0.655208
0.578985,1.109794,0.344976,-2.3573410000,2.1347370000,-0.369317
0.541762,1.065928,0.329283,-1.2770250000,2.3649170000,1.329506
0.515063,0.995723,0.338510,-1.3314810000,1.9793030000,2.150944
0.462856,0.916659,0.338716,-0.6415780000,2.0282210000,1.377422
0.430563,0.845069,0.318684,0.8206290000,1.8081210000,3.089004
0.410032,0.789212,0.327425,0.9465830000,2.0071450000,3.653647
0.341278,0.692307,0.302521,2.4882820000,1.5380870000,3.156991
0.303697,0.641075,0.270199,2.5754800000,1.1327920000,4.734033
0.230863,0.561840,0.265771,2.1768050000,1.2397790000,4.032753
0.201528,0.486879,0.200188,3.1457340000,0.3138400000,5.033238
0.172426,0.419103,0.181547,3.0676090000,1.2733690000,5.297620
0.098052,0.322764,0.138074,3.4651290000,0.9665330000,3.796659
0.048149,0.265177,0.063491,3.6600430000,0.7135030000,4.182274
-0.038106,0.200651,0.075117,3.1044710000,1.2565300000,4.028045
-0.075694,0.154010,0.013345,3.8223140000,0.2218660000,4.476925
-0.142623,0.074011,-0.005319,4.1994790000,0.9409130000,4.190844
-0.187037,0.006937,-0.028204,3.7094900000,-0.3444930000,4.126683
-0.270237,-0.052655,-0.047265,5.5405940000,1.6610280000,3.031933
-0.292384,-0.099611,-0.065030,5.7604360000,-1.1066030000,4.294100
-0.363531,-0.158796,-0.068529,6.0882330000,-1.3096440000,3.356133
-0.419227,-0.197280,-0.111772,7.5501420000,-2.4425910000,4.201499
-0.473430,-0.225916,-0.096788,7.3938390000,-2.2051390000,3.684350
-0.497011,-0.218783,-0.116699,8.4661950000,-3.3121250000,4.658049
-0.531306,-0.247517,-0.150285,8.9277420000,-3.6876030000,3.522805
-0.567373,-0.282715,-0.130981,8.3700560000,-3.6115790000,2.505849
-0.557487,-0.279393,-0.186362,9.0120650000,-4.3026800000,1.902606
-0.563750,-0.243158,-0.201931,8.9896850000,-3.0663490000,2.484063
-0.566947,-0.226306,-0.229185,7.9290940000,-3.6538200000,2.442691
-0.574496,-0.163677,-0.302111,8.1178140000,-3.7481380000,2.195890
-0.558100,-0.127462,-0.281595,7.2640420000,-2.8546780000,2.033133
-0.528358,-0.106812,-0.294912,7.3156000000,-2.8176090000,0.365940
-0.494943,-0.046061,-0.318044,7.0559980000,-2.2696790000,1.226365
-0.489763,0.001193,-0.294627,5.6569740000,-2.4925590000,0.558680
-0.463015,0.107062,-0.310323,6.1946900000,-2.2809570000,1.329570
-0.425644,0.150754,-0.284185,5.8056720000,-1.4200520000,1.396755
-0.365523,0.199902,-0.238362,5.1197340000,-2.3072530000,0.738655
-0.336355,0.258024,-0.220742,6.5829430000,-1.5390370000,1.221252
-0.270966,0.366371,-0.182101,5.2365100000,-1.1939320000,2.118273
-0.255762,0.429775,-0.115383,5.7326540000,-0.9420730000,1.109878
-0.171567,0.530316,-0.094299,5.7632820000,-1.3398390000,2.608107
-0.123427,0.571599,-0.034966,4.4573110000,-1.3265720000,1.930270
-0.060398,0.623521,-0.047177,4.6878730000,-1.3597800000,1.073623
-0.003244,0.724469,0.006396,3.7417400000,0.1635140000,2.593798
0.042093,0.814309,0.046113,2.6168290000,-0.2922790000,2.731495
0.092498,0.883644,0.044755,2.2720380000,-0.4632480000,2.256644
0.171858,0.938618,0.073804,0.7617690000,0.5854850000,2.354271
0.245634,0.985140,0.097684,0.5215110000,0.4396230000,0.961023
0.278317,1.042924,0.128522,-0.2703080000,1.4356170000,1.687174
0.314263,1.123410,0.157178,-1.7156770000,1.5919560000,2.229402
0.322876,1.157741,0.191525,-1.7809910000,0.7188010000,1.437854
0.401684,1.221158,0.209756,-1.4221420000,1.9943890000,3.165724
0.426588,1.224919,0.305449,-1.4286340000,3.9678500000,2.784987
0.479032,1.252767,0.302396,-0.8126750000,1.8066630000,2.943795
0.492742,1.289994,0.346926,-1.0282690000,2.4021500000,4.098300
0.502675,1.326159,0.372158,-1.2341370000,1.7304910000,4.985162
0.515595,1.361810,0.375322,-0.1311620000,2.0983570000,5.508012
0.531744,1.331966,0.404270,-0.7769100000,2.0282250000,4.745712
0.559527,1.334855,0.390467,-0.8616560000,1.8815260000,4.074263
0.550786,1.336824,0.380371,-0.1355210000,1.3045980000,4.831449
0.538086,1.364833,0.385961,-1.0096710000,2.6537060000,5.237145
0.507208,1.352780,0.359340,-0.4225930000,2.3852690000,4.252479
0.502947,1.333634,0.316032,-1.0188980000,2.7491270000,4.161332
0.483207,1.290236,0.297683,-2.0106470000,2.6572380000,3.237379
0.469411,1.277153,0.241432,-1.2631600000,2.4654360000,3.400250
0.425190,1.242536,0.253235,-1.4957270000,3.5296380000,2.095432
0.387668,1.199963,0.192464,-1.0251080000,1.0028300000,1.911090
0.358878,1.163305,0.190797,-0.5254450000,1.4799620000,2.033936
0.305978,1.092581,0.183943,-0.3380410000,0.7338640000,1.932654
0.275110,1.052335,0.143838,1.0524980000,-0.2794080000,2.085711
0.218058,0.998963,0.167872,1.6988890000,-0.5975910000,2.101214
0.179923,0.948764,0.124019,3.0453280000,-1.3865910000,1.421802
0.142706,0.894332,0.106996,3.7581850000,-0.8895710000,1.446998
0.105520,0.817030,0.084928,3.7583130000,-1.1682000000,1.125041
0.062543,0.786911,0.049370,5.2917300000,-1.6411210000,0.566889
0.001654,0.748211,0.041541,4.6393820000,-1.3670830000,0.738376
-0.023168,0.720779,-0.027515,4.6461960000,-2.2505090000,0.296137
-0.058097,0.663153,-0.062923,5.7250090000,-1.0696190000,-0.937069
-0.063880,0.610818,-0.091861,5.2865310000,-1.2591770000,-1.648907
-0.101412,0.589531,-0.143913,5.6340070000,-0.8352530000,-2.312666
-0.141956,0.563416,-0.181146,4.7104240000,-1.1614090000,-2.082534
-0.192339,0.559382,-0.217470,4.2163150000,-1.4792480000,-3.254852
-0.223344,0.510175,-0.245695,5.1255470000,-1.7407360000,-3.448702
-0.231347,0.473448,-0.247625,4.8381440000,-0.8284850000,-3.940007
-0.263439,0.431206,-0.241090,5.9071580000,-0.8290720000,-5.734349
-0.269604,0.416855,-0.261789,6.0849710000,-2.3980710000,-5.330182
-0.304050,0.418345,-0.230169,6.0331450000,-2.4882360000,-5.472040
-0.339034,0.394580,-0.221487,7.3072490000,-2.8076240000,-5.369786
-0.320954,0.393599,-0.191876,7.8922420000,-2.3082900000,-5.462439
-0.322527,0.376350,-0.166231,7.7643610000,-3.1549850000,-6.549770
-0.282310,0.383522,-0.222016,8.4302010000,-5.5852260000,-6.504101
-0.273553,0.411817,-0.171758,7.8966210000,-3.0497430000,-6.560838
-0.271521,0.418949,-0.178953,8.3757780000,-3.9107920000,-6.996122
-0.215624,0.448521,-0.179912,7.5690370000,-3.6899400000,-7.084199
-0.174919,0.461923,-0.183204,6.2190910000,-4.3002730000,-7.882347
-0.136826,0.486249,-0.219997,6.2140960000,-2.9848690000,-7.654795
-0.111131,0.529604,-0.176961,4.8678070000,-1.1438780000,-7.867113
-0.093232,0.568704,-0.177138,4.7525340000,-2.2013050000,-8.141634
-0.029218,0.600609,-0.163221,4.2901340000,-1.3662200000,-7.727974
0.016431,0.624542,-0.124829,3.1792350000,-1.0701150000,-7.801536
0.063800,0.634333,-0.112976,3.9078450000,-0.8254150000,-7.671722
0.087089,0.665326,-0.059755,2.6938910000,1.4601760000,-6.741547
0.117750,0.692662,0.001032,2.7398910000,-0.2274410000,-5.966849
0.184761,0.721387,0.037297,3.9913920000,0.4336190000,-5.011511
0.258396,0.728135,0.092767,3.5609240000,0.4927660000,-5.190616
0.312015,0.721538,0.120185,4.5960730000,0.0352500000,-4.661838
0.368965,0.772113,0.152133,4.3224460000,0.7188700000,-3.305324
0.398280,0.804797,0.202075,3.4957930000,0.6422450000,-2.732249
0.453074,0.829316,0.200329,3.5930420000,-0.2059900000,-2.432418
0.508833,0.850275,0.221937,2.9379100000,1.3293540000,-1.775539
0.539744,0.834043,0.217864,1.9534770000,0.6252810000,-2.194834
0.592125,0.885236,0.192044,1.9819130000,1.4992700000,-1.449543
0.588901,0.901750,0.244927,1.0412290000,2.9916790000,-1.614876
0.626551,0.927389,0.211089,0.8957280000,1.6643470000,-1.344213
0.644867,0.939803,0.215635,-0.0796840000,2.5845780000,-0.409427
0.662113,0.909007,0.224012,-1.4679880000,2.6756590000,-0.820256
0.660593,0.922469,0.227097,-0.5956040000,3.3608880000,-0.488172
0.639149,0.913714,0.271151,-0.6497420000,3.3163850000,0.811326
0.635351,0.893022,0.274299,-0.9415210000,3.2950720000,0.465577
0.614143,0.871860,0.306335,0.7481990000,3.2360470000,1.675707
0.621811,0.831210,0.344914,0.5267660000,3.3304600000,1.903572
0.584148,0.812412,0.341585,1.6547890000,2.8264900000,2.715151
0.552473,0.774555,0.360834,1.4044440000,2.7834970000,3.794837
0.516993,0.750978,0.347632,1.2204930000,2.0389840000,3.596443
0.477446,0.714697,0.368377,2.6913820000,2.6292390000,4.824732
0.446913,0.688427,0.359265,2.5339630000,3.6302480000,4.882263
0.410127,0.640937,0.311443,2.7263240000,2.0917300000,5.048151
0.376347,0.610817,0.260509,2.6316160000,1.8341900000,5.712326
0.320421,0.584719,0.251850,1.7879700000,2.2334460000,5.975170
0.262713,0.528714,0.208171,2.1812650000,1.7866630000,5.584557
0.233105,0.497406,0.170557,1.6095500000,1.9507950000,5.357960
0.174845,0.450464,0.162043,1.1004670000,0.2528520000,4.984350
0.125635,0.410924,0.116072,1.9409420000,1.1931820000,5.312058
0.055473,0.387195,0.134542,2.0377670000,2.4573930000,5.839007
-0.034594,0.329276,0.094638,2.8332130000,0.8491300000,5.327393
-0.086079,0.304671,0.068201,3.5652000000,0.0390310000,5.515430
-0.165419,0.270931,0.109103,3.7993760000,0.0765520000,5.547772
-0.236792,0.245945,0.062686,5.0441320000,-0.6839330000,5.200899
-0.314754,0.241773,0.102952,5.9321660000,1.0126940000,5.330896
-0.364407,0.212891,0.068014,5.8562110000,-2.0610670000,4.418115
-0.413906,0.223595,0.017940,7.0104280000,-2.8688480000,4.266991
-0.471359,0.212077,0.012400,7.0682210000,-2.3284830000,4.883587
-0.519342,0.231374,-0.005345,7.0060420000,-2.9752980000,3.515002
-0.564045,0.237224,-0.072120,7.2553990000,-3.9409940000,2.373734
-0.576981,0.272838,-0.113495,5.8131090000,-4.2753660000,2.175569
-0.616695,0.277791,-0.127045,5.9303480000,-3.8632950000,0.329170
-0.613659,0.327540,-0.187186,5.8809480000,-4.9302220000,0.665465
-0.619499,0.362124,-0.188955,4.8766830000,-4.6424740000,0.056910
-0.618698,0.374121,-0.250803,4.8743590000,-5.6326800000,-1.016586
-0.600122,0.427763,-0.248226,4.5826750000,-4.4537760000,-0.928922
-0.587390,0.443223,-0.227675,3.8721250000,-4.2689100000,-1.772214
-0.561019,0.486807,-0.258467,4.4351390000,-4.7481620000,-2.006176
-0.554270,0.554507,-0.203880,4.2625250000,-3.7179880000,-0.903954
-0.524932,0.590220,-0.182318,3.8906940000,-4.9598500000,-1.554727
-0.497520,0.638055,-0.155855,4.8860150000,-3.2568620000,-1.667013
-0.453345,0.673742,-0.098977,4.5105950000,-1.2896410000,-0.987131
-0.419001,0.723858,-0.092146,5.0794720000,-2.7078120000,-0.960406
-0.386002,0.775015,-0.064866,5.0207160000,-2.2832450000,-0.467203
-0.319106,0.834693,-0.026881,4.0225460000,-1.6976120000,-0.231958
-0.275378,0.875579,-0.005119,4.5694950000,-1.0635370000,0.265975
-0.196776,0.920838,0.018978,3.4145200000,-0.8593490000,0.671566
-0.129779,0.961875,0.034920,2.1915830000,-0.2495670000,-0.195171
-0.058586,0.982262,0.038738,1.7807200000,-0.0475460000,0.041421
0.008090,1.028016,0.057215,0.3526360000,1.3894490000,0.164424
0.057153,1.063909,0.078826,0.6204500000,0.6352400000,0.187352
0.140862,1.095023,0.082128,-0.3022270000,0.4525920000,0.596390
0.187991,1.109417,0.120369,-1.5654140000,1.4904200000,0.164494
0.240891,1.116546,0.129527,-1.1914520000,0.9061170000,0.575564
0.292038,1.147900,0.186050,-1.4805760000,1.5379930000,1.031751
0.328364,1.126197,0.240795,-1.8296470000,2.1949860000,-0.092346
0.355018,1.146659,0.239744,-1.0827900000,1.5971490000,1.069191
0.370186,1.144907,0.308905,-0.4504680000,2.3902190000,2.775147
0.378858,1.150313,0.313041,-0.8300980000,2.4118830000,2.597049
0.393389,1.143764,0.339708,0.4927760000,1.6094250000,2.650579
0.440778,1.135745,0.345574,-0.0560630000,1.7703270000,3.667706
0.440463,1.090418,0.372890,0.8988860000,2.8620660000,3.098932
0.481457,1.066358,0.329992,0.9480210000,1.3555910000,3.351432
0.479238,1.048958,0.356100,0.2433670000,2.1534990000,3.300666
0.496625,1.020433,0.297039,0.5980280000,1.5265330000,3.822745
0.501602,0.994997,0.284609,0.4182620000,3.5522800000,4.113389
0.512470,0.941586,0.258513,-0.5589300000,2.1675510000,3.618228
0.516120,0.908807,0.198428,-0.3040490000,0.7064460000,3.211580
0.510077,0.854273,0.172294,0.1254720000,3.5018490000,3.683216
0.495398,0.804518,0.150003,0.0267520000,2.7518510000,2.964198
0.457125,0.762919,0.089172,0.9484250000,1.9303750000,3.424731
0.440890,0.721462,0.093088,0.9263370000,1.9382990000,3.938682
0.392864,0.659644,0.094736,1.9753250000,1.8356010000,3.542167
0.379882,0.618731,0.038137,3.1363010000,1.6159670000,3.420396
0.336905,0.555702,0.071894,3.3217290000,1.7212480000,3.070088
0.317122,0.523377,0.032124,4.5689570000,1.3313270000,2.834363
0.255370,0.482264,0.019394,5.1272500000,2.0264850000,3.799994
0.205762,0.443206,0.014146,5.0403580000,2.4624550000,3.496227
0.160763,0.403584,-0.048976,6.0364130000,0.4795670000,2.488243
0.132134,0.356346,-0.069284,5.6809420000,0.7761940000,2.096281
0.103521,0.319885,-0.099066,5.5454690000,0.0914410000,1.096584
0.060600,0.276245,-0.153311,5.9562530000,-0.4177240000,0.884000
0.017567,0.263824,-0.151621,5.2423260000,0.3482630000,0.293932
-0.040726,0.222843,-0.184862,4.8443800000,-0.9372680000,-1.196089
-0.071623,0.221839,-0.246608,4.9740400000,-0.8876610000,-0.028260
-0.120138,0.176075,-0.207727,4.7178060000,-0.7683410000,-1.074770
-0.140456,0.159062,-0.244592,6.0644390000,-1.8010780000,-1.922398
-0.176136,0.143526,-0.216501,6.0009470000,-1.6476240000,-2.144777
-0.202438,0.128319,-0.193931,6.2405910000,-2.4705830000,-2.873879
-0.234393,0.130534,-0.209346,7.4319650000,-2.4316800000,-2.854086
-0.252798,0.123320,-0.175067,6.8554080000,-3.0049770000,-2.482731
-0.290473,0.139896,-0.171657,7.4446810000,-3.5685060000,-3.305541
-0.298374,0.156666,-0.170403,8.0362130000,-3.5226570000,-2.738093
-0.308668,0.184183,-0.131575,7.6513700000,-1.6341950000,-3.668753
-0.317081,0.206395,-0.160621,8.2198950000,-3.8214740000,-4.738652
-0.295046,0.259662,-0.182472,7.8445050000,-3.0578380000,-4.067003
-0.313316,0.290924,-0.144964,7.0944780000,-1.7407730000,-4.539964
-0.294386,0.349828,-0.166408,7.1396580000,-1.9835020000,-4.786226
-0.276671,0.416199,-0.170071,6.4068930000,-1.7814290000,-4.723906
-0.253589,0.454849,-0.185275,5.1836400000,-2.1020510000,-5.367120
-0.213891,0.519106,-0.182594,5.3406160000,-1.5202060000,-5.520246
-0.178680,0.555102,-0.163024,4.3807980000,-0.8003700000,-6.012753
-0.158556,0.622185,-0.157575,4.6708380000,-1.7007990000,-5.894589
-0.131971,0.669097,-0.146251,4.3114400000,-1.5105950000,-5.161693
-0.101435,0.739680,-0.085709,3.6261060000,-1.5521110000,-4.802720
-0.053491,0.790768,-0.084597,4.2388820000,-1.9969270000,-4.564389
-0.003142,0.840060,-0.030984,4.1261270000,-1.9221900000,-4.772249
0.035581,0.867613,0.006370,3.7333110000,-2.3225850000,-5.259255
0.100560,0.942049,0.017215,3.9127580000,-2.3279840000,-4.465000
0.144144,1.005603,0.076693,3.8922890000,-1.7368730000,-3.368177
0.204410,1.050438,0.097421,3.0645960000,-1.6879610000,-3.078866
0.269625,1.107740,0.081738,3.1968060000,-2.9981600000,-2.650705
0.330534,1.149305,0.116640,2.1878830000,-0.6408930000,-2.624068
0.384458,1.186649,0.137149,1.4735430000,-0.1769630000,-2.985093
0.427520,1.234826,0.113991,1.0256110000,-0.1359360000,-2.150353
0.466539,1.277094,0.141409,-0.5653040000,0.9113030000,-2.067475
0.491754,1.310817,0.150223,-0.6160700000,1.3520560000,-1.996568
0.516356,1.342247,0.188962,-1.2833640000,2.3538360000,-1.492346
0.541188,1.324879,0.220431,-2.2141180000,2.7894190000,-1.338665
0.558289,1.353561,0.228157,-2.1915910000,2.7404060000,-0.557694
0.556379,1.344144,0.288551,-1.9909260000,4.7918640000,0.442583
0.556333,1.331182,0.338749,-1.7422190000,3.5285350000,0.380765
0.558647,1.308536,0.341592,-0.7037310000,2.9709440000,1.410522
0.565392,1.285418,0.393018,-0.9624820000,2.9194890000,1.965098
0.553782,1.242831,0.426348,-0.6493080000,2.6093480000,2.305884
0.555791,1.241912,0.441703,0.1369340000,1.3643380000,3.422629
0.503653,1.187729,0.483728,-0.0301880000,4.5245450000,3.980611
0.497991,1.158026,0.434935,0.2822970000,1.3283300000,3.747781
0.479101,1.097268,0.446696,0.8091480000,1.7795540000,3.927200
0.468876,1.054134,0.416461,-0.0710740000,1.5343880000,3.523008
0.408932,1.002094,0.382025,0.6585820000,1.4809080000,3.454835
0.382502,0.977033,0.339028,-0.3523790000,0.9753920000,4.402915
0.320913,0.917749,0.332083,-0.7649950000,1.3331950000,3.591473
0.296023,0.853495,0.288991,0.1853760000,0.9946540000,3.568271
0.252117,0.779535,0.264560,-0.2885750000,1.0823110000,3.518237
0.207909,0.713384,0.223244,-0.1455950000,0.0089770000,3.154927
0.139861,0.656184,0.199325,0.8521610000,0.9196170000,3.472713
0.080462,0.589370,0.198652,1.2155890000,1.0729200000,4.302803
0.012886,0.533920,0.164173,2.5294890000,0.1226580000,4.275575
-0.033114,0.449151,0.139581,3.7094210000,0.1080830000,4.438457
-0.081730,0.391281,0.145640,4.2290700000,0.3095790000,4.040711
-0.142583,0.324205,0.092107,5.8621780000,-0.8249860000,4.129675
-0.206738,0.303923,0.082512,6.1480460000,-0.2030430000,5.037506
-0.282953,0.244767,0.057576,6.3459010000,-1.3077340000,4.485530
-0.301975,0.220325,-0.015101,7.6056520000,-2.4578180000,4.226352
-0.341325,0.166832,-0.038505,7.6012110000,-1.5148200000,3.753957
-0.373184,0.127876,-0.108660,6.9867120000,-2.4057060000,2.499829
-0.410443,0.132310,-0.172211,7.7895740000,-3.3203710000,3.089585
-0.432130,0.132245,-0.181868,7.0957750000,-2.5301630000,2.673837
-0.462119,0.117720,-0.249208,7.0436100000,-2.6662130000,1.525981
-0.447367,0.089123,-0.300693,6.4486650000,-3.0646720000,0.624286
-0.456867,0.076384,-0.292746,5.4724680000,-2.6929920000,-0.499454
-0.447367,0.083943,-0.342636,6.0875810000,-4.3186160000,-0.663113
-0.490095,0.109008,-0.306880,6.2191140000,0.4684560000,-0.162355
-0.505660,0.120533,-0.325895,5.0451270000,-3.3292260000,0.183686
-0.502345,0.150567,-0.324057,6.4519410000,-3.9343500000,-0.543558
-0.494973,0.147012,-0.269056,6.8749720000,-1.8652030000,-0.818978
-0.470686,0.171578,-0.259803,6.6937580000,-3.4847980000,-1.570978
-0.474497,0.202246,-0.231558,7.7445490000,-3.1276550000,-1.018741
-0.449426,0.272477,-0.198369,6.9283310000,-2.9695240000,0.038686
-0.448897,0.303125,-0.144970,7.0273690000,-2.4336330000,-0.736462
-0.371517,0.360059,-0.133475,7.7196180000,-2.3190070000,0.087617
-0.330362,0.388879,-0.085726,6.8056460000,-1.8301210000,-0.513167
-0.249614,0.443082,-0.104009,6.1434870000,-2.6869160000,-1.700813
-0.206640,0.513221,-0.085703,5.8089510000,-1.3151950000,-1.814579
-0.163939,0.593119,-0.048956,4.3076490000,0.0919340000,-0.597005
-0.123827,0.659086,-0.079118,3.3045650000,-1.0673930000,-0.882437
-0.054253,0.708881,-0.061885,2.7840300000,-0.7732510000,-1.234915
0.018584,0.752199,-0.019312,1.4556040000,-0.3592900000,-1.946613
0.078489,0.785903,-0.015928,1.6501970000,-0.5917650000,-2.540793
0.142155,0.872638,0.022651,1.2021470000,0.1060160000,-1.564682
0.161873,0.914240,0.080261,0.0644350000,0.2044690000,-1.939550
0.224810,0.984917,0.072160,-0.1228180000,-2.7660420000,-0.917428
0.258652,1.018392,0.174975,0.7577280000,1.0460900000,-0.297894
0.326927,1.038812,0.217099,0.5908980000,-0.0204630000,-1.261726
0.375947,1.067395,0.209973,1.5034460000,-0.0716400000,-1.149371
0.415956,1.103348,0.257660,1.1531140000,1.0663620000,-0.072573
0.439944,1.154879,0.278914,1.2285970000,1.1122870000,0.223243
0.455752,1.178870,0.282685,1.0936560000,1.3232820000,1.184616
0.493432,1.204194,0.292093,-0.0027670000,1.6598200000,-0.057738
0.516527,1.202477,0.280351,0.3094100000,0.8178450000,-0.537626
0.551967,1.227759,0.287369,-0.1940930000,3.6296410000,0.375450
0.543771,1.223898,0.295076,-1.4318580000,3.1261770000,-0.030795
0.568934,1.235124,0.240348,-0.9183240000,1.2028200000,0.159035
0.576444,1.221630,0.248551,-1.3657000000,3.1521320000,0.855697
0.589479,1.170831,0.256567,-1.9471680000,3.2105330000,0.922214
0.598680,1.152512,0.229073,-1.0248680000,2.6873810000,-0.093290
0.578791,1.118627,0.260391,-1.4184850000,2.8726450000,1.020412
0.569262,1.096789,0.238510,-0.9522970000,2.2756350000,1.281294
0.549259,1.064621,0.256104,0.0107340000,2.3674970000,2.020624
0.522609,1.007001,0.276445,0.2488850000,3.3757180000,1.875587
0.494459,0.956298,0.239177,1.5122160000,1.5906490000,1.545368
0.448764,0.920867,0.215340,1.8936680000,1.7732680000,2.834726
0.393002,0.884970,0.228187,1.8405450000,1.8452060000,2.591589
0.341156,0.840004,0.182348,2.9972760000,1.5501800000,2.089967
0.304872,0.793147,0.154083,2.4896570000,1.9613940000,2.009544
0.245956,0.737257,0.142896,2.9659520000,2.0714280000,1.611778
0.226021,0.710246,0.077773,3.3306110000,0.7265640000,1.809437
0.161203,0.653568,0.077983,3.1134020000,2.0067210000,1.037525
0.119296,0.608149,0.012544,3.8275260000,0.5129360000,1.101014
0.062490,0.566941,-0.021544,3.4626570000,0.4189040000,1.466642
0.029630,0.503633,-0.031129,3.0491880000,0.0002130000,0.097855
0.002967,0.456605,-0.063458,4.2559760000,-1.5835370000,0.249924
-0.044973,0.399133,-0.059936,3.9603670000,0.3020920000,-0.191025
-0.114295,0.363732,-0.088020,4.3109770000,-1.1514900000,-0.408540
-0.157482,0.333120,-0.129957,5.3377340000,-1.9928050000,0.370593
-0.223344,0.313786,-0.093584,5.7157750000,-0.3463540000,-0.016709
-0.281256,0.260995,-0.110150,6.5189420000,-2.2723010000,-1.407823
-0.313047,0.253918,-0.144619,6.8989370000,-2.2899970000,-0.795173
-0.377859,0.227957,-0.096824,7.0372850000,-1.4905230000,-1.370864
-0.400370,0.237621,-0.121383,8.2326570000,-2.6977640000,-1.356185
-0.451346,0.245069,-0.138914,7.4117420000,-1.8836800000,-0.654282
-0.455935,0.233518,-0.154467,6.8449900000,-2.5743610000,-1.488616
-0.439647,0.244343,-0.192819,7.6995200000,-3.0807560000,-1.967517
-0.434635,0.229838,-0.182032,6.9824940000,-1.8605590000,-2.676291
-0.430105,0.243713,-0.196836,6.1584120000,-2.6863580000,-3.131306
-0.435170,0.264593,-0.236134,6.5180030000,-3.0908660000,-2.647002
-0.415764,0.303667,-0.199268,5.0018020000,-2.7764640000,-2.513043
-0.413365,0.322908,-0.203936,5.2751570000,-2.1909100000,-2.975585
-0.377675,0.354866,-0.212408,5.1569930000,-2.8883880000,-2.608890
-0.354744,0.378523,-0.162210,4.4522700000,-2.6198230000,-2.648775
-0.346613,0.401516,-0.168784,4.7495270000,-3.1603880000,-3.291884
-0.319986,0.472788,-0.133206,5.0116990000,-1.7390130000,-1.638980
-0.322234,0.507230,-0.061019,4.7981470000,-1.3091090000,-0.889931
-0.275000,0.549062,-0.049255,5.5544140000,-2.2132600000,-0.606594
-0.225846,0.584368,-0.012245,5.0561360000,-1.9150570000,-0.248276
-0.160978,0.612531,0.016854,5.0978330000,-2.1143570000,-0.429772
-0.112168,0.650085,0.025536,5.3491400000,-0.8605970000,0.010929
-0.056423,0.687551,0.076732,3.9397230000,-0.8636530000,0.450306
-0.006589,0.752649,0.056923,3.6578410000,-1.4892030000,0.435932
0.044447,0.780648,0.092852,2.6007740000,-0.4601000000,1.354313
0.091333,0.828841,0.104403,1.8428500000,-0.2759220000,1.230591
0.139641,0.856511,0.071480,1.9197150000,-1.4734080000,0.982032
0.194392,0.913478,0.105059,0.8380950000,1.2203350000,1.242424
0.207935,0.941484,0.148476,0.1336940000,1.8131460000,1.261098
0.251674,0.978530,0.143828,0.2935750000,1.1458460000,2.271977
0.276945,1.005104,0.205233,-0.6891800000,1.8534220000,3.226582
0.303365,1.004648,0.209700,-0.5117050000,1.9257170000,2.627718
0.337782,1.022170,0.262577,0.4933640000,4.2846320000,3.881423
0.358051,1.008574,0.279469,-0.4064740000,2.1165520000,4.243952
0.406509,1.025229,0.297013,0.2963060000,0.7830840000,3.842789
0.402397,1.018772,0.351058,0.9936240000,2.6470560000,5.061027
0.411259,1.036773,0.357774,0.1060230000,2.1650300000,5.764959
0.400338,1.036300,0.369759,1.5483200000,2.3325660000,6.053006
0.421681,1.031774,0.376927,0.8601240000,1.5825520000,5.673146
0.419167,1.017843,0.369217,0.7941500000,1.7630890000,4.920395
0.408380,0.997883,0.310461,1.2407450000,1.9611810000,5.300597
0.393058,1.000502,0.321733,-0.3892010000,1.5174440000,5.289426
0.352855,0.979820,0.254804,-0.1131320000,0.5619000000,4.717303
0.340618,0.974318,0.259800,-0.0622440000,2.8270550000,4.772123
0.317273,0.908866,0.264074,-0.2861260000,2.0041510000,4.012341
0.304826,0.866513,0.203418,-0.4856000000,1.0620000000,3.619342
0.258997,0.837198,0.231158,0.2509230000,1.9520950000,3.809681
0.225752,0.818412,0.188785,0.0687050000,-0.4490510000,3.730997
0.175114,0.771201,0.205692,1.4395920000,1.2922760000,4.450226
0.156210,0.713496,0.206346,1.9808400000,-0.1922430000,3.480026
0.124161,0.661397,0.157106,3.5213040000,-1.0352360000,2.906745
0.083944,0.627936,0.181685,3.7544160000,-0.4413540000,3.487740
0.024581,0.609360,0.160654,3.9578260000,-0.8413880000,3.433314
-0.021553,0.592328,0.107052,5.3083420000,-1.2299560000,3.766546
-0.034906,0.578180,0.058206,5.7940450000,-2.8514510000,3.147232
-0.062708,0.528212,0.029314,5.5016650000,-1.5321470000,1.684099
-0.086847,0.510365,-0.008907,6.4501680000,-1.2909240000,0.520674
-0.124412,0.513070,-0.063274,5.5406670000,-2.3710270000,0.443881
-0.181438,0.527490,-0.111440,5.6263520000,-0.9711160000,-0.555212
-0.205626,0.535755,-0.167199,5.5891000000,-1.2076550000,-0.561673
-0.222314,0.521896,-0.193971,5.0147710000,0.3375230000,-2.080171
-0.233415,0.485186,-0.230590,5.0779160000,-2.0353060000,-4.032467
-0.218851,0.503511,-0.277807,4.4830630000,-1.8981360000,-3.826386
-0.266751,0.518296,-0.265065,4.9331870000,-1.5552200000,-4.169592
-0.284106,0.545064,-0.279432,5.5257450000,-1.9232960000,-4.016779
-0.294816,0.543259,-0.238326,5.4896060000,-2.4365840000,-3.907579
-0.277265,0.537911,-0.237561,5.8398480000,-3.7827870000,-5.079084
-0.264506,0.549206,-0.206802,6.4964020000,-2.2641440000,-5.242028
-0.254757,0.560990,-0.190787,6.7070460000,-1.7273640000,-5.269827
-0.243568,0.594238,-0.195100,7.4705900000,-3.8617130000,-5.685886
-0.224920,0.619185,-0.183244,7.3610880000,-3.7462340000,-4.933226
-0.202494,0.637684,-0.134529,6.2367440000,-3.5903410000,-4.908250
-0.167464,0.672180,-0.137523,6.4115240000,-3.1996420000,-5.274193
-0.109316,0.710331,-0.133311,5.5781490000,-2.8215350000,-5.529760
-0.088768,0.722742,-0.084173,4.2417080000,-2.9231030000,-6.722937
-0.028351,0.773847,-0.106753,4.2544180000,-1.8822060000,-5.978896
-0.005259,0.816466,-0.079197,3.2695780000,-0.3403630000,-6.278803
0.034370,0.849346,-0.045785,2.2047350000,-0.1642370000,-6.376518
0.061496,0.896695,-0.060060,2.1551480000,-1.8331170000,-5.908787
0.103553,0.924300,-0.016246,1.9756900000,0.9902690000,-5.306318
0.143248,0.917476,0.026009,1.2408180000,0.4626270000,-6.650808
0.195265,0.948000,0.025093,2.1758270000,-0.5687910000,-6.123257
0.219854,0.976790,0.100152,1.2715680000,0.9018920000,-4.870567
0.250026,1.004720,0.127190,1.5782430000,-1.1723230000,-3.851774
0.284406,1.028889,0.187603,1.9955620000,0.9715750000,-3.095598
0.332569,0.997180,0.242965,1.3617300000,0.9967480000,-3.556481
0.388292,1.008790,0.226119,2.6942840000,-0.6794680000,-3.026222
0.442321,1.004812,0.256573,2.2806090000,0.4415400000,-1.950333
0.458818,1.019448,0.307789,1.6270590000,0.5525590000,-2.318655
0.493097,1.018434,0.276104,1.3495450000,0.2123730000,-1.304939
0.515529,1.029397,0.288328,1.0960690000,0.8540280000,-0.560866
0.552870,0.991324,0.272428,-0.4982280000,-0.0470510000,-0.623070
0.591524,0.993192,0.239616,0.1512750000,0.8478760000,-0.762964
0.588278,0.962859,0.253245,-0.4730810000,3.1335730000,-0.618821
0.596996,0.955730,0.214959,-0.7922390000,0.8646000000,-0.145133
0.594941,0.932956,0.220841,-0.8465070000,2.5849790000,1.416915
0.582064,0.889749,0.238001,-1.7160050000,2.9124480000,1.022320
0.567175,0.837559,0.199013,0.6935560000,2.3487680000,1.930329
0.570631,0.813288,0.228597,-0.4043630000,2.4264110000,2.450858
0.538913,0.746852,0.273284,-0.3116930000,2.3547780000,2.850670
0.534955,0.721902,0.255425,0.7368520000,2.1697340000,3.808886
0.493248,0.666868,0.274978,1.9777310000,3.1111800000,4.862934
0.470245,0.628779,0.223779,2.5083180000,2.4383650000,5.151638
0.423903,0.585388,0.229956,3.3141860000,1.7426390000,5.900218
0.372385,0.550837,0.228292,3.7003910000,3.5658460000,5.995523
0.325420,0.492151,0.174257,4.6652600000,2.6005170000,5.332481
0.306392,0.456976,0.148893,3.6456790000,1.8975140000,6.610758
0.251277,0.402937,0.130213,2.8602020000,1.7328410000,5.623164
0.215084,0.364658,0.088385,3.2518520000,1.1357430000,5.358038
0.156949,0.331144,0.063169,3.2717630000,1.7235390000,5.633602
0.121210,0.286197,0.026452,2.9527500000,0.3641040000,4.927917
0.073368,0.260565,-0.030167,4.2483280000,0.5776720000,4.882251
0.017203,0.210511,-0.003875,3.2799010000,1.1063650000,4.568315
-0.044215,0.163595,-0.009386,2.5997630000,-1.3791400000,4.105954
-0.114673,0.136489,-0.057310,4.6052970000,-0.8908940000,4.754416
-0.162074,0.115947,-0.032041,4.4915500000,-1.0987640000,3.892985
-0.228540,0.074309,-0.034891,5.4806470000,-1.5500860000,3.142757
-0.279070,0.064968,-0.031913,5.6178790000,-1.5079230000,3.217179
-0.372905,0.063231,-0.001127,6.4344020000,0.5755680000,3.275215
-0.392334,0.080664,-0.077562,6.9569530000,-2.7924790000,3.415213
-0.445024,0.084137,-0.048345,7.7011250000,-2.1385780000,2.986349
-0.462181,0.080451,-0.073778,7.7139330000,-2.8177600000,2.252395
-0.491234,0.087784,-0.079305,7.6000910000,-2.8136180000,1.239073
-0.495442,0.121987,-0.132418,7.0656060000,-3.2106980000,1.321990
-0.517530,0.166415,-0.144639,6.9268670000,-2.8842490000,1.054310
-0.514996,0.206441,-0.171604,6.4452450000,-3.2748200000,0.976299
-0.503432,0.253271,-0.193114,5.8339560000,-2.5487710000,0.255684
-0.479555,0.264514,-0.226526,5.3376620000,-5.1369670000,-0.974396
-0.457126,0.328633,-0.216731,5.3770640000,-2.8612460000,-0.976176
-0.459801,0.376849,-0.203283,4.5663480000,-2.0310680000,-0.384520
-0.442795,0.446482,-0.235769,4.8650230000,-3.8014580000,-0.726821
-0.412173,0.496605,-0.219045,4.9914040000,-3.1055380000,-0.318810
-0.375696,0.538361,-0.183057,4.8548610000,-2.9096290000,-1.226228
-0.340478,0.576201,-0.167787,5.8888720000,-2.3423380000,-0.804152
-0.306853,0.662060,-0.104573,4.6119770000,-1.8981950000,-0.433379
-0.288235,0.733003,-0.069159,4.6601010000,-3.1314400000,-0.541378
-0.240682,0.817198,-0.061948,4.7790040000,-2.0361590000,0.599646
-0.202619,0.851857,0.011779,4.5819980000,-0.5240120000,-0.010382
-0.118047,0.909500,-0.021777,4.1752160000,-2.7147740000,-0.756996
-0.074131,0.967071,0.023809,3.9399400000,-0.6407780000,-0.364718
-0.018488,1.049105,0.042532,2.2961220000,-0.7633480000,0.203855
0.009206,1.126607,0.039700,2.3678040000,-0.7093650000,0.797444
0.090417,1.184529,0.051385,0.7670640000,-0.2680280000,0.607988
0.160586,1.198414,0.098291,0.3119770000,-0.0413060000,-0.640989
0.234414,1.230135,0.087144,0.3093150000,0.5570950000,-0.591279
0.281229,1.271422,0.144695,-0.9634510000,0.6678280000,0.742451
0.328043,1.318672,0.170797,-2.2212310000,0.5201910000,0.764771
0.342374,1.342897,0.207097,-1.6270910000,1.6026300000,0.772554
0.413002,1.360504,0.241707,-1.3593980000,2.1443770000,1.974242
0.445341,1.330039,0.302698,-1.2351810000,4.2164490000,1.289907
0.497804,1.335616,0.316826,-0.9523070000,1.2598650000,1.697514
0.497167,1.357907,0.348285,-0.8885520000,1.7281930000,2.783624
0.504539,1.361068,0.382816,-1.2316160000,2.3928610000,3.815786
0.515631,1.356621,0.386568,-0.3911280000,1.4626050000,3.990622
0.537764,1.320661,0.401555,-0.5591950000,2.0737490000,4.053331
0.549427,1.279782,0.411905,-1.2573040000,2.4195310000,3.484128
0.553641,1.256559,0.391127,-0.3972400000,0.5119320000,3.505723
0.551452,1.245192,0.373126,-1.3399560000,2.7096000000,4.430869
0.516898,1.201167,0.346972,-1.1331590000,1.8050250000,3.425025
0.540528,1.158158,0.312063,-0.9905540000,1.4810360000,3.904683
0.515293,1.084487,0.330376,-1.3846100000,2.8496840000,3.668850
0.509535,1.030550,0.282482,-0.4486430000,2.0281160000,2.871160
0.458749,0.975680,0.260233,-0.5146730000,2.2195940000,2.918210
0.423250,0.919830,0.269224,-0.8575820000,1.9660850000,3.221206
0.365948,0.856997,0.220824,0.2917570000,1.4001040000,3.686751
0.339965,0.788667,0.219466,1.2165210000,1.6585560000,3.670997
0.277293,0.704761,0.202305,1.3017130000,0.4700080000,2.169534
0.250492,0.639326,0.153213,3.3020830000,-1.0088580000,3.022434
0.192166,0.576598,0.158008,3.7323780000,1.6640310000,3.185105
0.146209,0.511937,0.126937,4.1217150000,-0.3786100000,2.952184
0.104374,0.462162,0.075055,5.4566660000,-0.6883120000,2.662761
0.060843,0.401772,0.063313,5.2359910000,-0.7971740000,2.882931
0.022940,0.344149,0.008162,5.7502730000,-1.3137410000,1.449592
0.002967,0.293255,-0.046707,6.4540050000,-1.5644140000,1.198532
-0.037194,0.251715,-0.082171,5.7857010000,-1.4918980000,0.683774
-0.100161,0.204028,-0.148332,5.7485670000,-2.0099520000,-0.328091
-0.138264,0.188926,-0.193094,5.8653990000,-0.4602840000,0.068621
-0.191675,0.152317,-0.188043,5.7494010000,-0.8963130000,-0.782302
-0.204030,0.112399,-0.268758,6.5306280000,-1.9825010000,-1.787322
-0.248915,0.087666,-0.270652,6.1890870000,-0.6746070000,-1.412219
-0.273408,0.065335,-0.284330,6.0609010000,-2.9022270000,-2.216561
-0.322520,0.056348,-0.288006,7.2086120000,-0.9646140000,-2.235944
-0.341791,0.049655,-0.267888,7.2481780000,-2.1940180000,-2.194835
-0.347785,0.043773,-0.285160,8.1961070000,-3.2582110000,-2.838836
-0.354278,0.032261,-0.259669,8.7414250000,-2.3973330000,-2.452106
-0.360938,0.055288,-0.242830,8.4190700000,-2.6916260000,-3.144717
-0.361778,0.071093,-0.236288,9.7117600000,-3.1272580000,-3.370405
-0.337206,0.117664,-0.236232,9.0013840000,-3.4741530000,-2.740427
-0.331983,0.126257,-0.196652,8.7508620000,-1.9066080000,-4.423619
-0.264056,0.168424,-0.236504,8.7876620000,-3.2830200000,-4.370889
-0.248416,0.227097,-0.202984,7.9302000000,-1.9111480000,-4.003260
-0.225898,0.285613,-0.217519,7.1400880000,-2.0401870000,-4.066500
-0.204474,0.366368,-0.238267,6.2888070000,-3.2045200000,-4.007122
-0.139570,0.415316,-0.209907,5.3188200000,-2.3160170000,-4.386414
-0.101543,0.454954,-0.199268,4.8051780000,-1.4686260000,-5.520972
-0.052802,0.502720,-0.164317,4.5523580000,-1.0058310000,-4.387057
-0.000030,0.581775,-0.134815,3.1061160000,-4.3380840000,-4.014028
0.000058,0.637835,-0.077490,2.8572900000,-1.6179270000,-4.201371
0.060143,0.706602,-0.033157,3.4210850000,-0.6087290000,-3.235842
0.088083,0.727407,0.060487,3.3021720000,1.1403120000,-3.329883
0.155390,0.782689,0.065424,3.8250650000,-0.3419290000,-3.711267
0.180399,0.841265,0.130978,4.1080340000,0.8082280000,-2.663923
0.239417,0.911463,0.181649,3.3404780000,0.1315960000,-2.135572
0.272005,0.972795,0.191985,4.1447900000,0.1552650000,-1.421770
0.317818,1.009821,0.206244,3.0724840000,-0.6575290000,-1.107644
0.360509,1.075388,0.250570,1.8954740000,0.2917390000,-0.742211
0.409276,1.106633,0.243549,2.0717340000,0.3933970000,-1.400084
0.449936,1.179415,0.249109,1.2740000000,0.7887860000,-0.949596
0.478933,1.194619,0.269529,0.1824250000,2.6380760000,-1.864290
0.544194,1.242205,0.197585,-0.1055430000,0.3123860000,-1.251790
0.556231,1.264203,0.273124,-0.8600180000,3.0660330000,-0.707171
0.587555,1.291008,0.264300,-1.2884780000,1.4861890000,-0.792758
0.603856,1.313995,0.254890,-1.4106400000,1.6571980000,-0.364945
0.630782,1.306783,0.280975,-2.0642130000,2.1503050000,-0.104798
0.630815,1.309357,0.280959,-1.0831740000,2.2575290000,-0.030496
0.622717,1.299982,0.302186,-0.9933830000,2.3570920000,0.778605
0.592525,1.307410,0.333675,-1.6219600000,2.6684150000,0.453535
0.555095,1.308044,0.334298,-0.6779800000,1.8856950000,2.338071
0.538437,1.295698,0.350208,-0.3918110000,2.9208180000,3.128823
0.500807,1.244988,0.389269,0.0926010000,2.9473570000,2.251589
0.497945,1.216040,0.353924,1.2831280000,2.2182710000,2.375938
0.466082,1.191645,0.362097,0.6485870000,2.4723680000,2.926734
0.414555,1.144165,0.314820,0.6461480000,2.0524590000,3.446246
0.370744,1.126223,0.317522,0.8892460000,2.6640950000,4.047660
0.335500,1.047707,0.294029,0.0818780000,2.5958860000,3.321763
0.322958,1.005508,0.230721,0.5102720000,0.9376610000,3.129882
0.274752,0.932113,0.249198,0.9726720000,2.1161710000,3.109463
0.236673,0.865148,0.227445,0.3380030000,2.0517960000,2.367554
0.160438,0.824823,0.176548,0.9169200000,0.7458580000,2.965764
0.099986,0.761573,0.180769,0.6818280000,0.3424860000,3.625239
0.032082,0.704603,0.171276,1.1712230000,0.3719780000,3.308179
-0.022646,0.636299,0.135251,2.7562730000,-0.3411540000,3.010610
-0.075260,0.570286,0.149372,2.6332210000,-0.6222000000,2.121236
-0.137325,0.501000,0.116417,3.1939040000,-2.0708580000,2.162963
-0.201972,0.472693,0.125237,4.2749720000,-1.1397480000,3.407224
-0.284401,0.413044,0.119361,4.0420790000,-1.6228910000,3.033689
-0.323744,0.387996,0.070886,5.8065900000,-2.5907600000,3.158648
-0.377425,0.330625,0.052849,6.0951390000,-2.3559110000,2.871287
-0.393099,0.288502,0.009403,6.5078080000,-2.7178460000,1.702036
-0.415163,0.239813,-0.022801,7.3847730000,-3.2405550000,1.384704
-0.446754,0.229096,-0.069002,5.7645190000,-3.0603390000,0.745931
-0.503543,0.226073,-0.102968,6.3088690000,-3.2511900000,0.948014
-0.503996,0.238369,-0.159006,6.1165540000,-3.1185040000,1.008781
-0.527203,0.213751,-0.167465,5.9301550000,-1.5083500000,-0.358322
-0.505092,0.193488,-0.236560,6.2630100000,-3.7634830000,-0.737272
-0.502194,0.188555,-0.255700,5.3546150000,-3.2360450000,-1.086343
-0.501367,0.196331,-0.266076,5.1343900000,-3.5204710000,-1.034300
-0.508155,0.228407,-0.279777,5.9312910000,-2.8779800000,-0.758720
-0.501469,0.224353,-0.234315,5.2940810000,-0.3762170000,0.215390
-0.458262,0.221688,-0.250238,5.9743990000,-3.5758230000,-0.548660
-0.395479,0.222124,-0.245951,6.8221870000,-2.9101310000,0.065282
-0.365073,0.241307,-0.189582,6.2477080000,-3.6928060000,-0.270298
-0.339014,0.270363,-0.199180,7.1095640000,-3.5892120000,0.314435
-0.294304,0.335723,-0.173925,6.3139570000,-2.7838760000,1.730561
-0.269683,0.341910,-0.108903,6.3275030000,-1.9227080000,0.699075
-0.186233,0.386722,-0.139804,6.3262100000,-1.8855770000,1.039057
-0.149926,0.418989,-0.079249,5.5693160000,-0.7669000000,1.149679
-0.083089,0.468265,-0.087659,3.8903260000,-2.1657860000,1.075355
-0.062121,0.524637,-0.070626,4.3532320000,0.1416600000,1.399433
-0.001586,0.575692,-0.040484,2.8878010000,1.8078710000,0.891823
0.042888,0.599684,-0.034661,2.8161120000,0.7159620000,1.063712
0.124144,0.649974,-0.031034,2.2450070000,0.8601790000,1.393689
0.149449,0.670807,0.047873,1.1638180000,1.6297500000,0.657192
0.211099,0.723799,0.057421,1.5653390000,1.2279170000,1.266862
0.248854,0.755773,0.114542,0.4275770000,1.1624720000,2.264881
0.302932,0.775035,0.157578,0.5657060000,0.3768560000,2.053968
0.339712,0.792675,0.192405,1.4176200000,1.8081500000,1.953782
0.406907,0.807272,0.248656,1.2582510000,1.1663480000,2.727867
0.422767,0.836305,0.255730,1.4320850000,0.2957140000,2.913364
0.433924,0.869398,0.286375,1.3701190000,1.3157250000,4.207787
0.466365,0.889224,0.323637,0.8896690000,1.2429730000,3.430479
0.488715,0.890810,0.311403,1.7535670000,1.2814930000,3.405405
0.523302,0.909789,0.311751,0.7544130000,1.6022170000,3.762728
0.527411,0.909743,0.327175,0.2867250000,1.6510690000,3.003786
0.547989,0.946637,0.296649,1.0496250000,2.3115250000,3.511037
0.535959,0.947415,0.305403,-0.0768510000,3.1594710000,3.554195
0.544431,0.953383,0.280401,0.0315320000,2.2310560000,2.955993
0.544500,0.957010,0.240792,0.3376250000,2.7823650000,2.650408
0.551846,0.933810,0.234519,-0.4081350000,2.5643980000,2.562249
0.522357,0.940411,0.202174,0.0462990000,2.5373600000,2.017688
0.494544,0.929286,0.182180,0.1903590000,2.7046400000,3.155677
0.467241,0.913931,0.190721,-0.1734110000,2.1956290000,2.916961
0.432805,0.875041,0.179479,1.0098780000,0.8487030000,2.064752
0.428246,0.870455,0.158182,1.7372140000,1.7533990000,2.386815
0.358494,0.809392,0.188552,1.8505440000,2.4641720000,1.807084
0.349106,0.812546,0.106238,2.9855650000,-0.6952180000,2.404005
0.295698,0.792297,0.127419,3.5380380000,0.9806710000,2.741708
0.272629,0.762108,0.097713,3.1675460000,0.2280170000,2.758353
0.228148,0.712061,0.073243,4.3959460000,-0.3656810000,1.228668
0.230551,0.705841,0.026422,3.8640440000,-0.5300950000,1.650944
0.173696,0.653102,0.028677,3.3909950000,-0.1526400000,0.302348
0.161761,0.658259,-0.039535,3.9287170000,-2.6025110000,1.189042
0.102674,0.629764,-0.026241,3.4084870000,-0.1830980000,0.682575
0.073769,0.598594,-0.081045,3.1099400000,-1.1915260000,-0.537498
0.040688,0.573854,-0.122243,3.8399700000,-1.7788460000,-0.642405
-0.002768,0.550493,-0.107876,3.6008180000,-0.2971460000,-1.007064
-0.073373,0.527329,-0.101288,3.9581770000,-0.1179650000,-1.407207
-0.110235,0.533139,-0.128345,4.6305520000,-0.8163130000,-1.061990
-0.156622,0.522645,-0.095701,4.2380050000,-1.0686740000,-1.355539
-0.186762,0.502070,-0.108059,5.1582500000,-1.4598420000,-1.277155
-0.208426,0.481506,-0.088739,6.0328420000,-1.0561050000,-1.689984
-0.231971,0.459855,-0.058705,5.6048550000,-1.5374650000,-2.233100
-0.250769,0.477879,-0.078163,6.6839760000,-2.9290090000,-1.942243
-0.265845,0.473917,-0.058285,6.7495330000,-2.6120430000,-1.125592
-0.280492,0.481158,-0.061902,5.9837210000,-2.3857060000,-2.213347
-0.281309,0.483009,-0.099978,6.6588620000,-4.5120730000,-3.097685
-0.249955,0.507831,-0.135793,6.4504150000,-3.2039260000,-2.850107
-0.267109,0.508255,-0.084498,5.7277960000,-1.8590420000,-3.571289
-0.247543,0.556992,-0.133971,5.9606550000,-3.3637380000,-3.577526
-0.244244,0.584187,-0.136324,4.4425410000,-3.4171890000,-3.369157
-0.223459,0.613785,-0.135097,3.7363570000,-3.4095970000,-4.043813
-0.191830,0.628559,-0.146881,3.9990210000,-3.8275630000,-3.960505
-0.165508,0.641072,-0.116554,3.2302740000,-2.6805510000,-4.229616
-0.150100,0.660245,-0.122479,3.5499340000,-3.0346270000,-4.167729
-0.139783,0.704525,-0.087498,3.5224310000,-1.8979450000,-2.961374
-0.125672,0.721531,-0.022621,3.1679010000,-1.0026870000,-2.524120
-0.092999,0.747114,-0.026497,4.5218050000,-1.9434110000,-1.988692
-0.062049,0.756847,0.029166,4.0433210000,-0.9401240000,-2.059064
-0.011988,0.779171,0.065762,4.1142700000,-1.6009900000,-1.443783
0.032548,0.809290,0.068316,4.7792430000,-1.4477330000,-0.774763
0.071359,0.830915,0.118015,4.3220130000,2.1788490000,-0.412283
0.125303,0.842075,0.120011,3.2820710000,-1.3524370000,-0.343522
0.192718,0.876249,0.078616,3.6836930000,-1.4900500000,1.172873
0.236824,0.909457,0.124304,2.6814990000,-0.1103460000,1.251281
0.284925,0.919078,0.103701,2.7115400000,0.0248940000,0.687985
0.339830,0.961825,0.106044,1.6816690000,0.2444460000,0.976377
0.367941,0.968942,0.116285,0.5066250000,0.6036140000,0.745212
0.412733,1.000010,0.085174,0.1470500000,1.0702420000,1.140270
0.420427,1.012841,0.153210,-0.2587640000,2.8077910000,1.621452
0.446558,1.019324,0.127544,-0.3328650000,2.1071670000,1.301277
0.463325,1.023525,0.152658,-0.1128070000,2.9715680000,1.743582
0.498188,1.010852,0.189474,-0.7601430000,2.6543430000,2.128918
0.502731,1.004956,0.208972,0.1577020000,2.5678840000,2.074890
0.492273,0.997965,0.233268,-0.1320360000,2.2449540000,3.599704
0.459110,0.987714,0.299550,-0.2951460000,2.7661200000,3.897624
0.470661,0.958290,0.298113,0.7909270000,2.0674690000,4.228183
0.475933,0.930179,0.332211,1.2254820000,1.7829080000,4.221894
0.454696,0.852632,0.354672,1.2635480000,2.8370930000,3.722102
0.443654,0.847330,0.317870,2.1574680000,1.7174300000,4.161479
0.422643,0.817145,0.333245,1.1780900000,1.5468840000,5.051063
0.388968,0.801015,0.328712,1.5697800000,0.8779920000,4.861485
0.377860,0.755504,0.297302,1.5722260000,0.4197610000,5.690896
0.358547,0.704754,0.295070,1.0104560000,1.2637610000,4.302530
0.343753,0.648293,0.240181,1.3513010000,0.3082560000,3.713103
0.329595,0.640875,0.205886,1.5302070000,-1.9081150000,4.426170
0.261600,0.589377,0.192510,1.0864410000,1.1514200000,4.427745
0.225299,0.557225,0.154188,1.7159270000,-0.6015630000,4.424348
0.180550,0.511501,0.153745,1.9031220000,0.6492460000,4.266243
0.148786,0.462927,0.137424,2.4202600000,0.7950190000,3.639580
0.095774,0.411977,0.095386,3.8777610000,-0.3446400000,3.538326
0.066091,0.395821,0.079575,3.7504250000,-0.3803170000,3.600112
-0.011877,0.353097,0.087843,4.0470420000,-0.1791920000,3.109679
-0.039006,0.342885,0.030062,5.0980660000,-1.3817760000,3.696280
-0.118982,0.305108,0.071533,5.9225550000,2.6070860000,3.489108
-0.140230,0.300614,-0.005217,5.7284520000,-1.3317510000,2.452904
-0.181940,0.278861,-0.035061,6.7977160000,-2.5855050000,1.820614
-0.201605,0.283558,-0.066648,6.7220850000,-1.2365280000,1.976346
-0.266850,0.274256,-0.078839,7.0247420000,-1.4033840000,0.933793
-0.278575,0.294545,-0.131824,7.0753580000,-1.9880550000,0.901162
-0.328619,0.296475,-0.135235,5.9882870000,-1.4939270000,-0.195945
-0.309617,0.306174,-0.209050,6.6306010000,-2.5794290000,-1.064169
-0.321276,0.299721,-0.193029,6.2393770000,-2.4849900000,-1.251350
-0.325487,0.316140,-0.235917,6.0301510000,-2.6924890000,-2.769548
-0.338479,0.356340,-0.259002,5.9003570000,-3.2638210000,-2.397527
-0.341512,0.376435,-0.237217,5.1987590000,-3.2459350000,-2.476880
-0.336398,0.420876,-0.243887,5.7729920000,-3.7984410000,-3.088544
-0.310490,0.442576,-0.225088,5.8668170000,-3.5609500000,-3.611974
-0.314163,0.471422,-0.191607,5.4437270000,-1.9595040000,-4.713912
-0.291622,0.517350,-0.193081,5.9242830000,-3.3749840000,-3.956700
-0.296943,0.585070,-0.127921,5.6836670000,-1.8557730000,-3.203939
-0.275404,0.636470,-0.139203,5.6889680000,-3.1477930000,-3.214798
-0.231114,0.692019,-0.124143,5.7200390000,-2.6902960000,-3.021565
-0.177446,0.704787,-0.083448,4.7140080000,-2.1780060000,-3.466394
-0.126696,0.765092,-0.069694,5.1577480000,-2.1224410000,-3.378556
-0.080217,0.805768,-0.036394,3.8734480000,-1.8251150000,-3.251667
-0.037614,0.858786,-0.030604,2.3052110000,-1.4814170000,-3.231185
0.010526,0.895737,-0.007994,2.7749510000,-1.0239310000,-2.721080
0.082579,0.926211,0.019490,2.0015360000,0.4114400000,-2.428792
0.124725,0.949907,0.067101,1.3255510000,0.6545180000,-3.229779
0.196939,0.984044,0.064886,1.3108910000,-0.1926010000,-2.422463
0.229353,1.018241,0.125470,0.2765130000,0.8619320000,-1.219866
0.268332,1.042386,0.151952,0.4515750000,0.5233150000,-1.298999
0.303733,1.063473,0.173111,0.2552790000,0.6170520000,-0.610425
0.337234,1.055890,0.228164,-0.3570860000,1.2647890000,-0.167459
0.370265,1.092555,0.240401,0.7472900000,0.7601070000,0.335962
0.401346,1.096238,0.290563,0.4438480000,1.3075690000,0.699837
0.424743,1.098591,0.314220,0.5295820000,0.8391980000,0.398463
0.436997,1.103413,0.320624,1.2553260000,1.2444280000,1.635805
0.475490,1.112483,0.335782,0.3578680000,1.6095400000,2.081816
0.472066,1.114977,0.350139,1.1327930000,1.4829790000,1.640686
0.501631,1.120784,0.321228,0.7043390000,1.5262770000,2.372995
0.506578,1.113382,0.336383,-0.0438890000,2.1416530000,1.726306
0.532260,1.114078,0.281871,0.2379050000,0.3853970000,2.384081
0.526020,1.091826,0.288046,-0.6062460000,2.3985850000,2.180448
0.530664,1.056871,0.252907,-1.0760740000,1.4711130000,1.062647
0.507917,1.041986,0.216419,-0.3600930000,1.8682910000,2.066670
0.498080,1.007740,0.234578,-0.7929740000,4.1177330000,2.721799
0.457985,0.964838,0.208118,-0.5261350000,2.5814830000,2.066621
0.454013,0.920742,0.194151,-0.0226090000,1.8297680000,2.728641
0.407297,0.882735,0.210816,0.0543280000,2.6997850000,2.808128
0.376590,0.819879,0.194476,1.3706250000,1.6694900000,3.131630
0.347764,0.773390,0.192714,1.9573870000,1.8397670000,3.152431
0.301744,0.704032,0.188299,1.6552250000,1.0071040000,3.594490
0.275228,0.684403,0.125870,2.9434440000,-0.1471490000,3.919698
0.203786,0.611684,0.190324,3.4688640000,2.4335920000,3.874430
0.187614,0.558216,0.147777,4.0142210000,1.0822910000,3.113909
0.142782,0.508835,0.108388,4.3791170000,0.7095740000,3.862729
0.112764,0.466220,0.093420,3.5435850000,0.4626460000,3.906415
0.058374,0.425704,0.051523,3.9600480000,0.4308390000,3.256111
0.031836,0.379665,0.015597,3.7372360000,-0.4502690000,3.482288
-0.016574,0.330760,-0.016581,3.1612730000,-0.2854180000,2.204809
-0.066936,0.276065,-0.041590,3.9449390000,0.1834580000,2.599713
-0.090655,0.253209,-0.065726,3.8584040000,1.3070790000,2.630656
-0.161723,0.207534,-0.054828,4.2254730000,0.1333710000,1.834894
-0.195411,0.190967,-0.093797,4.8653380000,-1.0446630000,2.138480
-0.252656,0.166779,-0.074907,4.3777650000,-0.7938350000,2.042321
-0.268832,0.110863,-0.104692,5.7015590000,-2.4234840000,1.417808
-0.325934,0.102883,-0.074533,6.4316810000,-0.5312140000,1.233738
-0.386816,0.075764,-0.079647,5.7340520000,-1.4627730000,0.411069
-0.421334,0.099985,-0.113262,7.0616930000,-2.3101410000,0.686098
-0.460261,0.092150,-0.076440,7.3993870000,-1.5901780000,0.829264
-0.472298,0.096699,-0.095658,7.1664520000,-2.3198670000,0.390372
-0.485362,0.113318,-0.137027,7.9258970000,-2.5964290000,0.578899
-0.501045,0.129123,-0.128286,6.7790820000,-3.0250530000,0.352059
-0.504708,0.160966,-0.155110,6.4910740000,-3.9703100000,-1.294151
-0.499200,0.171358,-0.172467,6.7519560000,-3.0962850000,-1.059840
-0.474786,0.196022,-0.178560,5.7163690000,-1.9058170000,-1.224914
-0.458895,0.227238,-0.196918,6.3865970000,-3.2625440000,-1.618325
-0.426898,0.280043,-0.172008,5.5694840000,-3.2163200000,-1.228457
-0.400465,0.322876,-0.190856,4.7017880000,-3.2805870000,-1.367550
-0.355315,0.356800,-0.182472,5.5723660000,-1.9973510000,-0.757798
-0.309482,0.393651,-0.145906,4.2783630000,-3.1442450000,-1.059674
-0.277357,0.436891,-0.160345,5.0345020000,-3.5633460000,-0.626445
-0.227579,0.520065,-0.119492,4.8233590000,-2.5176500000,0.326949
-0.223824,0.565783,-0.079105,4.1714970000,-1.9832300000,0.321867
-0.152739,0.621042,-0.079919,4.4847920000,-1.9792650000,1.054422
-0.112772,0.670131,-0.011349,4.4840170000,-0.6982670000,1.018709
-0.047809,0.720855,-0.006760,3.9487670000,-0.4847510000,1.137829
0.006761,0.797418,0.014477,4.3745090000,-0.1417490000,2.029949
0.059388,0.842479,0.047410,3.3484680000,1.2419360000,1.731668
0.116457,0.907153,0.046156,2.8997820000,0.3889980000,1.970100
0.180921,0.951932,0.059686,2.0130540000,1.3362930000,2.843692
0.249691,0.990691,0.079870,0.7662990000,1.3827270000,1.866090
0.293449,1.040243,0.076775,0.6837820000,1.0855770000,2.623312
0.328860,1.093339,0.121130,-0.6525410000,2.1175100000,2.551643
0.363936,1.113907,0.134342,-1.3960890000,1.8068930000,2.168976
0.411702,1.150007,0.159423,-0.8031230000,2.0441710000,2.705337
0.422180,1.148465,0.229395,-1.2759190000,3.7949050000,2.316335
0.457305,1.185464,0.214155,-0.9429520000,2.0231110000,2.435560
0.449815,1.196877,0.280312,-0.9953760000,2.4201810000,3.544262
0.470340,1.221259,0.309624,-1.1708940000,1.8880810000,3.215273
0.479284,1.222192,0.352030,-0.2578710000,1.5360390000,3.759725
0.492325,1.200130,0.384418,-0.6122230000,1.4845910000,3.715852
0.494853,1.203180,0.379908,0.1842770000,1.0130190000,3.486722
0.481237,1.189830,0.396803,-0.0116850000,1.9841220000,4.677065
0.474187,1.188264,0.396901,-0.2308430000,0.8289010000,3.883549
0.459875,1.158519,0.361631,0.3833860000,1.5127050000,3.313928
0.458799,1.155522,0.349686,-0.5852840000,1.5153630000,3.710282
0.424825,1.099504,0.329414,-0.6018310000,1.1503560000,2.467433
0.423486,1.077836,0.304546,-0.2710830000,2.1417670000,2.047804
0.366441,1.026466,0.300772,-1.0380240000,2.1697500000,1.598198
0.350101,0.999311,0.216846,0.0008280000,0.1802910000,2.233134
0.309700,0.959465,0.224780,-0.4715770000,1.8754040000,2.347747
0.253837,0.884609,0.198064,0.2033440000,1.6102460000,1.363347
0.229300,0.849303,0.168555,0.9388600000,0.9983040000,1.790856
0.163540,0.763707,0.173351,0.9903640000,0.6624870000,1.946808
0.134619,0.712458,0.126566,2.6774850000,0.5026420000,1.424917
0.094215,0.654412,0.144134,3.4175860000,0.2981930000,1.921071
0.055298,0.595295,0.107068,4.6117470000,-0.8907660000,1.436052
0.012876,0.563314,0.080717,5.4708160000,-0.8444570000,2.344414
-0.021767,0.506331,0.054201,5.1594440000,-1.7518250000,1.277067
-0.041612,0.464244,0.002326,6.1838640000,-1.7731800000,0.657547
-0.088718,0.430471,-0.018751,6.4728920000,-1.4716460000,0.434804
-0.124960,0.408337,-0.076262,5.8796800000,-1.9763270000,0.237188
-0.166617,0.398851,-0.132484,6.4913040000,-1.4148660000,-0.744059
-0.192883,0.373097,-0.159909,5.7914810000,-1.8496710000,-0.475010
-0.229056,0.360637,-0.222616,5.7849170000,-1.6043870000,-1.704369
-0.238086,0.329024,-0.258008,5.3867570000,-1.4876930000,-2.293426
-0.266961,0.318024,-0.269565,4.8602440000,-2.2351640000,-3.704002
-0.299799,0.303873,-0.290816,5.5649670000,-1.5709490000,-3.671689
-0.316339,0.308768,-0.282153,5.0903000000,-2.0415750000,-3.238707
-0.345287,0.285052,-0.286122,5.3932300000,-2.6299290000,-3.882015
-0.335236,0.294719,-0.290957,6.3816940000,-2.4242020000,-3.867491
-0.349886,0.262167,-0.218490,6.6095310000,-1.7381170000,-3.969486
-0.338719,0.283647,-0.227609,7.6597470000,-2.8198840000,-3.632662
-0.334685,0.301871,-0.174368,7.6518690000,-2.4906190000,-3.150035
-0.320990,0.310629,-0.142738,7.4172370000,-3.2593760000,-3.672077
-0.292968,0.333836,-0.157234,7.7851360000,-3.7873730000,-3.124740
-0.256277,0.357824,-0.125099,7.2741460000,-2.2832780000,-2.226353
-0.224021,0.396862,-0.125181,7.0874830000,-3.2663940000,-3.077792
-0.185672,0.432867,-0.133879,6.6187770000,-2.8771200000,-3.057897
-0.128905,0.481719,-0.118855,5.3188140000,-2.8563450000,-3.137506
-0.083270,0.506774,-0.108690,5.3171690000,-2.0271980000,-3.180535
-0.027373,0.567713,-0.120244,4.0377830000,-1.5056520000,-2.830614
-0.008952,0.585572,-0.069845,2.6780140000,-0.7439680000,-3.785836
0.047995,0.654031,-0.103356,2.2748550000,-1.8041070000,-2.398432
0.062769,0.679946,-0.017133,2.3427980000,1.7146340000,-2.331326
0.131444,0.721987,-0.004082,1.4323870000,0.2245480000,-2.528479
0.166727,0.750961,0.033072,2.3184090000,0.5546690000,-2.253581
0.206957,0.792904,0.095183,1.8496870000,0.9665300000,-1.326023
0.224328,0.838671,0.134969,2.4781000000,1.7127270000,-0.946002
0.268706,0.863457,0.168847,2.4059290000,1.1573450000,-0.386786
0.300296,0.881071,0.226260,1.7807290000,1.1335270000,-0.405109
0.344501,0.913051,0.230445,2.6671220000,-0.1393040000,0.616104
0.367852,0.943742,0.282144,2.4426660000,2.2705700000,0.683841
0.396006,0.963076,0.286526,1.6147690000,0.2678140000,0.489261
0.446128,0.996540,0.256583,1.9729290000,-0.9896290000,1.352844
0.471708,0.999376,0.282140,0.8867280000,1.0413230000,1.371591
0.516396,1.013169,0.250632,1.0383240000,0.6602520000,0.977738
0.532936,1.027031,0.259646,0.4313000000,1.3640960000,1.202674
0.544802,1.040098,0.237204,-1.1785550000,1.2515310000,1.016457
0.556655,1.051941,0.231643,-0.4293130000,0.6258100000,1.291733
0.575982,1.051843,0.230330,-1.2516750000,1.7958840000,1.868493
0.545258,1.030530,0.234781,-1.0581160000,1.9390310000,0.688483
0.544559,1.029785,0.241776,-0.4039660000,2.6347010000,1.331995
0.515775,1.015920,0.266191,-1.1651930000,2.6670760000,2.220108
0.491534,1.008692,0.247639,-0.0449000000,1.7751320000,2.449340
0.451574,0.986844,0.272529,0.1404660000,2.8472780000,3.325971
0.427491,0.943329,0.281786,0.4643900000,2.5015420000,3.341277
0.397811,0.911020,0.272447,1.4065910000,2.4249400000,3.541812
0.375829,0.866277,0.295772,1.5430150000,2.3890470000,4.048322
0.344038,0.823008,0.273514,1.5504830000,1.1917810000,3.217442
0.308299,0.784718,0.236331,2.3713480000,-0.1626320000,4.249487
0.277096,0.746093,0.214923,1.5200580000,1.2152790000,4.711218
0.217753,0.678738,0.210419,2.6541660000,1.0378800000,3.854281
0.205962,0.635754,0.158698,2.2773750000,0.6550660000,4.243254
0.161334,0.570772,0.159614,1.4644040000,0.2934760000,3.429495
0.148622,0.529823,0.092278,2.3287450000,-1.0052280000,3.894204
0.090664,0.488255,0.102263,1.8801480000,0.3572930000,3.834444
0.041926,0.426820,0.058623,2.1897410000,-0.8689340000,3.474787
-0.010281,0.401556,0.046996,2.9279380000,0.1035410000,4.143682
-0.067012,0.339071,0.048867,2.6013750000,-0.6047410000,3.975749
-0.108603,0.317725,0.014021,4.3503230000,-1.6729440000,3.710279
-0.168623,0.274650,0.023245,4.2495490000,-1.0434120000,3.709720
-0.210727,0.257338,0.008001,4.8331270000,-1.9357130000,2.784378
-0.275604,0.236488,-0.007807,6.1461910000,-1.1031850000,3.557408
-0.320268,0.222288,-0.010942,6.0552710000,-0.0123160000,3.377001
-0.369255,0.201360,-0.060625,6.8086790000,-2.3677150000,2.347654
-0.392124,0.217493,-0.092931,6.5755700000,-1.7397220000,2.375394
-0.434077,0.211118,-0.080625,6.8823140000,-2.0929650000,1.300493
-0.421216,0.227061,-0.154601,7.0442860000,-3.2326050000,1.309096
-0.453712,0.209093,-0.140208,6.3049140000,-2.3497370000,0.118499
-0.448017,0.238832,-0.219715,6.4435440000,-4.2793810000,0.260041
-0.448592,0.260000,-0.201461,6.3563500000,-2.8423650000,0.275846
-0.437875,0.276908,-0.222144,5.6378770000,-2.9928260000,-0.908281
-0.433112,0.306174,-0.247080,5.9723540000,-2.9584680000,-0.595888
-0.396966,0.330363,-0.242991,4.8828470000,-3.7052360000,-0.954679
-0.376273,0.365954,-0.258244,4.7554950000,-4.4569600000,-1.804706
-0.350844,0.401841,-0.236524,5.6061450000,-3.4966010000,-1.465706
-0.325884,0.443870,-0.196554,4.6028880000,-3.6573160000,-1.216753
-0.316556,0.488291,-0.203857,5.6078190000,-3.1314140000,-0.953623
-0.266528,0.558863,-0.184461,4.8829680000,-2.7698920000,-0.229189
-0.247549,0.585257,-0.123681,4.8968200000,-2.3107810000,-1.087471
-0.180965,0.653204,-0.122889,5.5987930000,-1.9979090000,-0.528443
-0.156015,0.695317,-0.048641,4.6722650000,0.8754750000,-0.640102
-0.073698,0.742266,-0.091119,4.2354320000,-2.6057770000,-0.177694
-0.034299,0.811883,-0.034129,3.6989600000,-0.0374920000,0.168990
0.018522,0.838819,0.001439,2.4279740000,0.1365720000,0.456568
0.071455,0.890419,-0.009094,2.4352120000,0.7671940000,0.526674
0.135423,0.909766,0.030952,0.8413680000,0.6030790000,0.383540
0.197284,0.952513,0.050246,0.3130370000,-0.0211360000,-0.180271
0.241324,0.979242,0.094950,0.2698200000,2.1252140000,1.108950
0.274913,1.003584,0.136246,-0.5608140000,2.1801980000,1.153076
0.305903,1.010156,0.146018,-0.5760280000,1.1578140000,1.370390
0.354191,1.047681,0.199400,-0.8057260000,1.6249380000,2.139701
0.384790,1.019583,0.236606,-0.8838940000,1.2577080000,1.993407
0.431075,1.032883,0.256777,-0.2355240000,1.3573990000,2.626968
0.429683,1.018516,0.349736,-0.4774140000,3.2971820000,2.418783
0.464110,1.043282,0.320345,0.2069680000,0.2490710000,3.731555
0.453882,1.045124,0.376744,0.1751150000,2.3773840000,4.609292
0.471961,1.028849,0.374443,0.4424600000,1.8671060000,3.983656
0.473685,1.013061,0.376599,0.7533820000,2.5333330000,4.107519
0.480811,0.991554,0.389371,0.1218610000,4.8330220000,4.000716
0.471223,0.985830,0.345990,0.3241480000,2.2775620000,4.128459
0.462140,0.991859,0.311997,0.2006790000,2.6785380000,4.760840
0.433862,0.957423,0.307399,-0.4973480000,3.1641850000,3.823635
0.424415,0.923952,0.245850,-0.0348720000,1.8253440000,4.268078
0.411820,0.896337,0.242479,-0.3379000000,2.4795400000,4.126874
0.398783,0.837004,0.202266,-0.0025370000,1.6114600000,3.363773
0.357696,0.805693,0.194929,0.8065640000,4.0396570000,3.698602
0.330882,0.747580,0.162108,0.3665400000,1.2645920000,3.765282
0.317667,0.711500,0.099729,1.5162270000,-0.1832590000,4.138909
0.267928,0.645867,0.148640,2.2577230000,1.2092820000,4.108422
0.236374,0.616906,0.099578,3.5946270000,0.6931720000,3.747019
0.192452,0.571300,0.081324,4.1005330000,0.3953790000,4.188038
0.142349,0.531675,0.092793,4.1419050000,1.9861900000,3.744531
0.104522,0.501555,0.014727,5.0066340000,-0.6497530000,2.694696
0.061847,0.476589,-0.003927,5.7204980000,0.5523810000,3.434826
0.014961,0.456382,-0.044173,5.3467600000,-0.2047260000,3.003789
-0.042016,0.434117,-0.076039,6.4141500000,-0.4024210000,2.728031
-0.054486,0.418749,-0.114752,5.3985240000,-0.4562890000,1.736981
-0.097046,0.398861,-0.152769,5.5062930000,-0.7675100000,0.481658
-0.104277,0.377062,-0.189090,5.4287160000,-1.6929080000,0.895678
-0.155306,0.361359,-0.204642,4.8942500000,-1.1490800000,-0.834437
-0.173894,0.357433,-0.268531,5.4695340000,-2.4400730000,-0.835937
-0.214515,0.348249,-0.226201,4.9910750000,-0.8921900000,-1.490039
-0.248169,0.335487,-0.260712,5.4036060000,-1.9330450000,-2.019608
-0.258489,0.351013,-0.258336,5.8015490000,-2.3273740000,-1.946328
-0.290831,0.322636,-0.229769,5.4081950000,-2.3538500000,-3.238421
-0.305599,0.342255,-0.263447,6.8360220000,-2.6453530000,-4.017144
-0.338551,0.358687,-0.191177,6.4974680000,-2.3227720000,-3.377821
-0.351885,0.377131,-0.201507,6.1561570000,-3.5980250000,-3.509710
-0.365110,0.411206,-0.173121,7.3252300000,-4.4335110000,-3.184322
-0.339733,0.431301,-0.143001,6.6143560000,-3.2775810000,-3.265687
-0.330907,0.438719,-0.138077,7.1046800000,-3.1582770000,-4.683300
-0.288980,0.470155,-0.151539,6.9820120000,-3.6397220000,-4.489475
-0.260869,0.515128,-0.111069,5.7408330000,-3.1787630000,-4.508973
-0.247290,0.553831,-0.122745,4.9104950000,-3.2313510000,-4.509207
-0.205760,0.617097,-0.115944,4.6217850000,-3.6746470000,-3.829024
-0.181854,0.634313,-0.093170,3.9750260000,-2.4884950000,-4.507559
-0.137135,0.673893,-0.148161,3.8190610000,-2.6458190000,-5.802314
-0.103641,0.717284,-0.069829,3.9424020000,-0.5345780000,-4.742031
-0.063162,0.760750,-0.052724,3.1796550000,-0.6875560000,-5.184835
-0.035615,0.824278,-0.066694,3.7154910000,-0.7996220000,-4.094288
-0.003736,0.857792,-0.005703,2.2792110000,-0.7293580000,-3.095665
0.043025,0.903280,0.008841,2.4651020000,-0.6956770000,-2.923846
0.095052,0.909185,0.043944,2.9187250000,-0.1966410000,-2.518970
0.169258,0.939390,0.072435,2.2565850000,-0.8464490000,-3.153002
0.216670,0.965134,0.098793,2.8353210000,-1.1340930000,-2.492322
0.266996,1.005206,0.138278,2.4890860000,0.6861210000,-0.959046
0.290554,1.019590,0.186782,1.6053360000,0.4298050000,-1.237538
0.358770,1.063870,0.162489,2.4686370000,0.2658280000,-0.133305
0.399849,1.084972,0.167498,1.2479730000,0.4566750000,-0.226014
0.447185,1.100393,0.155786,0.7281010000,0.5289250000,-0.288272
0.472283,1.138946,0.174805,0.6322700000,1.9990700000,0.524210
0.485291,1.131051,0.186205,-0.4457640000,2.5679490000,0.140815
0.501651,1.156060,0.161580,-0.4172200000,2.1603860000,0.782423
0.506378,1.140712,0.189457,-1.3808090000,2.8408350000,0.761777
0.518614,1.145704,0.181855,-0.6953840000,3.3897010000,0.983936
0.513917,1.127001,0.219544,-0.9792650000,2.9040940000,1.537897
0.506995,1.111111,0.240565,-2.2973510000,2.5707560000,1.829200
0.493573,1.089968,0.265252,-0.1308510000,2.3078330000,2.902637
0.502629,1.043683,0.305456,-0.7634580000,3.1764540000,2.467344
0.480089,0.983105,0.327842,0.3737620000,3.4284270000,2.550909
0.484461,0.952112,0.322134,0.7887670000,2.3126310000,4.207107
0.446703,0.919990,0.341884,0.6244970000,1.4761610000,4.227727
0.428384,0.879314,0.314525,1.1244090000,0.4147350000,5.031265
0.396767,0.835133,0.338641,0.7945370000,1.6352870000,4.798130
0.379830,0.763622,0.294804,1.1668870000,0.3543450000,4.569263
0.337654,0.727022,0.262016,1.2653280000,2.0035800000,4.874990
0.267449,0.673492,0.269076,1.0025030000,1.6183230000,4.398468
0.224354,0.642034,0.195136,1.6077580000,1.1212740000,4.821190
0.167975,0.584023,0.207291,0.6434200000,0.5110780000,4.844092
0.132757,0.527581,0.147669,1.5004350000,0.9376340000,4.517171
0.088766,0.465281,0.137772,2.1851160000,1.8607310000,4.365362
0.037189,0.402337,0.129533,2.0604230000,2.0384690000,4.401798
-0.030987,0.353031,0.090482,3.2633700000,0.7588270000,4.050356
-0.079426,0.310428,0.092793,3.1530440000,0.7151210000,4.999260
-0.137489,0.245761,0.092356,3.4487590000,0.1218340000,3.685871
-0.185403,0.192405,0.076000,5.3040420000,1.5855050000,4.528099
-0.245603,0.152779,0.055002,5.4701300000,0.1263600000,4.145908
-0.299746,0.126356,-0.024357,7.1461990000,-2.7111170000,4.294589
-0.363685,0.112704,-0.002092,6.9189160000,-1.4420710000,3.958857
-0.401935,0.068125,-0.046139,7.3763670000,-2.0424350000,2.912843
-0.438406,0.066606,-0.078521,8.2679920000,-2.1958240000,2.630625
-0.492481,0.043612,-0.095383,6.9375020000,-2.5071790000,1.382007
-0.512002,0.079965,-0.194200,7.8190470000,-3.7860140000,1.288034
-0.557940,0.082716,-0.187567,7.3059360000,-3.1921680000,1.124771
-0.548306,0.092606,-0.241770,6.6586360000,-3.5811730000,-0.062714
-0.548805,0.084052,-0.252913,6.7915720000,-3.3933590000,-0.605432
-0.555202,0.110485,-0.278648,5.7656160000,-2.5636400000,-1.449902
-0.563878,0.136489,-0.288406,6.0735150000,-3.9506480000,-1.671875
-0.530774,0.195898,-0.305954,6.0100100000,-3.4644690000,-0.422030
-0.523290,0.199180,-0.294003,5.4129150000,-3.6779760000,-2.017706
-0.479394,0.224908,-0.308206,6.4687770000,-3.8529990000,-1.682349
-0.444879,0.286050,-0.255096,5.8104940000,-3.3273650000,-1.113283
-0.431618,0.322025,-0.250438,6.1504460000,-4.2102390000,-1.433403
-0.392042,0.398250,-0.231003,6.2279770000,-2.7929780000,-0.654405
-0.379418,0.447037,-0.164662,6.1091030000,-2.5724080000,-0.715003
-0.313408,0.511941,-0.177673,6.8656330000,-2.3682960000,-0.222351
-0.271409,0.567969,-0.111723,5.9873180000,-0.9771330000,-0.240097
-0.203400,0.650663,-0.096499,5.4745190000,-1.6470590000,-0.420500
-0.148600,0.704183,-0.075242,5.2647720000,-2.0120270000,-0.538635
-0.072976,0.765680,-0.041754,3.7827640000,-0.6789600000,-0.184654
-0.007452,0.829848,-0.063316,3.8084790000,-0.6573120000,-0.135598
0.072731,0.890531,-0.025014,2.5746590000,0.0635510000,0.160833
0.118722,0.947878,0.009619,1.4387030000,0.6930440000,-0.588798
0.195399,1.012102,0.008001,1.5014200000,-0.2083170000,0.028665
0.260162,1.056967,0.057490,-0.2942400000,0.5527260000,-0.585673
0.319049,1.080745,0.090039,-0.1438490000,0.8520220000,-1.052885
0.364363,1.136326,0.126241,-1.1130870000,1.6702980000,0.340139
0.358822,1.166554,0.205279,-1.3721400000,1.4258150000,-0.241030
0.427028,1.233303,0.203326,-0.7864620000,-0.1593690000,1.181004
0.433829,1.234107,0.301231,-0.9194950000,2.8964330000,0.392959
0.497594,1.247269,0.315152,-0.0417130000,1.1703990000,0.468827
0.518998,1.257596,0.353389,0.0058200000,1.9390180000,1.149595
0.536412,1.261945,0.390891,-0.4490140000,1.7126710000,1.690151
0.534705,1.285441,0.406325,0.0788220000,2.0294620000,1.835881
0.568734,1.280668,0.408839,-0.2585870000,1.4274960000,2.788084
0.590487,1.260960,0.410966,-0.6121510000,0.8957930000,1.487622
0.613825,1.245103,0.380961,-0.0878010000,1.3682970000,1.871323
0.614724,1.220688,0.370720,-1.5461330000,2.7261660000,1.757761
0.589397,1.215636,0.345544,-0.6588860000,1.7971340000,2.035012
0.588307,1.206354,0.323676,-1.4238780000,2.4039850000,2.930087
0.554885,1.157337,0.314371,-1.9905220000,3.3606550000,1.824119
0.563348,1.093126,0.267346,-0.9271990000,3.0106980000,1.684535
0.517709,1.051354,0.279373,-1.2926890000,4.9460100000,2.180630
0.487546,0.999485,0.246516,-1.2579480000,1.8115480000,1.823497
0.459475,0.978818,0.212064,0.0389990000,1.5519560000,2.602305
0.391542,0.881530,0.238093,0.6196820000,2.8187540000,2.428054
0.365682,0.826923,0.175402,2.0959520000,1.4728720000,2.850777
0.317001,0.760402,0.197332,2.7042920000,1.4642690000,2.932796
0.268572,0.702572,0.170826,3.3978520000,1.2494630000,2.064667
0.219463,0.658823,0.142867,4.2092380000,-0.5202800000,2.752347
0.167023,0.604364,0.126943,4.0605830000,0.7547700000,2.379298
0.114665,0.548635,0.035541,5.0527030000,-1.5977270000,1.562313
0.075056,0.504151,0.012731,4.7096980000,-0.4138730000,1.911351
0.011140,0.457075,-0.014464,4.8335080000,0.0315340000,1.028493
-0.047632,0.410993,-0.071821,5.2712310000,-0.2555840000,1.063644
-0.083883,0.368203,-0.111286,3.8583490000,-1.0246690000,-0.349127
-0.124950,0.323240,-0.154568,4.8945420000,-2.2845970000,-0.933982
-0.163492,0.293957,-0.156459,4.7540870000,-1.0161580000,-0.812775
-0.225983,0.265082,-0.179633,4.7314480000,-1.8485970000,-1.472933
-0.274938,0.216344,-0.227215,5.3589810000,-2.6958050000,-1.103399
-0.298942,0.194936,-0.204520,5.4043870000,-2.0879500000,-1.541657
-0.327033,0.147426,-0.203953,6.6932230000,-2.4259420000,-2.587075
-0.348622,0.136935,-0.220995,7.0557910000,-3.0470680000,-1.878347
-0.401758,0.121554,-0.171273,6.8222790000,-2.6373020000,-2.852654
-0.414822,0.139125,-0.186316,7.9254210000,-5.0417500000,-2.084620
-0.438948,0.142768,-0.157503,7.5723030000,-2.3426800000,-1.752319
-0.441741,0.119348,-0.185866,7.6222880000,-3.9792770000,-3.007904
-0.425444,0.140149,-0.216350,7.4809620000,-3.2543870000,-2.269076
-0.432921,0.154148,-0.159797,7.3581370000,-2.3229390000,-3.062741
-0.418810,0.180890,-0.197627,7.5223140000,-3.3041650000,-3.317472
-0.406925,0.225604,-0.183309,6.0926320000,-2.3951920000,-2.016064
-0.377563,0.234847,-0.189943,5.2135290000,-3.0855190000,-2.723144
-0.322313,0.290829,-0.200595,5.5362030000,-2.4287060000,-2.421327
-0.305307,0.290494,-0.144833,4.6896100000,-0.8290030000,-2.931365
-0.248931,0.335526,-0.188351,4.6460810000,-2.4723660000,-3.031758
-0.210510,0.380374,-0.113571,4.2714300000,-2.1781640000,-1.967050
-0.165741,0.420275,-0.088256,3.6566560000,-2.2514710000,-1.772976
-0.135746,0.458010,-0.056371,4.4164750000,-1.0802710000,-0.541890
-0.084084,0.500636,0.000632,3.7343970000,-1.2604500000,-0.094376
-0.038760,0.552932,-0.005079,4.2884070000,-2.4180050000,-0.255481
0.014429,0.578184,0.048684,4.1507610000,-1.0246430000,0.450893
0.062277,0.632754,0.070742,3.5100190000,-1.2964620000,0.688830
0.105438,0.668237,0.099676,3.9287400000,-0.7722400000,1.422630
0.154425,0.723198,0.118478,2.7027170000,-0.6989240000,1.865575
0.188388,0.783819,0.134342,2.7888940000,-0.1271650000,1.852625
0.257884,0.825555,0.121948,2.5784240000,-0.3244270000,2.929968
0.313859,0.867032,0.160631,1.3673330000,0.7224350000,2.391379
0.362922,0.889178,0.136902,1.5124360000,1.0537440000,2.213110
0.418546,0.944281,0.135560,-0.1955800000,0.6873360000,2.713284
0.422442,0.973235,0.168348,-0.6628780000,1.7307240000,2.932111
0.475027,1.012368,0.166395,-0.4404830000,0.4741580000,3.957102
0.486138,1.017305,0.219423,-1.3441680000,3.8060920000,3.557009
0.522750,1.016238,0.189392,-1.0569640000,1.5398370000,3.820070
0.557022,1.028331,0.218428,-1.2129160000,0.9434810000,4.394750
0.543981,1.011144,0.247740,-1.1582010000,2.0388370000,4.010843
0.546860,1.039698,0.273370,-0.4323950000,2.0219980000,5.506860
0.523269,1.013661,0.323703,-0.9354750000,1.8798260000,5.866763
0.549693,1.018661,0.272897,-0.8234350000,-3.0430670000,6.305366
0.518132,0.995450,0.350218,0.6663220000,2.3047370000,6.376953
0.517157,0.961933,0.334479,0.4142510000,1.2228190000,6.045479
0.491925,0.951338,0.336846,1.5912970000,1.3970350000,6.573135
0.479324,0.944113,0.327825,0.7054550000,1.7336390000,6.738395
0.427031,0.907717,0.316455,1.0085850000,3.2335590000,5.744023
0.408925,0.898993,0.279495,0.9431270000,2.5628710000,6.778497
0.371519,0.862131,0.262748,0.3432650000,2.1485880000,6.047130
0.339062,0.832645,0.212917,1.0446890000,2.2435460000,5.572106
0.310492,0.798649,0.192149,0.1417100000,2.3317940000,4.887885
0.272996,0.744081,0.163891,0.6406670000,1.9913560000,4.210550
0.219417,0.709301,0.136223,0.7598420000,1.5286470000,4.681209
0.151448,0.662795,0.125299,0.3211900000,0.6248280000,4.605877
0.098161,0.634563,0.079758,1.8900970000,-0.9109360000,3.868296
0.040518,0.580435,0.099529,2.2115200000,1.1351290000,4.449186
-0.002302,0.528202,0.075196,3.5571680000,0.1923010000,2.991607
-0.060998,0.481506,0.088811,4.3540920000,0.5034530000,3.402302
-0.124799,0.455890,0.063389,4.0944570000,-0.6858630000,2.736350
-0.195424,0.422763,0.036092,6.0024990000,-1.3846380000,3.120051
-0.230855,0.398122,0.045441,5.8945990000,-0.1533560000,2.691108
-0.274458,0.363939,-0.010075,6.7499370000,-1.4583060000,1.612869
-0.311448,0.341021,-0.049816,6.8455050000,-2.1618110000,1.143211
-0.363639,0.336097,-0.067354,5.9754420000,-2.1678510000,0.307955
-0.406094,0.333527,-0.130416,6.7203720000,-3.7281080000,-0.116147
-0.430991,0.341224,-0.171991,5.9702560000,-2.8647290000,-0.774828
-0.471372,0.325508,-0.191295,6.3571150000,-3.0259320000,-2.099013
-0.479874,0.333396,-0.244701,6.4909760000,-3.1372830000,-1.823784
-0.491707,0.341398,-0.244172,5.5829060000,-2.9607690000,-3.038028
-0.487912,0.348607,-0.295903,6.1100000000,-3.6654890000,-2.950327
-0.484899,0.362738,-0.277259,5.3375960000,-3.1255770000,-3.753813
-0.469455,0.355519,-0.293140,5.6487320000,-4.4507440000,-4.239390
-0.425657,0.392000,-0.316458,6.3683670000,-4.2230470000,-3.328080
-0.425740,0.405065,-0.243650,6.1105280000,-3.6656990000,-3.523776
-0.394514,0.446305,-0.275316,7.1230160000,-4.4959690000,-3.526557
-0.383432,0.480744,-0.214663,6.6041410000,-3.1399220000,-2.838499
-0.326718,0.512771,-0.201464,6.4161760000,-3.8255800000,-3.799784
-0.279264,0.550073,-0.185571,6.8215600000,-2.6075000000,-3.288491
-0.237571,0.579273,-0.158609,6.2226790000,-1.2488630000,-3.072792
-0.202836,0.655127,-0.176669,6.3181490000,-2.0787490000,-2.608761
-0.166594,0.702092,-0.148486,4.9764560000,-1.6449020000,-1.974712
-0.106897,0.755967,-0.134664,4.0849220000,-1.5476400000,-2.708268
-0.048798,0.786940,-0.107554,4.5148920000,-0.5223680000,-2.632998
0.030037,0.831348,-0.084892,2.6110620000,-0.2207020000,-3.042216
0.084571,0.864163,-0.054543,2.8630350000,-0.3147370000,-3.059922
0.169140,0.921057,-0.017474,2.9713320000,0.2965450000,-1.759865
0.229245,0.945905,0.029363,1.4700140000,0.2858610000,-1.762632
0.307344,0.969647,0.023494,1.9473720000,-0.3979240000,-0.557366
0.372500,0.997958,0.074096,1.0243080000,-0.5676030000,-1.204836
0.425804,1.014738,0.124173,0.8088920000,-0.0541380000,-1.638406
0.463785,1.057213,0.165985,1.5053030000,2.0388010000,-0.875952
0.491035,1.083046,0.220900,0.3199300000,1.0406800000,-0.919454
0.530638,1.136208,0.189333,0.9524950000,-0.7508510000,-0.346685
0.543659,1.162960,0.266703,0.8311270000,1.8251170000,0.513619
0.568553,1.175998,0.263467,0.3034820000,1.8702180000,-0.300846
0.580886,1.203304,0.287274,1.1216820000,2.1534070000,0.204813
0.622907,1.219204,0.299015,-0.0613650000,1.9819650000,-0.756915
0.638633,1.222907,0.297686,0.2112160000,2.2005300000,-1.134342
0.670903,1.249531,0.301700,0.2423170000,2.9106980000,-0.221752
0.661506,1.231074,0.301418,-1.1117020000,2.8683780000,-0.380954
0.674323,1.232101,0.262633,-0.4879110000,1.7936130000,-0.588775
0.694228,1.221427,0.272181,-1.0580670000,2.9392130000,-0.688727
0.697560,1.160006,0.261514,-1.1004990000,2.5139110000,-1.912876
0.692377,1.148159,0.252326,-0.7209770000,3.0663020000,-1.369116
0.657672,1.098903,0.261395,-1.4013570000,2.5005180000,-1.596967
0.606485,1.104224,0.248719,-0.9064610000,1.8449760000,-0.641863
0.560423,1.056632,0.257496,-0.2001890000,2.0741920000,0.030902
0.527690,0.994502,0.272421,0.3207080000,3.1879630000,-0.776584
0.505051,0.909707,0.234555,1.2218220000,1.7070020000,-0.996851
0.475910,0.873836,0.242823,1.5490680000,1.5575000000,-0.905152
0.407369,0.807731,0.234591,1.7425710000,1.3014960000,-0.785783
0.346887,0.776532,0.208653,2.4333500000,0.9000410000,-0.430853
0.298182,0.702014,0.219699,2.1719170000,1.5671270000,-0.682875
0.268851,0.656621,0.149468,2.8046990000,0.6824510000,-0.527904
0.223701,0.578190,0.135895,3.3216960000,1.0748110000,-0.672433
0.165769,0.528290,0.117989,2.8922120000,1.6851540000,-1.256641
0.095144,0.471524,0.077500,3.4896520000,0.2545460000,-1.502381
0.061043,0.419901,0.052668,3.4352290000,0.3532980000,-1.285021
-0.003549,0.352102,0.050134,3.3423130000,0.3468220000,-1.431907
-0.057023,0.306092,0.002188,4.3422590000,0.2017020000,-0.992917
-0.120118,0.264543,-0.006195,3.7890130000,-0.6828530000,-1.022968
-0.191866,0.192448,-0.032901,3.8977180000,-1.3112890000,-1.800650
-0.226082,0.151489,-0.046950,5.3559840000,-0.4532300000,-1.150415
-0.268498,0.063198,-0.024777,5.2044200000,-1.2787270000,-1.295791
-0.320022,0.038478,-0.090203,6.3318590000,-1.9345650000,-1.609513
-0.388835,0.001679,-0.056400,6.2067880000,-2.0998550000,0.077141
-0.432363,-0.007210,-0.063815,6.2955490000,-2.9804150000,-0.308566
-0.449232,-0.042122,-0.072744,7.5019140000,-4.1182230000,-0.209058
-0.460448,-0.082276,-0.059410,7.4338130000,-2.6885080000,-0.666613
-0.464351,-0.092222,-0.125752,7.6093510000,-4.2742110000,-0.004437
-0.492777,-0.083513,-0.133446,7.4008440000,-3.4017390000,0.367272
-0.510075,-0.068907,-0.141393,6.6976150000,-3.7941280000,0.162343
-0.511040,-0.075087,-0.176245,7.2287000000,-3.2585660000,1.149064
-0.497326,-0.062640,-0.149231,6.3587420000,0.2141490000,0.938791
-0.465001,-0.060750,-0.185151,6.1727460000,-3.4129320000,0.809141
-0.432898,-0.012101,-0.219157,6.1406540000,-2.7637050000,1.541329
-0.441242,0.013509,-0.149047,5.5879140000,-1.3917540000,1.831230
-0.400954,0.062023,-0.188853,6.2190780000,-2.8280770000,3.510801
-0.370542,0.084350,-0.143805,5.3310930000,-0.7423500000,3.503830
-0.320642,0.109366,-0.126326,5.1524890000,-2.1707000000,3.454531
-0.283964,0.182134,-0.123017,5.4399950000,-1.8520700000,4.827637
-0.256714,0.214479,-0.072941,4.6207700000,-1.0698750000,5.073423
-0.209939,0.280542,-0.080937,4.9940690000,-2.0780830000,4.885023
-0.158244,0.315867,-0.058984,4.6892520000,-0.5244100000,6.257592
-0.118569,0.371475,-0.007206,4.1102230000,0.1623910000,6.552653
-0.088462,0.433503,-0.014832,4.0721630000,-0.5540730000,7.085603
-0.024576,0.511297,0.030978,3.2341210000,0.1987080000,7.528955
0.013658,0.543836,0.049786,2.4597440000,-0.0963530000,6.687117
0.080324,0.603104,0.034110,2.6426190000,1.2381880000,7.209491
0.117678,0.652649,0.108805,1.6099440000,1.4536960000,6.744097
0.155754,0.713551,0.096466,1.0529050000,1.0042020000,7.131335
0.171103,0.784639,0.128480,0.7003540000,2.1109880000,7.767405
0.225513,0.842709,0.167656,-0.1647220000,1.5327470000,7.685994
0.260362,0.885978,0.153397,0.3691630000,1.5899300000,6.641571
0.306507,0.907711,0.168545,0.1221170000,1.4361840000,6.776450
0.313213,0.960066,0.226332,-1.1921190000,1.8231510000,6.189339
0.298606,1.007976,0.255218,-1.0169020000,1.9840460000,6.497529
0.314457,1.061618,0.249595,-1.3402250000,2.4017600000,6.981468
0.306254,1.073635,0.312125,-1.3705450000,2.2632470000,5.674926
0.344681,1.093710,0.296311,-0.2399920000,1.0453250000,5.798142
0.327097,1.112926,0.341585,-0.7811510000,3.3028180000,6.401641
0.319945,1.121152,0.325728,-0.8566530000,1.5935770000,5.758444
0.305417,1.151892,0.324625,-0.3506330000,1.6370430000,5.730582
0.292317,1.129620,0.337738,-1.0326020000,1.6457060000,5.857747
0.302574,1.116172,0.293744,-0.8843180000,1.4619810000,4.930393
0.288781,1.095096,0.318303,-0.4573250000,1.2886390000,4.537994
0.276830,1.085583,0.292670,-1.4226370000,0.9952020000,3.942303
0.251523,1.066148,0.259308,-0.0783250000,0.3829550000,4.244550
0.237165,1.047139,0.255110,-0.2130000000,2.6961450000,4.168171
0.208516,0.995569,0.235904,-0.2934400000,0.8987020000,3.188344
0.178304,0.958933,0.185266,0.8709030000,0.7161000000,3.154332
0.140491,0.944937,0.177053,0.5882660000,0.8187320000,3.678015
0.104095,0.900352,0.150321,1.1101600000,0.2268130000,3.193708
0.076752,0.869484,0.130466,2.3080600000,0.8520450000,3.150144
0.037202,0.803822,0.106809,2.0725190000,0.2705870000,2.576623
0.012095,0.787403,0.064764,3.3944940000,-0.6556670000,1.735856
-0.030938,0.752455,0.043789,3.9303390000,0.2826140000,2.498121
-0.078136,0.731073,0.023110,4.2550380000,-0.2642600000,1.257483
-0.117302,0.696765,-0.043665,5.2563720000,-1.0215840000,1.489703
-0.137597,0.671306,-0.077549,4.3751490000,-0.9513690000,0.591060
-0.166181,0.646435,-0.102867,5.0294730000,-1.0999260000,-0.702359
-0.173812,0.628687,-0.176735,4.8797520000,-2.9988720000,-1.211613
-0.237685,0.622195,-0.161731,5.0895620000,-1.2836700000,-1.723704
-0.265950,0.615955,-0.228128,5.1167540000,-2.5021080000,-2.574443
-0.297419,0.607010,-0.247008,5.4546580000,-2.3136760000,-3.146021
-0.300675,0.582861,-0.243102,5.1139110000,-1.9357360000,-4.212374
-0.325080,0.550168,-0.280680,5.9566710000,-2.1358800000,-5.218369
-0.305868,0.553277,-0.285413,6.0678010000,-2.9185470000,-4.700022
-0.319343,0.544936,-0.269152,5.3764440000,-3.4433890000,-5.452371
-0.301772,0.539303,-0.301799,6.2936780000,-5.6009790000,-5.537225
-0.295292,0.540642,-0.249680,6.1067800000,-4.3968880000,-5.555632
-0.280564,0.524178,-0.244908,5.9480570000,-4.7044890000,-6.166944
-0.246873,0.553864,-0.259862,7.1140910000,-5.5499760000,-5.451296
-0.218910,0.543186,-0.216606,6.3008770000,-3.9523410000,-5.859250
-0.200804,0.566626,-0.213071,6.8309710000,-3.7150830000,-6.314331
-0.159563,0.582362,-0.197699,6.5126200000,-3.1095980000,-5.546227
-0.112651,0.621587,-0.187987,5.7469060000,-2.8164900000,-5.573425
-0.079383,0.644410,-0.173173,5.9493730000,-2.4688570000,-5.720738
-0.030262,0.684170,-0.173226,4.7783600000,-1.0980250000,-5.367166
-0.017132,0.702486,-0.123677,4.2255880000,-0.9781930000,-5.534942
0.057688,0.749543,-0.131972,4.3864370000,-0.6130320000,-5.297086
0.107955,0.767452,-0.069881,4.0112410000,2.0197590000,-5.810157
0.168132,0.778783,-0.074585,3.2224290000,0.2922350000,-5.434084
0.204482,0.812602,-0.051276,3.3890910000,0.6650050000,-5.038619
0.255612,0.847232,-0.002237,2.5431740000,0.7551380000,-3.721228
0.286352,0.869290,0.035377,2.4535930000,1.0521360000,-4.391538
0.335878,0.875310,0.059936,2.8863200000,0.8785510000,-3.797367
0.401924,0.902134,0.110042,2.3407300000,0.6197860000,-3.725327
0.445206,0.889648,0.141852,2.4880390000,-0.5604930000,-4.775063
0.496685,0.937942,0.164179,2.4902550000,0.3598960000,-3.426230
0.497906,0.938842,0.238996,1.9697320000,1.5141420000,-2.967269
0.550648,0.971574,0.181924,2.0956370000,-0.7281830000,-3.007335
0.578683,0.975336,0.239738,1.9382830000,0.7852800000,-2.577391
0.615456,0.975703,0.242774,1.2178930000,1.0531210000,-3.541928
0.624184,0.978497,0.229575,1.6582950000,0.9960780000,-3.433496
0.648546,1.004277,0.242938,0.3537060000,1.3430680000,-3.049979
0.636648,1.007385,0.248518,0.1260620000,1.4488420000,-3.054726
0.668346,1.017075,0.248354,0.6571120000,2.1330460000,-2.584273
0.651829,0.985367,0.264743,-0.4270180000,2.8301970000,-2.677606
0.664046,0.977696,0.254466,0.4237430000,1.9281890000,-2.340545
0.649203,0.970015,0.257489,0.5471830000,2.9351690000,-1.726414
0.643170,0.934929,0.278520,0.2829660000,2.7283420000,-1.365772
0.624437,0.913294,0.270432,1.1783820000,2.9321850000,-0.538108
0.611780,0.876629,0.282859,0.9696820000,2.9008250000,-0.030189
0.581555,0.838254,0.295001,1.1211530000,3.1989720000,-0.571513
0.568616,0.804770,0.260201,2.3876190000,2.5114550000,0.660252
0.528879,0.755035,0.292631,1.9674900000,3.7311300000,0.590481
0.494879,0.700861,0.262945,2.6842170000,1.9276700000,0.657755
0.471469,0.663950,0.251039,2.4150800000,2.5426910000,0.923124
0.413898,0.604098,0.264172,2.1323640000,2.0166340000,0.930194
0.380450,0.573847,0.222065,2.8894910000,2.7608320000,1.833138
0.322604,0.514524,0.219498,2.2437100000,1.9436880000,1.627046
0.291276,0.473159,0.162013,2.7647780000,0.1630480000,1.547457
0.221902,0.421989,0.163300,3.1249430000,1.4558980000,1.759217
0.172475,0.356678,0.172287,2.8181630000,0.8563450000,1.136988
0.100186,0.309752,0.120218,3.4234320000,0.6849160000,2.112502
0.045418,0.272211,0.128109,3.7311410000,-0.0842080000,2.810982
-0.027865,0.235126,0.138143,3.1609190000,-0.0234730000,2.574840
-0.082895,0.175993,0.098491,4.7507810000,-1.3368000000,2.581526
-0.133117,0.139069,0.116643,5.0992740000,-0.5785990000,2.555329
-0.192407,0.075416,0.097989,5.2868260000,-0.9456450000,2.561470
-0.254751,0.078475,0.066448,6.6628600000,-1.4782270000,3.559718
-0.315282,0.050919,0.065851,5.7423170000,-1.8905310000,3.678223
-0.371596,0.043865,0.039877,6.9229080000,-2.4835980000,3.201583
-0.402611,0.029432,0.008513,7.4460630000,-2.3895010000,3.517974
-0.433607,0.026665,-0.021416,6.3704140000,-2.8256420000,3.087728
-0.474510,0.030617,-0.045916,7.0864190000,-3.2255540000,2.599793
-0.483747,0.065568,-0.098248,6.7034740000,-2.9594760000,2.959288
-0.544757,0.077815,-0.084839,6.4522660000,-2.0911890000,2.288393
-0.555649,0.114670,-0.165443,6.7264870000,-3.0178770000,2.359007
-0.552031,0.147357,-0.143270,6.4349670000,-2.0843850000,2.655175
-0.541724,0.174368,-0.168404,5.6670280000,-2.6514190000,1.637159
-0.550708,0.206296,-0.183198,6.2512160000,-2.6236200000,1.383921
