-0.015478,-0.009089,0.010066,-0.309329,-0.430989,-0.200765
-0.006222,0.004855,0.001171,-0.126005,0.041807,-0.164940
-0.010378,-0.000866,0.007194,0.178044,-0.190514,0.110899
-0.005759,-0.007093,0.021541,0.304458,-0.286657,0.148313
-0.004499,0.007281,0.006669,0.313465,-0.413408,0.106077
-0.010834,-0.003249,0.007506,0.322524,-0.178865,0.202857
0.003261,0.010904,-0.031010,0.399704,0.115311,0.662494
-0.018397,0.000860,0.015512,-0.326450,-0.456720,0.224997
-0.001751,0.005039,0.000970,-0.470496,-0.101957,0.318681
-0.011684,0.004973,-0.010669,-0.472505,-0.195914,0.143858
-0.002598,-0.001703,-0.016558,-0.440213,0.430881,0.232622
-0.002070,0.001599,-0.020372,-0.327238,0.999022,-0.399402
-0.010286,-0.012033,-0.003405,-0.007279,0.163747,0.071747
0.001626,0.000312,0.000393,0.515683,0.416914,-0.139249
-0.023491,-0.001349,0.017044,0.307953,-0.197351,-0.144576
-0.003566,0.003079,-0.001889,0.419067,-0.162616,0.356167
-0.014021,0.000266,0.020616,0.193498,-0.733088,0.256180
0.003895,0.007911,0.015728,-0.066507,0.010591,0.690982
-0.001587,0.008833,0.003846,0.029892,-0.331111,-0.091191
0.007705,-0.000430,-0.018376,0.093912,0.371177,0.505455
-0.001896,0.011564,-0.022387,-0.451120,0.298852,0.458510
0.000182,-0.006857,-0.024455,-0.344825,0.562510,0.273630
0.005358,0.005804,-0.040559,-0.200943,0.432043,-0.047856
-0.016453,0.002176,-0.011240,-0.633666,0.241399,-0.149421
-0.005838,0.002130,-0.011674,-0.402235,0.177096,0.012252
-0.013525,-0.002114,-0.000684,-0.428622,-0.410398,-0.121340
-0.006087,0.000703,0.005494,-0.187301,0.262975,0.274234
-0.006632,0.001684,0.004486,0.093266,-0.020001,-0.173823
0.004466,-0.010494,0.007066,0.293406,0.218924,0.237129
-0.008740,-0.003466,0.009767,0.260988,-0.188082,-0.087291
-0.008457,-0.006168,0.008792,0.354308,-0.057316,0.146964
-0.003090,0.008807,-0.013144,0.493263,-0.006208,0.418290
-0.020159,-0.004237,0.010739,0.092228,0.045523,0.019789
0.001357,0.008656,-0.004393,-0.129083,-0.294078,0.426746
-0.003996,0.003818,0.005129,-0.265863,-0.313221,0.474623
0.001475,0.004110,-0.008959,-0.416615,0.126031,0.301537
0.000934,0.006831,-0.008408,-0.428550,0.026918,0.041302
-0.015068,-0.005468,0.001450,-0.508688,0.004338,0.139279
0.000182,0.006040,-0.012586,-0.072166,0.068704,0.112157
-0.012459,-0.000177,0.006610,-0.144540,-0.194436,0.143464
0.001406,0.002390,-0.002621,0.053975,0.338110,0.049249
0.001026,0.005410,-0.000513,0.386062,0.048969,-0.133751
-0.008999,-0.003962,0.001548,0.891039,0.221760,0.168441
0.002513,0.000236,-0.003747,0.822210,0.098094,0.347665
-0.022706,0.001090,0.019142,0.175806,-0.286725,0.061075
0.001282,0.003670,0.004509,0.362833,0.342223,-0.021242
-0.008454,0.012720,0.013805,0.170505,-0.143887,0.234854
-0.001876,-0.003112,0.004830,0.294436,0.026111,0.032144
0.000734,0.006788,0.000232,-0.184238,0.092639,0.194999
0.000930,-0.002819,-0.001258,-0.146313,1.198657,0.499150
0.006580,0.005570,-0.023280,0.000379,1.112493,0.012535
-0.012009,-0.005147,-0.006310,-0.341933,0.901251,-0.155713
0.004134,0.016012,-0.015599,-0.236081,1.633763,-0.016574
-0.002470,0.001467,-0.002424,0.226080,0.967067,0.084893
0.004078,-0.005862,-0.002253,0.341694,0.867265,-0.041754
-0.001009,0.010376,0.003708,0.284028,0.000179,-0.332542
-0.006718,-0.004559,0.014770,0.702758,-0.091847,-0.215844
-0.008103,0.005072,0.012725,0.678567,-0.235838,-0.456044
-0.014832,-0.006161,0.015288,0.579516,0.197959,-0.012340
-0.002175,0.007530,-0.004019,0.328587,-0.401959,0.090085
-0.023136,-0.000361,0.020484,-0.276997,-1.185217,0.228791
0.003914,0.007579,-0.001823,-0.263624,0.522501,0.544513
-0.007574,0.011850,0.008008,-0.418545,-1.531049,0.334000
-0.001055,-0.004395,0.002083,-0.454412,-0.693823,0.357089
-0.000665,0.016104,-0.007774,-0.285222,0.197887,0.006134
-0.004338,-0.004648,-0.007383,-0.089914,0.337368,0.262292
-0.000340,-0.000065,-0.040050,0.328341,0.567874,-0.489308
-0.018689,-0.006952,-0.013026,-0.189185,0.476717,-0.436109
-0.003967,0.008085,-0.007157,-0.395371,0.996298,-0.104462
-0.034375,-0.005183,0.027752,-0.334823,-4.716139,-0.769697
-0.000760,-0.008232,0.014501,0.125447,-0.465366,-0.002548
-0.007909,-0.000450,0.012672,0.199551,-1.082503,-0.197315
-0.019178,-0.014374,0.021164,0.097513,-1.525547,-0.196107
-0.005625,-0.000246,0.011389,-0.048211,-1.383454,0.180051
-0.012626,0.005380,0.023327,0.008615,-0.757542,0.233420
0.003924,0.007704,0.012377,-0.090387,-0.338059,0.612804
-0.000005,0.010199,-0.007193,-0.257240,-0.608145,0.612850
-0.002286,0.000735,-0.014293,0.074753,0.157237,0.224954
0.002867,0.011531,-0.017533,-0.247842,0.330570,0.101200
-0.014710,0.004221,-0.011670,-0.755711,0.161826,-0.127330
-0.002903,-0.001159,-0.012314,-0.593752,0.334023,-0.081422
0.000199,0.006558,-0.012980,-0.354187,0.689058,-0.271679
-0.005812,-0.007142,-0.015685,0.030614,0.301261,-0.201917
-0.004069,0.004215,-0.014378,0.096745,-0.223867,-0.225711
-0.014730,-0.009565,0.001755,0.190984,-0.005988,-0.509554
-0.006659,0.002613,-0.004278,0.274223,0.068277,-0.128052
-0.019115,-0.004274,0.016454,0.325321,-0.402858,-0.018248
-0.000895,0.006050,0.014615,0.128722,-0.424844,0.232228
-0.008438,0.010438,0.012666,0.002112,-0.820082,0.438536
-0.001095,0.009802,-0.006878,0.006291,-0.135362,0.333107
0.007377,0.015927,-0.006340,-0.264514,0.749724,0.479448
-0.005900,-0.002790,-0.018888,-0.342081,0.585858,0.328719
0.002477,0.001993,-0.023481,-0.264615,0.779194,-0.000365
-0.001725,-0.002977,-0.015819,-0.327146,0.606666,-0.071020
-0.005582,-0.000134,-0.031785,-0.230629,0.419475,-0.213018
-0.017376,-0.010215,0.004164,-0.111933,0.029688,-0.028634
-0.000671,0.001700,0.002441,0.171148,-0.144671,0.045796
-0.017061,-0.002294,0.012108,0.093515,-0.598491,-0.063815
-0.002487,0.005213,0.022191,-0.014996,-0.388218,-0.344076
-0.010345,0.010875,0.006199,0.111394,-0.127347,0.286076
0.004091,0.002295,-0.006310,0.218697,0.245771,0.529742
-0.003150,0.008443,-0.011962,-0.105860,0.201915,0.397213
-0.000159,-0.002744,-0.019857,0.088772,0.202597,0.116112
0.008953,0.011843,-0.030889,-0.336967,0.748976,0.294391
-0.007167,-0.003325,-0.021248,-0.419671,1.228238,0.040737
0.003826,0.010858,-0.010479,-0.855211,-0.025499,0.069291
-0.004079,-0.000413,-0.009872,-0.317991,-0.056800,0.336239
0.009143,0.003995,-0.007452,-0.560393,0.378858,0.268686
0.002273,0.011594,-0.007925,-0.221842,0.113653,-0.133862
-0.006829,-0.010445,-0.004305,0.400269,0.012282,0.441664
-0.002263,0.006624,-0.000950,0.521489,0.129219,-0.139442
-0.015646,-0.003893,0.007036,0.641187,0.107026,-0.097371
-0.004154,0.007904,-0.010932,0.467096,0.128221,-0.205636
-0.018531,0.002065,0.019979,0.153646,0.022073,-0.047863
0.005572,0.007464,0.002562,-0.143592,-0.525615,0.543384
-0.016279,0.008380,-0.000789,-0.351337,-1.053542,-0.054552
0.002608,-0.001250,-0.003829,-0.193820,0.180237,0.492161
-0.010627,0.013668,-0.009317,-0.343007,-0.001347,-0.022886
-0.012186,-0.002869,-0.010656,-0.244648,-0.173298,-0.148082
0.000261,0.000844,-0.006514,-0.387956,0.264314,0.232304
0.003087,-0.000673,-0.026924,0.276124,2.406344,0.253932
0.001968,-0.002954,-0.026405,0.217503,0.972703,0.042323
0.006255,0.000962,-0.022519,0.663205,1.880833,0.272189
0.000878,0.007963,0.001673,0.465973,0.428531,-0.133311
-0.021938,-0.013441,0.020635,0.485077,-2.112313,-0.708722
0.001761,-0.000935,-0.014336,0.795550,0.270931,-0.255670
-0.014940,-0.000056,0.021860,0.506351,0.145959,-0.197817
0.003684,0.004251,0.010388,0.741219,-0.070547,0.472086
-0.016168,-0.003584,0.028244,0.336652,-1.100491,-0.041721
-0.003347,0.010849,-0.007187,0.196528,-1.333928,-0.023874
-0.014632,-0.001454,0.011845,-0.051759,-0.465687,0.256338
0.000441,0.004425,-0.022604,0.291843,-0.322878,0.581585
-0.010427,-0.007845,-0.006996,-0.237863,1.199582,0.246940
0.005198,0.009040,-0.029681,-0.388619,0.405734,0.188299
-0.018958,-0.004379,-0.003674,-0.488218,0.040931,0.041404
-0.001587,-0.002370,-0.004826,-0.269907,0.340253,0.202253
-0.012705,-0.010018,0.009652,-0.121780,-0.007009,0.126035
-0.003478,-0.003870,0.006652,-0.223198,0.143238,-0.322652
-0.007026,-0.001766,0.016670,0.444138,-0.145055,0.085858
0.000317,-0.011600,0.010247,0.573581,-0.080332,0.474236
-0.010417,0.015470,0.013362,0.310228,-0.372269,0.419750
-0.001380,-0.009654,0.004748,0.507732,-0.000979,0.645642
0.003356,0.000732,-0.003110,0.076345,-0.346128,0.210476
-0.007916,-0.001503,0.006810,0.427060,-0.190015,0.357483
-0.000117,0.010901,-0.025109,0.247862,0.320073,0.410950
-0.012501,-0.003502,0.000596,-0.289913,-0.044669,0.220303
0.000212,0.003772,-0.010735,-0.095416,-0.414439,0.636717
-0.017619,-0.000318,-0.003185,-0.571113,-0.158812,0.323851
-0.000156,0.013491,-0.028378,-0.745739,0.221068,0.668556
-0.017346,0.001901,0.001735,-0.741668,-0.069156,0.119959
-0.005730,0.003033,-0.012606,-0.500258,0.409158,0.073581
-0.010735,0.003965,0.004263,-0.030650,-0.130921,0.380325
0.005854,0.004175,-0.018774,-0.249907,1.102150,-0.172775
-0.004728,0.012162,-0.017516,-0.372164,0.026331,0.398953
-0.003100,0.000552,-0.019709,0.317748,0.573736,0.175110
-0.004157,0.006007,0.002388,0.526121,0.570175,-0.161711
-0.010007,-0.006319,0.015272,0.561663,0.130410,-0.273704
-0.000061,0.008807,0.014133,0.511084,0.275169,-0.225298
-0.001082,-0.009020,0.008054,0.679131,0.266582,-0.104904
0.002726,0.007044,0.008188,0.419740,0.454016,0.489020
-0.009731,-0.005143,0.020370,0.411442,0.101380,0.314122
0.001823,0.010504,-0.021124,-0.001147,-0.281989,0.662356
-0.009554,0.011364,0.022700,-0.603908,-1.354361,0.498647
0.002513,0.006000,-0.019138,-0.361782,0.399294,0.113965
-0.001945,0.005295,0.002543,0.381198,0.321310,0.321540
-0.002536,0.005380,-0.016318,0.319911,0.847235,0.446036
-0.005188,0.004382,-0.005791,0.005785,0.050519,0.104298
-0.014090,-0.006726,-0.017772,-0.138987,0.570841,-0.443012
-0.002687,0.006903,-0.055534,-0.255162,0.534931,-0.019223
-0.017159,0.007090,-0.005690,-0.352683,0.174204,-0.175231
-0.004837,0.001251,0.007854,-0.026816,0.104374,-0.025276
-0.008273,-0.001963,0.006436,-0.173075,-0.452768,-0.043526
-0.006839,0.002157,-0.007902,-0.171857,-0.054490,0.454282
0.003478,0.011095,0.008300,0.065805,0.256203,0.596119
-0.002047,-0.002101,0.023370,1.243570,-0.046159,0.555243
0.001206,0.017331,-0.008043,-0.016036,-0.064120,0.669052
-0.009156,0.004448,-0.010994,-0.189421,-0.073928,0.484763
0.003225,0.005390,-0.005900,0.580996,0.105923,0.645806
-0.018823,-0.003358,-0.008815,-0.283059,0.120779,-0.026701
-0.002296,0.004875,-0.042151,-1.200816,0.107797,0.041591
-0.014339,-0.004398,0.019654,0.038130,-0.075117,0.153151
-0.006402,-0.001845,-0.023251,-0.851988,0.484040,0.188660
-0.007056,0.010780,-0.017516,-0.637070,0.336784,-0.311400
-0.021633,-0.009519,-0.009405,-0.435683,0.252947,-0.275237
-0.002729,0.001884,-0.019312,0.055508,0.193889,-0.066093
-0.020461,-0.000522,0.016375,0.061895,-1.379390,-0.010817
-0.002687,0.003178,0.022158,0.593690,-0.051476,-0.006271
0.001653,0.001891,0.014996,0.501460,0.276397,-0.105561
0.007492,0.003309,-0.005004,0.139394,0.119338,0.433265
0.002414,0.014998,-0.019981,-0.459858,0.150725,0.561864
-0.002293,-0.005784,-0.018524,-0.302734,0.188513,0.332231
0.000199,0.007402,-0.020149,0.113328,-0.299307,0.677402
-0.018662,-0.000594,0.029212,0.297788,-0.039486,-0.231824
-0.000143,-0.000479,0.001279,-0.309467,0.129396,-0.011860
-0.006169,-0.007861,-0.003356,-0.418411,0.083947,-0.056580
0.002161,-0.003689,-0.015507,-0.365764,0.415946,0.140084
-0.001981,0.002757,-0.026612,0.102450,1.076832,-0.337767
-0.010466,-0.008574,0.019437,0.734237,0.775278,-0.188965
-0.004988,0.000404,0.001857,0.846464,0.029239,-0.112707
-0.017126,0.004917,0.019890,0.771082,0.739745,0.291240
-0.004026,0.001415,0.014766,0.749796,0.102253,-0.140746
-0.009101,-0.003272,0.018902,0.716171,-0.034884,-0.029848
-0.003297,-0.007763,0.008142,0.298874,-0.363564,0.170522
-0.001699,0.008039,-0.003829,0.016378,0.356363,0.262394
-0.004958,0.000555,0.012291,0.109238,-0.730790,0.472690
0.006596,0.011354,0.001187,0.170308,-0.305117,0.245519
-0.015652,-0.000640,0.018791,-0.479336,-1.593943,0.134110
0.002069,0.014817,-0.020822,-0.286624,-0.403551,0.585514
-0.016988,0.005416,-0.016656,-0.890461,-0.575616,0.249438
-0.005657,0.006224,-0.017040,-0.255884,0.560462,0.043294
-0.008073,0.006060,-0.028959,-0.758849,0.884452,0.081338
-0.003392,-0.004405,0.015026,0.233091,1.202963,0.119595
-0.002969,0.002948,0.008576,0.578144,0.677235,0.075419
-0.003665,-0.011968,-0.000264,0.485136,0.345252,-0.125836
-0.001751,0.002409,0.002372,0.497498,0.286198,-0.092280
-0.008421,-0.004093,0.004804,0.570506,0.257073,0.251572
-0.004056,0.003138,-0.002397,0.625510,-0.952489,-0.061392
-0.018886,-0.000148,0.028937,-0.152671,-1.552558,0.140642
-0.006878,0.008784,0.019306,-0.253478,-1.763166,0.512306
-0.010417,0.010507,0.013296,-0.311528,-0.446071,0.613716
0.003241,0.011659,0.006288,-0.709540,-0.969108,0.621161
0.000120,0.016675,-0.033400,-0.675275,-0.711355,0.917313
-0.006376,0.000079,-0.013164,-0.831880,0.026524,0.260805
-0.005526,0.006516,-0.037940,-0.307313,0.546745,0.134956
-0.015048,-0.000075,-0.022427,-0.503534,0.739847,-0.063457
-0.006892,0.005485,0.004496,-0.000520,0.945695,-0.236941
-0.012340,0.002695,-0.001941,-0.173580,-0.101015,0.004515
-0.003990,-0.004736,0.000859,0.099341,-0.407545,-0.241835
-0.005982,0.004651,0.013096,-0.013712,-0.126762,-0.102669
-0.010555,-0.000479,0.004345,0.196193,-0.276396,0.315986
0.001328,0.009706,0.010417,-0.317515,-0.140716,0.676519
-0.002811,0.012152,-0.001048,-0.015613,0.080205,0.579766
0.001807,-0.006181,-0.005844,-0.303013,0.321996,0.073477
-0.000379,0.009756,-0.042555,-0.049415,0.109498,0.336190
-0.014034,-0.003433,-0.005919,-0.703346,-0.179656,-0.231859
-0.000488,0.007113,-0.017986,-0.497025,0.570680,0.533687
-0.005572,0.013724,-0.020001,-0.438046,0.073824,0.639132
-0.025710,-0.007215,-0.001961,-0.381349,-0.412105,-0.243571
-0.005457,0.001549,0.005100,-0.581791,-0.196025,-0.241644
-0.002949,0.011380,-0.002292,-0.250990,-0.005906,-0.038429
-0.015265,-0.005659,-0.007075,0.110131,0.248092,0.072731
-0.007220,0.005958,-0.001449,0.698662,0.046383,-0.466800
-0.017349,-0.003141,0.016687,0.389709,-0.182475,-0.208196
-0.014379,-0.001841,0.013755,0.383968,-1.005205,0.134136
-0.017179,-0.000955,0.023928,0.516697,-0.550935,-0.273727
-0.019424,-0.008272,0.013746,0.477281,-0.666395,0.170423
-0.004226,0.004280,0.020432,0.391971,-0.446485,0.314818
0.000455,0.006591,0.020127,0.193639,-0.506728,0.603781
0.002647,-0.003919,0.003954,0.215976,0.311377,0.647027
0.005690,0.007189,0.001151,0.013292,0.562592,0.538920
-0.004614,-0.000597,-0.002795,0.080835,0.287918,0.511452
-0.003222,0.005744,-0.022447,0.113850,-1.008520,0.522954
-0.008684,0.008682,0.002897,-0.383417,0.175796,0.805939
-0.007105,0.001855,-0.012937,-0.288085,0.426181,0.603754
0.005962,0.012618,-0.025118,-0.363522,1.439263,0.744049
0.004295,0.005104,-0.029077,-0.125765,1.973145,0.278238
0.004236,0.001336,-0.019391,-0.169379,1.633222,0.179082
-0.013913,-0.009466,-0.017585,-0.109661,0.978586,-0.429384
-0.012784,0.012483,-0.020411,-0.138284,0.285193,-0.063756
-0.023415,-0.011012,0.008326,-0.055370,-0.245052,-0.130396
-0.004771,-0.002363,-0.005260,-0.001702,0.265958,0.065474
-0.005900,0.005131,0.020461,0.310632,-0.098369,0.211847
-0.016079,-0.004539,0.018197,0.419789,-0.254242,-0.032678
0.002043,0.007766,0.006459,0.184921,-0.227510,0.392063
-0.008904,0.007015,0.001991,0.178632,-0.367293,0.026331
-0.000363,0.005134,0.000960,-0.003799,-0.299816,0.553973
0.002509,0.012142,-0.013403,0.279731,0.694415,0.415034
-0.015610,-0.000729,0.010076,-0.029468,0.158741,0.248909
-0.004643,0.014650,-0.003940,-0.330294,-0.107232,0.689048
-0.007295,0.009375,-0.001748,-0.455420,-0.362057,0.506062
0.001370,-0.003167,-0.015478,-0.562497,-0.006655,0.459170
-0.005158,0.000424,-0.022607,-0.413832,-0.051529,-0.050091
-0.028549,-0.014301,0.010102,-0.327077,-0.181573,-0.088732
-0.008017,0.008699,-0.014421,-0.474488,0.578706,-0.076128
-0.008398,0.011899,-0.014674,-0.209362,0.314473,-0.140657
-0.002598,0.002652,-0.005618,0.171722,-0.004278,0.185289
-0.004354,0.004379,-0.011979,0.601751,0.096325,-0.144448
-0.022283,-0.014456,0.029134,0.505625,-0.589744,-0.450181
-0.008293,-0.003289,0.016588,0.434380,-0.502979,0.040258
-0.025073,-0.000351,0.038364,0.209342,-3.911630,0.165631
0.001187,-0.000489,-0.012015,0.151795,0.826861,0.333288
0.001147,0.011170,0.004397,-0.213436,-0.828377,0.503912
-0.010223,-0.001884,0.019857,-0.112996,-0.181540,0.668133
-0.005405,0.008285,-0.001189,-0.221491,-1.673926,0.419042
-0.013033,0.000443,0.000567,-0.523866,-0.590341,0.470169
-0.004827,0.004441,-0.009671,-0.253192,0.016388,0.389011
-0.016466,0.006686,0.000491,-0.415775,-1.941796,-0.429118
-0.003685,-0.008862,-0.006717,0.193715,0.505110,-0.114384
-0.000612,0.001504,-0.009510,0.254981,0.446181,-0.496798
-0.008549,-0.006932,0.000301,0.615426,0.466824,-0.384555
-0.006406,-0.002409,0.001253,0.690728,0.161193,-0.448520
-0.022283,-0.013478,0.022900,0.601584,-0.468615,-0.353717
-0.009908,0.004175,0.011989,0.318083,-1.026850,-0.290310
-0.021019,-0.007041,0.036923,0.159676,-1.168188,-0.005594
-0.006248,0.011121,0.027502,-0.058091,-1.818515,0.133499
-0.009399,0.007373,0.024857,0.065151,-1.540361,0.328620
-0.004075,0.006128,0.021679,-0.082808,-1.087004,1.201480
-0.001761,0.007041,-0.002132,-0.175701,-1.068386,0.435109
-0.001055,0.004408,-0.006822,0.093321,-0.649560,0.556251
-0.001850,0.014509,-0.011660,0.078984,-0.427723,0.627023
-0.018160,-0.005157,-0.003435,-0.213905,0.063806,0.350087
-0.007059,0.011682,-0.014510,-0.354873,0.064446,0.343099
-0.013834,0.007405,-0.015681,-0.295552,0.258908,0.110830
-0.004315,0.002439,-0.021022,-0.564184,0.501168,0.466834
-0.001374,0.014489,-0.016784,-0.802456,0.442524,0.314194
-0.006652,-0.003023,-0.015183,-0.315834,0.409762,0.388984
-0.007512,0.015900,-0.019706,-0.440557,-0.286427,0.295221
-0.015574,-0.003053,-0.006671,-0.284320,0.021735,0.236229
-0.002703,0.012588,-0.026340,-0.337272,0.057471,0.291588
-0.014796,-0.003305,0.003107,-0.184580,-0.425241,-0.394406
-0.003182,-0.001973,-0.007781,0.140835,0.119847,0.293278
-0.003947,0.003509,-0.000326,0.550017,0.152865,0.108664
-0.009173,0.004579,0.002214,0.392437,0.078429,0.378503
-0.005972,0.006772,-0.007462,1.139293,0.457636,0.268693
-0.012839,-0.006299,0.024249,0.360381,-0.059403,0.134471
-0.008920,-0.002685,0.017054,0.324428,0.008750,0.150413
-0.005296,0.011462,0.003314,0.060185,-0.475617,0.505865
-0.002706,-0.006430,-0.001469,0.140122,0.007791,0.607040
0.003589,0.015989,-0.012419,-0.345022,0.186582,0.318307
-0.013007,-0.006535,-0.006986,-0.370051,0.209369,0.549548
-0.003350,0.002679,-0.012484,-0.294633,1.332130,0.345587
-0.000245,0.003545,-0.009763,-0.037714,1.657738,0.222834
-0.000008,-0.000469,-0.026684,-0.217814,0.671724,0.359623
-0.000392,0.003824,-0.014303,0.113321,0.970396,-0.073767
-0.015990,-0.011308,-0.015225,-0.050387,0.427983,-0.348944
-0.006980,0.010008,-0.030308,0.543898,0.593007,-0.218983
-0.016315,-0.004185,0.002575,0.285846,-0.218950,-0.303328
-0.007079,-0.007999,0.003107,0.452929,0.493884,-0.104681
-0.004361,-0.004576,0.008293,0.668237,0.379042,-0.311583
-0.023534,-0.015608,0.036017,0.328150,-0.935417,-0.256117
0.001968,-0.000942,0.022822,0.650666,-0.590308,0.493376
-0.001518,0.007786,0.017776,0.327477,-0.372285,0.740783
0.004856,0.002436,0.009761,0.041475,-0.530502,0.868152
0.003954,0.004681,-0.004075,-0.047981,0.286769,0.625543
-0.014625,0.002738,-0.027817,-0.947901,0.027509,0.115866
0.007676,0.012913,-0.033748,-0.550322,1.260386,0.798482
0.004935,0.013232,-0.025480,-0.545792,1.614443,0.549423
-0.001699,-0.004395,-0.013702,0.343985,1.417917,0.327005
0.003593,0.015060,-0.040641,-0.249283,1.920212,0.504982
-0.014874,-0.002842,-0.007725,-0.243985,0.957223,-0.060319
-0.006987,0.002114,-0.011408,-0.045053,0.680796,0.098938
-0.009393,-0.001585,0.010906,0.223388,-0.457547,-0.241976
-0.001085,-0.005711,0.011080,0.384001,-0.054191,-0.078632
0.024134,0.014197,-0.023428,0.647696,5.390573,0.619241
-0.017691,-0.002619,0.024154,0.142131,-0.369440,0.190085
-0.007801,0.009106,0.007292,0.110830,-0.103746,0.397804
-0.003658,0.002577,0.013536,0.394012,-0.448576,0.487064
-0.000675,0.007691,0.011776,0.357590,0.125037,0.592049
-0.004896,0.011462,-0.000336,-0.063773,-0.022752,0.521903
-0.005779,0.000755,0.000603,0.170876,-0.097444,0.734149
-0.002185,0.015385,-0.038261,-0.445776,-0.084068,0.631517
-0.011704,0.004822,0.007145,-0.416129,-0.292036,0.348124
-0.005851,-0.008022,-0.014224,-0.275159,0.437735,0.059047
-0.004902,0.012982,-0.032238,-0.768292,0.275189,-0.128414
-0.007144,-0.014984,-0.031526,-0.612357,0.534587,-0.187182
-0.004092,0.005022,-0.020992,-0.081784,0.207935,0.208000
-0.017852,-0.005271,0.011527,0.079276,-0.097073,-0.463872
-0.005444,-0.001195,-0.005092,-0.705473,0.038741,0.068979
-0.006176,0.005492,0.002736,-0.281073,-0.237719,-0.206956
-0.006783,-0.011108,-0.003448,-0.008759,0.167544,-0.368891
-0.013118,-0.001464,0.010667,0.639467,0.336298,-0.616588
-0.008188,-0.008295,0.003363,0.603576,0.052872,-0.172244
-0.009842,0.006555,-0.010390,0.632340,-0.293054,-0.043136
-0.011027,-0.000469,0.031172,0.760877,0.000215,0.190722
-0.018075,-0.011653,0.039834,0.304231,-2.943665,-0.257915
-0.007820,0.009106,0.021082,0.338175,-1.529489,0.449545
-0.015173,-0.002304,0.022959,0.757106,-1.501874,0.356616
-0.012429,0.007176,0.008609,-0.070351,-2.909485,0.034376
-0.012852,-0.000748,-0.005979,-0.489318,0.313350,0.275445
-0.000839,0.014036,-0.021820,-0.612226,0.283779,0.346894
-0.010026,0.009513,0.011389,-0.143211,-0.568224,0.621640
-0.006399,0.007428,-0.017956,-0.596995,-0.133761,0.572161
-0.009567,0.020243,-0.025030,-0.996005,-0.106533,0.020898
-0.010351,-0.010750,-0.007449,0.894341,0.465485,-0.313563
0.003330,0.007546,-0.002732,0.909060,1.146472,0.467783
-0.024439,-0.025058,0.024647,0.845131,0.216292,-0.592028
-0.004614,0.001684,0.021666,0.702328,0.742992,-0.007800
-0.015311,-0.009099,0.023445,0.839511,-0.111827,-0.645329
-0.011178,-0.012693,-0.005381,0.487335,0.472673,-0.199143
-0.002703,0.009555,0.003688,0.176656,-0.082134,0.071011
-0.012472,-0.004027,0.025214,0.018738,-0.804973,-0.060227
-0.006780,0.007550,0.012488,0.246752,-0.700995,0.463955
-0.003324,0.016491,-0.006973,-0.374157,0.255799,0.486325
-0.003484,-0.004963,0.020045,0.219390,-0.264434,0.242348
-0.010578,0.010107,-0.005565,-0.236478,-0.383114,0.284632
-0.004466,0.004149,-0.043172,-0.946502,0.534294,0.328177
-0.003980,0.010931,-0.065552,-0.797253,0.825473,-0.016860
-0.020051,-0.004362,0.003196,0.197286,1.171123,0.132573
-0.002953,0.006906,-0.004948,-0.160290,1.129857,-0.068391
-0.008730,0.005101,-0.007062,-0.066333,0.258245,0.288404
-0.005562,-0.012920,0.010778,0.392857,0.160448,-0.091505
0.037464,0.009529,-0.050570,0.590200,8.527697,0.198747
-0.019847,0.000473,0.021827,-0.209608,-1.251979,0.172566
-0.004778,0.010822,0.019782,-0.378358,-1.630684,0.242860
-0.012134,0.008580,0.017527,-0.137917,-1.110887,0.504749
-0.004525,0.009651,0.019401,-0.189792,-1.209868,1.018159
0.001639,0.006033,0.006994,-0.038551,-0.651952,0.423086
-0.010955,-0.012988,0.000146,0.140145,-0.358729,0.435510
-0.004390,0.008630,-0.005926,0.301444,0.050217,0.422701
-0.014254,0.011003,-0.020645,-1.420198,-0.132257,0.302797
-0.007758,-0.004582,0.000609,0.295569,0.366752,0.010273
-0.014947,0.001159,0.018042,0.157920,-0.229621,-0.025932
-0.002135,0.001451,-0.023389,-1.035122,0.305522,0.044030
-0.007489,0.006401,0.012291,0.162410,0.149491,0.087584
-0.012331,0.001375,-0.020178,-0.442300,0.049761,0.280759
-0.010456,0.002173,-0.035242,0.192244,-0.017106,0.149622
-0.015383,0.007471,0.028372,0.648894,-0.555892,0.174785
-0.000868,0.003220,0.013368,0.182751,0.084692,0.016766
-0.001919,0.012450,-0.003651,0.326135,0.212983,0.299613
-0.002910,0.002669,-0.006537,0.328909,0.534275,0.443424
0.007085,0.014220,-0.018774,-0.045165,0.591360,0.521378
-0.017290,0.003164,-0.007774,-0.545569,-0.001938,0.556766
-0.001794,0.011265,-0.020894,-0.602588,-0.121852,0.085874
-0.008684,-0.000141,0.026626,0.202843,-0.268997,0.305679
0.000366,-0.007159,0.028809,0.567036,0.172077,0.010024
-0.002746,0.008219,0.006255,0.492364,0.318458,-0.237830
-0.012498,-0.013671,0.012689,0.986187,0.221810,-0.093567
-0.006337,0.003420,0.004000,0.939944,-0.353018,0.097451
-0.014513,0.001769,0.018643,0.304658,0.256850,-0.014070
-0.007683,-0.006447,0.025054,0.669708,-0.625821,0.308821
0.001662,0.003460,0.009465,0.681236,0.140028,0.260894
-0.002601,0.001953,0.000846,0.292749,0.009889,0.681962
0.003895,0.013356,0.015948,0.521220,-0.229138,0.906710
-0.016640,-0.000374,0.029665,0.247839,-0.781970,0.516937
-0.002201,0.005259,0.022756,0.111063,-0.642601,0.701020
0.000048,0.019971,-0.017664,-1.240146,-0.283564,0.881938
0.006832,0.015099,-0.040575,-0.768122,0.761380,0.576133
0.002260,0.013754,-0.028654,-0.309654,0.927675,0.197490
-0.008552,-0.009361,-0.000257,0.824701,0.985797,0.153693
-0.009652,0.006358,-0.042263,0.110433,0.352769,0.099450
-0.023730,-0.004815,-0.011477,-0.892549,-0.235503,-0.222413
-0.008805,0.005787,-0.005076,-0.604584,0.278376,0.199020
-0.008090,0.003857,-0.006376,-0.273987,-0.282678,-0.135677
-0.006258,-0.007953,-0.000264,0.796525,0.390123,0.249215
-0.005165,0.008633,-0.009698,0.480180,0.195094,0.141216
-0.011897,0.001825,0.017074,0.268446,-0.191689,0.374866
-0.004243,0.003509,0.016867,0.485835,0.167528,0.067893
-0.014267,0.002377,0.016486,0.701964,-0.107734,-0.124724
-0.012029,-0.006443,0.009199,0.578164,-0.566944,0.365183
0.003609,0.014371,-0.003303,0.234906,-0.338769,0.550162
-0.011090,0.008111,-0.043064,-1.980162,0.058118,0.475007
0.002946,0.004944,-0.004567,-0.387713,0.045198,0.241055
-0.006294,0.013521,-0.011585,-0.706688,0.025979,0.462445
0.008319,0.007018,-0.059637,-1.549053,0.686340,0.572644
-0.008008,0.006299,-0.029891,-0.003757,-0.072681,0.146704
-0.022463,-0.004228,0.015925,-0.053266,-0.459605,-0.314291
-0.005346,-0.010431,-0.011112,0.038242,0.432910,-0.150169
-0.002398,0.012690,-0.051815,-1.109351,0.640235,0.010020
-0.023927,0.010297,-0.022430,-1.159634,-0.399510,0.135416
-0.004794,0.002675,-0.017999,-0.270051,0.445780,-0.049113
-0.001643,0.001891,0.001679,0.254702,0.101827,-0.159751
-0.007627,-0.009699,0.003422,0.771004,0.020238,-0.118143
0.006077,0.008479,-0.022414,0.301520,0.847209,0.380040
-0.016581,0.000417,0.013700,0.164383,-1.169839,0.398615
0.001866,0.002679,-0.005883,0.122811,-0.004318,0.820750
0.002959,0.011476,-0.011001,0.213150,-0.174460,0.646295
-0.004981,0.007852,-0.014500,-0.961628,0.040885,0.483410
-0.002145,-0.001415,-0.010308,0.145808,0.437650,0.399075
-0.000501,0.009480,-0.032750,-0.250452,1.134265,0.253167
-0.016877,-0.002573,-0.035261,-0.409000,0.808854,0.046862
0.000901,0.007668,-0.012166,-0.076282,0.828831,-0.131131
-0.002762,0.008997,-0.016942,-0.349269,0.363358,0.184931
-0.001840,-0.003679,-0.018458,0.114473,0.461201,0.041016
-0.009527,0.003532,-0.009126,0.719857,-0.121428,0.053125
-0.019132,0.004093,0.000278,-0.197302,-0.117050,0.084446
-0.008031,0.004231,0.003951,0.011014,-0.099948,0.252546
-0.008503,0.000663,0.016943,0.385468,-0.391301,0.116762
0.001892,-0.001214,0.004299,0.413060,0.205539,0.882358
0.007765,0.014784,-0.005749,-0.449177,0.138347,0.625776
-0.006544,0.000319,-0.004810,-0.377173,-0.055451,0.152964
-0.001636,0.008108,0.004663,-0.117746,-0.013689,0.558834
-0.000547,0.008216,-0.012724,-0.457449,-0.060444,0.342023
-0.003767,-0.002416,-0.004462,-0.151578,0.585169,0.035899
0.000806,0.017391,-0.039745,-0.983020,0.353606,0.386975
-0.009567,-0.006220,-0.023175,-0.442986,0.540725,0.203645
0.000169,0.006122,-0.027452,-0.092376,0.277568,0.184328
-0.019178,0.004848,-0.000589,-0.294998,-0.050971,-0.318181
-0.009547,-0.003611,0.004174,0.401831,-0.136252,-0.279360
-0.018748,0.006837,0.021627,0.419428,-0.295824,-0.147990
-0.000954,0.017082,0.023104,-0.031188,0.126136,0.304635
-0.014819,0.014010,0.018354,0.748279,-0.114814,-0.347218
0.000862,0.006627,0.017497,0.342160,0.203970,0.547569
-0.007220,0.007080,0.017304,0.517232,-0.239540,-0.272299
0.005565,0.001654,-0.006267,0.131522,-0.093035,0.548275
0.009189,0.021382,0.004725,-0.111240,-0.127530,0.497794
0.008290,-0.002324,0.000330,-0.113791,0.798629,0.836995
0.006878,0.012382,-0.009245,-0.441542,0.411443,0.543403
-0.004134,-0.009164,-0.001557,0.369834,0.884048,0.367032
-0.002861,0.005708,-0.019857,-0.653912,-0.127747,0.069613
-0.007719,0.006174,-0.014217,-0.520045,1.027520,0.057750
-0.002749,0.000663,-0.016646,0.256642,0.797582,0.253997
-0.009271,-0.005971,-0.002289,-0.180788,0.049455,-0.200870
-0.006938,0.004530,-0.007397,0.082614,0.536244,-0.167038
-0.013164,0.000906,0.000613,0.251239,0.545238,0.196210
0.000848,-0.004976,0.008116,0.178543,0.010470,-0.150435
-0.001850,-0.001280,-0.005591,0.279209,0.387940,0.120632
-0.008155,-0.006968,0.001893,0.519480,0.072879,0.138180
-0.002664,0.009867,0.000110,0.558019,-0.016387,0.380926
-0.018374,0.000348,0.027926,0.165528,-0.712999,-0.258874
0.001420,0.014991,0.005845,-0.030128,-0.295782,0.743235
-0.004118,0.011046,0.002710,0.003471,-0.786828,0.684821
0.003586,0.002816,0.005172,-0.233416,-0.041055,0.497902
0.002161,0.011794,-0.015757,-0.199853,-0.029353,0.663728
-0.003189,-0.002462,-0.008588,-0.343594,0.176640,0.515434
-0.000717,0.004733,-0.039203,-0.525152,0.680662,0.057918
-0.016096,0.001976,-0.001432,-0.733558,-0.319645,0.163497
-0.006711,-0.000637,-0.013541,-0.513949,0.292261,0.226428
-0.006718,0.014033,-0.006487,-0.392191,-0.201234,0.379639
-0.003649,-0.004425,-0.004968,0.015830,0.125631,0.188759
-0.005257,0.003752,-0.018166,0.511090,0.320759,-0.212874
-0.014792,-0.008780,0.005635,0.493063,-0.302287,-0.292749
0.002742,-0.002668,0.008300,0.797457,0.371170,0.269724
-0.004558,0.005646,-0.005266,0.828361,-0.000933,0.060350
-0.020002,0.001195,0.026491,0.133446,-0.499736,-0.000267
0.001843,0.001428,-0.001311,0.127078,0.126586,0.334647
0.002332,0.010484,0.005244,-0.208079,0.075987,-0.002522
-0.001669,-0.002967,-0.005316,-0.183693,0.229783,0.421241
-0.005296,0.005968,-0.026175,-0.202065,-0.121346,0.160215
-0.011904,0.000945,0.007214,-0.619880,-0.259028,-0.312315
-0.006081,0.012812,-0.008772,-0.287793,0.624417,0.365958
0.000120,0.013586,-0.012058,0.142157,0.676069,0.307327
0.007965,-0.001122,-0.010390,0.492614,1.763013,-0.464082
0.003320,-0.000732,-0.004485,0.346108,0.515335,-0.614493
-0.015990,-0.005147,0.016729,0.477682,-1.005310,-0.423688
-0.024348,0.008387,0.025185,0.470171,-2.973388,0.076988
-0.028093,-0.001710,0.045891,0.148621,-3.226510,-0.521065
-0.000986,0.006030,0.023931,-0.230852,-0.435358,0.338372
-0.001974,0.010225,0.003439,0.026028,0.358034,0.300316
0.007929,-0.000804,-0.001170,-0.087593,0.757448,0.385390
0.007315,0.020535,-0.009058,-0.136206,1.408910,0.406348
0.002001,0.004710,-0.008775,0.018623,1.589290,0.532535
0.004823,0.016186,-0.034460,0.136216,1.673835,0.107915
-0.015692,0.003302,-0.004570,-0.252546,-0.245682,-0.255510
-0.007187,0.002206,-0.002713,-0.355115,0.604831,0.156115
-0.002431,0.018273,-0.011995,0.522930,1.964006,0.370396
-0.007509,-0.001552,-0.005752,0.942245,0.795439,0.108359
-0.008431,0.007914,0.003810,0.511990,-0.296714,-0.205600
-0.023199,-0.004254,0.019014,0.315001,-0.415617,0.129596
-0.002598,0.003729,0.005812,0.113909,-0.590866,0.228746
-0.010683,-0.003177,0.018009,0.131099,-0.511799,0.365466
-0.003235,0.012969,0.005366,-0.042814,-1.107949,0.718210
0.003084,0.019813,-0.005348,-0.208696,0.531225,0.553441
-0.001288,0.006558,-0.012209,0.014937,0.024788,0.588068
-0.000376,0.013278,-0.016075,-0.151782,-0.455371,0.424225
-0.017070,0.000709,0.001453,-0.232507,-0.239104,0.204393
-0.000432,0.005433,-0.011871,-0.242193,0.646518,0.263851
-0.006288,0.005209,0.009885,0.199331,0.732278,0.187236
-0.002539,-0.004832,-0.013643,0.001965,0.770085,0.203884
-0.008556,-0.001165,-0.001843,0.251814,0.011192,0.000550
-0.018866,-0.007202,0.024912,0.262331,-0.502500,-0.356635
-0.007066,0.000164,0.018508,0.204264,-1.265972,0.104170
-0.008444,0.012388,0.013408,0.358089,-0.865193,0.712675
-0.002953,-0.004868,0.004755,0.212247,-1.433173,0.649646
0.008933,0.014315,-0.007948,0.142660,-0.637221,0.837638
-0.013739,0.009651,0.005366,-0.072468,-0.238841,0.637478
0.002631,0.011505,0.006262,-0.776876,-0.237420,0.477653
-0.008864,0.006325,-0.012012,-0.336379,-0.179255,0.661647
0.000169,-0.001923,-0.017477,-0.384474,0.416626,0.627286
0.002910,0.009890,-0.041980,-0.362160,0.488790,0.574941
-0.013076,-0.003128,-0.006405,-0.571241,0.214191,-0.153462
0.002516,-0.000423,-0.016256,-0.519260,0.261747,-0.041077
-0.002628,0.009263,-0.010528,-0.165348,-0.187136,-0.014979
-0.004889,-0.002504,-0.008710,0.288715,0.133230,0.485075
-0.005585,0.005396,-0.005969,0.524079,0.235960,0.347215
-0.018521,-0.009073,0.024315,0.620327,-0.065456,-0.141891
-0.003737,-0.002754,0.013204,0.453109,-0.035402,0.229064
0.001351,0.008636,0.007371,0.388754,-0.214128,0.342784
0.004929,0.000250,0.005943,0.202151,-0.289519,0.302463
0.001255,0.007415,0.016847,-0.232982,-2.387932,0.536320
0.002618,0.002836,0.001308,-0.287153,0.869205,0.403283
0.003353,0.011216,-0.022266,0.000123,-0.300311,0.212990
-0.007919,0.004740,0.000892,-0.383916,-0.742774,0.323815
-0.001433,0.009628,-0.011621,-0.228102,0.358989,0.029498
-0.012898,0.004861,0.004502,-0.278644,-0.106303,-0.229775
0.001255,-0.009906,-0.002230,0.222223,0.404753,-0.360094
-0.003179,-0.006949,0.003170,0.722168,0.852832,-0.177919
-0.012741,-0.005944,0.006278,0.423505,-0.309663,-0.080910
-0.003455,0.003575,0.007903,0.692970,-1.095942,-0.106273
-0.024338,-0.012365,0.027433,-0.011132,-2.177866,-0.186778
0.000796,0.010044,0.026905,-0.207100,-1.013136,0.265571
-0.002201,0.005941,0.011162,-0.015019,-0.071404,0.469594
0.002181,-0.004444,0.001486,0.378536,0.070003,0.881830
-0.002861,0.014781,-0.000549,-0.098150,-0.119751,0.572876
-0.001636,-0.002439,-0.004620,0.194883,-0.049343,0.014632
-0.005766,0.010924,-0.020612,-0.122456,-0.300820,0.369493
-0.011228,-0.003181,0.005956,-0.478194,-0.407926,-0.026198
-0.000691,0.008475,-0.006235,-0.658587,0.212727,0.175163
-0.001902,0.011164,-0.009481,-0.466659,0.021532,0.406352
0.004183,0.001723,-0.001462,-0.704016,0.107742,-0.015067
-0.001955,0.005849,-0.006018,-0.239413,0.461775,-0.108476
0.003954,0.007162,-0.014513,-0.150183,0.166497,-0.023530
-0.000163,0.010041,-0.008818,0.115596,-0.142777,-0.033617
-0.004033,-0.012201,-0.010108,0.525431,0.186924,0.093447
-0.000123,0.008859,-0.004636,0.513408,0.211847,-0.069891
-0.018748,-0.004004,0.006944,0.436530,0.324698,0.110847
0.002283,0.010488,-0.010095,0.539799,0.302699,0.270078
-0.013991,0.006618,0.012163,0.215569,-0.614181,0.483118
-0.000031,0.009792,0.008060,0.287491,-0.512242,0.457482
-0.011192,-0.000748,0.013174,-0.073696,-0.706228,0.198892
-0.000566,0.002856,0.001463,-0.289365,-0.300252,0.342233
0.000041,0.010973,-0.007653,-0.413697,0.331962,0.325522
-0.020770,-0.004516,-0.000530,-0.467782,-0.254177,0.187810
-0.000442,0.008173,-0.040162,-0.174243,0.497584,0.018702
-0.014543,-0.002176,0.003514,-0.366230,-0.013935,-0.254649
0.004906,0.003246,-0.002548,-0.058173,1.378492,-0.019079
0.000327,0.004894,-0.007055,0.579628,1.392842,-0.207510
-0.010486,-0.006187,0.004328,0.656443,0.146176,-0.050383
-0.015268,-0.007448,-0.007183,1.016727,0.421080,-0.335706
-0.026530,-0.001795,0.036355,-0.007633,-1.878275,0.001079
0.001328,0.012194,0.026541,-0.135563,-0.531041,0.474082
-0.014392,0.002465,0.026757,-0.074671,-2.797607,0.346234
0.002266,-0.002032,-0.005178,-0.077159,0.289303,0.437926
0.002483,0.010425,-0.001091,-0.083993,-0.180601,0.283621
-0.002329,-0.001602,-0.000280,-0.075012,0.057317,-0.266568
0.006442,0.007671,-0.034365,-0.231968,-0.255953,0.550247
-0.006609,0.003847,-0.015051,-0.626731,0.713939,0.041893
0.005710,0.007025,-0.025617,-0.739732,1.530770,0.560896
-0.001850,0.008196,-0.018577,-0.105791,0.984543,0.256768
0.006333,0.002048,-0.015727,0.110216,0.624873,-0.049352
-0.004830,-0.003354,0.014917,0.131447,-0.472022,-0.166467
-0.005838,-0.008882,0.014789,0.182459,-0.776061,0.356689
-0.009997,0.003109,0.022280,0.335552,-1.365246,-0.075353
-0.013013,-0.004116,0.023235,0.016217,-1.727975,0.121351
-0.002070,0.010957,0.009656,-0.280775,-1.543187,0.799312
-0.006219,0.003020,0.001958,-0.282928,-0.163726,0.144626
0.007600,0.005672,-0.003133,-0.424368,-0.434777,0.847364
0.002001,0.009680,-0.018665,-0.417423,-0.346367,0.052777
0.001997,-0.007743,-0.022955,-0.146372,0.315346,0.168864
0.001544,0.005787,-0.016692,-0.462218,0.382432,0.296544
-0.006770,-0.013530,-0.012960,-0.274932,0.435372,0.179361
-0.000967,0.007622,-0.003950,-0.258956,0.311430,-0.118635
-0.004614,-0.010001,-0.010728,-0.020313,0.165558,-0.080243
-0.002089,0.004313,-0.009530,0.187455,0.032272,0.151897
-0.019404,-0.006699,0.020143,0.094933,-0.575331,0.129967
0.001101,0.005236,0.014497,0.039791,-1.571803,0.346605
-0.005516,0.010058,0.020478,-0.139200,-1.137573,0.421717
0.005572,0.006565,0.005132,-0.197979,-1.203812,0.684043
-0.000727,0.010491,0.001971,-0.371455,-0.811906,0.361435
0.004167,-0.002951,-0.004528,-0.133101,-0.334068,0.700275
-0.006504,0.002449,-0.008650,-0.322124,-0.207418,0.459127
-0.007929,-0.011410,-0.031326,-0.041561,0.388118,0.382945
0.001466,0.001287,-0.021721,-0.401939,1.523198,-0.053987
-0.008730,-0.010051,-0.011467,-0.487650,0.125076,-0.375798
-0.009235,-0.001877,-0.036042,0.020816,0.236183,-0.159593
-0.019696,-0.014098,0.013667,-0.151010,-0.429777,-0.505799
-0.004111,-0.002127,0.009866,-0.070416,-0.474080,0.011136
-0.011517,-0.006860,0.026623,0.241701,-1.121958,0.297815
-0.005398,-0.006489,0.016109,0.128043,-0.308619,-0.070682
-0.002437,0.010714,0.012744,0.254463,-0.531638,0.411695
0.001669,-0.009522,0.000895,0.412906,-0.065007,0.130476
-0.004981,0.011797,0.011038,-0.028060,-0.577159,0.488570
-0.002644,-0.005065,-0.013318,0.451944,0.139893,0.651658
0.005020,0.011997,-0.021718,0.038577,0.106589,0.461382
-0.018351,-0.001707,-0.000044,-0.507887,0.360509,0.299810
-0.001400,0.010776,-0.011073,-0.703228,0.459432,0.240920
-0.007637,0.011636,0.000255,-0.735908,-0.345337,0.531468
-0.003973,-0.005393,-0.021058,-0.314118,0.289349,-0.195513
-0.005756,0.002423,-0.004931,-0.489774,0.030742,-0.007380
-0.016256,-0.007064,-0.007731,-0.244304,0.124797,0.092971
0.003612,-0.001900,0.002077,-0.098970,0.006147,0.048930
-0.013634,-0.007195,0.016719,0.187938,-0.146083,-0.398575
-0.008132,-0.006814,0.012200,0.543885,0.258908,-0.176107
-0.008904,0.000883,0.013273,0.542441,-0.176915,-0.159544
-0.010220,-0.012972,0.022533,0.675111,-1.140238,-0.031772
-0.015121,-0.003371,0.017205,0.105703,-2.632175,-0.250451
-0.012134,0.000824,0.013010,0.358644,0.137546,0.325210
0.006402,0.011673,-0.005256,0.305744,-0.013843,0.591609
-0.008822,0.003637,0.013536,-0.272240,-0.509875,0.431876
0.003136,-0.000463,-0.003067,-0.401496,-0.528776,0.237950
0.005099,0.007084,-0.009983,-0.253501,0.216252,0.352356
0.004538,-0.007133,-0.015793,-0.141143,0.796171,0.262755
-0.000671,0.011160,-0.024636,-0.360653,0.742936,0.351985
-0.013617,-0.006000,-0.015606,-0.277315,0.932651,0.104906
0.004702,0.000670,-0.023530,-0.154837,1.028761,0.274910
-0.010249,-0.002179,-0.013912,-0.127209,0.823654,-0.370385
0.000996,-0.002787,0.001624,-0.263148,0.419924,-0.018484
-0.009094,0.001320,0.006120,0.091089,-0.551231,0.124295
-0.013653,-0.005166,0.013109,0.003205,-0.580789,0.046426
-0.005933,-0.003515,-0.012465,0.440643,-0.318624,0.113785
-0.018206,-0.016750,0.015899,0.439658,-0.432367,-0.196596
0.005401,0.010829,0.003222,-0.050170,-0.402395,0.496468
-0.003471,0.001851,0.021436,0.117090,-0.470982,0.494016
0.000002,-0.006368,-0.004058,0.206234,0.071156,0.660715
0.003481,0.006759,-0.008463,-0.111985,0.078869,0.657563
-0.000156,0.000696,-0.003234,-0.279692,0.120084,0.498194
0.001246,0.009772,-0.014526,-0.514937,-0.225370,0.333334
-0.019345,-0.005120,0.000681,-0.656693,-0.295260,-0.080464
0.004000,0.000191,-0.009701,-0.416353,0.037422,0.258015
0.008657,0.004195,-0.006323,-0.262685,0.067236,0.020935
-0.002158,-0.012437,-0.001432,-0.114201,-0.151509,-0.320291
-0.010233,0.002426,-0.016889,0.068782,-0.033781,-0.161159
-0.004561,-0.006489,0.017061,-0.094857,-0.281145,-0.402700
0.004761,-0.010172,-0.002289,0.505714,0.170082,-0.091509
0.004348,0.006073,-0.005995,0.638071,2.300853,0.498158
-0.006731,-0.006525,0.006990,0.420810,0.240798,0.246188
0.004190,0.009378,-0.002358,-0.114939,-0.153685,0.398264
-0.004883,0.007960,0.009817,0.089094,-0.490256,0.345761
0.002007,-0.010747,-0.011884,0.004879,0.058213,0.368148
-0.002040,0.000522,-0.014083,-0.259583,0.009879,0.279079
-0.013217,-0.006850,0.003734,-0.638853,-0.272335,-0.025863
0.006606,0.000926,-0.009028,-0.671910,0.135147,0.283454
-0.005720,0.007543,-0.015649,-0.517688,0.224058,0.260283
0.006622,-0.011968,-0.024531,0.248161,0.835609,0.038213
-0.003445,-0.000177,-0.008460,0.154099,-0.067833,-0.044383
-0.022063,-0.015795,0.022959,0.429949,-0.148351,-0.629753
0.004748,-0.003131,0.005937,0.617871,0.460952,0.006400
-0.003803,-0.004763,0.009511,0.395243,-0.146562,-0.244470
-0.000291,-0.010189,0.001571,0.509935,0.058426,0.141971
-0.002677,-0.000568,0.006642,0.416284,-1.684250,0.185073
-0.021554,-0.006056,0.030955,-0.453034,-3.272782,0.085185
0.003980,-0.002350,0.016388,-0.689186,-1.798367,0.097333
0.012078,0.009719,-0.010535,-0.218451,1.892242,0.156601
0.006448,-0.008117,-0.006208,-0.077490,1.704004,-0.197886
0.014211,0.002016,-0.024455,-0.020540,1.646851,-0.042088
-0.002286,0.011052,0.000547,-0.108926,0.521637,0.038180
-0.004433,-0.000610,-0.005457,0.091319,0.321885,-0.175858
-0.012429,-0.006063,-0.000385,0.267054,-0.111771,-0.369449
-0.015268,-0.011170,0.011330,0.194883,0.180044,-0.424345
0.009343,0.000972,-0.015114,0.150547,2.009918,-0.129687
-0.011671,0.000522,0.011064,0.548609,-0.220309,0.033601
-0.001906,-0.017886,0.011724,0.694267,0.188394,0.105677
0.004315,-0.002304,-0.003540,0.415164,-0.005132,0.371922
-0.021075,-0.015821,0.031024,0.218271,-0.927247,-0.269151
0.000592,0.001369,0.008372,0.149920,0.051057,0.260602
0.005040,0.009122,0.002779,0.272536,-0.278572,0.566321
0.000487,0.001576,-0.005076,-0.068995,-0.499011,0.552046
0.008106,0.006959,-0.009504,-0.112166,0.039756,0.122710
-0.003517,-0.011698,-0.014483,-0.106300,-0.375611,-0.213267
0.004928,-0.000459,-0.053055,0.158061,-0.021721,-0.049516
-0.016040,0.000542,-0.001912,-0.426390,-0.410250,-0.111863
-0.006767,-0.002596,-0.009035,-0.461883,-0.048864,0.134966
-0.019000,-0.002829,-0.017050,0.085946,0.532972,-0.212503
0.007312,-0.009095,-0.019499,0.144619,1.168763,-0.271150
-0.009783,-0.008052,-0.015334,0.125640,0.946907,-0.117358
-0.002194,-0.020791,-0.009517,0.317968,0.126845,-0.456732
-0.006304,-0.009900,-0.013180,0.276833,-0.540793,-0.480251
-0.029084,-0.016189,0.002891,0.238241,-0.303010,0.054855
-0.004459,-0.003617,0.004873,0.314600,-1.211799,0.035778
-0.009120,0.006683,0.016536,-0.412351,-1.222053,0.371512
0.006839,0.000217,0.008139,-0.400531,-1.034675,0.336354
-0.003458,0.007947,-0.006802,-0.212359,-0.321949,0.339410
0.010108,-0.007717,-0.024186,-0.246880,1.056117,0.147958
-0.003573,0.008295,-0.020152,-0.380059,0.298642,0.084804
0.014559,-0.011758,-0.022863,-0.254059,0.201271,0.161016
0.008464,-0.003039,-0.023077,-0.265626,0.549151,-0.570495
-0.003314,-0.020023,-0.015662,0.034037,0.761951,-0.293090
-0.000714,-0.004651,-0.013374,-0.238513,0.323788,-0.478361
-0.001019,-0.017732,-0.002450,0.092734,-0.079499,-0.633699
-0.006498,-0.007382,-0.004587,0.400203,0.060721,-0.177263
-0.007735,-0.009404,0.024135,-0.000412,-0.438709,-0.461653
0.007765,-0.001208,0.012866,0.199810,-0.139915,0.077599
-0.015501,-0.006118,0.027230,0.235654,-0.390647,0.101357
0.014260,0.006339,0.024138,-0.095320,0.042257,0.350820
0.005542,0.004067,0.005631,0.178484,0.160392,0.273150
0.007085,0.000985,-0.007541,-0.201770,0.265400,0.477696
-0.003977,0.005748,-0.008854,-0.013604,0.177221,0.281136
-0.000937,-0.012286,-0.016797,-0.217522,0.123655,0.196506
0.007184,0.008026,-0.019263,-0.618167,0.262797,0.172084
-0.015488,-0.005544,-0.000093,-0.720388,0.038134,0.283306
0.007610,-0.005449,-0.021248,-0.308587,0.158948,-0.138520
-0.002713,-0.007851,0.002014,-0.246828,-0.723247,-0.001104
0.002660,0.002199,0.010978,-0.259061,0.486732,0.138610
-0.005112,-0.001175,0.012672,0.416487,0.390018,-0.188846
-0.019936,-0.004628,0.002802,0.559595,-0.035264,0.707716
-0.002857,-0.001828,-0.005401,0.682440,0.420663,-0.015133
-0.009219,-0.015605,0.011267,0.580104,0.649176,-0.689901
-0.003136,-0.007136,-0.000878,0.544991,-0.648424,-0.346715
-0.006343,-0.002101,0.007709,0.631326,0.968758,0.057947
-0.002756,-0.007930,0.012761,0.412850,-0.153294,0.333314
-0.009068,-0.000788,0.017737,-0.059289,-1.192058,0.056733
-0.001892,-0.006939,0.005763,-0.022083,-0.644511,0.414660
0.019220,0.001694,-0.013233,-0.017228,-1.306733,-0.486255
0.005283,-0.000948,-0.002049,-0.340952,1.379115,0.124791
0.006553,-0.001451,-0.009038,-0.557855,1.216401,0.265887
0.029471,0.005925,-0.012724,-0.047935,0.815068,-0.647206
0.003373,-0.009762,-0.014040,-0.017399,0.397180,0.112712
-0.018117,-0.001674,-0.011460,0.274276,0.745509,0.416333
0.001305,-0.015372,-0.014851,0.629829,0.478844,-0.298135
0.002303,-0.004385,-0.016006,0.480639,0.085562,-0.545447
-0.004978,-0.012736,0.013939,0.609376,0.123435,-0.853156
-0.012160,-0.010428,0.016102,0.458900,0.118242,0.199424
0.030463,-0.007175,0.018965,0.440272,-0.300764,-1.321648
0.008927,-0.012775,0.011172,0.434459,-0.561039,0.167276
0.037405,0.005186,0.001926,0.151299,0.153742,-0.509166
-0.008513,-0.006463,0.009403,-0.032865,-0.781924,0.417013
0.005329,0.011223,-0.005355,-0.382832,-0.809247,0.362315
0.004206,0.006352,0.004020,-0.409437,-0.718317,-0.196652
0.021482,0.003667,-0.016157,-0.396901,1.524826,0.441031
0.003143,0.007986,-0.002273,-0.655134,-0.079472,-0.280476
0.004879,-0.012007,-0.036722,-0.043924,2.154023,0.141062
0.005017,0.004720,-0.045296,0.158839,0.881146,-0.197371
-0.019086,-0.008163,-0.004098,-0.323660,0.866375,0.097668
-0.001863,-0.007855,-0.016144,-0.219771,0.380460,0.115252
-0.000895,-0.002580,-0.013860,0.041643,1.774659,-0.234371
-0.003662,-0.009598,0.000353,0.344792,0.234710,0.282627
-0.014881,-0.000666,0.018571,0.151575,-1.467996,-0.021531
-0.025953,-0.011961,0.021985,0.039430,-2.326725,0.377302
-0.002047,-0.000669,-0.018770,0.511547,0.207669,0.429595
-0.017701,-0.005498,0.017406,-0.317147,-0.506363,0.664410
-0.005421,0.005941,-0.008939,-0.283161,-0.180141,0.531334
-0.018708,-0.001461,-0.012274,-0.379455,-0.164632,0.762033
-0.012094,-0.000266,-0.014017,-0.203782,0.051720,0.675423
-0.031635,-0.005426,-0.016587,-0.267625,0.441611,0.656644
-0.020176,-0.010484,-0.009461,-0.377475,0.306408,0.318113
-0.014307,-0.010103,-0.020533,-0.189884,0.360900,0.171595
-0.017215,-0.008977,0.006633,-0.232625,-0.059161,-0.246135
-0.007069,-0.017262,-0.005998,0.317761,0.537193,0.134878
-0.002506,-0.001122,0.009354,0.422780,0.473707,0.165007
-0.014248,-0.015647,0.027788,0.216820,-0.554136,-0.329026
-0.006107,-0.009269,0.016792,0.323026,-0.318450,0.451000
-0.003028,0.004028,0.011018,0.233642,-0.264434,0.600521
-0.003012,-0.005573,-0.000060,0.099292,-0.309591,0.491423
0.001850,0.003066,-0.002000,0.008621,0.094717,0.028333
-0.010909,-0.002327,-0.000618,0.091808,-0.578761,0.068746
0.005329,0.003654,-0.031519,0.076788,0.405039,0.272126
-0.014756,-0.008505,0.003544,-0.510240,0.071586,-0.176225
0.000638,-0.000341,-0.016985,-0.678967,0.723973,0.245283
-0.009353,0.004793,-0.005549,-0.546308,-0.429039,0.125464
0.005106,0.000896,-0.016450,-0.663527,0.227833,0.278836
-0.000918,-0.003394,-0.015590,-0.599427,0.036989,-0.097617
-0.006343,-0.012933,-0.011857,-0.024643,-0.378880,-0.164687
0.001045,0.003512,-0.020106,0.402924,0.133203,-0.080155
-0.020724,-0.006906,0.018479,0.312999,-0.695750,-0.047501
-0.001810,0.002167,-0.000438,0.333245,-0.004695,-0.072602
-0.005372,0.006795,0.014126,0.398857,-0.642640,-0.205295
0.003264,0.001293,0.016454,-0.128007,-0.160125,0.252701
0.003474,0.007438,0.005359,0.335162,-0.186578,0.550172
0.001804,-0.009729,0.003511,0.085040,0.018856,0.167111
-0.002874,0.000168,0.007742,0.138366,-0.735674,0.062162
-0.000281,-0.010491,-0.011841,-0.066080,-0.211676,0.221055
0.012803,0.000834,-0.010472,0.018636,0.298661,0.258150
0.005618,-0.012880,-0.000786,0.013273,1.553669,0.036290
0.018081,0.001986,-0.013627,-0.209438,1.935196,0.261422
0.006274,-0.003995,-0.010636,-0.203765,0.775990,0.200829
0.005057,-0.011794,-0.003579,-0.302935,0.202896,-0.414858
-0.000934,-0.003863,-0.025506,-0.137654,0.176893,-0.185318
-0.005431,-0.007812,-0.005483,-0.134522,0.924455,-0.503150
0.000674,-0.004963,-0.013840,-0.048460,0.603951,-0.270064
-0.006819,-0.003653,0.018436,0.168125,-1.075975,-0.190117
0.003560,-0.008646,0.002247,0.431396,0.505816,-0.348511
-0.001114,-0.008075,0.009905,0.565503,0.442081,-0.479542
-0.018495,-0.020981,0.004876,0.667114,-0.401791,-0.717450
-0.001646,-0.009043,0.004033,0.549452,-0.732359,0.033703
-0.011851,-0.004690,0.035203,-0.212812,-2.542896,0.250098
0.005060,-0.000515,0.010086,-0.213987,-1.050047,0.341596
0.005014,0.011620,-0.005125,-0.327809,-1.114563,0.056664
0.003819,-0.003785,-0.006254,-0.029255,-0.224057,0.141758
0.010574,0.006578,-0.014881,-0.201172,0.336550,0.022933
0.005145,-0.003335,-0.017763,-0.238080,1.982250,0.322072
0.002381,0.001228,-0.022578,-0.229214,0.970504,-0.254587
-0.004285,0.001891,-0.013912,-0.513716,0.509217,-0.041425
0.004925,-0.005278,-0.003166,-0.451005,0.589656,0.148031
-0.001502,-0.003259,-0.010548,0.056351,0.457814,-0.570384
0.007105,-0.014518,-0.006264,0.080096,0.483134,0.161364
-0.004062,-0.005321,-0.001918,0.038183,-0.308337,-0.654555
-0.009852,-0.013281,0.002891,0.071821,-0.607709,-0.482726
0.008703,0.001326,-0.011828,0.197414,-0.161159,-0.457510
-0.015416,-0.010051,0.005169,0.000491,-0.151712,-0.396228
-0.001761,0.001533,-0.002345,0.204445,-0.104488,-0.166408
-0.009416,0.001385,0.013375,0.435394,-0.591086,-0.324198
-0.005483,-0.013927,0.000009,0.848492,0.540741,-0.245501
0.005050,-0.001808,0.007233,0.598341,0.074694,-0.106536
-0.004410,-0.014873,0.019693,0.272920,-0.373684,-0.107596
-0.003822,-0.009178,-0.003999,0.564893,-0.376064,-0.036679
-0.008096,-0.002462,0.020908,-0.046619,-1.031763,-0.176708
0.003202,0.006056,0.002234,-0.311160,-0.134640,-0.191958
-0.000432,-0.000722,0.010887,0.052593,-0.131466,0.426207
0.001715,-0.001992,-0.000500,-0.385173,-0.940676,0.510990
0.016637,0.009375,0.001016,-0.591198,1.236615,0.100740
0.005562,-0.009778,-0.014260,-0.313918,1.755397,-0.088965
0.005053,0.006913,-0.017871,-0.089927,0.302157,-0.296356
-0.019933,-0.005225,-0.005585,0.002670,0.492299,-0.342084
-0.000199,-0.001319,-0.020986,-0.042279,0.337447,-0.118655
-0.014497,-0.004546,0.013112,0.123280,-0.119022,-0.404010
0.000110,-0.005780,-0.000484,0.076158,0.312946,-0.355233
-0.000461,-0.010668,0.005697,0.660110,0.797073,-0.284496
-0.000760,-0.013885,0.005303,0.472443,0.450678,-0.331599
-0.000002,-0.007664,-0.008033,0.781242,-0.056925,-0.290208
-0.011999,-0.014413,0.028645,0.576516,-0.929726,-0.106247
0.008536,0.000227,0.007873,0.249135,-0.835158,0.414276
-0.005172,-0.000932,0.007946,0.119627,-0.835309,0.366496
0.004472,0.000709,0.006659,-0.291443,-1.428824,0.730838
0.005244,0.003614,0.007575,-0.329414,-1.506135,0.431843
0.015180,-0.000958,-0.007232,-0.177181,0.798390,0.709160
0.011037,0.002705,-0.017099,-0.224291,1.151931,0.247370
-0.005336,-0.006614,-0.003914,-0.324782,-0.477914,0.304357
0.000734,0.002025,-0.036906,-0.151250,1.326655,-0.091220
-0.014760,-0.000413,-0.013292,-0.372785,0.320256,-0.421798
-0.003573,0.001609,-0.024216,-0.361234,0.673378,-0.594904
-0.016883,-0.003880,0.006662,-0.218330,-0.154850,-0.442556
0.007886,-0.008012,0.008835,-0.353034,0.185870,0.036480
-0.003133,-0.001411,0.009127,0.244103,0.316613,-0.088335
0.008953,-0.010960,0.002684,0.228072,0.160224,-0.049221
0.005618,-0.002918,-0.003540,0.344904,-0.270481,-0.021435
-0.013200,-0.004520,0.017583,0.277827,0.095098,0.127902
0.012110,0.006076,0.002923,0.114043,0.240500,-0.031870
-0.009596,-0.001831,0.012935,0.134122,-0.709054,-0.246624
0.005890,0.011476,0.002109,-0.166871,-0.050800,-0.081051
-0.006947,0.008492,-0.006865,-0.107794,0.088099,0.154241
-0.001338,-0.007694,-0.024009,-0.124616,0.198068,0.154497
-0.000028,0.015470,-0.011529,-0.338605,-0.056764,0.320020
0.002926,0.002360,-0.024465,-0.555131,0.448429,0.189662
0.002844,0.004300,-0.026300,-0.397830,0.775133,0.341714
-0.012636,-0.006223,-0.010183,-0.335749,-0.585985,0.004703
0.003481,0.002974,-0.028641,-0.388344,-0.547020,-0.339504
-0.012137,-0.013090,-0.008096,-0.634159,-0.185521,0.095462
0.005749,0.005610,-0.007951,-0.290694,0.161590,-0.090606
-0.009032,0.001005,-0.006169,-0.108371,-0.340013,-0.371878
-0.009337,-0.006637,0.003705,0.165036,0.322820,-0.348281
-0.005634,0.009276,0.000622,0.296793,0.577261,-0.273579
0.000015,0.001684,0.001125,0.396323,0.045339,0.043862
-0.010194,0.003138,0.022014,0.392745,-2.264181,0.060993
-0.009051,-0.001119,-0.008601,0.747984,0.072314,0.026846
-0.014280,0.006234,0.018348,0.442543,-2.444338,-0.236242
-0.023097,-0.007523,0.031934,0.004029,-3.952057,0.128881
-0.000553,0.013186,-0.014447,0.193718,-0.812011,0.401986
-0.003192,0.010944,-0.007413,-0.293264,0.600097,0.202141
0.008789,0.014098,0.004391,-0.355841,0.926224,0.641808
-0.010788,0.017089,0.004689,-0.387684,0.140806,0.603551
-0.004850,0.019005,-0.016299,-0.253527,1.171389,0.422324
-0.007719,0.025262,-0.022187,0.058157,2.089819,0.327097
-0.009009,0.008942,-0.012950,0.219610,1.725547,0.084722
-0.014527,0.018832,-0.011703,0.410352,1.680236,0.148749
-0.013473,0.013468,-0.020333,0.689599,1.613718,0.193918
-0.014556,0.019810,-0.023530,1.079530,1.367443,-0.360709
-0.043629,0.007504,0.020222,0.855651,-1.564579,-0.156873
-0.026937,0.012405,0.017169,0.841435,0.218123,-0.187055
-0.038183,0.007599,0.034980,0.800920,-1.560584,0.095754
-0.025943,0.007464,0.032623,0.485323,-2.163138,0.337949
-0.011559,0.024927,0.013782,0.745529,0.276282,0.342022
-0.010276,0.006926,0.012265,0.880932,0.420299,0.451574
-0.016562,0.016258,-0.005568,0.969250,0.280010,0.438394
-0.019900,0.011725,0.018006,0.457780,0.284054,0.855940
-0.008733,0.016590,0.014123,0.226858,-0.619502,1.117879
-0.015432,0.015428,0.016716,0.305580,-0.459648,0.837375
-0.007318,0.010855,-0.002072,0.220046,0.597849,1.109890
-0.012327,0.004651,-0.012445,0.342488,0.803868,0.820641
-0.009019,-0.015381,-0.016669,0.515755,0.747640,1.076783
-0.012885,-0.002301,-0.026385,0.298461,0.630384,0.651878
-0.027758,-0.011140,0.013378,0.197624,0.112659,0.519504
-0.000038,-0.014725,0.008188,0.176288,0.773253,0.807601
-0.002017,-0.019609,0.007109,0.788985,0.924422,0.129764
-0.002621,-0.021021,0.008602,1.046069,0.725654,1.158726
-0.002789,-0.016232,0.022897,0.471911,-0.175300,0.642960
-0.008510,-0.047037,0.026022,0.961316,-0.254328,0.694055
0.009153,-0.031869,0.009160,0.675134,0.685874,0.999000
0.006612,-0.039274,0.023888,0.442140,-0.329203,1.546659
0.012363,-0.041723,0.008490,0.184908,0.344540,1.319366
0.005020,-0.052043,0.003902,0.268243,0.029071,1.580714
0.006120,-0.067510,-0.016085,0.199705,0.781672,1.060615
0.016473,-0.058680,-0.033807,0.164399,1.289446,1.164301
-0.003543,-0.079592,0.000402,-0.485678,-0.517599,0.600834
0.001088,-0.075811,-0.013988,-0.582930,0.327757,1.189897
0.003356,-0.078988,-0.011260,-0.195871,0.808299,0.898338
-0.001666,-0.093720,-0.015960,-0.194952,0.181889,0.789095
-0.001784,-0.084457,-0.009707,-0.089313,0.691658,0.562962
-0.003918,-0.103991,-0.010823,0.222771,0.965745,0.578832
0.001958,-0.084782,-0.010617,0.192746,0.388321,0.807241
-0.004403,-0.092197,-0.004518,0.357013,0.761511,0.923620
0.003120,-0.093471,-0.022821,0.432184,1.401108,0.971458
0.007637,-0.091439,-0.035704,0.700874,1.823157,0.493292
-0.001755,-0.088629,-0.015780,0.028309,0.697789,0.506471
0.015971,-0.081742,-0.031910,0.142913,2.720589,0.491572
0.012865,-0.074157,-0.035284,0.119758,1.913572,0.330361
0.000418,-0.083715,-0.024560,0.093138,-0.293290,0.221050
0.016886,-0.069269,-0.030104,0.020901,-0.534917,0.231002
0.012488,-0.064700,-0.028519,-0.131227,1.011640,0.130096
0.032544,-0.067260,-0.028936,-0.036289,1.399013,-0.114143
0.037730,-0.045330,-0.030722,-0.008969,1.616472,-0.426136
0.026845,-0.062534,-0.020989,0.007220,1.634728,-1.103808
0.048486,-0.046775,-0.013909,0.568182,2.459425,-0.788533
0.062982,-0.032329,-0.018324,1.112719,2.787911,-0.954513
0.068664,-0.050060,0.000288,1.549946,2.021931,-1.201736
0.095370,-0.028347,0.004427,2.051509,3.804758,-1.125948
0.075701,-0.035404,0.039483,1.321944,-0.492078,-1.467433
0.108420,-0.009299,0.047847,0.866391,-0.701757,-1.193130
0.136548,-0.009998,0.035830,1.370065,1.615628,-0.544365
0.142706,-0.009447,0.044528,0.869976,-0.492068,-0.734119
0.172162,0.010780,0.035436,0.966768,0.656385,-0.203657
0.199905,-0.003535,0.010637,0.995588,3.145973,-0.523192
0.216186,0.002642,0.013375,1.007188,3.366855,-0.927129
0.218484,-0.002088,0.036266,0.720231,2.826910,-0.812011
0.249959,-0.003489,0.023731,1.037580,3.516819,-0.624760
0.243647,-0.019051,0.058945,0.269753,1.802793,-0.985825
0.266979,-0.018641,0.049327,0.726067,1.868409,-0.878252
0.281848,-0.008012,0.064193,0.582293,0.894056,-0.841568
0.308265,-0.030573,0.059339,1.157599,1.920695,-0.814273
0.321228,-0.029562,0.061709,1.321278,1.441222,-1.492845
0.342974,-0.050477,0.069462,1.296069,0.993557,-0.746648
0.356110,-0.035394,0.045287,1.573189,1.832788,-1.031954
0.357735,-0.045862,0.062280,1.004530,0.741295,-0.801333
0.384359,-0.050760,0.033975,0.571665,1.102846,-0.682518
0.395141,-0.059694,0.027988,0.524611,1.107953,-0.913483
0.412988,-0.074327,0.009236,0.254338,1.427364,-1.169595
0.430605,-0.074544,-0.020375,0.320696,1.895544,-1.339763
0.422694,-0.091104,-0.014766,-0.132412,1.436489,-1.539689
0.446003,-0.084881,-0.027351,-0.118553,2.161622,-1.705029
0.449778,-0.102028,-0.029730,-0.435837,1.510945,-1.561021
0.465707,-0.106893,-0.038750,-0.116013,0.487976,-1.534226
0.469830,-0.112351,-0.054401,-0.104127,0.900441,-2.422467
0.479914,-0.118260,-0.042653,-0.116272,1.065816,-1.505970
0.491770,-0.123945,-0.048660,0.036112,1.182254,-1.624450
0.497015,-0.123026,-0.064859,0.587634,2.899843,-1.996219
0.477865,-0.147464,-0.053791,0.402773,1.655316,-2.703627
0.494537,-0.141407,-0.073144,0.286605,1.216884,-2.549296
0.487499,-0.148514,-0.068739,-0.098051,0.858504,-2.522193
0.501476,-0.151645,-0.091755,-0.142295,0.771326,-2.227584
0.495935,-0.138932,-0.084324,-0.753892,0.568553,-2.644562
0.474570,-0.159579,-0.073754,-0.964700,-0.872033,-2.695457
0.488419,-0.140521,-0.088781,-1.058420,-0.544108,-3.039906
0.485550,-0.139835,-0.092727,-1.043337,-0.344112,-2.926534
0.487040,-0.156165,-0.106664,-0.731401,0.803763,-3.408855
0.471813,-0.144329,-0.114893,-0.805666,0.564001,-3.543363
0.463974,-0.157472,-0.099883,-1.081082,1.970269,-3.932214
0.456415,-0.151409,-0.097811,-0.990198,1.604996,-4.110901
0.452926,-0.141791,-0.086126,-0.638409,1.258584,-3.938648
0.425842,-0.162855,-0.075570,-0.185620,1.035227,-4.694253
0.428448,-0.141631,-0.073246,0.012912,0.918566,-4.459903
0.415814,-0.140367,-0.061261,-0.260486,0.442511,-4.422743
0.399586,-0.136615,-0.051926,-0.340998,0.199315,-4.015760
0.410526,-0.109545,-0.079115,-0.022824,2.564791,-3.596547
0.373536,-0.119162,-0.048844,-0.671664,0.128779,-3.925471
0.369693,-0.113868,-0.057234,-0.592527,0.130197,-3.814952
0.364129,-0.104775,-0.063746,-0.554386,1.403835,-3.651985
0.324402,-0.107267,-0.054230,-1.255839,0.755596,-3.763271
0.324451,-0.091862,-0.061577,-1.223110,1.796277,-3.751050
0.290937,-0.093976,-0.047482,-0.609501,0.346345,-3.769039
0.282429,-0.092542,-0.062624,-0.564601,1.337802,-3.790870
0.259357,-0.077682,-0.051900,-0.708342,0.408203,-3.917849
0.222482,-0.081742,-0.030830,-0.626255,0.865735,-4.214241
0.220437,-0.059442,-0.027249,-0.253908,0.110847,-3.046441
0.196754,-0.058598,-0.000618,-0.204373,-0.701310,-3.202938
0.184793,-0.049801,-0.010718,0.124439,0.624046,-2.499991
0.161645,-0.037023,-0.008893,0.289467,0.270360,-2.228078
0.152796,-0.034009,-0.019745,0.423528,-0.053919,-1.747030
0.125870,-0.021372,-0.005053,0.111237,-1.774684,-1.225838
0.104639,-0.022987,0.007998,0.020776,0.275507,-0.815606
0.098865,-0.007415,0.004565,-0.199423,-0.102794,-0.547057
0.077500,-0.001034,-0.014185,0.276813,2.157883,-0.609506
0.063074,-0.007474,-0.012537,0.255300,1.043542,0.512110
0.046422,0.012818,-0.005296,0.161215,0.727381,0.225831
0.031569,-0.001300,0.012738,0.352234,0.918714,0.655726
0.023195,0.011288,0.016677,1.069289,1.737446,1.143017
-0.017175,0.003115,0.054704,0.651290,0.077724,1.466222
-0.015620,0.012775,0.043721,1.006535,0.777956,2.455197
-0.031444,0.017880,0.066629,1.308509,0.049567,3.353807
-0.032865,0.005561,0.066117,1.705212,2.062128,3.963803
-0.055255,0.013186,0.067377,1.747926,2.273163,4.679682
-0.064882,-0.000466,0.075633,1.931142,1.783173,5.639153
-0.091907,0.003535,0.094241,1.459790,-1.029157,6.036180
-0.101629,-0.009545,0.089534,1.639271,2.135865,6.511198
-0.100904,-0.014334,0.085979,1.631958,1.362746,6.989449
-0.119666,-0.014298,0.101892,1.389126,1.513052,7.838160
-0.120868,-0.023282,0.093322,1.762379,2.760749,8.704661
-0.133485,-0.017889,0.091736,1.606739,2.546849,8.929623
-0.142348,-0.045626,0.108946,2.000047,2.246299,9.313180
-0.150327,-0.040505,0.093906,2.158287,1.698910,9.552144
-0.178222,-0.062691,0.146468,2.194551,1.622498,10.097085
-0.184852,-0.066929,0.149248,2.410217,-0.847202,10.438649
-0.192907,-0.074725,0.156689,2.222603,0.323270,10.808547
-0.182925,-0.086581,0.130942,2.749270,1.720059,10.815539
-0.203585,-0.095066,0.146894,2.453910,0.987652,11.604063
-0.190974,-0.109541,0.127988,2.269374,0.833072,11.684165
-0.184583,-0.096382,0.116286,2.561665,1.391444,12.184188
-0.212195,-0.116612,0.138531,1.886363,0.251214,12.325789
-0.194788,-0.113119,0.113798,1.752896,0.376613,12.363620
-0.221422,-0.133723,0.106445,1.921551,0.706445,11.541231
-0.213902,-0.143344,0.096148,1.588259,0.625596,11.600712
-0.218651,-0.152449,0.084508,1.674229,1.168107,10.659929
-0.210895,-0.172344,0.074543,2.013807,1.933384,10.302029
-0.213311,-0.166078,0.077822,1.975626,2.249992,9.337579
-0.209602,-0.191195,0.085132,2.286292,2.316566,9.514779
-0.202016,-0.182966,0.060556,2.056712,2.090052,8.699644
-0.208345,-0.198843,0.082329,1.572966,0.748940,8.492653
-0.194460,-0.196208,0.067748,1.319755,-0.119472,7.876852
-0.185666,-0.189416,0.074431,1.128763,-1.124318,7.362815
-0.165000,-0.191320,0.049639,1.192915,-0.262928,7.476670
-0.156173,-0.193070,0.028047,0.803004,-1.481369,6.603666
-0.147803,-0.209078,-0.001511,1.098808,1.456154,5.452820
-0.118993,-0.196129,-0.033466,0.665490,1.491037,4.705498
-0.120077,-0.200918,-0.027508,0.113784,1.311060,3.655229
-0.085768,-0.190106,-0.040799,0.071933,1.424055,3.337864
-0.070118,-0.189728,-0.057756,-0.130754,2.497504,2.321089
-0.056594,-0.200258,-0.064078,0.156863,1.679320,1.666371
-0.041223,-0.190641,-0.085985,0.314463,1.628617,-0.017622
-0.040166,-0.194235,-0.053902,-0.026973,0.461638,-0.689485
0.002093,-0.177517,-0.068965,-0.249467,0.926083,-0.605172
0.018662,-0.172748,-0.081107,0.372618,1.291520,-1.383625
0.038987,-0.171287,-0.092576,0.467329,0.544841,-1.881147
0.061025,-0.151941,-0.093482,0.380594,1.031006,-3.015929
0.068496,-0.153359,-0.083694,0.234276,0.951174,-3.660551
0.099059,-0.132853,-0.100286,0.324165,0.838616,-3.729045
0.122499,-0.136645,-0.090757,0.382488,1.055526,-4.567412
0.157772,-0.131297,-0.099869,0.374777,1.282270,-5.420741
0.186326,-0.105399,-0.099883,0.189228,0.808729,-6.233883
0.200798,-0.117094,-0.089799,-0.098576,0.608130,-6.533185
0.233672,-0.091856,-0.096774,-0.497432,-1.334000,-6.838008
0.252316,-0.086820,-0.095970,-0.661603,-0.571733,-7.429189
0.295638,-0.083810,-0.110429,-0.706205,0.294798,-7.958429
0.326063,-0.065130,-0.136915,-0.483288,1.199369,-8.274412
0.342150,-0.065468,-0.112001,-0.949919,1.055066,-8.549402
0.382061,-0.065327,-0.111972,-0.796482,1.607842,-9.235903
0.408274,-0.043630,-0.128932,-0.659601,1.233979,-9.410279
0.436329,-0.048626,-0.111296,0.107216,2.180000,-9.561307
0.449183,-0.041999,-0.124560,0.341329,0.393553,-9.895197
0.465730,-0.041861,-0.092507,-0.182124,0.009534,-10.259409
0.513119,-0.031167,-0.094985,-0.154903,0.559838,-9.837178
0.537035,-0.026673,-0.086060,-0.169254,-0.064911,-9.878901
0.554701,-0.034800,-0.105148,-0.181865,-0.678504,-9.664971
0.580648,-0.015181,-0.109901,-0.395654,-1.379623,-9.525831
0.592229,-0.021648,-0.086969,-0.893941,-1.427770,-9.464265
0.625706,-0.024546,-0.102069,-1.257658,-0.237210,-9.427265
0.636978,-0.016760,-0.105834,-0.835858,-0.635366,-9.294828
0.634415,-0.032299,-0.109920,-1.048754,-0.184277,-9.436462
0.654694,-0.021503,-0.127199,-1.088471,-0.073475,-9.502616
0.656834,-0.023771,-0.102873,-1.581618,0.076919,-9.048871
0.673807,-0.021874,-0.095999,-1.403211,0.419829,-8.748462
0.676824,-0.019708,-0.094467,-1.394306,0.275021,-8.612812
0.664485,-0.039340,-0.081658,-1.351247,-0.142896,-8.886978
0.680034,-0.025357,-0.065443,-1.495973,-0.456858,-8.373686
0.679634,-0.030976,-0.073984,-0.918753,-0.714145,-8.304752
0.670134,-0.042304,-0.082837,-0.381949,0.041604,-7.567884
0.671175,-0.027458,-0.081356,-0.480905,0.189491,-7.410517
0.653604,-0.026059,-0.044196,-0.577409,-0.304927,-6.794689
0.659292,-0.022281,-0.058836,-0.688979,0.517734,-6.500271
0.650013,-0.020128,-0.055872,-0.656873,-0.355591,-6.147770
0.634497,-0.031357,-0.053521,-0.733987,0.190400,-5.364111
0.622056,-0.018254,-0.059052,-0.936451,-1.017816,-5.384210
0.590072,-0.013812,-0.041626,-1.080606,-0.973503,-4.761020
0.575219,-0.024464,-0.050685,-1.200786,-0.704698,-4.780852
0.555383,-0.013478,-0.047377,-0.470043,0.083041,-4.480746
0.515000,-0.012591,-0.014007,-0.918198,-0.617198,-4.508559
0.498633,-0.013333,-0.007787,-0.172435,0.004801,-3.913798
0.464759,-0.004457,0.010654,0.153633,-0.726802,-3.554700
0.425429,-0.020138,0.024558,0.411803,-0.921254,-3.319501
0.400233,0.000755,0.037038,0.407031,-1.349973,-3.244885
0.367661,-0.003653,0.056549,0.333369,-0.660835,-2.234823
0.341316,-0.002823,0.056755,0.408222,-0.872437,-1.864502
0.312283,0.008498,0.066494,0.002936,-0.232194,-1.460596
0.271160,0.003187,0.083163,-0.008867,-0.107209,-1.142774
0.249940,0.020650,0.073863,-0.194394,0.684269,-0.702866
0.203286,0.017486,0.101456,-0.056538,0.426870,-0.859626
0.173048,0.022002,0.096919,0.084761,1.371648,-0.613207
0.140431,0.030041,0.112245,0.692504,1.745117,-0.240290
0.082591,0.027878,0.140802,0.824261,1.853503,-0.371766
0.055005,0.028790,0.148247,1.146068,0.901941,0.198830
0.003835,0.027054,0.170745,1.652506,0.852136,-0.018531
-0.036601,0.031948,0.189212,1.485777,1.026171,0.332118
-0.050371,0.043325,0.200759,1.425870,1.109821,0.943833
-0.078741,0.043886,0.203743,1.749715,1.835817,1.892549
-0.123057,0.032122,0.208184,1.654393,1.109693,2.182438
-0.143664,0.043243,0.176847,1.803432,1.498133,2.876007
-0.208473,0.027793,0.233708,0.835851,-3.496746,3.495751
-0.215290,0.030917,0.211572,1.049742,0.765847,3.676160
-0.235008,0.028282,0.176174,0.897309,1.266994,4.452958
-0.268850,0.006670,0.190078,1.327429,1.047618,4.590122
-0.292060,0.010704,0.169438,1.561661,1.293348,5.130949
-0.333251,-0.005061,0.195461,1.318662,0.876150,5.466788
-0.345442,-0.000558,0.177588,1.177212,1.498497,5.290826
-0.383962,-0.005967,0.186658,1.059582,0.973737,5.557547
-0.394502,-0.018250,0.166189,1.838781,1.403451,6.082123
-0.417561,-0.016629,0.184603,1.845316,1.396407,6.548236
-0.439428,-0.049860,0.185181,2.101783,0.576681,6.726936
-0.446820,-0.037489,0.169826,2.140394,0.611208,7.585441
-0.474665,-0.057909,0.175750,1.957611,0.489135,7.361152
-0.472095,-0.067106,0.159857,1.684486,0.971154,7.967681
-0.482281,-0.068307,0.143937,1.854028,1.047093,7.918756
-0.499280,-0.087434,0.147889,1.695814,0.584933,8.394001
-0.494038,-0.101125,0.129159,1.308007,1.285654,8.368785
-0.495542,-0.100272,0.105605,1.333236,1.879044,8.538858
-0.508051,-0.126456,0.102979,1.193063,1.422184,8.772801
-0.498706,-0.128668,0.073499,1.077583,1.677118,8.632550
-0.513263,-0.135630,0.087765,0.820112,1.459203,8.636626
-0.500577,-0.162924,0.068835,1.098108,2.039424,8.630512
-0.492834,-0.159585,0.064443,1.256095,1.691748,8.296602
-0.501004,-0.191455,0.078446,1.509214,1.391887,8.475617
-0.469538,-0.186396,0.062519,1.564907,1.187362,8.304566
-0.462638,-0.192219,0.064781,1.285995,1.308753,8.691014
-0.440321,-0.209242,0.057228,1.151077,0.969516,8.322978
-0.410730,-0.205651,0.037816,0.790836,0.905410,8.406149
-0.404776,-0.219743,0.031244,0.830301,1.131055,8.263970
-0.366854,-0.217294,0.013703,0.713807,2.090462,7.946838
-0.351058,-0.235279,0.019405,-0.028063,1.154583,8.020270
-0.323194,-0.241239,-0.002844,-0.146641,1.336792,7.593888
-0.296422,-0.230854,-0.008611,-0.018669,0.554406,7.131061
-0.283270,-0.248697,-0.018908,0.032084,1.087136,6.534678
-0.246060,-0.240120,-0.043566,-0.009573,0.738656,5.946233
-0.221592,-0.222044,-0.046097,0.165886,0.919380,6.031320
-0.179968,-0.224817,-0.055117,0.518909,0.994998,5.562257
-0.153600,-0.219861,-0.073580,0.994810,1.709329,4.944226
-0.142148,-0.214350,-0.059108,0.314282,0.215671,4.185993
-0.096962,-0.211619,-0.087879,0.595426,1.058342,3.943549
-0.069307,-0.196362,-0.083789,0.599339,0.782191,3.443535
-0.044229,-0.190874,-0.086953,0.798248,0.925817,3.328795
-0.003497,-0.167677,-0.101028,0.478036,1.256641,2.902485
0.017773,-0.160839,-0.107580,0.103661,0.620925,2.488419
0.037247,-0.150349,-0.123303,-0.181189,0.278629,1.865947
0.073637,-0.126223,-0.133334,-0.179672,1.190227,1.709585
0.084298,-0.133841,-0.120447,-0.248443,1.018999,0.753795
0.115287,-0.113963,-0.160526,-0.278205,1.111360,-0.275545
0.137290,-0.090562,-0.143966,-0.572314,2.024810,-0.742741
0.177391,-0.076753,-0.165712,-0.183198,3.463857,-0.777535
0.202846,-0.053658,-0.147635,-0.159722,2.452338,-1.407694
0.212211,-0.058477,-0.132799,0.007788,1.316877,-2.219730
0.260033,-0.034466,-0.138241,0.268820,1.509727,-2.021634
0.284343,-0.024018,-0.111302,0.425041,1.058145,-2.410140
0.323551,-0.011708,-0.115221,0.424093,1.365240,-2.879827
0.357617,0.008531,-0.129159,0.446036,1.171905,-3.304377
0.393415,0.016281,-0.138153,0.256633,1.024602,-3.568790
0.422793,0.041779,-0.131732,0.596752,0.789688,-3.569246
0.447129,0.047822,-0.115280,0.074044,0.956672,-3.903707
0.487608,0.064983,-0.131332,0.181406,0.497918,-3.719167
0.510243,0.078811,-0.132710,-0.048188,0.476090,-4.346165
0.534615,0.078204,-0.125617,0.026222,0.223658,-4.278166
0.562638,0.091964,-0.150298,0.065522,0.369929,-4.669249
0.565608,0.083883,-0.118323,-0.071109,-0.513824,-5.411969
0.605149,0.102573,-0.118297,-0.253094,0.452325,-5.057587
0.622687,0.107070,-0.115845,0.108677,0.062972,-5.427685
0.645706,0.102333,-0.113364,0.274010,0.855937,-5.646426
0.654277,0.106302,-0.105998,0.362104,0.324937,-5.812425
0.656725,0.095791,-0.093607,0.783641,0.426601,-6.299125
0.670686,0.105110,-0.085693,0.761570,0.077484,-6.196408
0.668762,0.103627,-0.055471,0.760349,-1.702221,-6.570396
0.692104,0.095014,-0.074060,0.888213,0.936157,-6.497788
0.692872,0.090710,-0.064337,0.954738,0.677392,-6.370767
0.685913,0.086883,-0.050859,0.522595,0.548268,-6.289264
0.711040,0.091055,-0.058192,0.495141,1.304312,-6.275898
0.703382,0.079179,-0.059748,0.419849,0.514797,-5.962224
0.693653,0.065462,-0.052425,0.301159,0.146691,-5.998252
0.689812,0.068478,-0.056275,0.022401,1.034121,-6.234598
0.675878,0.039865,-0.051499,0.052882,0.997689,-6.108313
0.682174,0.033678,-0.050498,0.069061,1.409931,-6.349486
0.672957,0.023548,-0.051608,-0.306414,1.400372,-5.953335
0.677595,-0.003624,-0.054733,-0.172618,1.699550,-6.029077
0.675655,-0.007743,-0.039709,-0.363436,1.972239,-6.207304
0.659279,-0.029844,-0.013279,-0.273353,1.418442,-5.734334
0.665243,-0.035907,-0.017831,-0.042565,0.840825,-5.435356
0.639841,-0.045485,-0.000605,-0.110045,0.501460,-5.356249
0.644134,-0.053750,-0.011257,-0.134509,0.156538,-4.307297
0.628309,-0.057351,-0.008496,-0.053249,0.141544,-4.500816
0.613968,-0.075542,-0.023687,0.084607,0.120031,-3.945907
0.590023,-0.075910,-0.034303,0.013542,-0.187606,-3.620690
0.548195,-0.083978,-0.005768,-0.707692,-1.869402,-3.521876
0.550729,-0.080069,-0.020431,-0.605165,-0.555852,-3.347687
0.527670,-0.087175,-0.026290,-0.559907,0.468741,-3.243096
0.507161,-0.112273,-0.024853,-0.553125,-0.067971,-2.805238
0.483098,-0.113704,-0.028943,-0.759498,0.309254,-3.336068
0.429591,-0.131189,0.003110,-0.838247,-0.027777,-3.284341
0.417797,-0.133457,0.006826,-0.838083,0.355228,-3.374185
0.387615,-0.135440,0.014720,-0.395092,0.625248,-3.173654
0.360860,-0.155565,0.011441,-0.197154,1.395623,-3.134764
0.324320,-0.160892,0.010000,0.346128,1.840685,-3.437468
0.285140,-0.169246,0.057471,0.190738,1.532615,-3.316426
0.271935,-0.166026,0.067863,0.171887,1.890371,-3.441063
0.233435,-0.168087,0.079926,0.322688,1.710638,-3.083941
0.223339,-0.179727,0.079929,0.556369,2.890363,-2.534359
0.189034,-0.173651,0.084863,0.466666,1.356289,-2.339560
0.154332,-0.174297,0.117457,0.134621,1.340169,-2.163914
0.149907,-0.178072,0.116975,-0.058691,1.630570,-1.318801
0.131119,-0.157160,0.111457,-0.190468,1.369554,-1.011562
0.111673,-0.170910,0.104413,-0.144311,1.856579,-0.609467
0.111710,-0.159300,0.084761,0.446115,2.363935,-0.727599
0.074523,-0.159389,0.105841,-0.019200,2.225121,-0.373096
0.069176,-0.162047,0.105408,-0.014625,1.626437,0.493816
0.050630,-0.165799,0.106740,0.543390,1.295988,0.402426
0.029406,-0.174297,0.098199,0.691483,1.388641,0.110161
0.017927,-0.152479,0.120720,1.018286,0.851069,0.704255
-0.013049,-0.160252,0.129409,1.020774,0.322236,0.952027
-0.024220,-0.153644,0.125690,1.065110,0.465170,1.305273
-0.040152,-0.138778,0.135934,1.052460,0.077356,1.782749
-0.077077,-0.158643,0.166878,1.304019,0.122070,1.662821
-0.085188,-0.140734,0.158728,1.474007,0.476432,2.308513
-0.103103,-0.135466,0.160986,1.523361,0.263575,2.279256
-0.113604,-0.146446,0.158787,1.494663,0.713749,2.640456
-0.119456,-0.140236,0.124508,1.710664,1.681231,2.901222
-0.140671,-0.146814,0.176850,0.755626,1.522706,2.989575
-0.145473,-0.153762,0.129501,0.913993,2.625303,3.855155
-0.154224,-0.156280,0.131112,1.064628,3.006643,3.675828
-0.178504,-0.163702,0.158793,0.608684,2.913629,3.428749
-0.161547,-0.157626,0.147295,0.806510,3.715112,3.855837
-0.172779,-0.160255,0.148155,1.039025,3.506939,4.498558
-0.180523,-0.180695,0.137828,1.402036,3.426529,4.730000
-0.168509,-0.165678,0.129534,1.549473,3.040672,4.533763
-0.160349,-0.161627,0.131818,1.950469,2.976891,5.465926
-0.162830,-0.170903,0.121114,1.813230,2.713193,5.620916
-0.152760,-0.162274,0.094750,2.249791,2.429440,5.775913
-0.153393,-0.157025,0.112186,1.619150,0.440972,6.499245
-0.128417,-0.162149,0.085329,1.356880,2.262597,6.433711
-0.114313,-0.151747,0.081722,1.340480,1.327617,7.490607
-0.116193,-0.165783,0.063550,1.164401,0.966624,7.658823
-0.087177,-0.155830,0.037435,1.200291,0.929129,7.332329
-0.093899,-0.158847,0.054254,0.632649,-0.434911,7.487920
-0.052859,-0.161775,0.036178,0.222682,0.267790,7.905660
-0.040244,-0.157731,0.029416,0.544837,0.492384,7.691274
-0.026051,-0.164217,0.012446,0.760730,0.339764,7.770407
-0.018282,-0.152381,-0.010725,0.818520,0.059391,7.495897
-0.016978,-0.163035,0.017140,0.521857,0.197424,6.507719
0.012980,-0.153838,-0.000274,1.006036,1.314389,6.466935
0.024183,-0.154271,0.001456,1.234796,1.149663,6.259229
0.043789,-0.150546,0.000649,1.462673,1.450672,6.140749
0.062644,-0.140905,0.005956,1.481865,0.262505,5.345477
0.061390,-0.149289,0.019746,1.281114,0.469906,4.795298
0.075399,-0.134534,0.006928,0.774204,-2.191892,4.733217
0.110364,-0.121549,-0.003753,0.790406,1.438711,4.584001
0.140477,-0.118148,-0.021843,0.797404,2.282518,4.561316
0.160093,-0.099976,-0.026569,0.684695,2.132619,4.014623
0.167531,-0.106223,-0.030321,0.397623,1.630905,3.627702
0.183887,-0.085914,-0.062949,0.439743,1.287519,2.931566
0.181773,-0.078972,-0.057267,0.324641,1.351569,2.565984
0.208866,-0.061710,-0.084865,0.288567,1.401941,2.516485
0.221346,-0.059156,-0.078911,0.652485,1.427259,1.714589
0.238090,-0.051711,-0.086599,0.701698,1.063643,1.280440
0.260831,-0.031016,-0.098015,1.018463,1.376496,0.456893
0.258940,-0.043354,-0.096571,1.182904,0.486269,0.087806
0.278365,-0.010166,-0.097339,1.028153,-1.233371,0.134295
0.290911,-0.010839,-0.081872,0.563833,-0.900003,-0.534708
0.331849,0.012194,-0.091522,0.355926,0.139036,0.221300
0.348180,0.020620,-0.112996,0.563275,0.209619,-0.297375
0.363807,0.019370,-0.128496,0.193597,-0.186595,-0.872539
0.371524,0.040735,-0.124845,-0.082571,-0.126447,-1.469569
0.368242,0.021060,-0.136915,0.360200,0.143287,-1.901023
0.376064,0.046568,-0.158605,0.191778,-0.142236,-2.486777
0.374219,0.047077,-0.148906,-0.083799,0.946395,-2.840923
0.385773,0.054466,-0.145183,-0.189631,1.435442,-3.607901
0.386752,0.054886,-0.145436,0.378109,1.984971,-4.068306
0.391206,0.042964,-0.145666,0.672022,1.783443,-4.815139
0.386722,0.055322,-0.140427,0.444450,1.002084,-5.282506
0.381628,0.039412,-0.120467,0.637691,1.127516,-5.200980
0.396458,0.053665,-0.125466,1.257802,0.987927,-4.945738
0.378348,0.033468,-0.088801,0.816006,0.501578,-5.771799
0.400252,0.039242,-0.110731,0.823326,1.156740,-5.443673
0.400187,0.044874,-0.103821,0.781619,1.177045,-5.081411
0.403600,0.025449,-0.113810,0.744081,1.334448,-4.946531
0.411941,0.028019,-0.110235,0.531425,2.075041,-5.334073
0.389821,-0.001671,-0.090833,0.265751,1.153986,-5.295015
0.406433,-0.005294,-0.103280,0.037405,1.402755,-4.611453
0.395496,-0.018217,-0.089412,-0.165351,0.769806,-5.289871
0.407825,-0.038897,-0.093071,-0.105122,1.353719,-4.897356
0.404125,-0.044208,-0.082266,-0.085063,0.465665,-4.965339
0.388928,-0.076195,-0.068148,-0.020523,0.261822,-4.823672
0.405209,-0.068731,-0.074595,0.759020,0.381819,-4.288749
0.382852,-0.091980,-0.043146,0.657445,0.149048,-4.102418
0.390710,-0.121165,-0.045539,0.539326,0.381661,-4.310938
0.416106,-0.086088,-0.049710,0.627650,0.453783,-1.791948
0.400187,-0.137524,-0.061222,0.612282,0.471327,-2.262534
0.391491,-0.137396,-0.078222,0.394781,0.518496,-2.077805
0.371229,-0.164401,-0.032609,0.163855,0.069862,-1.816034
0.362750,-0.178775,-0.042236,-0.581456,-0.180085,-1.737922
0.353645,-0.193569,-0.031962,-0.408130,-0.128006,-1.160475
0.339268,-0.214215,-0.035314,-0.169077,0.468212,-1.182123
0.325042,-0.213434,-0.049238,-0.350881,0.455700,-0.875635
0.293278,-0.253243,-0.007190,-0.119078,0.194867,-1.301732
0.302518,-0.254028,0.000983,0.195865,1.062196,-0.899466
0.279088,-0.260944,0.017671,0.318940,0.860021,-0.776844
0.267563,-0.290338,0.019401,0.473714,1.321236,-0.434964
0.255113,-0.285539,0.018456,0.025313,1.389993,0.148124
0.231482,-0.310446,0.015154,-0.086881,0.974647,-0.241777
0.239344,-0.300356,0.019395,-0.084311,1.154426,0.522093
0.217739,-0.300701,0.035456,-0.424657,1.412984,1.067168
0.217768,-0.294363,0.019290,-0.808170,1.235407,1.254637
0.195911,-0.294999,0.025677,-0.336507,2.448412,1.077109
0.193685,-0.298636,0.005825,-0.111283,2.691687,1.428547
0.177047,-0.295968,0.007735,-0.254325,2.276458,1.044206
0.163221,-0.287496,0.012324,0.066727,2.985731,1.222911
0.148850,-0.270883,0.009071,0.828332,2.229053,1.012379
0.120132,-0.272370,0.056112,0.940407,1.523392,1.263363
0.112593,-0.267194,0.061846,0.794198,0.152685,0.880788
0.101491,-0.241079,0.078390,0.796453,-2.203951,1.426759
0.109438,-0.232577,0.069846,0.830042,0.587306,1.849298
0.103983,-0.238417,0.055308,1.077613,4.552015,0.889049
0.072911,-0.234451,0.090315,0.973337,1.194547,1.157421
0.082601,-0.204473,0.060888,0.712081,1.802599,1.571284
0.064597,-0.189269,0.098190,0.175875,1.146148,1.695711
0.063566,-0.164854,0.087019,-0.078251,2.074263,1.474677
0.060254,-0.140272,0.094228,0.391961,2.102187,1.179537
0.043162,-0.144010,0.094155,0.484700,3.452057,0.668769
0.031733,-0.133766,0.090489,0.482757,2.615206,0.107143
-0.001974,-0.131189,0.121259,0.502474,2.040812,-0.910925
0.018538,-0.113986,0.100753,0.662562,2.483058,-0.107729
0.012573,-0.101027,0.119988,1.306835,2.374547,-1.002043
0.017858,-0.087037,0.116686,1.612122,2.645756,-0.436965
0.011428,-0.068202,0.135688,1.730198,1.895344,-0.990844
-0.000451,-0.066381,0.156765,1.679382,2.173258,-1.256843
0.041846,-0.002504,0.138193,1.974230,2.190695,0.950597
0.020300,-0.035066,0.169455,2.124747,1.772699,-0.129414
0.030886,-0.034685,0.181094,2.176022,2.063284,-0.910257
0.043628,-0.023167,0.168513,2.080578,1.409081,-0.346649
0.060221,-0.008334,0.141413,1.973436,2.107761,0.282004
0.061386,0.004510,0.144347,1.916830,1.424062,-0.053461
0.063733,-0.000994,0.163149,1.493242,1.504015,-0.061864
0.092346,0.012867,0.130236,1.099549,2.613145,0.297832
0.079020,-0.004077,0.129310,0.750689,1.035405,-0.068885
0.089881,-0.007382,0.121561,0.650328,1.396525,-0.778535
0.094362,0.009184,0.105519,0.783415,0.571954,-0.748150
0.116843,0.008843,0.088582,1.180402,1.438517,-0.376328
0.133741,0.013370,0.052810,1.077636,2.168824,-0.046853
0.134352,0.002721,0.072357,0.931590,1.722947,0.110721
0.146211,-0.003036,0.062739,1.371453,0.898501,0.164209
0.155789,-0.018359,0.055754,1.648862,1.744966,-0.404096
0.170935,-0.016458,0.044216,1.577207,1.191944,-0.079486
0.168617,-0.020968,0.041459,1.413652,-1.240215,-0.261966
0.177371,-0.031488,0.039962,1.206245,0.234322,0.288164
0.201195,-0.039031,0.029596,1.100009,0.854470,0.056494
0.207780,-0.036724,0.025782,0.705969,0.956521,0.430889
0.227665,-0.043758,0.011205,0.574510,1.319532,1.192441
0.220591,-0.055549,-0.018242,-0.106983,0.398054,0.399286
0.232786,-0.088659,-0.010817,-0.004370,1.100459,0.985593
0.244947,-0.080590,-0.029011,0.821094,2.636611,0.486573
0.235195,-0.112043,-0.022758,0.304290,1.651774,0.307149
0.256413,-0.097449,-0.034546,-0.035783,2.432528,1.100370
0.247465,-0.092322,-0.038836,-0.007246,1.772259,0.033728
0.272378,-0.136208,-0.030919,0.957361,1.872567,0.794385
0.278904,-0.123321,-0.045036,1.119543,1.738785,0.570159
0.264041,-0.144335,-0.024035,0.792405,1.073071,0.425315
0.284461,-0.154668,-0.017497,0.731700,1.168816,0.221413
0.303374,-0.164457,-0.010971,0.776840,0.674632,1.350763
0.307382,-0.165688,-0.010663,1.077708,0.132068,1.560659
0.317065,-0.147345,-0.035872,0.553523,-0.954495,1.911502
0.316179,-0.157718,0.000626,0.229083,-0.967240,1.811214
0.340046,-0.160649,-0.025443,-0.023691,-0.672569,2.132821
0.349306,-0.158430,-0.055176,-0.096243,0.440594,2.293382
0.347766,-0.187486,-0.052245,0.130535,0.700209,2.410716
0.351360,-0.164608,-0.083789,-0.536982,0.659582,2.572314
0.337003,-0.165425,-0.052389,-0.476076,0.463397,2.014673
0.352663,-0.170631,-0.073042,-0.772769,0.613802,1.468033
0.342902,-0.172883,-0.052940,0.049744,-0.123739,1.812173
0.331882,-0.183272,-0.082216,-0.280144,0.930232,0.958194
0.324300,-0.162868,-0.063109,-0.075156,0.492460,1.424123
0.330461,-0.151655,-0.055678,0.613384,0.124823,1.303930
0.314482,-0.149971,-0.043920,0.850678,0.307760,1.100556
0.307100,-0.162665,-0.055291,0.955227,0.872550,0.906176
0.312070,-0.145602,-0.076436,0.593388,1.068590,1.029163
0.293031,-0.148734,-0.057835,0.453329,0.960188,1.181221
0.298116,-0.138233,-0.062437,0.070975,1.728508,0.429556
0.286014,-0.132814,-0.059282,0.363148,1.349803,-0.257305
0.283404,-0.137623,-0.071424,-0.059466,1.825622,-0.090297
0.273475,-0.127162,-0.071578,-0.317814,2.386056,-0.854105
0.266066,-0.128645,-0.073544,-0.323131,2.765867,-1.062829
0.271627,-0.119852,-0.073978,0.330277,2.371859,-1.339765
0.250002,-0.121506,-0.033200,0.450211,1.455905,-1.829784
0.246765,-0.115023,-0.029287,0.906394,1.594716,-1.465397
0.240647,-0.102803,-0.030075,1.010815,1.141870,-1.256930
0.242639,-0.106019,-0.035409,1.032808,1.520349,-1.540106
0.251121,-0.085770,-0.055087,1.085061,3.937513,-1.391842
0.240608,-0.091573,-0.032934,0.754273,1.361794,-1.327187
0.238911,-0.070756,-0.054536,0.617412,1.665403,-1.458535
0.226309,-0.088577,-0.050186,0.389634,1.391605,-1.732333
0.232487,-0.068836,-0.071250,0.375434,1.592667,-1.577087
0.221629,-0.087273,-0.038508,0.150416,1.403090,-1.773229
0.231456,-0.077269,-0.058960,0.247291,1.429412,-1.680240
0.210455,-0.086180,-0.023047,0.370034,0.745444,-1.754424
0.217197,-0.079661,-0.031066,-0.059407,0.737116,-1.834512
0.211844,-0.072049,-0.015343,0.678344,0.552962,-1.714523
0.213747,-0.078726,-0.021905,0.515144,1.349862,-2.325729
0.209891,-0.076537,-0.003615,1.206767,1.324797,-2.277445
0.205824,-0.084165,-0.014519,1.100977,1.537867,-2.129183
0.187708,-0.076592,-0.005266,1.704532,2.277259,-2.139908
0.171066,-0.105530,0.025356,1.373000,1.418334,-2.553189
0.176623,-0.094347,0.026491,1.569746,1.074531,-2.291165
0.170935,-0.099783,0.037169,1.106646,1.642725,-2.015733
0.190954,-0.104152,0.040287,0.996067,2.787478,-1.810367
0.193508,-0.099425,0.033398,1.214629,2.802088,-1.366446
0.189490,-0.119385,0.039316,1.064516,1.801421,-1.302842
0.207501,-0.116881,0.042651,0.725211,2.730872,-1.054069
0.204376,-0.133257,0.045211,0.495840,2.327353,-0.854979
0.229539,-0.136924,0.037596,0.740254,1.991917,-0.564092
0.217916,-0.154012,0.040146,0.742102,2.147780,-0.828322
0.231889,-0.150306,0.029590,0.272920,2.103096,-0.124340
0.222127,-0.163305,0.040921,0.448311,1.723784,-0.280630
0.240834,-0.169666,0.030154,0.737372,2.419507,-0.075448
0.244002,-0.179139,0.029180,0.988590,2.307861,0.064821
0.257112,-0.191625,0.037356,1.021224,1.899178,0.747135
0.268321,-0.176585,0.042690,1.026190,1.482647,1.243325
0.267858,-0.193437,0.041883,1.450820,1.170805,1.310540
0.279442,-0.189837,0.052748,0.760536,-0.932522,1.693995
0.274765,-0.202146,0.070725,0.535020,-2.479719,2.120285
0.293717,-0.202385,0.025753,0.830436,-0.636945,2.021602
0.292336,-0.205418,0.057996,0.098032,-1.675305,2.509399
0.320381,-0.191199,0.014609,0.200907,0.267665,2.594089
0.319455,-0.202609,0.042572,-0.476139,0.083668,3.044161
0.336534,-0.200373,0.016749,-0.315824,2.759354,2.915989
0.326535,-0.202257,0.007545,0.053453,2.143096,2.588204
0.322642,-0.215423,0.011445,0.239758,1.697568,2.377744
0.321448,-0.193217,0.007568,0.405777,1.545302,2.353336
0.324526,-0.219776,0.012902,0.873229,2.273494,2.413723
0.322859,-0.203820,0.024558,0.789845,2.104508,2.150937
0.311022,-0.203954,0.038219,1.193641,1.372416,2.150297
0.321523,-0.180669,0.017077,1.448174,1.956171,2.067763
0.308058,-0.191291,0.053568,0.618059,1.340471,2.616784
0.335936,-0.172663,0.030575,0.557406,2.065027,2.665801
0.329007,-0.180501,0.045904,0.191142,1.628856,2.527387
0.336793,-0.170270,0.029272,0.117129,2.031982,2.539640
0.337229,-0.151918,0.027190,0.367241,1.647189,2.325631
0.332480,-0.156720,0.025434,0.585556,3.000846,2.141060
0.338602,-0.149118,0.021893,0.984999,2.501039,1.680780
0.325052,-0.157935,0.042365,0.716328,1.505243,1.108398
0.339586,-0.141634,0.055899,1.107611,0.766616,1.443056
0.334777,-0.132391,0.046987,1.694672,1.784739,1.628418
0.329706,-0.133303,0.058456,1.647553,-0.565037,1.278330
0.334626,-0.119093,0.054747,1.576206,0.461378,1.325495
0.334728,-0.115929,0.061026,1.703301,1.189065,1.613341
0.353310,-0.101329,0.046865,1.787736,1.249886,1.631004
0.329637,-0.110539,0.088145,1.697616,0.601486,1.280768
0.341585,-0.099323,0.070876,1.373459,-1.175311,0.995196
0.331236,-0.099583,0.089366,0.714250,-1.272140,1.191673
0.346965,-0.088990,0.069711,0.759955,0.917946,1.361726
0.340866,-0.082481,0.053187,0.958191,1.689191,0.958298
0.334256,-0.092555,0.047151,0.848020,2.291344,0.610684
0.319018,-0.095187,0.063222,0.783828,1.463691,0.253692
0.299426,-0.107762,0.051156,0.941293,1.833030,-0.192831
0.300532,-0.100167,0.047207,1.810696,2.510690,-0.544249
0.273202,-0.110159,0.061640,0.359557,1.681881,-0.801934
0.279065,-0.103778,0.047528,1.072959,2.143818,-1.055693
0.259898,-0.117465,0.067289,0.888308,1.700413,-1.256828
0.281907,-0.115663,0.058170,1.121460,2.338411,-0.984526
0.266654,-0.126285,0.059870,1.344646,1.985949,-1.535326
0.277505,-0.133034,0.064344,0.742099,1.269318,-1.310337
0.269926,-0.137800,0.044686,0.926391,1.504833,-1.532834
0.282728,-0.146925,0.025710,0.896350,1.955042,-0.925717
0.280069,-0.134527,0.005835,0.366903,2.175333,-0.737581
0.266765,-0.159832,0.001141,0.370090,2.021426,-0.773826
0.263050,-0.153822,-0.025598,0.329519,1.949557,-1.438300
0.245452,-0.157357,-0.024954,-0.193199,1.698034,-1.574971
0.258819,-0.170231,-0.029235,-0.250435,1.772296,-1.455057
0.266647,-0.162714,-0.037927,-0.151909,1.882221,-1.541723
0.251975,-0.186426,-0.038232,-0.097736,1.408191,-1.580350
0.262593,-0.163219,-0.050351,0.385472,1.460621,-1.430327
0.248108,-0.161857,-0.028165,0.144954,0.883287,-1.125132
0.266316,-0.172614,-0.041583,0.323430,1.460057,-0.858926
0.273232,-0.178043,-0.037513,0.127111,1.037532,-1.562914
0.274200,-0.185796,-0.041655,0.228637,1.228556,-1.107968
0.285282,-0.168566,-0.066431,0.221212,0.899843,-0.875679
0.274161,-0.181043,-0.052300,0.037392,1.122970,-1.073361
0.292336,-0.167362,-0.052176,-0.300210,1.652411,-0.621005
0.294230,-0.161745,-0.057470,-0.219455,1.294126,-0.933204
0.288226,-0.167834,-0.081261,-0.180936,1.627537,-1.450582
0.275506,-0.163935,-0.081583,-0.125400,1.738500,-1.831920
0.269470,-0.169236,-0.051227,-0.212339,1.899369,-1.966332
0.284024,-0.149259,-0.059571,0.034415,2.068752,-1.767210
0.278946,-0.148067,-0.025571,0.070348,1.466008,-2.037082
0.292890,-0.148967,-0.015005,0.256725,1.725970,-1.996327
0.290694,-0.146919,-0.016752,0.500849,1.224352,-1.552525
0.307861,-0.142583,-0.005421,0.773643,1.893690,-1.023471
0.314810,-0.131064,-0.005535,0.566341,1.639915,-0.760656
0.326292,-0.140229,-0.005946,0.745207,1.838184,-0.810191
0.337341,-0.115709,-0.021921,0.563829,1.631919,-0.563368
0.330189,-0.123141,-0.001045,0.022641,1.020955,-0.421288
0.340108,-0.111216,-0.003504,-0.058386,1.358505,-0.182855
0.343450,-0.094793,-0.016197,0.126346,1.478681,-0.021215
0.349329,-0.104024,-0.022634,0.074763,1.194363,-0.139487
0.360023,-0.086282,-0.031930,0.065358,1.318124,0.292278
0.350353,-0.095624,-0.007295,0.120467,0.721193,0.071193
0.371235,-0.086410,-0.009927,0.432880,1.080604,0.221230
0.368787,-0.078831,-0.015422,0.694789,1.113359,0.048301
0.354213,-0.085455,0.003281,0.947097,0.829592,0.080830
0.367549,-0.077928,0.004906,1.446280,0.899210,0.594390
0.358999,-0.074882,0.029406,1.449530,0.650857,0.287768
0.373517,-0.084949,0.019792,1.353351,1.212745,0.786410
0.375959,-0.072371,0.029006,0.890806,1.191255,0.577118
0.362557,-0.089945,0.034461,0.981201,0.676982,1.018600
0.360078,-0.075391,0.010112,0.841793,1.275810,1.055199
0.345071,-0.085347,0.043714,0.623478,1.527908,1.119804
0.358647,-0.079448,0.038160,0.656575,2.152376,1.285511
0.349900,-0.081096,0.035843,0.640727,2.530394,1.484217
0.347815,-0.097987,0.029006,0.556923,2.811620,1.119282
0.341149,-0.088642,0.030611,0.919468,2.065112,1.129861
0.320374,-0.106075,0.027404,1.452448,2.463695,1.093508
0.316731,-0.090940,0.025329,1.767227,1.818873,1.546405
0.289319,-0.106364,0.075656,0.989394,-0.723349,1.353037
0.298671,-0.109601,0.065437,0.756367,-1.724939,1.390188
0.313422,-0.104211,0.048572,0.948492,1.159310,2.221219
0.314423,-0.108944,0.038620,0.896422,1.306777,2.127177
0.305249,-0.094163,0.032498,0.438348,0.509082,2.400463
0.277702,-0.113789,0.024738,0.488376,-0.386042,2.450779
0.289562,-0.100715,0.008717,0.239164,1.906793,2.364031
0.270356,-0.114514,0.014678,0.567929,-0.521958,1.909417
0.266985,-0.128852,0.013020,1.277783,1.829059,2.220536
0.252579,-0.127749,0.000632,1.352347,1.145153,1.402982
0.228364,-0.134751,0.034743,1.166196,0.983427,1.561182
0.236166,-0.138978,0.033900,1.227821,0.644076,1.409881
0.214863,-0.145133,0.041541,1.295948,0.490464,1.110510
0.196899,-0.154967,0.039788,1.314553,0.911338,1.636133
0.193524,-0.141493,0.028526,1.178151,1.113838,1.907577
0.178054,-0.142730,0.044463,0.640360,1.125275,2.147077
0.177536,-0.149719,0.050863,0.354069,1.395081,1.634921
0.168975,-0.149528,0.047834,0.210629,1.216907,1.700442
0.166530,-0.158102,0.038640,0.381493,1.783705,1.548104
0.154667,-0.157186,0.036303,0.290389,2.056755,1.364586
0.136236,-0.157806,0.042201,0.416100,2.341585,1.143041
0.147413,-0.157455,0.043064,0.664948,3.013556,0.867976
0.141777,-0.162980,0.038269,1.209488,3.831750,0.856434
0.144524,-0.171901,0.036023,1.583102,3.352553,1.145959
0.140644,-0.144444,0.035420,1.417953,2.396829,0.912836
0.108900,-0.175367,0.049495,1.811855,2.324178,0.333817
0.123635,-0.135591,0.035443,1.602869,1.986458,1.267431
0.108657,-0.149866,0.056092,1.182221,1.358849,0.851264
0.131030,-0.143022,0.056814,0.990238,1.692168,1.100533
0.135126,-0.142484,0.040540,0.996570,1.840121,1.048953
0.116042,-0.160039,0.041669,0.829750,0.385226,0.610038
0.124232,-0.146341,0.028579,1.068435,0.088684,0.871609
0.105253,-0.154219,0.047926,0.709685,0.200966,0.386277
0.120946,-0.136645,0.036634,0.838822,0.918376,0.750208
0.112330,-0.139123,0.033828,0.622516,0.591547,0.980041
0.127830,-0.139920,0.022739,0.940190,1.785350,0.741854
0.120546,-0.145409,0.013516,0.685276,2.074060,-0.313188
0.109773,-0.167588,0.022316,0.905863,2.304451,-0.728899
0.121997,-0.148179,0.026426,0.681098,2.323916,-0.547852
0.124386,-0.169141,0.035193,0.881343,2.636174,-0.795020
0.133784,-0.158338,0.034648,1.109440,2.280538,-0.754052
0.145958,-0.156592,0.054294,1.371893,2.088145,-0.392100
0.155264,-0.172863,0.053342,1.432714,2.541545,-0.807463
0.168529,-0.171192,0.051599,1.488518,2.135533,-0.856660
0.183293,-0.185110,0.065881,1.690710,2.463344,-0.532926
0.207747,-0.167454,0.044312,1.121279,2.233419,-0.138570
0.208660,-0.176516,0.058797,0.931193,2.227245,-0.279022
0.233626,-0.183872,0.045060,0.707810,2.633706,-0.048630
0.241865,-0.186328,0.026504,0.520203,2.635590,-0.516351
0.254345,-0.198840,0.028625,0.458910,2.427273,-0.127172
0.271876,-0.205973,-0.005857,0.615741,2.159833,-0.641477
0.283887,-0.208491,0.026915,0.198343,1.587245,-0.015220
0.315483,-0.205691,0.013552,0.483298,1.608696,0.323498
0.311108,-0.208261,0.021653,0.600097,1.092362,-0.090115
0.321418,-0.217478,0.011021,0.634212,0.474213,0.344369
0.341208,-0.209643,-0.014497,1.218059,0.471380,0.802213
0.341946,-0.228957,0.013992,0.632081,0.062287,0.370215
0.376848,-0.205156,-0.007722,0.368580,0.198642,0.975251
0.374229,-0.219385,-0.016719,0.289976,0.270495,0.827312
0.383981,-0.229846,-0.029258,0.264737,0.962022,1.009622
0.398014,-0.220367,-0.049517,0.172996,0.905932,0.544737
0.393333,-0.231409,-0.024682,-0.164855,0.423896,0.322854
0.421257,-0.217855,-0.032087,0.015429,1.671252,0.710979
0.429528,-0.203488,-0.036617,0.329785,1.475488,0.313811
0.429870,-0.239874,-0.027344,0.551320,1.770546,-0.710487
0.440774,-0.223669,-0.021800,1.094206,2.064200,-0.439561
0.444207,-0.213976,-0.005729,0.952155,2.096971,0.540529
0.451064,-0.215046,-0.020681,0.640307,2.028746,-0.262549
0.445389,-0.211107,-0.001298,0.546462,1.194101,0.007957
0.469151,-0.207588,-0.018281,0.454134,2.352729,0.183088
0.480163,-0.191648,-0.005972,0.297040,2.474028,-0.326628
0.485425,-0.190894,-0.018130,0.402005,4.308015,-0.243770
0.497304,-0.177971,-0.019617,0.342521,3.148579,-0.853870
0.488461,-0.175397,-0.010167,0.391242,1.733967,-0.371870
0.498683,-0.184811,-0.020582,0.718754,2.045102,-0.661191
0.500216,-0.178017,-0.017372,1.001336,2.106188,-1.191640
0.488438,-0.187877,0.011868,1.065915,1.328047,-1.449843
0.507604,-0.172765,0.005822,1.252400,1.635411,-1.468976
0.509282,-0.145990,0.020839,1.259785,-0.372003,-0.295852
0.493585,-0.170884,0.021879,1.164617,-2.384161,-1.202097
0.515991,-0.123160,-0.001406,1.211822,-0.313914,-0.120331
0.501532,-0.134616,0.021154,0.197588,0.191654,-0.420346
0.514724,-0.126459,0.004069,0.475972,1.155479,-0.495950
0.512787,-0.123026,0.004039,0.574402,0.566377,-0.955232
0.490460,-0.163915,0.018013,0.271473,0.617265,-2.298764
0.513569,-0.128786,-0.001659,0.538565,1.584025,-1.586097
0.475404,-0.159021,0.010847,0.622044,1.840823,-2.483241
0.472512,-0.158571,0.007758,1.319759,2.239275,-2.919211
0.460006,-0.155456,0.028277,0.976038,1.802747,-2.955584
0.467444,-0.152249,0.037717,1.026791,2.355933,-3.033946
0.478256,-0.121565,0.038679,1.121621,1.855975,-1.774392
0.480692,-0.122038,0.025021,0.918395,1.715444,-1.676401
0.457682,-0.135364,0.020314,0.503941,1.347292,-2.982372
0.460216,-0.128498,0.005310,0.610296,1.730940,-1.641467
0.454357,-0.120016,-0.010633,0.526679,2.023760,-1.825303
0.426092,-0.131064,0.002684,0.249306,2.010443,-2.369620
0.441785,-0.126755,-0.012895,0.236124,2.330773,-2.329880
0.429302,-0.118214,-0.004190,-0.241205,1.820626,-2.397252
0.444135,-0.107762,-0.013305,0.061620,2.263069,-2.074086
0.435890,-0.101542,0.000242,0.068930,1.854806,-1.607790
0.416786,-0.144772,-0.001626,0.241481,1.472117,-2.185384
0.413244,-0.119267,0.005254,0.259029,1.295065,-2.004715
0.412053,-0.122766,-0.011345,0.507365,0.912963,-1.641238
0.403896,-0.131340,-0.011365,0.793679,0.838353,-2.013473
0.383751,-0.130933,0.016874,0.114172,-1.297523,-1.844756
0.411248,-0.120357,-0.012320,0.374810,1.021113,-1.230506
0.391935,-0.112302,-0.012616,0.223943,1.176484,-0.908755
0.390487,-0.105793,-0.019446,0.025654,1.579886,-0.693201
0.370681,-0.118483,-0.017756,0.173091,1.432041,-1.448566
0.351055,-0.132318,-0.000599,0.105565,1.409655,-1.303115
0.372099,-0.121979,-0.003435,0.126835,1.673156,-0.930138
0.351249,-0.128389,0.028907,0.378007,1.580975,-1.230333
0.356760,-0.134311,0.029774,0.642496,1.798079,-0.706755
0.346676,-0.125104,0.038823,1.055558,1.839592,-0.873244
0.327556,-0.154842,0.052331,1.273499,1.812886,-1.189191
0.344175,-0.132148,0.054776,1.541888,1.926655,0.364630
0.314833,-0.157498,0.079529,1.309688,1.508138,-0.335153
0.323870,-0.160308,0.071188,1.086446,2.285203,-0.047270
0.318900,-0.163275,0.077221,0.799939,1.787175,0.237209
0.310517,-0.184089,0.071615,0.825581,2.164183,0.144533
0.309388,-0.161214,0.068090,0.772376,2.609951,0.628791
0.281402,-0.189889,0.079772,0.637793,2.454501,0.461229
0.289227,-0.185786,0.088900,0.336304,2.359123,1.167114
0.287231,-0.204440,0.093364,0.676000,1.262809,1.042040
0.277098,-0.234914,0.089531,0.718439,1.306337,0.480208
0.292244,-0.216805,0.049780,1.316962,1.598280,1.661095
0.279869,-0.230178,0.098524,1.059271,0.711097,2.123808
0.293465,-0.227834,0.090847,0.874053,1.562259,2.782928
0.281553,-0.230053,0.067850,0.927832,1.053632,2.664570
0.284408,-0.237718,0.064088,0.807784,0.845338,3.560574
0.284087,-0.221670,0.049646,0.390839,0.202972,3.803159
0.264310,-0.249344,0.046534,0.291253,0.125713,3.712751
0.274473,-0.227585,0.030552,0.262187,0.979114,4.141063
0.264199,-0.236743,0.013263,0.126468,1.346517,3.987182
0.257394,-0.230979,0.013224,-0.078442,1.247952,4.467758
0.243083,-0.229744,0.010082,-0.068420,0.697468,3.796315
0.249500,-0.236427,-0.008444,0.534396,2.524509,4.294074
0.227340,-0.231556,-0.013400,0.289067,1.401265,3.731706
0.209257,-0.238075,-0.001593,0.510296,1.822438,3.426324
0.217850,-0.231166,-0.000668,0.641124,2.549570,3.513926
0.202561,-0.224424,0.020402,0.901284,1.729181,3.599115
0.203073,-0.215016,0.016513,1.126551,2.088844,3.664048
0.196177,-0.200239,0.019798,1.086824,2.252034,3.999874
0.196058,-0.191084,0.022165,0.840073,2.861684,4.429594
0.198940,-0.181374,0.000120,0.952109,2.649813,4.285025
0.197214,-0.173011,0.015062,0.691877,3.196670,4.292920
0.201550,-0.158319,0.019106,0.509623,3.214491,4.345849
0.190931,-0.144299,0.028221,0.829474,2.912651,3.930397
0.188863,-0.145212,0.008188,1.315383,4.177095,3.925831
0.197316,-0.123298,-0.007548,1.441159,3.138413,3.931857
0.188955,-0.130309,0.038262,1.461813,2.856245,3.881271
0.208998,-0.123118,0.036778,1.829656,3.122083,3.873243
0.200677,-0.109725,0.075761,1.827456,1.826728,3.454968
0.191447,-0.116773,0.082739,2.166565,1.780964,3.433514
0.215986,-0.100393,0.080835,2.304001,1.410193,3.564444
0.210938,-0.100587,0.107600,2.340117,1.328523,3.708979
0.219295,-0.091984,0.128690,2.084425,1.319851,3.853755
0.232057,-0.093241,0.115472,2.838060,2.125581,3.738118
0.237473,-0.103787,0.122634,2.544672,2.256078,3.883090
0.243063,-0.103495,0.123668,2.319317,2.264343,3.270200
0.240365,-0.121857,0.139509,2.006914,1.935105,3.212472
0.250416,-0.110766,0.137776,1.907367,1.460864,3.266619
0.245633,-0.119451,0.150827,1.528315,2.222167,3.295701
0.249756,-0.122176,0.121088,1.895692,2.703865,3.099471
0.259206,-0.130231,0.141954,1.871848,3.224092,2.909674
0.275674,-0.146873,0.129432,2.003362,3.511761,2.002031
0.260210,-0.161460,0.132488,2.013922,0.211926,1.888557
0.283988,-0.179070,0.103415,2.487876,3.248405,1.758730
0.291952,-0.181781,0.105614,2.260482,3.422400,1.641823
0.299111,-0.206439,0.100668,2.463540,2.568412,1.537918
0.327704,-0.211642,0.085598,2.096554,2.922317,1.477620
0.325196,-0.239014,0.088378,1.560818,2.284835,1.151524
0.344001,-0.232708,0.025037,1.724552,2.383555,1.148041
0.336369,-0.241404,0.038105,0.884688,1.890066,1.154836
0.362570,-0.240081,0.011356,0.235198,2.082502,1.479187
0.365718,-0.246429,-0.005460,0.169904,2.990536,0.871319
0.387362,-0.267624,-0.056049,0.062457,4.233924,0.570143
0.395939,-0.268481,-0.071299,-0.120618,3.535388,0.464856
0.387582,-0.276943,-0.065315,-0.236429,3.028468,0.006759
0.416228,-0.283035,-0.081911,-0.370605,2.312102,0.158231
0.421309,-0.281499,-0.080887,-0.305015,1.463359,-0.410416
0.440731,-0.293411,-0.098445,-0.061629,1.632615,-0.871676
0.470989,-0.274428,-0.123329,0.293170,5.135537,-0.670099
0.444119,-0.275436,-0.105194,-0.314088,1.198256,-0.741114
0.473858,-0.257570,-0.116800,-0.652504,1.320895,-0.830633
0.473497,-0.250588,-0.140972,-0.480888,1.095647,-1.580316
0.487503,-0.258154,-0.161533,-0.651004,1.540477,-1.641657
0.511986,-0.240534,-0.161146,-0.409870,2.124458,-2.560494
0.489587,-0.255305,-0.148889,-0.767120,1.591945,-3.281026
0.514294,-0.241223,-0.147993,-0.516211,2.461138,-3.391292
0.523416,-0.232495,-0.141760,-0.435847,2.217594,-4.043539
0.528681,-0.233358,-0.128922,-0.461026,2.564190,-4.410217
0.542989,-0.210276,-0.109087,0.066209,2.767560,-4.630577
0.533158,-0.205192,-0.064639,-0.038376,2.043185,-4.335086
0.565526,-0.183718,-0.063142,0.064134,2.949870,-4.409574
0.569468,-0.169915,-0.038288,0.519664,2.270337,-4.927553
0.589334,-0.181283,-0.039180,0.594950,2.613913,-5.301287
0.612015,-0.162825,-0.036870,0.924313,2.482313,-5.438014
0.607758,-0.154846,0.002415,0.413018,1.814856,-5.203871
0.634763,-0.138535,-0.005877,0.691464,2.405291,-5.117598
0.638062,-0.119622,-0.008654,0.416323,2.076292,-5.343621
0.646662,-0.114203,-0.012842,0.398661,2.021547,-5.142735
0.663008,-0.101286,-0.021452,0.510999,2.019220,-5.145260
0.659634,-0.090674,0.025628,-0.005010,1.566017,-5.044059
0.676696,-0.083952,0.017261,0.305633,1.940067,-5.107459
0.672117,-0.077049,0.030440,0.714625,0.976495,-5.455168
0.687262,-0.099481,0.018098,1.073792,1.258082,-5.131184
0.692540,-0.082481,0.021797,1.076261,0.388715,-5.362773
0.677395,-0.087677,0.048723,0.979399,0.597376,-5.410733
0.697871,-0.076743,0.050171,1.159257,0.955454,-4.854987
0.691930,-0.063016,0.050361,1.252058,1.164053,-4.458816
0.691076,-0.077173,0.052685,1.016071,1.261952,-4.500165
0.687574,-0.068780,0.059194,1.132466,0.959242,-4.281624
0.672501,-0.094528,0.063918,0.863336,1.108829,-3.734369
0.677707,-0.092184,0.045726,0.908295,0.980644,-3.870196
0.663198,-0.106292,0.046475,0.648431,1.019790,-3.681515
0.670787,-0.117603,0.043760,0.339084,2.250721,-3.142830
0.653647,-0.121742,0.041000,0.191916,1.042784,-3.571740
0.638153,-0.140291,0.038354,0.419737,1.513827,-2.943383
0.626494,-0.121175,0.037934,-0.107915,1.592822,-2.555393
0.624305,-0.133388,0.008582,0.235704,3.710103,-2.200433
0.608004,-0.145809,-0.000307,0.088185,3.356321,-1.884045
0.600307,-0.154606,0.004315,0.296958,2.761803,-1.944025
0.576995,-0.182838,0.005057,0.339170,2.110452,-1.861692
0.575594,-0.194022,-0.000467,0.365685,1.846869,-1.629482
0.551179,-0.205438,0.036952,0.364018,0.502389,-1.123731
0.545993,-0.204798,0.018600,0.400962,1.338206,-0.227189
0.532518,-0.194045,0.024473,0.655078,1.157009,-0.004600
0.515285,-0.207155,0.029944,0.595472,0.575991,0.871240
0.499395,-0.199740,0.029032,0.312487,0.464385,1.014829
0.482888,-0.222956,0.024338,0.453884,0.840960,1.219083
0.455207,-0.219063,0.020005,0.747905,0.206412,1.632525
0.426538,-0.240357,0.056440,0.513129,0.035689,1.841823
0.412345,-0.240586,0.052915,0.532912,0.699631,2.129348
0.385120,-0.244762,0.059995,0.681758,0.761065,2.284587
0.377935,-0.263619,0.078255,0.229398,0.598942,2.287282
0.361618,-0.255308,0.066773,0.305269,0.809799,2.382072
0.316005,-0.269390,0.085920,0.410159,1.556111,2.247094
0.294768,-0.245080,0.079588,0.474889,2.475758,2.590167
0.253104,-0.259385,0.109895,0.228620,1.712106,2.491464
0.243785,-0.268047,0.115242,0.810469,2.287734,2.028764
0.240214,-0.266590,0.121439,0.956829,2.109684,2.706210
0.200975,-0.297353,0.141610,1.337526,1.440113,1.701495
0.191164,-0.284873,0.132146,1.685731,1.790070,2.481261
0.151020,-0.283379,0.159867,1.386189,1.832916,2.377827
0.149300,-0.262943,0.146540,1.606194,2.663917,3.092985
0.101019,-0.256477,0.166960,0.947353,-1.047906,3.423122
0.100244,-0.248372,0.141291,1.077213,0.866008,3.878341
0.095271,-0.242208,0.130541,1.081788,1.200748,3.428256
0.090791,-0.247049,0.112137,1.102675,2.134887,3.651012
0.070712,-0.237347,0.102693,0.898362,2.359402,3.776995
0.048365,-0.244775,0.107075,0.860358,2.348652,3.609856
0.044899,-0.224089,0.074323,1.233841,2.463892,3.996435
0.013962,-0.229393,0.104994,0.500016,2.283210,3.980006
0.022112,-0.210483,0.086632,0.602785,2.440945,4.039510
0.000409,-0.201522,0.100267,0.532499,1.917360,3.884568
0.001682,-0.178781,0.094520,0.603442,1.788478,3.967266
-0.000064,-0.164506,0.087253,1.180193,2.420662,4.302816
-0.016512,-0.196552,0.086642,1.811806,2.356675,3.204499
-0.009462,-0.173611,0.070341,2.038563,2.586547,3.606194
-0.026849,-0.177284,0.105509,1.983677,1.986402,3.450222
-0.013154,-0.163075,0.087768,2.372669,2.316320,3.672975
-0.011901,-0.153766,0.105040,2.475049,2.818126,3.476606
0.002700,-0.156986,0.089432,2.661504,2.729162,3.627930
0.004797,-0.126141,0.096561,2.350999,2.764997,3.765894
-0.004856,-0.140144,0.107380,2.316743,1.156724,3.673122
0.028467,-0.116274,0.080908,2.626622,3.375931,4.301115
0.041183,-0.123150,0.101226,2.090580,3.000620,4.356678
0.077054,-0.139182,0.097632,1.919430,3.681995,4.272438
0.087019,-0.142113,0.091743,2.132037,3.205487,4.012512
0.089399,-0.145189,0.089209,2.399628,3.524422,4.157116
0.113669,-0.130181,0.084108,2.263033,3.306878,4.405705
0.113308,-0.148560,0.108992,1.784040,2.749031,4.197478
0.160956,-0.135476,0.103996,1.522715,3.329386,4.624766
0.192822,-0.145963,0.092662,1.738617,3.631682,4.448418
0.221944,-0.176113,0.103632,2.107258,2.958323,4.540688
0.250166,-0.180301,0.100809,2.168584,2.668007,4.778045
0.263352,-0.193007,0.102424,2.195867,2.042375,4.467127
0.303148,-0.193070,0.099325,2.497231,1.877376,4.878886
0.338158,-0.195578,0.102411,2.517382,1.714922,4.995046
0.353359,-0.217606,0.079499,2.740903,1.922421,4.658377
0.377702,-0.214868,0.072570,2.709260,1.463100,4.859856
0.391826,-0.230824,0.088342,2.337321,1.240166,4.534223
0.431527,-0.230982,0.074832,2.083497,1.678461,4.748813
0.445284,-0.258850,0.079933,1.679294,-1.698807,4.608778
0.472627,-0.286216,0.057153,1.477440,-1.346897,4.524066
0.510509,-0.281220,0.018055,1.571617,1.167933,4.318090
0.508960,-0.304394,0.030591,1.187703,1.274826,3.831315
0.532846,-0.297166,-0.007426,1.094616,1.495570,3.753370
0.536070,-0.306708,-0.015192,0.814247,1.979207,3.329985
0.567131,-0.312180,-0.032550,0.353934,2.739223,3.196962
0.579647,-0.312242,-0.059239,0.495279,3.152728,2.801346
0.583846,-0.346412,-0.060513,0.575138,2.684039,2.293937
0.597350,-0.352892,-0.068102,0.134641,2.377387,1.843161
0.606856,-0.375432,-0.072484,0.349434,2.167678,1.019860
0.631260,-0.376873,-0.102843,0.569636,1.992820,0.406757
0.629708,-0.373112,-0.078570,-0.063303,1.316966,0.530866
0.651323,-0.363753,-0.114673,-0.124481,1.769712,0.281289
0.645969,-0.349409,-0.100930,-0.239485,1.232154,-0.011695
0.668933,-0.345063,-0.106598,-0.454343,1.252584,-0.564714
0.683619,-0.340274,-0.129671,-0.582431,1.369915,-0.343657
0.699598,-0.355859,-0.158362,-0.247093,2.054769,-1.201056
0.709809,-0.333233,-0.164097,-0.648358,1.277284,-1.546441
0.696272,-0.339345,-0.168650,-1.051261,0.937430,-1.671958
0.714638,-0.308759,-0.190823,-0.821169,1.408713,-2.346122
0.698774,-0.295157,-0.165453,-1.162835,1.426277,-2.700360
0.720579,-0.256188,-0.185269,-1.324557,2.285675,-3.442668
0.710439,-0.247765,-0.188046,-1.041046,2.257791,-4.278584
0.706855,-0.237104,-0.186355,-0.942100,1.492523,-4.927397
0.705276,-0.223104,-0.183457,-0.622020,1.432947,-5.767367
0.685837,-0.225586,-0.163503,-0.496490,1.368257,-6.973276
0.703041,-0.184946,-0.152139,-0.126530,1.863600,-6.939373
0.683054,-0.167795,-0.133055,0.243798,1.573406,-7.409701
0.681935,-0.144568,-0.124970,0.323585,1.972508,-7.293631
0.687511,-0.107004,-0.121179,0.471442,2.201100,-7.891222
0.663333,-0.094465,-0.083963,0.097530,2.006251,-8.098020
0.678386,-0.082143,-0.068079,-0.158474,1.971792,-8.778903
0.672396,-0.066532,-0.060746,0.001738,2.093597,-8.992275
0.677891,-0.066647,-0.055212,0.269621,3.104355,-9.028582
0.670879,-0.047871,-0.050945,0.298461,4.411392,-9.237047
0.670193,-0.034377,-0.034231,0.301960,4.616922,-9.231516
0.661908,-0.033766,-0.029451,0.588218,4.167041,-9.687516
0.650538,-0.034836,0.016335,0.572833,3.448833,-10.198162
0.657713,-0.009529,0.039165,0.738685,3.080439,-9.761617
0.643008,-0.007812,0.052593,1.229147,2.876035,-9.749709
0.648838,-0.007303,0.058964,1.125668,2.043083,-8.641741
0.648080,0.011554,0.079434,1.387360,2.303328,-8.149159
0.638383,-0.011692,0.091897,1.251431,1.065889,-7.924975
0.640189,-0.007399,0.094103,0.811079,0.449962,-7.177311
0.636440,-0.003131,0.095961,0.873521,1.133195,-6.710680
0.643366,-0.014315,0.077287,1.159677,1.271090,-6.109987
0.637123,-0.009007,0.071539,1.114593,1.464436,-5.103463
0.619125,-0.019507,0.087597,0.610368,0.909379,-5.064392
0.619916,-0.032890,0.079483,0.399845,1.349531,-4.264623
0.607929,-0.056071,0.062779,0.453139,1.663624,-4.022986
0.596158,-0.088797,0.064351,0.730564,1.780042,-3.717321
0.591513,-0.099970,0.066288,0.610877,1.883357,-3.525840
0.562280,-0.116815,0.096804,0.531813,1.050353,-3.081759
0.561308,-0.140475,0.088234,0.721544,1.885169,-2.271200
0.540928,-0.141145,0.097093,0.964060,1.930086,-1.867073
0.527381,-0.165606,0.098255,1.386842,2.338752,-0.890715
0.518466,-0.176884,0.103113,1.348585,2.078869,-0.518716
0.484040,-0.217734,0.120569,1.189708,2.092767,-0.141879
0.490116,-0.224903,0.107794,1.120249,2.322829,0.797795
0.484706,-0.235285,0.112091,0.968974,2.842512,1.622678
0.476513,-0.257133,0.113292,0.774483,3.370685,2.178582
0.472627,-0.270184,0.095265,0.401162,4.702814,2.624019
0.449026,-0.304233,0.109645,0.414718,2.963627,2.941661
0.461604,-0.301055,0.111506,0.461247,3.566342,3.727950
0.435545,-0.326603,0.126537,0.241895,2.370714,3.887719
0.441861,-0.322966,0.113404,0.574363,2.726057,4.820660
0.429190,-0.334986,0.115091,0.785847,4.444154,5.144049
0.422901,-0.348661,0.133079,0.311778,2.280778,5.321065
0.410405,-0.364659,0.151848,0.967081,1.678897,5.984932
0.401116,-0.363993,0.146583,1.206712,1.085587,6.576903
0.389824,-0.364955,0.164902,1.250174,0.072797,6.373668
0.369535,-0.386058,0.158586,1.322503,-0.270910,7.092177
0.359488,-0.381426,0.154969,1.418120,-2.238272,6.787297
0.343824,-0.379805,0.193072,0.633378,-2.505768,7.327386
0.361362,-0.356959,0.156459,0.530103,0.502688,8.020870
0.338063,-0.357106,0.167626,0.459606,-0.082124,7.705355
0.335769,-0.365851,0.158747,0.147846,0.252842,7.748165
0.320364,-0.353030,0.149304,0.312392,0.251004,7.157870
0.297929,-0.363422,0.145197,0.495237,1.094935,6.545416
0.285850,-0.350866,0.144928,1.493823,1.852381,6.228250
0.253344,-0.336634,0.144193,0.739204,1.611194,5.644678
0.245722,-0.318597,0.138104,0.719375,1.993027,5.429815
0.247330,-0.307755,0.132379,1.157573,2.567814,4.885994
0.219311,-0.323872,0.130249,1.498556,1.965313,4.061803
0.205873,-0.286032,0.122558,1.593905,1.728150,3.942787
0.177293,-0.278853,0.158239,1.092509,0.074222,3.608969
0.182213,-0.248615,0.138449,0.761889,0.595880,3.759219
0.168466,-0.228382,0.121127,1.000801,1.335118,3.513114
0.159692,-0.235318,0.114031,0.875533,1.532310,2.505579
0.161307,-0.200721,0.087709,0.854896,2.713686,2.104511
0.148414,-0.190762,0.098091,0.496110,1.969892,1.829429
0.142985,-0.181614,0.055403,0.059979,2.455355,1.755748
0.140145,-0.163003,0.064791,0.589042,2.271810,0.864680
0.123667,-0.167545,0.067318,0.360427,2.255428,0.490669
0.131897,-0.149272,0.066862,0.708995,1.881876,0.206794
0.126146,-0.134048,0.059847,0.665729,1.459354,-0.383442
0.122112,-0.125553,0.068920,0.880979,1.227998,-0.098641
0.117168,-0.103075,0.048694,0.879843,0.583741,-0.486015
0.119998,-0.100554,0.061262,0.884842,0.429279,-0.369459
0.128726,-0.072732,0.043698,0.743943,0.418736,-0.723904
0.124688,-0.068609,0.034136,1.051157,0.277148,-0.955004
0.123625,-0.073011,0.018833,1.069023,0.015988,-1.066938
0.130009,-0.057633,0.007135,1.150775,0.770810,-1.135410
0.124035,-0.065084,0.011806,0.676427,1.024428,-1.410088
0.145322,-0.053061,0.005805,0.454058,0.420624,-1.449858
0.142469,-0.044608,-0.012668,0.301733,1.074534,-1.338291
0.138156,-0.047848,-0.023014,0.149323,0.900073,-1.718700
0.141100,-0.036080,-0.033833,0.113055,1.260206,-1.919463
0.129701,-0.050316,-0.008870,-0.062621,1.048357,-2.390769
0.150436,-0.038936,-0.012921,0.062279,2.012859,-1.746889
0.157631,-0.039849,-0.030095,0.514025,3.132932,-2.112566
0.147593,-0.055440,-0.018590,1.006108,2.613624,-2.050232
0.155661,-0.041966,-0.028434,1.334014,2.266637,-1.404754
0.146858,-0.040042,0.001240,0.903421,1.228688,-1.377749
0.169930,-0.047054,-0.022781,1.025727,2.524850,-0.846709
0.176439,-0.050963,-0.019318,1.466907,2.298359,-1.056473
0.180998,-0.068239,-0.027088,1.545265,1.816067,-0.578599
0.203923,-0.062691,-0.024958,0.907330,0.776072,-0.008498
0.207045,-0.070999,-0.009842,0.678298,1.360208,0.520940
0.237191,-0.083531,-0.029697,0.990005,2.525605,1.601394
0.240677,-0.078181,-0.015967,0.445717,0.489447,1.508538
0.250553,-0.093073,-0.021002,0.587282,0.746284,1.829469
0.280558,-0.086256,-0.037769,0.707269,1.045285,2.660809
0.287386,-0.101358,-0.018389,0.581676,1.990049,2.588799
0.300998,-0.119674,-0.015819,0.509722,2.164626,2.562274
0.323591,-0.112144,-0.018646,1.179575,2.579834,3.267618
0.303374,-0.142097,-0.006034,0.987149,1.591975,3.282563
0.323561,-0.133254,0.021367,1.230667,0.094274,3.987746
0.321618,-0.155551,0.019181,1.494227,0.296488,4.604330
0.354708,-0.172000,0.041436,1.079422,0.925673,4.498032
0.370041,-0.171452,0.027355,1.375238,1.244709,4.706208
0.363994,-0.184539,0.058282,1.006148,1.549389,5.083186
0.384608,-0.172413,0.017898,0.814063,1.357638,5.777596
0.371485,-0.170867,0.043104,0.588136,-0.177981,6.157292
0.385849,-0.192886,0.016037,0.580150,0.948460,6.420833
0.406394,-0.180101,0.020015,0.299009,1.404180,5.931849
0.405058,-0.210821,0.024706,0.610056,2.428616,5.641445
0.417997,-0.214544,0.021939,0.402166,1.459095,5.229801
0.404398,-0.213194,0.031576,0.192868,0.852028,5.052110
0.422501,-0.217353,0.019004,0.234667,1.649680,5.304438
0.424283,-0.202802,0.005480,0.211036,1.897855,4.931687
0.407037,-0.215623,0.026524,0.261041,1.377110,4.457296
0.438470,-0.201916,0.013312,0.321294,1.874087,4.636986
0.418227,-0.196950,0.024496,0.316813,1.391382,3.884700
0.433316,-0.184073,0.018528,0.194598,1.337005,3.610682
0.427195,-0.179595,0.029931,0.957525,1.264548,3.203496
0.438191,-0.183984,0.013706,1.004631,1.377303,3.092848
0.427618,-0.165133,0.023304,0.805726,1.361991,2.392628
0.417958,-0.164467,0.002438,1.507790,1.592310,2.226441
0.421539,-0.140045,0.011445,1.340024,1.117213,1.368664
0.413126,-0.135660,0.033893,0.660336,0.816794,1.324505
0.437065,-0.121890,0.017563,0.700950,1.457982,0.796016
0.437403,-0.109827,0.019483,0.742476,1.594397,0.216176
0.426600,-0.115765,0.010978,0.897975,1.054065,0.051565
0.425015,-0.087500,0.012557,0.489331,1.049345,-0.503174
0.412325,-0.095095,0.029465,0.523574,1.304059,-1.573732
0.419235,-0.084749,0.006961,0.175189,1.368575,-2.089866
0.399583,-0.072827,0.033355,0.251965,1.867404,-2.540443
0.401841,-0.062793,0.011553,0.495935,3.284744,-3.728145
0.381408,-0.052811,0.033558,0.560038,2.939038,-4.100380
0.377790,-0.056041,0.059782,0.168657,2.447083,-4.997395
0.366949,-0.050254,0.056742,0.337886,2.005772,-5.446538
0.358739,-0.070362,0.064016,1.046857,2.306919,-5.810715
0.353753,-0.067539,0.042493,1.268973,1.790513,-6.932948
0.340577,-0.068596,0.088034,0.793574,1.316929,-6.715881
0.349932,-0.051941,0.094208,0.823175,1.565256,-7.185378
0.345038,-0.063003,0.096473,1.070973,1.389445,-7.358064
0.355709,-0.059576,0.090387,0.898261,1.782304,-7.147827
0.348839,-0.067585,0.078905,0.770918,1.660453,-7.477101
0.342163,-0.088169,0.093561,0.780470,1.216378,-7.715340
0.351236,-0.098122,0.090814,0.304878,1.174271,-7.691227
0.345439,-0.105504,0.096450,-0.056325,1.409941,-7.442047
0.361286,-0.114695,0.103333,-0.575465,1.866249,-7.971291
0.353074,-0.109266,0.087942,-0.630220,1.205947,-7.404926
0.348875,-0.118548,0.066051,-0.616873,1.200455,-7.188374
0.364831,-0.115621,0.050076,-0.740428,1.966064,-7.394635
0.348396,-0.136993,0.048477,-0.886946,1.547570,-7.391704
0.360059,-0.134124,0.028057,-1.171421,1.569782,-6.799785
0.359497,-0.141657,0.019533,-0.837026,1.530754,-6.753036
0.353435,-0.165271,0.013434,-1.079237,0.938310,-6.641226
0.358802,-0.163662,-0.006093,-0.574120,1.400408,-6.807643
0.344201,-0.175397,0.005333,-0.205098,0.435897,-6.373376
0.349030,-0.174399,-0.067508,0.213009,-0.331728,-6.100736
0.342114,-0.172607,0.004046,-0.902383,-0.741445,-5.676104
0.353051,-0.163872,0.014179,-1.180435,-0.360419,-5.330581
0.341007,-0.165304,-0.003028,-0.568182,-0.911885,-5.120797
0.334991,-0.183721,-0.034073,-0.230261,-0.599745,-4.428124
0.343584,-0.178167,-0.044317,-0.222833,0.316288,-3.700890
0.330458,-0.200590,-0.007127,-0.536903,0.723799,-3.683759
0.332385,-0.189682,-0.042798,-0.308928,1.248914,-2.849806
0.312326,-0.192023,-0.010758,-1.045336,1.715749,-2.909409
0.318260,-0.186945,-0.013784,-0.976159,1.852469,-2.580410
0.301310,-0.189965,0.005536,-0.923371,1.569730,-2.409044
0.321605,-0.184391,0.016624,-0.903788,2.125476,-1.625522
0.316442,-0.192764,0.029265,-0.599050,2.255070,-1.727826
0.316872,-0.204795,0.036861,-0.286391,2.335040,-1.220160
0.330730,-0.181092,0.054500,0.014530,2.094963,-0.271293
0.328239,-0.186623,0.072271,0.288216,1.658894,0.743352
0.340161,-0.167946,0.053361,1.056730,1.448703,1.330157
0.330970,-0.166525,0.108516,0.512463,0.730033,1.208785
0.352128,-0.147418,0.101442,0.886615,0.887915,2.267001
0.350244,-0.137741,0.101160,1.408929,0.473816,2.526339
0.347792,-0.129617,0.095892,1.338350,0.357003,3.397476
0.351580,-0.129843,0.112137,1.065951,0.669876,3.681187
0.339255,-0.132519,0.124209,0.846526,0.531957,4.455255
0.351689,-0.115601,0.099181,0.651241,0.665635,4.639055
0.317906,-0.116625,0.157047,0.899836,-0.470325,4.840445
0.316507,-0.104969,0.166661,0.812540,0.057169,5.391074
0.298136,-0.092223,0.153906,0.780119,0.187334,5.488132
0.289496,-0.105694,0.192638,1.325785,0.091474,5.628633
0.273511,-0.088514,0.193672,1.552903,1.059383,5.639061
0.265531,-0.089236,0.187285,1.452218,2.250983,6.212237
0.240844,-0.081244,0.155885,1.599271,1.663696,5.587181
0.210833,-0.084178,0.189701,1.655667,1.492008,5.653036
0.204406,-0.081496,0.195665,2.311649,1.973266,5.936573
0.180385,-0.072995,0.204459,2.273612,1.655211,5.682046
0.180362,-0.064119,0.192829,1.778203,1.834222,5.877174
0.161606,-0.056097,0.179637,2.329912,2.087863,5.922162
0.154247,-0.064221,0.168000,2.396198,2.720149,5.395025
0.172553,-0.052040,0.150384,2.084796,3.971729,5.712989
0.141567,-0.063962,0.119972,1.290272,3.398888,6.045293
0.140513,-0.065058,0.146589,2.825209,3.448650,5.594082
0.131089,-0.069870,0.122552,1.671938,4.534474,5.640693
0.132182,-0.054876,0.094359,1.209226,3.218147,5.382276
0.115186,-0.069177,0.117195,1.528587,3.500519,4.999928
0.133052,-0.067490,0.132678,3.031894,4.572665,5.042537
0.105955,-0.072030,0.150367,2.318762,2.081183,4.572643
0.115294,-0.072332,0.151920,2.171357,2.478351,4.364182
0.115790,-0.076720,0.107433,1.482709,2.008034,4.433484
0.120891,-0.096448,0.140769,2.438318,1.455704,4.457564
0.123930,-0.100338,0.120825,2.356914,1.204191,4.136273
0.115192,-0.116694,0.131070,1.856381,0.513001,3.565339
0.140887,-0.115427,0.116913,1.550957,0.197753,3.314997
0.142092,-0.116589,0.120208,1.515208,-0.170543,3.510519
0.143733,-0.126400,0.099729,1.369402,-1.115252,3.611635
0.158061,-0.112995,0.065815,1.109945,1.946012,3.481739
0.153482,-0.151041,0.066527,0.992243,0.163661,2.735221
0.163973,-0.163672,0.031540,1.221253,0.875090,2.043769
0.158993,-0.178394,0.060694,0.946240,0.768303,1.367892
0.174805,-0.187404,-0.004019,-0.343397,1.539302,0.839164
0.162203,-0.193093,0.019355,0.863063,1.871589,0.154066
0.170665,-0.188816,-0.027725,-0.331403,1.941899,-0.004555
0.178481,-0.189065,-0.022417,-0.174729,2.066409,-0.234713
0.164629,-0.207663,-0.023737,-0.099065,2.144288,-1.071977
0.177335,-0.212804,-0.036814,0.204645,2.200135,-1.352882
0.172520,-0.236037,0.002077,0.349828,0.865689,-1.578821
0.196518,-0.224729,-0.050436,-0.682936,1.382280,-1.750066
0.201835,-0.228333,-0.052310,-0.036128,1.426100,-2.307700
0.214906,-0.238033,-0.060973,0.095721,1.598740,-2.103968
0.229424,-0.222953,-0.082269,-0.202922,1.549530,-2.223659
0.237181,-0.231681,-0.094969,-0.077155,1.038014,-2.001759
0.267652,-0.213654,-0.103267,-0.368307,1.274133,-1.948656
0.275369,-0.233500,-0.122791,-0.769195,0.531176,-2.614816
0.299797,-0.223334,-0.149172,-0.259626,1.337609,-2.447947
0.300647,-0.228573,-0.147639,-1.087719,0.625356,-2.948108
0.322737,-0.213720,-0.150849,-0.615652,0.688566,-2.425166
0.329919,-0.208891,-0.151197,-1.659710,0.060557,-2.872609
0.340975,-0.211373,-0.139951,-0.872096,0.223973,-2.807718
0.353973,-0.198177,-0.126848,-0.535022,-0.017506,-2.989627
0.365793,-0.197416,-0.154236,-1.494082,0.566177,-3.199624
0.371990,-0.185126,-0.112005,-0.221261,0.262610,-3.348772
0.370805,-0.188904,-0.113794,-0.242245,0.385994,-3.535329
0.391022,-0.171169,-0.119669,-0.077460,0.595200,-3.259680
0.372827,-0.188080,-0.061544,0.284110,-0.199294,-3.615391
0.402340,-0.176339,-0.059111,-0.029222,0.789524,-3.243264
0.408984,-0.166636,-0.062791,-0.094559,0.511856,-3.367058
0.425035,-0.161782,-0.029333,0.162732,0.470316,-2.781533
0.424184,-0.142986,-0.053062,-0.523659,0.735725,-2.790137
0.432148,-0.155853,-0.043100,-0.093449,1.135466,-2.213963
0.437354,-0.140715,-0.024994,0.062700,1.592884,-2.360816
0.436586,-0.142642,-0.031381,-0.363453,2.360479,-1.839109
0.441677,-0.135817,-0.027879,0.331590,1.815814,-2.043621
0.428356,-0.145944,0.005320,-0.062378,0.795616,-2.227907
0.436126,-0.131895,-0.038826,-0.665565,1.638129,-1.775275
0.428672,-0.121342,-0.005985,-0.019384,2.033446,-1.117324
0.425241,-0.099369,-0.040316,-1.058010,2.057293,-0.167679
0.420127,-0.085284,-0.017927,-0.373366,1.561373,-0.442797
0.422123,-0.095571,-0.021875,0.069225,1.211356,0.133235
0.415135,-0.082048,0.012170,0.818760,0.398887,0.000927
0.407510,-0.092588,0.042946,1.060252,0.752462,0.391428
0.417498,-0.073385,0.029025,1.059556,-0.015340,1.175032
0.396855,-0.060331,0.051241,0.662119,-1.807246,1.722460
0.401093,-0.056015,0.034760,1.018683,0.841967,2.500250
0.408186,-0.031708,0.031435,1.181627,1.265704,2.645754
0.392749,-0.039665,0.022142,1.248132,1.619770,3.004134
0.390677,-0.033737,0.042818,1.481222,1.716419,2.691337
0.364208,-0.042448,0.050968,1.018736,1.940593,2.707529
0.365498,-0.039885,0.035049,0.746061,2.797831,2.733752
0.350674,-0.042793,0.079214,0.614835,2.307789,3.538415
0.351774,-0.054009,0.102073,1.479193,3.008721,3.340465
0.333271,-0.048875,0.159548,2.377485,2.916425,3.336243
0.322383,-0.060147,0.170699,2.515278,2.746110,3.538202
0.322409,-0.053405,0.159318,2.256832,2.969161,3.665491
0.309119,-0.065622,0.215917,2.687517,2.947714,4.060959
0.326381,-0.068367,0.201445,2.175296,3.512789,4.311833
0.307625,-0.066594,0.238872,2.779012,2.861064,4.782019
0.313392,-0.081710,0.219630,3.184301,3.344675,5.195551
0.309581,-0.077728,0.213272,2.497960,3.799441,5.589079
0.303988,-0.117285,0.244829,3.194667,2.920827,5.055602
0.298329,-0.110877,0.231952,1.906747,-0.083395,4.916443
0.296478,-0.128196,0.249625,2.336697,1.856638,5.124897
0.314613,-0.124798,0.240674,2.227641,1.675546,5.548969
0.300798,-0.144884,0.259183,2.474074,1.518396,5.152083
0.311649,-0.155036,0.235602,2.122029,1.955420,4.862579
0.312516,-0.162346,0.195264,1.427163,2.925058,5.017543
0.314279,-0.188330,0.225890,2.255752,3.345860,4.626086
0.308932,-0.198955,0.223398,2.316983,1.883534,4.246715
0.303818,-0.212160,0.158340,0.566784,2.098376,3.877132
0.308360,-0.215354,0.178458,1.114866,2.115406,3.189461
0.314584,-0.246176,0.171795,1.676579,1.988667,2.929864
0.323512,-0.239858,0.130676,0.719670,3.084877,2.115760
0.309260,-0.263179,0.113167,0.583337,2.289588,1.962601
0.314289,-0.272003,0.118974,1.498996,2.263808,1.404337
0.306506,-0.281321,0.095695,0.833380,2.156630,0.370612
0.319160,-0.289941,0.092751,0.894207,2.211243,0.008113
0.321040,-0.293302,0.076565,0.861497,2.522592,-0.507312
0.331206,-0.307013,0.045536,0.478778,2.242941,-1.001082
0.328748,-0.301272,0.048090,0.189937,0.708421,-1.660498
0.339747,-0.295981,0.009938,-0.063996,0.833282,-1.950452
0.352266,-0.279066,-0.015544,-0.034605,2.367960,-2.245629
0.347543,-0.304177,0.005425,-0.304960,1.743988,-3.119827
0.366181,-0.288763,-0.040628,-1.335885,1.353657,-3.026169
0.372266,-0.299864,-0.023641,-0.749270,1.864650,-4.004779
0.395877,-0.290433,-0.046579,-0.793705,3.114481,-4.363914
0.395949,-0.286616,-0.064980,-0.649494,2.586705,-5.436752
0.406650,-0.270772,-0.116830,-1.673142,2.753278,-5.262452
0.408327,-0.267749,-0.077595,-0.599759,1.538655,-6.031386
0.410434,-0.264446,-0.110232,-1.854198,1.151317,-6.521313
0.429804,-0.260668,-0.079653,0.314637,2.806992,-7.109322
0.420997,-0.264240,-0.076745,-1.381209,0.294985,-7.777847
0.443492,-0.249757,-0.069507,-0.162128,0.319941,-7.832896
0.429016,-0.245060,-0.047830,-0.581308,-0.366364,-8.188864
0.448514,-0.219789,-0.049123,-0.678422,-0.030131,-8.011310
0.446886,-0.211937,-0.050823,-0.916885,0.117385,-8.616155
0.471245,-0.211054,-0.042532,-1.226780,0.399465,-8.533746
0.470276,-0.193037,-0.067212,-1.134980,0.614264,-8.578273
0.473542,-0.206134,-0.057007,-1.131077,0.688638,-8.629859
0.484811,-0.180915,-0.064452,-1.425298,0.852753,-8.867219
0.476313,-0.183449,-0.054559,-1.112213,1.032989,-9.032152
0.482927,-0.164270,-0.067951,-1.324308,1.053671,-9.493732
0.470464,-0.169561,-0.027744,-1.366316,0.872179,-8.923448
0.486672,-0.141791,-0.080240,-1.827876,0.659848,-8.909625
0.478617,-0.134156,-0.053068,-1.548728,1.804014,-8.655605
0.491576,-0.125753,-0.061622,-1.502006,1.532543,-8.382834
0.491970,-0.117895,-0.051253,-1.529230,1.044156,-8.336965
0.499346,-0.112735,-0.067029,-1.299318,1.494966,-7.797293
0.488162,-0.106318,-0.044475,-0.591018,1.044543,-7.456228
0.485789,-0.094429,-0.051014,-0.415305,0.712472,-6.505076
0.477488,-0.072207,-0.047006,-0.843673,0.811903,-5.881104
0.470431,-0.077003,-0.028890,-0.053443,0.009291,-5.133486
0.465665,-0.052785,-0.024173,-0.281162,-0.682459,-4.762850
0.449108,-0.050930,-0.027364,-0.740309,-1.705218,-4.078800
0.443449,-0.024018,-0.055294,-0.293625,-0.557146,-3.221618
0.412489,-0.013780,-0.032077,-0.547975,-0.778520,-2.763265
0.423620,0.010071,-0.051778,-0.742771,-0.120588,-1.010194
0.407480,0.012788,-0.028270,-0.166172,-0.207261,-0.765380
0.407270,0.013297,-0.043018,-0.123480,0.552998,-0.496686
0.398276,0.022140,-0.062312,-0.852526,1.249354,-0.036403
0.383899,0.016954,-0.024567,0.314266,1.199156,0.073535
0.366732,0.049604,-0.034359,0.180060,0.969096,1.313824
0.332752,0.031347,0.033890,1.097127,1.245136,1.890154
0.330300,0.044520,0.047926,1.038073,1.688629,2.514188
0.315661,0.039340,0.057921,1.199608,2.254151,3.105555
0.317640,0.020591,0.097244,1.995025,3.498303,3.542937
0.300036,0.025764,0.102739,2.415650,4.138858,4.163193
0.272204,0.001103,0.135974,2.598015,2.800624,4.927321
0.251413,0.007796,0.164413,2.674565,2.696784,6.211644
0.205945,-0.003492,0.227600,3.043074,2.497773,7.608062
0.205902,-0.005662,0.230193,2.990792,2.961172,8.340312
0.181373,-0.020213,0.266408,3.069183,1.722970,9.121795
0.175947,-0.042068,0.277394,2.539991,0.150873,9.559042
0.168253,-0.041418,0.297936,2.532796,-0.182399,10.726632
0.135172,-0.060426,0.297949,2.729966,-0.786073,11.545495
0.122709,-0.041208,0.290619,2.688006,-0.838316,12.688480
0.089015,-0.065586,0.300949,2.533525,-0.572199,13.367239
0.089632,-0.066778,0.274548,2.481003,-0.925186,13.349599
0.065204,-0.081306,0.269257,1.743298,-0.988195,13.035771
0.063674,-0.097419,0.263592,2.355318,-0.344316,13.623817
0.028421,-0.093819,0.236321,2.249821,-0.093790,13.354424
0.003583,-0.101756,0.206746,2.235447,0.233101,13.749471
-0.016900,-0.094944,0.191719,1.638381,0.442701,13.592587
-0.053217,-0.128645,0.208611,1.933226,-0.171883,12.214580
-0.056381,-0.120226,0.178570,1.124867,0.675420,12.237025
-0.088414,-0.130188,0.162095,1.381143,0.982328,11.234344
-0.108900,-0.142891,0.139187,1.728123,2.207977,10.726636
-0.118202,-0.127263,0.146251,2.242974,3.547001,10.289237
-0.165164,-0.155689,0.136607,2.153524,2.347352,9.090783
-0.164199,-0.144906,0.103090,1.646351,3.281413,8.766172
-0.183989,-0.160478,0.111677,1.885339,3.312819,7.764306
-0.179974,-0.177120,0.103241,1.815328,3.344987,6.909861
-0.184662,-0.179149,0.082155,1.790677,4.117401,5.910414
-0.191735,-0.195417,0.080162,1.553133,3.582117,4.924498
-0.178963,-0.177895,0.050604,1.385801,3.708586,4.698781
-0.190846,-0.194366,0.047240,1.013694,2.828262,3.783958
-0.173186,-0.183383,0.020393,0.787052,2.711362,3.664320
-0.166986,-0.183800,0.013998,0.748762,3.163563,2.592387
-0.157726,-0.210037,-0.005588,0.502422,2.344063,1.307267
-0.133305,-0.207791,-0.031493,0.688286,2.341753,0.702537
-0.139791,-0.222405,-0.002286,0.019710,1.390922,0.291983
-0.114910,-0.205093,-0.018990,-0.371606,1.591118,0.208609
-0.112212,-0.211435,-0.024659,-0.235671,1.126752,-0.645153
-0.076791,-0.219460,-0.016689,-0.267136,0.996787,-1.019902
-0.064334,-0.215778,-0.032639,-0.299084,0.482987,-2.091736
-0.051382,-0.225677,-0.026865,-0.523557,0.061010,-2.804938
-0.028700,-0.210995,-0.026103,-0.567545,-0.166759,-3.047694
-0.023786,-0.203459,-0.039368,-0.696404,-0.207192,-3.552415
0.002660,-0.204013,-0.049021,-0.282419,0.192340,-3.890144
0.034447,-0.195318,-0.055100,-0.021895,0.760310,-4.527046
0.042706,-0.223984,-0.049550,-0.169776,0.278799,-5.753853
0.076945,-0.208313,-0.071453,-0.077766,0.782325,-5.554392
0.087380,-0.203396,-0.051943,0.053505,0.459366,-6.412809
0.110344,-0.187230,-0.056338,-0.180421,0.777087,-6.235774
0.127882,-0.182760,-0.062187,0.046182,1.186413,-6.721069
0.149080,-0.182431,-0.083316,-0.219984,2.009333,-6.945095
0.169599,-0.169400,-0.077365,-0.110725,1.254291,-7.246328
0.171529,-0.168438,-0.066372,-0.750400,0.479996,-7.524199
0.212339,-0.157682,-0.096974,-0.223844,1.672683,-7.108662
0.235628,-0.150306,-0.090922,-0.458926,1.868395,-6.945163
0.272208,-0.150286,-0.103936,-0.352227,2.308649,-6.821565
0.289929,-0.132548,-0.110196,-0.717254,1.378121,-6.768038
0.301730,-0.133553,-0.113242,-0.574733,1.933722,-6.270430
0.342068,-0.100364,-0.134703,-0.827009,1.620053,-6.076563
0.356812,-0.103666,-0.116196,-1.097672,1.652920,-5.738415
0.403229,-0.102714,-0.128607,-0.896087,1.227916,-5.394178
0.434488,-0.108192,-0.115208,-0.655711,0.836705,-5.230361
0.463137,-0.109640,-0.110166,-0.686300,0.418884,-4.741920
0.504181,-0.083827,-0.115602,-0.141517,1.364594,-3.996071
0.508747,-0.089223,-0.085391,0.328764,2.818779,-3.306864
0.540960,-0.076422,-0.064409,0.759299,1.485368,-2.906623
0.552636,-0.088275,-0.029248,0.572150,0.335346,-3.008503
0.577596,-0.095076,-0.010541,0.675219,-1.040564,-2.754109
0.596499,-0.094193,0.012695,1.303202,0.696398,-1.861352
0.618771,-0.102028,0.029836,1.320930,0.813833,-1.125668
0.622795,-0.100482,0.050512,1.394375,-0.215027,-0.345997
0.624817,-0.111265,0.075554,1.097377,-1.069705,0.156010
0.644991,-0.110690,0.074044,1.288923,-0.840249,0.728172
0.647666,-0.128081,0.103786,1.322509,0.131359,0.784302
0.676069,-0.118460,0.111306,0.856961,0.258717,1.582933
0.675271,-0.115887,0.128516,1.332058,1.172453,2.063800
0.690206,-0.126958,0.120497,1.185563,1.845763,2.240898
0.688838,-0.126295,0.136354,1.111087,1.813717,2.704454
0.683527,-0.138598,0.125260,0.850495,1.777495,2.770868
0.702033,-0.125435,0.104433,0.682664,2.478752,3.466735
0.705089,-0.133287,0.098446,0.363893,3.261328,3.567509
0.690046,-0.158315,0.104275,0.518568,2.111683,3.454190
0.693981,-0.147017,0.108405,0.896350,1.939339,3.549193
0.680336,-0.133523,0.141583,1.459246,1.177869,3.861415
0.674976,-0.140465,0.127003,1.584750,1.562988,3.683996
0.672599,-0.131183,0.098843,1.745602,1.940258,3.049074
0.651917,-0.147398,0.114960,0.974870,1.005361,3.316547
0.658429,-0.139875,0.122322,1.292994,0.871250,2.825024
0.640497,-0.146774,0.120819,1.865694,3.050638,2.704486
0.626537,-0.142592,0.108405,1.501412,2.018577,2.582002
0.587197,-0.135040,0.132809,1.274507,-2.325480,2.184734
0.571379,-0.127437,0.114162,1.174399,-0.132017,1.962145
0.575508,-0.117646,0.081210,1.023538,1.095017,1.910131
0.545579,-0.108248,0.116210,0.519674,0.178777,1.191926
0.547479,-0.104933,0.086800,0.303302,0.558105,0.979877
0.524988,-0.096858,0.092327,0.589784,1.040965,0.160843
0.487582,-0.116595,0.093112,0.593854,0.941100,-0.624672
0.484322,-0.089670,0.037750,-0.375473,2.270537,-0.922951
0.452775,-0.105905,0.083921,0.524007,2.496628,-2.278313
0.431160,-0.103764,0.075242,0.160500,1.685813,-2.960890
0.410178,-0.101138,0.069455,0.088605,2.295168,-3.774860
0.398122,-0.104434,0.061380,0.440787,2.624498,-4.164226
0.375266,-0.093484,0.055669,0.187761,2.404391,-5.239015
0.353967,-0.102927,0.074034,0.239827,2.385891,-5.715245
0.344674,-0.103000,0.052994,-0.167271,2.691815,-6.346642
0.309404,-0.091849,0.054875,-1.214631,1.679521,-6.967211
0.313458,-0.084158,0.045611,-0.978066,1.894392,-7.228207
0.296009,-0.085665,0.065841,-0.417899,0.985823,-8.021721
0.285620,-0.089866,0.044696,-0.305078,1.621113,-8.191784
0.270383,-0.071304,0.038909,-0.063648,1.493042,-8.541473
0.254066,-0.086512,0.052859,0.249536,1.159376,-8.554255
0.244054,-0.071590,0.026143,0.123651,1.283990,-9.102232
0.233744,-0.085767,0.034714,0.323650,1.486090,-9.347529
0.223841,-0.069765,0.004624,0.206671,0.407297,-9.642515
0.204107,-0.080567,0.033493,-0.084741,-0.692947,-9.629632
0.216610,-0.075187,0.001686,-0.038580,0.962035,-9.772762
0.204809,-0.080022,0.017593,-0.430805,0.206100,-9.661130
0.213147,-0.078227,0.005205,-0.559303,0.691329,-9.516059
0.197145,-0.075394,0.006173,-0.008214,0.883726,-9.266732
0.173446,-0.087743,0.004378,-0.323420,-0.773088,-9.158060
0.174814,-0.081654,-0.018370,-0.347681,-0.614296,-8.836913
0.165558,-0.093467,0.012285,-0.738560,0.137654,-8.450324
0.176016,-0.094432,-0.018242,-1.104279,1.040755,-8.210040
0.166323,-0.100442,-0.019020,-0.951167,0.882246,-8.039871
0.163464,-0.113044,-0.028014,-0.661610,1.195932,-6.947531
0.157033,-0.113283,-0.022808,-0.877515,1.726381,-6.512884
0.156315,-0.133841,-0.006609,-0.834739,1.046575,-5.683569
0.160989,-0.129873,-0.030045,-0.778583,0.599704,-5.314839
0.142384,-0.158476,0.008051,-0.915615,0.897007,-4.839260
0.154929,-0.159139,-0.007620,-0.910950,0.622454,-4.216538
0.144449,-0.165445,0.011907,-0.700428,1.047701,-2.659756
0.154450,-0.169479,0.009613,-0.455440,1.560447,-1.459667
0.140999,-0.178210,0.014126,-0.352601,0.902929,-0.847860
0.145663,-0.198020,0.012006,-0.271101,1.879549,0.130462
0.130534,-0.201781,0.014999,-0.201405,0.149777,0.447749
0.126500,-0.218200,0.035702,0.104626,-0.385116,2.068282
0.120546,-0.213270,0.051625,0.206162,-1.218692,2.955657
0.115248,-0.237652,0.054323,0.457820,-0.012441,4.214440
0.119942,-0.234570,0.066087,0.408652,-0.288485,5.508958
0.121823,-0.247529,0.064637,0.905974,0.238435,7.002898
0.105844,-0.247703,0.075331,0.802935,0.062385,7.593107
0.093085,-0.260498,0.086734,0.493687,-1.029905,9.125730
0.077667,-0.254169,0.091651,0.702762,-0.309893,10.504160
0.066507,-0.258131,0.086330,0.857444,-0.911206,11.841022
0.054431,-0.249170,0.090466,0.705303,-0.144189,12.368539
0.028762,-0.256697,0.088405,0.987225,0.337867,13.334774
0.010876,-0.247332,0.081170,1.189403,0.519077,14.458589
-0.016932,-0.251287,0.088946,1.119615,0.654954,14.417122
-0.020294,-0.237360,0.088756,1.083055,1.237271,14.630421
-0.053932,-0.227667,0.116965,1.226334,1.602528,15.351670
-0.063441,-0.207509,0.111270,1.298406,1.629493,16.118930
-0.094982,-0.195322,0.123487,1.399151,1.278768,16.593140
-0.096082,-0.205100,0.129084,2.057618,1.605459,16.989144
-0.105952,-0.183938,0.131424,2.016679,1.409074,17.097631
-0.106911,-0.200580,0.132737,2.435791,2.303955,16.758578
-0.103865,-0.182271,0.145788,2.867825,2.937742,17.169356
-0.129146,-0.177199,0.184984,2.796429,2.811745,17.243010
-0.128368,-0.168356,0.178593,3.431544,2.405987,16.629112
-0.160510,-0.156365,0.217237,3.191168,1.567580,16.739316
-0.147173,-0.141181,0.206595,3.530382,2.347661,16.729327
-0.179902,-0.144158,0.234375,3.521329,-0.619798,15.757590
-0.167084,-0.122753,0.217736,3.620127,0.964153,15.402433
-0.173954,-0.116234,0.225220,3.619887,2.075524,14.626967
-0.166487,-0.110247,0.217102,3.429220,2.326296,14.588812
-0.175176,-0.089752,0.218583,3.309552,2.105578,13.529686
-0.168594,-0.080807,0.222597,3.141423,1.511939,12.985652
-0.168535,-0.056320,0.204511,2.923758,2.417846,12.352817
-0.148739,-0.056868,0.174070,2.597421,2.811863,11.283188
-0.141652,-0.042635,0.179555,2.546931,3.009046,9.530661
-0.123766,-0.055772,0.158701,2.536259,3.261698,8.677165
-0.100618,-0.040830,0.148096,2.462848,4.114131,7.453777
-0.098288,-0.063335,0.136502,2.446088,3.567904,5.712414
-0.073784,-0.044657,0.112363,2.488076,3.684401,4.700592
-0.062391,-0.047083,0.101777,2.300807,3.405555,3.344134
-0.043504,-0.036432,0.072248,2.083486,3.324833,1.919589
-0.032524,-0.037597,0.078748,1.890541,2.969657,0.732465
-0.004558,-0.031554,0.052324,1.616448,3.099388,-0.296234
-0.000816,-0.032545,0.063301,1.828539,2.281707,-1.416413
0.030394,-0.027224,0.035653,1.514089,2.891328,-2.610071
0.051007,-0.040239,0.011320,1.506772,2.419513,-3.357347
0.087019,-0.046591,-0.023464,1.427025,3.245834,-4.137937
0.120927,-0.038024,-0.038583,1.517095,3.091333,-4.964878
0.139932,-0.059366,-0.054175,1.315386,2.627456,-5.971079
0.178960,-0.055270,-0.083917,1.456794,1.600548,-7.158137
0.201317,-0.068383,-0.058987,0.577816,-0.968888,-7.702440
0.284129,-0.062517,-0.114378,0.816104,5.623317,-7.850195
0.305147,-0.084684,-0.108965,-0.061314,0.926766,-8.835870
0.360174,-0.095896,-0.140299,-0.468428,1.211429,-8.785152
0.400994,-0.095473,-0.163496,-0.690485,0.470178,-9.442424
0.444828,-0.120630,-0.174840,-0.805857,1.429592,-9.788670
0.490696,-0.128616,-0.207560,-0.794296,1.196979,-10.416022
0.515384,-0.138292,-0.199386,-1.360103,0.821301,-10.685467
0.551753,-0.142750,-0.238405,-1.909366,1.191836,-11.308808
0.583176,-0.149440,-0.230294,-1.757271,0.929536,-11.674576
0.616522,-0.163492,-0.215021,-2.006287,0.403401,-12.028172
0.658071,-0.171731,-0.232083,-1.825054,0.110732,-12.767750
0.686816,-0.178801,-0.211420,-2.051246,-0.296107,-12.169039
0.724462,-0.194786,-0.211633,-1.740045,-0.153823,-12.139769
0.753909,-0.200518,-0.218356,-1.558979,-0.014112,-13.072903
0.772556,-0.212397,-0.201044,-1.244551,0.055101,-12.640750
0.818090,-0.211645,-0.202767,-1.807341,0.057832,-12.833205
0.840375,-0.211635,-0.188137,-1.574495,-0.326358,-11.995998
0.862216,-0.230710,-0.191682,-1.591462,0.117553,-12.135120
0.886877,-0.225005,-0.189910,-1.676996,-0.420724,-11.956552
0.907569,-0.239651,-0.178943,-2.116173,-0.012044,-11.432848
0.947211,-0.232361,-0.179803,-2.299336,0.367665,-11.398798
0.953310,-0.230785,-0.177381,-2.455039,0.304215,-10.882083
0.966545,-0.236976,-0.162731,-2.502782,-0.821973,-10.857350
0.987900,-0.218752,-0.173918,-2.412702,1.038464,-10.120780
0.983049,-0.231688,-0.174200,-2.002817,0.789369,-10.199667
0.995782,-0.214081,-0.171686,-2.080591,0.565304,-9.903217
0.982261,-0.222786,-0.129566,-2.234409,-0.439621,-9.351780
0.983085,-0.201125,-0.121412,-1.933791,0.122325,-8.762859
0.979156,-0.201227,-0.110147,-1.363359,-0.034851,-8.111406
0.980262,-0.202385,-0.108410,-1.369858,-0.278444,-7.203940
0.979402,-0.193149,-0.079390,-1.816132,-1.121387,-6.912926
0.970182,-0.199868,-0.072070,-1.567904,-1.557777,-6.250310
0.956169,-0.174675,-0.067078,-1.069462,-1.652676,-5.388601
0.918598,-0.168996,-0.030692,-1.186951,-1.288082,-4.650316
0.912372,-0.145599,-0.025135,-1.355891,-0.718757,-3.574137
0.883059,-0.136678,-0.017316,-1.130371,-1.232330,-3.261705
0.868032,-0.135171,-0.026596,-1.114097,-0.553955,-2.530207
0.830409,-0.115335,-0.004183,-0.943394,-0.343695,-2.102920
0.791135,-0.111216,0.015301,-0.869588,-0.198237,-1.969457
0.759860,-0.088022,0.004676,-0.529029,0.153532,-1.851826
0.708972,-0.088055,0.060996,-0.485536,-0.251163,-1.537195
0.687118,-0.067871,0.063829,-0.190629,0.114152,-0.946127
0.627866,-0.061831,0.103707,0.132616,-0.038146,-1.037774
0.591983,-0.047654,0.126179,0.474370,1.284768,-0.508259
0.548474,-0.033963,0.144613,0.971242,1.221591,0.090926
0.505855,-0.042117,0.160031,1.257172,1.637535,-0.032363
0.462497,-0.039448,0.191759,1.731058,1.847920,0.227474
0.413316,-0.029562,0.217982,2.226532,2.162443,0.609555
0.358253,-0.011186,0.233456,2.678087,2.305593,0.819115
0.294039,-0.018707,0.277667,2.548526,2.007147,1.527536
0.268249,0.000535,0.284937,2.566592,2.927559,2.032082
0.214722,-0.002767,0.308374,2.480340,3.132111,2.306076
0.174979,0.008400,0.312122,2.340094,2.539661,3.458766
0.133160,0.020814,0.313678,2.406557,5.134546,3.558026
0.080316,-0.001447,0.343135,2.243922,1.827618,3.304789
0.057887,-0.007934,0.338149,2.771144,2.937548,3.629212
-0.003186,-0.008426,0.344586,2.266853,2.768772,3.602912
-0.031526,-0.015759,0.334686,2.633275,3.682953,4.567433
-0.088693,-0.015391,0.352821,2.266640,1.995446,4.589294
-0.109868,-0.015503,0.352647,2.228337,2.375897,4.896697
-0.145726,-0.033730,0.339577,2.654388,2.566705,4.596511
-0.160116,-0.047191,0.352995,2.947339,2.876058,4.778355
-0.189011,-0.055539,0.334295,2.521482,2.323496,5.130774
-0.215487,-0.071340,0.326283,3.000892,2.439497,5.402107
-0.249657,-0.065678,0.319442,2.675323,1.729644,5.735366
-0.282505,-0.086046,0.320155,2.366948,1.749840,5.800177
-0.285511,-0.095752,0.288230,2.402579,1.706401,5.807766
-0.315520,-0.115991,0.293390,1.668514,1.062596,5.447919
-0.321884,-0.124060,0.266569,1.659418,1.233772,5.646819
-0.342383,-0.133257,0.237716,1.862752,0.987602,5.590282
-0.345134,-0.134924,0.225217,1.336443,2.429121,6.080091
-0.366808,-0.139792,0.203109,1.232068,1.705665,6.073283
-0.371531,-0.172860,0.178757,0.904294,1.619784,5.128512
-0.359468,-0.170283,0.145949,0.818757,2.552813,5.548392
-0.383916,-0.194136,0.136538,0.526406,3.161939,5.353451
-0.377453,-0.187703,0.103957,0.190419,0.689426,4.769167
-0.392299,-0.196792,0.103376,-0.072520,0.897542,4.192321
-0.380968,-0.200793,0.058525,0.259790,1.714193,4.109065
-0.375792,-0.210657,0.041315,-0.148138,2.670085,3.245607
-0.360453,-0.219178,0.011044,-0.231998,3.437686,3.505730
-0.345958,-0.222021,0.008162,-0.164937,2.706835,3.077691
-0.331958,-0.243058,-0.007748,0.281970,2.766838,3.329375
-0.315756,-0.237757,-0.005296,-0.204665,2.114765,2.733393
-0.313022,-0.249823,-0.012012,-0.183703,1.311812,2.799722
-0.287570,-0.241010,-0.032832,0.302183,1.697758,2.471251
-0.281408,-0.241157,-0.011168,0.013141,1.305684,2.633417
-0.241386,-0.222861,-0.028109,0.173246,0.829395,2.729921
-0.227504,-0.226396,-0.007764,-0.092724,0.666892,2.623620
-0.181337,-0.221935,-0.032225,-0.089264,1.092010,2.947423
-0.163552,-0.225861,-0.027154,-0.036883,0.172747,2.932977
-0.133649,-0.230486,-0.048164,-0.165486,0.660485,2.874084
-0.103028,-0.212771,-0.045765,-0.272624,0.000399,2.830586
-0.085316,-0.214783,-0.063034,-0.097677,0.226766,3.237146
-0.050971,-0.186649,-0.062003,-0.225160,0.662293,3.257267
-0.037484,-0.180935,-0.060057,-0.236055,-0.095284,3.391450
0.005014,-0.169430,-0.079883,-0.141957,0.317644,3.266852
0.022352,-0.169114,-0.061826,-0.495010,-0.057601,3.035162
0.064452,-0.156855,-0.099390,-0.121409,0.240044,3.127084
0.065677,-0.161959,-0.056351,-0.140506,-0.195388,3.186755
0.103907,-0.136208,-0.064291,0.366099,0.252845,3.568172
0.120211,-0.126558,-0.049149,0.562625,-0.287572,3.646566
0.155455,-0.120984,-0.050482,0.703861,0.070345,3.252267
0.174263,-0.107237,-0.030088,1.149810,-0.464377,3.450192
0.195189,-0.093014,-0.040887,1.153139,-0.300134,4.166797
0.202252,-0.081427,-0.039226,1.344236,-1.047883,3.716476
0.226907,-0.083377,-0.030328,1.355501,-0.454826,4.486937
0.253124,-0.066433,-0.060480,1.794379,0.712314,4.739039
0.262203,-0.071423,-0.017920,1.416003,0.113378,4.651060
0.298513,-0.068357,-0.053055,0.979626,1.285845,4.850757
0.304586,-0.063220,-0.027154,1.244420,0.377627,5.176841
0.332690,-0.051606,-0.025699,1.181935,0.793794,5.818322
0.339291,-0.044234,-0.019118,1.439164,1.988319,5.933063
0.356021,-0.046676,-0.021800,1.374519,2.364936,6.142479
0.363056,-0.033658,-0.012301,1.242608,2.089609,5.657785
0.364333,-0.075125,0.001148,1.831658,1.619304,5.694237
0.391121,-0.068777,-0.020208,1.468266,1.462611,5.165525
0.388560,-0.082255,0.007808,1.192357,1.645088,5.269204
0.414784,-0.074308,-0.025056,1.797294,1.934277,5.478506
0.406656,-0.077229,0.013316,1.234881,1.480989,5.426660
0.423886,-0.069739,0.029042,1.152571,1.607117,5.611537
0.423521,-0.078887,0.036161,1.683407,1.110687,5.678610
0.445547,-0.081854,0.026262,1.420572,1.427390,5.218557
0.439372,-0.092246,0.021203,1.531423,0.951788,4.607174
0.465494,-0.093504,0.032879,1.746505,1.509097,4.301805
0.456162,-0.106115,0.047611,2.026326,0.962541,3.913083
0.467076,-0.116369,0.036673,2.170205,1.784723,3.387102
0.471589,-0.100508,0.034061,1.996459,2.131355,3.798660
0.470624,-0.111934,0.046550,1.704322,1.646926,3.100768
0.464854,-0.115220,0.043301,1.752177,1.395948,2.386460
0.478010,-0.118158,0.044797,1.226445,1.338557,2.015276
0.479241,-0.117718,0.019651,1.499111,2.080730,1.337353
0.479129,-0.107254,0.015512,0.872861,0.394331,1.206614
0.476536,-0.115624,0.004227,0.971249,0.937798,0.735965
0.479356,-0.133953,-0.015087,0.945032,1.767447,-0.439391
0.476132,-0.128238,-0.025873,0.563793,1.953302,-1.105309
0.483505,-0.137383,-0.043251,0.412499,2.100165,-1.871017
0.472939,-0.136858,-0.044176,0.251932,2.604065,-2.915693
0.468186,-0.135922,-0.057805,0.192947,2.374941,-4.122832
0.462589,-0.112555,-0.082922,-0.814545,3.088274,-5.056385
0.454209,-0.134997,-0.081760,-0.804133,2.279869,-5.736755
0.472026,-0.116842,-0.084475,-0.147258,2.520209,-6.514575
0.440853,-0.130611,-0.069182,-1.059530,1.828074,-7.331299
0.463735,-0.125868,-0.075908,-0.519030,2.058078,-8.248967
0.448501,-0.138637,-0.077109,-0.677047,1.255577,-9.109448
0.458010,-0.123623,-0.077034,-0.885853,1.645974,-9.738964
0.452092,-0.109010,-0.091027,-0.272201,1.917967,-10.342983
0.459402,-0.102520,-0.084885,-0.595675,1.782034,-10.540296
0.460751,-0.091971,-0.073469,-0.241208,1.323993,-11.494958
0.468074,-0.109207,-0.092579,-0.242196,1.563089,-11.975510
0.495144,-0.105566,-0.109471,-0.307064,4.132401,-12.810513
0.479983,-0.112440,-0.096669,-0.709057,1.908490,-13.309200
0.490726,-0.091481,-0.091017,-0.654172,2.159292,-13.425041
0.486341,-0.103958,-0.068138,-0.937965,1.784161,-13.907671
0.501709,-0.092594,-0.075602,-0.976658,0.742496,-13.920029
0.508277,-0.099717,-0.065509,-1.616648,1.359896,-14.731678
0.521404,-0.101112,-0.085985,-1.838758,2.272319,-14.809704
0.524295,-0.094774,-0.064941,-1.723183,1.220380,-14.920253
0.532223,-0.099625,-0.065148,-1.206297,1.868307,-14.472496
0.527273,-0.076753,-0.057851,-1.446782,1.311201,-14.222010
0.521220,-0.102179,-0.054263,-1.655919,1.170191,-14.569492
0.543038,-0.101083,-0.063851,-1.445778,1.451739,-14.768841
0.533920,-0.115837,-0.022210,-1.551032,0.508081,-14.863417
0.561200,-0.081752,-0.025910,-1.872813,0.119995,-13.211816
0.548661,-0.083154,-0.014625,-1.761269,-0.296737,-13.113710
0.555502,-0.089318,-0.027863,-1.299348,-0.448156,-12.491675
0.572787,-0.074196,-0.019437,-1.170345,-0.761773,-12.343427
0.573141,-0.074866,-0.032317,-0.890776,-0.488060,-10.748427
0.579808,-0.066945,-0.024836,-0.761507,-0.378420,-10.238159
0.572941,-0.080449,-0.022673,-0.545530,-0.510893,-9.812689
0.575521,-0.075069,-0.037132,-0.311616,-0.687002,-9.302073
0.565539,-0.077676,-0.010633,-0.178602,-0.384893,-7.992406
0.571894,-0.059507,-0.023188,-0.064751,-0.556020,-6.896446
0.551507,-0.071212,0.000448,-0.639548,-0.809201,-6.311864
0.551113,-0.059954,-0.017946,-0.564203,-0.612455,-5.436126
0.540002,-0.080735,0.021377,-0.189421,0.512630,-4.721549
0.544338,-0.083249,0.005602,-0.385005,0.309188,-3.899819
0.513335,-0.091383,0.031415,-0.877614,0.447074,-2.310296
0.508251,-0.097131,0.056207,-0.212592,0.829592,-1.413786
0.476923,-0.104565,0.087246,-0.299340,-0.560038,-0.444282
0.479845,-0.118315,0.091467,-0.063963,0.429312,0.909097
0.458758,-0.128747,0.091034,-0.205118,1.234366,1.527551
0.436481,-0.146065,0.114313,0.127114,1.819051,2.810738
0.404135,-0.149459,0.156092,0.435128,0.999501,3.346888
0.388403,-0.171882,0.166408,0.718918,1.603555,4.662457
0.356245,-0.172121,0.176827,1.063889,0.544716,5.941035
0.327353,-0.198289,0.214687,0.719860,0.100222,6.526977
0.304461,-0.204319,0.227784,1.504845,0.032485,8.492179
0.250071,-0.220632,0.291814,1.871238,-0.769805,9.490286
0.221035,-0.214511,0.285489,1.577361,-0.452738,11.013111
0.183493,-0.215105,0.278825,1.674840,-0.748505,11.929081
0.150216,-0.228297,0.286926,2.148141,-0.595580,13.323392
0.107869,-0.220189,0.286762,2.130458,-0.596554,14.616170
0.055163,-0.237977,0.277841,1.390833,-0.557316,14.877491
0.018068,-0.229465,0.281642,2.058596,-0.721116,15.794801
-0.043438,-0.234501,0.291486,1.236998,-0.878532,16.413793
-0.072918,-0.231560,0.259777,1.575933,0.093105,16.983949
-0.142528,-0.237146,0.295940,1.735325,-0.923443,16.970690
-0.166789,-0.219175,0.258615,1.459370,0.225929,17.479421
-0.216606,-0.222743,0.272320,1.259280,0.336026,16.984393
-0.249795,-0.219329,0.265630,1.610179,1.183499,17.180262
-0.305646,-0.215712,0.257312,1.817537,1.218158,16.303374
-0.341395,-0.216516,0.240204,1.353495,1.837583,16.370450
-0.378697,-0.198509,0.247025,2.422937,2.385412,16.437191
-0.413940,-0.198348,0.214851,2.206332,2.785706,16.059579
-0.451718,-0.171471,0.238901,2.764806,2.832041,15.278193
-0.494294,-0.179461,0.220644,2.728830,2.585244,14.182951
-0.520022,-0.156063,0.197303,2.859264,3.153408,14.009658
-0.562763,-0.153831,0.230718,3.136302,3.083577,13.008651
-0.577146,-0.133109,0.200608,3.086908,3.265155,12.575283
-0.605809,-0.120787,0.213692,3.300381,3.901107,12.139506
-0.597245,-0.116336,0.210183,3.063392,3.923123,11.426852
-0.614241,-0.100646,0.201051,2.819773,3.337418,10.072623
-0.613913,-0.102054,0.181764,2.304083,3.829091,9.632851
-0.616375,-0.081306,0.190469,2.259228,3.194382,8.767866
-0.616066,-0.085950,0.170443,1.820327,3.245834,7.329760
-0.600146,-0.064441,0.142913,1.244988,3.072226,6.782912
-0.592587,-0.066935,0.144515,1.088428,2.779715,5.460201
-0.557911,-0.064565,0.133820,1.599442,3.840349,4.699765
-0.531694,-0.052108,0.120953,1.767493,2.915158,3.807339
-0.510841,-0.056389,0.107712,2.073084,2.837955,2.707381
-0.474777,-0.033582,0.108644,3.249901,4.126224,1.866660
-0.467539,-0.049709,0.118721,2.473519,2.239547,0.666229
-0.416005,-0.028580,0.083570,2.410667,2.095048,0.304958
-0.387119,-0.039435,0.081406,2.674607,2.325862,-1.077388
-0.336107,-0.049056,0.068411,2.573531,2.268692,-1.595163
-0.282364,-0.035306,0.036493,2.158211,2.186480,-2.396681
-0.250350,-0.048593,0.021991,2.126020,2.240643,-2.428399
-0.199994,-0.037695,-0.028138,1.523552,1.956023,-2.711535
-0.171286,-0.038700,-0.006694,0.625674,1.561290,-3.330215
-0.107177,-0.031876,-0.049556,-0.205289,1.488699,-3.328957
-0.053857,-0.038122,-0.047652,0.623409,1.894855,-4.249503
-0.000973,-0.055105,-0.071197,0.325623,2.642598,-4.626080
0.052163,-0.056523,-0.129168,-0.100582,3.428371,-5.470384
0.086231,-0.071895,-0.092655,0.171424,2.193980,-5.748134
0.154214,-0.075903,-0.117581,-0.025864,2.201474,-5.871641
0.198113,-0.076625,-0.175287,-1.529979,1.980901,-5.716755
0.271636,-0.097784,-0.162846,-0.508304,1.969714,-6.320761
0.345980,-0.092542,-0.202331,-1.305503,1.615848,-6.693861
0.399195,-0.121250,-0.196744,-0.346722,1.506365,-6.339232
0.470700,-0.102130,-0.211938,-0.364634,0.778498,-6.041769
0.525359,-0.129410,-0.222784,-0.853918,0.407763,-6.155691
0.585759,-0.127339,-0.240440,0.121081,0.575213,-5.338199
0.628631,-0.136165,-0.222560,-0.907586,-0.755474,-5.156626
0.694703,-0.136733,-0.253123,-1.131842,-0.666257,-4.871473
0.739985,-0.151051,-0.229394,-0.993451,-1.720987,-4.892371
0.803693,-0.158575,-0.257948,-1.212468,-0.400127,-4.151011
0.850570,-0.154140,-0.248981,-1.263461,-1.030391,-3.543854
0.884409,-0.161447,-0.263161,-1.518812,-1.521159,-3.029445
0.911781,-0.148399,-0.286151,-2.279212,-1.828697,-2.972784
0.941933,-0.175079,-0.242987,-1.047664,-0.742036,-2.653949
0.987966,-0.184273,-0.238106,-0.500084,-0.946597,-2.727829
1.004950,-0.193408,-0.260761,-2.196379,-0.810950,-2.328635
1.053444,-0.178604,-0.294935,-2.752713,0.307127,-1.799958
1.059664,-0.175397,-0.260026,-2.277439,0.104016,-1.177667
1.074081,-0.181572,-0.222593,-1.388778,-0.818779,-1.816327
1.083475,-0.169295,-0.218805,-0.851912,-0.186998,-1.568985
1.085162,-0.183278,-0.227448,-1.269717,-1.282653,-1.624783
1.092374,-0.169971,-0.194889,-0.323335,-0.037582,-1.922740
1.081614,-0.179300,-0.192135,-0.708355,-0.537195,-1.490975
1.082940,-0.139392,-0.180332,0.028953,-0.171676,-0.728163
1.044697,-0.137482,-0.152379,-0.618816,-0.656384,-0.982694
1.022941,-0.120308,-0.129782,-0.687071,-0.734450,-1.092758
1.009443,-0.105642,-0.108322,-0.276494,-1.497285,-1.204306
0.981398,-0.102054,-0.113761,-0.442323,-1.119549,-1.326158
0.950579,-0.077279,-0.073745,-0.165784,-1.923034,-1.303526
0.917578,-0.078536,-0.061938,0.105966,-0.301657,-1.411706
0.884619,-0.050642,-0.051490,0.250586,-0.055789,-1.717401
0.827846,-0.050694,-0.005398,-0.015150,-0.413536,-1.778272
0.799065,-0.039983,-0.012035,-0.751821,0.748769,-1.952071
0.771850,-0.028304,0.004594,-0.213317,1.213073,-2.540512
0.730984,-0.030084,0.048746,0.564772,1.583345,-2.468227
0.697753,-0.016166,0.061009,0.138399,1.378702,-3.431889
0.640500,-0.015214,0.097395,0.662414,1.233388,-3.123893
0.612518,0.006411,0.080576,0.569334,1.168511,-4.032804
0.536766,0.013195,0.123809,0.724708,0.807308,-3.116878
0.503971,0.044792,0.133043,0.849073,1.290716,-2.978107
0.460846,0.049069,0.136240,1.169196,1.526769,-3.760287
0.418952,0.040804,0.123162,1.612250,2.469196,-3.651442
0.389473,0.075618,0.142512,1.294848,2.222134,-4.075213
0.332076,0.056333,0.146579,1.573872,1.972514,-4.615119
0.293287,0.062905,0.140156,1.788904,2.776672,-4.182829
0.238638,0.052135,0.167291,1.530248,2.698435,-5.108973
0.207330,0.058139,0.165335,1.657390,2.633102,-4.695721
0.152976,0.049516,0.203129,1.002212,2.083897,-5.096528
0.146976,0.055923,0.187777,0.756302,3.813348,-5.231456
0.097060,0.044714,0.203917,1.268861,3.359630,-5.107413
0.084281,0.041270,0.191079,1.076868,3.989668,-5.336127
0.028339,0.022413,0.197615,1.278642,4.464997,-5.870634
0.013276,-0.000344,0.203743,1.431985,4.097965,-5.720551
-0.011894,-0.008649,0.222318,1.085934,3.208713,-6.345258
-0.047266,-0.018020,0.213351,1.430547,3.280700,-6.009764
-0.062496,-0.018181,0.205922,1.387554,3.188881,-5.879205
-0.098695,-0.033231,0.229057,1.549486,2.841973,-5.192256
-0.100530,-0.037311,0.202003,1.846356,2.565155,-4.331781
-0.117907,-0.064756,0.223730,1.400828,1.840616,-4.708684
-0.094877,-0.065550,0.198780,1.175498,2.441808,-4.414643
-0.122177,-0.090165,0.199381,0.604472,0.805841,-4.207022
-0.101482,-0.109627,0.166875,0.779085,2.610194,-3.369832
-0.092619,-0.120245,0.157303,0.761495,2.817096,-3.294496
-0.084882,-0.138414,0.150072,0.089560,2.368997,-2.806470
-0.097644,-0.154255,0.139348,-0.073400,1.834297,-2.620444
-0.084026,-0.178358,0.123586,-0.128630,2.090219,-2.092348
-0.066993,-0.189144,0.121065,-0.198034,1.757850,-2.780521
-0.072416,-0.208999,0.112009,-0.450477,1.647392,-2.263021
-0.063540,-0.214685,0.098679,-0.577776,1.400894,-1.542755
-0.070203,-0.236985,0.101744,-0.643372,0.890222,-1.564383
-0.045385,-0.236162,0.104928,-0.852670,1.004917,-0.824796
-0.035324,-0.240770,0.088464,-0.704980,1.029687,-0.281073
-0.020504,-0.269820,0.079060,-0.422825,0.657409,-0.542476
0.006934,-0.267289,0.067253,-0.712724,1.264220,-0.068905
0.027380,-0.289967,0.059296,-0.429019,1.221542,0.793852
0.037933,-0.279395,0.069829,-0.427184,0.980522,1.560948
0.058166,-0.305917,0.057409,-0.281014,0.942794,1.461432
0.070633,-0.283186,0.051546,-0.747281,-0.077230,2.106438
0.102371,-0.292590,0.036115,-0.459280,-0.496558,2.902019
0.118974,-0.298873,0.030614,-0.599627,-1.068110,3.202114
0.136971,-0.304157,0.042549,-0.363216,-0.635931,3.481069
0.164153,-0.276454,0.011770,0.031651,-0.022043,3.912145
0.159249,-0.277100,0.035101,-0.303410,-0.458751,4.861039
0.179544,-0.264696,0.012531,-0.440275,-0.746733,5.486606
0.169865,-0.253424,0.025690,-0.761586,-1.350764,5.462641
0.193830,-0.234458,0.032794,-0.977347,-0.686457,6.290702
0.188538,-0.243311,0.024266,-0.718629,-0.521922,6.435366
0.212887,-0.239503,0.014970,-0.701727,-0.185301,6.523362
0.216922,-0.220465,0.025004,-0.754109,-0.533364,6.477722
0.222324,-0.220485,0.023974,-0.628286,-0.111538,7.371563
0.225147,-0.194921,0.031438,-0.348337,-0.024419,7.684724
0.212553,-0.184270,0.050817,-0.083677,-0.458656,8.226585
0.208981,-0.165711,0.046009,0.270560,-0.617227,8.414554
0.217979,-0.161352,0.064505,0.615584,-0.184727,8.612117
0.219226,-0.150510,0.039825,1.474365,2.099049,8.111676
0.194686,-0.142976,0.068326,1.623223,0.643180,8.093619
0.182049,-0.119993,0.065959,1.955721,-1.177290,8.449819
0.155140,-0.109663,0.102355,1.912590,-1.178229,8.876142
0.163506,-0.083712,0.078912,2.069950,-0.028614,9.096498
0.144770,-0.084240,0.111973,1.911533,0.055689,9.137715
0.148667,-0.071157,0.102677,1.908493,0.032994,9.374438
0.123080,-0.056763,0.112462,1.856381,-0.770379,9.785711
0.126366,-0.042485,0.110413,1.633126,-0.192421,10.350487
0.102269,-0.023030,0.097881,1.726305,0.582369,9.843267
0.091270,-0.021461,0.111615,1.701706,1.003322,10.106716
0.076430,-0.011823,0.105447,1.731632,1.078043,9.274899
0.057910,-0.016146,0.106176,1.874136,2.022864,9.477698
0.044259,-0.002613,0.090899,2.509442,2.531172,8.937418
0.017520,0.001438,0.119066,2.187641,2.107176,8.747269
0.005529,0.010908,0.106028,2.163453,2.128676,8.266890
-0.026832,0.007537,0.141176,2.433398,-0.172057,8.125968
-0.011333,0.017666,0.123973,2.730251,1.866380,7.637788
-0.022201,0.019993,0.132334,2.827451,0.933856,7.639629
-0.031828,-0.001641,0.140464,2.876162,-0.060342,7.047832
-0.041433,0.018001,0.135895,2.868596,0.029593,6.967776
-0.049580,0.000886,0.118226,2.742022,0.619658,6.267494
-0.051579,0.008830,0.107115,2.420094,0.905939,6.102223
-0.064452,0.009660,0.112275,1.886711,1.405220,5.319141
-0.050469,-0.005235,0.072025,2.185767,2.832835,4.476792
-0.059292,-0.011012,0.084410,1.685924,2.416238,3.755000
-0.047371,-0.028649,0.059414,2.135963,4.405182,2.898110
-0.058652,-0.025836,0.062145,1.975383,3.992333,1.891225
-0.060083,-0.059885,0.044791,1.774550,4.042269,1.202599
-0.042657,-0.065402,0.020068,1.831681,4.212611,0.600328
-0.052475,-0.084615,0.048572,1.402108,3.259319,-0.044724
-0.032288,-0.093044,0.039037,1.320481,2.567883,-0.578570
-0.023025,-0.100905,0.030581,1.222579,1.693635,-0.712227
0.002801,-0.116792,0.011070,0.889697,2.185525,-1.265426
0.025138,-0.111921,-0.007784,1.018496,3.105668,-1.741921
0.034822,-0.149640,-0.044212,0.856416,1.443208,-2.098435
0.068243,-0.137488,-0.056023,0.721823,2.018744,-2.624065
0.079548,-0.159106,-0.069146,0.216954,1.584632,-2.819570
0.119758,-0.152656,-0.106408,-0.406827,1.656629,-3.200017
0.126490,-0.145675,-0.116236,-0.484768,1.397930,-3.571468
0.153823,-0.160252,-0.150399,-0.613171,1.618293,-4.104850
0.175093,-0.150414,-0.178572,-0.765016,1.778604,-4.927511
0.199544,-0.161765,-0.199790,-0.781153,1.561504,-5.666886
0.238372,-0.156372,-0.213258,-1.186711,1.770444,-6.013400
0.252802,-0.173805,-0.220601,-1.287712,1.378685,-6.618753
0.283118,-0.162241,-0.236704,-1.313367,1.402309,-7.130725
0.306466,-0.163291,-0.213908,-1.734990,1.013330,-7.119685
0.347779,-0.157977,-0.222501,-1.607753,1.516666,-7.493331
0.371176,-0.164355,-0.216481,-1.281666,0.863467,-8.312023
0.403873,-0.169147,-0.199199,-1.234924,0.922367,-8.693265
0.439415,-0.156221,-0.194860,-0.826798,1.806078,-9.032984
0.445707,-0.156838,-0.194824,-0.964914,1.111623,-9.440744
0.478496,-0.133073,-0.202265,-0.735790,1.102432,-9.068181
0.489482,-0.140528,-0.186693,-1.431433,1.179241,-9.464837
0.531806,-0.138650,-0.182180,-1.359476,1.546073,-9.673776
0.558725,-0.136234,-0.159698,-1.489040,1.494447,-10.065968
0.596739,-0.140305,-0.176610,-1.341613,1.881587,-9.946017
0.626127,-0.132266,-0.158103,-1.694494,1.632533,-10.289245
0.645916,-0.126157,-0.151821,-1.810850,1.262795,-9.636390
0.683625,-0.109440,-0.155825,-1.589978,1.607389,-9.148557
0.695806,-0.134150,-0.123900,-1.252462,0.994177,-9.870430
0.756354,-0.117203,-0.131174,-1.402663,0.625398,-9.035334
0.766254,-0.128823,-0.093846,-1.489175,-0.072970,-8.835929
0.809986,-0.115887,-0.108033,-1.083199,-0.293409,-8.422259
0.810603,-0.115883,-0.061343,-1.075906,-1.050756,-7.741904
0.821258,-0.092801,-0.084061,-0.790820,-1.484097,-6.934122
0.815014,-0.084188,-0.047807,-1.112761,-2.225422,-5.932125
0.833774,-0.067372,-0.073170,-0.962064,-2.389646,-5.129448
0.822239,-0.066830,-0.054503,-1.270656,-2.649648,-4.833667
0.840588,-0.058966,-0.069612,-1.501894,-2.063769,-4.058910
0.826099,-0.054968,-0.077736,-1.326454,-2.540359,-4.190273
0.813898,-0.063561,-0.077280,-1.255760,-2.188715,-3.227958
0.799965,-0.037577,-0.070872,-1.339656,-2.360061,-2.730291
0.780999,-0.057016,-0.065742,-0.852910,-1.820832,-2.813498
0.768699,-0.043151,-0.072776,-0.666008,-1.374588,-2.688507
0.728421,-0.049450,-0.030791,-0.878628,-1.078138,-2.702064
0.716000,-0.045866,-0.023408,-0.340243,-0.712599,-2.315485
0.673729,-0.050054,-0.005201,0.224120,-0.378217,-2.445431
0.657221,-0.038687,0.014924,0.768417,0.488751,-1.569654
0.605654,-0.029404,0.038873,1.274940,0.617547,-0.608721
0.579693,-0.036232,0.048415,1.095601,1.098500,-0.375875
0.542749,-0.043302,0.061709,1.193352,1.866318,-0.137371
0.523117,-0.058687,0.087856,0.870449,1.605732,0.255228
0.480790,-0.053241,0.101469,0.815665,1.634752,0.709507
0.436842,-0.065179,0.129537,0.837664,1.822711,1.800898
0.386528,-0.064690,0.154503,1.002393,2.806523,2.074856
0.364333,-0.072821,0.159584,1.332455,3.442029,2.799427
0.323259,-0.079671,0.203779,1.223291,2.883092,3.053675
0.298303,-0.111616,0.225935,1.780974,2.948485,3.359788
0.253238,-0.111682,0.253085,1.618254,2.261953,3.757268
0.212628,-0.134626,0.270544,1.903757,1.393689,4.793718
0.172720,-0.123965,0.282042,2.059699,1.993755,5.319606
0.118199,-0.154235,0.303355,2.134935,0.849090,5.804442
0.082256,-0.144687,0.299826,1.981258,-1.882394,6.379239
0.042306,-0.153536,0.321136,1.593238,-0.801457,7.104332
0.023481,-0.154376,0.298635,1.379601,-0.247625,7.352051
-0.021813,-0.153940,0.298248,1.395455,-0.600146,7.908719
-0.057999,-0.147483,0.279016,0.830193,-0.748502,8.306573
-0.114191,-0.153864,0.262873,1.115407,-0.347880,8.052886
-0.156426,-0.149351,0.237985,0.863782,0.540787,8.590378
-0.195080,-0.143186,0.223700,0.926536,1.381856,7.764545
-0.215924,-0.164555,0.208299,1.100981,2.835198,7.714557
-0.267212,-0.163695,0.215593,0.847970,1.886895,6.624124
-0.306450,-0.175607,0.199607,1.094869,2.422327,6.163722
-0.352582,-0.154123,0.193988,1.307416,2.687364,6.110289
-0.397288,-0.154908,0.194979,1.568328,2.616053,5.558146
-0.426187,-0.138794,0.172934,1.450229,3.707053,5.301265
-0.464106,-0.152354,0.193814,1.518103,3.454230,4.576716
-0.460485,-0.137829,0.159282,1.812429,3.793979,3.829353
-0.489561,-0.138847,0.172176,1.386392,3.787479,3.539369
-0.490313,-0.132916,0.147357,1.372399,4.405027,2.876989
-0.509659,-0.109036,0.126753,1.335668,4.171203,3.150892
-0.499819,-0.115263,0.110102,1.163307,4.647869,2.651072
-0.494619,-0.107309,0.096676,0.936281,5.075935,1.958611
-0.477386,-0.116983,0.083333,1.165681,4.538386,1.489797
-0.463607,-0.102379,0.073141,0.863956,4.313539,0.858191
-0.439373,-0.095217,0.078173,0.915818,3.919545,0.585745
-0.415650,-0.088416,0.059388,0.933314,3.592985,0.399181
-0.399435,-0.101375,0.073263,1.127063,2.472256,0.012005
-0.366978,-0.080630,0.058656,1.532421,2.333812,0.283236
-0.348925,-0.091124,0.092613,1.213982,1.326028,-0.537068
-0.295520,-0.073648,0.074543,1.373196,1.127822,-0.189661
-0.272162,-0.087697,0.102283,1.158577,0.081531,-0.357918
-0.226953,-0.077318,0.094677,1.184768,-0.234718,-0.264630
-0.199324,-0.072279,0.090440,1.050438,0.076775,-0.128681
-0.153278,-0.069263,0.073286,0.963217,1.092027,-0.002491
-0.123989,-0.067835,0.085368,0.696397,-0.055730,-0.325082
-0.068355,-0.077971,0.072114,0.335674,0.392680,0.084453
-0.033791,-0.082714,0.064853,0.224944,0.799788,-0.945707
0.005185,-0.097534,0.051448,0.137789,0.829169,-0.596648
0.052074,-0.090667,0.040859,-0.137014,1.023286,-0.544726
0.086917,-0.091977,0.035357,0.200936,2.435883,-0.969854
0.128808,-0.085087,0.016490,0.205266,1.887841,-0.849178
0.159709,-0.110776,0.013476,0.583839,1.614335,-1.241612
0.220828,-0.097813,-0.003815,1.246265,3.869087,-1.203312
0.234417,-0.111439,-0.009540,0.393957,1.097886,-1.034925
0.287487,-0.110523,-0.039916,1.159526,1.494069,-0.811496
0.301776,-0.113264,-0.020681,0.737559,0.868952,-0.435173
0.359225,-0.120186,-0.055855,0.902262,0.998418,0.108268
0.360538,-0.127342,-0.034569,0.237903,-3.898064,0.090271
0.438535,-0.114009,-0.062830,-0.274187,0.256459,1.121280
0.466429,-0.121132,-0.087849,-0.234499,-0.277318,0.984521
0.510473,-0.132466,-0.110140,-0.439398,0.033119,1.681144
0.547164,-0.142080,-0.116111,-0.433677,0.210712,1.692778
0.575292,-0.149285,-0.134998,-0.528421,1.049371,2.718505
0.590342,-0.149371,-0.135293,-0.636778,0.009817,2.356432
0.608454,-0.163676,-0.148742,-0.670219,-0.881283,2.869029
0.637691,-0.153664,-0.145794,-0.544847,-0.094174,2.978288
0.654999,-0.173369,-0.152329,-0.029277,0.755288,3.222102
0.668703,-0.172666,-0.134427,-0.323752,-0.689727,3.434784
0.673223,-0.184348,-0.140601,-0.099548,-0.952647,3.721345
0.682187,-0.166023,-0.127869,0.149691,-1.302154,3.722113
0.677310,-0.186374,-0.130652,0.040872,-1.607976,3.770756
0.689836,-0.176907,-0.125046,0.129675,-0.443567,3.878521
0.670049,-0.192837,-0.114801,-0.062840,-1.763304,3.843977
0.687590,-0.183239,-0.138005,0.371088,-1.121354,3.685990
0.661144,-0.190487,-0.085020,0.395155,-0.752300,3.637452
0.659499,-0.177002,-0.108325,0.427149,-0.450243,3.702109
0.630991,-0.179044,-0.082010,0.081449,-0.275604,3.892379
0.628431,-0.169879,-0.099344,0.452023,-0.222609,3.403069
0.596815,-0.162970,-0.074627,-0.337787,0.126859,3.434973
0.576956,-0.161102,-0.065020,-0.189720,0.234214,2.785713
0.543009,-0.153553,-0.042620,-0.600317,-0.806864,2.331009
0.527427,-0.141148,-0.045624,-0.641518,1.081099,2.272801
0.502267,-0.125392,-0.043185,-0.043661,1.497926,1.483390
0.464854,-0.130536,-0.042220,0.294916,1.536761,1.360813
0.447503,-0.104510,-0.023113,0.383909,2.007249,0.529407
0.408133,-0.114544,0.003600,0.481716,1.022190,0.173294
0.401765,-0.091002,-0.012465,0.724820,0.978878,-0.182480
0.359599,-0.080262,0.019276,0.786201,0.962685,-0.404338
0.336156,-0.045583,-0.008785,1.210923,0.781524,-0.546386
0.301832,-0.033353,0.020928,0.991032,0.921681,-0.948003
0.287651,-0.019977,-0.009858,1.184450,0.939676,-1.879107
0.253274,-0.025009,0.012833,0.743290,1.018408,-2.209117
0.247481,-0.007622,0.003156,0.816850,2.016469,-2.916158
0.204993,0.007294,0.023554,0.650794,1.513439,-3.322476
0.181300,0.027464,0.030089,0.537816,2.188722,-2.783008
0.140861,0.035513,0.023993,0.405980,1.987745,-3.870198
0.126953,0.033504,0.042368,0.369496,2.464768,-4.027526
0.117106,0.026207,0.048021,0.759466,2.786821,-5.902875
0.082105,0.020338,0.062112,1.016829,2.925376,-6.083341
0.064446,0.039816,0.064134,1.032726,2.990845,-6.741165
0.049087,0.034538,0.071077,1.587740,4.431211,-6.582624
0.046225,0.049929,0.088444,2.093596,4.674726,-7.047421
0.027768,0.027139,0.069225,1.579435,3.968026,-7.538753
0.039525,0.044044,0.079664,1.483467,3.718249,-7.248661
0.027768,0.026627,0.083392,1.733549,3.201567,-7.563552
0.043523,0.045176,0.074336,1.484510,2.881464,-7.455336
0.023044,0.021822,0.104167,0.864589,1.042626,-7.787424
0.048762,0.028994,0.089255,0.540514,2.555685,-7.082263
0.045457,0.026066,0.077359,0.647781,1.908211,-7.111733
0.064298,0.021313,0.070578,0.289831,2.465395,-6.621589
0.018708,-0.001569,0.110302,-1.330784,-10.692137,-7.791453
0.110748,-0.023171,0.034957,0.543675,4.039909,-7.575353
0.120011,-0.009775,0.033611,0.624246,3.386582,-7.014722
0.108975,-0.044579,0.058639,0.654999,1.915820,-6.951364
0.130931,-0.040302,0.053634,1.001155,1.026762,-6.404381
0.143966,-0.065475,0.084620,1.107733,1.109853,-6.024130
0.189717,-0.076415,0.073732,0.596135,0.220690,-5.609481
0.216301,-0.084303,0.094434,-0.217650,0.690266,-4.820117
0.242035,-0.104444,0.066688,-0.259012,1.112581,-4.591248
0.250340,-0.112909,0.061236,-0.210708,0.430333,-4.159279
0.295421,-0.117501,0.059916,-0.623780,1.420543,-3.614790
0.317023,-0.145481,0.041000,-0.356093,1.462194,-3.884044
0.341510,-0.167352,0.045129,-0.432243,1.571092,-2.983323
0.362340,-0.175430,0.043117,-0.346735,1.275810,-3.278722
0.383056,-0.206242,0.037970,0.076102,1.240682,-2.589278
0.403558,-0.181493,0.035682,-0.020067,0.698210,-0.874397
0.407467,-0.206836,0.037294,-0.040585,0.350452,-1.063586
0.428146,-0.212203,0.024384,-0.249434,-1.082264,-0.327909
0.441703,-0.227778,0.041321,-0.608063,-1.071812,0.177764
0.460561,-0.227227,0.023898,-0.422376,-2.580976,0.632261
0.469134,-0.240340,0.031441,-0.473943,-1.595427,1.377726
0.498184,-0.227089,0.008044,-0.892385,-0.730908,2.213012
0.510056,-0.229466,-0.010495,-0.976550,-0.029638,3.306495
0.512371,-0.250726,-0.015553,-0.842071,-0.134105,3.253182
0.518880,-0.244949,-0.019909,-0.808216,0.194766,3.250585
0.524463,-0.271999,-0.029524,-0.806900,0.264409,3.566635
0.524132,-0.253155,-0.009284,-0.713909,-0.249282,3.818979
0.517107,-0.273424,-0.000054,-0.550007,-0.451372,3.993392
0.513050,-0.270171,0.023993,-0.443534,-1.899535,4.128697
0.480291,-0.280721,0.065503,-0.793485,-2.579672,4.321753
0.490752,-0.264233,0.044157,-0.364765,-1.670194,5.271737
0.462908,-0.272666,0.055584,-0.265235,-1.171592,4.927816
0.461942,-0.252853,0.065582,-1.047493,-1.992008,5.780918
0.440433,-0.246196,0.074126,-0.885258,-1.694773,5.712718
0.438086,-0.243744,0.036749,-0.567151,0.175941,5.953754
0.407904,-0.213034,0.048280,-0.726014,-0.368350,6.585737
0.372785,-0.218482,0.035318,-0.428648,1.162596,6.182190
0.360029,-0.192131,0.019378,-0.026123,0.243451,6.393792
0.297384,-0.183997,0.064036,-0.564252,-0.450729,5.820845
0.281165,-0.169942,0.051001,-0.372233,-0.251511,5.743687
0.245997,-0.167244,0.062848,0.088976,-0.354294,5.194341
0.222745,-0.153201,0.073801,0.368003,-0.202097,5.048551
0.189395,-0.129318,0.074500,0.859850,0.530382,5.398999
0.139745,-0.121687,0.077084,1.189721,-0.263486,5.533023
0.131197,-0.061559,0.064797,1.634557,0.439212,6.506633
0.072616,-0.069102,0.098144,0.982596,0.114060,5.484783
0.043753,-0.030471,0.083314,1.071810,0.547894,5.564932
0.001892,-0.013215,0.088060,1.048383,0.150105,5.377054
-0.025562,-0.007454,0.077257,1.119815,1.086886,5.137856
-0.067292,0.015805,0.085785,1.530212,2.234853,4.623004
-0.131171,0.010714,0.099315,1.676005,3.027286,4.235682
-0.143359,0.037187,0.104988,1.843895,2.764012,3.446934
-0.195862,0.051200,0.123668,1.839014,2.577346,4.240969
-0.207242,0.060482,0.129550,1.988995,2.986715,3.423913
-0.243532,0.052388,0.151628,2.441981,2.428383,2.857899
-0.274095,0.058017,0.174779,2.623854,1.889459,3.262518
-0.287924,0.066381,0.167639,3.008956,1.784483,2.316010
-0.316938,0.075116,0.189980,2.531949,2.620809,2.460063
-0.315835,0.072447,0.170367,2.713613,2.839652,2.302752
-0.313350,0.066929,0.178895,2.668781,2.792576,1.794237
-0.313504,0.064087,0.165289,2.377950,4.759655,2.379876
-0.311981,0.069913,0.142401,2.608197,5.251000,1.987589
-0.329588,0.055864,0.151404,2.436427,4.985970,1.286486
-0.315415,0.064979,0.159253,2.249167,4.670757,1.578840
-0.301763,0.056307,0.149714,2.538842,4.074167,1.812852
-0.307057,0.004028,0.161088,2.585778,3.256594,0.207139
-0.279419,0.006467,0.170032,3.152691,3.351581,-0.024095
-0.269418,-0.016149,0.171562,2.952397,2.660175,0.075685
-0.235202,-0.025514,0.141780,2.797354,1.607097,0.488426
-0.239630,-0.043732,0.141705,2.416916,1.103361,0.558861
-0.187380,-0.041752,0.111877,1.569358,1.051528,1.134066
-0.161590,-0.055263,0.105575,0.971347,1.432113,1.225522
-0.111391,-0.097757,0.068907,0.749382,2.639470,0.329066
-0.079154,-0.116254,0.046977,0.829644,2.347375,0.111340
-0.044800,-0.158834,0.018824,1.184614,2.776150,-0.233929
-0.017881,-0.170677,-0.018019,0.793173,2.813770,-0.493093
-0.005355,-0.172203,0.012193,1.025068,2.873186,0.751053
0.045040,-0.192400,-0.010351,0.361753,2.278838,-0.223958
0.100559,-0.203803,-0.022401,0.434226,2.094263,0.191478
0.134158,-0.245901,-0.030544,0.138632,-2.301322,-0.905216
0.196108,-0.231369,-0.065141,-0.389558,0.927573,-0.491411
0.215930,-0.255059,-0.079564,-0.357636,1.026644,-0.222080
0.250524,-0.248225,-0.118464,-0.639072,-0.849411,0.101540
0.289680,-0.256851,-0.130124,-1.049200,0.715364,0.427601
0.355037,-0.273211,-0.154479,-1.451410,0.826123,0.199063
0.403344,-0.267988,-0.214102,-2.029346,2.238661,-0.618611
0.446443,-0.290936,-0.211929,-1.882112,2.107081,-0.687515
0.471803,-0.273864,-0.202725,-1.479459,0.941688,-1.011482
0.490418,-0.280242,-0.206207,-1.575063,0.799886,-1.705113
0.540560,-0.263606,-0.225935,-1.248342,0.284311,-1.113088
0.563888,-0.243770,-0.203338,-0.938464,-0.362898,-0.306182
0.610053,-0.257895,-0.205784,-0.849345,-0.293911,-1.720502
0.634595,-0.242651,-0.203529,-1.124168,-0.591621,-1.877429
0.669983,-0.218561,-0.200489,-1.085710,-0.931738,-1.103295
0.717877,-0.173828,-0.214666,-1.155584,-1.059205,-0.922048
0.694526,-0.201909,-0.199445,-1.155958,-1.278993,-2.245419
0.732924,-0.155371,-0.186181,-1.575920,-1.385065,-1.903681
0.733794,-0.152476,-0.172868,-1.512956,-1.561441,-2.550010
0.760572,-0.150973,-0.161734,-1.616264,-1.481402,-3.109323
0.770213,-0.133825,-0.150632,-1.418960,-1.187466,-2.753468
0.775602,-0.127001,-0.154673,-1.288614,-0.518633,-3.504500
0.784964,-0.100623,-0.149451,-0.918598,-0.148344,-3.872123
0.773544,-0.093714,-0.104508,-0.952141,-0.322494,-4.109001
0.799384,-0.064191,-0.090360,-0.155205,0.927255,-3.867354
0.796265,-0.062406,-0.065525,-0.203414,0.108516,-4.176462
0.782577,-0.081342,-0.062469,0.052554,0.022054,-4.887717
0.782682,-0.057206,-0.054440,0.196475,-0.142974,-5.075387
0.762397,-0.021864,-0.014972,-0.014861,-1.410816,-3.656127
0.757119,-0.002980,-0.014070,-0.379323,-1.529634,-3.374042
0.728598,0.005905,-0.006011,-0.550374,-1.932648,-3.614970
0.710124,-0.001329,-0.002450,-0.592685,-1.866451,-3.651691
0.690367,0.028606,-0.009763,-0.433848,-1.435953,-3.739517
0.642575,0.031426,-0.004042,-0.657910,-1.115951,-3.515469
0.627876,0.050468,-0.036141,-0.021167,0.412322,-2.854521
0.585598,0.068573,-0.004157,-0.370691,-0.023546,-2.838175
0.547870,0.056602,0.015259,-0.424628,-0.235723,-3.248113
0.507184,0.071416,0.014251,-0.137401,-0.421735,-3.341654
0.467913,0.061631,0.018315,-0.226697,-0.095198,-3.134539
0.436540,0.072230,0.036759,0.195816,-0.126273,-3.246744
0.399116,0.053537,0.039848,1.019895,0.309136,-2.919130
0.345419,0.063519,0.062398,1.148215,0.005884,-3.309505
0.298185,0.059425,0.076030,1.623344,1.029772,-2.496193
0.271732,0.108298,0.062861,1.563453,1.536731,-1.070343
0.220273,0.086778,0.097743,1.257947,1.795213,-1.314081
0.185033,0.067290,0.081019,1.391627,2.615971,-1.641429
0.135126,0.050478,0.107646,1.197980,2.979205,-1.920200
0.114736,0.028725,0.098908,1.496350,3.947823,-1.917453
0.074526,0.034407,0.099355,1.265250,5.025507,-1.058781
0.041341,0.007865,0.119529,1.590891,4.305448,-0.730547
0.015147,0.003269,0.140677,1.623702,4.387818,-0.521430
-0.009078,-0.025793,0.170105,1.523168,4.541941,0.040865
-0.014743,-0.023394,0.169688,1.655256,3.784594,1.001271
-0.042329,-0.042009,0.217030,1.681906,3.316981,1.630189
-0.037254,-0.052286,0.222912,2.048949,3.147841,2.615069
-0.079936,-0.098066,0.249638,2.311718,2.022618,2.431951
-0.075261,-0.109492,0.233823,2.223387,2.688125,3.830133
-0.097319,-0.135735,0.249467,2.058996,1.951855,3.823923
-0.085627,-0.127710,0.246756,2.094709,1.587015,5.602286
-0.096656,-0.166292,0.231663,1.678529,1.200006,5.101744
-0.118137,-0.200107,0.242013,1.428243,0.904455,5.127577
-0.121166,-0.189410,0.221274,1.469503,1.411989,6.159625
-0.140152,-0.202343,0.234959,0.895825,0.049410,6.184709
-0.134693,-0.199556,0.184534,0.830944,0.697087,6.481777
-0.140582,-0.231389,0.203339,0.565510,0.485134,6.278115
-0.141071,-0.259953,0.187725,0.434085,0.772081,5.587322
-0.138465,-0.250450,0.160533,0.362984,0.796962,5.979173
-0.170373,-0.273440,0.158839,0.649560,1.068909,4.729014
-0.154329,-0.233378,0.154542,0.723802,1.630924,5.796354
-0.172648,-0.248664,0.140425,0.719089,1.947922,5.202436
-0.155629,-0.250883,0.145995,0.423450,2.282331,4.552343
-0.153751,-0.271438,0.103143,1.000226,2.447601,3.293107
-0.148558,-0.271464,0.096499,1.011610,2.615820,3.495595
-0.127557,-0.251796,0.065336,1.238430,2.954022,3.118029
-0.130163,-0.265090,0.069767,0.572249,2.985110,2.266312
-0.101633,-0.247332,0.054179,0.154956,3.445026,2.113573
-0.058669,-0.241719,0.015912,0.546623,8.294411,2.133810
-0.059335,-0.244148,0.028146,0.499592,4.043825,1.925881
-0.028240,-0.233723,0.002674,0.185433,3.097104,1.325641
-0.012531,-0.229127,0.041062,-0.555725,2.792618,0.679172
0.022476,-0.222576,0.009987,-0.162807,2.711365,0.746567
0.057520,-0.192065,-0.006208,-0.204258,2.894948,1.162252
0.076112,-0.195256,-0.020054,-0.530982,2.619969,0.699858
0.112517,-0.163712,-0.020060,-0.033177,0.969720,1.020386
0.126589,-0.171717,0.011487,-0.479858,0.262492,0.261283
0.179009,-0.124437,-0.006583,-0.404345,-0.980423,0.739751
0.204228,-0.122182,-0.006753,0.035695,-0.775855,0.367404
0.222882,-0.120026,-0.000050,-0.109678,-2.121681,-0.339101
0.250406,-0.093733,-0.016627,0.087413,-2.302602,-0.223434
0.270537,-0.082406,-0.009195,0.025473,-3.077714,0.454413
0.302527,-0.065186,-0.034034,0.163779,-3.348541,0.040202
0.315569,-0.071357,-0.019355,-0.216839,-2.455078,-0.952318
0.358480,-0.038162,-0.037510,-0.125939,-1.533927,-0.755484
0.371557,-0.025839,-0.034703,-0.062374,-1.434545,-0.720417
0.377777,-0.041976,-0.049300,0.102017,-0.767757,-1.536011
0.387674,-0.012572,-0.058337,-0.029150,0.054067,-1.877648
0.373875,-0.004044,-0.030886,-0.194818,-0.343771,-2.206837
0.398329,0.011971,-0.020471,-0.568523,0.632794,-1.635378
0.389942,-0.005291,-0.029697,0.113266,0.838324,-3.039805
0.401736,-0.004464,-0.014497,-0.057454,0.669767,-2.279832
0.399051,0.019721,-0.015668,0.367270,0.695597,-2.460974
0.385731,0.031630,0.007890,0.349834,0.176604,-2.018337
0.399504,0.032138,-0.008020,0.676765,0.668993,-1.973344
0.392030,0.029178,-0.008706,0.724820,0.931062,-2.150997
0.396937,0.015175,-0.026166,0.847347,0.789222,-1.553468
0.409459,0.040256,-0.051037,1.193782,1.177682,-0.984159
0.400636,0.027573,-0.028316,0.823391,0.813545,-0.470572
0.402803,0.001940,-0.024807,0.748191,0.525281,-0.617743
0.411222,0.007415,-0.040940,0.605595,0.422997,0.157231
0.405964,-0.011905,-0.058205,0.619398,0.169386,0.365998
0.408947,-0.016209,-0.052924,0.350297,0.635305,0.552109
0.383843,-0.023525,-0.042739,0.445373,-0.385602,1.563714
0.386446,-0.023328,-0.059706,0.613995,-0.200410,2.026935
0.357302,-0.048281,-0.013801,0.415775,-0.870399,1.969154
0.349969,-0.093858,-0.016256,0.689294,0.008185,0.660971
0.346220,-0.082872,0.010233,0.837178,-0.094233,2.737678
0.338414,-0.095187,0.005172,1.093595,-0.037651,3.674099
0.320259,-0.100022,0.022894,1.188832,0.186825,4.045799
0.276691,-0.140216,0.044771,1.100784,-0.361023,3.304601
0.289631,-0.130884,0.033532,1.134383,-0.197794,3.571050
0.273596,-0.129614,0.062917,0.801954,0.144226,4.860165
0.251404,-0.140144,0.081968,0.337719,-0.610948,4.971345
0.232864,-0.129151,0.047023,0.693476,0.331066,5.652752
0.221064,-0.159303,0.025339,0.763782,1.117423,5.513593
0.206218,-0.183538,0.024194,0.475010,2.070055,4.577668
0.178816,-0.205238,0.041899,0.698472,2.091119,4.153377
0.169471,-0.186462,0.005638,0.572869,2.860552,4.220374
0.140099,-0.179996,0.026616,0.929185,3.081719,4.233218
0.119535,-0.197278,0.024184,1.000722,3.606286,4.035464
0.109317,-0.190263,0.037940,0.958687,2.501440,4.256670
0.086619,-0.210299,0.030276,1.349652,2.068746,3.768286
0.089691,-0.195814,0.042687,1.240058,2.685916,3.416310
0.056026,-0.204355,0.054835,1.239841,1.740380,3.342885
0.063031,-0.184965,0.046258,1.042521,2.222879,3.583152
0.042726,-0.200104,0.054638,0.779692,1.521665,2.881603
0.049478,-0.188274,0.054513,0.269444,1.599830,2.706587
0.032872,-0.170766,0.027437,0.424483,1.859825,2.468301
0.026195,-0.161135,0.023406,0.272237,1.634614,2.121560
0.024472,-0.153188,0.009012,0.141432,1.734758,0.844681
0.015373,-0.153362,0.019007,-0.163710,2.028690,0.146359
0.026957,-0.149413,0.007712,0.135271,2.050180,-0.329073
0.017609,-0.145763,0.022165,0.178320,1.833858,-0.568077
0.039801,-0.127657,0.033158,0.651907,2.046323,-1.414874
0.037001,-0.128645,0.026051,1.097866,2.127445,-2.065631
0.064029,-0.121191,0.027988,1.328834,2.283181,-2.045979
0.070453,-0.106643,0.038032,0.888902,1.932472,-3.062747
0.080234,-0.102438,0.028159,0.968731,2.428714,-3.316246
0.089527,-0.072709,0.009262,0.833856,2.280204,-4.026488
0.084288,-0.082918,0.025487,0.259718,2.255713,-4.616194
0.112366,-0.063886,0.002556,0.411938,2.308144,-4.656525
0.122351,-0.070027,0.038535,-0.059978,1.319431,-5.627592
0.152858,-0.058243,0.025251,-0.297479,2.006750,-6.021474
0.166221,-0.050756,0.007722,-0.027082,2.829398,-6.356392
0.187537,-0.046565,0.017389,-0.159252,1.832863,-6.160863
0.210796,-0.030914,0.003629,0.157388,1.750841,-6.889262
0.215805,-0.030008,0.034100,0.165591,1.284729,-6.849439
0.241553,-0.054590,0.024939,0.571730,1.693514,-7.878953
0.277630,-0.031101,0.024236,0.777257,1.117872,-7.165042
0.306946,-0.039186,0.012439,0.823047,0.998352,-6.832970
0.341963,-0.036346,-0.025670,0.633253,0.676956,-6.890806
0.351291,-0.043627,0.014402,-0.135681,-0.137158,-6.526156
0.385826,-0.036527,0.001039,-0.766625,0.189080,-6.153280
0.400603,-0.014462,-0.005860,-0.918772,0.320204,-6.062662
0.427917,-0.031758,-0.029281,-0.637779,0.804459,-5.796071
0.456405,-0.018792,-0.059289,-0.385393,2.055274,-5.852585
0.462986,-0.033947,-0.039656,-0.838894,0.093407,-6.258169
0.484394,-0.049765,-0.044048,-0.657352,0.577662,-5.993489
0.501568,-0.031314,-0.055038,-0.624659,0.073174,-5.277599
0.509915,-0.048137,-0.059105,-0.035967,0.268952,-5.038453
0.509134,-0.066292,-0.056902,0.133725,-0.381243,-5.529344
0.519004,-0.063200,-0.032527,-0.115087,-0.776839,-4.783991
0.549452,-0.058490,-0.031884,-0.306161,-0.126851,-3.483718
0.549071,-0.055824,-0.028358,0.072025,-0.250323,-3.276885
0.565569,-0.082717,-0.032097,-0.076751,-1.128366,-2.710877
0.576371,-0.081894,-0.031526,-0.338634,-1.547566,-1.936667
0.564558,-0.105409,-0.023950,-0.533391,-0.303669,-1.362598
0.564174,-0.111390,-0.016587,-0.869949,-1.327797,-0.841885
0.539247,-0.107319,-0.008706,-0.698347,-1.744459,-0.497844
0.550690,-0.124700,-0.016991,-0.605033,-0.313792,-0.044798
0.543665,-0.136205,-0.008664,-0.537432,0.236275,0.027019
0.520416,-0.175637,0.008704,0.084902,-0.053698,0.001045
0.504539,-0.155158,0.003101,0.086386,-0.301477,1.020852
0.471196,-0.151859,0.056624,0.036650,-0.905701,2.284591
0.465031,-0.151074,0.064128,0.061026,-0.719682,3.100043
0.445865,-0.161864,0.075652,0.081544,-2.027934,3.553463
0.442228,-0.184316,0.078498,0.060776,-1.532965,4.136145
0.429174,-0.181374,0.076020,-0.090649,-0.815641,4.548406
0.388084,-0.192975,0.088460,0.033742,-1.496940,5.119488
0.353566,-0.182898,0.061206,0.221983,-1.273731,6.053968
0.330537,-0.174403,0.093000,-0.614904,-0.632156,6.043046
0.308298,-0.199297,0.077556,-0.083651,-0.291311,6.429078
0.286815,-0.178305,0.065359,-0.081793,1.236241,6.947994
0.221793,-0.192745,0.090338,0.580278,0.804331,6.286871
0.189549,-0.190509,0.098298,0.709461,0.710919,6.443449
0.136331,-0.183245,0.119414,0.788135,-0.281785,6.800706
0.107334,-0.193867,0.118180,1.302132,-0.164070,7.076056
0.062384,-0.168491,0.118905,1.383352,1.806620,7.397780
-0.017326,-0.165953,0.148247,1.053704,-0.386127,7.326537
-0.047528,-0.124811,0.144416,0.690807,-0.835063,7.875586
-0.085082,-0.118519,0.142824,0.952414,-0.586248,7.745752
-0.120825,-0.124749,0.132550,1.009332,0.202138,7.578711
-0.152697,-0.110654,0.129327,1.116579,1.064106,7.104831
-0.202164,-0.111005,0.145535,1.228215,1.738454,6.910257
-0.225430,-0.082488,0.115534,1.372143,3.160488,6.660807
-0.264675,-0.078752,0.133253,1.398501,3.664920,6.434988
-0.277315,-0.077121,0.133328,1.095611,4.982910,6.057862
-0.298438,-0.062665,0.144987,1.825250,3.817560,5.346471
-0.333773,-0.068977,0.147026,2.070426,3.706840,4.282964
-0.350139,-0.038844,0.150899,2.047465,3.591777,4.593095
-0.381346,-0.037098,0.183182,2.187307,3.120032,4.103105
-0.373346,-0.023400,0.176811,2.276953,3.099983,4.446264
-0.373231,-0.021185,0.183300,2.500750,3.195186,3.608691
-0.370753,-0.031091,0.183192,2.508342,3.369933,3.415969
-0.381342,-0.001113,0.169537,2.728295,2.810327,3.354104
-0.381188,0.008544,0.177982,2.051975,2.224848,3.272303
-0.355329,0.015001,0.174162,1.946005,2.440652,2.996194
-0.348892,0.013251,0.165604,2.048981,2.530736,2.245540
-0.322610,0.005971,0.138117,2.022430,3.187200,1.880746
-0.288348,0.017949,0.116922,1.869790,4.313615,1.254102
-0.290028,0.012112,0.122371,1.599409,3.609548,1.272067
-0.257191,0.013232,0.109458,1.751638,3.241475,0.682174
-0.240650,0.011600,0.124961,1.644231,2.133974,-0.005070
-0.203851,-0.000154,0.099138,1.892153,2.463692,-0.200148
-0.174627,0.004080,0.109964,1.744906,2.089550,-0.444253
-0.154470,-0.015605,0.090535,2.107140,2.088375,-0.987568
-0.098458,-0.006207,0.062526,2.028801,2.144951,-1.223588
-0.075583,-0.025019,0.066783,1.484156,0.976038,-1.443835
-0.035948,-0.037656,0.039122,1.450475,1.433607,-1.668337
-0.007456,-0.043253,0.024374,1.315747,1.972413,-1.598223
0.042148,-0.056090,0.003603,1.092686,2.689018,-1.822843
0.077631,-0.054209,-0.014500,0.802072,2.562480,-1.988021
0.105059,-0.086804,-0.009136,0.291088,2.165637,-2.498633
0.168827,-0.089945,-0.048499,0.225482,1.604061,-2.674226
0.198392,-0.116645,-0.044055,-0.333668,1.632014,-2.277943
0.250353,-0.136251,-0.043021,-0.226509,1.650478,-2.382110
0.287500,-0.139205,-0.065420,-0.083523,1.696021,-2.656196
0.324346,-0.164660,-0.062072,0.181662,1.207674,-1.995775
0.380961,-0.163538,-0.083378,0.005306,1.216017,-1.869505
0.414810,-0.189318,-0.070058,-0.212017,0.513871,-2.260869
0.464148,-0.190785,-0.088489,-0.390631,-0.159209,-1.824786
0.498374,-0.186357,-0.117375,-0.379031,0.339498,-1.562499
0.524076,-0.203232,-0.124655,-0.454242,-0.469229,-1.290010
0.571356,-0.193634,-0.163148,-0.680185,-0.713088,-0.800407
0.597546,-0.215860,-0.143345,-1.456560,-0.848590,-0.927886
0.637927,-0.222819,-0.162823,-1.597324,-1.259180,-0.966221
0.669091,-0.219342,-0.190048,-1.452352,-0.613715,-0.904891
0.680855,-0.223708,-0.190973,-1.498300,-1.029679,-0.812812
0.689277,-0.219644,-0.190875,-1.384248,-1.584785,-0.912814
0.692356,-0.221814,-0.196619,-1.615105,0.010785,-0.803066
0.712514,-0.215003,-0.190176,-1.411007,-1.115804,-1.205798
0.720727,-0.229134,-0.168476,-1.385102,-1.995871,-1.498926
0.729980,-0.238328,-0.164661,-1.097580,-0.898618,-1.858582
0.726553,-0.217117,-0.148548,-0.854843,-0.344388,-1.833265
0.720539,-0.223580,-0.133761,-0.788643,-0.553095,-1.396973
0.724045,-0.207486,-0.145699,-0.703244,0.246901,-1.308624
0.701386,-0.204503,-0.106575,-1.582297,-1.298343,-1.703045
0.721908,-0.196375,-0.117785,-1.283087,0.679969,-1.753220
0.706582,-0.200793,-0.097910,-1.384186,0.076795,-2.252676
0.700753,-0.188071,-0.099193,-1.242828,0.152120,-2.120388
0.678777,-0.164440,-0.110465,-1.362528,1.117840,-1.593945
0.652468,-0.159034,-0.088663,-1.036047,1.123587,-1.673876
0.641262,-0.139989,-0.102108,-0.474294,1.477175,-2.054820
0.598531,-0.135644,-0.050475,-0.947894,0.336718,-2.508474
0.589180,-0.111836,-0.050587,-0.810967,-0.194515,-2.693456
0.550066,-0.100833,-0.034339,-0.153098,-0.707475,-2.390389
0.523616,-0.081674,-0.024688,0.077563,-0.894104,-2.472645
0.493851,-0.059071,-0.013367,0.551638,0.142109,-1.902887
0.460688,-0.049634,-0.008066,0.502822,0.037195,-1.557135
0.430428,-0.037925,0.004253,0.266660,-1.433655,-1.852769
0.402104,-0.035591,0.013877,0.393586,0.065661,-1.712993
0.382711,-0.015020,0.027194,0.372309,0.781232,-1.822706
0.345547,-0.013061,0.031858,0.390750,0.993803,-2.177591
0.309000,0.008269,0.036703,0.578741,0.902246,-2.321012
0.265741,0.019964,0.060619,0.730502,2.151250,-1.803907
0.227717,0.037174,0.057911,0.777802,1.428792,-2.174791
0.171814,0.041018,0.106287,0.865732,1.497437,-2.231818
0.152320,0.047950,0.097802,1.069509,2.827235,-2.959407
0.107945,0.056980,0.130351,1.268621,2.581242,-3.393911
0.092382,0.057515,0.135560,1.531781,4.285035,-3.271532
0.062210,0.066634,0.155078,2.071716,2.763201,-3.154576
0.036739,0.055286,0.151070,2.826272,4.935587,-2.993406
0.012475,0.073136,0.177569,2.684563,3.789373,-2.647746
-0.014218,0.051357,0.210347,2.676472,3.102832,-2.067036
-0.010831,0.068160,0.197326,2.157686,3.545974,-2.143990
-0.012754,0.054840,0.197398,2.200344,3.980539,-1.475229
-0.022372,0.039737,0.210652,1.897326,2.532912,-1.308888
-0.028214,0.040686,0.196942,2.141011,3.443296,-0.669554
-0.019083,0.021057,0.165650,2.339471,4.711180,0.252815
-0.044525,0.015273,0.190485,2.033009,3.233194,0.225980
-0.037937,-0.015010,0.198514,1.704444,3.391690,0.564079
-0.034628,-0.016149,0.173863,1.707467,3.208060,0.122351
-0.050761,-0.050648,0.190525,1.868401,2.243775,0.176817
-0.061856,-0.055526,0.178701,1.682156,0.469158,0.803290
-0.080579,-0.082957,0.217286,1.257103,-0.377678,1.109365
-0.063218,-0.086538,0.177785,1.545262,0.447934,1.578774
-0.065145,-0.107569,0.197661,1.006739,-0.577884,2.346166
-0.041902,-0.127749,0.175583,0.885062,0.508386,2.563667
-0.039972,-0.139960,0.170338,0.860762,-0.468668,1.867695
-0.037323,-0.153572,0.140822,0.647381,-0.130058,2.848921
-0.033144,-0.160698,0.124699,0.545756,0.059766,2.659000
-0.018469,-0.180176,0.102073,0.668149,1.492940,2.600274
-0.006658,-0.182710,0.076095,0.270297,1.407262,2.354269
-0.004390,-0.211291,0.071763,0.053706,0.846234,2.299282
0.012179,-0.214927,0.043156,0.137589,0.433015,2.195590
0.020884,-0.223672,0.044082,-0.005257,1.716130,1.857049
0.040566,-0.223692,0.017570,-0.207015,0.463778,2.604221
0.050958,-0.213880,0.000123,-0.412545,0.789865,2.510393
0.051093,-0.233956,-0.027804,-0.509091,0.232172,2.199159
0.075307,-0.220271,-0.054050,-0.602601,1.366311,2.488194
0.068703,-0.235114,-0.042857,-0.907418,1.141798,2.121959
0.103759,-0.226084,-0.061944,-0.762065,2.311315,2.362349
0.096509,-0.235423,-0.025818,-0.705814,0.850452,1.878518
0.122253,-0.224886,-0.056702,-1.322535,1.029345,2.307342
0.114506,-0.221676,-0.038944,-0.464440,0.397437,2.076889
0.126753,-0.227775,-0.043753,-0.471826,-0.073964,2.224064
0.147491,-0.204168,-0.054106,-0.626353,-0.521702,1.917537
0.138458,-0.210408,-0.017395,-0.787511,-1.887643,1.963668
0.166047,-0.204529,-0.025092,-0.634277,-1.708146,1.769755
0.176978,-0.178991,-0.021951,-0.116213,-1.033204,2.182371
0.190711,-0.183403,-0.022817,0.046583,-0.668955,2.497816
0.200224,-0.162001,-0.017523,0.337545,0.196541,2.111752
0.193771,-0.164686,-0.013121,0.292254,-0.824326,1.890125
0.218120,-0.148386,-0.028660,0.342360,-0.567233,2.012613
0.204694,-0.144650,0.006656,-0.111516,-1.200001,1.452432
0.217401,-0.127270,0.009081,-0.211220,-0.021449,1.506526
0.209336,-0.114206,0.011458,0.042959,0.217007,1.427937
0.221976,-0.104920,0.003882,0.238737,1.048009,2.162245
0.207406,-0.091265,0.020721,-0.061370,0.429211,1.977568
0.204340,-0.102832,0.028359,0.046786,0.394148,1.885778
0.211171,-0.089482,0.029918,-0.176721,1.205281,1.247137
0.184760,-0.095155,0.031362,0.104928,0.796860,1.171319
0.184514,-0.068409,0.030095,0.316787,0.353019,1.745703
0.160464,-0.061654,0.060195,0.320673,0.284911,1.648237
0.173410,-0.056904,0.051664,0.798688,0.978973,1.949154
0.149727,-0.040584,0.051050,1.097442,0.618758,1.687563
0.154982,-0.047159,0.041223,1.657761,0.608195,1.522601
0.150843,-0.028656,0.037189,1.627182,0.532748,2.137385
0.119857,-0.025432,0.053197,1.571495,0.257171,2.744370
0.128775,-0.015664,0.039293,1.830837,0.943043,2.820877
0.118524,-0.022353,0.054189,1.813641,0.080560,3.275124
0.129369,-0.035513,0.056572,1.738102,-0.701481,3.343425
0.122614,-0.030796,0.056598,1.491627,-0.635701,3.272373
0.129123,-0.040623,0.031559,1.689420,1.892272,3.619193
0.103464,-0.040787,0.042995,1.615903,-1.027755,3.469398
0.087423,-0.040604,0.054399,1.246511,0.651084,4.047452
0.086179,-0.038047,0.041134,1.291214,0.596385,4.238595
0.063966,-0.054872,0.058846,0.952910,0.786721,4.187185
0.074634,-0.052000,0.052206,1.244912,1.696507,4.251127
0.066996,-0.066233,0.049708,1.486743,1.889840,4.147825
0.068857,-0.074206,0.039418,1.657692,2.582349,4.268573
0.054438,-0.088468,0.055350,1.732643,3.081519,3.816132
0.036492,-0.108123,0.070309,2.181579,2.637280,4.035491
0.052793,-0.101851,0.052803,2.281926,2.639558,4.032477
0.029215,-0.123919,0.100392,1.907147,1.597164,3.918692
0.047837,-0.132889,0.086320,1.827266,1.607044,3.942083
0.036102,-0.146600,0.113052,1.336998,-0.659207,3.436105
0.071359,-0.156592,0.087633,1.589506,1.118306,3.442953
0.079660,-0.146515,0.094920,1.562882,1.810766,4.015787
0.086061,-0.168199,0.074507,1.834228,1.910604,3.832254
0.090114,-0.160636,0.072514,1.457568,1.885674,3.749270
0.091844,-0.163928,0.056874,1.289140,1.945937,3.232953
0.117263,-0.166219,0.019854,1.020925,2.012714,2.800485
0.104619,-0.179260,0.047719,0.558404,1.195840,2.100702
0.132881,-0.167243,0.029971,0.200030,1.955242,1.775193
0.121186,-0.171264,0.021627,0.402130,1.583992,1.118678
0.138836,-0.187588,-0.010197,0.724538,2.254377,0.765587
0.156748,-0.187943,-0.012330,0.073358,2.487037,-0.043074
0.165210,-0.197813,-0.010919,0.153019,2.098773,-0.575732
0.173081,-0.181775,-0.041662,0.056394,1.494329,-1.558484
0.169382,-0.177905,-0.010472,-0.493585,1.303081,-1.866358
0.195809,-0.168186,-0.021025,-0.342340,2.321529,-2.522766
0.208702,-0.167578,-0.026051,-0.056627,1.708426,-3.534384
0.224333,-0.182198,-0.032648,0.414311,1.599636,-3.810118
0.239288,-0.158466,-0.038622,0.065030,1.212315,-4.308557
0.250675,-0.154048,-0.031523,-0.125794,2.112993,-4.715779
0.255287,-0.145540,-0.014730,-0.620504,-2.211357,-5.412654
0.280801,-0.133694,-0.034332,-0.563645,0.179857,-5.793781
0.314269,-0.125356,-0.070278,-0.658734,0.308207,-5.972214
0.339278,-0.101027,-0.075760,-0.908377,1.056241,-6.845783
0.344589,-0.089381,-0.081297,-1.076927,-0.034598,-7.572764
0.387461,-0.078033,-0.119600,-1.140485,0.658702,-7.871600
0.402373,-0.068711,-0.112316,-1.029509,0.728864,-8.265108
0.423682,-0.065028,-0.126067,-0.541069,1.091892,-8.388991
0.445169,-0.039297,-0.122955,-0.726605,1.718900,-8.351213
0.458814,-0.040190,-0.129500,-0.255874,1.817025,-9.268989
0.488674,-0.030044,-0.144527,-0.306391,1.121381,-9.533051
0.495660,-0.035142,-0.095684,-0.550417,-0.200516,-9.741367
0.532262,-0.026877,-0.085043,-0.561371,0.132468,-9.853469
0.536096,-0.015637,-0.070892,-0.331751,-0.154220,-9.364799
0.559444,-0.004792,-0.056407,-0.573368,-0.319343,-8.840498
0.575653,0.003342,-0.052743,-0.433287,-0.044114,-9.074230
0.584046,-0.000565,-0.047291,-0.606918,0.100504,-8.397562
0.613355,-0.008140,-0.054086,-0.635196,-0.229667,-8.636493
0.611694,-0.001438,-0.031050,-1.218817,-0.399576,-8.482767
0.626760,0.005879,-0.031129,-1.394489,-0.070751,-7.750681
0.620747,0.014938,-0.037119,-1.119326,-0.254695,-7.357882
0.624013,0.008708,-0.048788,-1.006518,-0.110258,-6.842247
0.635248,0.014062,-0.035754,-1.092499,-0.004416,-7.081992
0.647302,0.000056,-0.043119,-1.029377,-0.103808,-5.928747
0.639594,0.008072,-0.038826,-0.998588,-0.624121,-6.324970
0.631927,-0.007106,-0.026835,-0.374439,-0.703923,-5.971300
0.615088,-0.004484,-0.031985,0.421874,-0.497760,-5.460987
0.597067,-0.013533,-0.022473,-0.095038,-0.655550,-4.784492
0.594477,-0.016550,-0.025174,0.460872,-0.698429,-4.124916
0.575918,-0.016918,0.013335,0.495295,-1.519849,-3.101147
0.577885,-0.035591,0.012538,0.342833,-0.425566,-3.052071
0.551107,-0.055240,0.029163,0.589679,-0.520504,-2.386842
0.532538,-0.064651,0.042733,0.685854,-0.807117,-1.006061
0.497028,-0.079517,0.058971,0.804678,-0.826952,-0.490913
0.473621,-0.088590,0.061082,0.695849,-0.363715,0.693391
0.448665,-0.095749,0.086849,0.224422,-0.620654,1.015270
0.433638,-0.127388,0.097284,0.344500,0.141173,2.074224
0.410530,-0.138798,0.085125,0.251099,0.222394,2.589331
0.357974,-0.156408,0.130499,-0.182108,-0.421883,3.224784
0.324704,-0.149154,0.124387,-0.290921,-0.403869,4.727484
0.291315,-0.157570,0.132209,-0.163483,0.457338,5.449955
0.259035,-0.185563,0.119328,-0.301103,0.417286,5.523317
0.243266,-0.193749,0.114789,-0.042686,0.606167,6.098141
0.197982,-0.225129,0.118078,-0.226263,0.930511,6.555187
0.167206,-0.216053,0.108408,0.028855,1.777666,7.304610
0.110787,-0.218926,0.122135,0.517075,0.722976,8.091873
0.079555,-0.217419,0.114126,0.226710,0.594918,8.648183
0.033023,-0.228684,0.130541,0.839449,0.485183,8.787460
0.000189,-0.242533,0.124226,0.943483,0.128106,9.741934
-0.040294,-0.226895,0.127239,0.814414,0.347219,9.588856
-0.109205,-0.241847,0.143809,0.870396,0.407901,9.746560
-0.146592,-0.223587,0.137011,1.285066,0.084207,10.067720
-0.200880,-0.230640,0.185568,0.964750,-0.470575,10.240379
-0.232802,-0.206656,0.170137,0.942987,0.387123,10.592200
-0.272963,-0.192673,0.175337,1.073441,0.502832,10.875759
-0.308498,-0.189649,0.171368,1.021162,1.307246,10.525595
-0.348643,-0.170798,0.169435,0.669708,1.284430,9.777962
-0.380144,-0.179329,0.167502,1.209150,1.594023,9.627265
-0.408780,-0.152699,0.156965,1.318239,2.212707,9.723023
-0.458082,-0.139375,0.174907,1.025353,2.176423,9.184453
-0.464759,-0.110135,0.158974,1.241203,3.340723,8.942070
-0.475568,-0.098824,0.142883,1.290456,3.354490,8.176520
-0.503101,-0.105573,0.153873,1.642146,3.400815,6.930732
-0.508950,-0.075870,0.121508,1.470800,2.917157,6.436721
-0.537741,-0.062261,0.155862,1.501461,2.641593,5.746151
-0.537849,-0.049611,0.132311,2.022715,3.844361,5.469661
-0.534714,-0.025882,0.127118,2.055454,4.164605,5.233539
-0.531507,-0.035306,0.138708,2.633876,4.473489,4.113787
-0.510526,-0.016169,0.111789,2.243410,4.913861,3.873336
-0.522756,0.005597,0.137441,2.050879,4.015796,3.123347
-0.504358,0.020368,0.137795,1.903586,3.776424,2.824839
-0.495683,0.040909,0.154910,2.043168,2.666399,2.528385
-0.475801,0.036616,0.156016,2.172122,2.672524,2.009576
-0.443824,0.046036,0.138866,2.505877,2.375486,1.283898
-0.413116,0.036445,0.154477,2.350677,2.185512,0.452220
-0.382320,0.054144,0.118597,2.726808,2.322606,0.219561
-0.358365,0.052637,0.141495,2.245609,2.024935,-0.132880
-0.309959,0.064897,0.122621,2.071200,1.800107,-0.650822
-0.266194,0.066466,0.112012,2.025715,1.870174,-0.656487
-0.209855,0.051118,0.088188,1.619960,2.730505,-0.568501
-0.156512,0.042846,0.076801,1.651626,2.824002,-1.024687
-0.112767,0.025226,0.064807,1.657968,2.222968,-2.026913
-0.047095,0.021920,0.053598,1.402039,2.514842,-1.912341
-0.012288,-0.004073,0.054438,1.204702,2.541833,-1.943862
0.043418,0.005925,0.022467,1.448604,2.160470,-1.993685
0.068476,-0.021477,0.036762,1.083406,1.601313,-2.186396
0.132349,-0.028406,0.007076,1.086141,1.780012,-2.461979
0.163864,-0.057272,0.023133,1.063768,0.989145,-2.363449
0.228147,-0.061336,-0.004488,1.121959,0.974427,-2.234848
0.267386,-0.090149,-0.012274,0.891962,0.578227,-2.442058
0.321119,-0.091632,-0.027062,0.608188,-0.110281,-1.941658
0.352942,-0.092844,-0.046796,0.339261,-1.613740,-1.256839
0.395138,-0.126738,-0.061872,0.052498,-1.061473,-0.594327
0.437780,-0.124933,-0.077214,-0.455200,-3.491672,-0.553939
0.503455,-0.164240,-0.123677,-0.444253,-0.749080,-0.160021
0.556893,-0.167867,-0.154447,-0.889247,1.810579,-0.603156
0.593417,-0.190355,-0.166244,-1.141610,0.347392,-0.297494
0.622834,-0.199155,-0.165374,-1.495910,-1.151146,-0.123196
0.652708,-0.219392,-0.192523,-1.459610,0.635893,0.240118
0.682148,-0.224903,-0.212667,-1.317628,0.573096,-0.055652
0.697789,-0.257504,-0.210822,-1.445433,0.087939,-0.369622
0.725755,-0.261082,-0.232844,-1.349753,0.404911,-0.509112
0.731092,-0.270181,-0.216137,-1.900510,-0.419382,-0.343119
0.740356,-0.263728,-0.211348,-1.381120,-0.646247,0.028017
0.737808,-0.272699,-0.187419,-1.242365,-1.013559,0.064189
0.757772,-0.264837,-0.185328,-1.218620,-0.835057,0.003034
0.760037,-0.269593,-0.182521,-1.157474,-0.785912,-0.228679
0.779046,-0.282244,-0.177791,-1.428134,-0.298867,-0.092231
0.785259,-0.261125,-0.182938,-1.549998,-0.582667,-0.115458
0.794591,-0.264732,-0.175608,-1.223947,-0.400422,0.251010
0.789392,-0.246843,-0.184881,-0.944319,0.018669,-0.105322
0.772015,-0.254760,-0.155034,-1.108563,-0.048982,-0.549344
0.786900,-0.217327,-0.158619,-1.321787,0.321599,-0.208030
0.764803,-0.226587,-0.130337,-1.180757,-0.695113,-0.756739
0.768735,-0.219434,-0.122564,-1.396771,-0.283033,-1.111614
0.742141,-0.194225,-0.117424,-1.137090,-0.789831,-1.162942
0.721580,-0.162563,-0.128407,-0.840909,1.088216,-0.800227
0.680405,-0.142704,-0.093728,-0.605999,-1.041922,-1.494897
0.637858,-0.138434,-0.067590,-0.732812,-0.958532,-2.280816
0.626987,-0.100108,-0.057208,-1.174356,-0.459628,-2.278381
0.589350,-0.104549,-0.038153,-0.231866,-0.589560,-3.245152
0.577638,-0.089341,-0.043589,0.399832,1.198663,-3.666332
0.534366,-0.066112,-0.017201,0.097064,0.637465,-3.738935
0.492797,-0.054380,0.002864,0.825965,1.426008,-4.074503
0.464345,-0.020499,0.019808,0.927438,1.079245,-4.129918
0.431583,-0.016491,0.057635,0.377177,0.125930,-4.479889
0.417416,0.000788,0.058154,0.523495,0.853502,-5.084659
0.386335,0.016537,0.072964,0.906591,1.446533,-5.237005
0.348872,0.006897,0.070716,1.259243,2.236242,-5.717259
0.322166,0.041218,0.074057,1.645363,2.288882,-6.065628
0.273793,0.062645,0.093089,1.070815,2.055153,-5.852580
0.244990,0.074068,0.103389,1.173897,2.594320,-5.766416
0.221875,0.087359,0.100684,1.235725,2.388183,-5.599059
0.198359,0.083686,0.103074,1.169885,2.688214,-6.194956
0.178235,0.078920,0.084827,1.403454,2.792887,-6.715253
0.130501,0.078299,0.113190,0.729576,2.486669,-6.829200
0.125144,0.086620,0.122906,0.474944,3.022412,-6.949544
0.095346,0.087881,0.121380,1.043764,2.924628,-6.282579
0.092602,0.084428,0.126540,0.878316,2.822557,-6.081011
0.072606,0.082898,0.135918,0.768650,2.290628,-6.048880
0.063746,0.068521,0.129914,0.969053,2.251997,-6.230606
0.055494,0.073858,0.123747,1.258341,1.640834,-5.743577
0.026058,0.056708,0.157247,1.149068,1.486490,-5.398918
0.021810,0.036596,0.156486,1.447708,2.161514,-5.658792
0.019552,0.042793,0.146648,1.764811,1.759218,-5.051416
0.008053,0.009335,0.156003,1.989110,1.896109,-4.677093
-0.000803,-0.008242,0.159295,1.759083,-0.393772,-4.756134
-0.004203,-0.019678,0.169208,1.867765,0.442984,-4.070357
0.009924,-0.027736,0.159949,1.554758,1.293634,-3.567277
-0.001305,-0.044119,0.166671,1.241036,0.243273,-2.878975
0.019056,-0.050287,0.155498,1.044592,0.614649,-2.152578
0.023983,-0.070254,0.141025,0.887960,1.989636,-1.525264
0.019214,-0.104477,0.140090,0.733374,0.919124,-1.242668
0.032806,-0.108333,0.120714,0.050450,0.601624,-1.302129
0.030528,-0.136681,0.104978,0.276944,2.079633,-0.148174
0.027433,-0.150178,0.100057,0.188099,2.613191,-0.097103
0.017638,-0.174974,0.110387,0.207800,1.228796,0.358723
0.023980,-0.178611,0.084791,-0.088112,1.477286,0.939869
0.024187,-0.210368,0.077133,0.219387,1.159842,0.865286
0.041242,-0.221049,0.065766,-0.359422,1.570475,1.267379
0.047935,-0.245182,0.063626,-0.720969,1.515704,1.687525
0.065549,-0.255961,0.049875,-0.608700,0.897536,2.085909
0.052232,-0.262608,0.085848,-1.202358,-0.221838,2.618507
0.083241,-0.275331,0.046186,-0.526475,0.249356,3.368545
0.082617,-0.289626,0.060812,-0.554461,0.661519,3.306258
0.128516,-0.289373,0.044594,-0.501962,1.423550,4.319134
0.126205,-0.298364,0.038256,-0.252788,0.798629,4.477403
0.143510,-0.319345,0.034330,-0.222892,0.148812,4.786899
0.154378,-0.304853,0.039142,-0.030128,0.177891,5.190156
0.147702,-0.332544,0.045641,0.077208,-0.921280,5.410133
0.152711,-0.316509,0.031865,-0.324175,-2.083213,6.069781
0.135140,-0.317005,0.047279,-0.306003,-2.527193,7.192792
0.144698,-0.294773,0.028789,-0.312798,-2.591584,6.727956
0.142112,-0.292915,0.045244,-0.711693,-2.773313,7.204205
0.153774,-0.280245,0.024331,-0.673541,-2.249633,6.899680
0.148053,-0.289531,0.021088,-0.247303,-1.420647,6.936082
0.144879,-0.268297,0.009780,-0.296937,-1.190824,7.533289
0.126645,-0.244263,0.000938,-0.653814,-1.080452,7.513308
0.109652,-0.242841,0.004535,-0.176642,-0.497389,7.441491
0.112599,-0.230979,0.004489,-0.409850,-0.518429,6.966555
0.094503,-0.245943,0.017970,-0.267691,-0.128633,6.537619
0.115284,-0.217009,-0.014674,-0.188623,0.338930,6.734762
0.081836,-0.221161,0.031451,-0.065437,0.109823,6.687967
0.079890,-0.174721,0.020205,0.864921,0.030923,7.187051
0.041377,-0.179264,0.057625,0.666054,0.105109,7.184454
0.044341,-0.142123,0.035787,1.613310,0.330045,7.572369
0.011411,-0.145684,0.068434,1.208264,0.193338,6.839840
0.007689,-0.119136,0.051825,1.350101,0.001683,6.467335
-0.000717,-0.105497,0.066586,1.135387,1.091058,6.523359
-0.007870,-0.083755,0.067000,1.097058,0.641394,6.592280
-0.026973,-0.068028,0.077763,1.327098,0.625671,7.111082
-0.053059,-0.039159,0.053207,1.229157,0.484762,7.377615
-0.056076,-0.022462,0.062434,1.235065,0.947895,6.828785
-0.062660,-0.034308,0.060422,1.355455,0.964228,6.034815
-0.062368,-0.008124,0.065313,1.426306,0.896196,6.209926
-0.083868,-0.008695,0.064229,1.817274,0.888102,5.868808
-0.095475,0.013386,0.053936,2.361916,1.801017,4.971583
-0.117349,0.018372,0.083704,2.399825,1.240298,4.741496
-0.123201,0.042219,0.072931,2.656236,1.111042,4.571334
-0.141609,0.025593,0.095948,3.038111,0.945239,4.476557
-0.145860,0.037062,0.098849,3.176850,0.844734,3.891551
-0.174939,0.033786,0.134766,3.043511,-1.441481,3.846217
-0.153338,0.055286,0.108805,2.821260,2.150317,3.509757
-0.171296,0.040817,0.130190,3.024978,2.164386,3.327043
-0.174342,0.043827,0.115383,2.597391,2.144462,3.304191
-0.169707,0.032907,0.127357,2.367969,1.790858,2.720402
-0.170551,0.022268,0.123852,2.256523,1.914832,2.743665
-0.173190,0.013603,0.124574,2.139659,1.857380,2.312632
-0.157188,-0.000541,0.108907,1.929438,2.860506,2.091461
-0.149189,-0.009089,0.108322,1.480233,3.004483,1.162673
-0.131667,-0.026561,0.084377,1.677258,3.569168,1.263496
-0.117772,-0.024700,0.067305,0.935401,3.762228,0.502128
-0.097533,-0.048344,0.063018,1.566749,4.120768,0.163027
-0.054037,-0.066404,0.035193,1.431575,4.363606,-0.728906
-0.037182,-0.104267,0.050259,1.492303,3.501523,-0.973424
0.024531,-0.112840,0.006770,1.871070,5.749123,-0.821679
0.026875,-0.126617,0.021423,1.488174,2.851663,-1.303560
0.063087,-0.130362,0.005891,1.737659,2.312325,-0.525254
0.078344,-0.149302,0.010854,0.934062,1.398452,-1.190949
0.133068,-0.161447,-0.028253,0.966939,1.815115,-1.437285
0.160572,-0.175292,-0.021229,0.544233,0.960581,-2.109563
0.206933,-0.179083,-0.066641,0.438250,0.966418,-1.507202
0.227737,-0.183918,-0.068066,0.197851,0.521454,-1.703311
0.265548,-0.182773,-0.087872,-0.461214,0.014918,-1.907475
0.291403,-0.195423,-0.110800,-0.948580,0.168992,-2.166560
0.327159,-0.207959,-0.127747,-1.448916,-0.114404,-2.401388
0.357984,-0.199513,-0.145991,-1.486772,-0.060227,-2.634050
0.390421,-0.205389,-0.163998,-1.860386,0.616122,-3.206221
0.410477,-0.203032,-0.161917,-1.823796,0.181262,-4.144805
0.448350,-0.210060,-0.186010,-1.468197,0.727880,-4.325739
0.475991,-0.195052,-0.199235,-1.638910,0.370750,-5.422303
0.488510,-0.209334,-0.191886,-1.428712,0.242328,-5.304305
0.513926,-0.183511,-0.206591,-0.926552,0.675469,-5.836838
0.531228,-0.199950,-0.185187,-1.019947,0.677195,-6.503107
0.580402,-0.197265,-0.210947,-1.006820,0.803116,-7.129179
0.585818,-0.187076,-0.184238,-1.191041,-0.074815,-7.876738
0.615321,-0.150618,-0.188469,-1.189009,0.354276,-7.501033
0.612275,-0.129033,-0.181911,-0.845279,-0.029225,-7.843818
0.653446,-0.119202,-0.190432,-0.612271,1.692847,-7.588963
0.667797,-0.123886,-0.175766,-0.855569,0.980069,-8.243871
0.694368,-0.132762,-0.171184,-1.247673,0.868811,-8.387927
0.718855,-0.112703,-0.160043,-1.345292,0.700681,-8.903870
0.709166,-0.103847,-0.136068,-1.468692,0.699756,-8.361973
0.746612,-0.075050,-0.141547,-0.844675,1.148458,-8.035114
0.751030,-0.070123,-0.110291,-1.554643,0.498145,-7.810033
0.785988,-0.053484,-0.117834,-0.662614,2.334442,-7.390377
0.781862,-0.047792,-0.075448,-1.360106,0.431383,-7.972786
0.813705,-0.024940,-0.108256,-0.912273,0.325768,-7.991581
0.798546,-0.029873,-0.052691,-1.034866,-0.172241,-7.658535
0.825676,-0.012897,-0.099229,-1.042546,-0.396717,-7.354342
0.804573,-0.033917,-0.042332,-0.794227,-1.650296,-7.593950
0.801468,-0.015920,-0.044488,-0.324021,-1.687798,-7.156995
0.774775,-0.004654,-0.001150,-0.122125,-2.069615,-6.786340
0.766605,0.017266,-0.006573,-0.423288,-2.335246,-6.408495
0.729477,0.015887,0.012738,-0.505389,-3.435161,-6.123019
0.716472,0.019196,0.020068,-0.340062,-2.839264,-5.858419
0.675357,0.022872,0.044630,0.067942,-2.849561,-5.428181
0.646773,0.025649,0.031372,-0.155592,-2.264286,-4.955658
0.606741,0.035270,0.061259,-0.050157,-2.721323,-4.823892
0.582336,0.020469,0.049432,0.291942,-1.200382,-4.455193
0.556788,0.022403,0.050056,-0.102798,-0.452623,-4.332351
0.500193,0.012999,0.057757,0.184537,-0.099315,-3.802127
0.457439,0.026782,0.054638,0.113686,0.402324,-3.444516
0.396435,0.014295,0.071287,-0.581118,0.882039,-3.114704
0.375444,0.006591,0.074786,0.494324,1.753398,-3.047496
0.337863,-0.018286,0.083924,-0.355306,1.818204,-2.226516
0.313172,-0.031012,0.095616,-0.075232,2.620678,-1.992593
0.265334,-0.037055,0.109087,0.440876,2.507453,-1.567085
0.229651,-0.044871,0.129501,0.898536,2.642647,-0.852305
0.188016,-0.051334,0.135928,1.367498,2.195855,-0.439907
0.161156,-0.067126,0.129806,1.079786,1.954310,0.836243
0.115113,-0.070362,0.146159,1.101578,1.434736,1.249958
0.089156,-0.097603,0.147997,1.511843,2.043212,2.401578
0.053486,-0.095463,0.159663,1.395126,1.556675,3.303251
0.008004,-0.118476,0.177457,1.386277,1.182947,3.452112
-0.005752,-0.134842,0.188102,1.583289,0.778153,5.092337
-0.049773,-0.159421,0.196899,1.543588,0.358369,5.806767
-0.092737,-0.158161,0.196981,1.517558,-0.211997,6.785691
-0.142164,-0.168067,0.222364,1.124325,-1.103639,7.678639
-0.171486,-0.158020,0.219899,0.840992,-2.820009,8.353577
-0.214841,-0.180892,0.232632,0.663813,-1.763888,8.847830
-0.225160,-0.177074,0.196748,0.813643,-0.372774,9.411014
-0.274574,-0.189666,0.219006,0.903798,-0.046434,9.631613
-0.286657,-0.192528,0.203983,0.573559,1.457845,10.191226
-0.344635,-0.214655,0.191115,1.233030,2.029173,9.380259
-0.356967,-0.199996,0.197109,0.967080,2.660517,9.236252
-0.396921,-0.206094,0.233718,1.211691,1.560070,9.311239
-0.425261,-0.206163,0.202400,1.380828,2.329650,9.201454
-0.460922,-0.198893,0.240785,1.297316,2.598718,9.036642
-0.464913,-0.198873,0.229602,1.521504,2.813951,8.697491
-0.489613,-0.214826,0.247452,1.587832,2.892874,8.259442
-0.488304,-0.206521,0.214929,1.938580,3.517092,7.696717
-0.520534,-0.200760,0.229270,1.758171,3.472723,7.638956
-0.514242,-0.176346,0.208558,1.698617,3.477040,7.548212
-0.525894,-0.167887,0.208565,1.493042,3.064657,7.083868
-0.500400,-0.169026,0.191023,1.259342,3.574640,7.199782
-0.492134,-0.159736,0.163763,1.191996,3.297956,6.707252
-0.481466,-0.147017,0.140362,0.959957,2.924211,6.915142
-0.474311,-0.126679,0.127656,0.824754,2.997397,6.163706
-0.452446,-0.124795,0.100898,0.910511,2.225361,5.670861
-0.415739,-0.101962,0.089334,0.852910,1.781575,5.384547
-0.394708,-0.106334,0.069567,0.955930,1.372412,5.153976
-0.361868,-0.073641,0.061649,1.020131,1.158033,4.648457
-0.344254,-0.076559,0.051677,1.153779,1.028620,3.828005
-0.303178,-0.062097,0.023924,1.422338,0.764154,3.190280
-0.284166,-0.071209,0.037638,1.642419,1.407393,2.971197
-0.247593,-0.056868,0.006728,1.803353,1.115791,1.953901
-0.229658,-0.050986,0.034894,1.725356,1.421524,1.747002
-0.198015,-0.041073,0.014481,2.082561,1.112168,0.815459
-0.173058,-0.042826,0.040911,1.530661,1.108275,0.566644
-0.115901,-0.044283,0.030565,1.396686,1.780636,-0.108723
-0.103011,-0.051373,0.069898,1.305595,1.006014,-0.236909
-0.054855,-0.036307,0.068828,1.208129,1.588738,-0.212421
-0.017973,-0.036123,0.065703,1.266301,1.496699,-0.416693
0.027492,-0.037052,0.056887,1.168103,1.797101,-0.059143
0.066875,-0.040108,0.052002,0.674992,0.146655,-1.005026
0.109560,-0.058529,0.041627,0.741222,1.042084,-0.904819
0.150173,-0.043374,0.018627,0.730531,1.119140,-1.061434
0.180647,-0.040118,0.010076,0.651260,0.833292,-1.037137
0.222469,-0.030349,-0.014871,0.455197,1.236890,-0.959838
0.249569,-0.035037,-0.018547,-0.158740,0.131477,-1.388937
0.308492,-0.050316,-0.047137,0.012094,0.628563,-1.300126
0.345078,-0.053008,-0.070511,0.033968,0.166258,-1.398717
0.388636,-0.059599,-0.083776,-0.244235,-0.034493,-0.839772
0.407175,-0.043351,-0.085223,-0.165794,-0.679269,-0.618976
0.439326,-0.067021,-0.110294,-0.443600,-1.156834,-0.542865
0.475719,-0.065153,-0.120033,-0.357255,-1.015112,-0.092172
0.498735,-0.086814,-0.122715,-0.425179,-1.693884,-0.246869
0.541981,-0.078513,-0.148082,-0.481341,-1.370311,-0.227899
0.541932,-0.102987,-0.146572,-0.267231,-0.155943,-0.418389
0.571405,-0.105435,-0.149316,-0.153725,-0.418029,-0.097632
0.564919,-0.113766,-0.143441,-0.570834,-1.567241,-0.232005
0.583347,-0.111856,-0.140998,-0.506337,-1.623692,0.044134
0.583580,-0.118040,-0.147612,-0.171401,-0.573844,0.129018
0.596043,-0.126942,-0.149500,-0.283325,-0.156790,0.077281
0.611300,-0.139868,-0.158691,0.222420,0.505032,-0.079853
0.618012,-0.157219,-0.160089,-0.123438,0.447087,-0.095598
0.607676,-0.153631,-0.138415,-0.341132,-1.122385,-0.130320
0.613676,-0.152528,-0.148978,-0.196278,-0.146050,0.141932
0.599854,-0.163068,-0.146116,-0.538384,-0.001757,0.156693
0.596293,-0.169105,-0.138530,-0.482976,0.763898,0.603282
0.600757,-0.170323,-0.147255,-0.411350,0.753712,0.307006
0.578101,-0.178256,-0.115481,-0.763349,0.897457,-0.210733
0.594573,-0.167427,-0.115727,-0.443203,1.340681,-0.153668
0.572731,-0.173411,-0.099318,-0.814735,1.098933,0.020731
0.572232,-0.171655,-0.101241,-0.589343,1.859917,-0.051217
0.557478,-0.174091,-0.079525,-0.553706,0.905039,-0.273415
0.550824,-0.162454,-0.061826,-0.375926,0.831001,0.145561
0.531697,-0.154783,-0.051220,-0.213468,-0.255060,-0.399173
0.535197,-0.145333,-0.050075,0.017264,-0.311925,-0.058311
0.519168,-0.127769,-0.049655,0.142450,-0.467870,-0.779290
0.500134,-0.126029,-0.045328,0.412581,-0.430792,-0.333601
0.480600,-0.094564,-0.051946,0.527092,-0.411248,-0.280840
0.441805,-0.093924,-0.024862,0.408757,-0.586501,-0.970819
0.437285,-0.071757,-0.048552,0.518693,-0.568926,-0.958169
0.404510,-0.066374,-0.011834,0.137848,-0.576798,-1.718297
0.391291,-0.057256,-0.015964,-0.079945,-0.051959,-2.138276
0.353615,-0.046499,-0.004981,0.083353,0.483023,-2.752588
0.335506,-0.038798,-0.002315,0.070637,1.143239,-3.063659
0.309634,-0.027349,0.005819,0.123556,1.427278,-3.820600
0.289634,-0.026752,0.007568,0.442556,2.452870,-4.373120
0.267986,-0.023295,0.021374,0.392585,2.957036,-5.091499
0.218589,-0.021608,0.055009,0.503981,2.722620,-5.519651
0.195123,-0.005669,0.053657,0.864133,2.846188,-5.911506
0.157480,-0.000929,0.096732,0.553457,2.677375,-6.284481
0.158763,0.020584,0.085670,0.926732,3.827131,-6.077100
0.140513,0.025597,0.100517,1.272501,3.745444,-6.802342
0.120428,0.013015,0.101554,1.484087,3.912875,-6.979745
0.094079,0.023371,0.101738,1.617800,3.965233,-7.503554
0.088772,0.024316,0.117326,1.447192,3.280041,-7.315218
0.098022,0.033517,0.084787,1.755476,3.240202,-6.851609
0.088703,0.030008,0.101521,1.199555,2.422228,-6.672293
0.103182,0.033199,0.093535,0.672967,2.842830,-6.644119
0.107807,0.030881,0.090692,0.610919,2.114050,-6.591640
0.122138,0.020775,0.082962,0.473520,1.811219,-6.662848
0.126970,0.013655,0.081403,0.552725,1.449435,-6.455063
0.138980,0.005991,0.068782,0.703960,1.514178,-6.038745
0.139325,0.009798,0.078987,0.917098,1.452665,-5.996303
0.130081,-0.005104,0.084938,1.030109,1.131606,-5.312942
0.140188,-0.004490,0.078482,0.768965,0.733739,-5.093474
0.140516,-0.043216,0.106389,0.910153,0.633463,-5.448847
0.160713,-0.053940,0.089448,1.142553,0.846270,-5.049767
0.141652,-0.059396,0.122260,0.679896,-0.211026,-4.692294
0.163250,-0.058759,0.127430,0.330806,0.454669,-4.358367
0.153311,-0.069430,0.132074,0.458132,-0.625000,-3.805076
0.165269,-0.098637,0.128467,0.280243,-1.961658,-3.050197
0.196912,-0.090113,0.110000,0.007368,0.333564,-2.781808
0.209966,-0.116704,0.100914,0.113994,1.226554,-2.491137
0.213065,-0.120459,0.095478,-0.291315,0.808654,-2.273242
0.218966,-0.144145,0.086100,-0.195897,1.384558,-2.337315
0.254482,-0.150677,0.056854,0.035127,3.051064,-2.148298
0.258398,-0.173283,0.064394,0.225775,3.295931,-1.761249
0.283381,-0.174599,0.047138,0.541483,2.897269,-0.635769
0.274745,-0.201407,0.064568,0.448508,1.390220,-0.760288
0.298835,-0.208277,0.048270,0.414226,1.175690,0.044195
0.296104,-0.222704,0.070627,0.498237,0.761630,0.960364
0.316025,-0.241620,0.057599,0.269831,0.213971,1.302667
0.316504,-0.258893,0.075643,0.202174,-0.599286,1.815562
0.327799,-0.259917,0.066701,0.105339,-1.236518,2.451062
0.321635,-0.256270,0.070611,0.043094,-1.929011,3.473735
0.322094,-0.254376,0.071976,-0.611277,-2.942520,4.932579
0.312395,-0.252466,0.070049,-0.909434,-2.854255,5.522696
0.325249,-0.256572,0.042690,-1.297352,-1.768631,5.938702
0.315736,-0.253496,0.031165,-1.482757,-2.236533,5.967814
0.312743,-0.284876,0.013683,-1.324892,-1.304281,6.354460
0.307858,-0.269551,0.011041,-1.361291,-1.406480,6.417866
0.284993,-0.280074,-0.002164,-0.657582,-0.303367,6.659358
0.276993,-0.268911,-0.013252,-0.414130,-0.809959,6.571008
0.238533,-0.276483,0.039539,-0.406564,-1.452306,6.342812
0.248709,-0.275814,0.044469,0.368843,-0.250510,6.473194
0.210153,-0.266363,0.041003,0.392335,-1.494223,6.723968
0.192569,-0.258151,0.043553,0.478204,-0.945632,7.305770
0.171260,-0.233198,0.029692,0.397256,1.625554,7.581816
0.123526,-0.234438,0.049314,0.645877,0.280762,7.563378
0.100464,-0.212482,0.038180,0.444930,0.430737,7.691668
0.051103,-0.201699,0.075344,-0.119906,-0.303735,7.591251
0.024663,-0.184729,0.062582,-0.216590,0.097218,7.401456
-0.010561,-0.157143,0.059539,0.248794,0.859125,7.611380
-0.041078,-0.140721,0.044456,0.624456,2.183628,7.110676
-0.080897,-0.111232,0.065270,0.412755,1.004491,7.233005
-0.125529,-0.116205,0.074595,0.699141,1.340862,6.617284
-0.137277,-0.088304,0.055892,1.287804,2.277955,6.719180
-0.173337,-0.090287,0.093945,1.531840,1.508890,6.407443
-0.176564,-0.065107,0.078387,1.459039,2.010742,6.166656
-0.208791,-0.038716,0.094303,1.990705,0.774549,6.308726
-0.235559,-0.020446,0.112110,2.096324,0.124295,6.650076
-0.251578,0.013173,0.108995,2.437579,0.108621,5.963832
-0.270337,0.014857,0.120277,2.448145,1.127654,5.802631
-0.269588,0.039445,0.104699,2.528772,0.242758,5.646561
-0.287113,0.049401,0.123510,2.543543,0.904583,5.240188
-0.306112,0.048820,0.133932,2.347089,0.911187,4.610590
-0.321717,0.065885,0.128936,2.548798,1.347778,4.814869
-0.326824,0.075962,0.117139,2.667202,2.572718,4.843294
-0.356642,0.084979,0.137858,2.412876,1.672732,4.019559
-0.359816,0.075700,0.134395,2.551910,3.242985,3.565414
-0.356146,0.076987,0.124239,3.054014,4.389892,2.996945
-0.371955,0.069982,0.179171,2.186903,2.619496,2.646091
-0.369197,0.051512,0.166454,2.113005,3.306743,1.377511
-0.351876,0.052332,0.177986,2.265931,3.325112,1.734608
-0.340368,0.042235,0.174148,1.661979,3.254937,1.311091
-0.325406,0.041608,0.176817,2.098615,2.941526,1.424188
-0.296212,0.028557,0.159174,2.270477,3.162099,1.334827
-0.263316,0.042015,0.136565,2.524580,3.705182,1.303392
-0.229854,0.021146,0.115393,2.649914,3.321629,1.138634
-0.206868,0.011597,0.103730,2.488316,3.227827,0.623196
-0.179784,-0.015749,0.064085,2.586976,3.440706,0.520049
-0.131939,-0.021126,0.042240,2.507249,3.048836,0.514529
-0.108050,-0.041378,0.042083,1.722497,2.469331,0.309985
-0.055971,-0.056812,0.005011,1.664674,1.800265,0.262666
-0.036128,-0.084562,0.009580,0.713052,0.669721,-0.516315
0.019207,-0.081624,-0.018947,0.189418,1.857396,-0.090047
0.056548,-0.109157,-0.042811,0.291801,1.843219,-0.025969
0.099906,-0.130303,-0.065686,0.218858,1.886853,-0.555678
0.133341,-0.139510,-0.067928,-0.164754,1.137767,-0.948631
0.166421,-0.170638,-0.083441,-0.005621,0.673237,-1.186259
0.212864,-0.151599,-0.102696,0.063862,0.604759,0.003409
0.227146,-0.180616,-0.100427,0.090564,0.175892,-0.295007
0.276754,-0.186147,-0.145243,0.240184,0.754310,-0.698168
0.318818,-0.198154,-0.138297,-0.522959,0.407271,-0.735528
0.370622,-0.199996,-0.141238,-0.624170,-0.324697,-1.372665
0.394239,-0.195266,-0.144386,-1.177507,-0.578114,-1.616444
0.438086,-0.200846,-0.179531,-1.423434,-0.354035,-1.274190
0.457163,-0.193109,-0.200260,-1.384987,0.131759,-1.978542
0.502362,-0.210480,-0.217545,-1.309382,0.408147,-1.879497
0.530874,-0.215384,-0.233987,-1.647805,0.389542,-3.025704
0.574504,-0.210194,-0.222793,-1.702871,0.795695,-2.467423
0.598567,-0.224053,-0.213461,-1.268221,0.147354,-4.186107
0.638541,-0.205179,-0.220762,-1.161121,0.945236,-3.547213
0.647610,-0.199372,-0.231574,-0.295953,0.771595,-4.066763
0.658951,-0.187696,-0.186989,-0.524650,0.221298,-4.061331
0.681462,-0.185274,-0.173229,-0.600084,0.100586,-4.427358
0.692455,-0.184552,-0.149063,-0.325649,-0.413037,-4.748263
0.708476,-0.181000,-0.139984,-0.899708,0.263464,-4.701438
0.735609,-0.164995,-0.116367,-0.900781,-1.690847,-4.615339
0.749855,-0.169075,-0.109776,-0.798665,-2.922441,-5.041114
0.775501,-0.144070,-0.114381,-0.626136,-0.525785,-4.600325
0.779784,-0.132689,-0.104448,-0.855868,-0.742564,-4.297645
0.791256,-0.118670,-0.097946,-0.528526,-0.729644,-4.221611
0.783362,-0.135647,-0.079689,-0.941877,-1.221997,-4.859703
0.796971,-0.132177,-0.091788,-1.108750,-1.234546,-5.567623
0.791854,-0.119126,-0.068309,-1.376410,-1.218941,-5.458122
0.779439,-0.121644,-0.074296,-0.954636,-0.866181,-6.257635
0.770239,-0.079563,-0.051890,-0.764251,-0.709586,-4.763552
0.747012,-0.105951,-0.045171,-0.429499,-0.448307,-6.146368
0.731975,-0.088206,-0.039299,-0.112737,-0.366804,-6.175543
0.731923,-0.077968,-0.033981,0.067446,-0.944588,-5.369314
0.699844,-0.061483,-0.032202,0.081049,0.939682,-5.546613
0.637024,-0.072749,-0.003622,-0.568569,-1.611301,-5.813591
0.615426,-0.037827,0.005612,-0.574097,-2.437815,-5.665183
0.588083,-0.045258,0.016887,-0.487985,-0.988406,-5.885767
0.572288,-0.028295,0.003012,-0.641836,-0.199482,-5.112710
0.540409,-0.024461,0.004420,-0.395361,-0.049648,-5.058521
0.524276,-0.023492,0.000704,-0.673256,0.825745,-4.982382
0.490621,-0.018126,-0.001258,-0.565369,0.851979,-4.578203
0.450861,-0.026765,-0.006353,-0.373851,1.204975,-4.651557
0.418542,-0.005698,-0.001895,-0.477632,1.355488,-4.445479
0.384670,-0.020075,0.004053,-0.528451,1.760190,-5.259718
0.362442,0.011088,0.004423,-0.212700,2.033075,-4.094582
0.309263,0.010796,0.024112,-0.055504,1.649864,-3.983334
0.283256,-0.013386,0.023934,0.338480,1.646588,-4.911647
0.247048,-0.016261,0.050263,0.669790,1.275387,-4.400628
0.246854,0.008745,0.041403,0.999616,1.505131,-2.635536
0.181031,-0.017282,0.084249,1.130647,1.170917,-3.604497
0.165020,-0.005889,0.095603,1.269169,1.863626,-2.580183
0.102174,-0.035985,0.122470,1.247985,1.187582,-3.159987
0.111506,-0.044355,0.110784,1.606558,5.689101,-2.337621
0.072839,-0.035158,0.175022,1.396715,1.106555,-1.321851
0.049245,-0.058099,0.203014,1.276742,1.381203,-1.377475
0.014989,-0.046679,0.220533,1.054767,-0.990493,-0.242044
-0.006462,-0.067168,0.222141,1.003279,0.533270,0.756871
-0.027581,-0.063269,0.215005,1.467970,0.546774,0.948243
-0.063130,-0.093067,0.227396,0.954275,0.184173,0.665937
-0.072507,-0.084723,0.243950,0.596109,0.495040,1.449363
-0.092143,-0.085146,0.244035,1.020144,0.629502,1.828386
-0.105020,-0.094938,0.233528,1.047910,1.462932,2.287054
-0.127121,-0.090126,0.220835,0.919337,1.037860,2.216767
-0.155254,-0.110395,0.230383,0.711542,0.710519,2.975007
-0.148683,-0.113697,0.191030,1.222313,2.377229,2.918654
-0.187692,-0.139313,0.218829,0.988682,0.940050,2.711962
-0.170803,-0.126032,0.180191,1.757977,2.222318,3.906307
-0.195937,-0.136021,0.207304,1.594265,1.989724,3.395514
-0.183477,-0.147588,0.212799,1.652086,1.993942,4.411301
-0.211643,-0.146183,0.184285,1.786626,1.491801,3.756218
-0.217598,-0.121158,0.204120,1.453698,1.384643,5.547615
-0.226539,-0.133510,0.167525,1.481222,1.541717,4.628063
-0.252950,-0.128937,0.176170,1.049847,0.880201,4.987325
-0.240027,-0.138174,0.144682,0.943545,1.052910,5.129383
-0.236226,-0.122340,0.122440,0.383591,1.116028,5.267117
-0.236498,-0.140593,0.128871,0.886680,1.384485,5.544136
-0.226598,-0.135913,0.098390,1.009982,1.374444,5.345328
-0.247156,-0.140656,0.125854,0.493004,0.589390,5.137143
-0.223457,-0.136461,0.100471,0.391367,0.582635,5.104108
-0.215809,-0.135381,0.105575,0.251663,0.919656,5.104771
-0.196567,-0.143869,0.084741,0.582671,1.650576,5.157087
-0.181937,-0.116589,0.103773,0.838970,1.093638,5.439344
-0.183995,-0.164604,0.089691,1.265020,1.621192,4.253098
-0.182564,-0.168888,0.088569,1.458412,1.336539,3.251724
-0.140401,-0.145366,0.074336,1.761062,1.408805,4.659812
-0.126353,-0.125412,0.071474,1.623473,1.767516,4.624808
-0.117520,-0.124749,0.089189,1.257412,1.549172,4.990836
-0.102519,-0.126285,0.054934,1.022301,0.933721,4.581234
-0.083428,-0.125921,0.078206,0.639844,0.969582,4.848933
-0.052425,-0.123380,0.060350,0.502182,1.397274,4.887552
-0.046652,-0.126223,0.064761,0.375247,0.715662,4.119888
-0.022838,-0.129029,0.046944,0.308269,0.572686,4.632710
0.003888,-0.119825,0.042477,0.324103,0.681650,4.141612
0.019700,-0.122287,0.058699,0.378066,0.416123,4.469314
0.035698,-0.123315,0.039260,0.725063,0.259082,3.554312
0.042450,-0.127135,0.054408,1.006584,-0.158848,3.785090
0.072514,-0.118115,0.050387,1.179598,0.154244,4.105122
0.086625,-0.111337,0.040156,1.201171,-0.016748,4.052718
0.094431,-0.135758,0.025635,1.315386,-0.396221,3.415154
0.116682,-0.118699,0.019053,0.738938,-0.458456,3.461568
0.127035,-0.124444,-0.001373,0.964326,-0.651683,3.531205
0.150288,-0.102799,-0.019033,0.527568,-0.170934,3.686415
0.136174,-0.114117,-0.008063,0.368068,-0.130117,3.458020
0.161527,-0.101972,-0.038629,0.445675,0.034645,3.251486
0.158727,-0.108248,-0.036856,0.360614,0.141485,3.137089
0.175986,-0.111540,-0.056019,0.574822,1.234461,2.933457
0.181652,-0.110516,-0.047987,0.962813,0.939912,2.365894
0.198934,-0.108649,-0.054949,1.030733,1.197052,2.093392
0.187124,-0.117367,-0.051729,1.300573,0.679775,1.653050
0.193396,-0.124775,-0.055983,1.787352,1.193795,2.212755
0.197654,-0.116730,-0.061248,1.472517,1.136015,2.221693
0.186946,-0.121926,-0.041442,1.312511,0.960128,2.363383
0.193426,-0.127490,-0.018842,0.905331,-2.129132,1.856811
0.210019,-0.128957,-0.039138,1.212984,1.257192,1.852101
0.233393,-0.146597,-0.039538,1.061749,1.799198,2.354587
0.244297,-0.141736,-0.058655,0.495282,2.578984,2.023563
0.241638,-0.151944,-0.033666,0.519303,1.318837,2.194552
0.246480,-0.134265,-0.060116,0.637569,1.998531,2.428662
0.239245,-0.147050,-0.049415,0.030991,1.510019,2.468813
0.260197,-0.150854,-0.066487,0.182548,1.786577,2.211109
0.254906,-0.163826,-0.056023,-0.010774,2.240371,1.736249
0.282636,-0.155322,-0.074572,-0.084360,2.527709,1.271488
0.274981,-0.153644,-0.063707,0.183273,1.938223,1.465172
0.286493,-0.175197,-0.056029,0.432328,1.578005,0.698411
0.291026,-0.151757,-0.047918,0.660839,0.734277,0.661585
0.281313,-0.165461,-0.039423,1.028856,0.927068,0.529592
0.294010,-0.154977,-0.060667,1.342437,1.047671,0.743876
0.274509,-0.151386,-0.019545,0.553165,-1.539839,0.267223
0.291922,-0.139668,-0.041669,0.115777,-1.046498,0.060472
0.295821,-0.142993,-0.051562,0.490736,-0.098957,-0.561432
0.301428,-0.150414,-0.068207,0.210820,0.293071,-0.714420
0.296078,-0.128934,-0.071775,0.196899,0.573848,-1.175770
0.270484,-0.136812,-0.063024,-0.026612,1.151216,-1.953709
0.281021,-0.114094,-0.083877,-0.146733,1.750169,-1.796414
0.270294,-0.119566,-0.064157,-0.602578,1.456830,-2.886407
0.279501,-0.111908,-0.067170,-0.677743,2.203280,-3.265788
0.285646,-0.090677,-0.080359,-0.607161,2.627023,-4.128433
0.270406,-0.090887,-0.081708,-0.252339,2.836793,-4.463095
0.264149,-0.068445,-0.080250,0.131519,2.397157,-4.951909
0.266194,-0.060331,-0.055025,-0.374488,1.612306,-5.160475
0.286906,-0.068396,-0.063549,0.181333,2.566232,-6.018088
0.299465,-0.041565,-0.066093,0.220316,2.602135,-6.621584
0.290195,-0.037167,-0.068959,0.335017,2.085424,-6.432880
0.305111,-0.007855,-0.083687,0.746848,2.355230,-6.288876
0.294673,-0.007861,-0.063986,0.316054,1.513341,-6.621371
0.327868,0.003791,-0.069710,-0.133334,1.972580,-6.888890
0.348974,0.015122,-0.071365,-0.116262,2.090314,-7.222740
0.361670,0.006260,-0.078632,-0.162801,2.410224,-7.348007
0.377955,0.019872,-0.065460,0.061472,3.209757,-7.991591
0.367746,0.012309,-0.040090,0.008398,1.623568,-7.511243
0.397144,0.025094,-0.058330,0.333005,1.918722,-7.658062
0.404464,0.025922,0.001220,0.051241,0.511386,-7.571547
0.430900,0.019491,0.012390,0.350967,1.270447,-7.978132
0.435840,0.025521,0.016969,0.512226,0.534810,-7.897991
0.439208,0.013570,0.030768,0.728614,0.495975,-7.401204
0.450759,0.029427,0.034139,0.531373,-0.121409,-7.262826
0.448639,0.016100,0.039011,0.623537,0.755590,-6.997713
0.466718,0.024796,0.024387,0.517370,0.946109,-6.621920
0.471491,0.017095,0.046580,-0.170452,0.926158,-6.812616
0.499526,0.017056,0.055380,-0.191158,1.092260,-6.737865
0.507342,0.004008,0.057176,-0.217348,0.241599,-6.613509
0.514747,-0.012877,0.043379,-0.070958,0.237470,-6.070094
0.537507,-0.009138,0.045283,0.060865,2.143309,-6.204480
0.532065,-0.030021,0.052728,-0.197411,1.532464,-6.115221
0.552324,-0.023115,0.046632,-0.353724,0.839049,-5.257755
0.549308,-0.038995,0.062099,-0.642706,0.487795,-5.392867
0.561029,-0.055293,0.051330,-0.638485,1.062173,-5.224317
0.557579,-0.054626,0.046511,-0.096574,0.736141,-4.411703
0.561223,-0.083679,0.054080,0.245998,1.044165,-4.187978
0.568379,-0.088563,0.045759,0.241904,1.005610,-3.718694
0.535144,-0.109174,0.063343,0.237240,-0.641166,-3.429607
0.547407,-0.106692,0.063051,-0.036295,-0.511658,-2.213368
0.532840,-0.105698,0.055629,-0.317551,-1.837759,-1.474553
0.536221,-0.130710,0.037694,-0.433067,-2.042840,-0.536766
0.531684,-0.130976,0.030187,-0.575879,-2.680072,-0.037514
0.514970,-0.149344,0.032823,-1.150174,-2.269174,0.434025
0.510884,-0.148136,0.011684,-0.957679,-2.148396,1.131198
0.483439,-0.159599,0.000655,-0.618324,-1.538733,1.559828
0.474117,-0.181634,-0.007505,-0.704495,-0.308127,1.892523
0.449134,-0.187542,-0.022266,-0.607787,-0.159505,2.134846
0.411029,-0.199569,-0.000802,-0.956425,-0.427781,2.398081
0.378795,-0.195929,0.018929,-0.975936,-1.498408,3.282185
0.334928,-0.204985,0.031602,-0.655521,-1.119795,3.146006
0.313868,-0.216267,0.035420,-0.393828,-0.435154,3.306218
0.296097,-0.223872,0.047253,0.056542,-0.304427,3.620919
0.248518,-0.235522,0.057015,0.255120,-0.216130,3.933465
0.209743,-0.223701,0.066383,0.362701,0.124489,4.809941
0.148886,-0.223373,0.109898,0.127492,-0.298457,4.666363
0.130032,-0.217228,0.107768,0.104577,-0.101734,4.949630
0.099049,-0.228415,0.112107,0.193820,0.366703,5.148198
0.063274,-0.235968,0.109209,0.370025,1.380891,5.410037
0.031959,-0.219743,0.112721,0.343634,1.591033,5.860039
-0.030466,-0.203948,0.145558,0.251427,0.559661,6.436129
-0.058015,-0.196191,0.148060,0.077684,1.125793,6.350480
-0.098301,-0.189131,0.152832,0.135704,0.835826,6.304522
-0.130679,-0.185993,0.147154,0.388948,0.864029,6.554157
-0.181498,-0.172994,0.147804,0.596956,0.348023,6.456451
-0.226188,-0.160590,0.155251,1.158289,1.013238,6.505802
-0.257125,-0.140025,0.158711,2.152703,0.855612,6.870996
-0.300991,-0.133008,0.194654,1.735331,0.643655,6.884410
-0.329000,-0.124710,0.185118,1.729453,0.165112,6.469381
-0.352883,-0.111662,0.190866,2.283754,1.973348,6.411971
-0.395066,-0.109039,0.212041,2.279244,-0.512725,6.947474
-0.418893,-0.075292,0.189638,2.323541,1.445719,7.116411
-0.460984,-0.089752,0.215570,2.192851,0.824255,6.509212
-0.458109,-0.065731,0.222673,1.625317,1.175200,6.849771
-0.478079,-0.068665,0.204481,2.178027,1.995419,6.508151
-0.498975,-0.056740,0.196850,1.874362,1.632775,7.003300
-0.519973,-0.045445,0.189950,2.179937,1.534880,6.606604
-0.545464,-0.045997,0.181577,1.708803,2.567322,5.895433
-0.542034,-0.044263,0.178110,1.963428,3.291775,5.742202
-0.551520,-0.035503,0.156660,2.001123,4.702229,5.340356
-0.556940,-0.039701,0.147334,2.193658,5.051585,5.545797
-0.567361,-0.023673,0.139844,2.213891,4.607514,4.690639
-0.563715,-0.024854,0.143779,2.025272,4.893342,4.732051
-0.543603,-0.021959,0.132271,2.301283,4.351356,4.287566
-0.537156,-0.030201,0.151523,2.440271,3.555168,3.911307
-0.501870,-0.034190,0.137687,2.525949,3.021604,3.797449
-0.481979,-0.018263,0.125752,2.472521,3.278465,4.159545
-0.455722,-0.022219,0.123382,2.452958,2.953438,4.829879
-0.419675,-0.018687,0.089711,2.866413,2.432706,4.478717
-0.403696,-0.032076,0.117717,2.131469,1.191681,4.328467
-0.344001,-0.020341,0.100678,1.990482,1.356089,3.875160
-0.309280,-0.032420,0.074421,2.131124,1.985372,3.750933
-0.255412,-0.052558,0.063501,1.999551,2.021905,3.404210
-0.205541,-0.041487,0.052048,1.813755,2.013345,3.233878
-0.153768,-0.063463,0.017645,1.749932,2.456126,3.512421
-0.108325,-0.058903,0.029117,1.422377,2.128305,3.285529
-0.076364,-0.075368,0.034855,1.103390,1.148366,3.038507
-0.008740,-0.083922,0.000212,0.899682,1.614433,2.754813
0.035780,-0.098076,0.016234,0.880184,0.878550,2.331911
0.112402,-0.118841,-0.006166,0.549525,1.336056,1.864139
0.153666,-0.123882,-0.012143,0.951531,1.882763,1.663652
0.180322,-0.143055,-0.012905,0.917427,1.275295,1.309280
0.229014,-0.123840,-0.036095,1.334969,2.346066,1.443644
0.261717,-0.137820,-0.019243,0.884924,2.177680,1.494467
0.308961,-0.153152,-0.015754,0.600186,-0.704829,0.982693
0.361490,-0.166866,-0.040579,1.125389,0.709564,0.085036
0.377643,-0.184867,-0.040073,1.078657,-1.721935,-0.155211
0.440321,-0.172640,-0.061416,0.797785,0.705073,0.173696
0.478765,-0.184345,-0.061265,0.406699,0.120195,0.151613
0.530985,-0.198637,-0.083674,0.317565,0.379166,0.574242
0.579805,-0.194590,-0.098865,-0.001872,0.777139,0.389760
0.607886,-0.210611,-0.100444,-0.518837,-0.082699,0.141887
0.660589,-0.208898,-0.132625,-0.659972,-0.112901,-0.684817
0.674510,-0.226314,-0.138940,-1.202260,-0.664823,-0.912197
0.725608,-0.218893,-0.164117,-1.351253,0.586669,-1.054198
0.746828,-0.217471,-0.170806,-1.213181,-0.242419,-0.772305
0.755960,-0.236930,-0.183883,-1.241662,-0.662509,-1.619466
0.771611,-0.213372,-0.212060,-1.496813,-0.523307,-2.020284
0.775327,-0.221762,-0.196669,-1.754550,-0.892036,-2.290560
0.800749,-0.215085,-0.197683,-1.780970,-0.868597,-2.665313
0.818287,-0.202907,-0.197565,-1.436833,-1.350852,-3.191684
0.825925,-0.201424,-0.209762,-1.405722,-1.757497,-3.009459
0.820142,-0.177757,-0.214597,-1.128783,-2.021566,-3.137616
0.809855,-0.172325,-0.202774,-1.194799,-1.835166,-4.133847
0.830380,-0.165520,-0.237069,-0.980981,-0.888885,-4.356488
0.818701,-0.174570,-0.208600,-1.503092,-1.331893,-5.542049
0.839997,-0.157636,-0.203739,-1.512657,-0.595754,-5.866111
0.814988,-0.136904,-0.212510,-1.231825,-0.865711,-5.802862
0.797069,-0.127529,-0.203099,-0.914732,0.086928,-6.060058
0.775822,-0.096428,-0.202324,-1.135371,-0.396300,-6.494936
0.746641,-0.100850,-0.174985,-1.580945,0.102549,-7.526309
0.734588,-0.084782,-0.164852,-1.969799,-0.049635,-8.108808
0.707462,-0.073435,-0.155060,-1.650408,0.226096,-8.444740
0.671139,-0.065521,-0.140001,-1.267213,0.936134,-8.824926
0.646064,-0.032467,-0.122965,-1.007031,1.010451,-8.824871
0.611205,-0.044349,-0.108036,-0.286230,1.639931,-8.821681
0.578049,-0.023164,-0.089960,-0.430867,-0.132789,-9.232512
0.554038,-0.020220,-0.034798,-0.283233,0.810026,-9.905104
0.541994,-0.006335,-0.030255,-0.104248,0.841301,-10.084562
0.506590,0.015109,-0.007830,0.067361,-1.397073,-9.881137
0.489341,0.012536,-0.003458,0.195839,0.701341,-9.312577
0.470962,0.032756,-0.016312,0.513227,0.714244,-8.790975
0.426042,0.042199,0.015708,-0.025841,-0.140634,-8.844952
0.408205,0.060876,0.015036,0.137135,-0.033229,-8.138313
0.384188,0.069210,0.019096,-0.045362,0.317164,-8.533992
0.346194,0.055490,0.031228,0.365179,1.735558,-8.500722
0.329614,0.070241,0.018945,0.411029,2.109330,-8.220737
0.277535,0.077072,0.048818,0.557767,1.644632,-7.759211
0.244313,0.079734,0.049967,0.679013,1.997037,-7.111878
0.212103,0.089844,0.079867,0.670354,1.751127,-6.483499
0.179029,0.060020,0.094769,1.130893,1.179638,-6.752715
0.168062,0.054508,0.115455,1.215098,4.281040,-6.682034
0.125279,0.032175,0.155199,1.166583,1.485558,-6.434460
0.116732,0.038684,0.151066,1.318524,1.259950,-5.650653
0.075150,0.017666,0.181245,1.166659,1.006266,-5.144038
0.063907,0.026765,0.182194,1.461468,2.033351,-3.615180
0.033154,0.019931,0.187521,1.293962,2.236419,-2.695274
0.013240,-0.002426,0.176279,1.614643,2.595469,-2.092011
0.005726,-0.007888,0.182345,1.371178,2.909017,-2.112930
-0.022818,-0.044506,0.192428,1.300054,2.337951,-2.004898
-0.025903,-0.050540,0.171066,1.330669,2.830718,-1.292826
-0.053896,-0.069981,0.190912,0.935615,2.052694,-0.713764
-0.063701,-0.083348,0.181600,1.113277,2.803844,0.181885
-0.078583,-0.087533,0.195606,0.945807,1.971933,1.423543
-0.076768,-0.122149,0.193492,0.959724,2.162581,1.863276
-0.067259,-0.143941,0.188732,0.481755,1.822976,1.755301
-0.062677,-0.161388,0.193055,0.384638,1.693474,2.868320
-0.066169,-0.190897,0.188939,0.713873,1.693970,3.813043
-0.071697,-0.192932,0.178245,0.885387,1.472714,4.501062
-0.094969,-0.198377,0.214303,0.858911,0.698682,5.546722
-0.083343,-0.216628,0.203733,1.110825,0.864344,6.530985
-0.082397,-0.225530,0.188585,1.235804,0.971975,6.766769
-0.100690,-0.242047,0.179381,0.935664,0.391807,7.255389
-0.085598,-0.228753,0.152383,0.930199,0.479649,7.712801
-0.106664,-0.226242,0.162791,0.709209,-0.258404,8.043312
-0.094835,-0.230723,0.135491,0.474928,0.576047,9.221160
-0.100956,-0.236326,0.126271,0.275316,-0.082722,9.107223
-0.093613,-0.264469,0.118209,0.507926,-0.137811,8.837240
-0.086353,-0.255843,0.098436,0.236295,0.210649,8.888167
-0.085956,-0.271917,0.090666,-0.179314,0.325883,8.682575
-0.086553,-0.260219,0.075370,-0.011431,0.189189,8.701626
-0.110164,-0.259355,0.102342,-0.016958,0.108723,8.702657
-0.093065,-0.247391,0.088989,0.282305,1.040588,9.169117
-0.093676,-0.246025,0.089527,0.599867,1.208054,8.641455
-0.093640,-0.254264,0.093085,0.889293,1.368428,8.533667
-0.090088,-0.243721,0.093785,0.482474,0.928056,7.658601
-0.111132,-0.244706,0.099319,0.591855,0.377709,7.314916
-0.102653,-0.218098,0.093991,0.989296,1.112519,7.662287
-0.124465,-0.193598,0.107387,0.542805,0.384251,7.621328
-0.112990,-0.176070,0.109061,0.749579,0.685155,7.800362
-0.108627,-0.168793,0.095439,0.741350,0.488912,7.306735
-0.088562,-0.161998,0.094398,0.539704,0.015912,7.322551
-0.072274,-0.146009,0.066196,0.572292,1.064142,6.631410
-0.053377,-0.142671,0.071782,0.796039,1.083627,6.479716
-0.044479,-0.105307,0.053358,0.714946,1.266803,6.146905
-0.057572,-0.106377,0.039864,0.726707,0.296285,6.139434
-0.039289,-0.085389,0.013069,1.058956,1.507718,5.550522
-0.053006,-0.083476,0.041669,0.933842,-0.194102,4.364872
-0.021758,-0.067385,0.034586,1.042038,0.264842,3.847960
-0.028053,-0.068452,0.042155,1.334047,-0.332112,2.948332
-0.011490,-0.046962,0.038032,1.840635,0.490359,3.033521
-0.037070,-0.022688,0.064870,1.924157,-0.475502,3.299828
-0.037274,-0.010527,0.060445,1.816424,0.331735,3.358203
-0.035987,0.005492,0.064390,1.770299,-0.093469,2.890169
-0.015439,-0.008734,0.058200,1.331854,0.557829,2.524687
-0.019558,-0.001933,0.068385,0.969525,-0.840486,1.507705
-0.008503,-0.003712,0.060333,0.714195,0.433524,2.166159
-0.018767,0.015716,0.051467,0.907806,0.981868,1.466231
-0.035593,0.006834,0.053168,1.073103,0.740560,1.270758
-0.018698,0.011384,0.021617,1.187621,1.311313,0.832819
-0.018679,-0.013599,0.032977,1.201751,2.242981,0.091480
0.010187,-0.005120,0.009475,1.249156,1.937924,-0.481062
-0.004387,-0.018762,0.036322,1.625363,2.119039,-0.281690
0.027308,-0.009923,0.021377,1.671964,2.266161,-0.417422
0.016210,-0.017026,0.033050,1.624726,0.196633,0.094570
0.039260,-0.029388,0.029045,1.290558,0.828768,-0.712499
0.045903,-0.037856,0.018636,1.604877,-0.222652,-0.213933
0.063097,-0.052837,-0.006422,1.881511,1.112115,-0.242506
0.077516,-0.026657,-0.017690,1.584845,1.383671,0.409977
0.094457,-0.059369,-0.032599,1.615046,1.509238,0.586422
0.113958,-0.067313,-0.032369,1.016963,0.815649,0.235087
0.134756,-0.084185,-0.033801,0.902012,1.455649,0.964409
0.153075,-0.090070,-0.039564,0.280227,1.061267,0.630051
0.156951,-0.110083,-0.039505,0.371751,1.010504,0.479535
0.182853,-0.119333,-0.091424,0.498906,1.205776,0.124559
0.180644,-0.141558,-0.061406,-0.283079,1.011988,-0.278228
0.214545,-0.139786,-0.075025,-0.349056,1.364072,0.242396
0.210130,-0.156103,-0.071952,-0.231866,0.583370,-0.157207
0.240673,-0.160505,-0.079364,0.120986,1.285494,-0.107993
0.251722,-0.165914,-0.072622,0.117950,0.779105,-0.233920
0.280571,-0.184526,-0.088000,0.303155,1.258239,-0.493511
0.293849,-0.179960,-0.084150,0.256623,0.469430,-0.871189
0.294656,-0.195381,-0.082752,0.526495,1.281210,-1.123864
0.323916,-0.177307,-0.099318,0.538857,1.518461,-1.018455
0.319888,-0.180669,-0.072372,-0.139082,0.832652,-1.453086
0.354249,-0.180593,-0.099420,-0.072113,1.642843,-1.718438
0.371147,-0.176339,-0.083424,-0.570479,0.973957,-2.018593
0.399162,-0.171688,-0.115061,-0.190235,2.386512,-2.157115
0.411659,-0.167424,-0.104212,-0.559667,2.001249,-2.539332
0.421795,-0.167897,-0.122584,-0.372063,1.439551,-2.625082
0.438506,-0.155801,-0.120572,-0.542716,0.907078,-2.769664
0.441132,-0.165780,-0.124872,-0.684751,1.344850,-3.662001
0.479392,-0.131563,-0.133107,-0.997098,1.865001,-3.695393
0.464030,-0.133060,-0.096147,-0.630732,0.369204,-4.554437
0.490381,-0.126019,-0.093616,-0.512584,1.013760,-5.051053
0.512045,-0.101480,-0.099124,0.081154,1.351313,-4.760255
0.529026,-0.112194,-0.089021,0.367986,1.034115,-4.954204
0.543908,-0.073664,-0.081609,-0.245269,0.719509,-4.673678
0.537763,-0.091921,-0.068007,-0.150485,0.571642,-5.463787
0.557153,-0.068321,-0.088538,-0.014244,0.796069,-5.931895
0.559253,-0.066486,-0.048919,-0.695291,0.241636,-5.847126
0.581994,-0.054019,-0.069513,-0.769264,0.456655,-6.142959
0.581042,-0.038926,-0.048680,-1.033618,-0.182803,-5.907707
0.580087,-0.027760,-0.042118,-1.164364,-0.432502,-6.408098
0.579096,-0.013228,-0.049494,-0.982557,0.526036,-7.008719
0.591247,-0.026666,-0.032087,-0.683904,0.209448,-7.809014
0.601886,-0.006742,-0.034877,-0.383666,0.910301,-7.680001
0.593703,-0.011722,-0.020274,0.146842,0.691133,-7.510410
0.597280,0.015201,-0.007915,0.161609,1.004343,-7.788335
0.587587,0.011196,-0.000756,0.516139,0.837880,-7.427316
0.595055,0.023808,-0.002624,0.354951,0.807698,-7.381339
0.593653,0.009394,-0.004547,0.482579,0.496727,-7.702466
0.599197,0.025331,0.008530,0.071172,0.706780,-7.507703
0.585887,0.025603,0.008356,-0.201386,0.529315,-7.979025
0.578830,0.029785,0.016116,-0.495518,0.471337,-7.160356
0.570427,0.037591,0.013342,-0.537478,0.178465,-6.980393
0.560557,0.023374,0.007785,-0.625736,0.303477,-7.103770
0.542884,0.042435,0.010079,-0.535738,0.277329,-6.600225
0.524594,0.011141,0.019477,-0.286555,-0.138563,-6.293395
0.523911,0.016645,0.006317,-0.056302,0.512213,-6.712300
0.488986,-0.000174,0.048530,-0.363709,-0.927310,-6.382104
0.478351,0.014147,0.037222,-0.253412,0.214674,-5.152493
0.435332,0.006201,0.061791,0.133272,-1.221610,-4.680105
0.428974,0.004592,0.072143,0.132337,-0.331911,-3.656864
0.412670,0.001037,0.070030,0.364503,-0.511290,-3.449473
0.390812,-0.033825,0.078374,0.678492,-0.229086,-3.989644
0.378326,-0.048583,0.074526,0.586107,-0.494018,-3.240040
0.353340,-0.073536,0.085201,0.690065,0.539274,-2.665462
0.320269,-0.062937,0.097241,0.268459,-1.450172,-1.814241
0.274574,-0.084027,0.112288,0.410464,-1.091668,-0.953924
0.267241,-0.085813,0.100999,0.084649,-0.830921,-0.492404
0.234292,-0.111183,0.115245,-0.326345,-0.691414,-0.108703
0.221136,-0.121588,0.097500,0.077776,0.289234,0.929086
0.182669,-0.135007,0.115367,-0.027259,0.552935,0.634529
0.164783,-0.175161,0.110170,0.365380,1.885366,1.328959
0.135937,-0.166554,0.085057,0.111171,1.810355,1.869044
0.083231,-0.191885,0.127715,-0.166917,0.904865,2.576695
0.063317,-0.191035,0.130860,0.392851,1.682294,3.432856
0.025575,-0.193231,0.153712,0.104124,1.338702,4.126941
-0.008181,-0.225034,0.154785,0.485924,1.277022,4.290094
-0.030715,-0.219188,0.145683,0.898852,1.003739,4.782735
-0.074726,-0.245658,0.206553,0.428783,-0.010186,5.312764
-0.089212,-0.240599,0.202758,0.525402,0.656703,6.526383
-0.126861,-0.239848,0.192448,1.132157,0.438113,7.112436
-0.150702,-0.258502,0.172061,1.298584,0.163556,7.693861
-0.172815,-0.242372,0.168752,0.995244,0.284147,8.455156
-0.209336,-0.250601,0.177654,0.703185,0.581181,8.735391
-0.229808,-0.242815,0.168125,0.373120,-0.322524,8.985220
-0.255106,-0.232416,0.171417,0.414180,1.948769,9.301669
-0.274794,-0.231730,0.147987,0.656808,1.567192,9.219418
-0.303010,-0.225943,0.154208,0.653102,1.184893,9.250430
-0.321303,-0.237780,0.140720,0.766362,1.388467,9.200264
-0.333593,-0.215883,0.143379,0.893852,1.797396,9.268286
-0.373225,-0.214954,0.156302,0.877381,1.551923,9.119525
-0.379862,-0.191382,0.138636,1.166649,1.706772,9.063805
-0.404490,-0.182480,0.161820,1.279079,1.572848,8.261426
-0.399747,-0.166692,0.158409,1.767608,1.906724,8.396051
-0.414068,-0.157347,0.154080,1.931743,1.939539,7.993877
-0.412269,-0.154970,0.140838,2.180121,1.833782,8.047410
-0.424349,-0.128849,0.142847,2.042492,1.982870,8.079472
-0.427113,-0.138220,0.140054,2.133698,2.310582,7.529447
-0.425422,-0.118411,0.101580,2.105810,2.891745,7.195360
-0.431757,-0.113621,0.129688,1.506178,2.393697,6.603934
-0.407877,-0.094035,0.105056,1.539363,2.532679,6.170110
-0.401257,-0.082071,0.124452,1.181765,2.518039,5.876831
-0.366145,-0.087710,0.100550,1.420756,3.098709,5.609778
-0.350750,-0.072945,0.105802,1.493229,2.956277,4.815126
-0.321740,-0.073330,0.110344,1.250144,2.450766,5.225947
-0.300246,-0.059258,0.092429,1.552161,2.473959,4.529190
-0.286339,-0.060653,0.115025,1.880668,1.688002,4.125854
-0.240201,-0.045061,0.088175,1.959794,1.742176,3.687596
-0.223638,-0.031620,0.110860,1.835071,0.580715,3.332565
-0.187452,-0.022389,0.087033,1.727582,1.031535,2.927397
-0.168673,-0.002577,0.081364,1.672535,0.720080,3.001859
-0.134368,-0.015808,0.047469,1.832600,1.017571,2.514473
-0.091093,-0.001559,0.033867,1.578135,0.692767,2.155329
-0.064380,-0.009529,0.013496,1.486651,0.585825,1.795706
-0.029416,-0.001661,0.003721,1.116178,0.996639,1.044963
0.005286,-0.011009,-0.002575,1.167000,1.057801,1.139081
0.035216,0.001402,-0.001035,0.716584,0.993534,0.098460
0.072067,-0.019245,-0.015695,0.754460,1.800327,-0.318754
0.103467,-0.019589,-0.039318,1.096956,1.121752,-0.527179
0.130131,-0.018775,-0.020513,0.746513,0.824679,-0.677284
0.177798,-0.033448,-0.037739,1.285831,1.879129,-0.940180
0.211141,-0.033816,-0.045591,1.105461,1.445105,-1.297526
0.246417,-0.060584,-0.046996,1.293867,1.893710,-1.979294
0.280414,-0.062599,-0.055599,1.130825,1.440106,-1.842602
0.309388,-0.079537,-0.068762,1.298912,1.435035,-2.261431
0.349571,-0.072621,-0.088250,1.005137,0.647479,-1.820001
0.352250,-0.087506,-0.083543,0.880187,0.228808,-2.329261
0.410313,-0.081063,-0.108798,0.570929,0.212343,-1.837689
0.435023,-0.103065,-0.106680,0.131211,0.988092,-1.572871
0.459517,-0.108215,-0.119052,-0.080201,-3.296462,-1.579028
0.479434,-0.123873,-0.124143,-0.708470,-2.355551,-1.644072
0.534750,-0.125386,-0.178008,-0.290858,1.129939,-1.439175
0.547049,-0.140616,-0.152759,-0.976911,0.230935,-1.264217
0.579506,-0.148547,-0.171788,-1.016566,-1.155176,-1.384928
0.602027,-0.151655,-0.189267,-0.684961,-0.147383,-1.622057
0.611257,-0.167312,-0.190458,-0.849014,-0.355391,-1.720097
0.624764,-0.169515,-0.177292,-0.702686,-0.558357,-1.698688
0.624302,-0.192732,-0.189060,-0.517570,-0.497415,-1.934006
0.642634,-0.200055,-0.200844,-0.365337,-0.522496,-2.482498
0.638360,-0.209791,-0.168558,-0.665759,-0.595645,-2.615597
0.647361,-0.203748,-0.166483,-0.717729,-1.195734,-2.098810
0.635718,-0.197196,-0.139108,-0.613391,-2.043726,-2.317611
0.640658,-0.192571,-0.148331,-1.181495,-2.275020,-2.462688
0.648805,-0.193785,-0.151456,-1.024414,-1.482413,-2.615187
0.647085,-0.198817,-0.160444,-0.777867,-0.316093,-2.706652
0.630958,-0.179152,-0.153695,-1.002225,0.072160,-2.607090
0.628047,-0.174324,-0.161947,-1.004808,0.400588,-2.531653
0.617927,-0.164289,-0.177148,-1.686187,1.136740,-3.236124
0.612600,-0.179638,-0.161110,-1.101273,0.926549,-3.747971
0.600363,-0.166705,-0.148184,-1.247787,1.025564,-4.354760
0.591868,-0.164174,-0.137457,-0.989611,1.077298,-4.417458
0.565546,-0.126016,-0.129697,-1.210400,1.419834,-3.837150
0.550135,-0.125245,-0.110695,-0.580035,0.925856,-4.418099
0.539352,-0.116261,-0.092297,-0.464558,0.533270,-4.517157
0.515600,-0.117610,-0.072432,-0.212654,-0.193711,-4.443349
0.509462,-0.094702,-0.069366,0.199873,0.268171,-4.884880
0.473221,-0.079438,-0.044688,-0.105112,0.031074,-4.614237
0.460922,-0.055706,-0.008877,-0.040438,0.049905,-4.580281
0.433100,-0.041772,-0.006386,0.276340,-0.132487,-3.812867
0.419898,-0.037344,-0.008273,0.188726,0.280043,-4.386290
0.384313,-0.014190,0.005838,-0.092747,0.097346,-4.199169
0.346141,-0.019534,0.012055,0.144212,0.278448,-4.615406
0.330986,-0.000551,0.000311,0.261297,1.037312,-4.662204
0.301090,-0.017275,0.039385,-0.257039,1.142957,-5.577431
0.295339,-0.007441,0.030630,0.172340,1.385138,-5.541367
0.265974,-0.013740,0.068503,0.221665,1.678956,-5.575721
0.248876,0.012743,0.077779,0.480508,2.142893,-4.990269
0.206322,0.025462,0.099217,0.806631,2.225462,-5.003102
0.198894,0.011430,0.101439,1.008340,2.853327,-4.976947
0.184800,0.011032,0.131510,1.076868,2.519493,-5.786879
0.180168,-0.002176,0.135114,1.074278,2.700119,-5.680095
0.155441,0.012007,0.153170,1.593714,2.753373,-5.083164
0.136416,-0.005951,0.157766,2.093911,3.079704,-4.726669
0.125003,0.010662,0.166152,2.088381,3.106538,-4.488393
0.099020,-0.007494,0.193249,2.084816,2.793298,-3.964835
0.108844,-0.000344,0.173633,2.097053,2.715671,-3.592386
0.091969,-0.018454,0.196019,1.439705,2.442497,-3.381263
0.099328,-0.012762,0.193088,1.322397,2.516861,-3.060933
0.087771,-0.026384,0.194900,1.258518,1.857350,-2.378780
0.099341,-0.027681,0.191444,0.571317,1.606749,-1.734942
0.083828,-0.056221,0.188125,0.683166,0.219945,-1.741901
0.092911,-0.070359,0.179069,0.424542,1.239050,-1.340287
0.086694,-0.072804,0.172054,0.277637,0.361953,-1.141874
0.102322,-0.086879,0.150538,0.643264,1.286347,-0.654602
0.102148,-0.092433,0.150308,0.644676,0.647132,-0.662355
0.087751,-0.132502,0.144705,0.790931,0.441812,-0.510939
0.106014,-0.119815,0.113561,1.266649,0.870403,0.400690
0.081127,-0.145330,0.133929,1.168264,0.812524,0.359026
0.092005,-0.147460,0.116663,1.218850,0.736338,0.739855
0.080329,-0.179034,0.139125,0.957062,0.603403,0.406901
0.097326,-0.191609,0.120093,1.011774,0.709091,1.359714
0.089061,-0.199441,0.128667,0.713958,0.510950,1.562700
0.083937,-0.206357,0.130289,0.688496,0.691513,2.077777
0.085545,-0.213506,0.126504,0.377538,0.752183,2.482387
0.091214,-0.239818,0.118160,0.467267,0.682703,2.659814
0.105522,-0.256887,0.108043,-0.169506,1.204864,2.510375
0.099332,-0.275863,0.109343,-0.368570,0.567697,2.812425
0.098754,-0.260800,0.090568,-0.859872,0.479041,3.246064
0.084410,-0.245008,0.087778,-0.849562,1.226630,4.194360
0.093144,-0.252452,0.077307,-1.027099,0.778652,4.395505
0.090167,-0.267913,0.062362,-0.870947,0.150955,4.005148
0.112963,-0.265546,0.038840,-1.209488,0.166143,4.081068
0.110164,-0.271947,0.028064,-1.143708,-0.129618,4.292044
0.110797,-0.254842,0.019349,-1.160471,-0.254807,4.199679
0.114601,-0.234333,-0.005755,-1.217303,0.427185,4.731480
0.108201,-0.248930,-0.007187,-0.738465,-0.407736,4.344395
0.106248,-0.219697,-0.017694,-0.558797,-0.853419,4.929443
0.093906,-0.227594,0.012331,-0.539500,-1.067542,4.331242
0.097920,-0.195479,-0.024252,0.268387,-1.116618,4.821844
0.071280,-0.193303,0.018991,-0.113577,-1.588557,4.073123
0.087620,-0.170375,0.009810,0.143605,-1.272569,4.232262
0.072097,-0.160912,0.025523,0.343903,-1.512293,4.189747
0.054004,-0.141860,0.022897,0.258136,-0.968150,4.802768
0.028943,-0.108662,0.020616,0.485717,-0.529514,4.580812
0.019427,-0.110034,0.015594,0.442819,0.067512,4.784602
0.018226,-0.095010,0.026590,0.011930,0.301977,3.668323
0.002926,-0.098726,0.044571,-0.011910,0.542878,3.419918
-0.006517,-0.082353,0.007227,0.441270,1.175489,3.032721
-0.041856,-0.067644,0.052321,0.112537,1.543572,2.977979
-0.047174,-0.051134,0.044279,0.496165,2.205955,2.728736
-0.069058,-0.040810,0.075025,0.360440,0.720684,2.840240
-0.059571,-0.033366,0.057392,0.665290,1.851799,2.636007
-0.075990,-0.016819,0.060875,1.103032,1.854796,2.472754
-0.095974,-0.012109,0.079972,1.537791,1.765261,2.379011
-0.087301,0.025347,0.062336,2.089214,2.116354,2.874977
-0.105775,0.014463,0.089878,2.022410,1.207174,2.612313
-0.090039,0.032907,0.073932,2.061028,1.478091,3.180375
-0.111742,0.038733,0.086429,2.241224,0.718459,3.103648
-0.110781,0.033832,0.064108,2.146788,0.850042,3.901192
-0.109638,0.054249,0.061725,1.924528,0.188076,3.874784
-0.108184,0.044438,0.070565,1.885887,0.925098,4.246432
-0.100126,0.054548,0.039920,1.812275,0.371643,3.889293
-0.117782,0.053149,0.057133,1.438176,0.200986,3.904067
-0.105194,0.055342,0.026045,1.379794,0.870616,4.063915
-0.110905,0.053291,0.035511,1.667060,0.838222,3.975910
-0.105020,0.041497,0.019332,1.550116,1.126161,3.625283
-0.110324,0.040804,0.038997,1.921501,1.188701,3.846943
-0.104715,0.027471,0.032482,1.862178,1.690691,3.719066
-0.113505,0.035083,0.030864,1.919831,1.807926,3.306765
-0.118298,0.017683,0.036499,2.621402,3.256309,3.595528
-0.106504,0.006604,0.025782,2.696130,3.620781,3.333580
-0.122335,-0.028170,0.061151,2.533427,2.004269,2.768216
-0.080185,-0.032375,0.067223,2.447387,2.712120,2.875664
-0.075347,-0.041378,0.068680,2.230989,2.341365,3.013261
-0.059207,-0.056471,0.065063,2.211557,2.801734,2.837139
-0.047847,-0.057459,0.059503,1.649227,2.948400,3.349304
-0.026373,-0.080118,0.036808,1.659208,3.618778,3.506357
-0.004390,-0.090234,0.059102,1.244646,2.641032,2.841020
0.024676,-0.120570,0.031274,1.266980,4.267158,2.625450
0.057750,-0.122487,0.009918,1.475353,2.478637,2.367766
0.068624,-0.154780,0.033700,1.062576,2.090361,1.782354
0.107193,-0.151698,-0.003658,0.832287,2.336583,2.371933
0.133974,-0.173378,-0.006389,1.050638,2.257148,1.935087
0.180601,-0.178791,-0.035140,0.899918,2.900870,2.409909
0.205942,-0.182343,-0.041114,0.622756,1.875988,1.902983
0.220486,-0.199221,-0.038875,0.369210,0.919334,1.341601
0.255825,-0.194045,-0.054887,0.363808,0.000078,1.100372
0.276261,-0.220501,-0.028686,0.611799,-0.786506,1.216945
0.315762,-0.212958,-0.037605,0.242374,-1.302473,1.075709
0.326548,-0.220160,-0.055612,0.118363,-2.125258,0.791388
0.363807,-0.230283,-0.071519,-0.265400,-1.759838,0.910154
0.391091,-0.227424,-0.087357,-0.350842,-1.359702,-0.003302
0.409830,-0.236221,-0.092973,-0.214926,-0.547512,-0.217694
0.423075,-0.223354,-0.124780,-0.915529,-0.216960,-1.366144
0.416300,-0.232475,-0.127481,-1.045799,-0.078268,-2.153099
0.435936,-0.211041,-0.145850,-0.915313,0.355004,-2.858702
0.430438,-0.217307,-0.135881,-1.415198,0.543105,-3.146319
0.450615,-0.204233,-0.154545,-1.531173,1.032040,-3.713009
0.464096,-0.218111,-0.122932,-1.262568,0.887153,-4.985394
0.488648,-0.220921,-0.129582,-1.329399,1.237622,-5.900448
0.496749,-0.197124,-0.125348,-1.173033,1.236076,-6.313757
0.510470,-0.184982,-0.143135,-1.226343,1.530898,-6.593703
0.519461,-0.148081,-0.133173,-0.600776,1.689854,-7.294543
0.531937,-0.151350,-0.122899,-0.210583,1.277481,-7.275420
0.547854,-0.127736,-0.130580,-0.736817,1.238125,-7.688186
0.555564,-0.137787,-0.113409,-0.827786,1.121073,-8.185745
0.575062,-0.102862,-0.145259,-1.168487,1.071748,-8.246841
0.579578,-0.091967,-0.127110,-1.100994,0.357085,-8.403607
0.598981,-0.087076,-0.149753,-1.738112,0.459599,-8.606333
0.610551,-0.075604,-0.136209,-1.772823,-0.100332,-8.867097
0.614343,-0.059865,-0.128542,-1.890190,-0.421168,-9.254218
0.613391,-0.025859,-0.125886,-1.280152,-0.775119,-9.126197
0.613748,-0.019681,-0.094345,-1.471696,-0.791670,-9.437162
0.624508,-0.010632,-0.096423,-1.442659,-0.587489,-8.718347
0.625933,-0.009233,-0.086477,-1.073444,-0.845721,-9.478675
0.616811,-0.033885,-0.055944,-0.495975,-0.861405,-9.897770
0.623445,-0.005728,-0.045703,-0.470273,-0.921214,-9.020890
0.590952,0.002498,-0.016985,0.248184,-1.220422,-8.755617
0.586990,0.015838,-0.002004,0.119995,-1.142867,-8.760334
0.573073,0.030100,-0.007636,-0.255694,-0.702561,-8.387692
0.561115,0.022636,-0.003418,-0.324799,-0.824970,-8.087159
0.542270,0.042022,0.014931,-0.228216,-0.589117,-8.263844
0.500547,0.027038,0.024689,-0.156298,-0.504121,-7.973092
0.489344,0.038483,0.016165,0.114539,0.098009,-7.562578
0.467910,0.024825,0.040337,-0.271246,0.168847,-7.337669
0.454248,0.021096,0.026941,-0.676305,0.877385,-7.721993
0.431580,0.024737,0.052679,-0.159439,0.795215,-7.008080
0.408859,0.021113,0.051897,0.442698,1.374126,-6.794505
0.378132,0.033835,0.040737,-0.193823,1.649926,-6.138625
0.355926,0.004704,0.066629,1.014813,1.617253,-5.715624
0.346696,0.004733,0.065766,1.105527,1.735982,-4.966824
0.309942,-0.019320,0.105877,1.207145,1.908225,-4.370635
0.298490,-0.012345,0.104459,1.239293,1.399187,-3.274029
0.264829,-0.023466,0.125289,0.707791,0.668044,-2.238065
0.265016,-0.026837,0.121767,0.535059,0.902118,-1.354935
0.241661,-0.042435,0.142397,1.384531,0.990150,-0.737058
0.233304,-0.051390,0.116515,0.486889,1.437730,0.406051
0.200355,-0.050871,0.127456,0.707144,1.650957,1.424335
0.171959,-0.069066,0.149008,1.120039,0.457922,2.498211
0.153275,-0.077882,0.142673,1.174337,0.419350,2.487934
0.132120,-0.097869,0.179755,0.493428,-0.379494,3.167816
0.133121,-0.113651,0.156292,0.148512,0.048356,4.182986
0.084265,-0.137853,0.161557,0.026760,-0.419733,4.564464
0.071339,-0.133720,0.159259,-0.105857,0.177533,5.967417
0.045129,-0.144319,0.176683,0.315119,0.354043,6.031228
0.016545,-0.169725,0.190341,0.841583,0.505997,6.875743
-0.007065,-0.167132,0.168289,1.205986,0.101505,7.086827
-0.046025,-0.187444,0.201081,0.983381,1.073980,7.341235
-0.060182,-0.182993,0.224623,1.081992,0.804032,8.465812
-0.096715,-0.194484,0.218639,1.609201,1.049483,8.414306
-0.120152,-0.209209,0.229563,1.381639,-1.136716,8.883968
-0.152668,-0.190079,0.222564,0.608018,-1.031931,9.395840
-0.188670,-0.192233,0.211919,0.852766,-0.134430,9.686713
-0.207199,-0.179057,0.187636,1.002915,-1.382058,9.514976
-0.227947,-0.192787,0.195944,0.863240,1.826495,9.666975
-0.239390,-0.189590,0.174467,0.569357,0.164029,9.549520
-0.261835,-0.191291,0.164285,0.637153,0.988305,9.136119
-0.266831,-0.185976,0.132803,0.674329,2.909375,9.286051
-0.297522,-0.159149,0.107275,0.680001,3.276568,9.256751
-0.312657,-0.164496,0.136023,1.896026,2.520278,8.654952
-0.326194,-0.153881,0.125463,1.370416,1.990873,8.091494
-0.338306,-0.162622,0.137858,1.568895,2.082473,7.623143
-0.337105,-0.146157,0.125529,1.458238,1.699311,7.524909
-0.349919,-0.126623,0.122230,1.684578,1.873450,7.381374
-0.348790,-0.122983,0.134191,1.732686,1.960373,7.366482
-0.347054,-0.107352,0.125969,1.678831,2.451242,7.100545
-0.339068,-0.114961,0.097241,1.473485,1.936723,6.652187
-0.327139,-0.093582,0.107128,1.463628,2.266870,5.837531
-0.342839,-0.084500,0.086849,0.666143,1.361108,5.485076
-0.319353,-0.060827,0.065687,0.363952,1.958925,5.124677
-0.323893,-0.059865,0.076739,0.474215,1.575014,4.279964
-0.295083,-0.067510,0.057290,0.770413,2.665877,3.714601
-0.290366,-0.061851,0.074474,1.702077,2.387762,2.515466
-0.275989,-0.056924,0.055301,1.427836,2.315503,2.073289
-0.272746,-0.034882,0.054510,1.251290,1.322313,1.230171
-0.264740,-0.040564,0.075738,1.147683,0.523791,1.023224
-0.226766,-0.032286,0.082221,1.605747,0.672347,0.640912
-0.207849,-0.033651,0.088503,1.377857,-0.464627,0.767559
-0.193373,-0.033139,0.071366,1.482764,0.157658,0.000709
-0.167071,-0.031905,0.041961,1.554613,1.109112,-0.005258
-0.137848,-0.041752,0.047929,1.169751,1.188589,-0.647011
-0.104455,-0.041411,0.009127,1.227269,1.389163,-0.723901
-0.087190,-0.044559,0.020606,0.685906,1.066476,-0.788929
-0.064088,-0.050953,0.000281,0.254263,1.306734,-0.830711
-0.044206,-0.041523,-0.011664,0.040632,1.435317,-1.128753
-0.014018,-0.055201,-0.031585,0.078550,1.247575,-0.834646
0.020615,-0.058348,-0.042581,-0.120234,1.110031,-1.566239
0.029271,-0.080187,-0.049051,-0.066629,0.701210,-2.203346
0.071782,-0.073228,-0.071857,-0.106408,0.613411,-1.861972
0.088086,-0.065458,-0.077017,-0.148985,-0.243886,-1.111222
0.113853,-0.071928,-0.096646,-0.020960,0.067555,-1.094970
0.151309,-0.066587,-0.104448,0.182187,-0.381135,-1.139683
0.162840,-0.089538,-0.116413,0.245820,-0.603838,-1.244671
0.208482,-0.078683,-0.160897,0.292605,-0.570853,-1.008706
0.230960,-0.090520,-0.146214,-0.137460,-0.718153,-1.069079
0.264372,-0.095519,-0.164996,-0.052320,0.139906,-0.292431
0.284871,-0.095365,-0.165239,-0.271597,0.142847,-0.583103
0.296836,-0.119123,-0.170458,-0.170806,0.235990,-0.065725
0.322462,-0.119382,-0.195651,-0.014559,0.349168,0.008222
0.332867,-0.129364,-0.154325,-0.613597,0.191303,-0.251234
0.371938,-0.130933,-0.146700,-0.801767,0.667906,-0.297884
0.388255,-0.132926,-0.154302,-0.403177,0.931338,-0.382698
0.395079,-0.152059,-0.141730,-0.255021,1.088623,-0.581118
0.411649,-0.143538,-0.152979,-0.370539,1.338741,-0.461174
0.417659,-0.154557,-0.118973,0.255300,1.609910,-0.251341
0.440682,-0.158328,-0.101560,0.475010,2.314338,-0.075083
0.457816,-0.160544,-0.091749,0.744400,1.825983,-0.076888
0.473021,-0.162934,-0.082138,0.841478,0.869267,0.298686
0.472610,-0.160941,-0.051332,0.608428,-1.193286,-0.136553
0.485983,-0.169298,-0.021803,0.582326,-1.385269,-0.147489
0.515952,-0.161575,-0.053072,0.892116,0.377305,-0.064361
0.521860,-0.161936,-0.033315,0.412726,1.449035,0.572806
0.547650,-0.168924,-0.028824,0.427989,0.275458,0.834004
0.559057,-0.146308,-0.031542,0.102132,0.566111,1.065967
0.541443,-0.159438,-0.010741,-0.199334,-0.768971,0.742263
0.566541,-0.137357,-0.025315,-0.415181,-0.466829,0.459021
0.553992,-0.131957,-0.012307,-0.123844,-0.709635,0.257154
0.560041,-0.133979,-0.032110,0.008044,0.485304,0.283079
0.543422,-0.129860,-0.031257,0.284405,0.323175,-0.857566
0.537711,-0.128360,-0.016679,0.342633,0.302390,-0.957588
0.531208,-0.126610,-0.029960,0.846782,0.519373,-0.776707
0.509856,-0.109292,0.003721,0.686258,0.092104,-1.139436
0.510906,-0.094977,0.004066,0.339445,-0.394196,-1.862952
0.490844,-0.067950,-0.001186,0.013545,-0.747655,-1.559228
0.487677,-0.080328,-0.012767,0.275592,-0.545664,-1.775203
0.479585,-0.063328,-0.011578,0.196561,-0.427194,-2.643205
0.464798,-0.061894,-0.015616,0.085102,-0.509393,-3.620243
0.460002,-0.047428,-0.041455,0.514905,-0.193524,-3.711679
0.413769,-0.038313,-0.003599,-0.184967,-2.506917,-4.304301
0.430625,-0.021241,-0.055455,0.519556,1.593547,-4.530071
0.416897,-0.010622,-0.038655,0.286562,1.554217,-5.019220
0.411258,-0.020105,-0.069024,0.543390,4.140453,-5.811893
0.387740,-0.008567,-0.061327,0.571733,3.069535,-6.362900
0.355627,-0.013215,-0.012025,0.090246,2.140500,-6.998420
0.365196,0.000811,-0.008618,-0.145187,2.685447,-7.422797
0.353852,0.014899,0.011989,0.312116,2.359428,-7.385135
0.331941,0.009536,0.020803,0.485783,2.305186,-7.567819
0.327681,0.013967,0.046721,0.473871,2.482326,-7.381554
0.315795,0.006736,0.060678,0.602779,1.634381,-7.422972
0.327658,0.018933,0.062493,0.614825,1.493475,-7.465516
0.309831,0.002213,0.084942,0.288669,1.010254,-8.319895
0.330497,0.016225,0.087269,0.443410,1.672165,-8.032301
0.319110,0.026292,0.090157,0.611605,1.185395,-7.628854
0.319284,0.017131,0.085060,0.771647,1.217711,-7.306817
0.313606,0.023909,0.077172,0.509229,1.020574,-7.528073
0.302324,0.001044,0.086589,0.173695,0.702070,-7.575691
0.318047,-0.003095,0.080199,0.079752,0.421086,-7.488122
0.310862,-0.020486,0.096693,-0.209168,0.110949,-7.622971
0.312132,-0.019859,0.088736,-0.210018,0.230446,-7.498596
0.299238,-0.009050,0.090840,-0.190941,0.588940,-7.527915
0.281904,-0.035595,0.083379,0.057930,1.197124,-7.072811
0.279757,-0.031905,0.078475,-0.031638,0.795905,-7.039107
0.254574,-0.057167,0.106156,-0.422386,0.072285,-6.785683
0.256186,-0.062688,0.091543,-0.319087,0.699020,-6.534406
0.243470,-0.073228,0.094290,-0.173308,0.576260,-6.471774
0.236757,-0.093162,0.073026,0.167298,0.883438,-5.835834
0.231102,-0.097465,0.082293,0.124203,1.086204,-5.623063
0.205840,-0.120551,0.081052,-0.150711,-0.685702,-4.839913
0.206838,-0.109486,0.052616,-0.137125,-1.010053,-3.950129
0.167540,-0.126594,0.082713,-1.154097,-2.881207,-3.874659
0.191726,-0.133464,0.045392,-0.876954,-0.247530,-2.902702
0.195057,-0.150398,0.028697,-0.569760,1.193671,-2.207318
0.195523,-0.165248,0.020104,-1.309894,0.663764,-1.651446
0.187173,-0.165340,-0.003267,-0.887399,1.758998,-1.237738
0.169359,-0.189994,-0.007981,-0.503997,1.084149,-0.737769
0.167170,-0.193122,-0.032117,-0.400702,1.210940,-0.473549
0.140917,-0.204079,0.022086,-0.808213,-0.220006,0.343548
0.145650,-0.202579,0.017872,-0.531422,0.175288,1.078187
0.122588,-0.201794,0.022487,-0.658603,-0.516673,2.326876
0.104777,-0.213313,0.027512,-0.404542,-0.666402,2.912204
0.092530,-0.202116,0.032419,-0.595954,-0.786220,3.320082
0.062463,-0.214350,0.053732,-0.016538,-0.969056,4.034219
0.063330,-0.210480,0.064262,-0.192011,-1.396833,4.153277
0.029511,-0.208960,0.069642,0.061190,-1.379859,5.237292
0.008260,-0.205267,0.069304,0.506620,-1.103649,5.962395
-0.016447,-0.192758,0.082828,0.506610,-1.341304,6.513634
-0.033656,-0.193040,0.105995,0.778678,-0.263597,7.323888
-0.039522,-0.187943,0.099053,1.035535,-0.254223,7.855905
-0.058849,-0.185297,0.129773,0.770328,-0.126907,8.219261
-0.078396,-0.194990,0.115869,1.292429,0.371312,8.377649
-0.091857,-0.184027,0.146202,1.160498,0.251142,8.805586
-0.124445,-0.192952,0.150410,1.329248,0.391193,8.865868
-0.136118,-0.167040,0.154631,1.381038,0.167840,9.799285
-0.179095,-0.158571,0.176906,1.157517,0.345801,9.962487
-0.192914,-0.147214,0.172048,1.368174,1.595198,10.611526
-0.223713,-0.136159,0.186543,1.121141,0.639612,10.620871
-0.237132,-0.144227,0.191375,1.415645,0.188470,10.547446
-0.249753,-0.125537,0.177779,1.660384,0.989428,10.800866
-0.293662,-0.128580,0.196640,1.431893,0.372631,10.886439
-0.301244,-0.102271,0.177638,1.491620,1.294491,11.216658
-0.321681,-0.077252,0.174569,1.541165,1.608978,11.485092
-0.329394,-0.088123,0.167226,2.033272,2.026757,11.193162
-0.336740,-0.068435,0.138537,1.995862,2.235425,11.257639
-0.350766,-0.076753,0.154250,1.897428,1.956962,10.880408
-0.358237,-0.063699,0.157359,2.095451,1.403953,10.832828
-0.365071,-0.057341,0.155409,2.516821,1.292840,10.766178
-0.364218,-0.054584,0.154552,2.804073,1.509599,10.644472
-0.375877,-0.032640,0.145007,2.876504,1.189535,10.674191
-0.383023,-0.041989,0.145736,3.029784,1.508647,9.558010
-0.381851,-0.007520,0.121849,3.164206,1.837957,9.702060
-0.405842,-0.013497,0.145713,2.908783,1.654331,9.134434
-0.388623,0.005787,0.118619,2.851856,2.238681,8.713274
-0.391534,-0.006854,0.130725,2.485808,2.176882,7.555095
-0.381526,-0.018815,0.119932,2.384808,2.050295,6.932229
-0.376501,-0.015007,0.113459,2.322766,2.758566,6.327643
-0.366601,-0.019589,0.102086,2.358801,3.569460,5.794595
-0.345580,-0.003492,0.079197,1.823248,3.797763,4.984578
-0.336780,-0.018500,0.092330,1.478510,3.675394,4.121631
-0.299889,-0.014630,0.088894,1.511781,4.033472,3.403831
-0.268692,-0.023082,0.088890,1.529194,3.238216,2.557580
-0.235316,-0.040443,0.074838,1.907197,3.805835,1.720434
-0.190698,-0.035965,0.061951,1.684467,3.487688,1.138090
-0.167826,-0.057160,0.063714,2.001406,3.423825,0.162104
-0.111345,-0.065563,0.034441,2.208597,3.183511,-0.073430
-0.083382,-0.067917,0.041469,1.770673,2.632009,-0.612656
-0.029708,-0.065760,0.021715,2.125232,2.343325,-0.217469
0.003977,-0.065435,0.022936,2.157676,2.138734,-0.936450
0.053978,-0.084148,0.006839,1.604067,1.032749,-1.344660
0.096653,-0.103193,-0.012671,1.413708,-1.395284,-2.054033
0.159906,-0.105763,-0.020976,0.883434,0.955996,-1.996987
0.201438,-0.117725,-0.037874,0.541036,-0.046221,-2.346733
0.232142,-0.111961,-0.062308,0.345754,-1.175600,-2.415319
0.263217,-0.120016,-0.106385,0.180759,-0.072504,-2.436155
0.309965,-0.117098,-0.110485,-0.155720,-0.066494,-3.100142
0.329388,-0.150470,-0.119587,-0.452282,-0.385182,-4.132432
0.391534,-0.148497,-0.147317,-0.945856,0.169287,-4.784015
0.426975,-0.156372,-0.165170,-0.782082,0.727620,-5.405587
0.464558,-0.162786,-0.180135,-1.148133,0.900880,-5.770022
0.489725,-0.163410,-0.192920,-1.351204,0.804331,-5.872736
0.516267,-0.187493,-0.193662,-1.036461,0.679565,-5.872446
0.550027,-0.182671,-0.222229,-1.078105,0.460469,-6.747425
0.571930,-0.197498,-0.187425,-1.328703,0.246434,-7.407424
0.628460,-0.191045,-0.196370,-1.561434,0.402347,-7.970870
0.658675,-0.198952,-0.210839,-1.209741,0.295274,-8.700733
0.685824,-0.198197,-0.231016,-1.243547,0.568783,-8.511391
0.700628,-0.174678,-0.235421,-1.167666,0.782378,-8.439762
0.709064,-0.173421,-0.242912,-1.303763,0.658075,-8.357225
0.749884,-0.162543,-0.262183,-1.642090,0.841852,-8.733044
0.771506,-0.168721,-0.249719,-2.231327,0.208650,-8.832777
0.806986,-0.175768,-0.255345,-2.486471,-0.137634,-9.383589
0.822075,-0.170142,-0.254413,-2.381154,-0.165928,-9.919558
0.826168,-0.157938,-0.248918,-2.326068,-0.251511,-9.345109
0.832543,-0.131353,-0.233402,-2.377222,-0.569678,-9.169767
0.841684,-0.135850,-0.244838,-2.256182,-0.252930,-9.100751
0.868006,-0.123784,-0.248298,-1.809649,-0.588808,-9.348029
0.871236,-0.130392,-0.206378,-2.153911,-0.165121,-9.351295
0.900194,-0.109128,-0.195296,-1.714865,-0.261221,-9.427123
0.887284,-0.096024,-0.177627,-1.381475,-0.875657,-9.289494
0.877729,-0.091724,-0.162429,-0.980823,-1.136877,-9.080485
0.867268,-0.072972,-0.132500,-0.331935,-1.499711,-8.968672
0.842781,-0.070051,-0.116452,-0.859987,-2.426320,-8.776122
0.846004,-0.059399,-0.098071,-0.995201,-3.445314,-8.938471
0.828243,-0.041296,-0.079013,-0.978119,-2.455649,-8.892882
0.807202,-0.028429,-0.071647,-0.892175,-3.116867,-8.066670
0.774982,0.004484,-0.056830,-0.999635,-2.859914,-7.889922
0.724104,-0.000873,-0.040080,-0.529774,-1.728724,-7.689730
0.700205,0.022701,-0.047810,-0.307648,-0.865311,-7.390708
0.665309,0.015342,-0.022479,-0.261632,-0.728522,-8.144071
0.643530,0.008403,-0.006711,-0.102630,0.288945,-7.392521
0.602033,0.018664,0.013115,-0.270284,0.813354,-7.665076
0.542940,0.020345,0.034464,-0.429243,0.843369,-7.171044
0.511350,0.028909,0.070863,-0.715790,1.221604,-6.134917
0.473874,0.031945,0.078649,-0.352877,1.713756,-5.961759
0.447677,0.014433,0.082283,-0.056427,2.042109,-5.434833
0.428461,0.006509,0.085933,0.288548,2.092898,-5.699683
0.381841,0.002340,0.129064,-0.078911,1.508072,-5.023974
0.352598,0.002114,0.144127,0.321832,1.752699,-4.439353
0.304848,-0.002586,0.155793,0.767111,1.256959,-3.575770
0.256540,0.004628,0.162607,1.102520,1.116855,-2.415281
0.212241,0.008334,0.168552,0.996980,0.711234,-1.966300
0.170580,0.006529,0.178173,1.473915,0.419563,-1.289147
0.156669,-0.009148,0.174221,1.266199,0.549141,-0.765965
0.119459,-0.006371,0.167383,1.298846,0.700593,-0.592410
0.062099,-0.017994,0.180854,1.254287,0.246776,0.556265
0.023684,-0.000236,0.176509,0.934778,0.280431,1.617572
-0.013348,-0.014338,0.176410,1.320595,0.424556,2.307199
-0.048644,-0.032526,0.169409,0.999045,0.986086,2.665835
-0.063402,-0.045600,0.155104,1.148540,1.245339,3.420993
-0.119791,-0.080968,0.209188,0.428409,-0.085200,3.025436
-0.136059,-0.079451,0.199955,0.712573,1.114088,3.640863
-0.171447,-0.078982,0.207167,1.290696,1.818273,4.533985
-0.228381,-0.096930,0.234033,1.700899,1.485433,5.423466
-0.247107,-0.099198,0.220336,2.089644,1.635506,5.998300
-0.284615,-0.110615,0.247708,1.656021,1.985378,6.172081
-0.306348,-0.127500,0.243936,1.633743,1.979982,6.743167
-0.334692,-0.124158,0.238796,1.563939,1.864627,6.878459
-0.357535,-0.132013,0.223717,1.771806,2.619795,7.973089
-0.379734,-0.114347,0.223300,2.017884,3.015657,8.341569
-0.416241,-0.138821,0.240398,1.826757,2.186342,8.390930
-0.420482,-0.145579,0.202709,1.597827,2.158947,8.492331
-0.432814,-0.155843,0.226595,1.140317,2.161133,8.449981
-0.422553,-0.155791,0.207787,1.464399,3.966671,8.786471
-0.446820,-0.170926,0.216620,1.037183,1.603788,8.680317
-0.447099,-0.169482,0.206684,1.144023,1.879211,8.712833
-0.567614,-0.181581,0.327251,-0.918080,-20.795148,8.253183
-0.454078,-0.182087,0.180792,1.514039,3.031662,9.392901
-0.452689,-0.174704,0.185739,1.706659,2.056519,8.913616
-0.458512,-0.196949,0.204183,1.764762,1.178591,8.678377
-0.452374,-0.179008,0.164990,1.935288,0.784068,8.590394
-0.462048,-0.185257,0.221901,1.653083,-0.486649,8.920115
-0.448278,-0.181850,0.193351,1.616615,-0.844080,8.471130
-0.437124,-0.174888,0.186934,1.494519,-0.041961,8.279196
-0.415627,-0.174507,0.173551,1.118634,-0.226893,8.313039
-0.392877,-0.181870,0.152412,1.545879,0.422153,7.576509
-0.366555,-0.185267,0.124183,1.404820,0.901885,7.834066
-0.346059,-0.178725,0.118564,1.026794,1.619285,7.012599
-0.331347,-0.183964,0.090492,0.902029,3.137836,6.304174
-0.299655,-0.174288,0.066819,1.036684,2.199991,6.005656
-0.287530,-0.178115,0.088296,0.766513,2.056857,5.388151
-0.249369,-0.172568,0.071599,0.573467,1.983665,4.773088
-0.222666,-0.167280,0.061699,1.047953,2.006258,4.258168
-0.203684,-0.176011,0.047256,1.383572,1.839018,3.806157
-0.181763,-0.167887,0.053831,1.334943,1.215466,3.370742
-0.165181,-0.158197,0.046659,1.222605,1.001704,3.190205
-0.126356,-0.139707,0.017793,0.885091,0.541302,3.506973
-0.101321,-0.131517,-0.001442,0.680648,0.579392,2.984193
-0.069248,-0.131009,-0.021166,0.365248,0.547739,2.984853
-0.027052,-0.131137,-0.036358,0.352243,0.468153,2.223328
-0.000396,-0.135831,-0.053275,-0.163414,0.646902,1.886038
0.038390,-0.121112,-0.070735,-0.274893,0.507562,1.467961
0.041774,-0.120662,-0.066178,-0.468179,0.219771,1.162280
0.076788,-0.099757,-0.089999,-0.420767,-0.346423,1.054512
0.085306,-0.104867,-0.078950,-0.181872,-0.276566,0.698748
0.139971,-0.096796,-0.093859,-0.342055,0.042332,0.713346
0.153262,-0.090812,-0.094608,0.219915,-0.015481,-0.119130
0.178464,-0.113976,-0.102679,0.679155,0.463499,-0.453170
0.200201,-0.083476,-0.110961,0.739922,1.095690,-0.508079
0.204750,-0.093241,-0.104274,0.962800,0.628271,-0.921442
0.241632,-0.083541,-0.088752,0.655570,-1.385410,-1.502680
0.265452,-0.086088,-0.082505,0.917404,0.473793,-1.108212
0.288328,-0.091895,-0.062082,0.364165,-2.439332,-1.118144
0.332509,-0.064808,-0.079827,0.603360,1.755959,-0.633492
0.356517,-0.092978,-0.079033,0.651723,1.580831,-1.187452
0.370589,-0.084493,-0.069152,-0.028683,-0.351199,-1.240634
0.395509,-0.104181,-0.081629,-0.068565,0.406683,-1.688161
0.420889,-0.084670,-0.089661,-0.070344,0.731428,-1.329246
0.418969,-0.076304,-0.091808,-0.458886,1.509261,-1.773445
0.449312,-0.065675,-0.113216,0.036713,1.995590,-1.338151
0.439799,-0.077108,-0.083227,-0.150035,1.148987,-1.293775
0.469633,-0.069778,-0.094355,0.236285,1.145360,-1.323747
0.490257,-0.062196,-0.105476,-0.068257,1.479364,-1.508827
0.508720,-0.071327,-0.096380,0.211946,1.427777,-2.116360
0.527722,-0.070467,-0.085725,0.452384,0.411777,-2.263078
0.533995,-0.091058,-0.060815,0.675557,-1.102973,-2.376042
0.536418,-0.077416,-0.073308,0.885495,-0.267894,-1.807406
0.540360,-0.067457,-0.074001,0.483567,-0.371399,-1.875205
0.560245,-0.055240,-0.082663,0.794552,0.050992,-1.684745
0.567151,-0.075329,-0.060460,0.105667,-0.342176,-1.800860
0.583015,-0.064418,-0.078058,-0.027840,0.115153,-2.419114
0.585881,-0.064021,-0.080145,0.046593,0.154451,-2.661456
0.571139,-0.065934,-0.105830,-0.232628,0.502665,-2.433708
0.558610,-0.059182,-0.095123,0.146576,0.868023,-2.500877
0.550404,-0.053297,-0.103677,-0.532945,0.968853,-2.691035
0.546157,-0.044444,-0.120312,-0.512843,1.251044,-3.444434
0.518650,-0.053422,-0.101314,-1.128428,0.597209,-3.813453
0.523189,-0.037820,-0.101481,-1.056228,1.101247,-4.073252
0.516575,-0.025035,-0.102879,-0.818779,1.065465,-4.086890
0.507207,-0.049332,-0.098924,-0.455765,1.586976,-4.924250
0.503101,-0.039924,-0.093570,-0.485497,1.204053,-5.293551
0.506485,-0.055874,-0.094473,-0.185236,1.742022,-5.274431
0.498387,-0.031416,-0.068745,-0.024255,1.684369,-5.595972
0.473546,-0.041654,-0.058498,0.366693,1.620289,-6.173144
0.473693,-0.025613,-0.063441,0.626544,1.769200,-6.506522
0.449856,-0.024290,-0.041485,0.185702,1.285454,-6.153719
0.458798,-0.013694,-0.044629,0.196620,1.394470,-5.913576
0.441138,-0.017814,-0.029520,0.259925,0.674612,-6.726446
0.439920,-0.012847,-0.040454,0.175740,1.171974,-6.454601
0.416320,-0.002669,-0.016276,0.208085,1.432146,-6.613432
0.406321,-0.005130,-0.028092,0.097917,1.591427,-6.244496
0.400288,0.022570,-0.003385,-0.429925,1.669595,-6.348241
0.383630,0.011538,-0.007124,-0.448278,2.025174,-6.652313
0.373579,0.022114,0.007719,0.197142,1.450318,-7.129682
0.347539,0.019931,0.032918,-0.247737,1.051505,-6.965492
0.357354,0.018497,0.031215,0.442894,1.411920,-7.923317
0.321293,0.001221,0.047072,0.127370,1.263202,-7.986442
0.333199,0.016022,0.033148,0.557993,1.463887,-7.540185
0.294449,-0.006286,0.082998,0.755504,1.351963,-7.634877
0.309122,0.009063,0.072780,1.315790,1.769190,-7.243561
0.275700,0.009529,0.099322,0.906362,1.026808,-6.498763
0.290724,0.019298,0.097267,1.023610,1.243954,-6.795699
0.266014,0.000315,0.109389,1.077235,0.959229,-7.057329
0.254640,-0.008006,0.109573,0.587712,-0.446492,-6.707805
0.260115,-0.010832,0.108326,0.550214,0.036463,-6.650536
0.248843,-0.021913,0.101682,1.000669,1.346645,-5.396563
0.249772,-0.007707,0.055413,-0.246063,2.134496,-4.805487
0.224435,-0.052296,0.111254,0.926611,1.323868,-4.463139
0.241878,-0.034081,0.081646,0.337187,1.323366,-4.197822
0.213587,-0.086276,0.116548,0.455430,1.106542,-4.325850
0.222321,-0.087421,0.099857,-0.134076,0.996081,-3.853533
0.197411,-0.109246,0.136299,0.251053,0.380653,-3.096107
0.197210,-0.109978,0.101813,-0.660280,0.833676,-2.238446
0.180605,-0.138522,0.124075,-0.274095,-0.250940,-1.926082
0.186605,-0.148678,0.102427,-0.476608,0.352589,-1.040585
0.175156,-0.174481,0.139496,0.675449,-0.232155,-0.752265
0.181708,-0.201361,0.126435,0.761239,-0.098251,0.436957
0.166146,-0.200934,0.126061,0.646038,-0.479710,0.750915
0.148315,-0.217202,0.118032,0.664371,-0.323370,1.684326
0.147019,-0.229209,0.097165,0.216531,-0.248255,2.323752
0.124875,-0.256083,0.117133,-0.309476,-0.742374,2.539349
0.122492,-0.265940,0.095180,-0.243099,-0.385454,3.406497
0.087072,-0.275232,0.127505,-0.388205,-0.834088,3.664329
0.082607,-0.280717,0.117595,-0.752704,-0.577644,4.959928
0.067925,-0.283882,0.108326,-0.375962,-0.340892,4.788765
0.058774,-0.323534,0.111342,0.245167,0.067926,4.821317
0.039424,-0.317333,0.085861,-0.712477,0.469519,5.000886
0.009773,-0.332481,0.103251,0.055193,0.150161,5.227141
-0.014169,-0.317179,0.100057,0.568510,0.075485,6.125307
-0.045234,-0.319913,0.107029,0.205338,-0.148430,6.519167
-0.051690,-0.303225,0.063422,0.085608,-0.138996,7.157653
-0.078603,-0.306524,0.102394,0.343201,-0.330572,7.705610
-0.076525,-0.295341,0.062992,0.363890,0.023180,7.719531
-0.104088,-0.280619,0.066422,0.230951,0.157343,8.334177
-0.112284,-0.272567,0.039237,-0.454596,0.477837,8.596184
-0.138353,-0.254812,0.035469,-0.046192,0.418044,8.705824
-0.160460,-0.281289,0.067738,0.853354,0.435152,8.794246
-0.173255,-0.239267,0.027840,0.096876,0.791759,8.859904
-0.205042,-0.234041,0.049065,-0.379343,0.774169,8.812902
-0.196626,-0.224801,0.047108,0.805154,1.264923,8.297319
-0.223234,-0.218702,0.085690,0.819869,1.051039,8.368193
-0.230885,-0.211412,0.102637,1.140475,1.112765,7.858223
-0.258034,-0.186521,0.116023,1.906232,1.050691,8.392404
-0.280906,-0.158335,0.127262,1.876975,0.860562,8.438721
-0.293750,-0.120728,0.114549,2.208908,0.968338,8.203954
-0.311049,-0.124280,0.129245,1.555753,0.521214,8.323175
-0.298674,-0.102530,0.114756,1.101338,0.577334,7.632356
-0.307008,-0.079359,0.124397,1.394897,0.792908,7.414464
-0.312736,-0.059540,0.125801,1.659149,1.200344,7.644937
-0.337988,-0.041231,0.087899,1.086607,1.638109,6.656528
-0.331429,-0.024231,0.115291,1.926980,1.625367,6.950339
-0.331741,-0.008167,0.112521,1.678598,1.892984,5.651997
-0.331121,-0.002836,0.092268,1.295416,1.871812,5.585343
-0.324129,0.018106,0.103323,1.620699,1.865474,4.525040
-0.332795,0.016879,0.103970,1.026325,2.330546,3.742319
-0.309066,0.035506,0.086238,1.819263,2.559614,3.849904
-0.320236,0.030622,0.117392,1.762841,2.097828,3.158432
-0.297601,0.038103,0.137507,3.168342,2.270812,2.619935
-0.292887,0.061063,0.113584,2.358899,2.101997,2.514319
-0.277049,0.072046,0.127738,2.883548,1.781447,2.501426
-0.259206,0.070225,0.129205,2.958085,2.207983,1.454686
-0.212878,0.057384,0.104390,2.607583,2.922682,1.246179
-0.194703,0.061891,0.091480,1.938600,2.897164,1.174379
-0.171867,0.057341,0.060254,1.717823,2.615912,0.846746
-0.138281,0.062435,0.043294,1.377427,2.836114,0.249038
-0.108739,0.053852,0.028067,0.974754,2.404306,0.495277
-0.059033,0.046696,0.004358,1.350945,2.321316,0.038333
-0.044617,0.032733,0.041984,1.352744,1.588108,-0.180090
0.009987,0.031193,0.005083,1.303770,1.629496,-0.383380
0.027732,0.016846,-0.008582,1.094435,1.415311,-0.674861
0.078521,0.003762,0.012643,2.240650,1.527737,-0.564744
0.115484,0.001796,-0.081649,-0.155763,0.621420,-0.568816
0.154490,-0.045078,-0.057372,1.697741,1.003470,-1.387258
0.190672,-0.039406,-0.086602,0.722827,0.923398,-1.775190
0.208771,-0.051987,-0.061458,1.140097,0.454433,-1.410618
0.246847,-0.045396,-0.110134,1.332182,0.054668,-1.267723
0.265351,-0.058647,-0.096216,0.379018,-0.017950,-1.650550
0.317653,-0.065819,-0.127045,0.118038,0.771969,-1.253637
0.336921,-0.084014,-0.123638,0.214936,-0.154578,-1.224554
0.372946,-0.107126,-0.140289,0.114835,0.194923,-1.690304
0.397019,-0.121473,-0.137929,-0.102079,0.176151,-1.723847
0.430871,-0.145205,-0.140690,0.185975,0.514751,-2.029490
0.456700,-0.147247,-0.153744,-0.918726,-0.677943,-2.338794
0.476195,-0.164463,-0.130613,-0.178304,-0.347936,-2.613294
0.491645,-0.146915,-0.169181,-0.721613,0.393905,-2.207128
0.509561,-0.165963,-0.196055,-1.424475,0.513047,-2.529092
0.549498,-0.166531,-0.227487,-1.246901,0.780093,-2.660999
0.559608,-0.194652,-0.219751,-2.774495,0.700711,-3.472982
0.595012,-0.208267,-0.204924,-1.178997,0.998907,-4.072013
0.585684,-0.219667,-0.157420,-1.070516,0.505324,-3.750862
0.610446,-0.215292,-0.153288,-0.622007,-0.256038,-3.674440
0.632603,-0.212932,-0.135513,-0.741222,-0.035898,-3.985648
0.646563,-0.214793,-0.134332,-0.861832,-0.654286,-3.550156
0.655111,-0.208501,-0.123775,-0.829736,-2.746266,-4.124842
0.682224,-0.205307,-0.153481,-1.333649,-0.178270,-3.321334
0.694835,-0.200698,-0.146644,-1.406917,-0.597267,-4.240659
0.695816,-0.218108,-0.138868,-1.105822,0.222253,-4.047514
0.713334,-0.208228,-0.153367,-1.436869,0.368732,-3.704056
0.704620,-0.212869,-0.127682,-1.179798,0.593966,-4.290418
0.705414,-0.203659,-0.139771,-1.020285,0.853587,-4.044038
0.685746,-0.184778,-0.116177,-1.014160,-0.527991,-4.421637
0.696968,-0.177836,-0.116308,-1.283320,-0.208876,-4.595445
0.684577,-0.170418,-0.102660,-0.856885,-0.655629,-5.663998
0.677234,-0.176612,-0.112205,-0.638337,-0.352453,-5.205385
0.651608,-0.168071,-0.059935,-0.125463,-0.611723,-5.865258
0.630601,-0.154829,-0.068489,-0.273566,-0.436027,-5.285849
0.610778,-0.139139,-0.053626,-0.327303,-0.368314,-5.421122
0.578961,-0.143098,-0.038143,-0.599102,-1.251578,-5.514023
0.571543,-0.114826,-0.043989,-0.788210,-0.366302,-5.365391
0.524571,-0.108708,-0.018370,-0.874377,-1.045317,-5.668745
0.514934,-0.082264,-0.019039,-0.755914,0.063399,-5.682362
0.468878,-0.083367,0.013316,-0.546120,0.011576,-5.797110
0.472617,-0.076569,0.014625,-0.721330,0.850626,-6.101714
0.435469,-0.074574,0.008106,-0.329978,1.341275,-6.144698
0.403203,-0.073399,-0.002680,-0.314124,1.555415,-5.506022
0.373395,-0.053527,0.022369,-0.362104,1.772312,-5.846543
0.338316,-0.059763,0.029925,-0.183250,1.734042,-6.353270
0.331236,-0.039793,0.017829,-0.347346,1.954054,-6.163227
0.300729,-0.047119,0.060671,-0.101626,1.582636,-6.138822
0.285554,-0.026535,0.076998,0.192894,2.153370,-6.272205
0.242524,-0.020358,0.095997,1.046620,1.551266,-5.656709
0.233350,-0.019596,0.096220,1.279119,1.916076,-4.787310
0.194049,-0.003003,0.107315,1.032456,1.220806,-4.395837
0.176528,-0.019120,0.128106,1.477013,0.900775,-4.376096
0.161688,-0.005705,0.137851,1.103712,-0.631332,-4.423308
0.122502,-0.006171,0.153410,1.105097,-0.311931,-4.085303
0.100424,0.001169,0.149209,1.340011,-1.019878,-3.308813
0.062069,0.009191,0.180943,0.833203,-1.080160,-2.691364
0.054621,0.019698,0.182236,0.945531,-0.779140,-1.678364
0.023983,0.012227,0.184281,0.960962,-0.145046,-1.378455
0.027128,-0.000010,0.175586,1.170109,1.143837,-1.223412
0.018669,-0.000564,0.149970,0.327343,2.949050,-1.001864
-0.005598,-0.020702,0.155245,0.449036,3.071606,-1.034737
-0.023957,-0.027707,0.183201,1.086357,2.504532,-1.563676
-0.060241,-0.043673,0.220073,1.727417,2.348153,-1.191799
-0.070916,-0.027861,0.209248,2.301220,2.742404,-0.353993
-0.093361,-0.052168,0.253662,1.852583,0.967534,-0.288335
-0.097191,-0.048511,0.246877,1.504244,0.618223,0.735865
-0.097589,-0.069486,0.248496,1.483388,1.262539,1.067385
-0.104708,-0.084237,0.245469,0.955667,0.560262,1.381915
-0.118911,-0.080863,0.221530,1.207771,1.254678,1.934182
-0.120329,-0.096740,0.210659,1.145950,1.595264,2.861872
-0.125955,-0.102940,0.196577,1.059944,1.935925,3.176897
-0.133032,-0.122267,0.178488,1.025160,2.249444,3.647061
-0.128578,-0.127198,0.161334,0.895109,1.962231,4.127164
-0.134470,-0.142970,0.193610,0.882594,1.652299,4.206609
-0.130265,-0.148822,0.167623,0.476802,1.202471,4.340424
-0.141632,-0.159172,0.160077,0.403325,0.472565,5.569504
-0.120484,-0.174757,0.166806,0.385143,0.359744,5.669714
-0.125187,-0.180879,0.145759,0.603320,0.224662,5.643340
-0.112691,-0.185904,0.139440,0.861359,0.110785,6.966147
-0.126192,-0.177649,0.137300,0.790039,-0.357199,6.579363
-0.143310,-0.181187,0.141153,0.428176,-1.533612,7.264947
-0.120687,-0.175916,0.121462,0.444244,-1.762962,7.158327
-0.121518,-0.169738,0.098196,0.263690,-1.641680,7.454773
-0.110364,-0.183560,0.073716,0.261136,-0.933169,7.363978
-0.105319,-0.173516,0.068224,0.316865,-0.864231,7.401201
-0.131142,-0.187447,0.060028,0.435939,-0.276855,6.749148
-0.112415,-0.181063,0.050102,0.205912,-0.131896,6.611469
-0.114208,-0.164572,0.023357,-0.312956,0.299141,6.741808
-0.110626,-0.170674,0.013053,-0.181829,1.013553,6.538989
-0.108316,-0.164319,0.024945,0.082585,1.286212,5.992581
-0.113508,-0.171658,0.024066,-0.382169,1.582439,5.262324
-0.107902,-0.163991,0.026977,0.499927,1.649053,5.668808
-0.108490,-0.165773,0.040488,0.805561,1.374277,4.951776
-0.094037,-0.154051,0.031330,0.701216,1.758345,5.066769
-0.083540,-0.142944,0.036509,1.034062,1.942989,4.894297
-0.082926,-0.144772,0.038443,1.024467,1.509976,4.690884
-0.058002,-0.133831,0.025336,1.241840,1.444288,4.513291
-0.062558,-0.131222,0.056535,0.697507,0.944196,4.048938
-0.038002,-0.112328,0.043074,1.145307,1.489402,4.044671
-0.030128,-0.099619,0.042693,1.458313,1.281049,3.933530
-0.016726,-0.103512,0.045897,1.579058,0.677209,4.391060
0.003179,-0.092039,0.037235,1.185520,0.065707,4.440392
0.019526,-0.097528,0.016992,0.845190,0.164452,3.894539
0.047426,-0.082819,-0.011135,0.547647,-0.064856,3.604034
0.051300,-0.077830,0.009229,0.383098,-0.137246,3.383697
0.070735,-0.062760,-0.012251,0.554094,-0.356343,3.556478
0.070587,-0.068803,-0.004501,0.664223,-1.032742,2.991931
0.091982,-0.047169,-0.015199,0.760116,-0.339865,3.333981
0.100608,-0.043893,-0.035573,0.829953,-0.764878,2.657014
0.108873,-0.045081,-0.052274,0.651182,-0.125827,2.121544
0.126057,-0.040794,-0.060697,0.900831,-0.467992,1.339427
0.110163,-0.051350,-0.040405,1.335813,0.068047,1.468758
0.100119,-0.026010,-0.064531,1.686912,0.409309,1.621148
0.099693,-0.047539,-0.037546,2.047140,0.489210,0.665230
0.103651,-0.038079,-0.052763,1.914054,0.665677,0.656804
0.089714,-0.059668,-0.018406,1.593146,0.081620,0.102748
0.112780,-0.061549,-0.040743,1.462279,0.898819,-0.296012
0.101048,-0.064930,-0.008450,1.037607,-0.932069,-0.241507
0.093416,-0.054758,-0.004009,0.609160,-1.897221,-0.318431
0.106628,-0.052975,-0.017805,0.614963,1.058365,0.056778
0.128207,-0.063059,-0.031342,0.336159,0.244344,0.161748
0.132372,-0.066883,-0.029399,0.679644,1.963740,-0.624150
0.149855,-0.088350,-0.031680,0.433343,1.548761,-0.759669
0.168716,-0.083561,-0.071617,0.116528,3.108441,-0.670114
0.196856,-0.101723,-0.073433,0.249963,3.589709,-0.993161
0.195471,-0.099871,-0.076968,0.813515,3.692374,-0.729177
0.216600,-0.106243,-0.098763,0.081127,3.624556,-0.888359
0.221057,-0.095870,-0.092464,0.505592,2.712832,-0.656461
0.229306,-0.111609,-0.094956,0.740139,2.208692,-1.101320
0.261763,-0.108317,-0.097841,0.581292,1.283977,-1.815118
0.276173,-0.134285,-0.100598,0.207774,0.430238,-1.790719
0.289444,-0.130195,-0.100014,1.060889,0.487822,-2.024931
0.286342,-0.135699,-0.068155,0.595764,-0.479854,-1.613648
0.292638,-0.114334,-0.072609,0.251847,-0.380574,-1.250617
0.292900,-0.119986,-0.070331,0.365012,-0.565181,-1.365019
0.325209,-0.116376,-0.073465,0.332815,0.161915,-1.583889
0.324352,-0.123393,-0.065844,0.655518,0.147026,-2.837163
0.338047,-0.126794,-0.065017,0.232264,0.385328,-2.564710
0.344979,-0.119353,-0.063943,-0.011621,0.008753,-2.835262
0.341667,-0.135315,-0.066881,0.290685,0.475352,-3.023654
0.349289,-0.124555,-0.080014,-0.086586,0.628481,-3.208728
0.334423,-0.135053,-0.065588,0.132117,0.713177,-3.308787
0.348836,-0.118571,-0.078914,-0.788840,1.135105,-3.727288
0.356894,-0.131334,-0.089349,-1.402423,1.320904,-4.977260
0.376704,-0.122015,-0.101163,-0.696679,1.645380,-5.443235
0.359038,-0.129505,-0.066320,-0.697552,1.765461,-5.335738
0.378854,-0.122238,-0.057467,0.300982,2.387556,-6.090450
0.359182,-0.118890,-0.052665,-0.108585,1.437497,-5.909335
0.373451,-0.100840,-0.051155,0.061626,1.786692,-6.173647
0.379737,-0.093517,-0.048690,0.139541,1.646466,-6.430202
0.399166,-0.088432,-0.061580,0.195372,2.562326,-6.177421
0.408970,-0.068360,-0.050912,0.099515,1.809538,-6.251014
0.420203,-0.074823,-0.055878,0.196974,1.917547,-6.099677
0.427001,-0.056757,-0.035455,0.197824,1.188918,-5.899796
0.433214,-0.064605,-0.029760,0.043254,1.050543,-6.364747
0.445028,-0.040938,-0.039246,0.260181,0.764413,-6.159575
0.441230,-0.043374,-0.027475,-0.667797,0.100783,-5.571637
0.446193,-0.033192,-0.035143,-0.314630,0.249254,-5.933007
0.447030,-0.035907,-0.008138,-0.725594,0.231138,-5.584803
0.470509,-0.028222,0.006439,-0.452016,1.348608,-5.620086
0.464696,-0.034246,0.032705,-0.310898,-0.909017,-5.871622
0.479080,-0.039950,0.023485,0.192051,0.747095,-5.637837
0.481259,-0.013218,0.027010,-0.120474,0.700740,-5.782232
0.465779,-0.023013,0.038400,-0.206808,0.315336,-5.536187
0.467220,-0.012440,0.039687,0.343217,0.806448,-5.628699
0.465005,-0.014840,0.083484,-0.000146,-0.114430,-5.928146
0.459563,-0.002934,0.067088,-0.406883,0.148936,-4.632007
0.455446,-0.003213,0.084000,0.223175,-0.113567,-4.971746
0.456408,-0.006292,0.096791,0.650545,-0.018343,-4.931818
0.461739,-0.012092,0.090368,0.840601,0.618876,-4.671685
0.462724,-0.026161,0.073102,0.837595,1.128458,-4.181744
0.458072,-0.024717,0.099276,0.232198,0.161344,-3.815992
0.434705,-0.032365,0.098807,0.144242,-0.126913,-3.214256
0.428435,-0.023515,0.097399,0.254302,-0.005296,-2.878170
0.397662,-0.030195,0.100464,-0.464532,0.182995,-2.533643
0.398775,-0.040998,0.107778,0.194434,-0.348754,-2.409750
0.396310,-0.051869,0.106694,0.037655,0.951821,-2.110897
0.374590,-0.072322,0.101725,0.184714,1.227431,-1.494971
0.356579,-0.074639,0.109169,0.150104,0.709051,-1.006048
0.338674,-0.085780,0.085710,-0.070137,1.151061,-0.346354
0.324070,-0.082100,0.061781,-0.979780,0.391863,-0.037165
0.284333,-0.117462,0.113627,0.674585,0.281048,0.456370
0.299767,-0.100311,0.067351,0.472364,2.573775,0.653516
0.224149,-0.125143,0.119368,0.144708,-0.266850,1.866058
0.231246,-0.129558,0.119739,-0.048158,0.081033,2.264556
0.227855,-0.150355,0.139955,0.163648,-1.072292,1.599561
0.211351,-0.167742,0.133886,0.684128,0.097921,2.329401
0.176013,-0.174662,0.132153,0.530867,-1.583623,2.682457
0.147045,-0.171232,0.134717,0.388570,-1.421057,3.812869
0.124718,-0.163856,0.095859,0.738504,-0.040818,3.963014
0.071700,-0.170585,0.133505,0.292996,-0.763253,4.346871
0.072429,-0.177511,0.121088,0.071388,-0.812890,4.604963
0.036962,-0.187211,0.122736,0.413271,-0.367516,4.559291
0.005129,-0.190322,0.130105,0.696998,0.174582,5.057108
-0.034064,-0.191061,0.129429,0.865167,1.079268,5.673024
-0.060159,-0.198725,0.094287,-0.040287,0.991522,5.079224
-0.080024,-0.198420,0.124390,1.091265,1.405073,5.288174
-0.111089,-0.203048,0.128260,-0.029750,1.295229,5.126343
-0.119213,-0.198656,0.122411,0.279285,1.375741,5.348170
-0.148630,-0.188494,0.143697,0.525343,0.990265,5.352627
-0.169356,-0.193198,0.152524,1.169685,1.570593,5.451093
-0.191788,-0.184926,0.161068,1.327525,1.032024,6.012869
-0.225325,-0.195239,0.152983,1.459909,0.681259,6.414669
-0.250379,-0.171639,0.125700,1.383924,0.434000,7.103455
-0.268952,-0.166295,0.157953,0.738724,0.263920,6.784195
-0.265984,-0.153441,0.168752,0.300923,0.311309,6.717066
-0.279429,-0.142789,0.115340,0.965045,1.174495,6.364325
-0.288577,-0.143646,0.108510,1.400746,1.674817,6.323150
-0.315648,-0.125179,0.104187,1.185917,0.636106,5.952539
-0.341454,-0.131127,0.114497,0.755898,0.737317,5.802505
-0.336494,-0.120423,0.111858,1.040705,1.507360,5.371340
-0.360065,-0.120029,0.085513,0.522694,1.209774,5.281177
-0.354567,-0.111705,0.094684,1.569352,1.985962,5.084884
-0.381451,-0.093139,0.073683,0.920348,1.435767,5.083997
-0.365977,-0.103013,0.090909,1.708012,1.851488,4.753607
-0.365843,-0.098942,0.091287,2.151715,1.054879,3.760452
-0.376507,-0.093608,0.112189,1.789600,1.163738,3.690162
-0.345895,-0.077019,0.086951,1.881958,1.912380,3.178578
-0.356790,-0.067326,0.084581,1.854556,1.306862,3.401107
-0.346621,-0.066410,0.072314,1.564910,1.328795,3.311871
-0.330944,-0.056665,0.063898,1.493422,2.240036,2.787130
-0.323660,-0.081700,0.077917,1.439357,0.952096,2.362944
-0.294794,-0.062100,0.046911,1.339177,1.982559,2.772875
-0.297922,-0.062478,0.058443,0.826437,0.808788,2.317709
-0.249795,-0.059888,0.028395,0.820161,2.515055,1.702354
-0.220578,-0.048396,0.030972,0.566203,1.915052,1.596082
-0.207455,-0.063745,0.012751,1.052607,1.768990,1.097204
-0.166799,-0.043151,0.008421,1.391555,1.792952,1.333731
-0.156801,-0.047270,0.038544,1.027336,0.923999,0.901408
-0.103911,-0.045636,0.019365,1.086364,1.084264,1.220616
-0.074526,-0.062547,0.007972,0.929834,0.785440,0.785736
-0.030919,-0.061168,-0.018606,1.379922,1.348920,0.768612
-0.005188,-0.053454,-0.010430,1.598608,0.722552,0.677039
0.009941,-0.054127,-0.024623,1.236644,0.843136,1.606554
0.056525,-0.050438,-0.038652,1.009309,1.124047,1.612673
0.100001,-0.072394,-0.036423,0.902288,0.519468,1.205986
0.143818,-0.069847,-0.041816,0.447871,0.230892,0.733312
0.160349,-0.081112,-0.047718,0.199702,0.106626,0.509693
0.203618,-0.078204,-0.073183,0.216419,0.867754,0.270690
0.201182,-0.085402,-0.047396,0.289877,0.036352,0.517234
0.251679,-0.090727,-0.059207,0.498273,1.021467,0.407368
0.281851,-0.103761,-0.063628,0.552114,1.193782,0.327081
0.316649,-0.114107,-0.083287,0.517032,1.526047,0.353075
0.359022,-0.114816,-0.101888,0.808693,2.671437,-0.004753
0.364283,-0.131639,-0.083710,-0.230113,0.949451,-0.215380
0.411025,-0.128376,-0.105998,-0.261336,0.986470,-0.363883
0.433188,-0.134550,-0.074683,0.627341,0.444697,-0.052359
0.477002,-0.148255,-0.108391,0.705785,1.053058,-0.203396
0.488478,-0.137009,-0.100250,0.596119,0.026626,-0.200337
0.504900,-0.148583,-0.101120,0.324264,0.193925,0.040903
0.526334,-0.139320,-0.132146,0.274190,-0.082499,0.438009
0.539910,-0.153431,-0.106372,-0.179019,-0.152851,0.017060
0.570946,-0.148333,-0.110203,-0.713127,-0.753160,0.226398
0.576627,-0.157291,-0.120532,-0.566478,-0.960216,-0.928508
0.589685,-0.165576,-0.120575,-0.291131,-0.278687,-0.569176
0.583465,-0.147339,-0.162429,-0.701718,-0.583231,-0.832762
0.575196,-0.163433,-0.121616,-1.000735,-1.181613,-1.353908
0.600675,-0.146722,-0.143047,-1.407081,-0.159928,-0.824077
0.595784,-0.146430,-0.119797,-0.732802,-0.342507,-1.688235
0.593381,-0.147933,-0.105377,-0.282544,-0.183053,-1.532989
0.592564,-0.134065,-0.118740,-0.139085,-0.137401,-2.090334
0.590890,-0.147923,-0.101537,-0.728696,-0.184310,-2.922159
0.599037,-0.138017,-0.106720,-0.261861,0.420886,-2.878109
0.589977,-0.129522,-0.088663,-0.251577,-0.000507,-3.476038
0.574927,-0.106088,-0.103375,-0.101560,-0.232417,-2.830101
0.552538,-0.079264,-0.106507,0.028369,-0.412508,-3.052038
0.537603,-0.082901,-0.081330,-0.140716,-0.751400,-3.672602
0.530824,-0.058395,-0.102646,-0.474330,-1.375937,-3.764531
0.522822,-0.059570,-0.076725,-0.587955,-0.445943,-4.271491
0.513785,-0.055027,-0.093308,-0.271955,0.119040,-4.569605
0.487890,-0.034065,-0.102331,0.259583,1.655290,-5.115702
0.445464,-0.035920,-0.061202,-0.349827,0.894260,-5.346127
0.437928,-0.028363,-0.044209,-0.215579,1.058240,-5.317298
0.422648,-0.012142,-0.047774,-0.707853,1.481780,-5.733840
0.385731,-0.031295,-0.016965,-0.197634,1.549464,-6.545712
0.374101,-0.014751,0.005894,-0.251988,1.481855,-6.558439
0.363056,0.002633,0.018692,-0.684222,1.007609,-6.217348
0.330451,-0.025875,0.048786,0.364274,1.202211,-6.935152
0.326611,-0.001034,0.044857,0.431964,1.347082,-6.802039
0.302524,0.003621,0.076033,0.661029,1.175886,-6.488918
0.282117,-0.002389,0.084029,1.065849,1.596649,-6.324587
0.270396,0.018096,0.079664,1.207460,1.409865,-6.028242
0.245141,0.025478,0.110696,0.800001,0.494183,-6.153152
0.241914,0.013025,0.102657,0.398811,1.033832,-5.992605
0.224737,0.021192,0.105303,0.848880,0.661968,-5.720389
0.204658,-0.001989,0.115934,0.923069,1.103065,-5.681030
0.199062,0.005712,0.113830,0.917962,1.194613,-5.415888
0.187609,-0.003292,0.127065,0.861468,1.356818,-5.047290
0.188847,-0.013619,0.100582,0.303457,2.012659,-4.715162
0.160441,-0.002593,0.115826,0.225925,1.119277,-4.863332
0.126011,-0.019626,0.133528,1.144923,1.497647,-4.562612
0.109993,-0.022800,0.128319,0.871285,1.738089,-4.850748
0.102538,-0.043886,0.122030,0.871190,2.258385,-4.731671
0.110131,-0.063495,0.133909,1.365627,2.494685,-4.575115
0.087485,-0.070182,0.150584,1.404691,1.809994,-4.250488
0.064843,-0.083745,0.161905,1.234533,1.268966,-3.595507
0.063238,-0.076408,0.143474,1.325805,1.848757,-2.925135
0.042404,-0.089643,0.168936,0.593847,0.126225,-2.495969
0.066202,-0.100607,0.156978,0.500994,0.966342,-1.852410
0.046156,-0.114107,0.155393,0.535600,0.435989,-1.312978
0.068542,-0.143866,0.123005,0.693282,1.318410,-1.272114
0.063136,-0.144342,0.114894,0.976475,1.383881,-0.661613
0.059282,-0.178545,0.144909,0.155153,0.999065,-0.374645
0.079529,-0.197146,0.122956,0.006560,1.317031,0.239050
0.068375,-0.196703,0.104236,-0.416851,1.277402,0.835755
0.074588,-0.208917,0.092399,0.001285,1.429251,1.630207
0.062457,-0.207148,0.116033,0.427205,1.405299,1.888787
0.073075,-0.238840,0.101925,-0.193892,0.777362,2.011958
0.080329,-0.259231,0.110630,0.299899,0.237792,2.257587
0.084150,-0.277606,0.135639,-0.160782,-0.433995,2.197194
0.095225,-0.265382,0.126885,-0.172894,-0.404903,2.934604
0.074707,-0.247601,0.117257,-0.164540,-0.810080,3.984951
0.080874,-0.245635,0.110062,-0.145423,-0.544863,4.481141
0.088703,-0.249236,0.092908,-0.295024,-0.901844,4.659387
0.080825,-0.258630,0.075281,-0.321034,-1.070122,5.159572
0.082056,-0.243642,0.050378,-0.427841,-0.772280,4.927608
0.067623,-0.243747,0.068904,-0.750098,-1.224866,4.632317
0.094979,-0.238587,0.038676,-0.663700,-0.437025,4.628860
0.073440,-0.228090,0.033506,-0.544502,-1.128185,4.997461
0.057819,-0.225284,0.029610,-0.417094,-1.146599,5.142972
0.046822,-0.200527,0.012331,-0.307215,-0.727114,5.002420
0.010945,-0.200426,0.030151,-0.234899,-0.572209,5.440638
0.042982,-0.177206,0.015420,-0.049704,1.269771,4.819988
0.026425,-0.183583,0.026600,0.070840,0.568360,4.084669
0.034835,-0.183091,0.021850,0.934689,1.781437,3.905199
0.008093,-0.155197,0.022854,0.978690,2.100001,3.967311
-0.040491,-0.139412,0.062976,0.874735,1.297671,4.458288
-0.042499,-0.118873,0.063645,1.229642,1.480375,4.651042
-0.040786,-0.113572,0.089816,0.700070,1.144336,4.090260
-0.042023,-0.108901,0.101600,0.477373,-1.244574,4.277573
-0.022073,-0.082872,0.078012,0.737454,1.615175,4.183639
-0.044997,-0.065199,0.067706,0.712415,0.518312,4.453465
-0.052225,-0.032591,0.070079,0.732829,0.419494,4.602372
-0.064817,-0.028423,0.069278,1.002350,0.572180,5.041510
-0.053745,-0.009601,0.059457,0.892526,0.546646,5.229715
-0.063999,-0.002931,0.068677,0.755300,-1.026341,4.270799
-0.046402,0.001865,0.046032,1.058197,0.508757,4.404795
-0.050929,0.021457,0.038259,1.147670,0.526942,3.899489
-0.061941,0.026191,0.048500,1.305388,0.424950,4.141471
-0.049649,0.040338,0.032081,1.769160,0.233436,3.794054
-0.076299,0.035582,0.078127,1.866107,-1.726813,3.381034
-0.067439,0.060269,0.063488,1.652053,-0.253849,4.213667
-0.070778,0.056514,0.068188,2.139006,-0.274685,3.357318
-0.070925,0.042925,0.062726,2.040854,0.286736,3.234903
-0.080697,0.048049,0.070817,2.012582,0.391003,3.311610
-0.097795,0.041566,0.081919,2.324831,0.584910,3.023661
-0.108769,0.051150,0.090558,2.650403,0.832734,3.231715
-0.126855,0.042232,0.118672,2.496594,1.009106,2.600318
-0.115872,0.039294,0.093020,2.195188,1.571190,2.979808
-0.116479,0.033369,0.091027,1.848529,1.621523,2.974274
-0.120956,0.014463,0.087151,1.878423,1.972209,3.296527
-0.128279,0.020325,0.087062,1.683991,2.256363,2.867873
-0.134467,0.005462,0.089882,1.704453,3.107073,2.721227
-0.109924,-0.000036,0.065730,1.735216,2.113203,2.986665
-0.101990,-0.025813,0.067847,1.372527,1.715989,2.590042
-0.063107,-0.056192,0.029157,1.700856,2.672987,1.918295
-0.042680,-0.064460,0.026051,1.507067,2.595327,1.521026
-0.024801,-0.082832,0.001863,1.733815,2.807097,1.630253
-0.024932,-0.075053,-0.023093,1.259296,2.503094,2.605042
-0.011937,-0.112279,-0.001019,1.195482,2.154401,1.476455
0.017920,-0.117019,-0.020832,0.944871,2.032711,1.911139
0.045230,-0.137104,-0.016456,1.255167,1.630681,1.293677
0.070515,-0.151809,-0.012754,0.966880,1.173894,1.918887
0.093577,-0.166538,-0.020182,1.157373,1.074958,1.791775
0.115534,-0.176080,-0.051979,0.725608,0.040419,2.127772
0.127603,-0.171504,-0.060756,0.475568,-0.849174,2.390801
0.126989,-0.193624,-0.055645,-0.096453,-1.069344,2.324578
0.170147,-0.194987,-0.086599,0.207143,1.090487,1.848789
0.174851,-0.209275,-0.087275,-0.589806,-0.746684,1.340146
0.206260,-0.211435,-0.097890,-0.639969,-0.046159,1.948934
0.225650,-0.226380,-0.125321,-0.323469,0.256239,0.823708
0.235526,-0.236129,-0.130032,-0.455269,0.606991,0.481307
0.258018,-0.230316,-0.150721,-0.450683,0.951355,-0.249984
0.256760,-0.245123,-0.131719,-0.848525,0.914309,-0.107677
0.291351,-0.236089,-0.144429,-1.002107,1.518025,-1.062055
0.307671,-0.252232,-0.136823,-1.114927,1.605233,-1.500175
0.326827,-0.240718,-0.126657,-0.895349,1.750759,-2.050032
0.339681,-0.228481,-0.122390,-0.542710,1.633041,-2.650860
0.346532,-0.229072,-0.126500,-0.262951,1.699645,-2.733777
0.402274,-0.198427,-0.147314,0.627335,8.895504,-2.690410
0.358831,-0.211586,-0.104087,-0.005470,2.041173,-3.718388
0.398631,-0.192545,-0.107389,-0.141701,1.618871,-4.175752
0.402113,-0.183042,-0.087176,-0.482943,0.911604,-4.673449
0.439198,-0.158758,-0.102233,-0.285288,1.354563,-4.249902
0.438634,-0.146334,-0.102065,-0.661918,0.770105,-4.809388
0.464089,-0.142005,-0.107816,-0.444083,0.472457,-5.263444
0.488832,-0.113631,-0.109201,-0.568411,1.215328,-5.335037
0.493959,-0.111271,-0.104258,-0.605421,0.988052,-5.718052
0.526560,-0.083164,-0.116977,-0.761222,0.818330,-5.880342
0.546482,-0.077918,-0.092159,-0.769789,1.785419,-6.645573
0.549429,-0.071971,-0.088348,-0.698462,0.638295,-6.647920
0.551425,-0.051075,-0.087810,-0.431281,0.509945,-7.269148
0.553893,-0.052138,-0.074890,-0.002306,0.272156,-7.081100
0.568943,-0.027297,-0.063572,0.187577,0.211010,-7.420111
0.550033,-0.028597,-0.011001,0.224107,-0.125922,-7.902574
0.566150,-0.012657,-0.000261,0.088926,-0.565260,-7.745361
0.563163,0.007625,-0.001039,-0.123897,-1.377844,-7.835652
0.572085,0.007999,-0.006090,0.012688,-0.440104,-7.031106
0.574271,0.024563,-0.003989,-0.091565,0.277549,-7.279974
0.557284,0.013090,-0.001534,0.019496,0.387107,-7.345430
0.565083,0.036606,-0.021711,-0.089930,0.625284,-7.338107
0.548979,0.031942,0.013325,-0.467821,0.619904,-8.158142
0.560153,0.043863,0.009521,-0.506925,1.108540,-7.684598
0.554458,0.037390,0.011586,-0.394508,1.275837,-7.769754
0.540054,0.035047,0.007880,-0.515249,0.762693,-7.015896
0.544187,0.048498,0.027076,-0.129881,0.807121,-6.920775
0.507086,0.024215,0.032216,0.003163,0.658508,-6.915953
0.515095,0.041507,0.010414,0.609117,1.320543,-6.439586
0.490782,0.015149,0.055515,0.253183,1.120702,-6.359554
0.489196,0.005843,0.058974,0.645546,0.860283,-6.264530
0.461417,0.012693,0.073023,0.566166,0.732262,-5.343374
0.435496,-0.000978,0.074021,0.469092,-0.275260,-4.394752
0.417629,0.004271,0.075764,0.368567,0.308817,-3.849277
0.391337,-0.029020,0.093532,0.903132,0.146412,-3.378690
0.384017,-0.029808,0.075314,0.519979,-0.624318,-2.911324
0.365652,-0.055782,0.123537,-0.072277,-1.276131,-2.650251
0.357535,-0.058421,0.114891,0.004558,-1.442058,-2.107093
0.331987,-0.064099,0.110213,0.025506,-1.308197,-0.966620
0.313350,-0.084638,0.109980,0.081954,-0.955814,-0.472646
0.291551,-0.067566,0.109783,0.000681,-1.016782,0.559168
0.270146,-0.100951,0.094736,0.151522,-0.061731,0.804629
0.250281,-0.097042,0.080563,0.279922,0.326119,1.157783
0.221993,-0.124352,0.095301,-0.011411,0.527996,1.105139
0.210744,-0.123794,0.092317,-0.112688,1.158657,1.548958
0.181934,-0.139024,0.107843,-0.286299,0.599861,2.012550
0.166966,-0.156484,0.102289,0.135701,1.500562,2.492055
0.126096,-0.159717,0.119460,0.217214,0.940723,3.103047
0.083418,-0.167966,0.122939,0.510513,1.153740,3.613367
0.064465,-0.167490,0.120786,0.318907,0.696493,3.894347
0.025135,-0.182874,0.165814,0.143730,0.254473,3.918453
0.010302,-0.186511,0.156555,0.396304,0.336511,4.661463
-0.033896,-0.190106,0.171516,0.269710,0.239627,4.635642
-0.041163,-0.181998,0.169166,0.518374,0.992950,5.340017
-0.082749,-0.175069,0.171598,0.388679,0.263799,5.835110
-0.100667,-0.172266,0.147203,0.259593,1.043384,6.272849
-0.121445,-0.173122,0.142118,0.324054,0.758505,6.189039
-0.142450,-0.179543,0.125733,0.063727,0.885899,6.590845
-0.164731,-0.159615,0.132209,0.146487,0.843244,6.260634
-0.170899,-0.174045,0.120691,0.594983,1.081736,6.450487
-0.185148,-0.164857,0.132143,0.904133,1.270460,5.934248
-0.214443,-0.168228,0.126602,1.270161,1.361564,6.009629
-0.231177,-0.161607,0.136053,1.465761,0.854555,6.028164
-0.249306,-0.151255,0.147190,1.089958,1.433692,5.977408
-0.250586,-0.140698,0.115078,1.917261,1.854140,5.995041
-0.283847,-0.125392,0.164475,1.156434,1.056593,6.054721
-0.281829,-0.109988,0.147229,1.384088,1.550179,6.074068
-0.319186,-0.100708,0.169113,0.943322,-0.519181,5.688072
-0.310389,-0.083032,0.144557,0.993671,0.985840,5.888928
-0.316865,-0.072371,0.134999,1.105825,1.107832,5.776501
-0.316783,-0.067017,0.122470,1.089853,1.403674,5.451529
-0.333858,-0.064103,0.112767,1.272859,1.145140,4.942229
-0.328892,-0.051889,0.092675,1.121959,2.167258,4.815244
-0.322468,-0.033008,0.080967,1.189469,3.538602,4.373283
-0.312890,-0.044730,0.082614,1.375058,3.350193,4.176478
-0.306933,-0.036789,0.089409,1.734481,2.459165,3.689145
-0.288426,-0.055424,0.094776,1.940602,2.702223,3.118119
-0.278979,-0.037239,0.100130,1.733254,2.480239,2.794214
-0.255024,-0.040233,0.101721,1.836066,2.484427,3.261338
-0.241432,-0.035188,0.106694,1.870207,2.199091,2.690890
-0.232845,-0.040623,0.099128,2.039558,1.913998,2.461198
-0.200572,-0.027710,0.102854,1.646436,1.634262,2.410505
-0.178468,-0.045399,0.097871,1.743803,1.211205,2.370988
-0.156679,-0.029929,0.092603,1.239746,0.937548,2.260088
-0.133810,-0.039786,0.072829,1.434647,1.014820,2.831833
-0.108240,-0.018513,0.049580,0.998943,1.015756,2.612714
-0.103156,-0.033930,0.044834,0.701889,0.565133,2.478289
-0.059335,-0.029020,0.017579,1.043032,0.477475,2.611678
-0.050574,-0.036927,0.018417,0.358066,-0.116731,2.208325
-0.009675,-0.045593,-0.009399,0.360656,0.343732,2.013563
0.027160,-0.045665,-0.021918,0.522681,0.122434,1.477715
0.056686,-0.065140,-0.050955,0.452952,0.264718,1.373718
0.075777,-0.062603,-0.040848,0.861218,-0.213678,1.703669
0.088073,-0.091485,-0.056272,1.139274,-0.214131,1.465975
0.115291,-0.079153,-0.092359,1.709338,0.009285,1.707346
0.119935,-0.094189,-0.051234,0.751677,-0.347766,1.334554
0.162115,-0.092102,-0.077532,0.933409,0.475618,1.631815
0.159262,-0.100561,-0.077542,0.625024,0.593457,1.694050
0.183949,-0.105593,-0.077483,0.074854,0.431104,1.619516
0.193564,-0.113845,-0.089661,0.478197,0.418762,1.829527
0.219584,-0.135755,-0.099984,0.184291,0.770476,1.324800
0.239101,-0.143525,-0.104954,-0.293885,0.982423,1.082609
0.250819,-0.165405,-0.104967,-0.082693,2.853478,1.101175
0.268374,-0.155381,-0.126247,-0.252293,1.963859,0.955166
0.263946,-0.159303,-0.093912,-0.527890,1.175647,1.095110
0.297253,-0.160176,-0.107153,0.043501,2.913855,1.101124
0.315007,-0.170716,-0.102400,0.132806,1.503034,0.478383
0.333277,-0.201292,-0.111578,0.572029,1.527984,0.221615
0.360390,-0.186039,-0.106687,0.375011,1.374093,0.142978
0.359113,-0.196877,-0.089280,0.660356,0.849412,0.641584
0.390280,-0.174327,-0.108689,0.113840,0.952667,0.915166
0.384185,-0.176598,-0.093488,-0.070344,-0.564216,0.922115
0.416615,-0.178798,-0.100811,-0.619883,-0.341814,1.106132
0.432049,-0.169771,-0.114148,-0.474790,-0.159298,0.732702
0.445238,-0.187263,-0.115579,-0.420029,0.156519,0.387351
0.458808,-0.168140,-0.116597,-0.454357,-0.122259,-0.682232
0.449804,-0.165803,-0.117145,-0.639581,0.401129,-0.676491
0.460492,-0.139681,-0.147524,-0.490821,1.025173,-0.185905
0.443525,-0.140160,-0.100605,-0.751210,0.396137,-0.630600
0.449302,-0.129400,-0.101681,-0.737493,0.116463,-1.004703
0.447930,-0.123686,-0.098760,-0.812201,-0.163654,-1.271828
0.463223,-0.116366,-0.090482,-0.522323,0.301304,-2.133146
0.455594,-0.097656,-0.087022,-0.123027,0.167193,-2.942626
0.447066,-0.094492,-0.072921,0.093456,-0.009041,-3.004395
0.435338,-0.070572,-0.077201,0.401585,0.601854,-2.946966
0.438345,-0.065445,-0.080999,0.708664,0.592082,-3.029378
0.430766,-0.056041,-0.077736,0.411889,0.761314,-3.822879
0.421053,-0.058877,-0.059239,0.398273,0.816712,-4.303969
0.435972,-0.042734,-0.050183,0.168355,1.206794,-4.676431
0.430562,-0.028285,-0.046376,0.367156,1.891162,-5.205370
0.434567,-0.030806,-0.042748,0.460817,2.297916,-5.294127
0.418388,-0.015716,-0.028742,0.426020,2.207192,-5.495010
0.405169,-0.020042,-0.012967,0.490283,1.893348,-5.734802
0.398437,-0.002340,-0.003395,0.356602,0.316984,-6.057413
0.383410,0.001983,0.003908,-0.146057,1.997707,-6.475377
0.395092,0.011965,0.017432,-0.357193,1.090011,-6.312098
0.380072,0.025721,0.018837,-0.012550,1.309071,-7.008727
0.389026,0.024093,0.006278,-0.149484,1.605528,-6.636919
0.390845,0.043982,0.006629,0.036365,2.326302,-6.462842
0.374114,0.033530,0.018955,-0.006048,2.655475,-6.714011
0.377781,0.042176,0.029885,0.076611,1.535248,-6.739978
0.376024,0.040440,0.042716,0.051306,0.899265,-6.746362
0.384739,0.032158,0.041019,0.073443,0.823165,-6.662397
0.394209,0.033251,0.049386,0.544604,1.940839,-6.567361
0.381933,0.018329,0.054481,0.894683,0.497994,-6.319540
0.378841,0.026778,0.062733,0.881431,0.323706,-6.870481
0.370585,0.030287,0.096023,0.720796,-0.941979,-5.974595
0.375686,0.020351,0.092222,0.505346,0.131654,-6.129887
0.368623,0.025807,0.086350,0.597573,-0.114962,-5.736710
0.348784,0.000171,0.083547,0.633584,0.126264,-5.673313
0.331721,0.009821,0.078442,0.774001,0.322104,-5.504633
0.311810,-0.000154,0.098232,0.333074,0.710003,-5.011761
0.318329,-0.017272,0.089780,0.053059,1.249905,-5.405765
0.309529,-0.034554,0.086599,-0.072363,1.105307,-5.436423
0.303059,-0.049840,0.076762,-0.298270,1.044917,-5.510258
0.290491,-0.053372,0.080957,-0.399474,1.630497,-4.777231
0.261215,-0.072962,0.092147,-0.466689,0.834227,-4.836574
0.281635,-0.070976,0.052314,-0.450772,1.494739,-3.786108
0.263539,-0.092164,0.071674,-0.280804,1.917616,-2.972588
0.276380,-0.115414,0.070187,-0.710948,1.695818,-3.444678
0.265042,-0.138693,0.062224,-0.377584,0.889865,-3.191244
0.263969,-0.149413,0.067998,-0.029606,0.833394,-2.684534
0.250580,-0.151005,0.053325,0.064640,0.800316,-2.241808
0.227455,-0.162359,0.063520,0.262613,0.481739,-1.238121
0.221796,-0.158781,0.057031,0.872480,1.114882,-0.622119
0.206080,-0.171704,0.082693,0.037317,-0.207645,-0.137775
0.210019,-0.184207,0.075337,-0.228049,-1.865155,0.584378
0.197552,-0.192781,0.079910,-0.310100,-0.443028,0.752764
0.188666,-0.206968,0.068037,-0.416897,-1.943106,1.579128
0.197841,-0.193198,0.025306,0.075426,5.007165,2.369450
0.144921,-0.207155,0.068264,-0.369318,-1.437331,2.614582
0.138159,-0.192597,0.056696,-0.338775,-0.891390,3.296909
0.114434,-0.206859,0.065195,-0.864317,-0.311386,3.272432
0.112806,-0.198942,0.057491,-0.697556,-0.875358,3.781023
0.082102,-0.205336,0.082444,-0.938532,-0.806608,3.721626
0.075859,-0.212909,0.062500,-0.624167,-0.057808,3.881576
0.044557,-0.202313,0.062480,-0.522950,0.057727,3.987776
0.028533,-0.208248,0.070361,-0.575544,0.231083,3.902862
0.012586,-0.200741,0.080333,-0.200995,0.664837,4.450274
-0.031365,-0.204023,0.102473,0.180654,0.827318,4.370254
-0.036135,-0.187943,0.079893,0.496123,0.979721,4.703441
-0.081833,-0.187250,0.120648,0.394689,0.067105,4.800916
-0.090492,-0.164476,0.120891,0.695235,0.595436,5.226559
-0.111762,-0.166075,0.129731,1.337516,1.173021,5.665243
-0.118150,-0.161565,0.146215,1.429024,1.384246,6.138275
-0.132366,-0.155095,0.140691,1.514266,1.081365,6.284721
-0.150682,-0.163554,0.139850,1.697839,1.536892,6.400772
-0.173423,-0.134344,0.153705,1.181985,-0.154308,6.964356
-0.202640,-0.130362,0.157543,1.337434,0.506473,7.113076
-0.202180,-0.102776,0.137214,1.374933,0.842840,7.510609
-0.241799,-0.106522,0.175875,0.758160,-2.120998,7.590411
-0.226621,-0.097147,0.151395,0.988088,0.027978,7.489499
-0.229628,-0.086663,0.140553,1.243015,-0.306614,7.393652
-0.237243,-0.092253,0.129189,1.544980,0.365075,7.975461
-0.261950,-0.071573,0.123015,1.237402,0.182069,7.513571
-0.275802,-0.077853,0.121629,1.542537,0.509863,7.742991
-0.286145,-0.051984,0.100454,1.598424,0.698863,7.470308
-0.287458,-0.052522,0.088093,1.538323,2.751726,7.511339
-0.290471,-0.046072,0.097934,1.895501,1.986156,6.965370
-0.303217,-0.053231,0.107364,1.746400,1.770418,6.602342
-0.301208,-0.053330,0.110669,2.183624,1.728580,6.201937
-0.314016,-0.041766,0.127695,2.346505,1.031357,6.241989
-0.299964,-0.034301,0.112458,2.471103,2.501542,6.068053
-0.318168,-0.017462,0.121357,2.450043,0.615732,6.148915
-0.305032,-0.023052,0.107082,2.655743,2.404211,5.934149
-0.306234,-0.016852,0.102631,2.223830,0.665379,5.303947
-0.309605,-0.032187,0.117956,2.100095,0.471107,4.848033
-0.270901,-0.016140,0.080438,2.506212,1.884735,4.796650
-0.276248,-0.024191,0.098580,2.191570,1.803593,4.348137
-0.235471,-0.023335,0.073236,2.216947,3.228854,4.607017
-0.231194,-0.011925,0.069065,1.976318,1.697781,4.440565
-0.210757,-0.030789,0.049360,1.824679,2.890721,4.295163
-0.168164,-0.021999,0.034179,1.831523,4.545125,3.979993
-0.150652,-0.047864,0.035590,1.841016,2.525700,3.332037
-0.123520,-0.029309,0.013440,1.495812,1.581688,3.326008
-0.111037,-0.065304,0.030906,0.983844,1.065094,2.330435
-0.065388,-0.063554,0.020307,0.788066,1.219727,2.179276
-0.031539,-0.071734,0.014547,1.020643,1.911957,2.149442
0.005624,-0.079753,-0.000179,0.595761,1.008974,1.955553
0.026251,-0.082333,-0.009195,0.894903,1.058884,1.741587
0.054552,-0.090795,-0.029281,0.814723,1.120036,1.570862
0.146661,-0.080124,-0.080851,2.689681,11.509579,1.035480
0.117923,-0.111760,-0.057162,0.314213,2.258533,0.002589
0.168046,-0.119799,-0.049533,0.094467,1.604382,-0.100643
0.191840,-0.131872,-0.064810,0.603120,1.032280,-0.644634
0.225725,-0.133638,-0.075970,0.506052,0.638768,-0.278878
0.248144,-0.126735,-0.071283,0.504355,0.572358,-0.342931
0.275418,-0.144398,-0.085522,0.563672,0.607299,-0.584048
0.312677,-0.132233,-0.090157,0.304980,-0.629162,-1.294899
0.331347,-0.149003,-0.081288,0.164422,-0.307145,-1.951948
0.372253,-0.133454,-0.134923,0.457895,0.457853,-2.266129
0.372112,-0.139855,-0.109579,0.074313,-0.407171,-2.861737
0.413497,-0.146725,-0.133229,-0.040241,0.101777,-2.853045
0.424424,-0.142002,-0.136945,-0.301940,-0.281198,-2.831380
0.453034,-0.152965,-0.157762,-0.103372,0.592975,-3.536336
0.475200,-0.133431,-0.170284,-0.442960,-0.479661,-3.553378
0.486712,-0.143715,-0.152562,-1.027821,0.578401,-4.589591
0.521371,-0.131179,-0.162715,-1.417499,0.152878,-4.916430
0.531153,-0.131488,-0.164517,-1.541100,-0.436825,-5.102780
0.555190,-0.127322,-0.168712,-1.587001,0.046225,-5.465043
0.568208,-0.121680,-0.173902,-1.213877,0.936006,-5.538330
0.598873,-0.127592,-0.188220,-1.214241,2.914938,-5.685871
0.614195,-0.123948,-0.186129,-1.027825,1.249488,-6.207700
0.631664,-0.133123,-0.175572,-1.065021,1.951110,-6.811616
0.648720,-0.131550,-0.178559,-0.744698,0.243871,-7.692632
0.642470,-0.124421,-0.153111,-0.800772,0.153492,-7.316031
0.668119,-0.097593,-0.154716,-0.879826,0.759355,-7.216754
0.669379,-0.080722,-0.136968,-0.444368,-0.785945,-7.216767
0.667814,-0.093165,-0.123628,-0.234312,-1.112945,-7.365117
0.684846,-0.091009,-0.143989,-0.165706,0.896541,-7.551306
0.667498,-0.092575,-0.099840,-0.804593,-1.658827,-8.197655
0.698406,-0.074301,-0.108890,-1.015099,0.274443,-7.370421
0.685857,-0.054682,-0.101048,-0.887484,-0.592396,-7.187747
0.682873,-0.044201,-0.103168,-0.888679,-0.809162,-6.513049
0.670807,-0.026476,-0.082660,-0.875323,-1.316416,-6.922382
0.651076,-0.032135,-0.085620,-1.176539,-0.636072,-6.860712
0.654017,-0.021506,-0.105594,-1.088839,-0.689658,-7.177162
0.613315,-0.025367,-0.070495,-1.091297,-0.904191,-6.990603
0.608050,-0.013425,-0.068598,-1.102612,-0.802232,-7.084093
0.577684,-0.010612,-0.043602,-1.035263,-0.854909,-6.819227
0.574819,-0.001789,-0.043405,-1.084575,0.275858,-6.992022
0.554353,-0.001457,-0.027859,-0.372273,0.007365,-6.994737
0.541427,0.002327,-0.025260,-0.007742,0.610178,-6.780637
0.509268,0.013694,-0.006862,0.167701,0.962072,-7.009421
0.467040,0.007770,0.021479,0.574176,0.634461,-6.631773
0.449594,0.020811,0.033808,0.456277,-0.078845,-5.854151
0.419684,0.013310,0.063842,0.396287,0.228092,-5.299541
0.418736,0.008209,0.071838,0.293855,1.005800,-5.175721
0.390490,0.008141,0.079667,0.499349,1.043108,-5.021440
0.362573,-0.001011,0.088231,0.367044,0.006491,-4.275870
0.335913,0.008242,0.106235,0.428258,0.117067,-3.723230
0.289431,0.004658,0.110824,0.214752,0.420660,-2.897441
0.274991,-0.004402,0.118012,0.139108,0.739522,-2.787841
0.241067,-0.009043,0.131792,0.128384,0.712981,-2.216966
0.232250,-0.027681,0.115541,0.417518,1.712233,-1.697218
0.199978,-0.024891,0.136289,0.461975,1.098001,-1.773073
0.165686,-0.054147,0.157763,0.757181,0.918642,-1.314989
0.146740,-0.038559,0.155051,1.003374,0.753548,-0.413664
0.117450,-0.056537,0.179016,1.043650,0.165056,-0.229444
0.093778,-0.060302,0.191053,1.187200,0.594160,0.569065
0.063645,-0.067152,0.196820,1.464612,0.144968,0.862833
0.043100,-0.095345,0.200349,1.577709,1.063492,1.356715
0.034044,-0.089407,0.205433,1.645350,1.065193,1.961937
-0.009504,-0.105704,0.233564,1.511811,0.648573,2.443307
-0.030949,-0.136375,0.223031,1.880553,1.083515,2.847848
-0.038738,-0.130273,0.211105,1.992054,2.115675,3.684387
-0.086284,-0.151836,0.245679,1.326773,1.039511,3.870045
-0.096345,-0.154636,0.236298,0.746061,0.104722,4.617945
-0.127685,-0.165326,0.229920,0.397873,0.020334,4.957188
-0.139499,-0.161227,0.205443,0.338946,1.072870,5.565099
-0.162039,-0.163705,0.201849,0.361487,0.612420,5.530958
-0.189218,-0.185868,0.197283,0.589941,1.151367,5.799898
-0.186529,-0.185129,0.177431,0.882984,1.498547,6.036532
-0.220194,-0.203255,0.177703,0.474603,1.200830,5.949423
-0.214919,-0.197645,0.149465,0.546134,2.863949,5.784198
-0.229017,-0.192656,0.144666,0.147954,1.948198,5.924407
-0.232280,-0.210319,0.144889,0.623773,1.873368,5.843413
-0.231515,-0.191973,0.148654,0.410211,1.811396,6.733912
-0.253764,-0.198725,0.134014,0.652255,0.857201,6.695524
-0.242525,-0.198991,0.117448,1.037997,0.830846,6.781048
-0.259866,-0.193253,0.139913,0.604263,0.160645,6.905262
-0.250524,-0.189328,0.119128,0.760129,0.600560,6.458775
-0.257345,-0.172246,0.113473,0.506275,0.200769,6.596903
-0.260798,-0.165523,0.101246,0.560252,0.401608,6.677493
-0.263933,-0.134294,0.079795,0.740083,0.939492,6.445440
-0.276705,-0.128708,0.075807,0.451501,0.340178,6.964473
-0.271019,-0.112115,0.054464,1.038985,0.238855,5.806343
-0.270324,-0.116300,0.070702,0.631517,-0.125741,5.377134
-0.251666,-0.108356,0.046084,0.733590,0.900076,4.545079
-0.257026,-0.094646,0.056322,0.667679,0.305814,4.335623
-0.250311,-0.078604,0.057478,0.827048,0.814234,4.610287
-0.239653,-0.059090,0.039959,0.779266,1.126778,3.980876
-0.212874,-0.070152,0.047942,1.317077,2.654267,4.126052
-0.202522,-0.062366,0.047023,1.055109,0.978290,2.990010
-0.187849,-0.077787,0.049892,1.280051,2.747862,2.371897
-0.168575,-0.060430,0.044640,1.445742,2.075658,1.841495
-0.172829,-0.062199,0.078232,1.241814,2.074536,1.692078
-0.146244,-0.050060,0.073305,1.102136,1.978961,1.817221
-0.142174,-0.047858,0.101744,0.859652,0.973235,1.698299
-0.108243,-0.033208,0.083868,1.129410,1.837163,1.640472
-0.092951,-0.026328,0.068474,1.141486,1.419739,1.815318
-0.079378,-0.029867,0.079483,1.517204,1.029273,1.654006
-0.052465,-0.025836,0.077871,1.699651,0.432309,1.266403
-0.050765,-0.041923,0.084778,1.494072,0.261232,0.984386
-0.002992,-0.021730,0.065313,1.082064,-0.938601,1.030777
0.006655,-0.019694,0.054060,1.352363,-1.207735,1.447135
0.030230,-0.024664,0.027364,1.406090,-1.812980,1.904343
0.047006,-0.018779,0.011005,0.939980,-2.455334,1.676831
0.052563,-0.024198,0.007975,1.219923,-1.059247,1.909910
0.095672,-0.026640,-0.020694,0.843903,-0.604656,1.617813
0.113722,-0.030031,-0.040057,1.079133,-0.555321,1.413232
0.128601,-0.044044,-0.059282,1.090605,0.070942,1.423527
0.139321,-0.037951,-0.060717,0.755750,0.293163,1.242185
0.131165,-0.063925,-0.061035,0.503469,0.609443,1.423163
0.140418,-0.050710,-0.068814,-0.156387,0.532167,1.793310
0.135835,-0.068888,-0.068634,0.242850,0.664384,1.551834
0.169280,-0.087132,-0.082587,-0.123484,1.501944,1.247350
0.186034,-0.101851,-0.086434,-0.228669,1.671945,0.384236
0.195464,-0.125511,-0.087596,-0.285616,2.166060,0.589300
0.212251,-0.126351,-0.093426,0.083842,2.112428,0.507663
0.205164,-0.144578,-0.068644,-0.210419,1.777006,0.758360
0.231453,-0.136920,-0.097598,-0.205420,1.457313,0.951436
0.243171,-0.149174,-0.076315,-0.455358,0.890452,0.998136
0.284054,-0.162947,-0.100345,-0.163254,2.151982,0.433994
0.303240,-0.165441,-0.101731,0.446614,1.656035,0.536646
0.322879,-0.180121,-0.114729,0.985048,1.408989,0.472866
0.346095,-0.160436,-0.120680,0.621095,1.100374,0.732887
0.347819,-0.173638,-0.116781,0.885942,0.452027,0.991229
0.369342,-0.159192,-0.128263,0.961713,-0.825840,1.375964
0.377082,-0.167319,-0.108693,0.490976,-0.864668,1.412291
0.398486,-0.151567,-0.109917,-0.042420,-0.582624,1.477680
0.405937,-0.142077,-0.113364,0.038360,-0.990664,1.392429
0.425954,-0.142264,-0.121534,0.078006,-0.871741,1.295827
0.416254,-0.130838,-0.112366,-0.435220,-2.216796,0.802985
0.410254,-0.135883,-0.100431,-0.312624,-1.697704,0.392588
0.417117,-0.120827,-0.125942,-0.074979,-1.340582,0.557708
0.402035,-0.115115,-0.095185,-0.756672,-0.982642,0.266027
0.414705,-0.097603,-0.117890,-0.409105,0.451945,-0.359209
0.396507,-0.108173,-0.102312,-0.647338,-0.172664,-1.502010
0.396586,-0.095965,-0.080730,-0.632908,0.639126,-1.441820
0.379491,-0.086065,-0.096081,-0.308905,1.121027,-2.671862
0.381293,-0.094961,-0.082755,-0.136246,1.650153,-3.405175
0.374347,-0.075073,-0.073817,-0.037608,2.188732,-4.382453
0.356192,-0.081391,-0.053669,-0.038839,2.090557,-4.735129
0.360003,-0.072509,-0.054319,0.382993,2.485254,-5.196072
0.339960,-0.068235,-0.027817,0.371800,1.955718,-5.239676
0.352375,-0.053937,-0.015110,0.454751,2.930166,-5.400499
0.348997,-0.043587,-0.000284,0.669150,2.682893,-5.948417
0.358585,-0.037200,-0.003694,0.909746,2.862127,-5.741578
0.344618,-0.038119,0.011395,0.856794,2.207035,-7.065021
0.341254,-0.036757,0.025073,0.773406,1.750658,-6.865646
0.349670,-0.010179,0.021000,1.086361,1.689522,-6.534346
0.327733,-0.020059,0.036414,0.717490,1.406126,-6.983978
0.344621,0.000926,0.039165,0.511793,0.673007,-6.360446
0.342485,0.008219,0.030371,0.239026,-0.114161,-6.397163
0.353796,0.015004,0.029751,0.155468,-1.491016,-6.481762
0.356665,0.022170,0.026344,0.227629,-1.284748,-6.582697
0.358552,0.013796,0.016309,0.177821,-0.967920,-6.602870
0.368915,0.024776,0.011770,0.124616,-1.096027,-6.817529
0.353655,0.014837,0.005064,0.098747,-0.256347,-6.662782
0.351199,0.033287,-0.004882,-0.299452,-0.533223,-6.310264
0.341218,0.020545,0.020937,-0.121875,-0.812139,-6.964756
0.347303,0.009729,-0.002227,-0.471931,0.237611,-7.030405
0.346433,0.001956,0.014914,-0.182718,0.594747,-7.336978
0.340814,-0.011485,0.007588,0.120556,1.427426,-7.232849
0.327746,-0.000952,0.024082,-0.252434,1.376666,-6.981993
0.292578,-0.025285,0.037845,-0.082184,1.492976,-6.987501
0.295365,-0.019255,0.024223,-0.227967,0.925377,-6.352303
0.267031,-0.058979,0.068694,-0.582815,0.779466,-7.589835
0.273560,-0.064418,0.076992,-0.417318,1.871061,-7.079488
0.265570,-0.066111,0.059575,-0.164754,2.102571,-6.574051
0.270474,-0.086285,0.061055,0.062860,2.392102,-6.122912
0.262268,-0.083482,0.076381,0.129336,2.151827,-5.769177
0.249404,-0.108133,0.085152,0.236738,1.774954,-4.957978
0.263115,-0.118946,0.067817,0.868272,1.755013,-4.944983
0.247350,-0.146981,0.094841,0.188762,1.471637,-4.658501
0.260621,-0.137590,0.111099,0.207967,-1.685412,-3.249205
0.262541,-0.162500,0.095127,0.313642,0.357729,-2.659246
0.269871,-0.172308,0.087850,0.348869,0.487274,-1.601053
0.267878,-0.165379,0.089737,0.191736,-0.157348,-0.354845
0.257752,-0.180048,0.075948,0.016463,-0.873655,0.645590
0.267645,-0.176369,0.067259,-0.158064,-0.830504,0.594036
0.242075,-0.202277,0.078987,-0.624840,-2.251255,1.168745
0.232621,-0.184273,0.053315,-1.524727,-2.246324,2.503457
0.207317,-0.197626,0.073404,-0.763995,-1.928768,2.909625
0.190541,-0.187092,0.076050,-0.737854,-2.433095,3.807772
0.178927,-0.194704,0.067689,-0.512826,-1.588757,3.980681
0.162082,-0.212095,0.068861,-0.617116,-1.181728,4.142597
0.147518,-0.223547,0.064768,0.171627,-0.017096,3.510921
0.100562,-0.222205,0.077261,-0.526600,-0.992955,3.921898
0.092740,-0.200823,0.079046,-0.647013,-0.123046,4.731712
0.064784,-0.196454,0.080701,-0.314669,0.155396,5.031509
0.043871,-0.223908,0.095472,-0.080776,1.026936,5.067275
0.028089,-0.201095,0.082257,-0.552971,0.881343,5.365271
0.001298,-0.231130,0.103103,0.131841,1.268848,5.130904
-0.019115,-0.220087,0.090469,0.535220,1.885815,5.319874
-0.054992,-0.209836,0.126517,0.311811,1.910641,5.150529
-0.064311,-0.190483,0.121679,0.475749,2.181107,5.984314
-0.091572,-0.170198,0.135872,1.139395,2.109294,6.949107
-0.129189,-0.182605,0.147482,1.218630,1.528207,6.039901
-0.149664,-0.174590,0.141803,1.451640,2.468484,6.177700
-0.167301,-0.162773,0.148371,1.590514,1.770631,6.821518
-0.157139,-0.136963,0.143297,1.605386,1.997691,7.812945
-0.195586,-0.167496,0.169533,1.707992,1.192026,6.958142
-0.187744,-0.130720,0.145148,1.590862,0.459475,7.650687
-0.230143,-0.121808,0.182036,1.291680,-1.221390,8.536420
-0.208466,-0.088675,0.145624,1.419282,0.378448,8.835355
-0.222416,-0.079382,0.145283,1.409270,-0.234085,8.838457
-0.230728,-0.089617,0.133052,1.456882,0.065503,8.217754
-0.231913,-0.060508,0.117533,1.283996,0.843704,8.479075
-0.252969,-0.081624,0.112895,1.858774,0.419974,7.730541
-0.267826,-0.056156,0.124170,1.698161,0.371200,7.426078
-0.288850,-0.055535,0.141124,1.738716,-0.147944,6.938366
-0.269391,-0.040433,0.118357,1.635013,0.875166,6.853095
-0.294778,-0.028892,0.147098,1.374335,-0.998378,6.452053
-0.307954,-0.033363,0.115225,1.609378,0.891886,5.079520
-0.318329,0.003217,0.113371,1.760429,0.976849,6.023227
-0.310166,0.005295,0.113981,1.878344,1.849797,5.278242
-0.318526,-0.010599,0.108362,1.900280,1.917839,3.584126
-0.292388,-0.014731,0.100487,1.946317,2.662585,3.610175
-0.291633,-0.003873,0.100605,2.256756,3.208444,3.068852
-0.293373,-0.026460,0.087243,2.103739,4.149184,2.339671
-0.283644,0.007629,0.083051,2.051660,3.555427,3.047874
-0.280112,-0.023696,0.090574,1.917014,3.541621,1.775771
-0.253678,-0.009736,0.071142,2.316782,2.796600,1.484718
-0.238527,-0.031665,0.095281,1.798315,2.160549,0.591856
-0.200769,-0.039054,0.059401,2.336543,2.828994,0.379046
-0.190879,-0.033980,0.089015,1.782165,1.321686,0.573471
-0.148027,-0.029821,0.055777,1.726764,1.907204,1.117979
-0.132057,-0.034820,0.049869,1.590635,1.408053,1.036493
-0.083559,-0.039734,0.028635,1.120767,1.434848,0.625293
-0.050315,-0.036185,0.017035,1.508331,0.985639,0.661722
-0.013775,-0.057521,-0.013748,1.622166,1.037440,0.466999
0.020707,-0.059330,-0.029720,1.505032,1.633603,0.261886
0.038807,-0.076057,-0.035626,1.456764,-0.206683,0.049592
0.071040,-0.078043,-0.056929,1.308624,-1.717136,0.014904
0.088604,-0.094649,-0.058567,1.134373,-0.773944,-0.149149
0.132304,-0.100196,-0.076505,1.218840,-1.000738,-0.377064
0.152973,-0.104654,-0.075826,0.800155,-0.896327,-0.505043
0.199354,-0.117258,-0.075740,0.250297,-0.771876,-0.805405
0.216239,-0.123173,-0.101694,0.286312,-1.195472,-1.013166
0.235937,-0.131055,-0.104724,-0.037654,-1.285726,-1.084710
0.257876,-0.131813,-0.110862,-0.198671,-1.354381,-0.992164
0.268938,-0.149190,-0.123309,-0.485451,-0.370021,-1.569299
0.299416,-0.154294,-0.165935,-0.332696,0.802801,-2.590583
0.307786,-0.165441,-0.131857,-1.283681,0.158147,-1.970526
0.339468,-0.159609,-0.146595,-1.199221,1.237757,-2.518368
0.359891,-0.162399,-0.148902,-1.133815,1.081641,-2.821084
0.383413,-0.172551,-0.162016,-1.367560,1.533124,-2.773249
0.411866,-0.178525,-0.163522,-1.352917,1.404045,-3.389592
0.434206,-0.180938,-0.175205,-1.210286,1.664064,-3.357269
0.453802,-0.175509,-0.205114,-1.351309,1.235131,-3.679929
0.450162,-0.178469,-0.166240,-1.577344,0.027644,-3.610279
0.480002,-0.160794,-0.172940,-1.420864,0.462993,-3.779462
0.501611,-0.149489,-0.175500,-1.390432,-0.248380,-3.696800
0.518177,-0.159645,-0.171443,-1.112778,0.117097,-3.872807
0.546573,-0.138020,-0.195835,-0.925163,1.793736,-3.880183
0.548947,-0.138877,-0.177831,-0.518745,0.538992,-3.392622
0.563639,-0.121509,-0.199977,-0.573217,1.036127,-3.973795
0.549400,-0.124572,-0.152260,-0.912102,-1.145178,-4.002687
0.564404,-0.119126,-0.145164,-0.665181,0.104400,-4.307336
0.562451,-0.105691,-0.129963,-0.508881,-1.554131,-3.944266
0.566636,-0.106814,-0.131479,-0.262895,-0.120463,-4.073801
0.575485,-0.076806,-0.107042,-0.095786,-0.493237,-4.081180
0.563731,-0.092410,-0.092825,-0.059683,-0.107905,-4.558558
0.576792,-0.085343,-0.086851,0.273931,-0.682272,-4.882706
0.568310,-0.087615,-0.050262,-0.054293,-1.015906,-5.052093
0.565155,-0.058765,-0.044892,-0.104271,-1.100862,-4.430439
0.537481,-0.050838,-0.022289,0.055705,-0.995292,-4.328552
0.534862,-0.044700,-0.026517,0.272372,-0.637211,-4.112391
0.529436,-0.038578,-0.027856,0.384779,0.462655,-4.204267
0.512705,-0.053162,0.009153,0.268541,0.857828,-5.001630
0.506748,-0.049430,0.003038,0.136765,1.094666,-4.619617
0.486564,-0.046830,0.033434,0.429030,1.412110,-4.550653
0.467903,-0.049388,0.047230,0.482018,1.786187,-4.321241
0.454389,-0.040745,0.047548,0.197122,1.364000,-4.604253
0.416054,-0.051213,0.072038,-0.157821,1.370174,-4.002881
0.412000,-0.038457,0.076145,-0.358033,1.473439,-3.575108
0.377945,-0.033195,0.081219,-0.747235,1.080939,-3.782119
0.365813,-0.040426,0.092288,-0.337860,1.144749,-3.607171
0.364385,-0.036186,0.091520,-0.600908,0.907495,-3.579153
0.347782,-0.057659,0.084262,-0.013807,0.661880,-3.303615
0.342934,-0.040755,0.052866,0.114848,0.824288,-2.913780
0.301224,-0.047086,0.099358,0.070555,0.406000,-2.748391
0.292854,-0.043443,0.082454,1.036304,1.336059,-2.653227
0.271069,-0.039987,0.089074,0.354147,0.283923,-2.286865
0.270067,-0.050274,0.062976,0.436106,0.872179,-2.583088
0.251804,-0.058480,0.069101,0.922022,0.832931,-2.624411
0.233357,-0.066459,0.067239,1.336935,0.810226,-2.113129
0.207675,-0.054134,0.071707,0.590125,-0.033938,-2.150890
0.160562,-0.077127,0.092084,0.934203,-0.030774,-1.850331
0.149041,-0.062353,0.085854,0.718363,0.425981,-0.990644
0.121839,-0.076175,0.096197,0.526626,-0.069146,-1.244630
0.109806,-0.076773,0.094198,0.711707,1.201125,-0.920955
0.091460,-0.080108,0.099624,0.686041,1.285323,-0.953580
0.071831,-0.098076,0.111257,0.558023,1.347571,-0.832944
0.049435,-0.084621,0.116243,0.469564,1.463687,-0.784906
0.018360,-0.094879,0.130433,0.565608,1.451070,-0.704828
-0.001548,-0.089322,0.121396,0.572167,1.098309,-0.008994
-0.028037,-0.101972,0.143070,0.138435,0.144075,0.228868
-0.009875,-0.101929,0.132613,0.091602,1.355186,0.042048
-0.024026,-0.108389,0.120589,0.220158,0.961927,0.348218
-0.021781,-0.112295,0.115925,0.386814,1.969426,0.208550
-0.036309,-0.103065,0.122959,0.240867,1.274727,0.626473
-0.056246,-0.121509,0.136627,0.281750,1.083955,0.364163
-0.057405,-0.113503,0.126980,0.882777,1.085990,0.871943
-0.071309,-0.119123,0.140681,0.373566,0.967849,0.761325
-0.064492,-0.107756,0.141784,0.253495,1.883682,0.910125
-0.086185,-0.112082,0.142394,0.323913,0.607076,1.120818
-0.081744,-0.120679,0.140694,0.392342,1.196208,1.638452
-0.091910,-0.116356,0.147177,0.339403,0.090742,1.175779
-0.098790,-0.128189,0.139752,0.530500,1.007609,1.224080
-0.103264,-0.117127,0.144229,0.677776,1.067559,1.831462
-0.128851,-0.135443,0.136302,0.888026,0.640058,1.695947
-0.130964,-0.119389,0.150062,0.669301,0.690647,1.580595
-0.142975,-0.141338,0.157316,0.923151,0.735944,1.637847
-0.127593,-0.130086,0.127311,0.680743,0.766540,2.066281
-0.145808,-0.138758,0.145906,0.094569,-0.065568,2.045165
-0.132225,-0.135453,0.136066,0.517366,-0.084504,2.231414
-0.155826,-0.140311,0.145381,0.537068,-2.582184,2.292001
-0.129996,-0.132233,0.109629,0.861185,0.094228,2.682503
-0.129763,-0.131809,0.102765,1.001956,0.459698,2.596638
-0.126999,-0.133382,0.090029,0.935103,0.066678,2.860717
-0.122909,-0.128658,0.086639,1.025028,0.490228,3.095618
-0.139646,-0.127083,0.078268,0.868420,0.413192,3.237416
-0.122673,-0.122392,0.048707,1.077255,0.937453,3.323715
-0.133137,-0.131622,0.075931,0.692055,0.650601,3.881539
-0.119535,-0.127982,0.053151,0.649370,0.893052,3.861913
-0.119407,-0.125451,0.043291,0.427648,0.736230,3.859136
-0.112681,-0.127851,0.054218,0.324845,0.345032,4.388637
-0.104587,-0.108412,0.042631,0.437987,1.054725,4.144728
-0.106392,-0.127339,0.047512,0.138064,0.259374,4.805933
-0.097507,-0.113123,0.017996,0.313245,0.030729,4.982413
-0.093981,-0.123633,0.037415,0.108440,-0.130944,4.884302
-0.065158,-0.113651,0.018922,0.317443,0.893426,4.784141
-0.063980,-0.106653,0.008828,0.501952,0.841416,4.962933
-0.053880,-0.114015,0.022707,0.318359,-1.200471,4.975400
-0.038662,-0.092230,0.004105,0.472719,0.489867,5.456027
-0.045431,-0.104969,-0.003573,0.777729,0.395060,5.194985
-0.030896,-0.085064,-0.028463,1.099993,0.192278,5.080651
-0.032603,-0.095322,-0.005578,0.952240,0.495460,5.091467
-0.014566,-0.101076,-0.009954,1.531456,0.887186,4.777443
-0.009120,-0.096510,-0.002049,0.818110,1.188031,4.677955
0.006150,-0.096799,0.010355,0.935076,1.294858,4.795214
0.005910,-0.097413,0.018417,1.343034,1.067333,4.725396
0.000021,-0.102382,0.030204,1.343231,0.314499,5.023527
0.012911,-0.093822,0.036499,1.515707,1.223518,4.796323
0.006507,-0.101680,0.045467,1.394920,-0.147796,4.489242
0.028805,-0.094780,0.038945,1.491020,0.993176,4.310326
0.029406,-0.111652,0.053910,1.264476,0.772320,3.768376
0.051437,-0.089876,0.047499,1.492293,0.963995,4.372489
0.047380,-0.083853,0.057189,1.324653,0.843517,4.107261
0.061866,-0.087946,0.053683,1.429513,0.973435,4.423354
0.078731,-0.076054,0.031422,1.666922,1.094938,4.182035
0.091486,-0.091488,0.019992,1.709856,1.081014,3.977389
0.113702,-0.084588,0.015065,1.552677,1.078690,3.253303
0.120493,-0.100941,0.019716,1.336203,0.799312,3.121024
0.149504,-0.092190,-0.011582,1.588186,1.532924,3.070889
0.145909,-0.092059,0.001236,1.497381,1.318091,2.487642
0.176026,-0.083512,-0.003999,0.988692,1.650100,2.348746
0.183936,-0.096740,-0.014556,1.063302,0.845433,2.100387
0.203779,-0.109243,-0.017017,0.749340,0.875566,2.000608
0.201655,-0.102737,-0.032862,0.675219,0.531596,1.524913
0.202955,-0.113704,-0.048811,0.498309,0.738104,0.867234
0.216469,-0.104739,-0.062574,0.498407,1.240826,0.568844
0.207258,-0.115877,-0.052140,0.060950,0.623770,-0.496041
0.230219,-0.123850,-0.065263,-0.095993,0.724069,-0.882075
0.231102,-0.109814,-0.069015,0.001065,0.594937,-0.768549
0.244077,-0.123085,-0.086776,0.154171,2.083697,-1.156411
0.249286,-0.109239,-0.084229,0.269565,1.442936,-1.523168
0.252536,-0.113539,-0.101619,0.078590,1.461760,-2.546176
0.264372,-0.116796,-0.106621,0.327349,1.177833,-2.729989
0.274712,-0.130595,-0.097654,0.271226,1.664330,-3.782982
0.281503,-0.121145,-0.095156,-0.128391,1.032605,-4.682305
0.277236,-0.112194,-0.089244,0.226772,-0.748226,-4.438042
0.298989,-0.113159,-0.111151,0.242482,1.886232,-4.727986
0.304448,-0.109699,-0.107202,0.246956,1.285080,-5.411154
0.316809,-0.108494,-0.115674,0.513254,1.486352,-5.071323
0.318585,-0.094964,-0.144685,0.119601,0.204944,-6.233355
0.310185,-0.094534,-0.096718,-0.387477,-0.178326,-6.582843
0.346706,-0.077058,-0.113945,-0.341595,-0.071749,-6.416433
0.349456,-0.060755,-0.106733,-0.526058,-0.420925,-7.374502
0.366489,-0.074101,-0.111177,-0.490473,-0.144383,-7.175687
0.376149,-0.045527,-0.122600,-0.493536,0.289677,-6.781719
0.378821,-0.039087,-0.112110,-0.562014,0.944094,-7.740713
0.398316,-0.031863,-0.120437,-0.838674,0.890787,-8.079211
0.409164,-0.030861,-0.108499,-0.813081,0.225561,-8.234976
0.432351,-0.038332,-0.112937,-0.955014,0.823635,-8.007818
0.448291,-0.022406,-0.094486,-0.855280,0.857437,-8.259817
0.432079,-0.022386,-0.094860,-0.383899,0.739883,-8.562212
0.448396,-0.011653,-0.099436,-0.500045,0.040970,-8.426571
0.437199,-0.010231,-0.060349,-0.786992,-0.253133,-8.740363
0.468294,-0.000361,-0.070518,-0.845620,0.891808,-8.223424
0.471324,-0.014695,-0.056853,-0.616279,0.261353,-8.262882
0.478404,-0.028639,-0.046421,-0.751164,0.755002,-7.856979
0.483626,-0.010944,-0.038878,-0.727560,0.828220,-8.634628
0.481873,-0.024339,-0.029287,-0.532029,0.224560,-8.017424
0.492518,-0.009227,-0.014953,-0.452272,0.667883,-7.892767
0.483790,-0.024349,0.004039,-0.569376,0.551373,-7.376666
0.492672,-0.024057,-0.005115,-0.142742,0.789455,-7.357589
0.491993,-0.041014,0.013151,-0.132212,0.575614,-6.857781
0.499359,-0.041175,0.018850,-0.004551,1.027714,-6.277475
0.493267,-0.046778,0.028211,0.181189,0.773837,-6.140184
0.493877,-0.067106,0.029114,0.374564,0.510228,-5.326470
0.490545,-0.051862,0.024922,0.517084,0.286615,-5.360090
0.470789,-0.076028,0.048274,0.424930,-0.109848,-4.489583
0.480495,-0.067162,0.035554,0.558171,0.276708,-3.891625
0.453474,-0.059662,0.047522,0.706294,0.936689,-3.526677
0.442960,-0.076123,0.042536,0.671375,-0.292887,-2.715915
0.424296,-0.077718,0.060130,0.395398,-1.124512,-2.129120
0.415650,-0.114134,0.064863,0.773623,-0.362530,-1.482089
0.411783,-0.127073,0.085303,0.111165,-4.022215,-1.182976
0.413080,-0.125514,0.079608,0.291850,-0.541653,-0.129894
0.396169,-0.124342,0.075134,0.185286,-0.080198,0.776869
0.366716,-0.114596,0.085063,-0.350041,-0.617359,1.443430
0.339002,-0.128931,0.081003,-0.170570,-0.302809,2.058244
0.315480,-0.125924,0.068198,0.172313,-0.903994,2.705849
0.277473,-0.140826,0.100599,-0.566192,-1.163566,2.324820
0.268991,-0.159697,0.090492,-0.587387,-0.754594,2.407097
0.244484,-0.164214,0.094970,-0.048063,-0.055215,2.637941
0.199374,-0.177728,0.092875,0.226529,0.077665,3.125264
0.175937,-0.166121,0.078360,0.406509,0.725050,3.775328
0.135547,-0.173838,0.124183,-0.028654,0.206011,4.245609
0.123950,-0.174025,0.103724,0.088749,1.929803,4.789614
0.098219,-0.179464,0.130006,0.512410,1.579597,4.351713
0.069511,-0.200593,0.125408,0.542014,1.861604,4.898981
0.053279,-0.195059,0.138761,0.421405,1.649572,5.481508
0.010666,-0.201223,0.161255,0.399616,1.374970,5.620145
-0.002759,-0.197974,0.164236,0.820454,1.646828,6.529702
-0.026051,-0.187906,0.162968,0.569449,1.054003,7.044050
-0.071592,-0.186712,0.177716,0.681790,0.927839,6.371904
-0.086753,-0.168396,0.178836,0.800451,0.647575,7.513099
-0.117904,-0.154672,0.183526,1.112578,0.361376,7.441072
-0.136279,-0.151842,0.177500,1.627766,0.593109,7.637710
-0.153810,-0.145126,0.175583,1.786465,0.639766,7.437474
-0.189267,-0.152811,0.192520,1.937946,0.690004,7.245579
-0.203388,-0.142290,0.168920,2.052090,1.012835,7.223891
-0.226746,-0.125225,0.187958,2.078402,0.404343,7.228526
-0.237611,-0.123275,0.179699,1.854257,0.874339,7.247173
-0.263306,-0.104962,0.182013,1.947423,0.698039,7.784527
-0.284862,-0.107086,0.180920,1.915787,0.560433,7.216042
-0.293448,-0.091360,0.176870,1.813440,0.382232,6.972422
-0.315920,-0.096142,0.195507,1.643955,-0.324178,5.988520
-0.309280,-0.086193,0.163041,1.851543,-0.089050,5.862987
-0.340433,-0.093231,0.180910,1.779671,1.133632,5.428024
-0.346706,-0.070346,0.157464,1.643394,1.175407,5.426661
-0.368091,-0.062790,0.153046,1.578766,1.825563,5.012545
-0.354561,-0.058496,0.156564,0.947028,2.130971,4.681672
-0.362737,-0.058125,0.128782,1.351831,2.383137,4.047140
-0.349296,-0.058939,0.109891,0.992529,2.923722,3.282857
-0.359340,-0.055847,0.107896,0.952230,2.868761,2.514333
-0.360942,-0.056363,0.102591,1.220977,2.715701,2.330490
-0.351383,-0.048537,0.078882,1.310869,2.443190,2.056449
-0.348564,-0.042018,0.097536,0.704938,1.884466,2.214236
-0.315831,-0.055847,0.075528,0.900105,2.220115,1.467403
-0.295589,-0.045944,0.063599,1.081703,1.882533,1.033310
-0.271433,-0.056395,0.055692,1.240415,1.734301,0.686498
-0.251010,-0.042018,0.030112,1.618431,1.475153,0.573293
-0.247993,-0.043275,0.045004,1.548032,1.237701,0.849504
-0.215399,-0.051380,0.025516,1.727798,1.561855,0.095955
-0.195514,-0.043916,0.013106,1.536987,1.004090,0.134025
-0.190016,-0.059606,0.010844,1.342499,0.483961,-0.074659
-0.144022,-0.067559,-0.002811,1.108281,0.174162,-0.690440
-0.106415,-0.063298,-0.001098,0.895382,0.780405,-0.309766
-0.074405,-0.072558,-0.029681,1.009821,1.100256,0.096644
-0.046481,-0.058303,-0.037500,1.002914,0.549614,-0.165570
-0.035718,-0.073320,-0.025713,0.457659,-0.346262,-0.277009
0.018866,-0.071134,-0.048650,0.337978,0.240536,-0.345056
0.050115,-0.079267,-0.058944,0.203844,0.247071,-0.547205
0.089914,-0.094849,-0.083444,0.593637,0.779706,-0.712737
0.119262,-0.094347,-0.092481,0.261934,0.736601,-1.039562
0.140625,-0.097620,-0.080815,0.069461,0.398782,-0.921942
0.186474,-0.093832,-0.086782,-0.056295,1.091268,-0.657761
0.222239,-0.096957,-0.096528,0.037077,0.927626,-1.167484
0.254653,-0.129364,-0.113912,-0.091227,1.062603,-1.139152
0.293422,-0.129715,-0.111417,-0.112586,1.639481,-1.481323
0.305728,-0.138844,-0.085909,-0.442596,0.933639,-1.479839
0.345130,-0.132075,-0.096511,-0.394239,0.718597,-1.016321
0.373074,-0.141654,-0.088660,-0.588126,0.639421,-1.006148
0.411130,-0.160196,-0.092225,-0.632373,0.477958,-0.987595
0.449259,-0.156848,-0.072162,-0.745903,-0.054723,-1.051438
0.467621,-0.175476,-0.066874,-0.752481,-0.281552,-1.557484
0.507010,-0.167093,-0.082358,-0.559444,-0.352558,-0.627444
0.519388,-0.170533,-0.073672,-0.363430,-0.657359,-0.714947
0.548917,-0.177094,-0.092884,-0.253370,-0.797561,-0.353238
0.571448,-0.171393,-0.109835,-0.318834,-1.494006,-0.579486
0.571041,-0.190592,-0.074076,-0.728834,-1.768507,-0.947582
0.613827,-0.192305,-0.075832,-0.889509,-3.517977,-1.107937
0.639828,-0.181791,-0.104560,-0.644853,-1.963956,-0.998012
0.655199,-0.176169,-0.121209,-0.673131,-1.738676,-0.448013
0.659132,-0.169387,-0.136249,-0.396740,-1.835692,-0.931936
0.638826,-0.155128,-0.116869,-0.985632,-2.373959,-0.682550
0.650663,-0.156208,-0.124783,-1.098532,-2.204884,-0.759145
0.644787,-0.138496,-0.127137,-1.302191,-2.799094,-1.123867
0.628372,-0.148589,-0.144734,-1.185231,-3.890078,-1.394308
0.617047,-0.121614,-0.150544,-1.327062,-3.645982,-1.582313
0.577468,-0.117610,-0.126280,-1.386461,-3.097963,-1.412208
0.584049,-0.085238,-0.137486,-1.538621,-2.085423,-1.923022
0.557678,-0.078598,-0.146057,-1.464694,-1.724627,-2.601723
0.542713,-0.073733,-0.151354,-1.210355,-1.252412,-2.616753
0.517373,-0.034919,-0.153596,-1.133874,-1.042917,-3.168208
0.473917,-0.023161,-0.138747,-1.220428,-0.928189,-3.198617
0.451977,0.007583,-0.162636,-0.771847,-0.378755,-3.459657
0.397718,0.006998,-0.116393,-1.366336,-3.473248,-3.958884
0.402583,0.024458,-0.110649,-1.223097,-0.767501,-4.933270
0.372670,0.049119,-0.114716,-0.815021,-0.927635,-5.319066
0.323204,0.062222,-0.111653,-0.129914,-0.576900,-5.385221
0.270035,0.107188,-0.104960,-0.120671,-0.001639,-5.858229
0.214341,0.117987,-0.092812,0.158209,0.187751,-5.901519
0.185912,0.143873,-0.079269,0.669845,0.626491,-5.870590
0.124731,0.147467,-0.038186,0.539884,-0.398978,-7.043462
0.102525,0.162389,-0.018140,0.954597,0.331623,-6.412824
0.049169,0.176284,0.023248,1.322099,0.847882,-7.036295
0.002293,0.171321,0.031638,1.270607,2.630663,-7.130912
-0.030988,0.166712,0.050213,1.737110,2.869647,-7.278790
-0.073118,0.149171,0.117625,1.689863,1.893746,-6.993638
-0.091995,0.135680,0.159568,1.514387,2.621813,-6.793754
-0.129898,0.133175,0.184075,1.794917,2.774611,-7.005249
-0.161544,0.124776,0.225725,1.818488,2.838146,-6.194001
-0.172651,0.132952,0.234611,2.122301,3.130995,-5.695986
-0.206658,0.095992,0.290668,1.674478,2.243768,-5.615760
-0.193285,0.059833,0.287117,1.911739,2.945206,-5.122179
-0.194641,0.048817,0.283125,2.299645,3.706541,-4.877276
-0.204163,0.019885,0.288729,2.307467,3.145221,-3.833345
-0.201635,0.007796,0.276452,2.024727,2.498709,-3.203731
-0.217234,-0.030188,0.313967,1.788966,2.130216,-2.565060
-0.195842,-0.043318,0.278697,2.220160,1.320753,-1.434331
-0.189842,-0.057374,0.282137,1.730857,0.971794,-1.041065
-0.166766,-0.074249,0.250521,1.621739,0.941921,0.269643
-0.160877,-0.107726,0.240585,1.450646,-0.117332,0.820467
-0.160086,-0.144083,0.210039,0.948278,-1.147463,1.756793
-0.155668,-0.159369,0.182361,0.607377,-2.987036,2.456179
-0.176288,-0.178492,0.169921,-0.135090,-3.073758,3.749474
-0.157595,-0.183944,0.149665,-0.476966,-2.665630,4.411033
-0.177142,-0.205776,0.117874,-0.574402,-3.088037,4.278347
-0.169513,-0.233024,0.089567,-0.897722,-2.370043,4.990479
-0.162151,-0.241246,0.069429,-1.282345,-1.641939,5.238757
-0.176511,-0.266665,0.026012,-1.108415,-1.644230,5.554908
-0.179814,-0.265083,-0.007131,-1.407557,-0.813573,5.648218
-0.188476,-0.292899,0.006304,-1.969484,-0.682426,5.641378
-0.163139,-0.295557,-0.027872,-2.349232,-0.395860,5.445335
-0.176580,-0.315075,-0.032209,-2.143571,-0.131709,5.152410
-0.169717,-0.303278,-0.036794,-2.302274,0.654379,5.599520
-0.169014,-0.289442,-0.048532,-1.944465,1.641746,5.497361
-0.149750,-0.287735,-0.076745,-1.882269,2.914975,5.388217
-0.146792,-0.283875,-0.081045,-1.939814,0.926159,5.079746
-0.117628,-0.287279,-0.090692,-1.462291,2.049291,4.402671
-0.107488,-0.249938,-0.095917,-1.583390,0.999974,4.965255
-0.112767,-0.242198,-0.099206,-1.197806,1.081644,4.574871
-0.088083,-0.218948,-0.112648,-0.528579,1.334914,4.172716
-0.081488,-0.212190,-0.072628,-0.938756,0.306040,3.413088
-0.043011,-0.174819,-0.069609,-1.124768,0.468048,3.940871
-0.039394,-0.153408,-0.043142,-0.514488,-0.611700,3.527169
-0.013903,-0.127004,-0.023671,-0.048742,-0.926679,3.516104
-0.004870,-0.090090,0.009603,0.096341,-1.425754,3.555630
0.006849,-0.078151,0.019352,0.193547,-2.343859,3.169694
0.028408,-0.059642,0.014225,0.201799,-3.789153,2.596078
0.024105,-0.042127,0.080960,-0.391176,-4.382686,2.721392
0.038383,0.009985,0.093204,-0.368173,-4.617719,3.140010
0.018715,0.041664,0.095875,0.098869,-5.332079,2.087499
0.008854,0.070668,0.107610,0.237319,-5.116426,2.070787
0.002897,0.114620,0.113473,0.605926,-4.104831,1.604404
-0.015301,0.120308,0.138557,0.552190,-3.965600,1.112311
-0.017812,0.155181,0.134841,0.782568,-3.357972,0.703879
-0.038108,0.173769,0.145135,0.935772,-3.092990,-0.334091
-0.058981,0.175135,0.142755,0.966427,-2.342451,-0.743388
-0.064150,0.213464,0.144797,0.912861,-1.351768,-1.093340
-0.075557,0.224798,0.145082,1.198137,-0.582884,-1.573134
-0.081055,0.239861,0.122220,1.511351,-0.071614,-2.157570
-0.121501,0.232397,0.150325,0.991587,-0.115655,-2.454083
-0.115511,0.246987,0.131309,0.863148,0.382137,-2.849876
-0.137861,0.246666,0.120343,1.132594,1.081729,-2.897452
-0.155232,0.238722,0.114644,0.985951,1.192223,-3.115623
-0.175166,0.251192,0.110715,0.593676,0.717825,-3.277113
-0.204291,0.251908,0.084137,0.906112,0.818110,-3.427482
-0.227068,0.254301,0.061899,1.116690,0.996862,-3.149561
-0.246477,0.254734,0.079424,0.531146,0.970314,-2.429020
-0.251371,0.256126,0.028238,0.276754,1.808159,-1.682360
-0.277991,0.227674,0.050410,0.380997,0.000123,-1.248458
-0.264323,0.213316,0.005392,0.186112,-0.053364,-0.914164
-0.269877,0.190155,-0.001734,0.254115,-0.331203,-0.664259
-0.254729,0.165087,-0.008224,0.209198,-0.981647,0.621424
-0.267245,0.161693,-0.028785,0.031923,-1.351007,0.849363
-0.276948,0.133783,-0.002306,0.115625,-1.301147,1.113108
-0.283844,0.120574,-0.012507,0.084931,-1.560735,1.704682
-0.285361,0.118017,-0.010288,0.430703,-1.183412,2.618913
-0.300726,0.064835,-0.024935,0.735343,-1.223238,1.963985
-0.312992,0.046414,-0.015356,1.065858,-0.823289,1.958711
-0.322570,0.008781,-0.018435,1.356666,-0.449557,2.220111
-0.339094,0.004556,0.002464,1.643032,-0.859767,2.717154
-0.373852,-0.015654,0.019802,1.435425,-2.263013,3.131914
-0.364119,-0.010139,0.006075,1.282227,1.078378,3.513280
-0.385869,-0.030756,0.046570,0.959724,0.418989,3.673319
-0.377584,-0.046256,0.051970,1.053799,1.876007,4.384207
-0.376721,-0.069788,0.067880,0.726336,1.621671,4.809756
-0.352611,-0.108136,0.081009,0.843624,1.847496,4.884268
-0.340171,-0.122182,0.088598,0.489072,0.862174,4.866563
-0.321434,-0.151586,0.097162,0.264330,0.848253,5.632111
-0.299321,-0.147811,0.073365,0.083389,1.661123,5.797303
-0.298126,-0.162241,0.094185,-0.054175,1.737525,6.149896
-0.276629,-0.142011,0.064272,-0.003340,1.412852,7.075334
-0.265374,-0.152207,0.072990,-0.043251,2.162010,6.261709
-0.222597,-0.150592,0.044466,-0.259738,2.721869,6.359441
-0.203940,-0.162589,0.035091,-0.085709,2.312650,6.137578
-0.157083,-0.162307,0.017071,-0.208692,2.139978,6.243546
-0.143536,-0.184919,0.044788,-0.168758,-1.554524,5.614402
-0.093335,-0.172361,-0.001111,-0.322859,-0.150829,6.008466
-0.061291,-0.177337,0.002329,-0.856025,-0.813320,5.419121
-0.009665,-0.166173,0.002372,-0.762748,-0.474799,5.645015
0.009954,-0.150710,0.002191,-0.709858,-1.193197,4.579703
0.038649,-0.146794,-0.020172,-0.443528,-1.149104,4.457535
0.064400,-0.139313,-0.018563,-0.701452,-1.484556,3.264546
0.075951,-0.143134,-0.029005,-0.473739,-1.039943,2.840973
0.103238,-0.142474,-0.054562,-0.181113,-1.172780,1.792277
0.110311,-0.132066,-0.028056,-0.481906,-1.487474,1.115228
0.115504,-0.127775,-0.054447,-0.466137,-0.902764,-0.114167
0.122929,-0.079724,-0.041301,-0.773140,-2.171734,-0.009924
0.118389,-0.067497,-0.067436,-0.474649,-0.505178,-2.072960
0.132438,-0.010491,-0.064944,-0.532482,-0.696820,-1.550987
0.161031,0.007097,-0.078882,-0.172080,0.061978,-2.024075
0.158028,0.010711,-0.103690,-0.643770,0.261694,-4.055045
0.178822,0.016970,-0.103703,-0.442553,1.034942,-4.736056
0.187800,0.023535,-0.118891,-0.475650,1.751865,-6.182712
0.202882,0.041677,-0.093735,-1.198331,0.171821,-6.154210
0.216025,0.055158,-0.116751,-1.428154,-0.054431,-8.015648
0.220181,0.070871,-0.100263,-1.567015,-0.188289,-8.692803
0.247107,0.110582,-0.109162,-1.605583,0.986069,-9.041516
0.255346,0.141020,-0.101008,-1.171113,0.612646,-9.450751
0.275680,0.168698,-0.119101,-1.471991,0.862686,-9.366514
0.288784,0.181998,-0.125683,-0.807810,2.063474,-9.643407
0.287569,0.168951,-0.133373,-1.254123,0.271125,-10.703497
0.310671,0.199773,-0.121071,-0.765276,-0.239222,-10.630555
0.316412,0.192873,-0.127678,-0.672235,-0.273934,-10.893376
0.334354,0.229866,-0.107636,-0.853396,-0.775671,-11.089833
0.329929,0.215243,-0.072720,-1.082908,-1.228378,-11.749164
0.353559,0.250306,-0.079801,-0.800158,-1.033983,-11.464507
0.357436,0.250033,-0.044948,-0.742942,-1.509893,-11.254185
0.372043,0.241338,-0.057250,-0.631618,-1.636192,-11.160343
0.385865,0.236694,-0.038859,-0.809221,-1.405374,-10.695500
0.402028,0.223590,-0.063805,-1.027280,0.504444,-10.797199
0.399123,0.212499,-0.032596,-0.480045,-0.324828,-11.145233
0.380869,0.164496,-0.017454,-0.384283,-0.571201,-11.720093
0.388878,0.189502,-0.004147,-0.278287,-0.869490,-10.295075
0.364913,0.169269,0.001433,-0.310143,-0.713239,-10.068882
0.347677,0.168977,0.017576,-0.605946,-1.112114,-10.076734
0.333317,0.157695,0.029442,-0.619575,-0.635796,-9.131382
0.323496,0.135811,0.014300,-0.500120,-0.580937,-8.905166
0.303292,0.102114,0.051293,-0.916238,-0.897804,-8.428037
0.316911,0.088682,0.016014,-0.643783,0.151034,-7.045138
0.291997,0.040033,0.055899,-0.398411,0.978175,-6.933502
0.277617,0.018122,0.033023,-0.804117,0.127689,-6.955252
0.253169,-0.022018,0.051100,-0.694132,-0.066425,-6.418326
0.259153,-0.035043,0.035708,-1.360119,0.479625,-4.778810
0.252657,-0.021779,0.035610,-1.354545,-0.271538,-3.627951
0.246460,-0.045005,0.008911,-1.273571,-0.159669,-2.206389
0.227058,-0.054488,0.013385,-1.326920,-0.099416,-0.862572
0.187833,-0.108215,-0.005230,-1.526532,-0.906364,-1.691178
0.170807,-0.118109,-0.024767,-1.495211,-1.121367,-0.700593
0.134923,-0.137544,-0.015813,-1.397184,-1.358244,0.235023
0.138186,-0.130743,-0.039062,-1.160859,-1.794054,1.070443
0.112304,-0.136979,-0.010111,-1.337300,-2.133812,2.300202
0.086198,-0.152732,-0.012392,-1.049161,-1.455592,2.480109
0.062604,-0.146896,-0.020871,-0.609701,-1.706705,3.519066
0.033187,-0.168553,-0.022115,-0.508697,-1.714376,3.913960
0.015816,-0.157498,-0.032665,-0.095671,2.777132,4.710019
-0.031395,-0.164926,-0.009284,-0.519323,-0.775618,6.137174
-0.048667,-0.162087,-0.001203,-0.181809,-0.266190,6.124188
-0.108384,-0.189715,0.026189,-0.716147,-0.818828,5.845581
-0.131145,-0.170185,0.029790,-0.590217,-1.183904,6.211891
-0.190262,-0.159224,0.055859,-0.260332,-0.656518,7.382365
-0.221054,-0.149213,0.062017,-0.078494,-0.146782,7.150033
-0.256587,-0.115657,0.092399,0.100832,-0.154453,7.856535
-0.286286,-0.118571,0.100645,0.127108,0.295110,7.774132
-0.311948,-0.074288,0.114159,0.609912,0.510343,8.645156
-0.360574,-0.101516,0.118193,1.056077,1.691932,7.420349
-0.382947,-0.062212,0.147114,1.540781,1.225858,7.590156
-0.399616,-0.046049,0.167452,1.622914,1.480838,8.064901
-0.407306,-0.029197,0.156765,1.669998,2.001229,7.933426
-0.432591,-0.024904,0.198983,1.268234,1.578159,7.457350
-0.437872,-0.001195,0.211795,1.585301,1.335715,7.975420
-0.454633,0.030359,0.225174,1.444297,0.801199,8.060832
-0.462625,0.038316,0.226979,1.537909,0.483105,7.963317
-0.459130,0.070254,0.222299,1.821042,1.390705,7.582560
-0.488665,0.069611,0.240782,1.885083,0.122785,7.590189
-0.482743,0.104333,0.230899,2.058819,0.084902,7.927298
-0.504608,0.103266,0.242699,2.084921,-0.372151,7.174273
-0.484756,0.118198,0.222797,2.062311,0.293248,6.848875
-0.493201,0.135696,0.224051,1.855632,-0.743621,7.060559
-0.494668,0.125212,0.208493,2.266426,0.341313,6.075470
-0.484362,0.157794,0.191565,2.086296,0.610329,5.812553
-0.508340,0.151301,0.211808,1.398737,-0.621754,5.369272
-0.484975,0.154406,0.207071,1.240087,-0.503373,4.878361
-0.454642,0.154334,0.194690,1.223927,-0.104642,4.686621
-0.448875,0.142724,0.166973,1.223304,0.678892,4.502644
-0.443686,0.144060,0.146478,1.196877,0.719634,3.747230
-0.451596,0.143827,0.155760,0.655009,-0.621130,3.251161
-0.425895,0.151977,0.101193,0.640385,0.062303,2.548493
-0.426765,0.122337,0.109018,0.608188,0.240431,1.847387
-0.404076,0.126325,0.076936,0.400636,0.791437,1.573471
-0.401201,0.148527,0.051001,0.772444,0.916475,1.465383
-0.396215,0.130805,0.018682,0.672238,2.017444,0.812277
-0.372056,0.131688,-0.018563,0.345872,1.244249,0.608467
-0.367891,0.101739,-0.006671,0.010528,0.604683,0.005868
-0.330504,0.084132,-0.028716,-0.156525,0.702207,-0.720722
-0.324198,0.079215,-0.037398,-0.459543,0.068428,-0.578593
-0.294935,0.063624,-0.055182,-0.331062,0.953399,-0.805015
-0.267278,0.074223,-0.082853,-0.943683,0.601335,-0.267137
-0.235110,0.033648,-0.077427,-0.494478,0.697569,-0.817254
-0.208355,0.020378,-0.092474,-0.713141,0.281146,-1.214330
-0.180992,0.012759,-0.108581,-0.202620,1.614407,-0.570774
-0.153344,0.028610,-0.130055,-0.390517,0.682575,-0.163312
-0.156899,-0.006243,-0.109973,-0.408849,-0.221241,-1.115944
-0.096840,-0.007602,-0.126372,-0.571530,0.230236,-1.007140
-0.074168,-0.020554,-0.112441,-0.311587,-0.333179,-0.468271
-0.048043,-0.027159,-0.132759,-0.464647,-0.185154,-0.697542
-0.029626,-0.023496,-0.140322,-0.116036,-0.592970,-0.613820
-0.002490,-0.044339,-0.129303,-0.086934,-0.396293,-0.935866
0.046888,-0.044444,-0.147311,-0.353218,-0.793133,-0.457555
0.066281,-0.048938,-0.109142,-0.512226,-1.850679,-0.345075
0.106353,-0.051291,-0.109891,-0.155684,-1.113309,0.438834
0.111417,-0.051459,-0.091739,-0.191368,-1.759079,-0.083654
0.139161,-0.073661,-0.092018,0.059401,-0.867376,0.005934
0.175714,-0.087657,-0.080667,0.006511,-1.005074,-0.541871
0.205935,-0.115043,-0.068798,0.026107,-0.806112,-0.645451
0.230406,-0.087185,-0.054569,0.399025,0.453724,0.238309
0.214601,-0.099602,-0.053587,0.526196,0.142860,-0.115725
0.229119,-0.087582,-0.046477,0.732035,0.266001,0.330749
0.226490,-0.128337,-0.007193,0.147859,-1.310052,-0.443942
0.258375,-0.138473,-0.010663,-0.214584,-2.982982,-0.665056
0.257167,-0.148931,0.027801,-0.580993,-3.720001,-0.255112
0.284727,-0.101591,0.010096,-0.705305,-0.843968,1.509461
0.282813,-0.112233,0.015738,-0.730219,-0.810950,0.723242
0.309956,-0.128219,-0.004193,-0.838257,-1.059634,0.560164
0.332050,-0.136359,-0.009901,-1.271697,-1.576632,0.350476
0.353041,-0.151924,-0.020677,-1.208529,-1.273892,0.453861
0.346227,-0.135292,-0.031828,-1.089784,-1.244275,0.034177
0.344874,-0.127362,-0.061626,-1.316719,-1.014143,0.641881
0.347238,-0.126371,-0.069579,-1.262440,-1.006964,0.125688
0.350510,-0.141663,-0.093981,-1.344439,-1.097419,-0.039874
0.351938,-0.125934,-0.108929,-1.508656,-0.881323,-0.493317
0.322728,-0.103505,-0.116666,-1.734737,-0.892089,-0.636314
0.324011,-0.085747,-0.142108,-1.233768,-1.160615,-1.366936
0.306292,-0.090937,-0.116163,-1.844764,-1.302912,-2.008788
0.315152,-0.079327,-0.158868,-1.896588,-1.819119,-2.057371
0.300181,-0.082018,-0.139337,-1.625734,-1.129393,-2.664445
0.276747,-0.052824,-0.158399,-1.741233,-0.998903,-3.112420
0.257151,-0.015178,-0.140004,-1.152187,-0.160952,-2.690244
0.255684,-0.004402,-0.140329,-1.373810,0.554219,-3.582457
0.237906,-0.003355,-0.130061,-1.100751,0.079230,-5.097119
0.221477,0.017975,-0.126690,-0.940059,-1.109675,-4.650222
0.191453,0.035457,-0.122643,-0.722742,0.146382,-6.119948
0.155235,0.044205,-0.088250,-0.409486,-1.206205,-6.193311
0.138392,0.081621,-0.074506,-0.385757,-1.301918,-6.430761
0.135054,0.062068,-0.086536,-0.317056,1.316217,-7.341680
0.135412,0.089315,-0.057775,-0.424956,0.378474,-8.177386
0.118872,0.130681,-0.053150,-0.109117,0.830075,-7.034064
0.113036,0.188274,-0.050653,-0.047919,1.271024,-6.562293
0.075944,0.177157,-0.022985,-0.036811,0.993855,-7.792014
0.085125,0.200863,-0.028644,0.183293,0.599339,-7.872230
0.076141,0.204785,0.007640,-0.090026,0.362537,-7.725965
0.084984,0.219789,0.021771,-0.222098,0.359399,-7.977570
0.072842,0.244896,0.033663,0.209090,0.836416,-7.918093
0.072750,0.253644,0.031139,-0.010387,0.821488,-7.920575
0.068279,0.247985,0.044134,0.509977,0.753778,-8.221187
0.077585,0.259319,0.063619,0.430162,0.787561,-7.762611
0.060638,0.260721,0.060126,0.456891,0.830748,-7.923677
0.042955,0.263465,0.079017,0.747229,-0.125020,-7.213377
0.038984,0.276625,0.084544,0.688851,-0.298316,-7.573622
0.036955,0.248271,0.089616,0.386266,-0.661797,-7.127042
0.035196,0.244988,0.091946,0.677031,-0.502434,-6.794774
0.013377,0.223039,0.120074,0.570230,-1.178062,-6.494297
0.009951,0.232230,0.100756,0.789159,-0.659302,-5.617351
-0.021449,0.209348,0.142565,0.478926,-1.257740,-5.984311
-0.013200,0.194045,0.143484,0.301362,-0.784717,-5.859634
-0.032902,0.169702,0.153161,0.401647,-0.789582,-5.907511
-0.038547,0.132479,0.142913,0.800595,0.022825,-5.740011
-0.049826,0.144500,0.139965,0.663221,0.049048,-4.543993
-0.067817,0.109729,0.134237,0.534077,-0.352302,-3.904416
-0.063848,0.084293,0.130249,0.607410,-0.009268,-4.104992
-0.075265,0.046854,0.121662,0.326844,-0.169368,-3.382432
-0.080694,0.012549,0.125660,0.327461,0.566055,-3.132920
-0.102870,0.010396,0.113305,0.619864,-0.466340,-1.882380
-0.115094,-0.016113,0.099483,0.302482,-0.928616,-1.370329
-0.105191,-0.026870,0.073837,0.221514,-0.869923,-0.471554
-0.127478,-0.082179,0.081249,-0.363400,-2.151278,-0.468228
-0.110062,-0.073011,0.063842,-0.583173,-2.893346,1.402959
-0.117739,-0.085468,0.053670,-0.784018,-1.836581,2.287054
-0.121147,-0.109548,0.035354,-1.000019,-2.364542,2.769376
-0.121124,-0.126091,0.028034,-1.188297,-2.923009,3.314334
-0.108831,-0.160616,0.000698,-0.981880,-1.323395,4.292006
-0.129848,-0.167854,-0.012816,-1.277802,-2.324749,4.342161
-0.160759,-0.164503,-0.024741,-1.231474,-1.534620,5.723089
-0.174608,-0.159172,-0.038964,-1.257520,-1.892097,6.230948
-0.191292,-0.174947,-0.019673,-1.361826,-3.133528,6.391308
-0.178218,-0.203429,-0.051197,-1.427445,-2.044674,6.698910
-0.192979,-0.212528,-0.043129,-1.434982,-2.388943,6.674350
-0.234591,-0.210086,-0.035468,-1.342217,-2.090179,7.293835
-0.243152,-0.175624,-0.043310,-0.931978,-1.796548,8.315037
-0.273613,-0.182592,-0.012458,-1.172698,-1.767880,7.840074
-0.264714,-0.200577,0.001827,-1.253180,-1.038049,7.357786
-0.282646,-0.205763,0.023110,-1.002422,-0.810776,7.745740
-0.281648,-0.183656,0.027873,-0.708089,-0.524758,8.308311
-0.317075,-0.164260,0.044896,-0.459907,-0.192263,7.477974
-0.332962,-0.170644,0.056352,-0.097611,-0.018465,7.536237
-0.335963,-0.155240,0.067551,0.248617,0.181396,7.579099
-0.355536,-0.160386,0.094684,0.166625,0.268506,6.871727
-0.343643,-0.120314,0.084564,0.983003,0.573428,7.615688
-0.399353,-0.147818,0.124331,0.863060,-0.188938,5.865859
-0.391078,-0.083682,0.132530,0.847376,-0.713521,7.142448
-0.400755,-0.070694,0.127567,1.353820,1.517828,6.728210
-0.405580,-0.066167,0.139561,1.153037,-1.301576,6.914685
-0.412634,-0.057997,0.151076,1.057659,-2.494835,6.007281
-0.406712,-0.035480,0.135068,1.186485,-1.038650,6.893930
-0.402107,-0.000646,0.133768,0.980807,-1.396107,6.777101
-0.414869,0.002147,0.146898,1.003971,-1.042615,6.810352
-0.403387,0.023447,0.126727,0.897952,-2.107258,6.347827
-0.422668,0.031896,0.137700,0.600261,-2.686296,5.814210
-0.410441,0.051594,0.127656,0.319970,-2.343334,5.591667
-0.418204,0.063791,0.119791,0.504177,-1.818347,5.767835
-0.414186,0.071275,0.087502,0.597113,-1.546003,4.934489
-0.416796,0.085176,0.074517,0.401490,-0.531563,3.880094
-0.418716,0.085780,0.061843,0.382028,-0.734818,3.435783
-0.409538,0.102330,0.038354,0.546235,-0.719722,2.673624
-0.418092,0.112237,0.039821,0.296852,-0.162915,2.575236
-0.417987,0.120423,0.014875,0.386203,-0.273110,1.382414
-0.418434,0.126722,0.024722,-0.380154,-0.226476,0.996612
-0.404303,0.127927,0.009728,0.040851,0.035003,0.007068
-0.403194,0.144034,0.007095,-0.201996,-0.030702,-0.331689
-0.386049,0.143079,-0.016404,-0.061869,1.306501,-0.993505
-0.389204,0.133635,-0.012205,-0.029360,0.585287,-1.635638
-0.362698,0.153106,-0.043438,-0.112143,1.878088,-1.664248
-0.358457,0.153792,-0.048391,-0.049724,1.237826,-2.856394
-0.336678,0.144634,-0.066264,0.427086,2.164967,-2.617087
-0.313997,0.166735,-0.067324,-0.085286,1.709568,-2.797982
-0.300512,0.162514,-0.063077,0.326361,1.271037,-2.945071
-0.289405,0.156658,-0.083188,-0.003471,0.580517,-3.690231
-0.263349,0.174810,-0.060178,-0.178399,-0.318368,-3.378120
-0.226004,0.172791,-0.074844,0.129953,-0.068194,-3.576201
-0.212983,0.176274,-0.084980,-0.088779,-0.187750,-3.667259
-0.178074,0.161943,-0.087616,-0.022434,-0.513943,-3.821694
-0.138508,0.170011,-0.099738,0.005798,-1.273216,-3.682334
-0.112960,0.153602,-0.113554,-0.031241,-1.488469,-3.533209
-0.088030,0.169482,-0.122879,0.128447,-1.548331,-3.903530
-0.064242,0.174462,-0.109940,-0.186625,-1.831661,-2.936547
-0.029573,0.165652,-0.132572,0.143877,-1.388318,-3.508061
-0.016979,0.172158,-0.107590,-0.311817,-2.468122,-2.739255
0.023455,0.169292,-0.118455,-0.652472,-2.017775,-3.361877
0.040179,0.158279,-0.110764,-0.800424,-2.388129,-3.567216
0.062854,0.154754,-0.100447,-0.580852,-1.496176,-3.593616
0.077516,0.158046,-0.104800,-0.907340,-1.569821,-3.147145
0.083412,0.144355,-0.099400,-0.726002,-2.225166,-2.966979
0.101357,0.133044,-0.124928,-0.518394,-0.918949,-3.310298
0.107216,0.110549,-0.102410,-0.862754,-0.046284,-3.818285
0.123323,0.095785,-0.073679,-1.036537,-1.218446,-3.652610
0.132560,0.092883,-0.067554,-0.969637,-0.887563,-3.658439
0.136879,0.080732,-0.078422,-0.742627,-0.422678,-3.290537
0.149979,0.083653,-0.070098,-1.109594,-0.181185,-3.252831
0.153649,0.054026,-0.070334,-1.225772,-0.197135,-3.185616
0.182384,0.049381,-0.081921,-1.063170,-0.047150,-3.288451
0.171831,0.035257,-0.042857,-1.375681,-1.145848,-2.875625
0.183920,0.030097,-0.047288,-1.166623,-0.672540,-2.960121
0.188407,0.037082,-0.064951,-1.241177,-0.983308,-2.149707
0.208308,0.018694,-0.070137,-0.880555,0.921642,-1.857248
0.221044,0.022967,-0.068736,-0.595160,0.856600,-1.729813
0.209831,-0.000945,-0.054221,-0.683517,-1.097635,-1.648235
0.204044,-0.004405,-0.052743,-0.461594,-1.420854,-1.522862
0.186208,-0.026243,-0.057293,-0.356448,-2.500464,-1.599234
0.188220,-0.016724,-0.049333,-0.523498,-1.922355,-1.323195
0.174073,-0.031945,-0.054637,-0.281300,-1.727873,-0.698471
0.178087,-0.032194,-0.047682,-0.053236,-1.035341,-0.746385
0.159666,-0.034203,-0.031874,-0.511113,-2.186400,0.203947
0.143145,-0.026499,-0.037030,-0.674687,-3.631898,0.149809
0.111037,-0.036097,-0.006372,-0.826217,-4.072253,0.141409
0.113397,-0.033592,-0.030127,-0.861067,-3.028677,0.577484
0.078767,-0.043473,-0.009166,-0.985662,-3.035643,0.451826
0.072566,-0.038001,-0.007705,-1.390961,-1.773624,0.239097
0.041813,-0.032007,-0.000188,-1.188681,-1.526647,0.339664
0.024784,-0.028767,-0.013098,-1.003916,-0.420311,0.300245
-0.002224,-0.017403,-0.011549,-0.907461,0.313393,-0.040473
-0.019483,-0.027674,-0.017293,-0.699578,0.454666,-0.126010
-0.039135,-0.028984,-0.013325,-0.431678,1.018700,-0.767813
-0.057172,-0.030320,0.021426,-0.585490,1.241604,-0.405379
-0.074969,-0.013189,0.001023,-0.273511,1.302969,-0.292618
-0.092694,-0.009634,0.052518,-0.588864,0.913882,-0.176532
-0.098009,-0.017003,0.051372,-0.290799,1.345385,-0.496944
-0.099335,0.002830,0.061594,-0.313635,1.254809,-0.251582
-0.103261,-0.009486,0.062729,0.431314,2.600507,-0.366018
-0.105942,-0.005009,0.070397,0.497970,1.959732,-0.177359
-0.126504,-0.011173,0.105756,0.621482,1.681392,-0.405309
-0.123041,0.004458,0.106058,0.639611,0.606505,0.304558
-0.141675,-0.001841,0.134877,0.818842,-0.003513,0.575054
-0.139023,0.001202,0.143362,0.738439,-0.486199,0.528630
-0.146198,0.006257,0.146159,0.759699,-0.716403,0.648334
-0.164186,0.002662,0.152202,0.827435,-2.481629,0.705071
-0.163871,0.023151,0.148178,0.564256,-0.978581,1.027465
-0.179397,0.024897,0.147810,0.335477,-2.440451,1.168384
-0.195192,0.037820,0.139558,-0.003199,-3.512295,1.052208
-0.215389,0.024461,0.132301,0.201389,-2.392833,0.959380
-0.211729,0.033629,0.103363,0.354915,-1.793955,0.440502
-0.228384,0.023040,0.099243,-0.199144,0.016660,0.056512
-0.225486,0.025311,0.100070,-0.476438,-1.124945,-0.210586
-0.244708,0.022469,0.109852,-0.846959,-0.892703,-0.615269
-0.254880,0.025091,0.097763,-0.879938,0.105319,-0.951781
-0.256436,0.042800,0.075679,-0.882150,0.804042,-1.191068
-0.261569,0.026112,0.057527,-0.606035,1.169289,-1.280084
-0.275973,0.042987,0.055610,-0.607729,1.297123,-2.035233
-0.281838,0.014732,0.046055,-0.215349,1.057489,-2.818196
-0.289057,0.038585,0.033529,-0.011661,1.594256,-3.227382
-0.306752,0.036613,0.036211,-0.079177,1.682826,-3.087055
-0.297771,0.055697,0.036352,0.289690,1.642186,-3.103490
-0.307166,0.055588,0.020993,-0.172110,2.211551,-3.450950
-0.303398,0.066850,0.017858,-0.421135,0.033719,-3.520406
-0.304875,0.080919,0.027627,-0.149343,-1.360818,-3.196351
-0.292273,0.068350,0.018791,-0.155967,-1.530310,-3.681475
-0.273764,0.077912,0.003514,-0.200953,0.118757,-3.403449
-0.250550,0.074567,-0.001032,-0.413500,0.470799,-2.784742
-0.225486,0.093205,-0.027787,-0.373061,-0.596410,-2.448321
-0.224429,0.100019,-0.013837,-1.113615,-1.106800,-2.243192
-0.199390,0.105596,-0.017697,-0.946164,-1.653585,-2.464641
-0.179495,0.125744,-0.024672,-0.977958,-1.887098,-2.268896
-0.163313,0.125478,-0.046891,-0.541072,-0.887687,-2.512466
-0.152356,0.150520,-0.046769,-0.600392,-1.060373,-2.354729
-0.151168,0.139123,-0.054473,-0.483085,0.097005,-2.429164
-0.137749,0.149144,-0.056702,-0.180086,-0.599946,-2.368712
-0.133462,0.130723,-0.030544,-0.371026,-1.037334,-2.775934
-0.109550,0.134140,-0.022798,-0.636640,-0.680480,-2.494373
-0.100773,0.134971,-0.018022,-0.580353,-0.704632,-2.989095
-0.083990,0.137725,-0.000825,-0.414636,-0.156318,-2.584433
-0.071677,0.145327,0.012912,-0.163598,-0.001377,-2.312289
-0.062565,0.143390,0.023074,-0.201921,-0.215001,-2.480799
-0.048526,0.127244,0.008612,0.261202,0.244987,-2.599223
-0.049110,0.113651,0.053621,0.446449,0.321684,-2.070684
-0.022680,0.116113,0.043829,0.606409,0.436891,-2.202034
-0.024055,0.108790,0.062227,0.356937,-1.564385,-1.901533
0.002818,0.100482,0.040865,0.657832,0.575394,-1.100640
0.020195,0.110218,0.041909,0.416917,0.040452,-0.568961
0.017192,0.102120,0.040570,0.536999,-0.683221,-0.059651
0.026084,0.106253,0.033010,0.300637,-3.790498,0.022053
0.043468,0.089187,0.045812,0.119909,-0.821855,0.410103
0.093078,0.082941,0.014592,-0.177503,-0.774594,0.902634
0.104600,0.057761,0.014950,-0.431691,-2.203266,1.776476
0.127413,0.042669,0.014094,-0.612025,-1.712134,2.569257
0.133157,0.035654,-0.003389,-0.547959,-2.051354,3.099706
0.154736,0.017604,-0.019056,-0.458210,-2.064025,3.660098
0.173616,0.027274,-0.030397,-0.862856,-2.240193,3.566641
0.167225,-0.002646,-0.042161,-0.875218,-2.127661,3.573117
0.177562,0.001592,-0.065624,-1.133365,-2.618875,3.789355
0.154985,-0.018871,-0.049363,-1.159894,-2.564160,4.201343
0.156938,-0.002557,-0.071506,-1.295337,-2.539410,4.480114
0.141068,-0.010645,-0.062716,-1.722842,-2.923203,4.817421
0.141146,-0.022606,-0.083664,-1.322630,-2.726132,4.470277
0.124606,-0.030950,-0.069257,-1.214530,-2.725019,4.587765
0.110390,-0.031725,-0.078737,-0.839249,-2.298013,4.393037
0.092018,-0.025905,-0.061967,-0.988488,-2.523911,4.444650
0.081373,-0.033855,-0.067918,-0.657763,-1.890361,4.311915
0.064426,-0.025534,-0.065207,-0.763365,-1.261373,4.217866
0.055754,-0.027031,-0.061908,-0.656066,-1.247016,4.657818
0.027755,-0.034597,-0.060378,-0.371025,-0.987309,3.066865
0.005043,-0.051016,-0.052304,-0.422468,-0.530545,2.849994
-0.019818,-0.025751,-0.068420,-0.375601,-0.966495,2.787276
-0.049317,-0.028255,-0.046077,-0.453280,-0.281155,2.193265
-0.065644,-0.003371,-0.055868,-0.437423,-0.444266,2.027173
-0.112560,0.010563,-0.039827,-0.553129,-0.077742,1.732469
-0.122552,0.047533,-0.044810,-0.287980,-0.162439,1.754221
-0.177995,0.049151,-0.024922,-0.484178,-0.910612,1.050176
-0.183283,0.072621,-0.028263,-0.823503,-1.396885,1.008909
-0.208460,0.083840,-0.021600,-0.551251,-1.423198,0.718242
-0.229484,0.100594,-0.037112,-0.455929,-0.469977,1.008698
-0.250691,0.113986,-0.031161,-0.241586,-0.946574,-0.180012
-0.249917,0.110402,-0.030722,-0.479487,-0.275654,-0.085120
-0.259659,0.129588,-0.041875,-0.340837,-0.486068,-0.641077
-0.285252,0.130057,-0.032176,-0.473011,-0.146674,-0.775313
-0.291627,0.162163,-0.043034,0.051336,-0.043389,-0.918519
-0.326601,0.166541,-0.002932,-0.294220,-0.322301,-1.378839
-0.328423,0.179195,-0.020395,-0.130656,-0.049839,-1.508246
-0.349726,0.183262,0.004657,-0.127574,-1.002228,-2.141393
-0.354932,0.187129,0.000790,-0.253029,-0.507578,-2.666610
-0.377259,0.203853,-0.000497,0.061767,0.087709,-2.555044
-0.394633,0.211892,0.002073,0.461447,0.521624,-2.859231
-0.406437,0.231005,0.019920,1.058762,1.236565,-3.228309
-0.421217,0.213631,0.019454,0.802367,0.282623,-3.636953
-0.433852,0.223610,0.031986,1.046764,0.915576,-3.923004
-0.434685,0.214134,0.030069,0.954298,1.416216,-3.699828
-0.438316,0.205645,0.044522,0.967927,1.375337,-4.088850
-0.442967,0.184414,0.059125,1.420430,1.136983,-4.107142
-0.441204,0.178434,0.073621,1.026374,1.017472,-3.966907
-0.440032,0.175739,0.095567,0.913107,1.086902,-3.421083
-0.426371,0.160856,0.081193,1.509604,1.222992,-3.086372
-0.438696,0.145655,0.102102,1.132787,1.053369,-3.513700
-0.406217,0.136684,0.090975,1.051724,1.186298,-3.097660
-0.411193,0.110169,0.102115,0.952765,0.556303,-2.592233
-0.385137,0.099445,0.072281,0.699945,1.105501,-2.127537
-0.390973,0.095759,0.074126,0.554025,0.321287,-1.496843
-0.365140,0.068629,0.053072,0.906269,1.092758,-1.113663
-0.344100,0.058822,0.055111,0.096541,0.186687,-0.667153
-0.338589,0.025308,0.044121,0.172326,-0.134486,-0.613839
-0.306883,0.012139,0.020163,-0.135776,-0.505333,0.154827
-0.292057,-0.008688,0.030985,-0.268220,-0.239819,0.556811
-0.254778,-0.016530,0.007988,-0.312933,-0.041035,1.246275
-0.240391,-0.049230,0.019142,-0.691181,-0.291889,1.700726
-0.201179,-0.068947,-0.007081,-1.081621,0.419117,1.859062
-0.186008,-0.091399,-0.004275,-1.105756,-1.231500,1.810046
-0.147478,-0.107936,0.007489,-1.287160,-0.452190,2.378611
-0.125785,-0.118040,-0.025594,-1.366917,-0.002200,2.755081
-0.103691,-0.120091,-0.044885,-1.077741,1.219389,3.240709
-0.092143,-0.135650,-0.021370,-1.367298,-0.426715,3.286374
-0.053528,-0.161539,-0.034198,-1.349343,-0.099892,3.516714
-0.034467,-0.168366,-0.032005,-1.329599,-0.153645,3.141348
-0.013735,-0.178574,-0.037549,-1.385968,0.072715,3.558898
-0.000766,-0.170316,-0.036098,-1.277320,-0.817351,3.448765
0.011438,-0.169600,-0.039384,-1.568528,-0.725965,3.918440
0.043067,-0.155069,-0.048808,-1.255229,-0.861516,4.057642
0.060907,-0.167171,-0.032537,-1.310275,-0.914446,3.579269
0.093548,-0.151760,-0.057089,-0.961152,-0.597316,3.917715
0.110098,-0.138174,-0.043441,-0.947133,-0.983091,3.712836
0.137112,-0.138886,-0.024088,-0.924559,-0.915952,3.296347
0.157303,-0.119589,-0.040428,-0.709881,-0.909785,3.390386
0.163290,-0.113267,-0.024836,-0.815310,-1.343345,3.816102
0.184429,-0.087277,-0.053101,-0.625887,-1.304737,3.224448
0.198107,-0.078821,-0.039299,-1.128904,-0.568595,2.769309
0.205308,-0.051022,-0.029546,-1.308687,-4.614745,2.572041
0.219298,-0.031364,-0.022407,-0.948731,-2.078471,2.249469
0.234899,0.000453,-0.021429,-1.109797,-1.904140,2.572224
0.243004,0.013891,-0.024203,-1.257746,-1.928480,1.593778
0.242124,0.023755,-0.033275,-0.660254,-0.357429,1.327575
0.249752,0.054492,-0.032488,-0.757171,-1.705435,0.661187
0.239042,0.073313,-0.013121,-1.378593,-1.856279,-0.277535
0.250031,0.091035,-0.006159,-0.869647,-1.354634,-0.883581
0.237834,0.122799,-0.005119,-0.918497,-1.387435,-1.302897
0.236711,0.139773,-0.013659,-0.463538,-1.212659,-1.916504
0.224011,0.171924,0.005871,-0.596230,-1.616530,-2.841371
0.202994,0.184765,0.010358,-0.209664,-1.765572,-3.481854
0.193393,0.211977,-0.001452,0.111020,-1.510011,-4.162078
0.166989,0.234567,0.020491,0.286529,-1.381822,-4.598699
0.156813,0.246275,0.022585,0.613844,-0.827153,-5.490909
0.127120,0.253414,0.009239,0.842974,-1.108632,-6.267886
0.118445,0.262359,0.016444,1.287167,0.251309,-6.607842
0.091696,0.278850,0.021653,1.030044,-2.245484,-7.022276
0.062699,0.269702,0.042867,0.871032,-0.608221,-7.748723
0.042736,0.292042,0.050519,0.759682,-2.668299,-7.866616
0.019578,0.281394,0.060931,0.484913,-0.693147,-8.459251
0.009196,0.293568,0.054773,0.285390,-0.183939,-8.415145
-0.017993,0.291704,0.056654,0.237607,-1.551360,-8.638801
-0.034471,0.284923,0.049544,0.012491,-1.894736,-8.969021
-0.064308,0.280472,0.041824,0.075196,-1.061368,-8.851211
-0.078048,0.281525,0.015840,0.159879,-0.111611,-8.347085
-0.099210,0.290385,0.015147,0.182580,-0.060713,-8.562183
-0.123763,0.266278,0.008769,0.239580,-0.454878,-8.451700
-0.138156,0.265907,-0.010449,-0.119837,-0.512997,-8.584645
-0.151884,0.237281,-0.026248,-0.246858,-0.026294,-7.961970
-0.157217,0.244644,-0.030351,-0.482057,0.575981,-7.838360
-0.179367,0.211488,-0.043329,-0.132012,-0.576631,-7.628267
-0.194985,0.193018,-0.028595,-0.394964,-0.411015,-7.948348
-0.202479,0.162563,-0.039180,-0.430713,-0.044564,-7.093738
-0.209743,0.153261,-0.046257,-0.785319,-0.246578,-7.058918
-0.232096,0.121726,-0.027344,-1.259690,-1.255107,-6.637859
-0.231460,0.106712,-0.041888,-1.112171,-0.503708,-5.742105
-0.258924,0.084375,-0.025493,-1.381432,-0.401890,-5.577855
-0.244698,0.074935,-0.034644,-0.712442,1.530015,-4.681729
-0.285374,0.045754,-0.015045,-1.431053,-1.280415,-4.407212
-0.277141,0.025236,-0.039535,-1.117386,-0.212798,-4.120514
-0.292434,0.010639,-0.018061,-1.393745,-0.237873,-3.544935
-0.291226,-0.008921,-0.025273,-1.135239,0.218694,-2.962978
-0.317798,-0.037114,-0.011450,-1.115509,-0.429735,-2.497885
-0.299971,-0.045399,-0.009839,-1.291369,-0.024889,-1.722839
-0.303453,-0.065514,-0.012379,-0.868124,-0.309663,-1.503838
-0.295546,-0.084093,0.003754,-0.816071,-0.457750,-0.528890
-0.300847,-0.094331,0.003445,-0.685539,-0.613975,0.017649
-0.308731,-0.112161,-0.005516,-0.604433,-0.938270,0.683837
-0.307376,-0.105524,0.005264,-0.721242,-0.839564,0.994181
-0.310350,-0.140065,0.000255,-0.287038,-0.348481,1.639073
-0.303923,-0.146141,-0.001738,-0.464581,-0.325918,2.405030
-0.316327,-0.153572,0.022657,-0.371987,-0.591365,3.271893
-0.311778,-0.151642,0.019382,-0.201980,-0.540103,3.339961
-0.336064,-0.146118,0.063504,-0.488399,-4.363185,4.165671
-0.312007,-0.144883,0.038938,-0.550102,-0.728203,4.680945
-0.315208,-0.143869,0.039181,-0.513040,-0.944690,5.335664
-0.307107,-0.149308,0.032702,-0.537868,-1.774602,5.924008
-0.308462,-0.121457,0.029186,-0.882534,-1.926487,6.254379
-0.311646,-0.128491,0.027814,-1.174999,-1.257467,6.566762
-0.288905,-0.111353,-0.006888,-1.413222,-0.969985,6.949573
-0.286739,-0.118132,0.019851,-1.336256,-0.918972,7.005910
-0.277361,-0.102179,0.006941,-1.029390,-1.139365,7.583984
-0.282738,-0.084145,0.006918,-0.766681,-1.225601,7.424686
-0.288705,-0.080955,0.004936,-1.029699,-1.153758,7.346233
-0.273452,-0.053090,-0.020300,-1.177461,-0.945947,7.338315
-0.266408,-0.037810,0.004998,-1.037616,-0.914544,7.511152
-0.257722,-0.028682,-0.003490,-0.983666,-0.666129,7.443212
-0.259971,0.009693,-0.004321,-0.833757,-0.860719,7.295889
-0.275516,0.023214,0.012804,-0.423928,-1.112078,6.883309
-0.259794,0.043535,0.016372,-0.361907,-1.087742,7.071334
-0.261136,0.062806,0.035787,-0.390047,-1.299975,6.715868
-0.251761,0.075414,0.027302,0.045444,-0.900676,6.158887
-0.254079,0.100725,0.012232,0.776649,-0.355647,5.801560
-0.256078,0.124296,0.049459,0.414731,-0.818274,5.643386
-0.246562,0.143292,0.063977,0.177348,-0.760657,5.105529
-0.251079,0.159428,0.065326,0.932998,-0.784038,4.873811
-0.249976,0.160731,0.067876,1.040183,-1.328896,4.617558
-0.254611,0.187752,0.071510,1.051012,-2.115743,3.964706
-0.277483,0.193736,0.089915,0.250609,-1.880881,3.281745
-0.247688,0.221942,0.087788,0.472243,-1.054350,3.306226
-0.254945,0.240577,0.076437,0.890031,-1.166110,2.402747
-0.255343,0.244828,0.068523,1.568928,-0.922307,2.890790
-0.263834,0.267105,0.063547,1.498428,-1.334693,1.974280
-0.279761,0.282336,0.066399,0.933474,-1.460450,1.860635
-0.263092,0.289849,0.045319,0.993838,-0.689300,1.588409
-0.263811,0.293037,0.039838,1.206521,-1.011882,0.261408
-0.281835,0.300724,0.024683,0.339599,-1.155843,0.257560
-0.278041,0.311523,0.007939,0.806736,-0.972338,-0.062730
-0.294584,0.303058,0.019329,0.546865,-1.181830,-0.832082
-0.288292,0.298085,0.013821,0.832231,-0.775727,-1.122269
-0.287514,0.285113,0.004322,0.473798,-0.221953,-2.122822
-0.286834,0.273693,0.015610,0.815720,-0.625555,-2.080629
-0.302918,0.284145,0.004148,0.654375,-0.815503,-2.292294
-0.326312,0.257426,0.026728,1.467671,-0.301398,-2.632050
-0.323910,0.264089,0.000944,1.738929,-0.131000,-2.796310
-0.334673,0.238496,0.038466,1.236778,-0.972611,-3.365977
-0.320525,0.226594,0.025178,0.668286,-0.128653,-3.430519
-0.336127,0.220432,0.014271,0.336126,-2.062905,-3.903115
-0.321100,0.188836,-0.008900,1.443910,0.505996,-3.318755
-0.333652,0.180081,-0.006986,0.801491,-0.370782,-3.347062
-0.328672,0.141559,-0.008936,0.625526,-2.236461,-3.630395
-0.296787,0.141930,-0.026756,0.330802,0.034553,-3.026413
-0.303348,0.108015,-0.018806,0.049954,-0.264746,-3.433376
-0.285902,0.105823,-0.051805,0.151644,-0.093337,-2.892988
-0.294784,0.079071,-0.046950,-1.040610,-0.346473,-3.247583
-0.273235,0.067372,-0.078402,-0.942130,-0.076669,-2.572069
-0.265216,0.048741,-0.092100,-1.489759,0.386299,-2.460026
-0.258415,0.021234,-0.082492,-1.246068,-0.245167,-2.417324
-0.248220,0.007691,-0.090301,-1.575697,-0.947063,-2.481909
-0.241727,-0.016839,-0.106379,-1.277372,-0.452807,-2.216681
-0.234607,-0.026771,-0.110623,-1.231953,-0.138809,-2.553768
-0.232904,-0.045517,-0.100221,-1.868106,-0.403538,-2.380908
-0.210784,-0.064844,-0.107140,-1.038365,-0.282947,-2.377237
-0.206168,-0.075335,-0.060408,-1.123160,-1.752324,-2.204128
-0.184668,-0.089043,-0.084796,-1.303914,-0.430739,-2.055686
-0.171828,-0.098657,-0.078645,-1.054777,-0.743946,-2.232034
-0.152468,-0.121079,-0.084087,-0.622798,-0.354137,-1.640847
-0.133827,-0.124539,-0.067478,-0.989719,-0.294830,-1.974933
-0.112422,-0.131550,-0.057444,-0.436405,0.077829,-1.297473
-0.107925,-0.135102,-0.052996,-0.427250,0.073256,-2.360967
-0.095386,-0.142750,-0.067409,-0.459037,-0.180909,-1.875225
-0.071897,-0.134472,-0.053311,-0.668966,-0.672881,-1.995881
-0.068181,-0.142123,-0.042135,-0.712773,-1.368656,-2.094330
-0.024778,-0.124201,-0.057595,-0.632760,0.287954,-1.591181
-0.024216,-0.122835,-0.019299,-1.130362,-2.032490,-1.701475
0.009583,-0.119491,-0.040234,-1.212006,-0.375673,-1.392301
0.031336,-0.108613,-0.037904,-1.151405,-1.717429,-1.235624
0.046474,-0.106275,-0.036502,-1.310679,-1.673536,-1.231914
0.065831,-0.091682,-0.037684,-1.281964,-1.727266,-0.820234
0.089077,-0.081578,-0.047426,-1.340923,-1.114153,-0.706747
0.108463,-0.075457,-0.042194,-1.244689,-1.033070,-1.221551
0.127508,-0.068895,-0.057083,-0.992178,-0.927937,-1.308027
0.142430,-0.046811,-0.038288,-1.291641,-0.956520,-1.370682
0.156114,-0.038582,-0.049573,-1.234182,-1.027618,-1.230397
0.169077,-0.019586,-0.043740,-1.300064,-1.426624,-1.432103
0.182374,-0.021904,-0.040507,-1.253102,-1.156128,-1.628297
0.194489,0.007592,-0.029015,-1.235196,-1.379544,-2.194971
0.183516,0.012989,-0.021265,-1.011098,-1.587743,-1.976775
0.192651,0.044536,-0.032533,-1.217514,-1.600357,-2.117654
0.185745,0.051984,-0.015787,-0.928147,-1.635522,-2.419005
0.206496,0.073350,-0.016574,-0.617445,-1.786140,-2.748995
0.198884,0.069506,0.008687,-0.603238,-2.102777,-3.284538
0.213728,0.100338,-0.005522,-0.268361,-1.199440,-3.089434
0.195865,0.110277,0.015515,-0.089783,-1.815219,-3.693705
0.199863,0.117955,0.012075,0.343476,-1.054271,-3.810540
0.193294,0.146591,0.032689,0.101120,-1.368814,-4.136782
0.194686,0.148888,0.038413,-0.043986,-1.445449,-4.020318
0.177306,0.163528,0.053519,0.041485,-3.338313,-4.321384
0.163546,0.169184,0.042428,-0.092944,-3.000022,-4.087776
0.168102,0.190838,0.035643,0.156229,-0.370979,-4.103027
0.150889,0.194337,0.051389,-0.248177,-1.778915,-3.990676
0.138074,0.212919,0.049642,-0.482326,-1.242775,-4.320936
0.108489,0.209935,0.040235,-0.661935,-1.781761,-3.895588
0.087629,0.225077,0.053148,-0.916921,-1.915534,-4.425400
0.061042,0.220642,0.037635,-0.907212,-1.345758,-4.302713
0.043921,0.231822,0.022575,-1.042337,-1.333600,-4.647199
0.013542,0.222907,0.026498,-1.071124,-1.254533,-4.665522
0.006232,0.241342,0.010473,-0.807705,-1.081617,-4.527308
-0.036253,0.235843,0.040064,-0.704567,-1.390294,-4.685834
-0.048401,0.241102,0.023655,-0.809202,-1.293430,-4.572183
-0.077139,0.228048,0.036322,-0.423748,-1.344196,-4.996780
-0.078675,0.234924,0.039697,-0.362751,-1.330731,-4.543843
-0.122450,0.224250,0.042263,-0.066924,-1.327771,-4.677787
-0.134782,0.217987,0.031769,0.348212,-0.653036,-4.372057
-0.169858,0.225507,0.045024,0.630312,-0.611920,-4.144493
-0.189563,0.193428,0.049311,0.793531,-0.092540,-4.098106
-0.211069,0.190267,0.058896,0.416080,-0.196685,-3.809586
-0.229533,0.170792,0.054632,0.420071,-0.050515,-3.678384
-0.255651,0.178017,0.062710,0.103891,-0.369479,-2.769126
-0.287435,0.145402,0.057947,0.035337,-0.139600,-2.811709
-0.312720,0.144218,0.060694,-0.259390,0.230449,-2.240079
-0.325226,0.122718,0.060035,-0.336284,1.270040,-2.146861
-0.338434,0.118926,0.058091,-0.384106,-1.143343,-1.607211
-0.372490,0.096517,0.077221,-0.820939,-1.831493,-1.431273
-0.370330,0.093487,0.045680,-0.547919,-0.189359,-1.054885
-0.385006,0.076274,0.034599,-0.570096,0.333078,-0.130836
-0.380801,0.064910,0.018439,-0.822266,1.081982,0.448978
-0.394081,0.034896,0.037740,-0.291220,0.236725,0.555693
-0.398014,0.029916,0.028687,-0.429696,0.272960,1.269864
-0.418490,0.013163,0.036102,-0.307806,-0.013010,1.194161
-0.413609,0.002334,0.023350,-0.071208,-0.114673,2.658943
-0.427772,-0.004841,0.031070,-0.029855,-0.882422,2.683207
-0.438595,-0.028931,0.046803,0.088010,-0.896534,3.399885
-0.435729,-0.029706,0.044266,0.105197,-1.194303,3.762522
-0.453467,-0.051761,0.062575,-0.049543,-1.222414,4.228530
-0.455095,-0.039993,0.056992,-0.096157,-1.527326,5.029905
-0.461975,-0.064500,0.057730,0.037287,-1.181429,5.303293
-0.457990,-0.059192,0.034678,0.056942,-0.991977,5.993514
-0.473333,-0.075864,0.057743,-0.392302,-1.366877,5.659185
-0.467460,-0.060045,0.041591,-0.834680,-0.762948,5.905013
-0.474281,-0.067181,0.036148,-0.760608,-0.839718,6.195535
-0.469820,-0.071564,0.021873,-0.816652,-0.034211,6.153149
-0.464949,-0.075998,0.025155,-0.655826,-0.975040,5.973603
-0.453595,-0.071764,0.026170,-0.914843,-0.110636,6.207391
-0.456618,-0.079369,0.012889,-0.871036,-0.685538,6.173888
-0.449476,-0.067329,0.000721,-0.972611,-0.418496,6.240774
-0.436914,-0.052049,-0.015488,-0.482766,0.937109,6.258935
-0.427799,-0.044871,-0.007856,-0.580934,1.149794,6.278771
-0.418194,-0.036281,-0.021701,0.024039,1.009841,5.973101
-0.409604,-0.047451,-0.026986,0.137060,0.716063,5.615177
-0.403019,-0.023811,-0.009658,-0.000638,0.339600,5.567096
-0.387996,-0.031439,-0.007797,0.046107,0.261090,5.538250
-0.371997,-0.009726,-0.005637,0.154939,-0.014992,5.085539
-0.362074,-0.008590,-0.007121,0.426860,-0.288035,5.200415
-0.345413,0.011144,-0.013213,0.330783,-2.173313,4.910283
-0.331584,0.021845,0.022795,-0.218451,-2.603598,5.182506
-0.306713,0.043470,-0.001590,-0.412719,-2.531982,4.772608
-0.294348,0.060364,0.012439,-0.250567,-2.388861,4.675421
-0.261074,0.080683,-0.006606,-0.557530,-2.572258,4.627065
-0.254666,0.082465,-0.011680,-0.276442,-1.718042,3.958445
-0.217732,0.105170,-0.038051,-0.193137,-1.677600,3.744282
-0.213111,0.124021,-0.045617,-0.547499,-1.901961,3.205739
-0.197368,0.132118,-0.054667,-0.317663,-1.581687,2.873845
-0.189054,0.149052,-0.053397,-0.196932,-1.382696,1.847160
-0.180670,0.162501,-0.056187,-0.399891,-1.293659,1.608012
-0.151821,0.179766,-0.079262,-0.160395,-0.731588,1.154523
-0.148384,0.179779,-0.050259,-0.280207,-0.846742,0.279064
-0.121278,0.193910,-0.070199,-0.101715,-1.061132,0.058018
-0.127817,0.202793,-0.042775,-0.234069,-1.329251,-0.793384
-0.104958,0.208547,-0.047685,0.119916,-0.718061,-0.702152
-0.097211,0.223052,-0.039765,0.470628,-0.448970,-0.973311
-0.093985,0.215102,-0.055031,0.497370,-0.036922,-1.423370
-0.081035,0.218808,-0.038439,0.497179,-0.192999,-2.090089
-0.076243,0.210280,-0.030863,0.659952,-0.335414,-2.461172
-0.070072,0.221050,-0.039026,0.764645,-0.253461,-2.531997
-0.078984,0.218322,-0.024823,0.672685,-0.643395,-2.880769
-0.066445,0.228277,-0.036354,0.696246,-0.647833,-2.340007
-0.075882,0.215030,-0.020349,0.139305,-1.244413,-2.680373
-0.047200,0.225546,-0.032813,-0.240627,-1.691586,-2.674943
-0.044499,0.222349,-0.028109,-0.226451,-1.057357,-2.993179
-0.037057,0.203672,-0.045630,-0.401802,-2.003355,-3.046210
-0.035987,0.213369,-0.051565,-0.594940,-2.005479,-2.902252
-0.030075,0.193083,-0.058150,-0.516529,-1.488774,-2.760099
-0.018098,0.195460,-0.098927,-0.359885,-0.653351,-2.996582
-0.034540,0.172039,-0.082614,-0.435601,0.025122,-3.782831
-0.026937,0.168655,-0.093518,-0.706041,-1.359095,-4.195847
-0.046826,0.149066,-0.081885,-0.954899,-1.758302,-4.208225
-0.040028,0.148691,-0.092504,-1.209839,-1.146334,-4.281138
-0.052455,0.140922,-0.096672,-1.250164,-1.312963,-4.056718
-0.046205,0.131935,-0.098727,-1.546296,-0.750285,-4.164877
-0.049232,0.114144,-0.093032,-1.285319,-0.810970,-4.557542
-0.051401,0.081956,-0.088896,-1.133401,-0.654782,-4.898511
-0.055419,0.083844,-0.084810,-1.286379,-0.566133,-4.592237
-0.069849,0.061411,-0.076105,-1.059218,-0.623691,-5.120444
-0.061521,0.068012,-0.094250,-0.727790,-0.323791,-4.461110
-0.090909,0.038214,-0.054148,-0.861031,-0.397137,-5.091952
-0.069123,0.050071,-0.069445,-0.975129,-0.156583,-4.085251
-0.075258,0.020410,-0.056515,-0.688992,0.788624,-4.452290
-0.076811,0.000584,-0.041803,-0.892257,-1.453169,-4.657921
-0.080415,0.008397,-0.050341,-0.710387,0.268722,-4.171296
-0.091240,-0.017410,-0.048906,-0.624430,-1.773210,-4.272841
-0.079086,0.001891,-0.051838,-0.871049,-0.188925,-3.689076
-0.089389,-0.008698,-0.029566,-0.970635,-0.935148,-3.598035
-0.071877,0.002784,-0.036302,-1.248920,-0.523068,-2.962761
-0.074848,-0.001293,-0.038439,-1.228782,-1.348545,-3.112693
-0.074671,-0.017830,-0.048407,-1.443142,-1.853036,-2.886375
-0.076141,0.001087,-0.054509,-1.347731,-1.694557,-2.649262
-0.084968,-0.013881,-0.046500,-1.189597,-0.446383,-2.478897
-0.075186,-0.000207,-0.051352,-1.725530,-1.377361,-2.563925
-0.075997,-0.004146,-0.047715,-1.448177,-0.769398,-2.427845
-0.064640,0.000814,-0.053328,-1.340155,-0.021813,-1.954652
-0.066606,0.018526,-0.046934,-1.084444,-0.243223,-2.083813
-0.083825,0.013573,-0.029471,-1.045225,-0.853970,-1.957055
-0.079463,0.019393,-0.031109,-1.080193,-0.612002,-2.217536
-0.085664,0.019767,0.006373,-1.073096,-1.086055,-2.170857
-0.076164,0.015067,0.013975,-0.662752,-0.776688,-2.521930
-0.076335,0.035070,0.016312,-0.436051,-0.298414,-2.291729
-0.082329,0.031019,0.031550,0.356126,-0.258585,-1.722377
-0.079545,0.055057,0.026051,0.289477,-0.279681,-1.755776
-0.104157,0.053514,0.065821,0.075921,-1.034419,-1.573956
-0.086031,0.075365,0.072560,-0.228023,-0.477514,-1.386640
-0.085496,0.076763,0.072285,-0.050584,-0.913835,-1.461263
-0.089300,0.067185,0.066458,-0.268000,-0.747695,-1.413061
-0.089406,0.089394,0.053939,-0.100802,-0.041078,-1.048264
-0.097057,0.085928,0.097307,-0.401296,-0.747908,-1.300463
-0.076519,0.099196,0.080632,-0.469978,0.332864,-1.141229
-0.077569,0.103811,0.079670,-0.472364,0.283936,-0.633239
-0.083911,0.097732,0.076112,-0.360515,0.134021,-0.726486
-0.088634,0.105954,0.069540,-0.162584,-0.432072,-1.258501
-0.099663,0.103410,0.084482,-0.085033,-0.599306,-0.880187
-0.094185,0.111833,0.090269,-0.088096,-0.781409,-1.060511
-0.103694,0.101250,0.087449,-0.095649,-0.992364,-1.053966
-0.085851,0.099553,0.083671,0.158333,-0.751794,-0.713609
-0.095744,0.107503,0.092934,0.534671,-0.880000,-0.753110
-0.103704,0.100466,0.071631,-0.173239,-1.713664,-0.572409
-0.095005,0.125429,0.065526,0.230560,-1.522130,-0.294698
-0.112130,0.120988,0.092816,-0.079673,-2.168718,0.400017
-0.119676,0.113770,0.086504,0.060805,-2.046280,-0.112592
-0.128686,0.129128,0.073118,0.004144,-2.098976,0.212527
-0.131237,0.125511,0.056746,-0.003688,-1.837819,0.274768
-0.144820,0.131298,0.045346,-0.275841,-1.818964,0.300936
-0.154969,0.109391,0.034107,-0.306020,-1.645586,0.397518
-0.165177,0.136143,0.020836,-0.453874,-0.379422,0.234883
-0.202042,0.117318,0.028021,-0.608067,-1.511521,-0.078866
-0.213117,0.128504,0.013302,-0.710397,-1.587441,-0.085894
-0.234095,0.128613,0.020770,-1.089187,-1.756414,-0.554817
-0.237027,0.114797,0.001949,-0.954023,-1.186383,-0.423785
-0.255786,0.137843,0.010739,-1.022504,-1.579911,-0.586158
-0.277161,0.111974,-0.002329,-0.578801,-0.871091,-0.443572
-0.292848,0.121086,0.009610,-0.659956,-1.075335,-0.638907
-0.317400,0.108915,0.012705,-0.168125,-1.227702,-1.097927
-0.325295,0.120466,0.003596,0.115609,-0.832881,-1.139933
-0.353563,0.115352,0.024693,-0.106251,-0.892815,-0.728752
-0.359238,0.127451,0.020389,0.041511,-1.093099,-0.561751
-0.378359,0.131272,0.021075,-0.266562,-1.331726,-0.615334
-0.380321,0.114531,0.002464,-0.500186,-0.886509,-0.260988
-0.391672,0.123761,0.001446,-0.817956,-1.116116,-0.068907
-0.407536,0.102156,-0.018567,-0.838576,-0.517100,-0.003714
-0.407572,0.115089,-0.011982,-0.568681,-1.542859,-0.064082
-0.445176,0.097942,0.000150,-0.645359,-0.828170,-0.808017
-0.436845,0.111131,-0.016939,-0.441933,-1.115650,-0.411134
-0.460689,0.101795,-0.004127,-0.615311,-1.329527,-0.823540
-0.449837,0.105820,-0.017428,-0.907297,-0.045676,-0.240451
-0.471993,0.099813,-0.013742,-0.350999,-0.505464,0.074069
-0.471705,0.090966,-0.014391,-0.057277,-0.166198,0.562325
-0.475351,0.088675,0.005366,0.138465,-0.781593,0.287470
-0.488107,0.073947,0.007092,0.190170,-1.645048,0.444703
-0.479920,0.075408,-0.001432,0.025992,-2.245018,0.654812
-0.512692,0.069437,0.024039,-0.039457,-3.213324,1.270958
-0.490864,0.078388,0.018554,-0.010220,-1.464783,1.625960
-0.498479,0.086814,0.009180,0.000241,-1.923674,1.920132
-0.494495,0.067681,-0.010515,-0.079798,-1.598014,2.177210
-0.485035,0.073110,0.004013,-0.548235,-1.316426,1.996709
-0.489535,0.056189,-0.010604,-0.469318,-0.811489,2.217532
-0.487299,0.065032,-0.037716,-0.284829,-0.646310,2.482969
-0.506124,0.058848,-0.006550,-0.934079,-0.904044,2.357682
-0.474711,0.060794,-0.020799,-0.975555,-0.217318,2.786645
-0.478850,0.051682,-0.016758,-0.965196,-0.513210,2.383751
-0.462606,0.049148,-0.033791,-0.874624,0.179233,3.231868
-0.454423,0.056908,-0.032832,-0.843638,0.041643,2.733814
-0.456595,0.045180,-0.024721,-0.609268,-0.387089,2.263053
-0.432259,0.055956,-0.043169,-0.398526,-0.511166,3.134758
-0.414314,0.044822,-0.023543,-0.381963,-0.854614,3.066963
-0.403036,0.043758,-0.043241,-0.190977,-0.101941,2.851533
-0.393990,0.045429,-0.017992,0.210747,-0.587180,2.824883
-0.377850,0.054000,-0.032652,0.371002,-0.851256,2.828871
-0.363739,0.063223,-0.042456,0.225587,-1.539054,3.245436
-0.350901,0.044320,-0.040539,0.304625,-0.873429,2.576547
-0.319005,0.062698,-0.058842,0.263319,-0.966866,3.099007
-0.317519,0.064060,-0.037930,0.079929,-1.353314,3.366841
-0.279807,0.087920,-0.046074,-0.290455,-1.263106,3.734756
-0.268354,0.083676,-0.064232,-0.177073,-0.828390,3.058347
-0.242981,0.093195,-0.069684,-0.421496,-1.598211,3.676690
-0.234985,0.100482,-0.060454,-1.070720,-2.506570,2.747652
-0.224278,0.093553,-0.081593,-0.615387,-0.107491,2.496982
-0.205364,0.113323,-0.080956,-0.421746,-1.368220,2.495022
-0.202213,0.106791,-0.071155,-1.000961,-1.796207,2.199081
-0.185361,0.112289,-0.060457,-0.809182,-1.344941,1.701066
-0.171690,0.121080,-0.076367,-0.500127,-0.239199,1.679652
-0.140720,0.132821,-0.065611,-0.735258,-0.098931,1.530606
-0.131463,0.145445,-0.059525,-0.406824,-0.846253,0.860998
-0.118360,0.135637,-0.055278,-0.285833,-1.259883,0.984192
-0.113879,0.139399,-0.038639,-0.227173,-1.680961,0.167075
-0.111352,0.149473,-0.034470,-0.252388,-2.078395,0.281681
-0.091592,0.172522,-0.034539,-0.114447,-1.652469,-0.111486
-0.102900,0.166627,-0.011516,-0.026786,-2.578104,-0.346863
-0.085368,0.176441,-0.027771,-0.020570,-1.921025,-0.715087
-0.085178,0.182533,-0.024803,-0.186983,-2.232368,-0.421713
-0.074582,0.187303,-0.019791,-0.703855,-1.662881,-0.917062
-0.080513,0.199970,-0.029543,-0.323929,-1.970150,-1.103131
-0.085076,0.197734,-0.038869,-0.040130,-1.754914,-1.484209
-0.075731,0.215939,-0.048565,-0.427382,-0.876583,-1.892830
-0.076985,0.200265,-0.046934,-0.397295,-1.491141,-2.179131
-0.085276,0.211192,-0.032103,-0.551458,-1.822388,-2.498266
-0.104068,0.197449,-0.030390,-0.726244,-1.401845,-2.796348
-0.103789,0.211409,-0.031736,-1.041723,-1.739378,-2.926687
-0.112173,0.202067,-0.045867,-0.870977,-1.233414,-3.862507
-0.109218,0.195273,-0.044229,-0.960771,-0.645096,-3.835348
-0.126530,0.200748,-0.035514,-0.948160,-1.592608,-4.357608
-0.128693,0.183482,-0.030489,-0.671749,-0.698110,-4.538352
-0.144741,0.190385,-0.031591,-0.728493,-0.908124,-4.936784
-0.150879,0.182642,-0.025414,-0.398605,0.573493,-4.824436
-0.154782,0.186407,-0.045634,-0.287737,0.946861,-4.948273
-0.183470,0.161106,-0.014204,-0.254348,-0.729668,-5.592560
-0.173692,0.162891,-0.022850,0.138970,-0.187113,-5.162108
-0.197969,0.143384,0.019011,-0.434409,-0.802298,-5.519424
-0.183631,0.142708,0.002008,-0.083267,-0.422960,-5.209345
-0.189586,0.139277,0.008395,-0.202600,-1.313446,-4.809196
-0.184173,0.111780,0.001210,0.063205,0.127814,-4.794195
-0.194046,0.110779,0.018810,0.061337,-0.647692,-4.779532
-0.206562,0.088462,0.019615,-0.343230,-1.519531,-4.427165
-0.193538,0.093901,-0.005247,-0.119890,-1.654577,-4.364090
-0.210849,0.073806,0.024620,-0.431541,-1.016267,-4.272050
-0.193213,0.061940,0.003015,-0.269549,-1.178918,-3.437857
-0.210672,0.050638,0.018784,-0.443912,-1.110312,-3.101818
-0.195228,0.056888,0.006331,-0.569839,-0.929384,-2.727357
-0.216380,0.040256,0.025251,-0.799725,-1.946192,-2.646195
-0.200854,0.032949,0.022628,-0.962540,-0.982586,-2.203821
-0.207918,0.015060,0.020842,-0.868269,-1.443752,-2.385927
-0.191529,0.000000,0.016119,-0.877187,-1.313810,-1.560863
-0.202505,0.006450,0.020048,-1.219240,-1.082497,-1.488144
-0.191388,-0.013090,0.004217,-1.047080,-0.263919,-1.367832
-0.198251,-0.012956,0.036759,-1.299148,-1.792738,-1.112271
-0.193341,-0.028183,0.007148,-0.963430,-0.999274,-0.785990
-0.187373,-0.026804,0.003905,-0.816876,0.431810,-0.912384
-0.203342,-0.041933,0.017297,-1.045113,-0.088246,-0.793356
-0.194723,-0.023922,-0.005703,-1.191559,0.324826,-0.655182
-0.208131,-0.046006,0.025845,-1.387685,0.044259,-0.314743
-0.189136,-0.038483,0.017832,-1.313535,-0.196701,0.132053
-0.201993,-0.049072,0.025575,-1.330026,-0.704416,-0.083426
-0.187747,-0.040682,0.031960,-1.262194,-0.208190,0.099294
-0.208036,-0.033556,0.049337,-1.100393,-0.959665,0.244128
-0.181767,-0.031016,0.046032,-0.894243,-0.790169,0.961811
-0.181987,-0.024589,0.034100,-0.636269,-0.997468,0.712739
-0.174726,-0.027818,0.031060,-0.470309,-0.680631,0.830004
-0.169087,-0.007435,0.031011,-0.572587,-1.168648,0.886984
-0.170597,-0.017374,0.023124,-0.371035,-0.482940,0.890870
-0.149881,0.006046,0.020586,-0.690718,-0.849549,1.051053
-0.165190,0.010770,0.025923,-0.841169,-1.371361,1.233540
-0.151040,0.029841,0.006616,-0.842022,-1.666374,1.673335
-0.167380,0.036642,0.022165,-1.414496,-1.874546,1.479034
-0.145007,0.062028,0.002231,-1.545101,-0.768830,1.453575
-0.155435,0.073182,0.002293,-1.290962,-1.237796,0.855550
-0.149215,0.083381,-0.002388,-1.247525,-1.314404,1.146949
-0.143526,0.098792,0.004220,-1.101013,-1.822102,0.772255
-0.143021,0.105596,0.000271,-0.780641,-1.429096,0.702162
-0.139006,0.130096,0.003577,-0.535571,-1.305690,0.211023
-0.162368,0.127077,0.009308,-0.619152,-1.469851,-0.045887
-0.137933,0.170287,-0.007594,-0.384293,0.054970,0.465874
-0.153899,0.174669,0.005185,-0.038557,0.053965,-0.621434
-0.154375,0.196067,-0.013361,0.154805,-0.717490,-0.644697
-0.174358,0.194846,0.030155,0.023113,-0.780598,-1.348321
-0.167682,0.215551,0.019516,0.196816,-1.427714,-1.026770
-0.180848,0.221115,0.038036,0.236009,-0.495620,-1.076394
-0.181485,0.242694,0.035328,0.188899,-1.429093,-1.457650
-0.182630,0.253388,0.018613,0.420176,-0.343252,-1.283028
-0.184416,0.264608,0.025490,0.056400,-1.352412,-1.428453
-0.198816,0.282320,0.020452,0.242656,-1.129826,-1.449655
-0.193085,0.278351,0.010709,0.170895,-0.099840,-1.661657
-0.180224,0.301673,-0.027272,-0.153439,3.222857,-1.216923
-0.215612,0.288625,-0.000986,-0.127987,-0.616404,-1.737843
-0.206914,0.307076,-0.017388,0.217575,0.555975,-1.755716
-0.238074,0.288530,0.013880,-0.374695,-1.487694,-2.164495
-0.229139,0.293582,0.000613,-0.187314,-1.331618,-1.740079
-0.240381,0.292324,0.009931,-0.240372,-0.826562,-2.021614
-0.240700,0.289987,0.008737,-0.194529,-1.008596,-2.113552
-0.257598,0.289964,0.001328,0.354301,-1.147253,-2.262739
-0.270790,0.271025,-0.005250,0.478269,-1.099106,-1.590692
-0.273803,0.276388,-0.007774,0.246814,-1.330360,-1.676226
-0.298231,0.260623,-0.002995,-0.100763,-1.604730,-1.672172
-0.295635,0.258354,-0.016624,0.352735,-2.212828,-1.529675
-0.328761,0.236589,0.013778,-0.276111,-2.997685,-1.270592
-0.324182,0.247549,-0.005562,0.155093,-3.143448,-0.677314
-0.335716,0.236572,0.007627,-0.300706,-3.346349,-0.591373
-0.337049,0.222146,-0.013617,-0.471406,-2.674850,0.058376
-0.343650,0.215758,-0.020861,-0.596605,-2.144316,0.238720
-0.344927,0.189729,-0.032773,-0.552968,-0.976753,0.357236
-0.363762,0.185563,-0.051667,-0.668372,-0.162620,0.837827
-0.369811,0.165793,-0.058790,-0.478289,-0.288383,0.443409
-0.377745,0.154406,-0.068516,-0.540577,0.754378,1.190988
-0.392388,0.121217,-0.064931,-0.548727,1.196566,0.677651
-0.391124,0.116858,-0.084009,-0.175583,1.739015,1.129098
-0.440882,0.092427,-0.055530,-0.578512,-0.249913,1.507511
-0.430989,0.087582,-0.049766,-0.717786,-0.338463,1.671590
-0.448698,0.061792,-0.035809,-0.734112,-0.315634,1.626217
-0.435227,0.072053,-0.037112,-0.774565,-0.142046,2.799643
-0.442806,0.050294,-0.034743,-0.421322,-0.616466,2.649272
-0.430740,0.020844,-0.038120,-0.093469,-0.387864,3.008955
-0.431321,0.029086,-0.028916,-0.155927,-0.711220,3.563605
-0.426692,0.002534,-0.039880,0.420561,-0.423117,3.382143
-0.420968,0.008078,-0.017707,-0.292611,-0.665099,3.646734
-0.436642,-0.011515,-0.025092,0.089684,-0.690610,4.546916
-0.429141,0.001392,-0.035140,0.414065,-0.538180,5.313353
-0.438929,-0.019104,-0.013423,-0.040497,-1.116267,4.874612
-0.420249,-0.010080,-0.030042,-0.197900,-1.208841,5.065942
-0.422583,-0.016350,-0.023973,0.051391,-0.349857,5.578479
-0.412404,-0.022997,-0.015130,-0.217690,-0.480964,5.643970
-0.414308,-0.016556,-0.022020,-0.360026,-1.167387,5.783559
-0.412000,-0.022448,-0.015813,-0.249792,-0.029468,5.660865
-0.393786,-0.008002,-0.019023,-0.095363,0.147242,5.609794
-0.393894,-0.016402,-0.011756,-0.112760,0.174946,5.899075
-0.377170,0.005098,-0.021206,-0.509505,0.010857,5.397715
-0.372010,-0.014242,-0.012658,0.072320,0.975641,5.538778
-0.351817,-0.002583,-0.019056,0.235773,0.905236,4.826545
-0.369676,-0.015017,0.011868,-0.285006,0.163641,4.416417
-0.328918,0.002275,-0.005982,0.007699,0.464976,3.765530
-0.327661,0.003801,0.002943,0.269270,0.081095,3.281403
-0.308242,0.005278,0.009869,0.830524,0.720399,3.488147
-0.318789,0.030337,0.002559,0.729799,0.307639,3.432628
-0.308216,0.021586,0.029537,0.926663,0.616552,2.633685
-0.281024,0.039708,0.034970,0.638327,-0.427706,2.327700
-0.267320,0.043516,0.029649,0.708811,-1.320129,1.204121
-0.240828,0.040108,0.039148,0.310254,-2.354195,1.649083
-0.225469,0.064434,0.022940,0.391846,-1.532851,1.144027
-0.212067,0.077689,0.008605,0.373205,-0.533141,1.253611
-0.172356,0.086213,-0.013975,0.154549,-0.329604,0.922387
-0.175146,0.067924,0.008553,-0.195993,-0.443219,0.345456
-0.137319,0.087727,-0.015179,-0.173938,0.513805,0.414338
-0.138842,0.087608,-0.013525,-0.191867,-0.396887,-0.299960
-0.097254,0.094754,-0.015485,-0.136607,0.198901,-0.562437
-0.078199,0.100095,-0.030925,-0.040409,0.270429,-1.271217
-0.069731,0.090083,-0.042059,0.056469,0.777595,-1.878136
-0.042857,0.100902,-0.037523,-0.083609,-0.104508,-2.947102
-0.046415,0.098828,-0.034963,-0.129510,-0.094936,-2.832807
-0.016086,0.118076,-0.053925,0.227543,-0.224747,-3.219376
-0.025582,0.115831,-0.022663,-0.218891,-0.862015,-3.808433
0.001078,0.120095,-0.031526,0.040497,-1.288142,-4.447609
0.005263,0.104349,-0.009819,-0.153728,-3.331781,-4.807423
0.039374,0.108852,-0.031050,0.042903,-0.412876,-5.042665
0.045877,0.120581,-0.026372,-0.321983,-1.169459,-5.358246
0.061669,0.117331,-0.042863,-0.075928,-0.441305,-4.865128
0.077355,0.120810,-0.042069,-0.299984,-0.400314,-5.262303
0.088289,0.103975,-0.043500,-0.299216,-0.281139,-6.025899
0.105296,0.120712,-0.064307,-0.466242,0.108208,-5.593277
0.091079,0.098345,-0.034559,-0.806063,-0.820023,-6.437025
0.107839,0.117318,-0.069658,-1.155699,-0.237207,-6.577428
0.105916,0.099645,-0.046848,-0.902826,-1.371260,-7.079473
0.129517,0.094229,-0.069175,-1.531298,-0.333648,-6.513902
0.143815,0.093793,-0.080736,-1.367574,-0.485238,-6.619662
0.151214,0.083932,-0.080441,-0.960082,-0.321142,-6.696405
0.157831,0.104227,-0.095491,-1.621300,-0.334554,-6.653477
0.163149,0.079550,-0.085345,-1.320504,-0.798100,-7.144615
0.176465,0.079189,-0.087376,-1.060886,-0.733587,-6.951607
0.165118,0.066529,-0.102348,-1.742579,-1.084903,-6.854135
0.187540,0.069493,-0.117060,-1.106121,-0.705220,-6.961612
0.171220,0.067182,-0.064964,-0.873714,-1.069249,-7.244165
0.198563,0.068994,-0.101429,-0.813570,-0.311830,-6.858678
0.181491,0.052454,-0.073019,-0.895710,-0.912204,-6.803116
0.199505,0.059064,-0.075487,-0.958326,-1.348387,-6.249618
0.171916,0.052861,-0.044551,-0.705768,-2.086181,-6.081846
0.179882,0.053914,-0.059125,-0.921618,-1.672728,-6.194076
0.185246,0.044956,-0.044294,-0.298447,-0.775950,-5.640069
0.182459,0.031702,-0.037332,-0.872431,-2.340367,-5.639176
0.177197,0.038526,-0.035123,-0.608910,-2.071925,-5.337937
0.165194,0.036150,-0.022795,-0.631214,-2.146115,-4.681154
0.148949,0.056402,-0.031759,-0.755931,-1.155997,-4.570316
0.153006,0.036360,-0.017356,-0.760362,-0.331117,-3.730363
0.155914,0.049890,-0.046661,-1.504067,-1.119070,-3.396824
0.144639,0.022196,-0.029248,-0.804005,-0.111512,-3.390607
0.129881,0.029296,-0.020080,-0.727656,0.112170,-3.707307
0.109392,0.014190,-0.026802,-0.655311,-0.161251,-3.336910
0.103234,0.023785,-0.031657,-1.050982,-0.238973,-2.752840
0.090049,0.003240,-0.033764,-1.208126,1.653579,-2.655184
0.083054,0.008213,-0.023247,-0.435913,1.058224,-2.020380
0.047876,0.013133,0.004335,-0.743231,0.437682,-1.939518
0.040812,0.010005,-0.004301,0.021850,0.092603,-1.311433
0.013226,0.011229,0.026928,-0.282383,-0.149139,-0.991951
0.015009,0.006490,0.009853,0.245905,-0.074555,-0.672576
-0.009314,-0.016044,0.065526,-0.091792,-1.281570,-0.543546
-0.011681,-0.002350,0.041072,-0.338828,-0.597067,0.227180
-0.033837,0.000309,0.078337,0.444181,-1.855842,0.831536
-0.035400,0.002692,0.053237,-0.039824,-1.206612,1.283879
-0.057842,0.005761,0.067056,0.041465,-1.693631,1.884220
-0.067108,-0.003259,0.064174,-0.175852,-1.541835,1.918597
-0.087137,0.001415,0.074526,0.070673,-1.479445,2.406495
-0.106359,0.002278,0.075715,-0.186959,-1.762244,2.673564
-0.123887,0.011541,0.044262,-0.508967,-0.694785,3.054428
-0.141485,-0.013642,0.054185,0.257394,-0.833353,3.530037
-0.159712,0.005469,0.036217,-0.295723,-0.567679,3.715186
-0.195070,-0.011403,0.023829,-0.638216,-0.586763,3.747452
-0.215225,0.000328,0.044020,0.732796,-0.676256,3.918381
-0.252900,0.013809,0.043905,-0.866536,-0.757896,3.898292
-0.260677,0.011656,0.023238,-0.876787,0.009354,4.125240
-0.287382,-0.001050,0.034655,-0.424089,-0.458617,3.788612
-0.291879,-0.003036,0.037179,0.042549,0.020439,4.396983
-0.318910,0.009204,0.040977,0.020195,-0.285724,3.927472
-0.341763,0.000854,0.051231,0.463029,-0.154959,3.876653
-0.358877,0.024779,0.047525,0.663724,-0.345816,4.291169
-0.375519,0.011577,0.068881,0.645431,-0.349821,4.266682
-0.371610,0.020479,0.056979,1.025501,-0.258792,4.165097
-0.397958,0.039780,0.045444,0.697287,-0.715563,4.552805
-0.409253,0.043269,0.052537,0.360302,-0.849227,4.710726
-0.428012,0.056550,0.042073,0.561646,-0.753915,4.480144
-0.422438,0.042354,0.024801,1.082172,0.588986,5.122252
-0.436146,0.052621,0.018325,0.518945,-0.074391,4.394387
-0.449276,0.062455,0.001066,0.691900,-0.288784,5.045193
-0.468813,0.091869,0.020632,0.414176,-0.757923,4.083280
-0.479366,0.078024,0.006836,0.214922,0.903782,4.137030
-0.469755,0.086982,0.019621,1.226868,0.789356,4.191295
-0.474724,0.094249,0.000373,0.100684,0.791920,4.010304
-0.473155,0.085078,-0.019712,0.841911,2.681199,3.325227
-0.474472,0.100830,-0.030797,-0.256892,1.352954,3.182388
-0.488192,0.093215,-0.014647,0.204691,0.357683,3.437870
-0.498621,0.097420,-0.003858,0.534652,0.200352,2.295125
-0.493024,0.096373,-0.004436,1.025698,0.320463,2.359611
-0.490047,0.095926,-0.001413,2.125843,2.000983,2.274580
-0.506344,0.083913,0.021686,1.405426,-0.207684,1.797353
-0.482241,0.092759,-0.004981,1.120747,-0.251528,1.802818
-0.496320,0.087300,0.030227,1.275675,-0.068716,1.587726
-0.468642,0.095703,0.009954,0.753662,0.351144,2.012694
-0.470053,0.101900,0.005329,0.995348,0.690588,1.819115
-0.466640,0.093983,-0.010689,1.419141,0.400036,1.796687
-0.445708,0.101769,-0.019689,1.040764,0.531507,1.566447
-0.433641,0.074607,0.015879,1.113129,0.766455,0.881333
-0.401572,0.081477,-0.018842,0.229585,0.371170,1.370148
-0.401953,0.067891,0.002178,0.798839,-0.160604,0.994860
-0.381759,0.063177,-0.013531,0.282895,0.029610,2.012302
-0.365088,0.065058,-0.017172,0.402041,0.090643,1.502703
-0.332011,0.034643,-0.055931,-0.568789,0.384523,1.715193
-0.307284,0.032683,-0.062138,-0.910199,-0.026842,0.660969
-0.276367,0.014239,-0.039653,0.568927,0.210728,1.256805
-0.271371,0.040240,-0.070190,-0.581925,0.032048,1.046324
-0.257929,0.021175,-0.063595,-0.046520,-0.753577,1.061135
-0.222860,0.019669,-0.107869,-0.437157,0.356560,0.693591
-0.201839,-0.008619,-0.087396,-0.627817,0.218087,0.646942
-0.163251,-0.023318,-0.112979,-0.174844,0.306070,0.218085
-0.144793,-0.024014,-0.097276,-0.968065,0.329175,0.879717
-0.120927,-0.018706,-0.104389,-0.784810,0.386286,1.147259
-0.107699,-0.035273,-0.093679,-0.440095,-0.452128,0.841048
-0.076341,-0.048888,-0.099318,-0.596056,-0.767809,0.550247
-0.045930,-0.059487,-0.094460,0.168099,-0.469561,0.649088
-0.023858,-0.070159,-0.093646,-0.104038,-1.158482,0.803039
-0.037737,-0.056343,-0.097614,-0.631585,-3.613056,0.421757
-0.001180,-0.066167,-0.108020,-0.394754,-1.213610,0.131396
0.022982,-0.051718,-0.107839,-0.733971,-1.844544,0.489113
0.022345,-0.065462,-0.102174,-1.667621,-5.930858,0.400619
0.064111,-0.052489,-0.147327,-1.203537,-1.439715,0.202078
0.069412,-0.060029,-0.091148,-0.280939,-0.854827,0.319323
0.105969,-0.041897,-0.151194,-0.658626,-0.395085,0.529147
0.102492,-0.045294,-0.109566,-0.787636,-1.720212,0.017389
0.131099,-0.039333,-0.137992,-1.205195,-1.739559,-0.481154
0.130531,-0.031492,-0.157772,-2.627314,-1.161597,-0.527545
0.165456,-0.022389,-0.166637,-1.117872,-0.121977,-0.545158
0.140359,0.000236,-0.160956,-2.489104,-1.143399,-1.569470
0.167767,0.017916,-0.192405,-2.686818,-0.428530,-1.800278
0.166497,-0.007566,-0.091312,-1.103872,-1.394982,-1.833211
0.189329,0.026778,-0.157818,-1.673494,-0.833314,-2.008463
0.178674,0.037407,-0.130107,-1.497338,-1.105431,-2.643711
0.197824,0.045990,-0.088883,-0.276511,-1.349080,-2.382822
0.183795,0.056941,-0.081209,-0.499244,-1.741476,-2.904219
0.201205,0.077262,-0.081334,-0.867412,-1.764023,-2.902876
0.187836,0.108301,-0.060687,-0.590975,-2.233638,-3.028742
0.194952,0.107149,-0.065926,-0.526081,-1.371424,-3.592136
0.184593,0.138092,-0.067665,-0.544909,-1.129649,-3.960246
0.169507,0.147067,-0.059371,-0.360702,-1.037298,-4.822803
0.175625,0.154130,-0.054372,-0.367238,-1.144883,-4.916792
0.154798,0.166682,-0.017671,-0.439471,-1.119063,-5.256118
0.157729,0.175959,-0.022673,-0.525848,-0.827025,-5.380765
0.142528,0.183456,-0.008641,-0.570637,-0.986239,-5.241469
0.127652,0.176737,-0.012813,-0.374804,-1.063242,-5.781033
0.129369,0.202202,-0.036719,-1.037997,-0.176833,-6.043025
0.099308,0.206229,0.006163,-0.286001,0.584187,-6.252826
0.094148,0.218877,0.011077,-0.134224,0.785834,-6.367199
0.070653,0.232574,0.007154,-0.252037,0.378526,-6.861506
0.075238,0.233733,-0.025693,-0.788191,1.743994,-6.998764
0.046320,0.219730,0.030959,0.344575,0.625923,-7.314706
0.022716,0.208905,0.038659,0.272217,0.245715,-7.401280
0.013535,0.224230,0.024873,0.476172,0.572653,-7.008832
-0.010089,0.205025,0.055945,0.475916,-0.033738,-7.110010
0.004541,0.192213,0.066764,0.242075,0.361874,-6.509921
-0.016867,0.198742,0.062477,0.601285,-0.023687,-6.535997
-0.027348,0.192066,0.054674,0.451616,0.478243,-5.934602
-0.043061,0.185842,0.043140,0.734158,0.285092,-5.609837
-0.072501,0.185025,0.071270,-0.201803,-1.667779,-4.663546
-0.068802,0.168550,0.046255,-0.490946,-0.679417,-4.252171
-0.087072,0.154390,0.037619,-0.958687,-0.965924,-4.421870
-0.086304,0.135765,0.028884,-0.490654,0.796804,-3.949369
-0.108841,0.125334,0.021929,-0.028415,0.410386,-3.869203
-0.138682,0.109811,0.045208,-0.408321,0.120280,-3.762166
-0.140428,0.093829,0.034684,-0.511895,0.266654,-3.366543
-0.149179,0.075916,0.042221,-0.531717,-0.424759,-2.980692
-0.167984,0.046552,0.042011,-0.156403,0.124761,-2.554198
-0.161727,0.039147,0.027099,0.185161,0.206773,-2.299536
-0.194975,0.011128,0.072908,-0.383292,-1.211208,-1.868414
-0.182807,0.004356,0.077067,-0.594875,-0.419448,-0.677877
-0.186451,-0.005399,0.060035,-0.278497,-0.675579,-0.089312
-0.203378,-0.022681,0.051064,-0.221395,-0.748459,0.099497
-0.219571,-0.026807,0.042812,-0.119968,-1.681594,0.357789
-0.240815,-0.032598,0.053148,-0.346315,-0.488582,0.333981
-0.226076,-0.055601,0.050233,-0.832845,0.049971,1.150583
-0.235428,-0.050930,0.044791,-0.873796,-0.425041,1.507611
-0.251052,-0.083581,0.044742,-0.876353,-0.521810,2.035424
-0.259751,-0.078713,0.023888,-0.713613,-0.361723,2.010881
-0.278297,-0.099766,0.051451,-1.182943,-0.873330,2.551696
-0.256951,-0.101785,0.034028,-0.882738,0.984586,3.417062
-0.261481,-0.117304,0.017576,-0.637284,1.199592,3.289959
-0.275894,-0.114698,0.033138,-0.502001,-0.112041,3.525189
-0.273383,-0.105740,0.029810,-0.307477,0.388121,3.689904
-0.300666,-0.124230,0.060432,-0.175717,-0.971504,3.810790
-0.294558,-0.103328,0.055840,-0.383318,-2.145872,4.615923
-0.309306,-0.107043,0.078905,-0.510447,-2.570432,4.289435
-0.293183,-0.099599,0.054523,-0.326076,-2.089841,4.575877
-0.297689,-0.087076,0.059326,-0.404834,-2.264398,5.058346
-0.292690,-0.094685,0.040763,-0.238911,-1.925945,5.457018
-0.298004,-0.071291,0.040862,-0.579529,-2.827543,5.726864
-0.298260,-0.075962,0.025956,-0.254325,-0.826933,5.681452
-0.291023,-0.054748,-0.002568,-0.516349,-0.837354,5.348517
-0.311722,-0.046016,0.013867,-0.934850,-0.231850,5.350387
-0.295178,-0.028472,0.012715,-0.535328,0.480137,5.020962
-0.319088,-0.028071,0.015850,-0.783506,-0.476555,4.336533
-0.307172,-0.004106,0.001443,-0.319258,-0.061301,4.596568
-0.326033,-0.002245,0.013526,-0.618065,-0.307681,4.302973
-0.317778,0.022196,0.002874,-0.364526,-0.471441,4.090494
-0.324389,0.020053,0.016559,-0.249956,-0.507227,3.616359
-0.307494,0.032089,-0.001281,0.233183,-0.140273,3.304951
-0.327783,0.043814,0.033125,0.270750,-0.739974,3.011067
-0.311256,0.072499,0.018613,0.575147,-0.906184,3.149678
-0.325485,0.092480,0.032836,0.427611,-1.435356,2.844499
-0.307796,0.106666,0.021118,0.189835,-0.267881,3.078737
-0.317217,0.114633,0.019454,0.518683,-0.913028,2.294611
-0.295690,0.129630,0.004758,0.211929,-0.142909,2.172564
-0.306440,0.151219,-0.000641,0.209995,-0.741337,1.718339
-0.294446,0.157351,-0.004124,0.215254,-0.793229,1.911560
-0.288820,0.170720,-0.015225,0.234016,-0.187698,1.642485
-0.275871,0.174173,-0.027505,0.158826,0.163159,1.533584
-0.279052,0.188521,-0.027429,-0.123392,-0.535469,0.949421
-0.270265,0.186722,-0.038852,-0.034093,-0.816619,0.357647
-0.262052,0.194898,-0.045204,0.031710,-0.288219,0.357155
-0.260316,0.195358,-0.042174,0.340991,-0.126539,0.060901
-0.247396,0.206692,-0.050590,0.461154,0.368436,-0.089431
-0.255556,0.195282,-0.036440,0.526409,-0.098038,-0.800283
-0.236899,0.215545,-0.070413,0.908830,-0.313008,-0.604994
-0.247386,0.203236,-0.033003,0.774434,-0.369157,-0.436723
-0.229474,0.215164,-0.057158,1.065865,-0.307257,-1.022034
-0.239397,0.205438,-0.044981,0.768824,-0.111834,-1.125228
-0.214050,0.208015,-0.055849,0.777148,0.372870,-0.947063
-0.215399,0.202228,-0.045673,0.598948,-0.052051,-0.740122
-0.203864,0.205222,-0.049727,0.144317,-0.638770,-0.932298
-0.211217,0.193569,-0.057605,-0.095412,-1.137241,-0.810586
-0.191808,0.178119,-0.064823,-0.226070,-1.005560,-0.776576
-0.186165,0.181503,-0.062814,-0.335680,-1.326093,-0.715512
-0.169999,0.162136,-0.078701,-0.210856,0.136197,-0.743790
-0.172786,0.156740,-0.090363,-0.460318,-0.420406,-1.277173
-0.152192,0.135919,-0.084990,-0.323896,-0.134578,-0.706389
-0.151004,0.127900,-0.089782,-0.391052,-0.334557,-1.126863
-0.142115,0.106998,-0.086585,-0.328351,0.107525,-1.070191
-0.130013,0.114154,-0.086543,-0.146451,-0.177906,-1.110378
-0.131513,0.083784,-0.086513,-0.010072,-0.082692,-1.255117
-0.114191,0.077098,-0.094851,0.008579,-0.369292,-1.298901
-0.116909,0.057072,-0.089930,-0.074657,0.304287,-0.643939
-0.102713,0.053412,-0.099695,0.238159,0.494045,-0.608430
-0.105624,0.038986,-0.074759,-0.097257,-1.151001,-0.600282
-0.090479,0.028800,-0.077867,-0.284888,-1.376272,-0.389671
-0.084406,0.019439,-0.084389,0.108230,-0.457097,-0.472999
-0.055761,0.010950,-0.087311,-0.223437,-0.111781,-0.096092
-0.054280,0.011275,-0.081297,-0.397981,-0.833484,0.222246
-0.051165,-0.014318,-0.089234,-0.330986,-1.193916,0.115081
-0.041850,-0.013116,-0.099032,-0.294056,-0.225111,0.058932
-0.038137,-0.027297,-0.089435,-0.636381,-1.890863,0.499809
-0.027502,-0.010336,-0.102810,-0.815530,-1.435198,0.572755
-0.015291,-0.031925,-0.098064,-0.684449,-1.250236,0.696001
-0.022096,-0.021106,-0.098054,-1.233197,-2.306436,0.329579
-0.019106,-0.039333,-0.115770,-1.071567,-0.968665,0.651029
-0.008037,-0.036130,-0.116419,-0.843874,-0.842298,0.221915
-0.022306,-0.043788,-0.096232,-1.217819,-0.729845,0.075115
0.000018,-0.034068,-0.118481,-0.853413,-0.306420,0.137412
-0.011917,-0.058900,-0.094795,-1.148061,-0.352489,-0.995347
0.007256,-0.035726,-0.106710,-0.745886,0.008914,-0.073619
-0.014369,-0.044188,-0.052622,-0.524378,-0.483399,-0.325763
0.011050,-0.020036,-0.068279,-0.252618,-0.495443,-0.161250
0.004384,-0.034912,-0.038192,-0.486420,-0.722715,-0.481127
0.007984,-0.023873,-0.051004,-0.185082,-1.636477,-0.361289
0.005437,-0.022645,-0.026317,-0.452916,-1.306369,-0.797177
0.030243,-0.001854,-0.040943,-0.661662,-1.147505,-0.176855
0.015879,0.009470,-0.027925,-0.809802,-0.908052,-0.477113
0.016932,0.010228,-0.034470,-0.766884,-0.622260,-0.670866
0.004725,0.026296,-0.026280,-0.766658,-0.713593,-0.579499
0.013020,0.027839,-0.019942,-0.710521,-0.267717,-0.876025
0.012038,0.043168,-0.004232,-0.595820,-0.169766,-0.980535
0.015829,0.027888,-0.017024,-0.586642,0.023127,-1.390849
0.008854,0.052477,-0.010105,-0.820198,0.370425,-1.939296
0.002204,0.037748,-0.005411,-0.382918,-0.367982,-2.002119
0.001101,0.064008,-0.013354,0.072301,-0.082213,-1.449606
-0.011697,0.052460,0.037297,-0.014897,-0.364667,-2.457459
-0.002319,0.066161,0.023045,0.038216,-0.410664,-2.064712
-0.025956,0.056960,0.067210,0.245580,-1.089961,-2.586453
-0.015442,0.075030,0.040964,0.558410,-0.033252,-1.802088
-0.024039,0.081992,0.050003,0.644623,-0.254413,-2.041873
-0.024364,0.075083,0.045037,0.540967,-0.245816,-1.880354
-0.028618,0.083043,0.047338,0.150242,0.159181,-2.067824
-0.049642,0.071679,0.056270,0.370060,-0.244911,-2.206649
-0.035787,0.074538,0.051540,0.364375,-0.361247,-2.489391
-0.055862,0.076724,0.057763,-0.333501,-1.101584,-2.347331
-0.054297,0.083377,0.038981,-0.554586,-0.351928,-2.389221
-0.067948,0.074420,0.034733,-0.399310,0.068966,-2.491003
-0.076758,0.065429,0.042716,-0.297295,-0.022988,-2.034968
-0.074379,0.076891,0.030230,-0.279698,0.084755,-2.385545
-0.099785,0.058700,0.048746,-0.405376,0.002638,-2.516735
-0.089399,0.058690,0.043580,-0.149517,0.430543,-2.643621
-0.099128,0.062419,0.043773,-0.067000,0.733883,-2.049844
-0.095629,0.049542,0.045805,0.302790,1.363208,-2.238594
-0.111713,0.050750,0.055708,0.447250,0.424881,-1.919098
-0.112212,0.033452,0.057455,0.844222,0.031888,-1.832527
-0.120208,0.029696,0.048083,0.837315,-1.017396,-1.956577
-0.124938,0.015946,0.053867,0.320716,-0.101842,-1.404080
-0.113364,0.030310,0.047637,0.347375,0.113656,-1.128434
-0.126911,0.011646,0.052308,0.389512,0.003590,-1.325373
-0.124016,0.011046,0.047016,-0.094782,-1.541536,-0.904456
-0.123005,0.013586,0.037222,-0.109002,-0.918677,-1.076709
-0.134736,-0.004743,0.025037,-0.003566,-1.258669,-0.428358
-0.126175,0.010678,0.008871,-0.224205,-0.632970,-0.367548
-0.135415,-0.003299,0.028474,-0.191105,-0.572596,-0.190437
-0.125335,-0.004878,-0.000714,-0.423462,-0.304398,-0.158817
-0.147206,-0.026932,0.019808,-0.747702,-0.569977,-0.553455
-0.133364,-0.020587,-0.008749,-1.227824,0.174451,-0.022510
-0.137549,-0.013809,-0.014388,-1.316696,0.367212,-0.189721
-0.129136,-0.036842,0.008605,-0.594556,0.139857,-0.025244
-0.128151,-0.020620,0.017822,-0.567643,0.513431,-0.383772
-0.140086,-0.049210,0.018965,0.002805,-0.154128,-0.722195
-0.122886,-0.040341,0.013578,0.114775,-0.069717,0.124458
-0.130232,-0.042498,0.031796,0.243834,-0.428832,0.259383
-0.117109,-0.031570,0.026609,-0.058534,-0.289066,0.848324
-0.117139,-0.026893,0.011638,0.277174,-0.503882,0.744836
-0.105161,-0.039389,0.004863,-0.108949,-0.071033,1.089394
-0.100385,-0.026617,0.004364,-0.180404,-0.409380,0.910921
-0.100687,-0.034515,-0.014372,-0.193419,-0.233090,1.224285
-0.105086,-0.022622,-0.020904,-0.360321,-0.213012,0.906240
-0.114798,-0.032923,-0.029346,-0.580301,-0.235034,0.902429
-0.098744,-0.029424,-0.047134,-0.435824,-0.203260,0.810055
-0.117831,-0.026735,-0.024905,-1.145435,-0.586435,0.649868
-0.096368,-0.023912,-0.030692,-1.234179,-0.080588,0.409479
-0.093512,-0.021828,-0.039423,-0.718875,-0.199708,0.294659
-0.094257,-0.012394,-0.045361,-0.507581,0.020409,0.627541
-0.096417,-0.002124,-0.055406,-0.481397,-0.787071,0.667882
-0.101281,0.006171,-0.019240,-0.591408,-1.030654,0.300807
-0.075127,0.007589,-0.032914,-0.534458,-0.199495,0.686014
-0.090613,-0.001966,-0.038465,0.056473,-0.095481,-0.068750
-0.087137,0.004041,-0.035061,0.171355,-0.047771,-0.019155
-0.084469,0.017972,-0.050715,0.270406,-0.234436,-0.064722
-0.099742,0.025029,-0.031355,0.014789,-1.497768,0.145485
-0.090666,0.042222,-0.027554,-0.248233,-0.935345,0.246817
-0.093850,0.057233,-0.038038,0.005487,-1.797323,0.489504
-0.084836,0.047458,-0.057273,-0.116853,-1.165723,0.262300
-0.082082,0.062925,-0.050639,-0.145804,-1.191191,-0.286934
-0.088050,0.063607,-0.043766,-0.242580,-0.893228,-0.060502
-0.081616,0.078582,-0.062912,-0.611270,-1.296387,0.222809
-0.083363,0.091577,-0.073603,-0.646721,-1.109094,0.492320
-0.091267,0.097101,-0.082738,-0.461572,0.041334,0.591633
-0.085279,0.118263,-0.075435,-0.241829,-0.416923,0.163796
-0.095452,0.100151,-0.069582,-0.474225,-1.049325,-0.456033
-0.085739,0.115145,-0.086707,-0.542165,-0.715921,-0.407197
-0.111933,0.105934,-0.057493,-0.596201,-0.948038,-0.300882
-0.104160,0.126768,-0.075005,-0.372342,-0.260187,-0.427536
-0.114355,0.131032,-0.064334,-0.201468,-0.527630,-0.327976
-0.103609,0.133766,-0.059820,-0.257850,-0.132461,-0.055635
-0.108102,0.136504,-0.053105,-0.181596,-0.293517,-0.584390
-0.117500,0.132378,-0.052428,0.001452,-0.668457,-0.452344
-0.111125,0.144680,-0.054033,0.366889,-0.370651,-0.446590
-0.136351,0.135621,-0.017526,0.311262,-0.980446,-0.412437
-0.130127,0.133674,-0.031089,0.399602,-0.854755,-0.178957
-0.129888,0.133996,-0.025601,0.570673,-0.689825,-0.337807
-0.132337,0.126263,-0.029185,0.897269,-0.199327,0.036269
-0.133374,0.136386,-0.019916,1.119631,-0.095031,0.120451
-0.149825,0.120282,-0.028319,1.224456,-0.380072,0.472532
-0.146851,0.128692,-0.025709,1.105786,0.029334,0.622710
-0.166421,0.121447,0.009859,0.440557,-0.814394,0.681541
-0.153525,0.117905,-0.009616,0.527463,-0.497730,1.089942
-0.160736,0.120292,-0.006530,0.472157,-0.734253,1.331730
-0.162266,0.093084,-0.014802,0.217200,-0.149277,1.347578
-0.170853,0.089020,-0.036193,0.452719,-0.000385,0.893006
-0.183559,0.082987,0.006035,-0.101636,-0.563740,1.421882
-0.179075,0.075808,-0.003070,-0.415795,-1.031435,1.569966
-0.179052,0.072952,-0.005828,-0.087183,-0.780696,1.819051
-0.186165,0.056458,-0.020539,0.335480,0.227091,1.643788
-0.194375,0.050346,-0.006422,0.118133,-0.146940,1.210615
-0.197069,0.020499,-0.017346,0.710866,0.516504,1.518550
-0.194289,0.021126,-0.044731,0.540297,0.490841,1.555242
-0.217453,0.003466,-0.012386,-0.175802,0.295566,1.846542
-0.211040,0.002557,-0.008280,0.303735,0.305879,2.188421
-0.221589,-0.015083,0.004959,0.612048,0.028789,1.881362
-0.220385,-0.025130,0.005155,0.296652,-0.729917,1.810780
-0.222505,-0.026584,0.006088,0.089977,-1.465735,2.128106
-0.221510,-0.044890,-0.005923,0.379612,-0.968248,2.120741
-0.215704,-0.033034,-0.009143,0.274748,-0.468730,2.831300
-0.238704,-0.054623,0.004745,0.052832,-0.540671,2.366924
-0.229907,-0.055775,-0.011578,0.066261,-0.695753,2.242933
-0.239081,-0.069588,0.012160,-0.197217,-0.933297,1.875865
-0.228312,-0.062022,-0.014841,0.062962,0.151231,1.973396
-0.231752,-0.063367,-0.010735,-0.063674,-0.159583,1.813554
-0.222567,-0.057485,0.004814,-0.343683,-0.104051,1.875185
-0.229825,-0.058693,-0.010206,-0.120027,0.072580,1.377866
-0.235392,-0.069821,-0.009064,-0.233577,-2.653413,1.613197
-0.209306,-0.046226,-0.013850,-0.417606,0.215678,1.428478
-0.218510,-0.073392,-0.023044,-0.090124,0.178872,1.222436
-0.199988,-0.053651,-0.043021,-0.376635,-0.133104,1.095078
-0.212448,-0.063961,-0.006215,-0.756279,-0.542989,0.720801
-0.196081,-0.045665,-0.024127,-0.788240,-0.626839,0.435481
-0.196836,-0.030270,-0.030420,-1.061171,0.931351,0.537706
-0.192533,-0.034679,-0.024515,-0.767449,0.183467,0.448371
-0.189054,-0.026653,-0.042955,-0.936626,0.605431,-0.046155
-0.180667,-0.029689,-0.038928,-0.692655,0.386302,-0.442588
-0.176475,-0.013980,-0.027725,-0.838333,0.028917,-0.667277
-0.175914,-0.016868,-0.025256,-0.574681,0.403076,-1.052163
-0.157949,0.001874,-0.040753,-0.368511,-0.047475,-1.231762
-0.172599,0.000391,-0.014181,-0.084961,-0.306249,-1.530470
-0.146641,0.027113,-0.005325,-0.333291,-0.268285,-1.688356
-0.139903,0.031968,0.005776,0.118744,-0.187747,-1.600314
-0.125118,0.035395,0.005901,0.032511,0.127551,-1.953623
-0.116817,0.049256,0.008986,0.441092,0.202397,-2.120436
-0.118488,0.042006,0.014343,0.536421,-0.089011,-2.344981
-0.095071,0.068629,-0.007869,0.739778,0.100517,-2.508013
-0.091027,0.064205,0.011537,0.313350,-0.391455,-2.471171
-0.071687,0.086998,0.013135,-0.235681,-0.481574,-2.189187
-0.073253,0.088748,0.012590,-0.149743,-0.736183,-2.535684
-0.059240,0.092148,0.007568,-0.085417,-0.228085,-2.366399
-0.043146,0.108262,0.021026,-0.271420,-0.844842,-3.103956
-0.035465,0.096593,0.006327,0.157831,0.674405,-2.681903
-0.016562,0.109056,-0.012504,0.143917,0.908742,-2.693697
-0.019309,0.102734,0.008947,-0.072803,1.136871,-3.048824
0.002883,0.105793,-0.002155,-0.173413,0.587076,-3.035983
0.007200,0.117646,-0.000635,-0.005165,0.263168,-3.436661
0.010407,0.091610,0.009964,0.385809,-0.410588,-3.447856
0.026149,0.107405,-0.002936,0.614402,-0.440396,-3.163548
0.011762,0.103903,0.027020,0.365659,-1.323894,-3.332085
0.036381,0.109168,0.016125,0.342334,-0.130252,-2.982403
0.042532,0.105465,0.015361,0.267911,-0.173990,-3.031702
0.057021,0.093619,0.011435,0.594523,-0.164209,-2.297925
0.065105,0.090379,0.027007,0.182531,-1.781590,-2.566074
0.063592,0.083105,0.005178,0.243522,-1.448951,-2.068643
0.075514,0.092611,-0.001816,-0.138750,-1.072961,-1.576685
0.070689,0.078490,0.004332,-0.549682,-1.433432,-1.519872
0.092156,0.078795,-0.012652,-0.474577,-1.284423,-1.450225
0.079184,0.068501,-0.006750,-0.463889,-1.309303,-1.378799
0.083592,0.063263,-0.011171,-0.723418,-0.478282,-1.508803
0.077746,0.057646,-0.022236,-0.895270,-0.653794,-1.244967
0.080129,0.041333,-0.028877,-0.667246,-0.367690,-1.029718
0.090393,0.039176,-0.043605,-0.205079,0.820375,-1.071162
0.064899,0.029069,-0.018790,-1.185628,-1.092344,-1.365029
0.082046,0.024074,-0.030131,-1.003249,-0.072993,-1.121166
0.059492,0.017761,-0.023333,-0.734070,-0.184993,-1.203073
0.067190,0.002147,-0.026832,-0.653049,-0.177821,-0.714190
0.063162,0.017420,-0.025358,-0.487476,-0.487489,-1.278957
0.047784,0.005196,-0.017408,-0.526239,-0.786519,-0.797239
0.052150,0.012395,-0.037657,-0.340450,-0.614602,-0.763801
0.019617,-0.004119,-0.009008,-0.296622,-1.244081,-0.740922
0.028654,-0.003597,0.002224,-0.298608,-0.460455,-0.526438
0.010171,-0.009933,-0.010328,0.075731,-0.668250,-0.834374
0.001905,-0.019350,-0.008657,0.234289,-0.449400,-0.994278
0.003304,-0.009473,-0.023228,0.290025,1.022688,-0.823650
-0.037228,-0.017190,0.013847,-0.253084,-3.285203,-0.900637
-0.039240,-0.000955,0.006452,-0.372086,-4.281489,-1.047250
-0.040520,-0.004329,-0.006264,-0.397695,-1.415457,-0.434127
-0.048782,-0.007668,-0.004022,-0.793380,-1.057842,-0.207888
-0.060687,-0.002252,-0.015045,-0.578082,-0.711890,-0.211870
-0.070640,0.001133,-0.022959,-0.504204,-0.789106,0.047561
-0.079013,0.019380,-0.026468,-0.666103,-0.426932,-0.598591
-0.114421,-0.003873,-0.016581,-0.539421,-1.160061,-0.548242
-0.107784,0.020886,-0.046618,-0.419300,-0.351199,-0.785205
-0.137132,0.006683,-0.010666,-0.615478,-0.614723,-1.473700
-0.143917,0.016780,-0.016791,-0.645106,-0.135504,-0.842924
-0.166356,0.024586,-0.035658,-0.868187,0.804390,-0.973670
-0.178081,0.023965,-0.033364,-0.541926,0.955979,-0.726168
-0.181626,0.033547,-0.026172,-0.346394,0.397870,-1.815298
-0.196932,0.021848,-0.015347,-0.181580,0.201954,-1.105077
-0.202413,0.043296,-0.011191,-0.001206,1.284305,-1.255610
-0.223119,0.031321,-0.015842,0.134696,0.199880,-1.092374
-0.216436,0.055467,0.005221,-0.038912,-0.095077,-1.476568
-0.233984,0.040981,0.003380,0.193688,-0.009724,-1.318029
-0.239347,0.062403,0.012180,-0.026576,-1.164295,-0.978862
-0.258530,0.057341,0.023586,0.115970,-1.155239,-0.986960
-0.257670,0.067868,0.001436,0.357216,-1.192544,-0.697668
-0.269089,0.078362,0.019057,0.113022,-0.234981,-0.445062
-0.264465,0.084201,0.011057,-0.020661,-0.267257,-0.914993
-0.272838,0.080016,-0.000582,0.242278,-0.360708,-0.343047
-0.259561,0.077768,-0.009583,0.031090,0.375874,-0.176604
-0.259931,0.087881,-0.012100,-0.015321,-0.124983,-0.234635
-0.268479,0.078923,-0.017477,0.253278,0.360863,-0.047536
-0.269756,0.084313,-0.027026,-0.088756,0.214555,-0.282910
-0.294217,0.082350,0.005283,-0.519562,-0.155353,-0.018841
-0.286224,0.081342,-0.008122,-0.412942,-0.147294,0.819340
-0.283821,0.084740,-0.010991,-0.265564,-0.387404,0.884293
-0.273252,0.078739,0.003970,-0.324310,-0.114141,0.729250
-0.269007,0.076120,-0.005696,0.145276,0.506607,0.675070
-0.272293,0.066184,-0.007597,0.476956,-0.006310,0.915919
-0.273888,0.076117,-0.000930,0.441640,-0.250730,1.754198
-0.273189,0.067234,0.009951,0.574898,-0.076420,1.491282
-0.262213,0.070369,0.011179,1.125907,-0.262721,1.661237
-0.259741,0.059045,0.020458,0.781740,-0.573204,1.599675
-0.245600,0.057308,0.032498,0.460971,-0.289046,2.136482
-0.251036,0.067129,0.021607,0.626609,-0.633968,2.558521
-0.232799,0.046857,-0.006980,0.746067,0.010979,2.875848
-0.221389,0.050701,0.007555,0.346036,-0.436378,2.556368
-0.216636,0.046086,-0.000668,0.582989,0.588415,3.540480
-0.220559,0.043581,0.010102,0.200109,-0.667912,3.496922
-0.227691,0.029778,0.021200,-0.035770,-1.601631,3.437408
-0.202105,0.037729,0.002333,-0.232047,-1.254904,3.426284
-0.192018,0.038989,0.003120,-0.206923,-0.436506,3.211462
-0.180677,0.022551,-0.029717,-0.161763,0.443591,3.906614
-0.187455,0.030940,-0.027252,-0.172809,0.138974,4.141269
-0.172454,0.018907,-0.041114,0.056026,1.457805,3.510115
-0.177953,0.023154,-0.038770,0.075202,0.778849,3.573226
-0.179613,0.002413,-0.006399,-0.254804,-0.430759,3.027045
-0.174664,0.010369,-0.023838,-0.365452,-0.078084,3.289709
-0.157624,0.004750,-0.027810,0.029192,-0.109274,3.405704
-0.139761,0.002931,-0.027932,-0.173318,-0.059049,2.910198
-0.153311,0.002295,-0.050751,0.220660,-0.114217,3.047643
-0.161370,0.004428,-0.002506,-0.238842,-1.494581,3.029110
-0.134588,0.004317,-0.022355,0.004686,-0.531333,2.484084
-0.144810,-0.001841,-0.012855,-0.090466,-0.717677,2.547429
-0.128854,0.001907,-0.021915,0.007876,0.068631,2.775880
-0.127712,0.003933,-0.014812,0.522333,-0.122554,2.358410
-0.130846,-0.004372,-0.015576,0.396149,-0.200650,1.836075
-0.128086,0.009864,-0.020513,0.560780,-0.912969,1.573615
-0.126218,-0.005380,-0.006251,0.329575,-0.085384,1.369969
-0.105644,0.005400,-0.024534,0.404447,-0.081521,1.801994
-0.120379,0.007041,0.003498,0.381972,-0.513939,1.164882
-0.104288,0.017112,-0.000389,0.000071,-0.498922,0.932653
-0.101718,0.024366,-0.009359,0.189782,-0.004492,0.603565
-0.110951,0.013189,-0.009543,0.002358,-1.213712,0.865370
-0.105745,0.029956,-0.024449,0.141790,-1.493212,0.843732
-0.092717,0.026542,-0.015032,-0.148512,-1.268664,0.376743
-0.086195,0.041113,-0.025480,-0.367838,-0.494481,0.177577
-0.079742,0.032690,-0.037392,-0.116919,-0.617690,-0.125162
-0.082243,0.042948,-0.043303,0.016489,-0.357462,-0.499219
-0.093410,0.039721,-0.028440,-0.539608,-0.290300,-1.036768
-0.075898,0.040443,-0.055987,-0.416848,-0.014588,-1.092595
-0.076460,0.049358,-0.037792,-0.649862,-0.401742,-1.283282
-0.062358,0.044018,-0.041294,-0.630551,0.388406,-1.576876
-0.061843,0.062547,-0.042952,-0.923775,-0.137864,-2.070585
-0.064997,0.046821,-0.056354,-0.526347,-0.203782,-1.885436
-0.043268,0.055191,-0.041222,-0.639194,0.045575,-2.294890
-0.041091,0.050487,-0.039312,-0.481227,-0.251662,-2.423969
-0.035130,0.054522,-0.066146,-0.429187,-0.138451,-3.138050
-0.047830,0.042688,-0.027630,-0.583911,-0.390821,-3.825692
-0.016788,0.053918,-0.047285,-0.137263,1.014663,-3.497444
-0.027620,0.055263,-0.021967,0.005493,0.535355,-3.329252
-0.005385,0.055667,-0.023930,-0.056949,0.843470,-3.519719
-0.014284,0.057266,-0.027479,0.377075,-0.189588,-3.579430
-0.010407,0.048337,-0.024419,0.311794,-0.339172,-3.513239
-0.006918,0.048748,-0.017362,0.140930,-0.346873,-3.835417
0.001095,0.039869,-0.005473,0.094979,-1.635256,-3.758732
0.020573,0.051239,-0.038517,0.360423,0.188102,-3.567750
0.001308,0.045140,-0.002765,-0.189159,-1.217595,-3.563706
0.023034,0.058881,-0.021002,-0.592409,-0.563534,-3.510107
0.026360,0.049309,-0.016394,-0.328344,0.023491,-3.513147
0.036256,0.049365,-0.015199,-0.932358,-0.616112,-3.312661
0.042118,0.051745,-0.041252,-1.051760,0.217572,-3.441428
0.045693,0.040318,-0.053869,-0.745640,1.192988,-3.153795
0.048749,0.049742,-0.062368,-0.986003,1.316145,-3.344806
0.054273,0.030363,-0.046451,-0.530765,1.582446,-3.098797
0.049685,0.038122,-0.055343,-0.665093,0.352470,-3.110259
0.037464,0.031787,-0.031966,-0.923312,-0.128587,-3.052971
0.053669,0.032368,-0.038540,-0.711066,-0.027364,-3.415490
0.037887,0.020936,-0.008811,-0.844409,-0.470089,-3.567339
0.055531,0.034200,-0.027840,-0.776938,-0.397518,-2.988720
0.045342,0.026896,-0.006691,-0.759643,-0.394508,-2.861660
0.066990,0.031446,-0.015767,-0.669708,-0.293225,-2.831600
0.050197,0.013192,0.000613,-0.373533,-0.992289,-2.392820
0.069419,0.025383,-0.001039,-0.126028,-0.168915,-1.939239
0.058642,0.016819,-0.001905,-0.025769,-0.354180,-2.407561
0.060228,0.019941,0.008976,0.300762,-0.074555,-1.811457
0.052337,0.014449,0.016565,0.306227,-0.957564,-2.306935
0.037277,0.007310,0.028251,0.069645,-2.761503,-1.725966
0.056246,0.027353,-0.019584,0.506964,-0.480997,-0.811354
0.035219,0.015165,0.033933,-0.228765,-1.596366,-1.295543
0.048677,0.035871,0.032807,-0.813853,-0.687715,-0.609566
0.036886,0.025574,0.025464,-0.463265,-1.785214,-0.735595
0.047285,0.021487,0.009748,-0.129333,-0.485828,-0.301046
0.035810,0.025393,0.006918,-0.259787,-0.786713,-0.406626
0.017293,0.014663,0.025493,-0.404014,-0.272043,-0.724868
0.019440,0.022058,0.001804,-0.483817,-0.210356,-0.255227
0.003442,0.017016,0.022385,-0.382898,-0.300095,-0.389397
0.006954,0.010684,0.013165,-0.066514,0.331233,-0.442182
0.003071,0.015300,0.023038,0.171420,0.244327,-0.317961
-0.006064,0.015231,0.028546,0.294056,0.062365,-0.103923
-0.017290,0.023283,0.019122,0.460541,0.209310,-0.503098
-0.032967,0.010868,0.052944,0.545451,-0.060789,-0.320575
-0.028040,0.029883,0.044945,0.763536,0.452535,0.147977
-0.050272,0.016478,0.049134,0.874817,-0.137755,0.356815
-0.044272,0.012306,0.038754,0.727981,-0.468789,0.641666
-0.056066,0.034364,0.054129,0.234814,-1.624198,0.631670
-0.057559,0.019301,0.037540,0.615429,-0.396490,1.109859
-0.068178,0.030451,0.031674,0.219951,-0.665276,0.928649
-0.095603,0.032595,0.047909,-0.301346,-1.094268,0.820016
-0.094605,0.037322,0.033279,-0.345055,-1.150496,0.669378
-0.096276,0.021950,0.019017,-0.217745,0.477085,1.256006
-0.107206,0.022636,0.022733,-0.127393,0.725546,0.517641
-0.107856,0.030566,0.022329,0.078849,0.596950,0.581389
-0.122949,0.020095,0.011097,0.595639,0.592495,0.393866
-0.132918,0.023919,0.010230,0.427247,0.402616,0.549254
-0.172661,0.015694,0.026078,0.507837,-1.814123,0.425423
-0.169513,0.016527,0.029219,0.350966,-2.619492,0.703594
-0.166001,0.021474,0.030939,0.406394,-0.311505,1.008394
-0.174362,0.022403,0.030102,0.438430,-0.243282,0.827217
-0.184347,0.031512,0.022267,0.426613,-0.139003,0.399308
-0.189641,-0.000190,0.019936,0.601521,-0.608923,0.974241
-0.199974,0.013609,0.017520,0.169589,-1.582294,1.026316
-0.218261,0.008328,0.021371,0.089481,-1.854434,1.294819
-0.215845,0.018697,-0.008401,0.235799,-1.017912,0.992132
-0.231056,0.011485,0.011392,-0.296491,-0.966397,0.918396
-0.220637,0.026332,-0.006947,-0.414035,-0.680805,1.221161
-0.232041,0.011906,0.003094,-0.473346,-0.981828,1.106017
-0.225751,0.015099,-0.028000,-0.200992,-0.195979,1.288448
-0.231499,0.014308,-0.034043,-0.403663,-0.080992,1.090041
-0.233340,0.009861,-0.049431,-0.109300,-0.106014,1.360340
-0.236245,0.017798,-0.036463,-0.628175,0.353570,0.864294
-0.253189,0.010182,-0.046142,-0.167094,0.622818,0.332214
-0.245439,0.018805,-0.042860,-0.266155,0.203493,0.639470
-0.247846,0.013540,-0.029323,0.209749,0.059749,1.012999
-0.245259,0.037968,-0.038911,0.056496,-0.288731,0.311400
-0.254995,0.021635,-0.017106,0.268843,0.018361,0.631064
-0.237601,0.032716,-0.030534,0.623419,-0.137493,0.445465
-0.247294,0.028676,-0.001859,0.099568,-0.774125,0.533706
-0.235083,0.046138,-0.025095,0.087383,-0.321854,0.859190
-0.231236,0.046434,-0.023622,0.196761,-0.742266,1.203777
-0.219866,0.038484,-0.039223,-0.052668,-0.035268,0.866310
-0.221350,0.050806,-0.038892,-0.049120,-0.185741,0.872546
-0.219374,0.051902,-0.040254,-0.305951,-0.010925,0.578938
-0.214164,0.064887,-0.054848,-0.358739,0.074129,1.006076
-0.216840,0.050300,-0.038337,-0.235979,0.349641,0.399360
-0.199305,0.060817,-0.072031,-0.187879,0.442087,0.659362
-0.207104,0.051472,-0.037382,-0.399314,0.104213,0.416527
-0.187895,0.066063,-0.039459,-0.486843,0.210347,0.514731
-0.193081,0.055972,-0.032350,-0.159906,-0.235661,0.339209
-0.178376,0.059954,-0.024278,0.089205,-0.083490,0.410146
-0.170501,0.063706,-0.028686,0.443991,-0.010357,0.151004
-0.168886,0.060023,-0.025368,0.551838,-0.008132,0.265548
-0.149149,0.058290,-0.043205,0.866109,0.163008,0.146757
-0.154437,0.054590,-0.003868,0.733088,-0.420892,0.286353
-0.133331,0.058529,-0.000828,0.703681,-0.080720,0.506375
-0.131125,0.054075,-0.010416,0.668572,-0.241461,0.593615
-0.104295,0.064441,-0.012461,0.527969,-0.035983,1.082125
-0.104469,0.063919,-0.015471,0.453027,0.038843,0.669378
-0.085929,0.052444,-0.029189,0.631838,-0.167737,0.821286
-0.079053,0.058329,-0.028240,0.524624,-0.675314,0.967335
-0.080796,0.052316,-0.004449,0.324595,-0.667137,1.254020
-0.064554,0.052184,-0.028568,0.271321,-1.463683,0.986406
-0.067863,0.046355,0.001502,0.036233,-2.002121,1.258659
-0.052583,0.053268,-0.014966,-0.604302,-0.995112,0.918667
-0.040711,0.043335,-0.035898,-0.253005,-0.173531,0.915614
-0.024899,0.042445,-0.052507,-0.247232,0.486725,1.111123
-0.028050,0.042216,-0.034490,-0.243696,-1.139887,1.178321
-0.031730,0.018077,-0.051979,-0.183881,-0.385120,0.877627
-0.017248,0.028511,-0.058701,-0.382891,-0.324963,1.026076
-0.033217,0.011879,-0.047327,-0.639972,-0.220748,0.325265
-0.018150,0.022629,-0.067390,-0.398434,-0.511464,0.267058
-0.024220,0.012309,-0.042423,-0.547532,-0.289709,-0.013374
-0.017258,0.017522,-0.036466,-0.773613,-0.369814,0.189842
-0.026800,0.005918,-0.021780,-0.439612,-0.864500,-0.353983
-0.008077,0.006184,-0.026044,-0.473503,-0.670551,0.057868
-0.011050,0.009079,-0.026271,-0.086724,-0.474914,-0.079472
0.005408,0.005291,-0.022880,-0.089563,-0.586658,0.130049
-0.002729,0.007471,-0.022739,-0.016886,-0.803742,-0.072993
-0.003228,-0.002252,-0.028404,0.094303,-0.559480,-0.116967
0.000478,0.007238,-0.028165,0.159991,0.183005,-0.575357
-0.016509,-0.001283,-0.029011,0.062214,-0.263844,-0.535314
-0.002526,0.013701,-0.029100,0.456517,-0.200194,-0.286614
-0.025775,-0.002691,-0.014067,0.030190,-0.676105,-0.649675
-0.007660,0.011751,-0.031102,0.244770,-0.762456,-0.803972
-0.025808,-0.002678,-0.015100,-0.083884,-0.491753,-0.962186
-0.013667,0.018559,-0.040349,0.131023,-0.562851,-0.976537
-0.023622,0.007524,-0.017598,-0.493743,0.740638,-1.437720
-0.018262,0.023296,-0.033902,-0.133554,-0.015616,-1.233296
-0.040523,0.017788,-0.008706,-0.875740,-1.384777,-1.641674
-0.025766,0.034725,-0.023753,-0.768745,-0.634769,-1.353007
-0.046025,0.020578,-0.000546,-0.707072,-0.877853,-1.816671
-0.032097,0.038992,-0.024285,-0.719942,0.124390,-1.534818
-0.041692,0.039071,-0.035665,-1.076254,0.952467,-2.039089
-0.042756,0.035782,-0.035307,-0.700517,1.506832,-2.088385
-0.062348,0.030780,-0.009002,-0.593503,0.112609,-2.401898
-0.056197,0.036419,-0.021918,-0.967297,0.076118,-2.699874
-0.069553,0.038556,-0.000277,-0.395965,0.188191,-2.628714
-0.055869,0.039403,-0.003769,-0.465415,0.490861,-2.362846
-0.063924,0.042275,0.001443,-0.765840,0.227406,-2.684762
-0.065805,0.043095,0.013053,-0.646717,-0.037483,-2.556317
-0.077930,0.041530,0.015541,-0.119220,0.035813,-2.623843
-0.074651,0.038346,0.015170,0.102755,0.584125,-2.927922
-0.071920,0.039970,0.021197,0.232950,0.364491,-2.664756
-0.078695,0.040794,0.017642,0.628536,0.497354,-3.243643
-0.075403,0.048649,0.038922,0.579319,0.261724,-2.445804
-0.084751,0.038661,0.030053,0.445438,-0.036961,-2.524980
-0.086409,0.045035,0.029836,0.463492,-0.087160,-2.374477
-0.085234,0.045590,0.020527,0.325843,-0.166139,-1.884051
-0.075252,0.052739,0.024597,0.288564,0.372779,-2.085967
-0.079230,0.047405,0.013371,-0.430493,-0.061209,-1.433250
-0.078879,0.048344,-0.009337,-0.564611,1.303836,-1.621718
-0.086172,0.035733,0.022651,-0.330990,-0.319612,-1.611884
-0.077799,0.054134,0.021873,-0.222814,-0.261109,-1.393822
-0.075642,0.036599,0.015607,-0.273432,-0.260958,-1.115247
-0.083248,0.038401,0.019828,-0.280735,-0.281792,-1.471133
-0.067794,0.025449,0.008376,0.170521,0.761915,-0.975205
-0.081498,0.019787,0.002648,-0.132976,0.124964,-1.521876
-0.071746,0.017958,-0.019207,-0.365389,1.155076,-0.808579
-0.075544,0.024582,0.017169,0.081560,0.697264,-0.957080
-0.079670,0.009628,0.006984,-0.041597,0.410560,-0.915691
-0.075452,0.010662,0.028756,0.016660,0.021814,-1.200200
-0.077786,-0.000315,0.021958,-0.140332,0.030624,-0.681463
-0.065056,0.011413,0.012131,-0.022096,0.029186,-0.566735
-0.084223,-0.005311,0.024821,0.277348,-0.208646,-0.688231
-0.075508,-0.000033,-0.005503,0.525559,-0.091722,-0.567487
-0.080783,-0.000443,0.033010,0.270593,-0.375637,-0.394013
-0.064981,0.003811,0.018295,0.523472,-0.297521,-0.140556
-0.079637,0.003946,0.021706,0.402911,-0.166191,0.141727
-0.059155,0.006033,0.013158,0.001761,0.129639,0.518134
-0.066195,0.004198,0.010690,0.167508,-0.259672,0.512626
-0.057037,0.000105,-0.003038,-0.073394,-0.062161,0.800884
-0.065559,0.007494,-0.008864,-0.299245,-0.360623,0.594028
-0.065923,-0.010287,-0.021019,-0.191345,0.119998,0.867186
-0.063182,0.010937,-0.016384,-0.745657,-0.827038,0.652002
-0.073308,-0.006558,-0.006724,-0.480905,-0.025988,0.236481
-0.058692,0.003224,-0.024931,-0.438397,-0.316031,0.705253
-0.076509,0.004944,-0.012196,-0.964953,-1.010076,0.113961
-0.059988,0.002981,-0.014864,-0.775412,-0.327602,0.598919
-0.066468,0.010586,-0.010958,-0.473024,0.056893,0.650974
-0.064971,0.002741,-0.037615,-0.246831,0.279288,0.525713
-0.071851,0.018290,-0.029435,-0.757759,-0.276986,0.249082
-0.068943,0.011032,-0.045335,-0.158517,1.062895,0.766326
-0.073686,0.020706,-0.050964,0.124724,2.023172,0.208843
-0.091631,0.017995,-0.016971,0.128191,0.312034,0.166141
-0.075961,0.027422,-0.034674,0.395979,0.326743,0.245271
-0.107725,0.019964,0.012183,0.151148,-1.882404,-0.218794
-0.085086,0.033176,-0.004268,0.012156,-0.116590,0.195201
-0.100464,0.032129,0.011645,0.061180,-0.982734,-0.156657
-0.092524,0.039649,-0.005243,0.141603,-1.611705,0.059416
-0.100851,0.047310,0.000672,0.033236,-1.055312,0.102632
-0.091999,0.056836,-0.005263,-0.071493,-0.733817,0.710855
-0.107236,0.058139,-0.009143,-0.094647,-0.667354,0.098555
-0.098829,0.053511,-0.006950,-0.394643,-1.592506,-0.030579
-0.106530,0.055454,-0.016148,-0.239777,-0.561764,0.180918
-0.107249,0.064822,-0.013420,-0.178839,-1.117228,0.364587
-0.113784,0.059767,-0.023769,-0.099942,-0.584049,0.179287
-0.114871,0.063213,-0.043457,-0.150758,-1.056067,0.323448
-0.121350,0.071295,-0.026356,-0.405603,-1.066515,0.094481
-0.111293,0.066630,-0.026527,-0.315894,-0.404706,0.429103
-0.124849,0.072650,-0.040677,-0.296353,-0.424063,0.100810
-0.127367,0.064034,-0.044143,-0.523301,-0.240496,-0.205829
-0.121747,0.072785,-0.043635,-0.449059,-0.163293,0.054409
-0.121639,0.060994,-0.041265,-0.362340,0.342465,-0.222130
-0.128847,0.066660,-0.030315,-0.384825,0.132097,-0.369817
-0.129881,0.054154,-0.032514,-0.380902,-0.284516,-0.445569
-0.132944,0.076399,-0.018675,-0.396760,-0.601751,-0.446672
-0.140205,0.052752,-0.027833,0.121892,-0.075622,-0.363974
-0.131739,0.072463,-0.021688,0.244205,0.200352,0.167289
-0.132392,0.063955,-0.011851,0.048273,-0.912552,0.067102
-0.140323,0.064507,-0.015560,0.296340,-0.508241,0.136408
-0.127702,0.063492,-0.021764,0.365600,0.147413,0.159726
-0.137004,0.064316,-0.002995,0.017376,-1.255705,0.209606
-0.127433,0.057466,-0.033298,0.333435,-0.103900,0.387807
-0.116909,0.065728,-0.049320,0.290940,2.301959,0.488357
-0.134181,0.053688,-0.044800,0.019128,-0.267527,0.391552
-0.125351,0.058096,-0.054798,0.101088,0.251831,0.251395
-0.146536,0.051026,-0.034273,-0.616322,-0.482037,0.422423
-0.132504,0.055313,-0.042794,-0.707685,-0.142718,0.140363
-0.144537,0.041451,-0.026359,-0.776256,-0.417265,0.281360
-0.125237,0.039101,-0.038836,-0.753131,0.141367,0.315610
-0.136676,0.043486,-0.023612,-0.678173,-0.695389,-0.009887
-0.121632,0.041743,-0.035271,-0.330911,0.667719,0.549214
-0.126087,0.040565,-0.027190,-0.350796,-0.527555,0.523309
-0.120228,0.030625,-0.021967,-0.375279,0.036132,0.513390
-0.119515,0.044828,-0.016020,0.055065,0.025224,0.390584
-0.117415,0.024339,-0.018934,0.205653,-0.109260,0.707684
-0.124787,0.038336,0.005631,0.078019,-0.990861,0.239605
-0.127219,0.012841,-0.000490,0.255835,0.002871,0.327030
-0.113702,0.025396,-0.025250,0.445822,0.242794,0.312630
-0.123313,0.019058,0.007460,0.360170,-0.034628,0.241135
-0.103293,0.025531,0.017685,0.116643,0.454590,0.327210
-0.101219,0.027773,0.004003,0.400686,-0.122984,0.734820
-0.097566,0.022491,0.003682,0.405324,0.241278,0.696504
-0.095872,0.030931,0.005244,0.110466,1.256825,0.565528
-0.090469,0.022189,-0.002755,0.224655,-0.509354,0.934367
-0.098212,0.034410,0.008277,-0.172861,-1.968614,0.996805
-0.094290,0.025643,0.001876,-0.103983,-0.650945,0.817453
-0.088496,0.032155,-0.006116,-0.142968,-0.817650,0.601334
-0.091693,0.024504,0.005451,-0.012974,-0.079902,0.829181
-0.087108,0.035684,-0.030682,0.007548,-0.113718,0.636311
-0.090728,0.022728,-0.003750,-0.256311,0.571071,0.888974
-0.076391,0.034679,-0.026917,-0.160158,1.252531,0.291484
-0.085027,0.018648,0.001837,-0.312687,0.010739,0.457057
-0.067787,0.031019,-0.001813,-0.767065,0.708474,0.538331
-0.070554,0.030550,0.013545,-0.507614,0.039903,0.411756
-0.068651,0.025685,-0.000172,-0.196991,0.373389,-0.102592
-0.074966,0.027281,0.010063,-0.087009,-0.082876,-0.171267
-0.057382,0.028393,0.010660,0.046904,0.014547,-0.063005
-0.059227,0.032798,0.017934,0.386857,-0.029113,-0.555755
-0.050377,0.025659,0.009692,0.606248,0.929710,-0.516199
-0.047039,0.031088,0.016765,0.732967,0.587109,-0.548813
-0.042207,0.023562,0.022326,0.651375,0.738360,-0.507569
-0.046875,0.022337,0.023987,0.611228,0.226500,-0.564463
-0.068093,0.020519,0.049051,0.121429,-5.238136,-0.707939
-0.032751,0.029526,0.016706,0.499549,0.343857,-0.143152
-0.039197,0.018385,0.020189,0.543327,-0.091791,-0.480321
-0.028720,0.035076,0.002093,0.282462,-0.532853,-0.520741
-0.038863,0.030622,0.017271,-0.117874,-1.072144,-0.166533
-0.024249,0.040391,0.015462,-0.107511,-1.294283,0.078872
-0.028293,0.028410,-0.003064,-0.102640,-0.094575,-0.380286
-0.023258,0.027123,-0.000773,-0.250130,-0.441223,-0.420801
-0.022644,0.025698,-0.003015,-0.276403,-0.767967,-0.779587
-0.016096,0.020758,-0.018245,-0.507581,-0.519749,-0.505024
-0.024617,0.028955,-0.009277,-0.594018,-0.398378,-0.973777
-0.019253,0.018093,-0.025082,-0.370208,0.153190,-0.867570
-0.015882,0.022354,-0.015859,-0.640842,0.176121,-1.021641
-0.026501,0.004842,-0.011746,-0.491156,-0.277794,-1.213539
-0.017366,0.009178,-0.028476,-0.310540,-0.230294,-0.865105
-0.027761,0.005449,-0.002562,-0.341930,-0.793176,-1.527649
-0.017566,0.015401,-0.017618,-0.127124,-0.629520,-1.640184
-0.025171,0.009102,0.009301,-0.049708,-0.755996,-1.227013
-0.009971,0.022107,-0.008772,0.070955,-0.587909,-1.230729
-0.027341,0.007015,0.016454,-0.068020,-1.017094,-1.687992
-0.008014,0.008702,-0.011569,0.233885,0.156151,-1.441530
-0.019165,0.011095,-0.002109,0.101321,-0.465914,-1.561546
-0.004266,0.005088,-0.001849,0.023163,-0.170763,-1.337303
-0.023862,0.002843,0.002024,0.028483,-0.271242,-1.464186
-0.013220,0.011863,-0.006661,-0.149566,-0.230940,-1.018555
-0.015272,0.014062,0.003429,-0.390707,-0.687587,-1.606407
-0.003196,0.004563,-0.009609,-0.240700,0.068730,-0.956560
-0.013552,0.015864,-0.006304,-0.406889,0.078141,-1.456912
-0.022004,0.005291,-0.002962,-0.490096,-2.465240,-0.856787
-0.009921,0.015490,-0.029924,-0.247291,-0.619850,-1.337221
-0.024315,0.008580,-0.022315,-0.830081,-0.464476,-1.312534
-0.012239,0.018661,-0.054309,-0.650591,0.914204,-1.459715
-0.031484,0.004500,-0.040333,-0.513946,1.062343,-1.709040
-0.015938,0.010409,-0.036686,-0.676893,0.836141,-1.593993
-0.037471,0.011357,-0.037982,-0.745788,-0.234374,-1.497759
-0.024423,0.026214,-0.030328,-0.816547,0.099900,-1.479925
-0.028050,0.018415,-0.027183,-0.291410,-0.103280,-1.545440
-0.021446,0.018612,-0.030525,-0.567607,0.223001,-1.550987
-0.024062,0.033166,-0.024613,-0.392502,0.067784,-1.309482
-0.029448,0.018182,-0.029418,-0.252638,0.142903,-1.341246
-0.024689,0.030780,-0.024734,-0.251308,-0.371537,-1.343475
-0.029133,0.021815,-0.016883,0.177880,-0.026287,-1.264424
-0.020113,0.042216,-0.030344,0.190793,-0.127964,-1.446074
-0.033929,0.031830,-0.004803,0.459924,-0.023845,-1.357822
-0.025746,0.046063,-0.010453,0.477140,0.090958,-1.233625
-0.043146,0.032227,0.011947,0.412630,-0.538745,-1.438403
-0.031175,0.041914,-0.003179,0.430408,-0.628014,-1.224762
-0.048657,0.038060,0.010332,0.371643,-0.974101,-1.196822
-0.045089,0.043749,0.013677,0.086944,-2.434458,-1.193277
-0.033023,0.047445,0.007867,0.201195,-0.661337,-0.793765
-0.042293,0.046397,0.019070,-0.415647,-2.848915,-0.629173
-0.029130,0.062600,-0.003044,0.152868,-0.660602,-0.311844
-0.032094,0.048895,-0.012813,-0.095662,-0.648949,-0.406785
-0.028349,0.062754,-0.021495,-0.577579,-0.428655,-0.141607
-0.030804,0.052998,-0.029169,-0.508402,0.220076,0.116672
-0.040881,0.059928,-0.025837,-0.603028,-0.500192,-0.203271
-0.031438,0.061700,-0.040280,-0.444900,0.658620,-0.049659
-0.034484,0.068839,-0.031811,-0.372463,0.776492,-0.307462
-0.053686,0.037085,-0.020625,-0.311659,-0.398020,-0.407251
-0.054828,0.056222,-0.040730,-0.344192,-0.207461,-0.714934
-0.069301,0.042967,-0.017188,-0.679089,-0.361086,-0.861653
-0.052879,0.045370,-0.027144,-0.646501,-0.052917,-0.329037
-0.066678,0.045124,-0.016601,-0.775724,-0.798681,-0.226297
-0.055626,0.050097,-0.015823,-0.715350,-0.002506,-0.047864
-0.062926,0.042166,-0.007620,-0.465356,-0.532416,-0.352133
-0.072268,0.035181,-0.026983,-0.452236,-0.170688,-0.242135
-0.068283,0.047694,-0.009921,-0.369082,-0.691673,-0.431673
-0.071802,0.030809,-0.016282,-0.057402,-0.119643,-0.098223
-0.075862,0.040725,0.003304,0.179988,-0.356494,-0.261285
-0.095189,0.024865,0.003340,0.433290,-0.251978,-0.301216
-0.086727,0.030796,-0.024774,0.989847,-0.045099,-0.094035
-0.110420,0.020942,0.017205,0.388045,-0.596791,0.329229
-0.099808,0.029368,0.000974,0.370740,-0.685538,0.003739
-0.108427,0.032549,0.005054,0.186460,-1.032502,0.111104
-0.106307,0.019337,0.003606,0.240985,-1.849412,0.763125
-0.109819,0.039849,-0.001646,0.070899,-1.313187,0.542033
-0.119144,0.018677,0.005369,-0.120510,-3.252832,0.444761
-0.109570,0.038201,-0.002752,-0.338460,-0.938907,0.624379
-0.115031,0.021352,0.009025,-0.121179,-0.739633,0.789338
-0.122259,0.032263,-0.026953,-0.214017,-0.723989,0.859517
-0.132281,0.021457,-0.015596,-0.671145,0.102913,0.930040
-0.123126,0.034623,-0.021373,-0.515591,0.921986,0.534617
-0.140392,0.024405,-0.021583,-0.401913,0.538555,0.854054
-0.133062,0.025977,-0.018291,-0.495968,1.264939,0.841364
-0.147931,0.022183,-0.014572,-0.705985,-0.132366,0.627569
-0.148699,0.010875,-0.029133,-0.112458,0.202620,0.806699
-0.143408,0.027277,-0.023353,-0.099735,0.921655,0.907138
-0.157798,0.016173,-0.009343,0.047164,0.288243,0.996236
-0.156042,0.017587,-0.031703,0.357242,0.026051,0.347603
-0.173045,0.010327,0.021000,0.192733,-0.134781,0.759622
-0.157152,0.022813,0.008930,0.462533,-0.113820,0.723830
-0.163513,0.018933,0.027896,0.415683,-0.584154,1.335703
-0.152674,0.018484,0.030023,0.203841,-0.334905,0.900859
-0.149005,0.025012,0.020934,0.333041,-0.391967,1.132572
-0.159811,0.021769,0.006872,0.309257,-0.623671,1.503511
-0.163093,0.023985,0.001958,0.247330,-0.427529,1.147074
-0.159988,0.018493,-0.002447,0.201350,-0.104232,1.587062
-0.156952,0.029020,0.002441,-0.065759,-0.190258,1.447874
-0.160618,0.014010,-0.005595,-0.164284,0.019345,1.180821
-0.154053,0.022833,-0.024820,0.058596,0.049984,1.227891
-0.169451,0.012851,0.007529,-0.398956,-0.618462,1.163033
-0.160736,0.018612,-0.005742,-0.505185,-0.748240,1.022489
-0.165673,0.012756,0.012357,-0.764888,-0.778563,1.093699
-0.149143,0.020509,-0.011217,-0.603908,0.173850,1.327100
-0.152494,0.021694,-0.010817,-0.378198,-0.644101,0.837846
-0.146750,0.008029,-0.012130,-0.190160,0.338622,1.078271
-0.134171,0.023220,-0.018281,-0.276258,0.450586,0.951891
-0.142890,0.010002,-0.019108,0.234325,1.468880,0.839103
-0.150298,0.006332,-0.029238,0.537327,0.377647,0.338117
-0.147771,0.009539,-0.001905,-0.047617,0.010805,0.157048
-0.130787,0.014962,-0.004124,0.240995,0.389165,0.017912
-0.147032,0.010964,0.003110,0.186073,-0.841261,0.347341
-0.128115,0.012171,0.004286,0.503879,-0.276215,0.098290
-0.125447,0.015782,0.008746,0.446929,0.134989,0.098434
-0.115852,0.007189,0.000678,0.361648,0.402652,0.331684
-0.115196,0.013511,0.005727,0.561948,0.093118,0.225268
-0.112612,0.009230,0.009022,0.502218,-0.869476,0.574217
-0.103914,0.023171,0.000350,0.186359,-0.677700,0.642961
-0.103333,0.020584,-0.008880,-0.028503,-0.571270,0.590219
-0.100956,0.028420,-0.031933,0.071395,-1.042484,0.425349
-0.112747,0.017988,-0.003845,-0.097369,-0.932283,0.078300
-0.089025,0.036107,-0.017073,-0.524955,-0.294872,-0.036756
-0.092701,0.028364,-0.029747,-0.508671,0.101144,-0.163580
-0.073962,0.025068,-0.047449,-0.336616,1.020558,-0.020849
-0.078354,0.034403,-0.037145,-0.477416,0.613398,-0.410002
-0.070581,0.030126,-0.044981,-0.780155,1.191773,-0.344212
-0.065434,0.044894,-0.041875,-0.372119,0.120911,-0.450872
-0.066382,0.026089,-0.053800,-0.421237,0.803096,-0.978212
-0.056437,0.032303,-0.044925,-0.354446,0.837175,-1.155752
-0.065989,0.023676,-0.034923,-0.432758,0.319403,-1.069562
-0.053102,0.036665,-0.061662,-0.289418,-0.033879,-1.325166
-0.067305,0.036294,-0.016860,-0.624998,-0.375391,-1.406984
-0.052104,0.039888,-0.023162,-0.810275,-0.168354,-1.505785
-0.047847,0.040492,-0.022683,-0.575416,-0.478545,-1.916471
-0.041843,0.037797,-0.017562,-0.415525,-0.163884,-1.958407
-0.032094,0.041776,-0.004620,0.025614,-0.348160,-1.826210
-0.037871,0.035979,-0.018173,0.300676,-0.168564,-2.030417
-0.025342,0.049736,-0.013495,0.257062,-0.204527,-1.619535
-0.032767,0.037354,-0.002414,0.211643,-0.409334,-1.728771
-0.012288,0.050776,-0.024958,0.510552,-0.351061,-1.562065
-0.017159,0.054955,-0.009143,0.049360,-0.681724,-1.331084
-0.008454,0.052677,-0.012819,-0.027479,-0.715133,-1.385539
-0.002270,0.050583,-0.009826,0.205177,-0.197624,-1.535691
-0.000963,0.047431,-0.017040,-0.059995,-0.362809,-1.204427
0.010719,0.057922,-0.022749,-0.351104,0.707433,-1.380822
0.004075,0.042800,-0.036295,-0.184222,0.119798,-1.482013
0.007203,0.052578,-0.028033,-0.660861,-0.017428,-1.481232
0.008388,0.038191,-0.034066,-0.542562,0.446647,-1.661021
0.010883,0.039124,-0.039972,-0.520705,0.088316,-2.184333
0.007039,0.033639,-0.010042,-0.847589,-0.292151,-1.560473
0.022099,0.041845,-0.046264,-0.342826,-0.296940,-1.939992
0.011628,0.027497,-0.014516,-0.494701,-0.574825,-1.699533
0.025454,0.033202,-0.041268,-0.226027,-0.153048,-1.368601
0.011090,0.015211,0.001722,0.065664,-0.737667,-1.691504
0.021469,0.030143,-0.016115,0.291292,-0.519985,-1.425472
0.013417,0.011745,0.017849,0.103789,-1.040147,-1.758797
0.029619,0.016842,-0.012635,0.215090,-0.284562,-1.548662
0.019076,0.018746,-0.000976,-0.073443,-0.616591,-1.404698
0.030630,0.029260,-0.008119,-0.087840,0.027611,-0.822672
0.016427,0.021031,-0.007416,-0.415483,-0.654211,-1.020524
0.029809,0.024123,-0.000579,-0.663487,-0.279691,-0.684245
0.017156,0.020092,-0.002220,-0.454813,-0.767012,-1.001824
0.027778,0.003660,-0.007708,-0.494823,-0.165318,-0.926160
0.023251,0.022695,-0.013650,-0.952421,-0.318516,-0.639282
0.014448,0.002990,-0.005516,-0.458519,0.864705,-0.629553
0.016867,0.010458,-0.036551,-0.383942,0.915192,-0.945360
0.001528,-0.001454,-0.022417,-0.386190,1.339316,-1.063213
0.006383,0.008528,-0.020740,-0.530654,-0.200496,-0.873323
-0.014123,0.002600,-0.001485,-0.200654,-0.247523,-0.898398
-0.005001,0.003864,-0.006182,-0.178320,0.229385,-1.263015
-0.013282,0.008042,0.016358,0.119006,0.176315,-0.719509
-0.014996,0.002885,0.008070,-0.038633,-0.763007,-0.869969
-0.025490,0.015894,0.023117,-0.251305,-1.175255,-0.631736
-0.028106,0.002941,0.018223,-0.103901,-1.549732,-0.514195
-0.035633,0.008111,0.014927,-0.153190,-1.815478,-0.531809
-0.042224,0.006900,0.015955,-0.172284,-1.683954,-0.167770
-0.040153,0.019649,0.003252,-0.075567,-1.736083,-0.677904
-0.055646,0.017233,0.014478,-0.025513,-1.566414,-0.029839
-0.046586,0.024579,0.002868,-0.075311,-0.364450,-0.174273
-0.065493,0.023132,0.008389,-0.302432,-0.561150,0.148695
-0.060553,0.034702,0.005244,-0.441316,-0.515403,-0.324215
-0.078951,0.034745,-0.004587,-0.345761,-0.615961,0.089585
-0.071884,0.035647,0.001141,-0.709734,0.270961,0.062899
-0.089232,0.038306,0.003232,-0.708260,-0.109822,-0.190782
-0.085716,0.036458,-0.006953,-0.762213,0.229904,-0.412904
-0.100073,0.039022,-0.012619,-0.719328,0.592055,-0.482256
-0.104091,0.036087,-0.001419,-0.468737,-0.279087,-0.634938
-0.107420,0.046755,-0.019932,-0.101935,0.226825,-0.624412
-0.118747,0.044444,0.022007,-0.068375,-0.024285,-0.515760
-0.112688,0.052913,0.020054,0.050006,0.183572,-0.323757
-0.128289,0.045492,0.017284,0.365586,0.231375,-1.077953
-0.143362,0.035526,0.017517,0.802341,-0.123651,-1.104728
-0.134982,0.055559,0.019313,0.806398,-0.106392,-0.688824
-0.142972,0.050497,0.041262,0.639844,-0.072691,-0.417061
-0.135041,0.057098,0.019976,0.685480,0.831821,-0.353510
-0.142748,0.061920,0.032528,0.406732,-0.213734,-0.541633
-0.136426,0.053425,0.018147,0.520275,-0.247740,0.124276
-0.140792,0.059990,0.010224,0.418805,-1.143960,0.089472
-0.150249,0.063368,0.028559,-0.374255,-1.061447,-0.021120
-0.146264,0.055395,0.016976,-0.079049,-0.734161,0.620216
-0.145227,0.060230,-0.000796,-0.068385,-0.538357,0.336305
-0.141921,0.051426,-0.006779,0.041610,0.067102,0.204981
-0.145250,0.062554,-0.003901,-0.039489,-0.051473,0.063948
-0.157145,0.041989,-0.014907,-0.109773,-0.050774,0.023787
-0.143500,0.048511,-0.045260,0.020947,0.441034,0.319922
-0.158914,0.040640,0.001240,-0.432013,0.086885,0.210617
-0.146871,0.042941,-0.026264,-0.236846,0.315083,0.029207
-0.155215,0.041769,0.008129,-0.403161,-0.617848,0.122044
-0.138530,0.037111,-0.006307,-0.136879,-0.058675,0.351969
-0.140421,0.038861,0.005582,0.108555,-0.528034,0.293762
-0.134578,0.029230,-0.008309,0.593571,-0.032481,0.834770
-0.124738,0.043798,-0.005985,0.681935,0.066731,0.575461
-0.124426,0.017614,-0.010400,0.432647,0.379987,0.804608
-0.124600,0.036688,-0.004042,0.509377,-0.188873,1.032711
-0.131756,0.017584,-0.007311,0.219262,-0.296507,0.726962
-0.122735,0.029454,-0.025329,-0.167058,-0.748154,1.020304
-0.129438,0.013146,-0.014346,-0.431294,-0.802203,1.036066
-0.106448,0.019406,-0.027754,-0.493208,-0.105614,1.169914
-0.110187,0.024924,-0.017280,-0.527489,-0.145883,1.220359
-0.110200,0.004336,-0.033167,-0.575413,-0.473785,1.071651
-0.102900,0.014331,-0.034365,-0.416868,-0.358660,0.816005
-0.099378,0.006831,-0.032996,-0.251108,0.894076,1.442623
-0.090394,0.014824,-0.049963,0.380850,0.409000,0.823007
-0.113656,0.003069,-0.019473,0.109172,-0.316691,0.780614
-0.087344,0.009184,-0.030380,-0.070682,0.128661,0.533463
-0.093709,-0.005091,-0.014047,0.341090,0.043100,0.722689
-0.077641,0.007215,-0.013778,-0.040031,-0.265426,1.025819
-0.092803,0.003105,-0.014684,0.585231,0.086547,0.658438
-0.067341,0.006585,-0.006990,0.433687,-0.759262,1.233401
-0.082887,0.005958,0.001072,-0.004755,-2.381289,1.157422
-0.066419,0.011869,-0.031408,0.093098,-1.930492,1.481386
-0.069845,0.029726,-0.022079,-0.139088,-1.727194,1.354339
-0.072232,0.016439,-0.024672,-0.222935,-0.795064,1.396022
-0.069396,0.024825,-0.049313,-0.064147,-0.851584,1.014580
-0.082079,0.011413,-0.026238,-0.412716,-0.835854,0.441545
-0.067672,0.026142,-0.034503,-0.535774,-0.457849,0.806729
-0.076377,0.025554,-0.033160,-0.673686,-0.315073,0.760201
-0.067594,0.026263,-0.035629,-0.751168,0.337128,0.376122
-0.063707,0.026450,-0.031168,-0.536191,0.131776,0.217577
-0.059972,0.032165,-0.037480,-0.722683,0.350097,0.233583
-0.066353,0.036816,-0.030009,-0.248755,-0.187140,-0.243198
-0.059798,0.031745,-0.026136,0.013476,-0.001688,-0.077330
-0.052905,0.039301,-0.016177,0.074040,0.215524,-0.342610
-0.061472,0.035280,-0.014277,0.238287,-0.378424,0.040716
-0.057224,0.042170,-0.010114,0.397882,-0.731870,-0.737563
-0.059227,0.035887,-0.020717,0.523478,-0.332844,-0.302430
-0.045808,0.055303,-0.014611,0.362714,0.187620,-0.565925
-0.052242,0.046342,-0.014565,0.445176,0.144442,-0.514200
-0.048936,0.063328,-0.024610,0.368216,-0.384053,-0.354152
-0.058839,0.053097,-0.008181,0.008044,-0.110547,-0.799539
-0.039998,0.055966,-0.034496,0.077369,-0.342471,-0.731783
-0.061206,0.053005,-0.016948,-0.408258,-0.811351,-0.948440
-0.039168,0.063584,-0.030489,-0.430526,-0.422615,-1.164067
-0.048785,0.063030,-0.008568,-0.428967,0.430507,-0.876634
-0.025162,0.067674,-0.024035,-0.456822,1.494296,-0.744538
-0.036670,0.049614,-0.011329,-0.177716,1.334947,-1.283016
-0.030545,0.059156,-0.025939,-0.345646,0.652551,-1.440497
-0.038823,0.056606,-0.009392,-0.172638,0.658416,-1.419126
-0.033355,0.047021,0.009019,-0.038751,0.101669,-1.687301
-0.037077,0.040456,0.009153,0.579335,-0.203663,-2.163865
-0.035212,0.040909,0.012518,0.453523,0.229133,-1.978571
-0.037385,0.044717,0.009288,0.484155,-0.404887,-1.999707
-0.040789,0.029381,-0.001921,0.629918,-0.047078,-1.655284
-0.028959,0.045111,-0.002798,0.537435,0.071037,-1.526894
-0.032885,0.036166,0.012955,0.493181,-1.169360,-1.258551
-0.012337,0.037955,-0.015353,0.718977,4.830274,-1.645669
-0.035206,0.030940,0.005162,0.319951,-0.589478,-1.351517
-0.022250,0.040007,-0.003317,0.281707,-0.368491,-1.357327
-0.027190,0.032056,0.000363,-0.147143,-0.488635,-1.000959
-0.026560,0.041661,-0.007833,-0.296668,-1.693956,-0.958671
-0.035770,0.025807,-0.004524,-0.550700,-0.465182,-1.446441
-0.017796,0.023397,-0.024560,0.271499,1.728613,-1.729837
-0.035928,0.019931,-0.017838,-0.608244,0.547631,-1.508824
-0.021475,0.026933,-0.033331,-0.631326,1.315554,-0.939469
-0.040888,0.015132,-0.016308,-0.641895,0.061108,-1.155003
-0.026980,0.011387,-0.012301,-0.588139,0.259518,-1.223166
-0.022667,0.009765,-0.010856,-0.572912,-0.023615,-1.456380
-0.023698,0.005643,-0.007955,-0.731381,-0.164222,-1.117829
-0.026573,0.005882,-0.014326,-0.356606,0.049964,-1.250217
-0.025838,-0.003082,-0.013499,-0.304225,-0.205042,-1.247689
-0.034448,0.008682,0.002122,-0.161278,-0.325058,-1.017830
-0.021049,-0.001851,0.001978,-0.060504,-0.131420,-1.182168
-0.028244,0.000125,-0.001577,-0.046031,-0.460294,-1.407666
-0.035268,-0.005573,0.019148,0.154962,-0.033311,-1.554164
-0.023166,0.002183,-0.012438,0.464302,-0.024853,-1.089735
-0.043970,-0.008350,0.029416,0.105434,-0.623231,-1.130283
-0.023172,0.007520,0.012029,0.078127,-0.275207,-1.040535
-0.023550,0.008032,0.023314,-0.075035,-0.394662,-0.414350
-0.024118,-0.006430,0.018892,-0.096985,0.003678,-0.642279
-0.025162,0.009739,0.001742,0.046261,-0.155668,-0.708989
-0.031914,-0.005452,-0.008792,0.071487,-0.003563,-0.420682
-0.027932,0.014039,-0.007383,-0.266982,-0.089021,-0.173098
-0.046553,0.005781,0.008129,-0.348124,-0.107783,-0.834483
-0.030794,0.011840,-0.014615,-0.150331,0.059595,-0.291206
-0.053128,0.007671,0.013460,-0.902508,-0.700943,-0.766954
-0.028378,0.020594,-0.018363,-0.373559,0.502858,-0.503833
-0.041052,0.019931,0.006331,-0.618584,0.753745,-0.575696
-0.037362,0.019317,0.000511,-0.487880,-0.522572,-0.604319
-0.042096,0.018861,0.002234,-0.415647,-0.121376,-0.753154
-0.038541,0.021441,-0.002670,-0.385698,0.088799,-0.996179
-0.036345,0.024198,0.011852,0.026461,-0.061800,-0.917650
-0.042092,0.012270,-0.001268,0.311242,0.571412,-0.694264
-0.048756,0.023699,0.006268,0.346821,0.350773,-1.170947
-0.041561,0.018684,0.012393,0.571996,0.288358,-0.571176
-0.047646,0.035539,0.019352,0.387139,-0.689586,-0.400299
-0.039089,0.032972,0.017451,0.569413,-0.445257,-0.230580
-0.046662,0.034197,0.020271,0.559963,0.180457,-0.529148
-0.047607,0.032752,0.020189,0.598462,-0.816002,-0.292218
-0.049514,0.037525,0.022375,0.201556,-0.765226,0.048279
-0.046199,0.030865,0.010109,-0.039552,-0.910064,0.521407
-0.048598,0.050478,-0.002178,-0.027144,-1.144948,0.248353
-0.050456,0.040784,-0.000704,-0.237552,-0.830474,-0.243352
-0.052426,0.042114,0.002303,-0.099394,-0.331009,-0.095823
-0.058597,0.044228,-0.031260,-0.205761,0.466633,-0.130916
-0.051053,0.050307,-0.024357,-0.374429,1.317327,-0.358090
-0.061268,0.037459,-0.013397,-0.176971,1.225060,-0.004529
-0.062933,0.049082,-0.021866,-0.085900,0.157182,-0.351447
-0.087216,0.032555,-0.013046,-0.165171,0.416786,-0.119244
-0.075255,0.043322,-0.021754,-0.177040,0.282531,-0.401386
-0.092498,0.036432,-0.000333,-0.416641,-0.219232,-0.572129
-0.073673,0.039862,-0.007167,-0.181153,-0.162708,-0.289819
-0.093085,0.039839,0.002159,0.098350,-0.686398,0.106965
-0.087190,0.029578,-0.000215,0.202370,-0.374613,0.059803
-0.088493,0.044710,0.015686,0.094779,-0.486258,-0.135518
-0.091867,0.028735,-0.002227,0.188702,-0.517222,0.333539
-0.093518,0.041329,-0.010374,0.336885,-0.916172,0.351057
-0.101935,0.032953,-0.009816,0.285377,-0.212664,0.216887
-0.097740,0.040604,-0.031070,0.414531,0.028444,0.279326
-0.115465,0.038369,-0.015737,-0.200470,-0.180296,0.295866
-0.082762,0.046640,-0.044938,0.588018,3.807778,0.221200
-0.111884,0.037390,-0.008319,-0.569232,-0.823965,0.231862
-0.101583,0.043381,-0.022200,-0.615488,-0.493916,0.381797
-0.109215,0.040318,-0.030554,-0.445694,-0.008503,0.133520
-0.104570,0.029460,-0.025394,-0.507142,-0.400629,0.389911
-0.100392,0.049457,-0.052806,-0.461759,-0.034267,0.105334
-0.117362,0.029893,-0.023504,-0.342130,-0.309036,-0.179723
-0.116253,0.044950,-0.037273,-0.140382,0.005343,-0.489297
-0.121820,0.030501,-0.050485,-0.245544,0.964284,-0.237242
-0.120342,0.036632,-0.070268,0.244432,1.253641,-0.503937
-0.137953,0.025633,-0.022831,0.010003,0.294982,-0.205520
-0.126838,0.039225,-0.026832,-0.180962,-0.084741,-0.354973
-0.142351,0.036977,-0.011011,-0.193291,-0.361211,-0.332262
-0.127508,0.041861,-0.031995,0.172376,-0.088932,-0.513965
-0.150580,0.031393,-0.006356,0.022007,-0.433940,-0.337025
-0.128204,0.042445,-0.010567,0.365642,-0.257092,-0.083788
-0.142437,0.033763,-0.005962,-0.110479,-0.820286,-0.138165
-0.127183,0.040463,-0.002680,0.215700,-0.123828,-0.565029
-0.142952,0.046716,0.003038,0.498259,-0.516132,-0.569960
-0.124377,0.044684,0.002694,0.369026,-0.007764,-0.208199
-0.131073,0.046227,-0.002128,0.596936,-0.529035,-0.080985
-0.117454,0.042383,-0.008102,0.223099,0.042559,0.468138
-0.110728,0.053714,-0.014323,0.112914,-0.421315,-0.220734
-0.114569,0.041106,-0.016013,0.228909,-0.309709,-0.091442
-0.117743,0.047310,-0.012140,-0.001863,-1.131963,0.113274
-0.106491,0.031252,-0.024872,0.247471,0.277073,0.315338
-0.095652,0.044979,-0.028017,-0.153928,0.471423,0.279300
-0.097713,0.032660,-0.027918,-0.232756,2.419389,0.032306
-0.098636,0.045472,-0.039945,0.061062,-0.238401,-0.396230
-0.105302,0.031187,-0.012120,-0.228358,-0.084002,-0.265785
-0.083796,0.038441,-0.032540,0.054145,-0.029195,-0.342913
-0.104767,0.026729,0.001108,-0.040960,-0.461880,-0.307699
-0.076098,0.032316,-0.018150,0.135829,0.348915,0.085039
-0.113764,0.021297,0.049856,-0.278963,-6.485413,-0.545633
-0.078639,0.028850,-0.003156,0.101426,-0.913497,0.462769
-0.069918,0.037752,0.001351,0.145325,-0.275953,0.268051
-0.070256,0.016350,0.001958,0.454925,-0.552196,0.516545
-0.061282,0.023880,0.004466,0.069130,-0.657897,0.494520
-0.066698,0.027773,-0.008480,0.229477,-0.304024,0.640799
-0.054060,0.033488,-0.000159,0.066458,-0.260998,0.523143
-0.059965,0.022071,0.003639,0.046593,-0.488750,0.537130
-0.051044,0.033406,-0.026491,0.193777,-0.430821,0.564426
-0.065398,0.023486,-0.000205,-0.272332,-0.414796,0.496001
-0.045299,0.020712,-0.020562,-0.412893,-0.035570,0.392702
-0.059762,0.019235,-0.008874,-0.535413,-0.236475,0.154082
-0.040783,0.030300,-0.006579,-0.784229,0.368013,0.200542
-0.055186,0.015195,-0.017520,-0.539739,-0.061563,-0.130778
-0.041262,0.024894,-0.017694,-0.696965,0.196059,0.290389
-0.047738,0.026841,-0.005073,-0.755064,-0.685916,0.082535
-0.039988,0.021838,-0.008509,-0.694267,-0.232116,-0.124452
-0.044029,0.024143,-0.007541,-0.562510,-0.490417,-0.270449
-0.034730,0.023942,-0.014556,-0.200020,0.069984,-0.449161
-0.044745,0.017630,0.000777,0.169605,-0.189168,-0.656214
-0.034188,0.018815,-0.006221,0.127754,0.147095,-0.559628
-0.046090,0.021405,0.018630,0.448465,-0.579020,-0.513714
-0.038144,0.022160,0.014957,0.354420,0.311358,-0.275182
-0.039151,0.023847,0.011280,0.336934,-0.133084,-0.208955
-0.037953,0.005137,0.015164,0.511924,-0.643937,-0.097661
-0.045480,0.028420,0.025392,0.158425,-1.149774,-0.305302
-0.034080,0.029739,0.030013,-0.194877,-1.896525,-0.148398
-0.048753,0.034495,0.028638,-0.324050,-1.705746,-0.132035
-0.040346,0.029739,0.028786,-0.342140,-1.649738,-0.111871
-0.039745,0.036238,0.010099,-0.097053,-0.124235,-0.385912
-0.038114,0.025321,0.005556,-0.056062,-0.125305,0.047324
-0.034339,0.043975,0.005503,-0.426719,0.005979,-0.163822
-0.037724,0.038959,-0.000865,-0.507988,0.112353,-0.250377
-0.046415,0.039501,0.001089,-0.316310,-0.361174,-0.728697
-0.043740,0.034157,-0.002919,-0.463935,0.023619,-0.467185
-0.053341,0.042931,0.013608,-0.571947,-0.498728,-1.200856
-0.045211,0.027212,0.002152,-0.497143,-0.063113,-0.931562
-0.041984,0.041480,-0.003152,-0.555384,-0.269601,-0.942738
-0.038912,0.035680,-0.009721,-0.012793,1.561619,-0.949605
-0.043189,0.043693,-0.004610,-0.261792,0.210131,-1.481548
-0.047147,0.029391,-0.001042,-0.238746,0.155275,-0.813466
-0.040990,0.048728,-0.001531,-0.185518,0.801751,-1.313703
-0.059913,0.028620,-0.000185,-0.016690,0.255510,-1.507909
-0.049245,0.043762,-0.018813,-0.050305,0.239952,-1.281473
-0.063310,0.026778,0.009495,-0.215202,0.160953,-2.051766
-0.051208,0.032720,-0.007019,0.194155,0.562497,-1.843210
-0.067449,0.027556,0.019992,-0.144892,-0.321424,-1.705348
-0.042454,0.031311,0.012144,0.364900,-0.089933,-1.590272
-0.065765,0.025606,0.030115,0.547982,-1.028281,-1.799583
-0.051868,0.030271,0.015249,0.438539,-0.173002,-1.678021
-0.051011,0.038188,0.020242,0.016532,-0.868774,-1.415275
-0.047318,0.026887,0.009964,0.385133,-0.751433,-1.171731
-0.048976,0.043269,0.024929,-0.275881,-2.192644,-1.187799
-0.055980,0.022981,0.022621,-0.338670,-1.238235,-0.544040
-0.039657,0.039488,-0.016528,-0.163592,-0.812566,-0.841203
-0.057766,0.023496,-0.004068,-0.292834,-0.680178,-1.135887
-0.037359,0.033376,-0.037103,-0.339655,-0.047291,-0.900096
-0.044597,0.028905,-0.013916,-0.644646,0.138793,-1.002564
-0.036420,0.018854,-0.035891,-0.557698,0.247665,-0.934230
-0.038114,0.025606,-0.027396,-0.628628,0.140103,-0.777681
-0.040028,0.013393,-0.042821,-0.681357,0.256620,-0.819088
-0.035629,0.027336,-0.025427,-0.442999,-0.038399,-1.043712
-0.038797,0.007697,-0.016765,-0.092120,0.209028,-1.100896
-0.039398,0.021372,-0.013807,-0.153380,-0.168886,-0.901750
-0.038305,0.008905,-0.008076,0.105801,-0.395443,-0.881993
-0.031441,0.020854,-0.024255,0.461092,0.278789,-1.008013
-0.033141,0.006575,-0.016866,0.432322,0.068323,-0.700254
-0.038308,0.021300,-0.007436,0.298756,-0.030055,-0.796289
-0.037684,0.001681,-0.014943,0.681725,-0.203496,-1.130424
-0.049261,0.011912,0.001840,-0.285649,-2.706083,-0.982075
-0.038127,0.009217,-0.011634,0.369860,0.041069,-0.489630
-0.034001,0.025731,-0.003687,-0.207855,-0.747826,-0.658157
-0.030125,0.016833,-0.017136,0.067475,-0.439812,-0.206923
-0.020185,0.027228,-0.024882,0.111181,-0.479388,-0.222702
-0.034329,0.012661,-0.026658,-0.139213,-0.430654,-0.449187
-0.020491,0.033159,-0.032451,-0.354144,0.143221,-0.061098
-0.040238,0.024425,-0.030525,-0.453648,0.018528,-0.069055
-0.025106,0.028213,-0.042171,-0.470999,0.517994,-0.694284
-0.037369,0.017131,-0.026747,-0.099794,0.400656,-0.479169
-0.029957,0.031705,-0.053085,-0.388820,0.002992,-0.245436
-0.045772,0.020515,-0.029940,-0.306315,0.668651,-0.538972
-0.035511,0.040226,-0.062926,-0.530257,1.320120,-0.537728
-0.033755,0.034870,-0.029021,-0.124787,1.281039,-0.417289
-0.038646,0.037115,-0.054030,0.068060,1.057108,-0.802145
-0.055482,0.028653,-0.013791,-0.222262,0.258166,-0.869202
-0.047111,0.034610,-0.019404,0.133672,-0.665479,-0.723265
-0.056486,0.029470,0.005940,0.057582,-1.016087,-0.560150
-0.053784,0.031065,0.000137,0.265534,-1.502839,-0.583922
-0.065368,0.034531,0.010375,0.240263,-0.502270,-0.158758
-0.049094,0.038365,-0.001419,0.481785,-0.813622,-0.006636
-0.064574,0.042173,0.014773,0.300512,-0.608181,-0.131218
-0.058537,0.049007,0.003724,0.116082,-0.802062,-0.133890
-0.066845,0.051968,0.007397,0.192425,-0.768653,-0.050569
-0.054992,0.048462,0.005369,0.026317,-0.525756,0.159334
-0.070870,0.052152,0.000839,-0.018318,-0.629067,0.497615
-0.056509,0.049053,-0.005375,-0.022916,0.071349,0.126585
-0.056765,0.043817,-0.016860,0.009764,0.229405,0.067698
-0.065992,0.036842,-0.017930,0.078393,-0.053170,0.118336
-0.067009,0.053412,-0.007029,-0.456395,-0.043668,0.089020
-0.076949,0.029023,-0.006891,-0.315877,-0.578603,0.285924
-0.070568,0.043545,-0.029658,-0.202292,-0.358460,0.012139
-0.081511,0.039590,-0.013486,-0.398614,0.091556,-0.052151
-0.065631,0.047671,-0.038353,0.119223,1.076796,0.260347
-0.089363,0.042081,-0.005184,-0.367326,-0.106424,0.255745
-0.083077,0.047070,-0.015649,-0.449847,-0.316146,0.214413
-0.096693,0.040092,-0.004872,-0.178868,-0.573358,0.062692
-0.088509,0.040177,-0.018298,-0.350310,1.506434,-0.039878
-0.110725,0.026325,-0.018278,-0.193035,-0.541709,-0.261108
-0.097185,0.032598,-0.012616,-0.517806,0.019109,-0.033221
-0.096561,0.030520,-0.007085,-0.356287,-0.196888,0.265573
-0.100579,0.021766,-0.016446,-0.084518,0.115203,0.395022
-0.100001,0.027740,0.003810,-0.332841,-0.419549,0.139704
-0.093430,0.031682,-0.000435,-0.190954,0.132396,0.515934
-0.116134,0.014236,0.004121,0.191456,-0.456667,-0.437395
-0.102388,0.021034,0.012334,0.338270,0.111129,0.442687
-0.124426,0.019504,0.026009,0.246762,-3.145276,-0.101204
-0.110085,0.014686,0.016631,0.555705,0.255671,-0.156500
-0.115678,0.020982,0.019441,0.512164,-0.550725,0.378032
-0.113154,0.018595,0.014845,0.260978,-0.150199,0.433962
-0.122726,0.017135,0.008405,0.224215,-0.665486,-0.032017
-0.108916,0.020863,0.003787,-0.055550,-1.021224,0.566563
-0.113325,0.025190,0.005658,-0.239895,-0.120056,0.220547
-0.105046,0.019902,-0.010118,-0.409617,0.422114,0.594742
-0.110420,0.024507,-0.013673,-0.223726,0.750801,0.241916
-0.103733,0.017551,-0.017631,-0.437065,0.705858,0.795775
-0.109750,0.022856,-0.003733,-0.446567,-0.295657,0.470220
-0.102407,0.011791,-0.024341,-0.189418,1.441065,0.424308
-0.105854,0.028364,-0.011457,-0.180214,0.988403,0.310381
-0.108887,0.021047,-0.018166,-0.242029,0.385521,-0.037620
-0.109783,0.035172,-0.004607,0.103264,0.295133,0.180370
-0.109927,0.015139,0.001351,0.414958,0.384120,0.012907
-0.111966,0.030021,-0.000950,0.526065,-0.178303,-0.644464
-0.113758,0.013045,-0.001974,0.838084,1.069181,-0.082510
-0.097221,0.033205,-0.003619,0.849956,2.176767,-0.164158
-0.106691,0.019258,0.005674,0.412542,-0.127360,0.085925
-0.108125,0.027684,0.016532,0.298526,-1.648560,-0.441898
-0.112379,0.021192,0.020987,0.461082,-1.578467,-0.205274
-0.093909,0.026926,-0.000008,0.454278,-0.096945,-0.441248
-0.099131,0.026824,0.017579,0.085834,0.028480,-0.186764
-0.085841,0.031302,-0.000461,0.487670,-0.729359,-0.355865
-0.086162,0.026509,-0.000343,-0.370871,-0.086858,0.093406
-0.085519,0.037433,-0.014342,-0.169943,-0.412226,-0.559032
-0.091030,0.024789,-0.012517,-0.652711,-0.529521,-0.372175
-0.070098,0.038644,-0.018097,-0.094047,0.309621,-0.417985
-0.080244,0.028781,-0.021084,-0.638528,1.361968,-0.541927
-0.064380,0.041201,-0.049248,-0.321270,1.172584,-0.313062
-0.083586,0.021389,-0.013190,-0.382744,0.883782,-0.324334
-0.055334,0.034568,-0.040868,0.059312,0.287754,-0.522642
-0.070489,0.031613,-0.010197,-0.195701,0.113830,-0.397535
-0.055593,0.029647,-0.016706,0.260434,0.139453,-0.448577
-0.063642,0.027540,0.000553,-0.019621,-0.179984,-0.574757
-0.047893,0.027924,-0.023277,0.298789,-0.257453,-0.584851
-0.052081,0.022166,0.000455,0.341497,-0.302823,-0.200090
-0.037930,0.028469,-0.006382,0.501082,-0.352959,-0.348863
-0.046245,0.024349,0.018417,0.357118,-0.563812,-0.467625
-0.033145,0.033560,0.000563,0.052511,-0.409072,-0.190403
-0.027223,0.032825,0.001591,-0.089822,-0.751240,-0.041223
-0.018610,0.038451,-0.007659,-0.407520,-0.364765,0.525681
-0.014474,0.035483,-0.015288,0.070814,-0.438171,-0.143776
-0.012820,0.022613,-0.024610,-0.431934,-0.136002,-0.063979
-0.018712,0.034732,-0.021724,-0.571060,-0.143637,-0.110157
-0.013332,0.016435,-0.024298,-0.492134,0.075058,-0.421115
-0.017619,0.028764,-0.027242,-0.616693,0.159220,-0.689337
-0.007975,0.023164,-0.035862,-0.192786,0.303477,-0.526357
-0.017848,0.018740,-0.019158,-0.515525,-0.112963,-1.133526
-0.011054,0.005278,-0.005706,0.152175,-0.203102,-1.181079
0.001334,0.025249,-0.014943,-0.069593,0.260191,-0.735589
-0.010059,0.006444,-0.010718,0.224704,0.007758,-0.664216
-0.005346,0.019173,-0.002542,0.087564,-0.623546,-0.891932
-0.012432,0.012375,-0.003727,0.141573,-0.953297,-0.421082
-0.006596,0.030950,-0.008631,0.124291,-1.037353,-0.782775
-0.011835,0.023667,-0.007085,0.135589,-0.710922,-0.130908
-0.005641,0.034807,-0.018189,-0.003668,-0.544833,-0.670052
-0.015564,0.026539,-0.002883,-0.115763,-0.511487,-0.154555
-0.005992,0.028226,-0.039476,0.010473,-0.288130,-0.255805
-0.019949,0.016196,-0.015032,-0.624847,-0.207445,-0.696555
-0.006688,0.032312,-0.039587,-0.527982,-0.334935,-0.555403
-0.020625,0.018040,-0.023517,-0.788870,0.183595,-0.924615
-0.013791,0.034138,-0.036860,-0.760510,0.438897,-0.744869
-0.034169,0.019189,-0.015222,-0.958112,-0.272391,-1.583017
-0.023015,0.021999,-0.020050,-0.672764,0.226238,-0.793584
-0.026609,0.023164,-0.012790,-0.719499,-0.802321,-0.933514
-0.027925,0.015155,-0.009947,-0.577107,0.037021,-1.412307
-0.030486,0.025475,-0.017802,-0.389496,0.402048,-1.442151
-0.037090,0.020719,-0.020448,-0.199626,0.111431,-1.006122
-0.033460,0.031515,-0.023970,0.185991,0.225401,-1.644002
-0.051264,0.020161,-0.013709,0.162620,0.704180,-1.764773
-0.037474,0.036015,-0.008637,0.275277,0.727994,-1.339851
-0.057001,0.019104,-0.000799,0.531011,0.739397,-1.938548
-0.050361,0.017584,-0.003651,0.474997,-0.297482,-1.331504
-0.065897,0.022905,0.022812,0.233852,-2.673609,-1.686969
-0.044361,0.038362,0.001670,0.293475,0.237759,-0.623272
-0.048933,0.037591,-0.002289,0.255549,0.243434,-1.330365
-0.056621,0.038395,0.012413,-0.082417,-0.479372,-1.053918
-0.043504,0.036025,0.006974,-0.222160,-0.223775,-0.627207
-0.054277,0.044920,-0.015658,-0.633348,-0.538137,-0.919637
-0.064295,0.032116,-0.005667,-0.087633,-0.502421,-0.896125
-0.052120,0.043443,-0.015777,-0.106753,0.317768,-0.761223
-0.068890,0.032496,-0.026619,-0.552324,1.038733,-0.812616
-0.057343,0.042298,-0.026852,-0.745378,0.031582,-1.183952
-0.062952,0.035730,-0.015475,-0.705283,0.783166,-0.884236
-0.056269,0.041681,-0.012363,-0.190747,0.417167,-1.284890
-0.089297,0.010671,-0.007383,-0.069415,0.229290,-2.298629
-0.068578,0.026952,-0.002246,0.203473,0.675882,-0.995826
-0.079496,0.039176,0.014661,0.054044,-0.045840,-0.819533
-0.066067,0.031666,0.000012,0.180158,0.334857,-1.214705
-0.079082,0.033701,0.025385,0.219495,-0.702965,-1.035556
-0.057878,0.041402,0.014139,0.299563,0.115160,-0.624624
-0.069855,0.047527,0.020786,0.117487,-1.172045,-0.346953
-0.069954,0.037450,0.020914,-0.293491,-1.630867,-0.227889
-0.065788,0.050025,0.018971,-0.273475,-1.292382,0.038389
-0.060326,0.047477,0.007013,-0.367192,-0.901674,0.255791
-0.070554,0.044494,-0.008972,-0.283000,0.001112,0.011266
-0.069626,0.033179,-0.004101,-0.286302,-0.292499,-0.343444
-0.069409,0.038339,-0.013876,-0.340404,0.348676,-0.452766
-0.056184,0.036974,-0.036259,-0.191522,1.249226,0.120112
-0.063241,0.049279,-0.025256,-0.279705,1.291395,0.347351
-0.072202,0.018887,-0.020631,0.002998,0.594491,-0.785277
-0.067472,0.031692,-0.005476,0.245338,0.567568,-0.185437
-0.081160,0.035542,0.010053,-0.100218,-0.760733,0.284342
-0.074717,0.036757,0.001791,0.717736,-0.614369,0.353943
-0.095229,0.006975,0.035482,0.304517,-1.158836,-0.502101
-0.060576,0.042452,0.020179,0.232884,-0.365212,0.328642
-0.080641,0.022150,0.013880,0.025450,-0.778766,0.259678
-0.064508,0.031958,0.007506,-0.288393,-0.869952,0.318276
-0.069498,0.052910,-0.007800,-0.426124,-0.827599,0.905658
-0.068168,0.029355,-0.010649,-0.447309,-0.642033,0.686251
-0.069875,0.038891,-0.004954,-0.309145,-0.273179,0.956421
-0.073971,0.029165,-0.018327,-0.332083,0.050644,0.883154
-0.068989,0.038208,-0.042332,-0.167114,1.089062,0.447561
-0.088706,0.025117,-0.017595,-0.454199,1.145005,0.173684
-0.074388,0.039751,-0.050984,0.080175,1.580591,0.991491
-0.100198,0.007350,-0.026271,-0.222177,1.212009,-0.543105
-0.091982,0.022570,-0.033449,-0.153081,1.049201,-0.077104
-0.105854,0.019117,-0.002699,-0.301500,-0.042397,0.045840
-0.080934,0.046594,-0.006054,0.124662,0.061607,0.826702
-0.092438,0.034820,0.013165,-0.082269,-0.732750,0.908035
-0.087784,0.035490,0.015154,-0.077789,-1.114254,0.666690
-0.098032,0.027409,0.013276,0.257775,-0.943738,0.386344
-0.095012,0.043023,0.022145,-0.117414,-1.411138,0.987883
-0.102351,0.025452,0.008799,0.118678,-0.778717,0.275535
-0.079581,0.047924,-0.000034,0.072054,-0.199061,1.501798
-0.103881,0.040958,-0.006290,0.179489,-0.357872,0.999500
-0.096919,0.036311,0.001154,-0.236675,-0.215385,0.873457
-0.101308,0.041359,-0.008936,-0.249792,-0.526343,0.976152
-0.094910,0.032437,-0.012258,-0.211804,0.306024,0.931504
-0.098340,0.039872,-0.022735,-0.244432,0.304327,0.694765
-0.096240,0.033212,-0.024318,-0.411846,0.323401,0.960856
-0.088966,0.042695,-0.023339,-0.376668,-0.125459,0.807776
-0.094828,0.030849,-0.017786,-0.523882,-0.226050,0.781244
-0.102758,0.027130,-0.024626,-0.454051,0.033499,-0.115735
-0.099263,0.021224,-0.012681,-0.428107,-0.161015,0.310815
-0.109809,0.002948,-0.019745,-0.190104,-0.096380,-0.841863
-0.099919,0.029073,-0.012996,-0.338240,-0.085249,0.245665
-0.103228,0.024605,-0.039072,0.245528,-0.030259,-0.416800
-0.112625,0.019150,0.000068,-0.158120,-0.640195,0.119491
-0.091427,0.045157,-0.006829,0.310648,-0.120608,0.885917
-0.093965,0.042278,0.007486,0.283434,-0.118054,0.311773
-0.084439,0.042009,0.002024,0.232589,0.165493,0.096494
-0.090233,0.023975,-0.003113,0.641282,0.146688,-0.244640
-0.097717,0.018310,0.005979,0.115153,-0.475902,-0.553258
-0.091887,0.027077,-0.000369,0.166480,-0.166043,-0.218354
-0.085926,0.026194,0.000156,0.189976,-0.968911,0.141923
-0.084357,0.031942,-0.006162,0.110200,-0.505569,-0.007487
-0.079135,0.015185,-0.015537,0.062266,0.530234,-0.010490
-0.072140,0.042268,-0.014969,-0.338894,-0.819570,0.339077
-0.075596,0.022590,-0.017221,-0.208486,-0.605792,0.148413
-0.082437,0.018293,-0.012215,-0.196774,-0.171010,-0.671524
-0.077963,0.010931,-0.021583,-0.125414,-0.129786,-0.481047
-0.076230,0.023670,-0.025624,-0.563744,-1.109964,-0.626252
-0.065122,0.019764,-0.045667,-0.545503,0.652544,-0.349598
-0.065243,0.022111,-0.037854,-0.540419,0.248371,-0.617531
-0.061377,0.026624,-0.065771,-0.408993,1.437881,-0.235173
-0.057198,0.037069,-0.045722,-0.557018,1.485174,-0.782132
-0.060362,0.012276,-0.040539,-0.255579,1.122560,-0.841816
-0.062404,0.028935,-0.043136,-0.286079,0.546912,-0.679940
-0.082361,0.001372,-0.018741,0.006875,0.184065,-1.588624
-0.070794,0.020565,-0.035146,-0.082493,-0.296113,-1.157026
-0.079266,0.014791,0.004115,0.103024,-0.973576,-1.399815
-0.065188,0.016478,-0.004866,0.040838,-1.629551,-1.059531
-0.072553,0.018900,0.016559,-0.098317,-3.046347,-0.610359
-0.046845,0.034413,-0.013486,0.102643,-0.994921,-0.545931
-0.055180,0.033560,0.004335,-0.224281,-1.392510,-0.481175
-0.042582,0.035999,-0.020661,-0.509229,-0.664977,-0.285738
-0.049557,0.034564,-0.011821,-0.442323,-0.144261,-0.512867
-0.040409,0.033143,-0.010078,-0.340860,-0.463396,-1.076806
-0.039900,0.040151,-0.006110,-0.330425,-0.381949,-1.002397
-0.036489,0.030359,-0.010984,-0.481023,0.246297,-1.015027
-0.041295,0.038336,-0.009415,-0.010630,0.891680,-1.230523
-0.016509,0.032260,-0.039036,-0.279449,1.864292,-1.048643
-0.030561,0.037312,-0.033525,-0.360742,1.420211,-0.860500
-0.027430,0.023568,-0.024035,-0.148053,0.895921,-0.984963
-0.026504,0.036534,-0.021029,0.040546,0.969785,-1.311346
-0.022591,0.023214,-0.019092,0.025999,0.472089,-0.757979
-0.019578,0.035172,-0.003307,0.052038,0.378004,-1.148678
-0.023176,0.021057,0.012288,0.216718,-0.722771,-0.895822
-0.025280,0.030159,0.017353,0.323699,-1.210102,-1.337054
-0.020675,0.024474,0.013752,0.186566,-1.823711,-0.568500
-0.018035,0.034978,0.017652,0.000901,-2.305303,-0.423804
-0.017363,0.026818,0.006669,-0.043707,-1.201702,-0.267579
-0.005631,0.039783,-0.011569,-0.130439,-0.649018,-0.518187
-0.014806,0.023269,-0.008362,-0.270324,-0.458085,-0.305826
-0.010863,0.028951,-0.026671,0.026494,-0.257623,-0.814365
-0.019427,0.019872,-0.005073,-0.440029,0.633509,-0.540134
-0.007863,0.025324,-0.029543,-0.074021,0.341701,-0.719945
-0.019329,0.018008,-0.011372,-0.376057,0.635052,-0.716466
-0.010647,0.026680,-0.025480,-0.358706,0.587637,-0.565070
-0.030594,0.014354,-0.005197,-0.403850,-0.037017,-0.952326
-0.008818,0.019304,0.001670,-0.240670,-0.072612,-0.692816
-0.016089,0.010405,0.015059,-0.129254,-0.272470,-0.851972
-0.006045,0.014285,0.010893,-0.332805,-0.221796,-0.647384
-0.018167,0.012723,0.010782,-0.013145,-0.300902,-0.734237
-0.009925,0.009539,0.011080,0.097894,-0.426245,-0.415039
-0.017431,0.011508,0.003393,0.326424,-0.106031,-0.978667
-0.005592,0.007451,0.002454,0.512738,0.185338,0.293180
-0.007663,0.024041,0.002733,0.307861,0.087079,-0.077241
-0.012061,0.006509,-0.001291,0.423091,-0.197141,0.006967
-0.025237,0.012014,0.005963,0.047397,-0.645299,-0.567217
-0.023307,0.007573,0.007053,0.034937,0.305259,-0.154972
-0.034162,0.011948,0.009899,0.048539,-2.902340,-0.397912
-0.030975,0.003007,0.010286,-0.335969,-0.835162,-0.246772
-0.017861,0.017125,0.002228,-0.261858,-0.228502,0.337489
-0.034027,0.015490,0.000334,-0.691175,-1.130141,0.130091
-0.029603,0.000151,-0.008870,-0.389588,-0.257092,0.002648
-0.036204,0.011118,0.001729,-0.498089,-0.737348,-0.018764
-0.046550,0.007284,-0.013958,-0.233849,0.156338,-0.390898
-0.043983,0.010412,-0.032156,-0.210376,0.119187,-0.870908
-0.066776,-0.009240,-0.009277,-0.273048,0.247291,-1.320875
-0.050876,0.008689,-0.012127,-0.053256,0.470914,-0.669406
-0.069547,0.002449,0.007509,0.308081,0.332319,-0.785582
-0.058511,0.011518,0.002379,-0.007476,0.089987,-0.797789
-0.090748,0.008226,0.038200,-0.029616,-4.378098,-1.093278
-0.066360,0.018057,0.014297,0.006662,-1.239489,-0.900822
-0.080828,0.012030,0.016145,0.187517,-1.598224,-0.889212
-0.074953,0.016655,0.021584,-0.104363,-1.540472,-0.619113
-0.076351,0.030215,0.015127,0.036929,-1.184613,-0.185880
-0.073272,0.019869,0.008399,-0.080638,-1.523758,-0.113460
-0.090948,0.030730,0.002457,0.014261,-1.068474,-0.068383
-0.076496,0.029815,-0.016578,-0.180877,-0.062157,0.046083
-0.092379,0.034036,-0.012868,-0.090272,0.036680,-0.435914
-0.082726,0.024796,-0.012914,-0.044833,0.172222,0.153465
-0.083681,0.037167,-0.015616,-0.211276,0.231956,-0.308893
-0.094841,0.026309,-0.005693,-0.220010,0.148463,-0.533301
-0.084403,0.036061,-0.034585,-0.080828,0.513293,-0.366356
-0.099883,0.034390,-0.010669,-0.470959,0.465961,-0.112249
-0.097585,0.044202,-0.023812,-0.544335,0.141002,-0.779402
-0.108342,0.032999,-0.007272,-0.712819,-0.022548,-1.022466
-0.104190,0.025810,-0.012241,-0.410152,0.048434,-0.861807
-0.095107,0.027924,-0.009330,-0.505786,0.158609,-0.811090
-0.092731,0.027399,-0.019246,-0.160011,0.671077,-0.465509
-0.090354,0.034459,-0.012484,0.067636,0.098147,-0.430748
-0.083733,0.039787,-0.009671,0.103133,0.072774,-0.259792
-0.091756,0.036727,-0.004177,0.194174,-0.393490,-0.824516
-0.088319,0.027084,0.009396,0.356911,-0.436913,-0.447570
-0.080454,0.040036,-0.015353,0.809116,-0.347910,-0.124279
-0.095993,0.029197,0.007621,0.333980,-0.466111,-0.298012
-0.078882,0.040696,-0.012527,0.405297,-0.413021,0.059761
-0.093456,0.040922,0.003110,-0.011241,-0.723795,0.529084
-0.073752,0.044737,-0.020661,-0.188259,-0.221884,0.426934
-0.090741,0.031492,-0.000753,-0.394193,-0.760073,-0.155252
-0.073115,0.034144,-0.033000,-0.354797,-0.240656,0.039636
-0.088654,0.029480,-0.022509,-0.524391,-0.489583,0.051354
-0.080884,0.032877,-0.028447,-0.629757,0.143605,0.232276
-0.086094,0.030363,-0.012717,-0.418719,-0.103700,0.302133
-0.077231,0.024586,-0.017799,-0.616887,0.048832,0.324851
-0.075603,0.027839,-0.015767,-0.361112,-0.030515,0.157824
-0.066307,0.019153,-0.019903,-0.237443,-0.090173,0.282954
-0.071887,0.028676,-0.015731,-0.354626,-0.502802,0.255788
-0.055587,0.013836,-0.017122,0.034658,-0.395857,0.333802
-0.060218,0.024609,-0.005785,0.123484,-0.217282,0.257318
-0.059391,0.016563,-0.016410,0.222364,-0.410766,0.195145
-0.066632,0.019199,-0.009868,0.216774,-0.867773,0.500845
-0.058429,0.016176,-0.015632,0.059821,-0.307559,0.731562
-0.044531,0.034971,-0.035517,0.000284,0.227170,0.961339
-0.061003,0.013291,-0.021442,-0.402458,-0.235595,1.019373
-0.052041,0.025091,-0.050226,-0.211808,0.154506,1.262867
-0.068181,0.015277,-0.019574,-0.722269,-0.013055,0.362153
-0.047807,0.028859,-0.038888,-0.429249,0.129626,0.807553
-0.057208,0.019199,-0.021314,-0.730170,0.000084,0.585296
-0.049970,0.023361,-0.026438,-0.938956,0.312149,0.697204
-0.058081,0.020913,-0.022837,-0.553562,-0.124606,0.377915
-0.050249,0.013809,-0.017651,-0.458036,-0.239895,0.281257
-0.059253,0.021677,-0.008880,-0.072658,-0.435502,-0.239345
-0.049432,0.018825,-0.013512,0.082617,0.030683,-0.359665
-0.057782,0.027415,0.005392,-0.156791,-0.629474,0.103585
-0.051694,0.011686,0.004847,0.249828,-0.223929,0.171827
-0.052386,0.027261,0.000429,0.064098,-0.519434,0.090711
-0.054139,0.019872,-0.012931,0.229480,-0.464893,0.463065
-0.054484,0.028830,-0.002342,-0.050876,-0.618340,-0.156299
-0.055403,0.020578,-0.007420,0.362163,-0.280909,0.189175
-0.049330,0.041687,-0.019689,-0.112612,-0.240079,0.116137
-0.064055,0.027244,-0.010751,-0.438496,0.055131,0.013981
-0.061298,0.038694,-0.028309,-0.169530,-0.253369,0.079843
-0.075403,0.022386,-0.008903,-0.530181,-0.680808,0.044786
-0.057389,0.030668,-0.018084,-0.496093,0.387267,-0.482560
-0.073154,0.031249,-0.010525,-0.870274,-0.110701,-0.412037
-0.054274,0.028019,-0.011539,-0.465993,0.208233,-0.586183
-0.073876,0.033186,-0.012721,-0.545868,-0.577927,-0.562448
-0.063950,0.035214,-0.005591,-0.474688,0.319767,-0.564864
-0.070945,0.032286,0.000780,-0.060707,-0.502080,-0.939348
-0.059827,0.031003,-0.009442,0.160805,0.057432,-0.610546
-0.054267,0.043594,-0.001636,0.219173,0.372106,-0.683580
-0.064594,0.026942,-0.010942,0.413349,0.198727,-0.361888
-0.055987,0.047333,-0.000940,0.119857,-0.236228,-0.812134
-0.071894,0.024024,0.005182,0.427437,0.147029,-0.885555
-0.068418,0.037610,-0.010203,0.401526,-0.550167,-0.594488
-0.068654,0.035923,0.008697,0.013945,-0.662745,-0.224587
-0.062434,0.045764,-0.014309,-0.348048,-0.265531,-0.577561
-0.063855,0.043168,0.003504,-0.549032,-0.359405,-0.545311
-0.056125,0.036786,-0.014382,-0.551064,0.251496,-0.666702
-0.053640,0.032890,-0.011585,-0.701557,-0.336175,-0.692938
-0.051736,0.027763,-0.032383,-0.764839,0.557012,-0.564217
-0.048349,0.041766,-0.008270,-0.590762,-0.121327,-0.751385
-0.047233,0.029030,-0.024094,-0.235438,0.438086,-0.699365
-0.052678,0.038122,-0.008332,-0.440154,-0.039282,-1.023089
-0.054146,0.013196,0.004916,-0.017379,-0.081150,-0.935878
-0.050322,0.030442,-0.015698,0.184941,0.064420,-0.929116
-0.055931,0.025439,0.019585,-0.016913,-0.631903,-0.777395
-0.045976,0.029371,0.022956,-0.091155,-0.164753,-0.520275
-0.039824,0.029174,0.003521,0.140822,0.061213,-0.439701
-0.037369,0.023798,-0.004383,0.103855,0.348439,-0.598952
-0.039736,0.035257,-0.009369,-0.050925,0.223503,-0.412595
-0.031296,0.025065,-0.006484,-0.148716,0.123697,0.029071
-0.031894,0.030261,-0.013833,-0.346676,-0.063572,-0.394692
-0.052225,0.023092,-0.002722,-0.635754,-0.351800,-0.343207
-0.039312,0.021585,-0.020395,-0.438801,0.016309,-0.450717
-0.039604,0.015500,-0.000700,-0.887845,-0.434547,-0.299862
-0.033683,0.011439,-0.007374,-0.841386,0.025569,-0.575144
-0.040061,0.022127,-0.001167,-0.588123,-0.530013,-0.545015
-0.029603,0.018195,-0.005900,-0.320617,0.042132,-0.649301
-0.030266,0.034840,0.007388,-0.221396,-0.616725,-0.119975
-0.026609,0.016383,0.007955,0.252168,0.077018,-0.944648
-0.030709,0.024714,0.006646,0.270813,0.003114,-0.835504
-0.029970,0.013580,0.007427,0.211716,-0.022512,-0.654664
-0.032823,0.017174,0.022116,0.244484,-2.113786,-0.733883
-0.027627,0.005964,0.009849,0.514110,-0.498249,-0.651992
-0.019378,0.023992,0.002175,0.316819,0.197050,-0.136545
-0.027922,0.008594,0.008333,0.435988,0.211952,-0.638462
-0.015239,0.025761,-0.007882,0.421811,0.643941,-0.404195
-0.027889,0.013593,0.010145,-0.169152,-0.156390,-0.223700
-0.018679,0.030927,-0.014894,-0.178773,-0.128768,-0.423807
-0.034188,0.016593,0.007972,-0.332975,-0.336832,-0.749836
-0.018781,0.030652,-0.028608,-0.647689,0.205450,-0.219863
-0.024180,0.026056,-0.020513,-0.675642,0.770932,-0.412979
-0.013969,0.031364,-0.032724,-0.653482,1.815775,-0.298924
-0.031175,0.029066,-0.022795,-0.371452,1.556807,-0.706343
-0.028890,0.013524,-0.027209,-0.149586,0.741124,-0.603586
-0.027748,0.028443,-0.026730,-0.338309,0.671051,-0.814260
-0.025880,0.021146,-0.011122,0.065516,0.330580,-0.831897
-0.027870,0.029975,0.006997,0.488396,0.639926,-1.195975
-0.037533,0.014338,0.003531,0.643734,0.612561,-0.813338
-0.027584,0.032073,-0.008733,0.753177,0.231437,-0.653273
-0.037136,0.020755,0.015879,0.170439,-0.822449,-0.805867
-0.025976,0.028636,0.008527,-0.090180,-0.601636,-0.381549
-0.036279,0.033022,0.013660,-0.157480,-1.443805,-0.241652
-0.027939,0.042413,-0.003097,-0.472591,-0.798142,-0.081016
-0.030161,0.034801,-0.005680,-0.255897,-0.508917,-0.324871
-0.020701,0.030793,-0.014303,-0.426692,-0.320045,-0.266116
-0.037694,0.030770,-0.005253,-0.463807,-0.532800,-0.552949
-0.033197,0.022981,-0.021698,-0.547703,0.088513,-0.851342
-0.030647,0.037374,-0.033604,-0.360374,0.444077,-0.379409
-0.037382,0.024090,-0.028795,-0.078964,1.071626,-0.554705
-0.039204,0.027960,-0.011926,0.368889,0.461142,-0.814559
-0.042191,0.015966,-0.003504,0.444388,0.374102,-1.138106
-0.045083,0.030074,-0.024281,0.556326,-0.302087,-0.801163
-0.065020,0.019051,0.015774,0.227455,-1.724673,-0.588287
-0.046176,0.031735,0.013004,0.062962,-1.669988,-0.502708
-0.045194,0.037193,0.014126,-0.160529,-0.837945,0.001465
-0.044246,0.035808,-0.003024,-0.271784,-1.366247,0.304296
-0.045464,0.035447,-0.016515,-0.235477,-0.609524,-0.192294
-0.043396,0.032437,-0.029412,-0.365872,-0.246155,0.103116
-0.041567,0.044822,-0.030321,-0.750702,-0.089638,0.371340
-0.059046,0.027208,-0.031673,-0.513034,0.283129,-0.309582
-0.042335,0.037144,-0.048818,-0.462313,1.540047,-0.414968
-0.062398,0.027976,-0.018819,-0.335204,0.589741,-0.587191
-0.054812,0.024957,-0.014414,-0.210780,0.524526,-0.588228
-0.068723,0.022239,-0.016220,-0.236501,-0.174607,-0.622327
-0.068322,0.021385,-0.011267,-0.087639,-0.199931,-0.586131
-0.061196,0.031105,-0.006957,0.206506,0.099713,-0.408213
-0.068165,0.018467,-0.003720,-0.061794,-1.170909,-0.284271
-0.067843,0.026933,0.001157,0.108982,-0.746070,-0.450317
-0.071365,0.024595,-0.004833,0.132527,-1.918567,-0.278491
-0.072855,0.030087,0.000806,0.037779,-1.780629,-0.307006
-0.063153,0.032099,-0.025939,-0.302767,-1.222243,0.171781
-0.073134,0.041001,-0.002811,-0.463095,-1.578992,-0.394624
-0.077444,0.027609,-0.015586,-0.088893,-0.985681,0.323656
-0.074950,0.039829,-0.024334,-0.280703,-0.312296,0.115234
-0.086179,0.026201,-0.017487,-0.192536,-0.330159,0.121372
-0.073564,0.042800,-0.038068,-0.462024,0.308505,-0.093339
-0.091070,0.023644,-0.018629,-0.524857,-0.143198,-0.422594
-0.088949,0.033809,-0.034270,-0.124370,-0.352112,0.134692
-0.102059,0.023886,-0.005119,-0.590066,-0.342514,-0.410718
-0.090206,0.026112,-0.032760,-0.523882,0.064929,-0.286202
-0.100228,0.021001,-0.013824,-0.483886,-0.066815,-0.354542
-0.087482,0.025574,-0.003143,-0.286959,0.237683,-0.348686
-0.087919,0.029194,-0.008939,-0.396336,-0.137568,-0.010671
-0.082197,0.029247,-0.011962,-0.234253,0.176308,-0.128271
-0.090548,0.037328,0.002602,0.259876,-0.789116,-0.116454
-0.094565,0.024120,0.010959,0.033640,-0.378443,-0.359735
-0.087305,0.024861,-0.001944,0.480019,-0.438830,-0.236877
-0.090282,0.015483,-0.000996,0.157582,-0.491448,-0.070030
-0.090177,0.033051,-0.014126,0.355903,-0.753216,0.102009
-0.103750,0.026506,0.015607,0.227645,-0.672041,-0.111777
-0.074973,0.026759,-0.005939,0.093531,0.526896,0.036301
-0.085247,0.034531,-0.006093,-0.032596,0.098570,0.118625
-0.076138,0.026903,-0.006343,-0.106540,-0.346466,0.088699
-0.073167,0.032148,-0.002548,-0.346364,-0.543642,-0.021611
-0.081012,0.031505,-0.012012,-0.340036,-0.212953,-0.114494
-0.068345,0.030550,-0.029858,-0.210902,0.076798,0.538032
-0.090321,0.018543,0.002477,-0.501706,-0.605506,-0.370885
-0.076259,0.024947,-0.006284,-0.575292,-0.003842,-0.289067
-0.077146,0.034945,-0.007981,-0.013164,-0.100454,0.073252
-0.078705,0.015050,-0.007331,0.100750,0.034179,-0.273879
-0.046593,0.032821,-0.036784,0.964516,4.856881,-0.200189
-0.076259,0.018516,-0.001334,0.209113,-0.092730,-0.248306
-0.062204,0.027763,0.008238,0.239817,1.199477,-0.199834
-0.067856,0.029536,0.015006,0.241221,-2.205156,-0.263549
-0.073571,0.017095,0.010978,0.590745,-2.401751,-0.293272
-0.056804,0.023624,-0.015005,0.603399,0.235583,-0.182516
-0.075179,0.013855,0.019313,0.294082,-0.429495,-0.146064
-0.053798,0.021375,0.010611,-0.068976,-0.439726,-0.426388
-0.058304,0.021612,0.026741,-0.029373,-2.036373,0.165814
-0.054963,0.009030,0.012633,0.151276,-1.851267,0.109379
-0.048894,0.029782,0.011973,-0.146408,-2.186794,0.020566
-0.060563,0.014269,0.005845,0.032048,-0.659148,-0.025146
-0.038324,0.025071,-0.012448,0.191689,-0.170760,0.443836
-0.050499,0.025413,0.002575,-0.189841,-0.925179,0.153245
-0.044548,0.027162,0.002956,-0.346811,-0.910799,0.259540
-0.046826,0.031019,-0.021980,-0.482471,-0.423587,0.152592
-0.057743,0.013645,-0.017323,-0.520790,-0.181733,0.099000
-0.041991,0.026992,-0.039893,-0.394945,0.215373,-0.308814
-0.059427,0.011354,-0.010085,-0.654871,-0.238152,-0.329641
-0.047669,0.022344,-0.024774,-0.635465,0.122703,-0.142919
-0.049176,0.016563,-0.009080,-1.041975,-0.670275,-0.348354
-0.038176,0.014341,-0.017982,-0.702841,0.182023,-0.619431
-0.048368,0.013438,-0.011362,-0.503682,-0.329742,-0.883490
-0.053240,0.010353,0.001876,-0.398129,-0.198165,-0.276649
-0.032429,0.021940,-0.018547,-0.209845,-0.319993,-0.602500
-0.051241,0.017545,0.012223,-0.255864,-0.860154,-0.561440
-0.049337,0.015355,0.009839,-0.194128,-0.678202,-0.728930
-0.042480,0.016639,0.003780,0.132425,-0.198382,-0.745500
-0.035432,0.007199,-0.008726,0.571976,0.290849,-0.495479
-0.045680,0.028672,-0.005161,0.378693,0.030312,-0.588074
-0.049613,0.014860,-0.006550,0.214516,0.022789,-0.436721
-0.032967,0.037193,-0.023920,0.203917,0.127085,-0.254394
-0.051204,0.031269,0.007407,-0.380741,-0.886509,-0.419380
-0.031510,0.023896,-0.015616,-0.224599,0.432020,-0.956846
-0.042004,0.027615,-0.015077,-0.564473,0.080254,-0.732354
-0.047101,0.022025,-0.012973,-0.465386,-0.134437,-0.657744
-0.033785,0.019055,-0.022998,0.278264,-0.074726,-1.075135
-0.056637,0.013941,-0.008562,-0.648897,-0.381913,-1.154561
-0.042046,0.024205,-0.015439,-0.478949,-0.052382,-0.945417
-0.045464,0.021855,-0.016466,-0.314203,0.200543,-1.201998
-0.040711,0.021828,-0.026727,-0.195901,0.221800,-1.169594
-0.033804,0.036448,-0.008907,0.140506,0.244590,-1.056465
-0.041958,0.022879,0.005126,0.466574,0.108785,-0.729216
-0.029842,0.032441,-0.024859,0.557501,0.094579,-0.955284
-0.044265,0.020473,0.002789,0.410270,-0.484210,-1.155312
-0.027860,0.046850,-0.004341,0.327205,0.103681,-0.265332
-0.040730,0.034948,-0.001193,-0.078514,-0.684035,-0.528744
-0.034198,0.038109,-0.002732,0.089136,-0.350681,-0.782552
-0.036742,0.034039,0.001043,-0.101081,-0.711883,-0.612984
-0.036082,0.031833,0.001105,-0.775855,-0.171955,-0.748286
-0.030394,0.034748,-0.000871,-0.243559,-0.046054,-0.612459
-0.019138,0.038178,-0.015297,-0.815307,0.315513,-0.731703
-0.039910,0.034433,-0.008181,-0.418463,-1.308841,-0.785404
-0.022372,0.039816,0.000829,-0.609097,-0.314098,-0.590296
-0.031362,0.030911,-0.011569,-0.203352,-0.270940,-1.109040
-0.031004,0.020023,-0.019512,-0.565116,-0.082305,-0.958947
-0.028618,0.032690,-0.029336,-0.302035,-0.009940,-1.356627
-0.023639,0.022728,-0.019906,0.203680,0.750348,-0.787705
-0.025237,0.026184,-0.003576,0.288689,0.302085,-1.215788
-0.021922,0.014607,-0.004462,0.595754,0.219410,-0.884343
-0.031310,0.029647,-0.015665,0.041899,-0.332476,-1.266337
-0.025224,0.016186,-0.012796,0.091168,-0.206211,-1.060879
-0.033443,0.033842,-0.007190,0.007453,-1.293420,-0.691848
-0.031280,0.020427,0.005681,0.126077,-1.099247,-0.795918
-0.018482,0.029742,-0.010252,0.170642,-0.825272,-1.010107
-0.026914,0.022160,0.002598,0.149179,-0.157374,-0.450825
-0.013716,0.034318,-0.026320,0.042742,-0.715560,-0.248614
-0.031904,0.028121,0.005523,-0.321329,-1.116930,-0.592114
-0.016453,0.031210,-0.020031,0.085007,-0.161018,-0.242784
-0.038603,0.026765,-0.004830,-0.504384,-0.584036,-0.605622
-0.022861,0.039491,-0.020083,-0.716249,-0.214338,-0.202049
-0.037129,0.027441,-0.018081,-0.848706,-0.642962,-1.045895
-0.028812,0.028180,-0.022384,-0.558929,0.139069,-0.800293
-0.033781,0.030986,-0.041002,-0.670669,-0.035704,-0.526023
-0.026409,0.026145,-0.026208,-0.433487,0.401756,-0.576109
-0.030535,0.031702,-0.021767,-0.504276,0.447536,-0.639030
-0.027532,0.018635,-0.015934,-0.506006,0.201380,-0.860043
-0.036095,0.030067,-0.014306,-0.315181,-0.372059,-0.853915
-0.045982,0.022144,-0.002834,-0.024906,-0.316202,-1.084661
-0.035478,0.036228,-0.026195,0.471931,-0.059315,-0.559061
-0.051982,0.028781,0.013273,-0.196042,-0.721051,-0.715636
-0.033361,0.030730,-0.013390,0.328623,-0.009983,-0.374138
-0.043842,0.029864,0.019437,0.677155,-0.111985,-0.423273
-0.046094,0.028659,0.027509,0.195303,-0.272641,-0.744138
-0.054444,0.033701,0.024085,0.313534,-0.382560,-0.423959
-0.033519,0.034049,0.014809,0.238861,0.087121,-0.249382
-0.040852,0.036176,0.010214,-0.075938,-0.385793,-0.259420
-0.040812,0.038556,-0.016148,-0.290776,-0.041698,0.157676
-0.045926,0.041175,-0.010328,-0.122988,-0.240505,-0.401300
-0.033082,0.034275,-0.013082,-0.345793,1.167267,0.277147
-0.034408,0.044612,-0.023727,-0.389266,1.808691,-0.192389
-0.033003,0.037003,-0.022315,-0.368097,1.691019,0.445018
-0.044951,0.042278,-0.026642,-0.589564,0.578020,-0.265194
-0.055777,0.026683,-0.025201,-0.151713,0.226018,-0.178452
-0.048411,0.043890,-0.030928,-0.190879,0.310478,-0.104187
-0.065690,0.018136,-0.006625,0.226772,0.269178,-0.851277
-0.056584,0.034594,-0.029678,0.141875,0.427389,-0.913824
-0.066491,0.024730,0.002418,-0.350707,-0.024455,-0.586738
-0.054385,0.025958,-0.018376,0.491576,0.547585,-0.606318
-0.061406,0.023427,0.014238,0.487969,-0.222505,-0.085300
-0.049238,0.031607,0.013214,0.404546,-0.075570,-0.006652
-0.059706,0.026690,0.021978,0.416211,-0.417517,-0.287390
-0.051595,0.031827,0.022290,-0.236872,-0.635284,0.411931
-0.058081,0.031072,0.001276,0.282295,-1.415382,0.274902
-0.051815,0.024113,-0.004163,0.270754,-0.844047,0.490480
-0.052166,0.045948,-0.012809,-0.356963,-0.167343,0.445900
-0.059627,0.022111,-0.026927,-0.113164,0.231499,0.487003
-0.060093,0.040190,-0.027331,-0.509557,0.143395,0.414228
-0.067430,0.022830,-0.036062,-0.671227,0.679739,0.473155
-0.060648,0.031206,-0.028614,-0.718859,0.133919,-0.007969
-0.070604,0.017607,-0.026891,0.056030,0.213948,-0.044519
-0.069051,0.028659,-0.012173,0.063205,0.334079,-0.165418
-0.075166,0.016993,0.006088,0.027604,0.299984,-0.237503
-0.065460,0.027507,-0.017004,-0.235861,0.422967,-0.378455
-0.070577,0.015858,-0.010348,-0.013847,0.278852,-0.140658
-0.064019,0.037952,-0.027492,0.555535,-0.221054,0.017040
-0.085998,0.021041,0.012334,0.285817,-0.256337,-0.404658
-0.065838,0.037781,-0.010991,0.444657,0.028566,-0.206031
-0.086441,0.030481,-0.015997,0.145617,-0.355690,-0.069659
-0.068342,0.032746,-0.008289,0.324973,0.057363,0.101175
-0.079420,0.033028,-0.002949,0.042411,-0.159229,-0.201830
-0.062870,0.041677,0.002461,0.174355,-0.129283,0.480776
-0.076561,0.035277,-0.005939,0.123362,-0.641675,-0.031911
-0.070246,0.028246,-0.008778,0.197821,-0.380131,0.219084
-0.070269,0.038858,0.013197,0.164498,-0.452643,-0.026269
-0.069140,0.033468,0.004627,0.060014,-0.837400,0.300692
-0.064761,0.045856,-0.005122,-0.295772,-0.339320,-0.036293
-0.062109,0.039173,-0.012865,-0.524168,-0.806332,0.358433
-0.067732,0.051282,-0.003510,-0.492981,-0.604016,0.015005
-0.066126,0.034036,-0.013335,-0.154883,-0.013377,-0.165723
-0.057103,0.053616,-0.048558,-1.054360,0.467228,0.286692
-0.072603,0.044779,-0.032744,-0.934410,0.348121,0.011486
-0.064692,0.051495,-0.053055,-0.721793,1.122044,-0.575254
-0.068917,0.043033,-0.048427,-0.751467,1.580437,-0.083262
-0.069314,0.049128,-0.039397,-0.525205,0.737408,-0.482702
-0.083070,0.036176,-0.019824,-0.575590,0.168066,-0.692151
-0.066110,0.044983,-0.004232,-0.657389,0.317834,-0.659179
-0.067896,0.039248,-0.004321,-0.456264,-0.235172,-0.678735
-0.060881,0.035339,-0.022558,-0.339747,0.218018,-0.610556
-0.062614,0.049365,-0.011139,-0.222295,-0.480330,-0.585862
-0.053062,0.036271,-0.016440,-0.120999,0.153696,-0.403801
-0.053509,0.044707,-0.015590,-0.094447,0.505704,-0.225861
-0.058291,0.029253,0.001079,0.705010,0.050401,-0.681571
-0.044978,0.041828,0.001945,0.327746,-0.142603,-0.864275
-0.057461,0.031384,0.000412,0.771125,0.057671,-0.620981
-0.041328,0.049273,-0.010423,0.255369,0.077418,-0.154461
-0.067879,0.019426,0.009620,0.520879,-1.351148,-0.896230
-0.050935,0.036977,-0.008198,0.475391,-2.816550,-0.529525
-0.047417,0.033645,0.001197,0.123835,0.128693,-0.501155
-0.030322,0.044503,-0.022998,0.009816,-0.702413,0.249801
-0.040596,0.032066,0.004345,0.084075,-0.900348,-0.076575
-0.028500,0.044359,-0.013256,-0.030666,-1.517689,0.055248
-0.035002,0.042836,-0.012885,-0.237040,-0.542634,0.100605
-0.029215,0.031892,-0.030078,-0.034467,-0.558518,-0.218051
-0.044344,0.015562,0.006065,-0.233360,-0.713465,-0.482107
-0.023668,0.039120,-0.044045,-1.168628,-0.561305,-0.776430
-0.036200,0.024553,-0.029780,-0.942744,-0.448208,-0.529292
-0.025480,0.020821,-0.020963,-0.392092,0.083494,-0.479760
-0.034999,0.022075,-0.026061,-0.937016,-0.385330,-0.402616
-0.014001,0.030688,-0.062578,-2.259711,-0.252611,-0.001242
-0.031956,0.026877,-0.026957,-0.829241,-0.516020,-0.138192
-0.017514,0.024014,-0.005256,-0.704767,-0.173242,-0.538249
-0.021150,0.019183,0.005713,-0.381103,-0.584663,-0.487989
-0.007903,0.025002,0.001217,-0.177746,-0.258657,-0.314216
-0.028818,0.006772,0.011714,-0.017382,-0.763742,-0.797152
-0.008172,0.024284,-0.000103,0.084459,-0.089290,-0.692681
-0.035967,0.009260,0.005175,0.392811,-0.384696,-0.971499
-0.016398,0.028735,0.003895,0.226674,-0.004433,-0.554294
-0.027696,0.018812,0.014172,0.145702,-1.714035,-0.419258
-0.015222,0.017010,-0.003628,0.085250,-0.177706,-0.607351
-0.017845,0.021792,0.005992,-0.109481,-0.726822,-0.702178
-0.007620,0.022754,0.000901,-0.148529,-0.444115,-0.425813
-0.021475,0.024822,0.010332,-0.271748,-1.520420,-0.224218
-0.004023,0.020469,-0.012566,-0.355378,-0.464788,-0.218651
-0.014110,0.028587,0.001886,-0.284110,-0.395972,-0.469860
-0.012734,0.026873,-0.033331,-0.733046,-0.232381,-0.027636
-0.005844,0.030415,-0.029960,-0.282885,0.919196,-0.313504
-0.029882,0.019971,-0.027643,-0.300929,1.059107,-0.710456
-0.019883,0.022367,-0.044042,-0.239262,0.122621,-0.758202
-0.044695,0.013156,-0.005565,-0.668972,-0.332647,-1.255945
-0.022161,0.035579,-0.017812,-0.818297,0.107193,-0.947941
-0.040563,0.024182,-0.011798,-0.730991,-0.130544,-0.886700
-0.024295,0.026128,-0.020940,-0.716669,0.340706,-0.605110
-0.034402,0.022580,-0.019801,-0.640120,0.169491,-0.966877
-0.032051,0.026092,-0.016203,-0.411160,-0.035606,-0.856413
-0.033883,0.031226,-0.010787,-0.556910,0.098590,-0.909631
-0.046238,0.019672,-0.003983,0.087492,-0.088230,-1.169958
-0.041196,0.034938,-0.019876,0.097533,-0.256517,-0.988712
-0.045572,0.022012,0.012108,0.042595,-0.187048,-1.608003
-0.041160,0.031581,-0.000786,-0.004180,0.036923,-1.157354
-0.029856,0.035644,-0.007580,0.569790,1.875364,-1.323695
-0.038232,0.028144,0.006997,0.595997,-0.098474,-0.897086
-0.045112,0.035881,0.001985,0.233570,0.138491,-1.467902
-0.054490,0.017916,0.015193,0.490939,-0.332171,-1.569769
-0.049836,0.031823,-0.012146,0.597806,-1.077048,-1.166423
-0.065421,0.024343,0.028375,-0.154102,-1.200983,-1.235266
-0.050387,0.040893,0.013897,0.092842,-1.630838,-0.500230
-0.055183,0.041661,0.013286,0.106799,-0.681360,-0.442748
-0.050735,0.029115,0.005050,-0.012652,-1.346612,-0.549256
-0.040428,0.042462,-0.004134,-0.120963,-0.800791,-0.593237
-0.052747,0.034929,-0.005398,-0.151151,-0.451422,-0.583574
-0.036598,0.044645,-0.024984,-0.002871,-0.012813,-0.349165
-0.059873,0.031955,-0.012438,-0.539569,-0.111959,-0.514118
-0.042861,0.036934,-0.034080,0.247786,0.033023,-0.615213
-0.069819,0.029897,-0.010279,-0.779407,-0.289568,-0.807630
-0.046232,0.036829,-0.013246,-0.775402,0.238557,-0.396649
-0.057947,0.028436,-0.010121,-0.564460,0.002211,-0.917286
-0.052340,0.030510,-0.021902,-0.513201,0.117146,-0.725878
-0.067643,0.024346,0.004108,-0.338519,-1.646196,-1.182206
-0.047787,0.022314,-0.010400,0.057096,0.067062,-0.442852
-0.045949,0.029201,-0.006773,0.296061,0.075646,-0.810771
-0.049225,0.026227,-0.006136,0.654165,0.362498,-0.183123
-0.053315,0.023388,-0.007676,0.724685,0.157073,-0.727873
-0.063044,0.019849,0.009794,0.224497,-0.373434,-0.476373
-0.051539,0.031088,0.010371,0.041259,-0.622667,-0.201229
-0.044777,0.028771,0.009968,0.141691,-0.533906,-0.242394
-0.038620,0.024773,0.000599,0.087406,0.187029,-0.140238
-0.038922,0.039147,0.003462,-0.032698,0.089836,0.119351
-0.047187,0.025495,-0.002663,-0.026767,-0.345747,0.286036
-0.036138,0.038831,-0.007275,-0.252464,-0.131952,0.264625
-0.055797,0.024001,0.005825,-0.215248,-0.751213,0.155041
-0.036663,0.037000,-0.022538,-0.550122,-0.444949,0.640822
-0.052819,0.026834,-0.010883,-0.355979,-0.283479,0.174230
-0.040789,0.025465,-0.035580,-0.462911,0.744751,0.365576
-0.045129,0.025291,-0.029914,-0.548458,0.574268,0.098254
-0.051431,0.021044,-0.025890,-0.364736,0.787794,-0.043734
-0.039805,0.031581,-0.036036,-0.274643,0.712685,0.264855
-0.059125,0.024070,-0.022995,-0.400791,-0.493535,-0.145867
-0.044006,0.018579,-0.003093,-0.300532,0.281268,0.251692
-0.056824,0.027005,-0.011644,-0.118718,-0.430923,-0.377414
-0.051234,0.020863,-0.011188,0.156882,-0.448993,-0.090427
-0.046018,0.023365,-0.008861,0.696650,-0.144166,-0.550139
-0.074946,0.008029,-0.005486,0.151365,-0.340098,-0.709387
-0.058698,0.018805,-0.005119,0.332667,-0.005939,-0.513202
-0.061935,0.017965,-0.001488,0.385754,-0.562394,-0.452349
-0.046054,0.016534,0.000553,0.487056,0.050502,-0.123829
-0.060431,0.015618,0.005792,0.672947,-0.343160,-0.536129
-0.072990,0.014860,0.024666,0.418315,-2.883971,-0.056867
-0.054884,0.022659,-0.021173,0.758783,0.079473,-0.491488
-0.067817,0.024116,0.016050,0.142210,-0.429971,-0.116263
-0.052737,0.022751,0.015311,0.135465,-0.222921,0.089231
-0.061045,0.038053,0.008366,-0.343827,-1.161164,-0.161105
-0.052406,0.027152,-0.004380,-0.201231,-1.289734,0.699351
-0.062490,0.030714,-0.014060,-0.214873,-0.986604,-0.174641
-0.067298,0.017679,-0.008824,0.037435,-0.194702,-0.199319
-0.051936,0.035917,-0.045791,0.120667,-0.047662,0.082367
-0.070213,0.033389,-0.013984,-0.063632,-0.245711,-0.009121
-0.054431,0.045662,-0.014598,-0.179791,0.065467,0.091364
-0.069192,0.031942,-0.002338,-0.284274,-0.012087,0.229657
-0.055130,0.040105,-0.004544,-0.342547,-0.118645,-0.105484
-0.075537,0.036517,0.009981,-0.942974,-1.325115,-0.039733
-0.054960,0.031318,-0.003060,-0.538335,0.412263,-0.327626
-0.046708,0.048449,-0.012071,-0.354334,0.905748,0.322996
-0.052199,0.036448,-0.012241,-0.333468,-0.661688,0.024957
-0.052938,0.045331,-0.014365,-0.528123,-0.461666,-0.341209
-0.051608,0.019872,-0.026468,-0.031099,0.318625,-0.282285
-0.045299,0.037223,-0.020001,-0.392965,0.363496,-0.793145
-0.047778,0.025193,-0.009937,-0.050295,0.269628,-0.506085
-0.060120,0.030573,0.001384,0.035596,-0.222685,-0.935324
-0.058386,0.020158,-0.005897,-0.177260,0.286549,-0.591872
-0.056463,0.037233,-0.024455,-0.102046,0.199456,-0.592926
-0.070131,0.031492,0.003964,-0.046763,-0.343679,-0.365089
-0.055340,0.022938,0.007650,-0.130544,-0.152795,-0.435178
-0.052751,0.025429,0.013296,0.358979,-0.437022,-0.089852
-0.045339,0.036258,0.008943,-0.110426,-0.199130,-0.199236
-0.055665,0.027573,0.001335,0.082660,-0.546672,-0.515069
-0.047646,0.031009,-0.008972,-0.026530,-0.234535,0.162882
-0.041613,0.030143,-0.014027,0.099404,0.177923,0.226772
-0.047062,0.028124,-0.016614,-0.090262,0.094543,-0.144013
-0.043609,0.037154,-0.028985,0.035232,1.568745,-0.203773
-0.050620,0.018434,-0.015081,-0.275287,0.004069,-0.193384
-0.040845,0.034338,-0.018176,-0.532160,0.255766,-0.130427
-0.053568,0.023361,-0.014323,-0.474580,-0.328662,-0.559740
-0.042335,0.032411,-0.033860,-0.331295,0.414039,-0.269654
-0.053656,0.028111,-0.002847,-0.526511,0.748447,-0.337463
-0.030771,0.038480,-0.018110,-0.315946,1.400024,-0.187646
-0.047098,0.029565,-0.011332,-0.015518,1.726906,-0.647243
-0.043363,0.029247,-0.004275,-0.507769,0.002828,-0.498368
-0.053384,0.023591,-0.008198,-0.006104,0.074300,-1.228941
-0.045441,0.024612,-0.005059,0.026307,0.145673,-0.805276
-0.052291,0.023463,0.011674,0.070075,-0.191856,-0.956521
-0.040425,0.029132,0.008674,0.484654,0.264645,-0.540544
-0.042670,0.024454,0.021627,0.195179,-0.083254,-0.803907
-0.039782,0.023841,0.017245,0.291229,-0.844625,-0.546174
-0.044974,0.035076,0.006987,0.042995,-1.677619,-0.660130
-0.042657,0.020473,-0.001639,0.288853,-0.267142,-0.224255
-0.032948,0.033156,0.003225,0.300200,-0.443813,0.027236
-0.048319,0.021963,0.006672,0.259055,-0.204776,-0.595223
-0.025227,0.034909,-0.020155,0.160359,-0.330713,-0.505392
-0.053597,0.023109,0.007256,-0.434541,-0.436431,-0.859473
-0.030121,0.037532,-0.023812,-0.302409,0.325426,-0.563124
-0.038784,0.033547,0.005947,-0.669370,-0.989968,-0.630536
-0.027226,0.026128,-0.018025,-0.381007,0.285476,-0.352802
-0.031704,0.031262,-0.006674,-0.478962,-0.262642,-0.454534
-0.029619,0.018809,-0.013935,-0.497665,-0.329535,-0.786609
-0.025405,0.027871,-0.038005,-0.248292,0.215159,-0.872747
-0.028999,0.031577,-0.001295,-0.568083,0.073683,-0.683347
-0.017113,0.027773,-0.021866,-0.427405,0.564542,-0.713620
-0.011083,0.036261,-0.014388,-0.305127,0.982915,-0.721190
-0.020760,0.023575,-0.008001,-0.065700,1.265431,-0.564568
-0.015213,0.034039,-0.041606,0.298648,1.087878,-0.889477
-0.023274,0.022203,-0.002627,0.150777,1.123567,-0.890478
-0.014947,0.033763,0.006265,0.171640,0.340050,-0.619355
-0.019056,0.032017,0.007877,0.271407,0.364687,-0.922495
-0.026511,0.012720,0.012643,0.682627,-1.969067,-0.872707
-0.017254,0.021251,-0.014188,0.895769,0.560777,-1.012306
-0.026655,0.015766,0.018827,0.280689,-0.453109,-0.479225
-0.013522,0.029138,0.009045,0.468563,-0.353809,-0.489742
-0.008907,0.025564,0.008024,0.615501,-1.165145,-0.409345
-0.008316,0.026535,0.012016,0.063005,-1.437378,-0.363154
-0.015564,0.032683,0.007420,-0.043034,-2.418232,-0.205088
-0.026373,0.013084,0.007601,-0.026593,-1.443145,-0.533851
-0.009199,0.031958,-0.001823,-0.070154,-1.434850,-0.166477
-0.010676,0.032135,0.012676,-0.325652,-1.334417,-0.132500
-0.006015,0.025528,-0.012268,-0.242761,-0.056006,-0.231059
-0.011989,0.038273,-0.014250,-0.307586,-0.186010,-0.302800
-0.006905,0.020000,-0.043139,-0.327792,0.149409,-0.338073
-0.014993,0.031942,-0.042611,0.001646,0.233636,-0.431183
-0.028779,0.016071,-0.016003,-0.673092,-0.598304,-0.458880
-0.019086,0.028797,-0.010771,-0.824829,-0.290103,-0.235280
-0.016946,0.031105,-0.029546,-0.651106,0.304980,-0.368945
-0.021837,0.016813,-0.025522,-0.226812,-0.073712,-0.666271
-0.022391,0.024920,-0.016476,-0.425859,0.092911,-0.829257
-0.022401,0.022669,-0.014936,-0.343784,0.215245,-0.867298
-0.018777,0.025127,-0.046461,0.286634,1.101949,-0.961668
-0.030837,0.017420,-0.004613,0.022293,0.209602,-1.033832
-0.031677,0.028009,-0.002329,-0.058061,-0.333129,-0.928519
-0.040382,0.016222,-0.005444,-0.027679,-0.205534,-0.966726
-0.018958,0.017144,-0.014254,0.343092,0.752320,-0.768460
-0.021305,0.022472,-0.008309,0.723192,0.857844,-1.277698
-0.048037,0.011495,-0.001885,0.543980,-0.435794,-0.682995
-0.037044,0.029424,-0.019798,0.355792,-1.108920,-0.927875
-0.053325,0.015185,0.020110,-0.043139,-1.318445,-0.762046
-0.044938,0.019862,0.012091,0.090256,-1.658112,-0.671740
-0.044846,0.029046,0.008195,0.009045,-0.658189,-0.651776
-0.040589,0.030701,-0.003806,-0.079489,-0.722463,-0.191673
-0.042270,0.039005,-0.008303,0.063914,-0.274131,-0.250951
-0.044147,0.024740,-0.014766,0.033246,-0.324602,-0.057070
-0.046527,0.037555,-0.018153,-0.052747,0.122808,-0.423220
-0.051369,0.031443,-0.019263,-0.191594,0.041229,-0.500387
-0.045079,0.039885,-0.044537,-0.099226,0.293088,-0.539524
-0.070400,0.030855,-0.015199,-0.617317,-0.072074,-0.781863
-0.050568,0.031860,-0.030584,-0.359143,0.585254,-0.730059
-0.063116,0.030333,-0.009904,-0.808220,-0.120253,-0.754678
-0.054198,0.035411,-0.006576,-0.660028,0.222312,-1.031673
-0.062627,0.028223,-0.004531,-0.109455,-0.242698,-0.795206
-0.063333,0.027756,-0.003891,-0.195619,-0.157660,-0.497302
-0.061541,0.040020,-0.013354,0.028034,-0.280873,-0.627716
-0.081236,0.020909,0.000416,0.174122,-0.247943,-1.190294
-0.057750,0.027422,-0.004252,0.383016,-0.054660,-0.615039
-0.054753,0.032437,0.001482,0.419212,-0.091739,-0.641161
-0.052941,0.026923,-0.010009,0.203539,0.594478,-0.467024
-0.053519,0.045583,-0.002929,-0.049310,0.161879,-0.066948
-0.060694,0.027195,-0.006573,0.152205,-0.165735,-0.231017
-0.050312,0.039504,-0.015777,-0.298493,-0.100076,-0.257648
-0.057467,0.030586,-0.006333,-0.316491,-0.322527,-0.527681
-0.049412,0.023703,-0.011867,-0.169284,0.858560,-0.113680
-0.045562,0.040112,-0.017920,-0.252871,0.652068,-0.267987
-0.063080,0.023532,-0.007229,-0.633686,0.197776,-0.157136
-0.041810,0.027317,-0.018951,-0.329742,1.585951,-0.225772
-0.044466,0.033143,-0.023589,0.115130,0.894292,-0.251818
-0.051109,0.021510,-0.021429,-0.132415,0.651573,-0.165165
-0.042644,0.028075,-0.019745,-0.171079,0.649157,-0.435198
-0.063809,0.019094,-0.013971,0.048821,0.301199,-0.786839
-0.049258,0.010389,0.001496,0.154979,0.305771,-0.569958
-0.053131,0.016550,-0.004078,0.237660,0.156420,-0.731947
-0.063596,0.002446,0.011927,0.345107,-0.219111,-0.756972
-0.054996,0.020112,0.008523,-0.059148,-0.814128,-0.333967
-0.060632,0.009775,0.015646,0.182938,-0.601485,-0.493717
-0.049957,0.007615,0.009449,0.132034,-1.551620,-0.312158
-0.043947,0.024100,-0.004252,0.223555,-0.197062,0.166500
-0.052150,0.014259,0.011107,0.202242,-0.152648,-0.013860
-0.038298,0.025587,-0.008247,0.056272,-0.194262,0.131749
-0.044807,0.030287,0.001975,0.107406,-0.538741,0.455128
-0.034461,0.025341,-0.010233,0.111253,-0.085240,0.440803
-0.043908,0.029083,-0.004150,-0.348488,-0.723063,0.002742
-0.050676,0.020046,0.006541,-0.211345,-0.507909,-0.055557
-0.044584,0.026197,-0.021613,-0.452102,-0.203352,-0.006104
-0.050876,0.021438,-0.005447,-0.533454,0.023622,-0.230735
-0.039591,0.021625,-0.015583,-0.504703,-0.313451,-0.249562
-0.038255,0.037404,-0.027121,-0.989854,-0.088424,0.157995
-0.036086,0.022629,-0.003392,-0.600307,0.501903,-0.320532
-0.035301,0.038375,-0.028056,-0.485455,0.625352,0.103634
-0.050620,0.025075,-0.002315,-0.214854,-0.602903,-0.139758
-0.045034,0.025364,-0.013850,-0.271374,0.217181,-0.168841
-0.045132,0.025964,-0.006182,-0.098307,-0.028739,-0.542704
-0.040044,0.024083,-0.012616,-0.006544,0.741114,-0.341678
-0.044256,0.029880,-0.001383,0.245269,0.389329,-0.538046
-0.060786,0.016501,0.006127,0.527450,0.213695,-0.420821
-0.047243,0.020483,-0.018422,0.352719,0.331443,-0.597219
-0.059332,0.018103,0.022119,0.181691,-0.527942,-0.613372
-0.058419,0.014755,0.027197,0.081613,-1.191290,-0.667191
-0.048290,0.023020,0.024256,0.061577,-1.559041,-0.449184
-0.053420,0.027047,0.020632,-0.127134,-1.833473,0.019588
-0.044856,0.038690,-0.007026,0.431330,-0.345415,0.158937
-0.057008,0.029578,0.009022,0.124685,-0.640576,0.041993
-0.046524,0.037220,0.011198,-0.286814,0.015751,-0.230315
-0.046038,0.038011,-0.004876,-0.056542,-0.155142,-0.124472
-0.060875,0.029815,-0.009376,-0.227169,0.047614,-0.378605
-0.057073,0.025600,-0.012639,-0.419353,-0.142738,-0.805450
-0.055777,0.030760,-0.018517,-0.573588,-0.021048,-0.369034
-0.052974,0.020266,-0.023766,-0.358631,0.234184,-0.365118
-0.045037,0.033977,-0.027482,-0.319586,0.202489,-0.340900
-0.066599,0.021014,-0.018941,-0.502106,-0.042807,-0.955071
-0.047623,0.026594,-0.029126,-0.466722,0.148670,-0.578916
-0.066556,0.020706,0.004131,-0.748690,-0.108309,-0.830381
-0.046511,0.024920,-0.004616,-0.515893,0.002090,-0.537748
-0.049455,0.031275,-0.009202,-0.509367,-0.060326,-0.850764
-0.056076,0.011938,-0.002122,-0.494875,-0.077749,-0.957181
-0.047587,0.030533,-0.011759,-0.385399,-0.111808,-0.695551
-0.055948,0.026056,-0.006123,0.035921,-0.337869,-0.406355
-0.042381,0.008725,-0.003251,0.395401,0.133988,-0.893672
-0.049724,0.020952,-0.000894,0.604387,-0.130393,-0.642073
-0.061285,0.010993,0.010109,0.773997,0.011448,-1.023178
-0.052347,0.019143,0.015508,0.442084,-1.050591,-0.882046
-0.039158,0.024110,0.007276,0.538991,1.109312,-0.392057
-0.042641,0.012487,0.000445,0.459769,-0.372758,-1.134987
-0.036155,0.031328,-0.000379,0.148565,-0.590006,-0.475595
-0.048618,0.015520,0.008208,0.091844,-0.387765,-0.316813
-0.027879,0.031961,-0.008490,0.010798,0.167413,-0.170456
-0.052307,0.015861,0.009327,-0.260381,-1.684893,-0.573533
-0.031067,0.028689,-0.015481,-0.397334,-0.561823,0.068398
-0.038889,0.026916,-0.018593,-0.244757,-0.593742,-0.228335
-0.032032,0.021549,-0.031211,-0.141773,1.102980,-0.116289
-0.031431,0.024090,-0.057618,0.131020,1.013616,-0.206146
-0.049632,0.008640,-0.015294,-0.380049,0.264478,-1.025889
-0.038154,0.023076,-0.020595,-0.848939,0.292743,-0.713056
-0.037248,0.024008,-0.022919,-0.506797,0.067387,-0.882781
-0.039102,0.012693,-0.026445,-0.467362,0.107958,-0.714530
-0.036502,0.013895,-0.014172,-0.430923,0.600780,-1.189430
-0.041534,0.004799,-0.012868,-0.380718,-0.042128,-1.169876
-0.031293,0.021878,-0.018875,-0.187951,-0.196609,-0.872228
-0.044758,0.019560,-0.005952,-0.408334,-0.265764,-0.831178
-0.028959,0.028111,0.025073,-0.180923,-0.446961,-0.407520
-0.035400,0.027179,0.003422,0.080710,-0.651198,-0.912100
-0.024006,0.022547,-0.011851,0.522359,0.348095,-0.626632
-0.034375,0.030340,-0.015570,0.406098,0.049685,-0.336114
-0.041065,0.029040,0.002608,-0.068746,-0.787347,-0.526138
-0.024220,0.030711,-0.013111,0.134125,0.196295,-0.538545
-0.039841,0.027648,-0.003641,-0.018245,-0.025145,-0.539340
-0.023402,0.028951,-0.011188,-0.177234,0.095226,-0.836311
-0.030899,0.034525,-0.015212,-0.282236,-0.458830,-0.764367
-0.029097,0.021654,-0.014431,-0.545723,-0.286200,-0.258563
-0.018088,0.044021,-0.006218,-0.727278,0.079588,-0.397824
-0.030249,0.023243,-0.024114,-0.501824,0.054563,-0.751224
-0.025352,0.035920,-0.022634,-0.484818,-0.020592,-0.811930
-0.036781,0.027487,-0.010689,-0.552387,-0.069077,-0.879820
-0.032294,0.032818,-0.036925,-0.325055,-0.017313,-1.047605
-0.036200,0.026640,-0.003970,-0.267973,-0.277912,-1.150083
-0.025191,0.024727,-0.000933,-0.189146,0.469666,-1.592979
-0.020635,0.034840,-0.003875,-0.080891,0.106169,-1.270677
-0.028805,0.012066,0.011274,0.212421,0.016611,-1.278416
-0.029747,0.027241,-0.008962,0.736466,0.517688,-1.465076
-0.031004,0.011948,-0.013357,0.566465,-0.144054,-1.422735
-0.028490,0.024599,-0.003641,0.538321,-1.201895,-1.236559
-0.039470,0.016074,0.009945,0.524857,-0.750961,-1.109955
-0.028221,0.029568,-0.003179,0.420695,-0.383433,-0.650709
-0.035823,0.023824,0.009167,0.067882,-0.573528,-0.657691
-0.022644,0.030208,-0.002319,-0.041367,-0.277285,-0.356156
-0.022194,0.032391,-0.001928,-0.192156,0.422327,-0.477954
-0.020638,0.044451,0.003403,-0.478279,-2.405388,-0.263756
-0.030929,0.039777,-0.000221,-0.647659,-2.298043,-0.160402
-0.025286,0.027405,-0.001416,-0.558577,-1.204958,-0.340765
-0.021022,0.037029,-0.008161,-0.380705,-0.361243,-0.341024
-0.039266,0.037203,-0.000517,-0.346227,0.029790,-0.710781
-0.024111,0.027530,-0.031270,-0.329407,-0.238874,-0.648155
-0.041091,0.022491,-0.001199,-0.279915,-0.171656,-0.846789
-0.031855,0.026105,-0.016706,-0.166464,0.295792,-0.811079
-0.046212,0.013146,-0.002450,-0.249181,-0.094663,-0.926382
-0.034110,0.031709,-0.007610,0.161091,0.147919,-0.358845
-0.057372,0.011344,0.020281,0.074201,-0.573584,-0.902407
-0.052055,0.013865,0.048710,-0.068253,-3.163858,-1.010875
-0.052829,0.018346,0.001417,0.747839,-0.032497,-0.328548
-0.041813,0.025731,0.027253,0.037668,-1.351607,0.078163
-0.037924,0.037115,0.022562,-0.158025,-0.522405,-0.080878
-0.025562,0.025324,0.006862,0.052826,-0.369600,0.147455
-0.026639,0.045455,0.000869,-0.208305,-0.098822,0.432945
-0.055695,0.023404,-0.005732,-0.145328,-0.758353,0.238031
-0.042555,0.039386,-0.010725,-0.125821,-0.545753,0.186329
-0.061607,0.030609,0.001423,-0.582474,-0.777430,0.055468
-0.048556,0.029401,0.003941,-0.507082,-0.313254,0.098671
-0.052537,0.031732,-0.001304,-0.391541,-0.387664,-0.157769
-0.055724,0.032916,-0.017484,-0.635764,0.278310,0.045131
-0.057494,0.034151,-0.005066,-0.784888,-0.439149,-0.190761
-0.062946,0.021011,-0.013531,-0.822151,-0.107590,0.008082
-0.051723,0.035428,-0.016548,-0.600606,0.305016,0.074726
-0.064246,0.028679,-0.003244,-0.621771,0.278484,-0.077950
-0.050272,0.041349,-0.038353,0.058600,1.637558,-0.129340
-0.066957,0.033100,0.007437,-0.439753,0.376567,-0.242575
-0.059335,0.047169,-0.013810,-0.334331,0.544949,-0.286783
-0.078098,0.031387,-0.000612,-0.356136,0.017524,-0.739349
-0.063343,0.039409,0.006255,-0.626373,0.317736,-0.343198
-0.067686,0.036616,0.009790,-0.005713,0.285479,-0.697436
-0.066044,0.027868,-0.006566,-0.138123,0.542175,-0.399603
-0.074267,0.032477,0.006058,-0.167665,-0.054030,-1.070741
-0.081239,0.015739,-0.000090,0.344733,-0.706106,-0.921797
-0.072918,0.034174,0.019775,-0.027581,-0.653981,-0.796657
-0.082158,0.026430,0.019677,-0.048487,-1.065523,-0.773769
-0.075419,0.037706,0.005415,0.194755,-1.216512,-0.094708
-0.082992,0.019009,0.006098,0.291091,-1.303280,-0.870617
-0.061630,0.037696,-0.013006,0.446331,-0.055990,-0.378740
-0.071516,0.038168,-0.010046,0.465464,-0.002781,0.212276
-0.064685,0.042025,-0.009159,0.112694,-0.124435,-0.210345
-0.069392,0.036993,0.000934,-0.182541,-0.157804,-0.178945
-0.063182,0.038241,-0.031299,0.051391,-0.202912,-0.441271
-0.075367,0.030343,-0.015051,-0.732832,0.126694,-0.448614
-0.055439,0.041257,-0.025814,-0.416008,0.484375,0.143617
-0.070981,0.032040,-0.007147,-0.897420,-0.121182,-0.444025
-0.057028,0.038713,-0.022975,-0.655531,0.552072,-0.693024
-0.064905,0.033323,-0.004551,-0.777473,-0.304099,-0.263353
-0.051772,0.032477,-0.016742,-0.541725,0.384221,-0.518864
-0.066317,0.031082,0.007217,-0.808276,-0.508382,-0.376331
-0.054113,0.021293,0.011635,-0.888738,-0.225511,-0.850718
-0.060254,0.027940,-0.000694,-0.366151,-0.202373,-0.457210
-0.039499,0.030192,-0.011680,-0.249126,0.549515,-0.500216
-0.049025,0.024783,-0.001869,0.178271,0.834552,-0.391728
-0.054018,0.016705,-0.012484,0.500373,0.511944,-0.828349
-0.047702,0.023296,-0.021646,0.355345,0.245131,-1.040916
-0.066422,0.013540,0.011340,0.082624,0.038400,-0.789833
-0.053089,0.008833,-0.008096,0.541236,0.126914,-1.278259
-0.056630,0.004569,0.022684,0.219994,-0.493942,-0.559238
-0.039493,0.024868,0.017881,0.043921,-1.200720,-0.422869
-0.048441,0.016150,0.022145,0.066891,-1.311739,-0.284612
-0.038570,0.022071,0.022342,-0.180116,-1.445488,0.022982
-0.036489,0.029969,0.021873,-0.076857,-1.960808,0.273370
-0.046580,0.015864,0.005379,0.023051,-1.953938,-0.068198
-0.023990,0.038746,-0.025220,0.497961,-0.574234,-0.013266
-0.043277,0.024720,0.006068,-0.197010,-1.048015,0.330589
-0.023113,0.037817,-0.012235,-0.225262,-0.601199,0.218300
-0.032156,0.028416,-0.011506,-0.215848,-0.345445,0.176823
-0.026530,0.029243,-0.021639,-0.274276,0.136515,0.441782
-0.025976,0.024087,-0.016650,-0.513070,0.105907,-0.338766
-0.035994,0.024369,-0.007495,-0.699374,-0.043064,0.231584
-0.034425,0.023017,-0.024794,-0.604295,0.400148,-0.341815
-0.040474,0.028390,-0.011270,-0.587069,-0.622427,-0.347642
-0.033496,0.022189,-0.018974,-0.810294,-0.418345,-0.286437
-0.027952,0.026575,-0.019850,-0.504732,-0.291042,-0.545090
-0.038859,0.008393,-0.011014,-0.394698,-0.310320,-0.706767
-0.029009,0.027953,-0.035156,-0.163103,-0.289847,-0.600636
-0.052816,0.015247,0.002871,-0.427441,-1.060731,-0.926250
-0.039939,0.019324,-0.025283,0.046734,-0.189496,-0.606590
-0.032163,0.025751,-0.009796,0.102332,-0.320574,-1.021270
-0.043698,0.003759,0.002086,0.224005,0.153141,-1.382266
-0.034526,0.029700,-0.012150,0.436064,-0.076173,-0.688270
-0.045749,0.018175,0.003672,0.296432,-0.044990,-1.023283
-0.033670,0.035769,-0.005988,0.328219,0.274775,-0.424438
-0.050358,0.016002,0.011258,0.179302,-0.248278,-0.547782
-0.035974,0.022787,-0.001669,0.061186,-0.136866,-0.794149
-0.042076,0.031718,0.003544,-0.110896,-0.558029,-0.481129
-0.037559,0.034328,0.004263,-0.498098,-0.470683,-0.317486
-0.040274,0.036274,-0.007633,-0.316166,-0.328173,-0.479251
-0.037917,0.012985,-0.016686,-0.593224,-0.049300,-0.843441
-0.043067,0.027116,0.006098,-0.893419,-0.724530,-0.902650
-0.048001,0.017630,-0.011119,-0.535374,0.021591,-0.523315
-0.030532,0.035447,-0.037139,0.050154,0.942682,-0.762861
-0.048992,0.018329,-0.008890,-0.271961,1.583142,-1.066897
-0.045523,0.023240,-0.036712,0.020622,0.597793,-1.428858
-0.039995,0.030796,-0.010971,0.091677,0.290501,-0.952001
-0.036069,0.024448,-0.012777,0.056148,0.347291,-1.002810
-0.041032,0.035004,0.027903,0.155878,0.200658,-0.648825
-0.031113,0.034472,0.003068,0.510204,0.219594,-0.981386
-0.045017,0.025475,0.018863,0.551386,-0.689710,-1.153842
-0.024837,0.035326,0.015059,0.231466,0.188618,-0.095019
-0.024417,0.047973,0.008441,-0.034162,-0.484972,-0.359321
-0.046550,0.014039,-0.001465,0.174509,-1.062878,-0.455798
-0.024879,0.032605,-0.023743,-0.087610,-0.196334,-0.714467
-0.035157,0.029263,-0.008605,-0.353724,0.107607,-0.246274
-0.035278,0.035828,-0.039098,-0.180608,0.305906,-0.851595
-0.037497,0.030468,-0.023576,-0.580783,0.534984,-0.413373
-0.027085,0.035152,-0.041462,-0.418723,1.799641,-0.533155
-0.038081,0.021329,-0.024797,-0.380666,1.416519,-1.036888
-0.033854,0.020683,-0.023244,-0.849106,1.092122,-1.338492
-0.037815,0.017118,-0.010377,-0.652511,0.473894,-1.693205
-0.042454,0.017814,-0.007738,0.130364,0.667555,-0.558404
-0.038124,0.027743,-0.016597,-0.012997,-0.269197,-1.023023
-0.046205,0.026299,0.019099,-0.247747,-0.641629,-0.204331
-0.043507,0.016563,0.011612,-0.227839,-0.846493,-1.391871
-0.043944,0.017578,0.003728,0.182006,-0.980738,-0.924951
-0.026419,0.013501,-0.000933,0.281225,-0.250812,-0.194775
-0.029695,0.029598,0.002582,0.113318,-0.594887,-0.326929
-0.042355,0.009861,-0.003090,0.492571,-0.335250,-0.556828
-0.030896,0.030176,-0.036039,0.721911,-0.264050,-0.280260
-0.046924,0.027583,-0.003234,0.101117,-0.927835,-0.267915
-0.024748,0.027031,-0.010219,-0.151933,-0.097240,-0.308899
-0.025723,0.040867,-0.013577,-0.042785,-0.228692,0.048942
-0.023678,0.024192,-0.027331,0.091070,0.380213,0.018324
-0.028152,0.032742,-0.009707,-0.342915,0.450694,-0.536093
-0.042001,0.017285,-0.015888,-0.446814,0.096765,-0.485547
-0.027472,0.027464,-0.030203,-0.516720,-0.095399,-0.121731
-0.039394,0.023634,-0.009044,-0.631549,-0.248387,-0.640416
-0.040783,0.013051,-0.012169,-0.434852,-0.148039,-0.515857
-0.044922,0.013228,-0.017198,-0.102601,-0.084521,-1.135965
-0.060947,0.002104,0.015958,-0.122985,-0.170484,-1.854613
-0.041557,0.018100,-0.019440,0.040628,0.244504,-1.112765
-0.040448,0.019245,0.001466,0.355723,-0.052763,-0.886917
-0.033929,0.010803,0.012794,0.542402,-0.227349,-0.748391
-0.041085,0.032372,0.006531,0.291978,-0.365960,-0.460318
-0.044984,0.012457,0.002851,0.491235,-0.381030,-0.295549
-0.047794,0.019422,0.002310,0.181829,-0.482438,-0.409030
-0.044997,0.024878,0.018584,-0.123799,-0.770524,-0.263651
-0.034753,0.022610,-0.006018,0.147180,0.858721,-0.060927
-0.039565,0.024996,0.003005,-0.113246,-0.527624,-0.311469
-0.040704,0.010235,-0.003159,-0.218642,0.248647,-0.256396
-0.035081,0.033563,-0.027853,-0.058826,0.568094,-0.105890
-0.048329,0.021050,-0.025046,0.239725,1.338492,0.026120
-0.042585,0.023870,-0.044252,-0.012114,0.047634,-0.603130
-0.062000,0.019163,-0.009832,-0.443229,-0.416572,-0.893210
-0.052271,0.015139,-0.017589,-0.094398,-0.162794,-0.759549
-0.061587,0.011288,-0.001534,0.201852,-0.288042,-0.895721
-0.036076,0.024595,-0.024964,-0.388386,0.915737,-0.171742
-0.047341,0.036343,0.000967,-0.144386,-0.204812,0.229952
-0.044850,0.027743,-0.013971,-0.007282,-0.070587,-0.122969
-0.053542,0.010744,-0.001495,0.403847,-0.192007,-0.717875
-0.040596,0.021185,0.001765,0.484509,-0.259967,0.239350
-0.048588,0.033245,-0.004167,0.402744,-0.476070,-0.075062
-0.057865,0.005702,-0.001347,0.594989,-0.322327,-0.042769
-0.041580,0.036475,-0.030896,0.605976,-0.469685,0.140565
-0.051067,0.031544,-0.000963,0.035186,-0.780151,0.141543
-0.046468,0.021464,-0.001025,0.162197,0.001029,0.170967
-0.057865,0.020125,-0.011027,-0.002930,0.078725,-0.419426
-0.048874,0.026942,-0.011867,0.049895,-0.266013,-0.102076
-0.041131,0.036245,-0.016177,-0.134204,-0.431835,-0.057566
-0.050660,0.017016,-0.017493,0.048917,0.038692,-0.008471
-0.045785,0.027464,-0.028384,0.186845,1.224903,-0.129819
-0.053807,0.017079,-0.012708,-0.067633,1.653241,-0.043222
-0.041118,0.030766,-0.020323,0.023622,1.784759,0.089267
-0.059171,0.027326,-0.021038,-0.425212,0.829349,-0.113939
-0.051487,0.026398,-0.031319,-0.046274,0.851739,0.072737
-0.051362,0.033839,-0.025585,-0.446315,0.156069,-0.220979
-0.053978,0.017295,-0.028877,-0.263082,0.377220,-0.664726
-0.036374,0.024934,-0.046789,0.870202,4.345983,-0.689429
-0.078212,0.014088,-0.011976,0.146293,0.267888,-0.871808
-0.062631,0.018123,-0.016515,0.430923,0.247570,-0.988919
-0.068565,0.015290,-0.000435,0.469630,-0.039505,-0.963927
-0.060802,0.013077,0.002451,0.561715,0.276531,-0.375782
-0.063661,0.020732,-0.003060,0.479553,-0.171617,-0.754599
-0.049698,0.023726,-0.021380,0.287356,-0.217850,0.276576
-0.048201,0.032644,-0.001784,0.141091,0.375723,-0.001476
-0.073377,0.019301,-0.006822,0.274502,-1.163475,0.104104
-0.052212,0.022649,-0.023612,0.033482,-0.257417,-0.212291
-0.067531,0.025318,0.002989,-0.013978,-0.785725,0.208518
-0.055613,0.030015,-0.023481,-0.142259,0.886405,-0.116631
-0.064036,0.032913,-0.004255,-0.248492,-1.282519,-0.329195
-0.049337,0.035375,-0.031394,-0.554130,0.926421,0.069520
-0.056706,0.029490,-0.030495,-0.348209,1.104195,-0.639510
-0.053624,0.022285,-0.034503,-0.070620,1.621034,-0.378976
-0.052389,0.028469,-0.031345,0.057178,1.097915,-0.693542
-0.058879,0.011627,-0.003208,0.557629,0.272175,-0.609620
-0.059089,0.021838,-0.012957,0.597927,0.466693,-0.860746
-0.057953,0.019035,0.001440,0.647955,-0.736515,-0.170341
-0.055790,0.033402,0.004210,0.074966,-1.391755,-0.266103
-0.056689,0.028104,0.017849,0.532479,-0.630820,-0.438635
-0.050459,0.031928,0.010506,0.588753,-0.362287,-0.251913
-0.048608,0.031462,0.002001,0.137464,-0.254554,0.158362
-0.041662,0.039842,-0.002916,0.087991,-0.002995,0.084271
-0.048001,0.021316,-0.003159,0.352096,-0.167734,-0.259164
-0.037100,0.037975,-0.016551,-0.042870,-0.039197,-0.072600
-0.044991,0.020466,-0.006871,0.252723,0.052180,-0.109324
-0.030331,0.031354,-0.035071,-0.391226,0.972099,-0.268144
-0.045418,0.012405,-0.011296,-0.325134,0.163011,-0.187967
-0.037658,0.016110,-0.060950,-0.330212,0.626071,-0.548445
-0.053082,0.010386,-0.000136,-0.422740,0.116207,-0.863891
-0.036650,0.021559,-0.020182,-0.292559,-0.112267,-0.404818
-0.046491,0.011984,-0.006031,-0.242196,-0.797598,-0.540301
-0.034819,0.017545,-0.026172,-0.954538,-0.121977,-0.723812
-0.039411,0.011801,-0.005677,-0.238543,-0.338920,-0.736771
-0.026012,0.022971,-0.016620,-0.366476,0.166737,-0.671362
-0.031119,0.021333,-0.009484,0.004659,-0.089080,-0.832271
-0.025260,0.009155,-0.015645,0.535781,0.150810,-0.406509
-0.029750,0.013494,0.010230,0.836718,0.379045,-0.873882
-0.035902,0.005554,0.008970,0.604236,-0.377623,-0.338549
-0.029777,0.017171,0.005280,0.607568,-0.389522,-0.263864
-0.035843,0.011997,0.011507,-0.069783,-0.920275,-0.373868
-0.030926,0.008974,0.031957,0.429820,-1.622724,-0.501410
-0.034198,0.021546,-0.010564,-1.288949,-1.102792,-0.083773
-0.026619,0.021352,0.002638,-0.280952,-0.978348,-0.252694
-0.013371,0.018182,-0.024764,-0.572984,0.972411,-0.132865
-0.023287,0.004871,-0.020516,-0.254991,0.007762,-0.427050
-0.021955,0.007304,-0.016233,0.159013,1.243997,-0.826730
-0.015830,0.007340,-0.037533,-0.517793,1.517463,-0.343384
-0.025162,0.021126,-0.022584,-0.183411,0.415943,-0.866461
-0.030972,0.001999,0.012570,0.900414,0.143100,-0.642401
-0.028825,0.018333,-0.032918,-0.071112,-0.069714,-0.846352
-0.053922,0.006243,0.027762,-0.077461,-1.887370,-1.018858
-0.021147,0.020318,0.030361,0.184616,-0.206260,-0.670863
-0.029160,0.017436,0.001509,-0.215888,-0.113107,-0.636243
-0.020268,0.008370,0.024098,0.791371,0.011871,-0.469459
-0.030683,0.034863,-0.002345,0.050669,-0.399057,-0.013319
-0.033932,0.017893,0.007365,0.140897,-0.273084,-0.045716
-0.024216,0.026050,-0.004055,-0.539520,-0.338023,0.039850
-0.025139,0.025997,0.002369,-0.107380,-0.273294,-0.481092
-0.025329,0.022879,-0.014526,-0.623015,-0.074929,-0.367605
-0.032974,0.027254,-0.038695,-0.708867,-0.138491,-0.503433
-0.039014,0.013642,0.000005,0.297706,-0.121258,-0.576119
-0.033972,0.020758,-0.042545,-0.191578,0.132852,-0.770476
-0.042952,0.022209,-0.002102,-0.410100,-0.228961,-0.966112
-0.033696,0.009053,-0.004922,-0.004269,0.446680,-0.749415
-0.043638,0.014702,0.009380,0.156068,-0.117401,-1.172903
-0.045112,0.020880,-0.025752,-1.156634,0.229261,-0.948066
-0.041026,0.025981,-0.043238,-0.575111,0.260759,-1.199428
-0.041685,0.026575,0.019805,-0.047357,-0.288163,-0.988893
-0.038712,0.030776,-0.006504,-0.464056,-0.220745,-0.594839
-0.036683,0.028659,0.011064,-0.072862,-0.164868,-1.162540
-0.035052,0.020099,-0.001770,0.349745,-0.514930,-0.668661
-0.040796,0.024884,0.008717,0.310031,-0.247520,-0.920171
-0.047682,0.021828,-0.004685,0.153721,0.082175,-0.379153
-0.032816,0.031318,-0.014552,0.728555,0.504043,-0.921317
-0.058918,0.008538,0.018886,0.454842,-0.608893,-1.056330
-0.037530,0.017758,-0.010439,0.787669,-0.286673,-1.026004
-0.052087,0.010406,0.010726,0.393838,1.104703,-0.704597
-0.028621,0.026677,0.005389,0.444352,0.973475,-0.409142
-0.041751,0.015073,0.023823,0.376077,1.619078,-0.440344
-0.039338,0.031787,-0.019427,-1.172574,-0.885852,-0.192438
-0.033361,0.031022,-0.017618,-0.686665,0.084430,-0.676907
-0.026836,0.018086,0.010115,0.606012,0.836006,-0.492837
-0.036841,0.029522,0.017983,0.488566,-0.496962,-0.496924
-0.027243,0.012802,-0.014923,0.472755,1.805438,-0.552515
-0.034139,0.030438,-0.018974,-0.415660,0.943365,-0.673171
-0.043668,0.015690,-0.025775,-0.612170,1.135827,-1.297977
-0.034648,0.016659,-0.015107,0.316809,1.094715,-0.997355
-0.048713,0.012299,-0.001534,0.157532,0.030155,-1.135604
-0.036883,0.013297,-0.012090,-0.531327,-0.033554,-0.586823
-0.033122,0.021553,0.003577,0.315972,-0.128210,-0.526351
-0.041639,0.002580,0.006219,0.441736,-0.672950,-0.287304
-0.041705,0.015313,0.000987,0.318582,-0.316474,-0.395444
-0.059184,0.009739,0.030614,0.122358,-2.766942,-0.558840
-0.042545,0.018759,0.015341,-0.091546,-2.085127,-0.376238
-0.047728,0.020666,0.022923,-0.054011,-1.848979,-0.259892
-0.032147,0.020568,-0.001981,-0.061495,0.071096,0.106809
-0.038659,0.028580,0.000787,-0.170377,-1.454581,-0.213006
-0.049035,0.013813,0.007473,-0.051073,-0.849641,-0.083468
-0.036260,0.023962,-0.030351,0.144823,-0.522651,0.020297
-0.042243,0.021612,-0.007449,-0.327385,-0.111355,-0.189714
-0.040773,0.022373,-0.034273,-0.633138,-0.389791,0.140703
-0.042493,0.028433,-0.056495,-1.708996,-0.013331,-0.168906
-0.035642,0.016718,-0.036807,-0.556122,0.345833,-0.027098
-0.037661,0.021083,-0.016820,-0.268216,0.235750,-0.334502
-0.047446,0.011984,-0.013216,-0.013489,0.264921,-0.482018
-0.037330,0.014902,-0.025601,-0.334456,0.021344,-0.242131
-0.053716,0.014555,0.005779,-0.170114,-0.763828,-0.385587
-0.036486,0.019370,-0.004981,-0.235231,-0.556194,-0.268476
-0.041761,0.022872,-0.006530,-0.071877,0.097714,-0.275592
-0.040514,0.009529,-0.001954,0.214634,-0.384654,-0.039388
-0.036942,0.035598,-0.008486,0.164117,-0.377104,-0.400417
-0.053611,0.016439,-0.003796,0.573427,-0.245662,-0.320732
-0.040113,0.021224,-0.001688,0.527631,-0.173179,-0.377945
-0.050522,0.023342,0.006045,0.453175,-0.047321,-0.229839
-0.038488,0.018021,0.009423,0.203995,0.221895,-0.462455
-0.040727,0.027077,-0.000999,0.253304,-0.297272,-0.012003
-0.044928,0.023900,0.004361,0.029783,-0.477813,0.232841
-0.044577,0.029545,0.000816,0.217056,-0.310457,-0.098157
-0.056696,0.013008,0.008474,-0.114109,-2.672454,-0.521788
-0.039585,0.035027,-0.002276,-0.265410,-0.292729,0.500274
-0.062299,0.012024,0.016142,-0.274397,-2.714036,-0.356931
-0.040563,0.032434,-0.016305,-0.076712,-0.210077,-0.147167
-0.056020,0.014492,0.002877,-0.284799,-0.529820,0.005473
-0.039539,0.034640,-0.008936,-0.417259,-0.403472,-0.027752
-0.051172,0.030015,-0.001688,-0.226785,-0.870212,-0.159755
-0.049455,0.019590,-0.020215,-0.314439,0.302177,-0.197076
-0.053660,0.029030,-0.016013,-0.487414,-0.161057,-0.425761
-0.040238,0.017010,-0.036620,-0.559103,0.316488,0.028099
-0.050545,0.020420,-0.017484,-0.496375,0.277828,-0.463400
-0.054631,0.016107,-0.015836,-0.499572,0.055551,0.062246
-0.051027,0.019491,-0.025220,-0.280414,-0.608765,-0.593680
-0.060116,0.009972,-0.013646,-0.178583,-0.306522,-0.407097
-0.057346,0.017089,-0.029770,0.109832,0.098879,-0.812406
-0.064994,0.009112,0.003035,0.093994,0.067492,-0.816509
-0.053771,0.021901,-0.022148,0.055511,0.143418,-0.259246
-0.068001,0.007389,0.010020,0.181927,-0.757155,-0.722106
-0.054277,0.015756,0.003977,0.255037,0.085477,-0.673089
-0.052659,0.019399,0.004978,0.558144,0.630565,-0.274339
-0.063261,0.013540,0.014379,0.296892,-1.805588,-0.624680
-0.043990,0.020899,-0.006583,0.262318,0.219637,-0.214033
-0.043773,0.012926,-0.006865,0.487135,-0.233409,0.194804
-0.042664,0.012890,0.005999,0.238996,0.090043,-0.217956
-0.051933,0.002012,0.008884,0.164583,-1.380733,0.058820
-0.048995,0.028662,0.001952,-0.171319,-1.587260,-0.226179
-0.064318,0.013041,-0.005145,-0.085010,-1.115804,0.289440
-0.046671,0.019596,-0.017707,-0.002227,-1.270613,-0.076207
-0.056535,0.010980,0.004417,-0.446558,-1.331243,-0.422600
-0.043090,0.027402,-0.005906,-0.425583,-0.651759,0.227487
-0.057641,0.016320,-0.008775,-0.454659,-0.607177,0.106477
-0.049928,0.009985,-0.012340,-0.762712,-0.063877,-0.391873
-0.057960,0.014495,-0.016545,-0.639775,-0.717181,-0.385597
-0.054113,0.014180,-0.023973,-0.606363,0.120487,-0.357804
-0.052245,0.017351,-0.018980,-0.554740,0.063189,-0.584706
-0.041049,0.009312,-0.036010,-0.565224,0.364996,-0.300302
-0.043510,0.014463,-0.013400,-0.606294,0.337719,-0.612068
-0.054707,0.012851,-0.006615,-0.487805,0.150433,-0.483715
-0.045857,0.015395,-0.016473,0.064823,0.138600,-0.574892
-0.061157,0.007540,0.005871,-0.282685,-0.396759,-0.536139
-0.042201,0.024313,-0.013078,0.087751,0.010841,-0.459914
-0.060628,0.010048,0.001262,0.663130,-0.017612,-1.277892
-0.038912,0.019810,0.006170,0.354062,0.361661,-0.339941
-0.049458,0.026913,0.003340,0.352765,-0.095458,-0.452273
-0.043517,0.009404,-0.004436,0.603389,0.081919,-0.764420
-0.040727,0.018359,-0.015911,0.512088,0.296718,-0.367366
-0.056712,0.010448,0.014412,0.183986,-0.451185,-0.633513
-0.043734,0.026742,0.009613,0.103691,0.013381,-0.398769
-0.044814,0.036727,0.015899,0.060248,-0.538305,-0.184525
-0.036552,0.019465,-0.006251,-0.032839,-0.131433,-0.082243
-0.038908,0.034348,-0.005191,-0.188010,-0.632212,-0.224324
-0.042516,0.011932,-0.010636,0.093026,-0.133688,-0.318805
-0.028772,0.026916,-0.014221,-0.010876,0.422084,-0.247619
-0.042880,0.016957,-0.003674,-0.011175,1.286124,-0.659391
-0.032747,0.029509,-0.005023,-0.625204,-1.017728,-0.367523
-0.041357,0.028085,0.005159,-0.393018,-0.845400,-0.728749
-0.029376,0.021720,-0.022309,-0.724541,0.459343,-0.190226
-0.029701,0.031932,-0.032996,-0.578613,0.997784,-0.047889
-0.035606,0.015470,-0.034542,-0.294069,0.910032,-0.696020
-0.013351,0.023135,-0.057149,0.303804,3.401123,-0.698833
-0.041561,0.016645,-0.006829,-0.243434,0.945151,-1.092903
-0.028034,0.018887,-0.011795,-0.350530,0.629813,-0.900539
-0.051447,0.014856,0.012298,-0.360154,-2.413699,-1.049178
-0.032357,0.013396,0.001230,-0.063451,0.160989,-0.696141
-0.034372,0.016987,0.003340,0.173456,0.004696,-0.850971
-0.034238,0.004028,0.000468,0.241546,-0.094427,-0.622880
-0.026724,0.018966,-0.011864,0.299219,-0.504203,-0.694815
-0.046209,0.006910,0.015351,0.320279,-0.715281,-1.115811
-0.022985,0.007724,0.015124,0.245078,-0.342970,-0.312194
-0.027660,0.019068,0.012177,0.328800,-0.455686,-0.417400
-0.022460,0.009352,-0.008801,0.188617,-0.015560,-0.041958
-0.019956,0.018224,-0.026835,0.300371,-0.215851,-0.031904
-0.036384,0.013064,0.011021,0.262528,-0.415735,-0.620921
-0.021016,0.010402,0.001089,-0.232392,-0.482946,-0.505188
-0.025956,0.013307,-0.011582,-0.117070,0.152179,-0.034664
-0.019798,0.009726,-0.017395,0.024860,0.546423,-0.333803
-0.017471,0.025396,-0.026241,-0.222525,0.047666,-0.384920
-0.035912,0.001047,-0.001734,-0.620126,-0.160404,-0.618580
-0.021344,0.020453,0.000337,-0.613335,-0.660185,-0.543009
-0.036276,0.010822,0.000895,-0.448589,-0.610860,-0.501378
-0.007387,0.017991,-0.019374,-0.259928,1.678385,-0.039538
-0.019785,0.022990,-0.016942,-0.562008,0.109032,-0.209536
-0.023921,0.006532,-0.012442,0.230849,0.570014,-0.260411
-0.020409,0.020657,-0.022397,-0.333051,0.312579,-0.873938
-0.040441,0.005846,-0.010659,-0.108821,0.068894,-0.616040
-0.032688,0.016852,-0.029743,0.034920,0.116535,-0.615699
-0.047745,0.011876,0.008234,-0.131467,-0.260128,-0.992113
-0.029980,0.017226,0.004000,0.342153,0.235100,-0.789783
-0.034799,0.014630,0.001128,0.365193,0.004240,-0.875888
-0.031392,0.008219,-0.002844,0.793659,0.271801,-0.574616
-0.034805,0.018713,0.005572,0.532882,0.288436,-0.709255
-0.049941,-0.000607,0.020337,0.638931,-0.608421,-1.164322
-0.033332,0.018438,0.014848,0.168847,-0.553030,-0.802850
-0.041767,0.019685,0.013801,0.330514,-1.283526,-0.364202
-0.044978,0.015884,0.000652,0.109625,-1.882887,-0.409118
-0.036164,0.027773,-0.007246,-0.038764,-1.322167,0.061491
-0.056184,0.019948,0.003051,-0.272654,-0.650840,-0.030171
-0.029754,0.034522,-0.004282,-0.304326,-0.207973,0.050617
-0.043028,0.032063,-0.009126,-0.048526,0.030401,-0.151638
-0.041344,0.016399,-0.019003,-0.032147,-0.096406,-0.303700
-0.044036,0.025259,-0.030745,0.061117,0.368252,-0.499205
-0.059178,0.020486,-0.019230,-0.461000,0.134733,-0.473281
-0.048579,0.026375,-0.012534,-0.682850,-0.014821,-0.553300
-0.058380,0.030921,-0.020208,-0.925889,-0.333395,-0.531636
-0.052143,0.011220,-0.015898,-0.718636,0.043701,-0.894814
-0.048710,0.030313,-0.013801,-0.484191,0.407930,-0.432834
-0.063658,0.004202,-0.007249,-0.152038,0.009843,-0.954283
-0.050239,0.024251,-0.018869,-0.399507,0.170561,-0.970120
-0.054950,0.029631,0.000987,0.115133,1.098811,-0.712853
-0.053256,0.024894,-0.026760,-0.349030,0.480252,-0.834044
-0.060248,0.029089,0.000435,0.014582,-0.030741,-0.940608
-0.048920,0.021842,-0.007239,0.213774,0.450684,-0.514551
-0.054901,0.021428,0.002356,0.533831,0.372736,-0.984324
-0.064190,0.009004,0.018180,0.373953,-0.500278,-0.904445
-0.046557,0.033685,-0.014766,0.592216,0.025694,-0.383450
-0.067912,0.016084,0.009337,-0.025759,-1.276607,-0.369723
-0.048621,0.035506,0.008379,-0.796364,-1.591107,0.350093
-0.060540,0.026322,0.022227,-0.273941,-1.428925,0.006865
-0.043317,0.029641,-0.015517,-0.125877,-0.170800,0.079991
-0.043786,0.035956,-0.015150,-0.336501,-0.502260,0.144143
-0.052737,0.022275,-0.003697,-0.167948,-0.595632,-0.167479
-0.044715,0.034397,0.001226,-0.217263,-0.517021,-0.054474
-0.047003,0.014712,-0.020480,-0.153813,0.106944,-0.209891
-0.041951,0.027494,-0.011578,-0.239817,0.072478,-0.217309
-0.055915,0.014213,-0.022026,-0.424976,0.413222,-0.133574
-0.042050,0.018700,-0.008785,-0.321815,0.061636,-0.480229
-0.053860,0.025019,-0.008014,-0.654585,-1.101873,-0.101584
-0.046619,0.019222,-0.008427,-0.476756,0.090049,-0.255868
-0.048385,0.022111,-0.013249,-0.216741,-0.304460,-0.628852
-0.043619,0.015260,-0.021856,-0.113489,0.260772,-0.514147
-0.045276,0.029312,0.006216,0.542132,-0.370953,-0.252031
-0.048897,0.013232,0.010217,0.827662,0.025021,-0.006406
-0.038154,0.021838,-0.006858,0.936018,0.020537,-0.218432
-0.053801,0.015890,0.036427,0.619690,-0.575413,-0.326933
-0.044331,0.016787,0.025937,0.335011,-0.583287,-0.144052
-0.042864,0.021329,0.007657,0.538065,0.891614,-0.405173
-0.040602,0.016997,0.011694,0.256705,-0.995581,-0.369398
-0.043714,0.021054,-0.004190,-0.060106,-0.955942,-0.411183
-0.054014,0.010422,0.015278,-0.026783,-2.016367,0.033377
-0.056496,0.023525,0.005602,0.093151,-3.484716,0.003878
-0.051283,0.026503,0.017504,-0.264346,-1.166967,-0.094241
-0.040819,0.024556,0.006767,-0.437675,-0.734493,0.216521
-0.037973,0.030507,-0.010988,-0.577205,-0.455282,0.159964
-0.032413,0.018017,-0.018005,-0.645900,0.070246,0.336471
-0.032600,0.032992,-0.045811,-0.478013,0.446355,-0.138327
-0.039132,0.023335,-0.017349,-0.191637,1.739579,-0.015915
-0.034865,0.032759,-0.028427,-0.280588,1.265339,0.005860
-0.054861,0.024008,-0.041606,-0.707193,1.040013,-0.615151
-0.042657,0.015644,-0.041245,-0.189356,1.121611,-0.442878
-0.045381,0.016980,-0.020421,-0.362123,0.138052,-0.547526
-0.050824,0.014699,-0.019036,-0.368462,0.271161,-0.164432
-0.046392,0.015487,-0.007590,0.284569,0.249129,-0.648586
-0.056223,0.018109,0.021899,0.108762,-0.293024,-0.273961
-0.040290,0.012638,0.008497,0.361913,-0.071450,-0.059398
-0.039289,0.026995,-0.011480,0.596775,-0.212030,-0.043511
-0.060602,0.024559,0.018098,0.195861,-0.471973,-0.275704
-0.037582,0.025373,0.006170,0.059292,0.072964,0.279238
-0.039151,0.029371,0.002864,0.214919,-0.240249,0.080995
-0.044597,0.020309,-0.002578,0.172730,0.056595,0.101110
-0.045319,0.029736,-0.029261,0.094710,-0.160821,-0.051110
-0.061593,0.018054,-0.003753,-0.300148,-0.113777,-0.139801
-0.041876,0.031508,-0.010823,-0.257437,0.090479,-0.028156
-0.044006,0.025062,-0.015452,-0.252447,-0.180122,0.028266
-0.039726,0.020371,-0.020152,-0.253330,-0.136071,0.010627
-0.040208,0.022199,-0.027689,-0.268242,0.217431,-0.314857
-0.051421,0.013583,-0.003445,-0.838090,-0.242157,-0.578437
-0.040947,0.028433,-0.015987,-0.472742,0.043245,-0.452739
-0.046025,0.020982,-0.021219,-0.385416,-0.006717,-0.548182
-0.034691,0.019216,-0.025033,-0.154178,0.488015,-0.566482
-0.036118,0.030379,-0.046120,-0.177391,0.637150,-0.380486
-0.061052,0.014597,0.004998,-0.310103,-0.375762,-0.532460
-0.041695,0.021159,0.005960,0.041354,0.357102,-0.672291
-0.048838,0.019925,-0.010600,0.233294,-0.226079,-0.865775
-0.043123,0.014279,0.003774,0.380072,-0.415791,-0.342429
-0.031516,0.023565,-0.027653,1.111970,0.531593,-0.504306
-0.042582,0.014512,0.014737,0.415742,0.555066,-0.796473
-0.059053,0.019577,0.029593,-0.164941,-2.720584,-0.755252
-0.051835,0.021543,0.022871,0.059256,-2.056938,-0.803796
-0.052800,0.006834,0.011284,0.127390,-2.272794,-0.801941
-0.037796,0.027212,-0.014454,0.057658,-1.245644,-0.386329
-0.042631,0.017666,0.001217,-0.182735,-0.599184,-0.324786
-0.028168,0.035263,-0.019899,-0.507798,-0.438975,-0.008937
-0.044666,0.029883,-0.024183,-0.400971,0.473681,-0.403138
-0.025247,0.020896,-0.020822,-0.361844,1.489119,-0.262561
-0.029419,0.033957,-0.023763,-0.556457,0.163494,-0.533651
-0.035830,0.009752,-0.037001,-0.075163,0.866562,-0.630519
-0.025342,0.023394,-0.041636,0.172067,2.713439,-0.676020
-0.047820,0.013868,-0.007045,-0.570381,-0.109848,-0.916068
-0.037520,0.015418,-0.012809,-0.213875,0.446181,-0.895904
-0.037310,0.026594,-0.010666,-0.330290,-0.050580,-0.918313
-0.044370,0.005439,-0.006523,-0.057336,0.105004,-0.723569
-0.041357,0.025239,-0.017631,0.355506,0.095170,-0.665996
-0.054369,0.010937,0.031211,0.165315,-1.689794,-0.854572
-0.031021,0.021385,0.016296,0.114214,-0.109644,-0.395631
-0.026931,0.026808,0.006971,0.192372,-0.168761,-0.512105
-0.038439,0.015825,-0.003733,0.166159,-0.335900,-0.468728
-0.027735,0.027310,-0.009163,0.542835,0.288305,-0.562346
-0.041587,0.021989,0.011251,0.096502,-0.058960,-0.539747
-0.039857,0.027605,-0.015376,0.453339,-0.617352,-0.275592
-0.042089,0.023749,0.001499,-0.234095,-0.321736,0.070666
-0.030167,0.028741,0.018167,-0.496694,-0.336074,-0.027368
-0.030532,0.028062,-0.004994,-0.180916,0.164026,-0.243687
-0.026836,0.026273,-0.010249,-0.227399,0.108542,-0.083894
-0.029921,0.030829,-0.006599,-0.545858,-0.695442,-0.069803
-0.028392,0.018113,-0.010761,-0.319455,-0.037897,-0.282012
-0.032573,0.031088,-0.033735,-0.311275,0.140979,-0.804186
-0.045112,0.012936,-0.003215,-0.239282,0.195018,-0.871952
-0.036125,0.015172,-0.029162,0.571346,0.610076,-1.127694
-0.053020,0.005863,0.002782,0.152189,0.300972,-1.094085
-0.032721,0.022055,-0.001298,-0.118721,0.278770,-0.817651
-0.057346,0.014591,0.033923,-0.111910,-3.867009,-0.789113
-0.031769,0.007999,0.016546,0.243975,-0.831252,-0.671300
-0.034684,0.022803,0.017675,0.001577,-1.673687,-0.499724
-0.035193,0.010826,0.000028,-0.029685,-1.381806,-0.050568
-0.030653,0.028511,-0.003018,0.453759,-0.122771,0.164494
-0.041301,0.014748,0.007788,0.101380,-0.473207,-0.392335
-0.026754,0.022314,-0.002667,-0.266824,-0.296199,-0.025523
-0.029471,0.021861,-0.000001,0.092176,-0.395292,-0.121413
-0.020428,0.014108,-0.016049,0.022887,0.063320,-0.042296
-0.021774,0.025803,-0.016827,-0.341605,-0.042886,-0.048283
-0.032212,0.012057,-0.014625,-0.164793,-0.157470,-0.138557
-0.029271,0.014397,-0.036102,-0.209566,-0.071552,-0.251056
-0.042306,0.016829,-0.009520,-0.629567,-0.532423,-0.450835
-0.025716,0.013576,-0.022686,-0.867898,-0.067754,-0.149146
-0.024190,0.027175,-0.028818,-0.260463,0.710883,-0.378014
-0.028933,0.006197,-0.024616,0.139348,1.998065,-0.610608
-0.024758,0.024490,-0.017759,-0.204954,0.588389,-0.515548
-0.074470,0.012214,0.044666,-0.663169,-7.220154,-0.895894
-0.032324,0.007963,-0.013666,0.160217,0.464769,-0.897220
-0.036883,0.012874,0.008638,0.259931,0.185893,-0.839049
-0.051172,-0.003975,0.014166,0.471356,-0.033121,-0.988981
-0.041518,0.015254,0.004634,0.108270,-0.725072,-0.579897
-0.058337,0.013967,0.023284,0.142417,-1.483588,-0.567644
-0.037106,0.012204,0.009892,0.167258,0.007112,-0.363509
-0.040898,0.023217,0.009016,0.234164,-0.255418,-0.172629
-0.045943,0.008410,0.006793,0.491993,-0.201464,-0.298159
-0.037914,0.024126,-0.017464,0.560498,0.019106,0.176498
-0.056683,0.021796,0.013644,0.046996,-0.846470,-0.446407
-0.044078,0.022449,0.000445,-0.159659,-0.241851,-0.220779
-0.043133,0.029650,-0.000366,-0.316008,-0.232178,0.410096
-0.049130,0.012956,-0.020582,0.109199,0.127600,0.014145
-0.043602,0.024576,-0.035452,-0.141977,0.151559,-0.340506
-0.057310,0.027491,-0.003487,-0.880883,-0.520238,-0.095833
-0.041886,0.027353,-0.016358,-0.576723,0.177152,0.002348
-0.053112,0.026309,-0.011342,-0.586199,-0.443367,-0.307061
-0.046685,0.011856,-0.015524,-0.333048,-0.182324,-0.548461
-0.056696,0.020499,-0.013860,-0.591848,-0.341365,-0.722759
-0.063504,0.021231,-0.001278,-0.395841,0.391567,-0.498093
-0.051218,0.032401,-0.011050,-0.793140,0.227278,-0.189960
-0.055747,0.027491,-0.014513,0.099000,0.739594,-0.901409
-0.056161,0.023995,-0.016003,0.010519,0.237181,-0.339452
-0.060402,0.026450,-0.014864,0.116180,0.190511,-0.754103
-0.070197,0.008367,-0.004249,0.201524,0.689025,-1.310467
-0.061797,0.022711,-0.017129,0.317837,-0.261441,-0.711031
-0.075731,0.013888,0.004571,0.185223,-0.727219,-0.841285
-0.057526,0.018753,-0.001272,0.201222,0.187203,-0.682887
-0.059864,0.024861,0.013667,0.367415,-0.276855,-0.525961
-0.066002,0.019278,0.008720,0.278720,-0.201349,-0.740163
-0.050095,0.031462,-0.003907,0.380866,-0.432101,0.116170
-0.061735,0.029312,0.008257,0.099013,-0.477980,-0.222706
-0.052675,0.029152,-0.000517,-0.003698,0.000721,-0.341120
-0.058275,0.025843,-0.005811,0.121357,-0.215175,-0.232179
-0.064370,0.018858,-0.014936,0.056506,-0.053823,-0.088592
-0.055770,0.029874,-0.019469,0.078711,-0.225426,-0.037507
-0.067223,0.018628,0.001801,-0.204166,-1.055916,-0.133466
-0.053581,0.018559,-0.003504,-0.142840,0.120428,-0.133331
-0.046090,0.022537,-0.005407,-0.141015,-0.296507,-0.092327
-0.064590,0.016764,0.002845,-0.436720,-1.574085,-0.484940
-0.044768,0.024924,-0.026986,-0.258625,-0.146828,-0.090968
-0.049622,0.017276,-0.015724,-0.605290,-0.519742,-0.221317
-0.045634,0.029693,-0.033236,-0.698564,0.901845,0.276750
-0.048257,0.015221,-0.014871,-0.296511,0.053526,-0.480528
-0.061931,0.007021,-0.023415,-0.440593,0.008694,-0.005008
-0.055934,0.018881,-0.035402,-0.228817,0.134152,-0.095606
-0.058866,0.016957,-0.012836,-0.498427,-0.124140,-0.064197
-0.052504,0.012214,-0.011418,-0.649934,-0.227126,-0.461861
-0.043606,0.012733,-0.022552,-0.350678,-0.230757,-1.061582
-0.058744,0.007520,0.009344,-0.288722,-0.666477,-0.786123
-0.043497,0.012677,-0.006576,0.073591,-0.196836,0.003970
-0.051976,0.020939,-0.003993,0.083028,-0.763224,0.133511
-0.052426,0.000959,0.003373,0.180871,-0.506639,0.138090
-0.040474,0.023653,-0.011132,0.421811,0.058416,-0.217467
-0.058849,0.011439,0.013887,0.155586,-1.478303,-0.221832
-0.032980,0.015388,0.000439,0.208492,0.302288,0.042036
-0.035150,0.022856,-0.009491,0.214214,0.707912,-0.227787
-0.041420,0.017279,-0.005401,0.068716,-0.343863,0.199301
-0.040277,0.017781,-0.005207,0.071674,-0.842226,-0.195271
-0.044449,0.014285,0.002585,-0.047512,-0.092284,-0.483807
-0.031484,0.026368,0.007233,-0.320430,0.472004,0.146333
-0.039398,0.025712,-0.000106,-0.541016,-1.292881,0.241067
-0.029169,0.021494,-0.016955,-0.498492,-0.298201,-0.445806
-0.029104,0.028722,-0.030114,-0.438073,0.527867,-0.427461
-0.039338,0.026847,-0.025588,-0.497199,1.403550,0.008926
-0.023474,0.029263,-0.019916,-1.001638,1.763686,-0.169586
-0.032944,0.028863,-0.032694,-0.459251,1.409947,-0.280102
-0.039027,0.014292,-0.026622,-0.287921,0.645457,-0.238799
-0.028736,0.023312,-0.028539,0.056204,0.401733,-0.919534
-0.042437,0.017978,-0.007554,-0.214890,-0.003710,-0.927238
-0.035935,0.024625,-0.012084,-0.287743,0.268177,-0.600462
-0.035813,0.028882,-0.033210,-0.812802,-0.190596,-0.635544
-0.047098,0.019170,-0.016213,0.041695,-0.128289,-0.833922
-0.042992,0.023499,-0.019312,0.057582,-0.020855,-0.629321
-0.051671,0.019649,0.008602,-0.325797,-0.522986,-0.882479
-0.041718,0.024858,0.002861,-0.004387,-0.258011,-0.546288
-0.053840,0.026276,0.015423,-0.009133,-0.926256,-0.910574
-0.036532,0.019199,0.009843,0.468576,0.364195,-1.050438
-0.050988,0.024530,0.004978,0.486659,0.054254,-1.047589
-0.049596,0.022511,0.007785,0.329293,-0.226686,-1.057072
-0.046901,0.026204,-0.004219,0.604147,-0.048191,-0.962712
-0.058830,0.016534,0.023737,0.241001,-1.477377,-1.105452
-0.046530,0.021677,0.018449,0.383472,-0.964857,-0.680626
-0.052248,0.030041,0.030755,0.263187,-2.519876,-0.627125
-0.036959,0.021408,0.002300,0.451560,-0.117046,-0.361471
-0.037714,0.027763,0.002697,0.377164,0.228745,-0.332677
-0.048526,0.012378,0.021056,-0.072265,-1.556130,-0.471816
-0.045040,0.024169,-0.002161,0.261825,-1.604165,-0.238067
-0.048316,0.030245,0.011343,-0.070856,-0.512344,-0.258212
-0.029498,0.029086,-0.005322,-0.117103,-0.043024,-0.355375
-0.040422,0.032995,-0.004715,-0.165322,-0.275240,-0.505727
-0.044823,0.022150,-0.009970,-0.168739,-0.188128,-0.409010
-0.026721,0.030533,-0.008381,-0.084236,0.279787,-0.124268
-0.033791,0.015818,-0.012074,-0.005313,0.487858,-0.383289
-0.033033,0.021595,-0.030114,-0.196150,-0.214394,-0.102686
-0.048106,0.021589,-0.002237,-0.693528,-0.639410,-0.023659
-0.040589,0.030123,0.002904,-0.995194,0.084892,-0.026390
-0.046622,0.028889,-0.013883,-0.599398,-0.194587,0.150192
-0.037175,0.013317,-0.015015,-0.476418,0.026432,-0.244947
-0.028178,0.026119,-0.022102,-0.174614,0.242889,-0.525904
-0.042125,0.013563,-0.004275,-0.226047,0.535256,-1.010977
-0.025818,0.018326,-0.016643,0.126412,0.876459,-0.611825
-0.028126,0.025167,-0.013026,0.331679,0.758702,-0.674425
-0.037966,0.008597,0.011225,0.514507,-1.131825,-0.889122
-0.034963,0.018211,-0.014703,0.432437,0.340171,-0.597491
-0.049324,0.013905,0.019250,0.347077,-0.398089,-0.933679
-0.031861,0.007668,0.019398,0.474130,-0.129723,-1.077685
-0.044105,0.020368,0.025828,-0.183083,-1.864200,-0.566042
-0.036086,0.008282,0.011431,0.144278,-1.257589,-0.347100
-0.029281,0.021851,0.006206,0.277286,-0.754686,-0.249749
-0.043484,0.014177,0.023567,0.109983,-0.996874,-0.527762
-0.024243,0.023630,0.006980,-0.283151,-0.347395,-0.465648
-0.026514,0.024159,0.002589,-0.067564,-0.486294,0.114378
-0.022506,0.018310,-0.009254,-0.011096,-0.201894,0.136092
-0.031946,0.027783,-0.023579,-0.156574,-0.327152,-0.243503
-0.040175,0.023502,-0.008795,-0.490158,-0.071919,-0.369742
-0.037789,0.016458,-0.021475,-0.692363,0.144062,-0.009760
-0.043491,0.023302,-0.017126,-0.574192,-0.057388,-0.357135
-0.048546,0.018136,-0.015166,-0.483373,0.369884,-0.286802
-0.034887,0.030937,-0.025598,-0.128122,0.034235,-0.499609
-0.065861,0.017394,-0.002417,-0.816777,-1.734714,-0.406798
-0.041347,0.028518,-0.009540,-0.739886,-0.093800,-0.514367
-0.045490,0.028771,-0.007223,-0.391918,-0.195424,-0.082588
-0.038515,0.020732,-0.010988,-0.188791,0.010365,-0.392733
-0.037405,0.027409,-0.025338,0.184642,0.035200,-0.612046
-0.059030,0.024878,0.014944,0.085519,-0.351068,-0.514200
-0.048467,0.032335,0.011195,0.252973,0.085349,-0.379820
-0.042434,0.029805,0.003334,0.426246,0.844678,-0.733841
-0.038689,0.026555,0.005484,0.735796,0.106964,-0.107564
-0.036184,0.027760,-0.000300,0.617379,0.189008,-0.957096
-0.056286,0.016386,0.012387,0.394439,-0.048762,-0.842607
-0.046150,0.030294,-0.002821,0.843372,0.536805,-0.514515
-0.061580,0.025761,0.019362,-0.012153,-1.731592,-0.407550
-0.041925,0.025360,0.021600,-0.153383,-0.255204,-0.580206
-0.038416,0.034820,0.020777,0.121790,-0.731069,-0.044981
-0.033785,0.020555,0.004653,0.403686,0.231457,0.135077
-0.041777,0.032752,-0.004600,0.312483,-0.118448,-0.136043
-0.044174,0.021595,-0.007393,0.158166,-0.406062,-0.037786
-0.036801,0.029923,-0.023599,0.343246,-0.386433,-0.058492
-0.053151,0.025324,0.011011,0.298149,-0.887572,-0.169606
-0.029691,0.025741,0.011189,0.172848,-0.257554,0.067091
-0.041147,0.037584,-0.005437,-0.021597,-0.455279,0.132178
-0.045365,0.014157,0.014927,0.143631,-0.994547,-0.215953
-0.049481,0.033343,0.004709,-0.494983,-3.290859,-0.063790
-0.036358,0.030721,0.000068,-0.180756,-0.096242,-0.020701
-0.029609,0.029040,-0.005686,-0.423502,-0.021186,0.251794
-0.028267,0.031288,-0.023878,-0.535374,0.404631,0.167632
-0.040704,0.019413,-0.020746,-0.542461,1.292229,-0.000127
-0.038387,0.036842,-0.010873,-0.948452,0.271112,0.278575
-0.039637,0.027517,-0.021327,-0.508527,0.533195,-0.190485
-0.036604,0.020591,-0.014401,-0.325577,-0.108377,-0.156637
-0.054832,0.016721,-0.037671,-0.014812,-0.100211,-0.441566
-0.056778,0.016202,-0.009914,-0.622989,-0.449157,-0.638194
-0.042700,0.012713,-0.022945,-0.717283,0.214250,0.180388
-0.039995,0.021090,-0.028618,-0.406509,0.779929,-0.096955
-0.053542,0.015116,-0.010449,-0.502943,-0.267937,-0.268430
-0.044649,0.025767,-0.007997,-0.468694,-0.078675,0.065758
-0.040084,0.022803,-0.009468,-0.219446,0.048162,-0.266861
-0.055931,0.010218,-0.003861,0.021669,-0.053065,-0.437098
-0.042677,0.025583,-0.013994,-0.217489,0.438726,-0.316853
-0.047840,0.017571,-0.014067,0.012248,0.480866,-0.510162
-0.052521,0.008672,-0.008194,0.061068,0.276968,-0.728858
-0.051746,0.017292,-0.010528,0.588438,0.777037,-0.744728
-0.061213,0.014623,0.007030,0.314991,-0.210432,-0.643347
-0.050003,0.009572,-0.014634,0.141580,-0.623635,-0.327684
-0.054086,0.022153,-0.024183,0.276593,-0.902583,-0.521421
-0.064111,0.017167,0.023833,-0.035531,-1.555132,-0.399334
-0.049580,0.018274,0.011064,0.147111,-0.346856,0.042053
-0.049563,0.026361,0.003501,0.403883,0.074477,-0.133217
-0.060280,0.013022,0.010526,0.307609,-0.173409,0.038393
-0.045644,0.025357,-0.001574,0.172405,-0.211558,0.171548
-0.049668,0.024970,-0.008122,0.016627,-0.184399,-0.251677
-0.050965,0.018418,-0.018094,0.191932,-0.162669,0.035642
-0.051208,0.025803,-0.007341,0.095498,-0.300830,-0.325384
-0.054855,0.029184,-0.002525,-0.294620,-0.210776,0.001196
-0.053473,0.010389,-0.011651,0.171818,-0.206273,0.111525
-0.045999,0.023210,-0.020004,0.464178,-0.202613,-0.087558
-0.068240,0.023276,0.016372,-0.118169,-1.785214,-0.054346
-0.040507,0.029152,-0.013459,-0.641131,-0.407683,0.214312
-0.046652,0.023837,-0.034979,-0.298539,0.158334,-0.441099
-0.056036,0.031400,-0.028371,-0.836160,0.152248,-0.376475
-0.037490,0.023821,-0.028289,-0.370136,1.378347,-0.286480
-0.044305,0.034679,-0.045949,-0.806185,0.216810,-0.227213
-0.055534,0.026391,-0.026205,-0.802213,1.484051,-0.561158
-0.042522,0.024507,-0.023080,-0.530834,1.796162,-0.281294
-0.040441,0.028288,-0.031953,-0.231397,1.372288,-0.363526
-0.059348,0.014019,-0.017132,-0.628871,0.379383,-0.757346
-0.057576,0.017266,-0.022581,-0.468937,0.005467,-1.135194
-0.062407,0.023837,0.004450,-0.367405,-0.170153,-0.627785
-0.046402,0.021684,-0.002909,-0.119299,-0.015576,-0.642910
-0.046425,0.020016,-0.003622,0.048168,-0.284228,-0.621217
-0.055495,0.016747,0.011274,-0.095882,-0.466898,-0.669137
-0.044587,0.028357,0.006511,-0.072859,-0.445605,-0.510257
-0.047085,0.026670,0.001361,0.279406,-0.140634,-0.582458
-0.044026,0.011410,-0.009980,0.391488,0.102552,-0.493034
-0.042460,0.010750,-0.022279,1.081706,0.247426,-1.090005
-0.051172,0.012769,0.014218,0.480885,-0.444837,-0.793991
-0.030807,0.012122,0.002891,0.350953,0.215944,-0.277900
-0.036456,0.018598,0.002638,0.408468,-0.000720,-0.489049
-0.042289,0.001950,0.002188,0.502773,0.200825,-0.596769
-0.035593,0.025029,0.015597,-0.028913,-2.029244,-0.266142
-0.044958,0.016984,0.015800,0.082650,-1.812084,-0.189674
-0.036148,0.010685,0.004532,0.222144,-1.612446,-0.297876
-0.028996,0.029667,-0.010400,0.297978,-0.326558,-0.029097
-0.049806,0.011351,0.004558,0.094634,-0.614293,-0.080084
-0.021239,0.024576,0.000376,-0.139472,-0.338361,0.323594
-0.030614,0.020584,-0.009510,0.162042,-0.480478,-0.231952
-0.022946,0.018516,-0.020786,-0.059617,0.160779,0.190163
-0.029028,0.022862,-0.007909,-0.218684,-0.635951,-0.017231
-0.028969,0.016124,-0.000707,-0.107488,-0.597553,0.095934
-0.024098,0.022918,-0.015737,-0.074835,-0.476624,-0.141337
-0.036883,0.009582,0.007660,-0.322219,-0.121553,-0.067892
-0.033647,0.025751,0.007772,-0.784550,-2.329482,-0.235550
-0.034484,0.019567,-0.013213,-0.608461,-0.013656,-0.418756
-0.027817,0.013773,-0.013600,-0.113755,-0.080841,-0.410451
-0.025818,0.022285,-0.024938,-0.508500,0.440676,-0.046209
-0.044515,0.004619,-0.002680,-0.361746,-0.359944,-0.728693
-0.033207,0.015388,-0.024206,-0.523718,-0.209145,-0.131910
-0.045401,0.011298,0.002385,-0.753987,-0.626336,-0.470841
-0.029133,0.018365,-0.018550,-0.694671,0.119801,-0.449919
-0.033197,0.015316,-0.020441,-0.422271,0.549827,-0.300640
-0.027735,0.018598,-0.016771,-0.632160,-0.022529,0.009324
-0.025093,0.027244,-0.015731,-0.550414,0.028070,-0.314781
-0.042191,0.008072,-0.010101,-0.543902,-0.161842,-0.871026
-0.029222,0.022803,-0.015708,0.111132,0.557117,-0.255622
-0.046803,0.011193,-0.004423,-0.260736,0.742985,-0.783914
-0.025667,0.026532,-0.014549,-0.153265,1.556672,-0.436963
-0.036962,0.025068,-0.009172,-0.022785,-0.052612,-0.571908
-0.035859,0.015001,-0.019916,-0.075829,0.171588,-0.998063
-0.034592,0.009641,-0.006221,0.346177,0.788664,-1.097288
-0.042716,0.004710,-0.000865,0.310415,0.502386,-1.161713
-0.039929,0.014929,-0.014014,0.440876,0.288555,-1.004149
-0.057428,0.008718,0.013473,0.002733,-0.700798,-0.990862
-0.038751,0.005610,-0.001528,0.154923,-0.505342,-0.633890
-0.045542,0.019547,0.016923,0.272483,-0.230212,-0.647516
-0.040957,0.009138,0.001456,0.276531,-0.222521,-0.499724
-0.037277,0.021868,-0.004951,0.358457,0.229924,-0.738744
-0.048526,0.014600,-0.000274,0.364027,-0.481627,-0.520111
-0.034300,0.023644,-0.013932,0.348199,-0.218237,-0.568593
-0.053089,0.012795,0.012698,0.187774,-0.061872,-1.055414
-0.038561,0.024064,0.003232,0.150583,0.113676,-0.240139
-0.042627,0.027793,0.020635,0.146979,-0.633755,-0.380082
-0.040730,0.016954,0.001095,0.089192,-0.050718,-0.159932
-0.037875,0.024917,-0.008605,0.101406,-0.307001,-0.242633
-0.039187,0.021139,-0.006176,0.079030,-0.363452,-0.135035
-0.044269,0.023109,-0.025397,0.025864,-0.078301,-0.385341
-0.054247,0.024139,-0.008345,-0.562008,-0.712087,-0.309300
-0.039683,0.026345,-0.003513,-0.568858,-0.333123,-0.259485
-0.052770,0.021963,-0.009609,-0.800316,-0.487240,-0.717885
-0.034402,0.017430,-0.023126,-0.652908,0.655180,-0.233836
-0.034710,0.029253,-0.017992,-0.456448,0.175123,-0.355884
-0.040031,0.012119,-0.020021,-0.165220,0.327553,-0.657402
-0.037934,0.025833,-0.026704,0.033121,0.764308,-0.624571
-0.043737,0.016668,-0.013315,-0.020953,1.575756,-1.117190
-0.043865,0.018080,-0.028860,0.229293,0.760897,-0.543787
-0.054188,0.020092,-0.006848,-0.207875,-0.208013,-0.956278
-0.039266,0.009477,-0.004452,0.153213,0.499911,-0.471193
-0.039007,0.017361,-0.009051,0.380531,0.458316,-0.679385
-0.042562,-0.001523,0.002569,0.480396,0.222630,-0.436379
-0.039253,0.011741,0.007040,0.842725,0.451327,-0.572026
-0.064745,0.006486,0.028280,0.112812,-1.551741,-0.386667
-0.048316,0.011840,0.020685,-0.082749,-1.555811,-0.268138
-0.044262,0.013301,0.014340,-0.031040,-0.934364,-0.347898
-0.043015,0.004809,0.002927,0.189155,-0.899878,-0.823556
-0.036795,0.022137,0.001167,0.238143,-0.465343,-0.058616
-0.054727,0.009976,0.008884,0.088529,-0.655071,-0.426319
-0.039719,0.013412,0.006977,0.299948,-0.285563,-0.330488
-0.040418,0.026729,0.006416,0.276140,-0.101865,-0.558276
-0.038820,0.016078,0.006094,0.399261,0.200484,-0.095396
-0.031191,0.022784,0.002746,0.290839,0.039880,-0.438142
-0.045083,0.015293,0.007493,0.352916,0.353173,-0.092590
-0.039155,0.027481,0.004049,0.135711,-1.177369,0.048916
-0.042529,0.020003,0.017698,-0.039552,-1.184978,0.042017
-0.031241,0.021651,0.002250,-0.050082,0.107479,0.095445
-0.040799,0.026224,-0.000858,-0.160907,-1.070010,0.208124
-0.049035,0.014984,0.000764,-0.284445,-0.445333,-0.081410
-0.038196,0.027392,-0.019026,-0.167915,-0.252926,0.034536
-0.042536,0.020660,-0.007403,-0.382773,-0.163122,-0.448459
-0.032370,0.023424,-0.027495,-0.323683,1.122497,0.224179
-0.033200,0.023424,-0.024081,-0.128141,-0.014244,0.325219
-0.048375,0.016724,-0.019069,-0.454554,-0.210195,-0.219814
-0.048611,0.018881,-0.027190,-0.438017,0.005027,-0.546856
-0.055308,0.030487,-0.014434,-0.648913,-0.133642,-0.620626
-0.043625,0.016248,-0.021787,-0.413625,0.424733,-0.194388
-0.042191,0.029555,-0.014014,-0.438161,0.110115,-0.563114
-0.048043,0.012349,-0.013548,-0.344996,0.522875,-0.486016
-0.043615,0.016708,-0.021025,-0.334709,0.310412,-0.471846
-0.045608,0.030107,-0.000474,-0.353468,-0.189168,-0.096821
-0.041731,0.014824,-0.014598,-0.302432,0.153545,-0.230015
-0.045283,0.026568,-0.009872,-0.245804,-0.316734,-0.151523
-0.057953,0.003273,-0.004314,0.000340,-0.099925,-0.445344
-0.047443,0.018530,-0.022003,0.443702,0.112606,-0.666258
-0.062371,0.019980,0.014245,-0.096755,-0.485146,-0.027627
-0.046872,0.010993,0.010033,0.444421,-0.097480,-0.714362
-0.052993,0.018474,0.007443,0.646783,0.345367,-0.337191
-0.042444,0.020693,0.013700,0.463748,-0.274420,-0.088234
-0.055157,0.023916,0.019349,-0.054411,-2.394494,-0.184140
-0.044709,0.021205,0.015600,0.001945,-2.415931,0.515981
-0.035777,0.026529,0.009764,-0.133282,-0.261959,0.315710
-0.043212,0.006069,-0.004180,0.255943,-0.137942,0.069842
-0.029580,0.031177,-0.002332,0.068884,-0.180827,0.061541
-0.047046,0.014768,-0.002965,-0.308173,-1.410399,0.359169
-0.043537,0.025991,-0.021587,0.086474,-1.442062,0.083845
-0.047072,0.019206,0.001709,-0.349604,0.021482,0.357085
-0.040070,0.027556,-0.009993,-0.538246,-0.431744,0.063654
-0.051904,0.019147,0.001791,-0.279137,-1.023807,0.015294
-0.043061,0.024323,-0.007889,-0.558466,-0.274827,0.174433
-0.047042,0.023762,-0.017506,-0.492351,-0.030167,0.136259
-0.032065,0.027589,-0.027630,-0.447030,0.682572,0.316205
-0.042870,0.025935,-0.006100,-0.663661,-0.550824,-0.045618
-0.045132,0.015743,-0.007991,-0.361723,-0.516565,-0.591307
-0.039476,0.020611,-0.029110,-0.058590,0.360365,-0.740500
-0.044292,0.022925,-0.001915,-0.448950,0.906044,-0.088812
-0.031474,0.035332,-0.011342,-0.300551,0.810715,-0.064174
-0.043422,0.028180,-0.006123,-0.393566,-0.172986,0.058511
-0.044279,0.016977,-0.015773,-0.393277,0.122460,-0.404727
-0.046842,0.013291,-0.006389,-0.213793,0.014294,-0.812304
-0.041022,0.020886,-0.009409,0.106241,0.456760,-0.766619
-0.044242,0.020023,-0.014700,-0.052219,0.479763,-0.502481
-0.047289,0.024842,-0.018590,-0.217942,0.162420,-0.183943
-0.043599,0.025757,-0.025736,-0.341392,-0.107711,-0.902522
-0.065040,0.015743,0.001535,-0.507670,-1.361714,-0.646334
-0.042782,0.029726,-0.001528,-0.333927,-0.157667,-0.090351
-0.049954,0.015195,0.007870,-0.329099,-0.303909,-0.512135
-0.045372,0.021691,0.002205,-0.249959,-0.136176,-0.476087
-0.040169,0.025826,-0.002184,0.259065,0.684187,-0.522872
-0.038377,0.030484,0.005096,0.329962,0.262804,-0.015357
-0.042079,0.024884,-0.016226,0.518876,-0.110560,-0.337607
-0.053220,0.022288,0.002109,0.276570,-0.575291,-0.642333
-0.037609,0.034975,-0.002118,0.346824,0.380499,-0.554715
-0.038488,0.021605,0.011563,0.347402,0.036375,-0.905988
-0.040556,0.011646,0.002356,0.770130,0.077448,-0.675774
-0.032209,0.029073,0.009757,0.554622,0.394266,-0.490490
-0.047069,0.002124,0.013217,0.516821,-0.882239,-0.681347
-0.047847,0.020273,-0.002640,0.434101,-2.373713,-0.642392
-0.051355,0.016668,0.024683,-0.072159,-1.476058,-0.701528
-0.030220,0.034758,0.024315,-0.266119,-1.479514,-0.181954
-0.032455,0.030067,0.023163,-0.000100,-1.335996,0.437098
-0.044732,0.008387,0.002306,0.056762,-1.317112,-0.695478
-0.035061,0.023801,0.011921,0.209165,-1.021489,-0.464474
-0.032396,0.020368,-0.007265,0.353487,-0.020920,-0.120293
-0.034001,0.026640,-0.012937,0.303644,0.153738,-0.032232
-0.037041,0.013393,-0.001324,0.062151,-0.039696,-0.652633
-0.031697,0.024041,-0.019509,0.138668,-0.193800,-0.137487
-0.032252,0.016396,-0.001025,0.180020,0.209976,-0.316974
-0.027449,0.032020,-0.002529,0.005877,-0.565601,0.709179
-0.030161,0.032834,-0.004777,-0.014487,-0.206476,0.531369
-0.024636,0.010320,-0.018110,0.226020,1.558894,0.083687
-0.028890,0.028932,-0.004876,0.124258,-1.641992,0.056919
-0.038623,0.018372,-0.005647,-0.233353,0.181501,-0.081370
-0.034825,0.021576,-0.010203,-0.784662,-0.704980,-0.301057
-0.031907,0.020361,-0.003120,-0.275011,-0.276041,0.036814
-0.015639,0.017118,-0.031578,-0.548051,1.706430,0.051241
-0.010604,0.029043,-0.037053,-0.356343,1.309554,0.360082
-0.033108,0.007546,-0.030324,-0.389476,0.180773,-0.112796
-0.021981,0.016107,-0.029999,-0.005168,-0.352620,0.298451
-0.036020,0.012684,-0.014874,-0.844209,-0.241356,-0.215280
-0.022332,0.017059,-0.018311,-1.010441,0.027968,-0.128998
-0.019404,0.023184,-0.021990,-0.928236,-0.025105,-0.335119
-0.033568,0.005180,-0.021655,-0.289427,0.021896,-0.480042
-0.027013,0.007645,-0.027354,-0.630085,0.063393,-0.589872
-0.027197,0.018507,-0.012760,-0.370057,-0.320777,-0.234870
-0.021669,0.016593,-0.021872,-0.440603,-0.174200,-0.317125
-0.029947,0.005019,-0.013111,-0.286191,0.167232,-0.647706
-0.045939,-0.002193,0.004748,0.128174,-0.053127,-1.109850
-0.040704,-0.001707,-0.002604,0.092432,0.351315,-1.102806
-0.041433,0.006785,-0.004154,-0.048273,0.030755,-1.371313
-0.036673,-0.005613,-0.013676,0.354459,0.673375,-0.959803
-0.045116,-0.013130,0.006327,0.508707,0.195724,-2.129037
-0.046980,0.002702,0.006892,0.464358,0.488160,-0.712399
-0.030643,0.022383,-0.011818,0.417649,-0.047925,-0.609144
-0.041328,0.013061,0.018745,0.309962,-0.820598,-0.417797
-0.038170,0.011088,0.007256,0.355227,-0.445897,-0.232395
-0.028776,0.021668,0.011241,0.181603,-0.729001,-0.542225
-0.044292,0.008472,0.006557,0.285616,-0.953389,-0.646586
-0.037658,0.021103,0.008950,0.178494,-0.136032,-0.607030
-0.052547,0.020883,0.020494,0.053729,-1.147410,-0.376452
-0.033273,0.020709,-0.001472,0.280437,0.002654,-0.322767
-0.042559,0.021395,0.006941,-0.001666,-0.411671,-0.690115
-0.041058,0.006860,-0.008861,0.291420,-0.428028,-0.247862
-0.043317,0.020840,-0.010407,0.046097,-0.309433,-0.446850
-0.046471,0.013222,0.006235,-0.187199,-0.235007,-0.655613
-0.045979,0.016819,-0.008470,-0.277148,-0.628726,-0.363447
-0.053138,0.023404,-0.007718,-0.219836,-0.802899,-0.256636
-0.042276,0.021464,-0.009688,-0.190508,-0.306656,-0.567788
-0.040264,0.028718,-0.021396,-0.129812,0.016893,-0.256653
-0.057845,0.017778,0.000005,-0.752776,-0.633650,-0.857927
-0.051264,0.024989,-0.009402,-0.840053,-0.658330,-0.305325
-0.041295,0.023962,-0.007905,-0.226014,0.826609,-0.404261
-0.047561,0.016297,-0.009573,-0.273816,-0.650423,-0.281307
-0.040451,0.025465,-0.016571,-0.136892,-0.424548,-0.517922
-0.052284,0.005186,-0.009182,0.021987,0.564279,-0.926973
-0.041436,0.015392,-0.053269,0.073541,1.085997,-0.705690
-0.063963,0.013652,-0.025325,-0.465533,-0.157992,-0.726623
-0.041380,0.018306,-0.019650,-0.389847,0.921254,-0.184626
-0.058570,0.020144,-0.011408,-0.231574,-0.248935,-0.627342
-0.043323,0.010579,-0.011598,-0.023757,0.193000,-0.731277
-0.053089,0.013681,0.001975,-0.254834,-0.305747,-0.857493
-0.049386,0.009450,-0.001029,-0.049652,-0.013453,-0.233410
-0.040192,0.014765,-0.016203,0.138980,-0.112244,-0.340131
-0.053597,0.000909,0.000409,-0.039847,-0.659364,-0.343509
-0.047413,0.016265,-0.014208,0.529131,-0.330835,-0.533323
-0.053118,0.010711,0.010361,0.101491,-0.942429,-0.537777
-0.039270,0.013865,0.007043,0.170436,-0.297311,0.205840
-0.043402,0.015835,0.004936,0.230977,-0.623228,-0.240306
-0.043954,0.009660,-0.004981,0.523905,0.003875,-0.144183
-0.040386,0.020939,0.002579,0.301461,-0.229280,-0.074887
-0.057300,0.007586,0.010092,0.540038,-0.075222,-0.338940
-0.051493,0.012966,-0.009747,0.450063,-1.495769,-0.226293
-0.058537,0.012336,0.013664,-0.108299,-0.976533,-0.170065
-0.041505,0.010360,0.000665,-0.077208,-0.322911,-0.138806
-0.043389,0.011846,0.001830,0.018577,-0.749661,0.172520
-0.032005,0.017023,-0.004623,-0.039046,-0.204189,0.831808
-0.032609,0.025035,-0.003671,0.091529,0.371518,0.366003
-0.047787,0.015132,0.007470,-0.263322,-0.343915,0.224609
-0.037464,0.024563,0.001427,-0.539457,-0.819157,0.297010
-0.038229,0.020640,-0.014221,-0.270425,-0.249082,0.085181
-0.038426,0.006877,-0.009842,-0.031651,0.097339,-0.100172
-0.025972,0.030297,-0.032573,-0.384411,1.183590,0.042220
-0.049301,0.009365,-0.019338,-0.491022,0.479855,-0.186133
-0.032800,0.016636,-0.038961,-0.407309,1.652056,0.098635
-0.049379,0.011551,-0.020720,-0.274797,1.143630,-0.324448
-0.037116,0.010445,-0.037900,-0.125775,1.600516,-0.381520
-0.036841,0.018559,-0.022988,-0.126412,1.005856,-0.566196
-0.052839,0.002275,-0.014969,-0.282984,0.080025,-0.445573
-0.041853,0.020916,-0.003898,-0.303611,0.047358,-0.212481
-0.045096,0.015303,0.000596,-0.066228,-0.089284,-0.341093
-0.052888,0.008173,-0.002473,0.248889,-0.676994,-0.211952
-0.043159,0.015451,-0.005325,0.404254,-0.553903,-0.294709
-0.047170,0.016603,0.013687,0.136587,-0.376077,-0.029984
-0.045152,0.006788,-0.000766,0.561669,-0.195651,-0.172924
-0.044883,0.018080,-0.013410,0.641797,-0.322084,-0.539500
-0.056499,0.012444,0.020077,0.250297,-0.868301,-0.240930
-0.046481,0.017043,0.018423,0.030899,-0.517425,-0.069150
-0.050285,0.015073,0.000051,0.627023,-0.010216,-0.658610
-0.058134,0.011738,0.012846,0.455315,-0.545273,-0.321090
-0.051835,0.019002,0.017822,0.439645,-1.177182,-0.241951
-0.059604,0.021645,0.029419,-0.017871,-3.614146,-0.265574
-0.047138,0.014026,-0.000228,0.103330,-0.336192,-0.093679
-0.039621,0.023388,-0.000740,0.252789,-0.343075,0.080195
-0.054507,0.022830,0.019083,-0.180237,-1.047903,0.328856
-0.042801,0.016865,0.011776,-0.131811,-1.007509,0.095159
-0.046557,0.028623,0.004955,-0.039506,-1.773135,-0.181396
-0.056696,0.013176,0.014376,-0.052938,-0.687272,-0.061659
-0.041531,0.024385,0.000865,-0.316800,-0.231377,0.081911
-0.041147,0.030320,-0.013843,-0.122804,-0.031250,0.255693
-0.052603,0.012618,-0.009235,-0.063523,-0.066484,-0.064305
-0.036877,0.025744,-0.020907,-0.191250,0.038128,0.103914
-0.046136,0.020269,-0.003907,-0.167317,-0.254906,0.077802
-0.035964,0.015421,-0.014300,-0.340801,-0.036643,0.431662
-0.038367,0.022429,-0.013597,-0.491586,-0.008555,-0.003685
-0.052691,0.015667,-0.004797,-0.483800,-0.044616,-0.279121
-0.044577,0.014637,-0.022847,-0.459812,0.043061,-0.147268
-0.042897,0.013465,-0.017477,-0.430063,0.008307,-0.334020
-0.044226,0.005190,-0.017073,-0.227245,0.050404,-0.377961
-0.041475,0.026591,-0.032941,-0.397892,0.361599,-0.259052
-0.052672,0.009211,0.000800,-0.365931,0.213738,-0.549174
-0.031231,0.018510,-0.020773,-0.111040,0.958005,-0.274420
-0.038255,0.014141,-0.006924,0.230343,0.607916,-0.551652
-0.047410,0.009562,-0.002194,0.314334,0.522379,-0.433428
-0.042145,0.009936,-0.025191,0.554415,0.877834,-0.579004
-0.045096,0.020302,0.004903,0.319649,-0.595590,-0.241114
-0.036962,0.008935,0.000974,0.051700,0.454459,-0.738708
-0.046901,0.018267,0.017212,0.321415,-1.226780,-0.755002
-0.061751,0.005456,0.030043,0.332723,-4.532526,-0.577635
-0.037376,0.011846,-0.012589,0.514668,0.055610,-0.497488
-0.051785,0.008236,0.014382,0.117904,-0.713252,-0.200693
-0.034707,0.006053,0.007059,0.263161,0.028415,-0.194647
-0.029225,0.016091,0.009872,0.325695,0.288177,-0.379373
-0.048194,0.004070,0.020862,0.285062,-1.188743,-0.302308
-0.033617,0.025570,0.005119,0.055147,-0.800161,-0.048359
-0.039726,0.018726,0.003757,0.175208,-0.527226,-0.067023
-0.034832,0.010133,-0.009090,0.102801,-0.129398,-0.145410
-0.035570,0.024172,-0.021386,0.545421,-0.229801,0.109536
-0.044899,0.023621,0.009836,-0.476392,-0.749940,-0.076568
-0.028641,0.032247,-0.002896,-0.473582,-0.367007,0.110344
-0.034517,0.028541,-0.013180,-0.394147,-0.000651,0.024039
-0.036184,0.024343,-0.012097,-0.173344,0.205207,0.032931
-0.040182,0.027064,-0.015987,-0.169287,-0.287218,-0.226520
-0.045523,0.020144,-0.003254,-0.400328,-0.394045,-0.282384
-0.034865,0.022797,-0.021107,-0.337699,0.315379,0.033758
-0.032629,0.028121,-0.015409,-0.241599,0.021010,-0.092839
-0.045785,0.011499,0.002001,-0.399392,-0.381768,-0.501040
-0.027660,0.024293,-0.013807,-0.424424,0.436494,-0.498161
-0.034855,0.021300,-0.014598,-0.649908,0.651632,-0.207639
-0.031674,0.017522,-0.018997,-0.269805,0.796331,-0.073883
-0.030686,0.027609,-0.021396,-0.070584,0.888955,-0.649800
-0.048451,0.017450,-0.008621,-0.301720,-0.203939,-0.860526
-0.033755,0.022462,-0.020838,-0.465734,0.948541,-0.586813
-0.033371,0.024664,-0.021439,-0.369637,1.385089,-0.059539
-0.036355,0.010556,-0.020379,-0.398581,0.455306,-0.185867
-0.037438,0.020460,-0.039384,-0.214837,0.166274,-1.033708
-0.049888,0.016104,-0.002647,-0.524010,-0.122814,-0.496218
-0.032403,0.011961,-0.011615,-0.302997,0.274266,-0.353028
-0.030190,0.026352,-0.002095,-0.709412,-0.220417,-0.495361
-0.039089,0.016071,-0.005562,-0.179341,0.211099,-0.627020
-0.038649,0.019084,-0.008266,-0.193862,-0.496637,-0.690847
-0.048319,0.014824,0.010391,-0.277095,-0.733180,-0.704420
-0.030443,0.015927,-0.007022,0.017454,-0.020667,-0.933842
-0.034677,0.014794,-0.001170,-0.123841,-0.267927,-0.794418
-0.030811,0.010323,0.010296,0.450897,0.370074,-0.517938
-0.028195,0.032434,0.005300,0.437665,-0.004042,-0.644046
-0.037622,0.023860,0.015633,0.258563,-0.294331,0.071102
-0.031861,0.013698,0.015246,0.251341,-0.139219,-0.823260
-0.021105,0.023026,-0.008867,0.507411,1.244141,-0.316258
-0.024318,0.007350,-0.008749,0.340843,-0.265052,-0.348288
-0.032577,0.018319,0.016240,0.088660,-1.682090,-0.343552
-0.044869,0.016800,0.016299,0.082210,-1.218672,-0.176321
-0.020661,0.025062,0.001702,-0.055353,-0.333989,-0.201241
-0.025729,0.030648,0.008914,-0.281494,-0.715287,-0.018794
-0.019250,0.020982,0.001784,-0.156866,-0.744353,0.021840
-0.021426,0.029306,-0.001321,-0.523153,-1.247758,0.140877
-0.041364,0.022370,0.008464,-0.555124,-1.057984,0.082249
-0.020993,0.023542,-0.015652,-0.259446,-0.538236,0.474442
-0.042565,0.017942,0.000409,-0.498197,-0.718947,-0.038932
-0.027436,0.021215,-0.016797,-0.483216,-0.106881,0.501887
-0.034648,0.030652,-0.015521,-0.533542,-0.244156,-0.100733
-0.045910,0.000351,-0.018307,-0.551192,0.098311,-0.082388
-0.033876,0.021080,-0.032599,-0.476999,0.648618,0.196744
-0.039821,0.029857,-0.008191,-0.728161,-0.049615,0.211220
-0.039178,0.010602,-0.021984,-0.489984,-0.026218,-0.180283
-0.037983,0.020542,-0.004977,-0.500403,-0.247425,-0.225269
-0.047643,0.011797,-0.014073,-0.104278,0.021843,-0.486541
-0.048096,0.013445,-0.015386,-0.266033,0.058114,-0.218071
-0.047384,0.023187,-0.004899,-0.100228,-0.034270,-0.201905
-0.039122,0.011390,-0.011782,0.091270,1.300645,-0.323086
-0.045825,0.023880,-0.007912,0.205686,0.501349,-0.305856
-0.053686,0.010845,0.010568,0.212799,-0.054280,-0.406939
-0.043373,0.013672,0.006882,0.376126,0.835327,-0.179138
-0.048716,0.018123,0.009859,0.609265,-0.089165,-0.150758
-0.051549,0.008433,0.017156,0.305508,-0.658163,-0.134923
-0.054359,0.018336,0.011011,0.224402,-1.676503,-0.397522
-0.053282,0.025117,0.018266,0.177605,-0.728719,-0.299311
-0.049291,0.009939,0.010558,0.409082,-0.628391,-0.098816
-0.045903,0.028932,-0.007383,0.352558,-0.299278,-0.250528
-0.055239,0.021149,0.021495,-0.045729,-0.662804,0.159295
-0.048716,0.034607,0.001656,0.136436,-0.040346,-0.228214
-0.047768,0.031019,0.011143,-0.103224,-0.609448,-0.252333
-0.033348,0.026089,-0.004094,0.087735,-0.080930,0.451665
-0.038564,0.032063,-0.018110,-0.057835,0.726786,-0.098866
-0.051004,0.021585,0.004378,0.043241,-0.100473,-0.069232
-0.042138,0.033425,-0.006212,-0.319048,-0.358292,0.274430
-0.047522,0.030432,-0.000123,-0.163631,0.322367,0.431652
-0.050893,0.015145,0.003173,-0.399763,-1.820113,-0.114533
-0.040041,0.035089,-0.000641,-0.297791,-0.276149,0.019716
-0.051106,0.030560,-0.012573,-0.479812,-0.050787,0.100289
-0.041574,0.030681,-0.025591,-0.594894,0.392165,0.029967
-0.046632,0.028895,-0.020999,-0.284425,1.184998,0.307700
-0.043264,0.016311,-0.028171,-0.403719,0.396888,0.034191
-0.045982,0.025022,-0.020927,-0.594835,-0.170084,-0.310422
-0.063517,0.011528,-0.025555,-0.222416,0.125598,-0.397978
-0.050857,0.021008,-0.025933,-0.629206,-0.041757,-0.510628
-0.047016,0.023260,-0.017257,-0.596526,0.365610,-0.174615
-0.041955,0.020932,-0.010164,-0.644600,-0.177033,-0.092005
-0.043258,0.027221,-0.012859,-0.677543,0.038380,-0.185319
-0.042575,0.009634,-0.033794,-0.341067,-0.029149,-0.159955
-0.040326,0.020909,-0.010997,-0.247458,0.123412,-0.873971
-0.045946,0.010563,-0.012241,-0.101951,1.279237,-0.183930
-0.038754,0.021320,-0.024846,0.334456,1.998180,-0.364054
-0.053991,0.022636,0.011024,-0.289575,-0.007574,-0.766658
-0.038478,0.009509,0.005562,0.136236,0.231444,-0.403492
-0.039755,0.020082,-0.002814,0.022588,0.336268,-0.583052
-0.048890,-0.000384,-0.010476,0.081367,-0.064176,-0.489732
-0.044387,0.021543,-0.026536,0.270087,-0.006560,-0.220510
-0.052064,0.014856,0.010210,0.090131,-0.301523,-0.467589
-0.042828,0.012490,0.011678,-0.138849,-1.362581,0.011316
-0.036680,0.023417,0.006820,0.293891,-0.263719,-0.114493
-0.038278,0.013068,0.003616,0.107846,-0.457127,-0.050656
-0.030217,0.025222,-0.009035,0.017113,-0.258746,0.292959
-0.040133,0.008121,-0.005293,0.239341,-0.229089,0.069094
-0.024380,0.020670,-0.016870,0.419395,0.210662,0.207176
-0.055793,0.013583,0.006035,-0.160014,-0.432817,-0.070423
-0.030853,0.021060,0.005562,-0.124160,-0.241234,0.225292
-0.045171,0.014131,0.006514,0.072681,-0.594438,-0.319534
-0.027335,0.013980,-0.005312,0.006928,0.047118,-0.040510
-0.034306,0.024477,-0.001055,-0.283992,-0.049363,0.108883
-0.047646,0.016403,0.006022,-0.190688,-2.023411,0.373917
-0.034773,0.024339,-0.022647,-0.201550,-0.621308,0.268922
-0.038797,0.017056,-0.014447,-0.492948,0.233633,0.078793
-0.027233,0.030615,-0.017339,-0.404766,0.778196,0.125949
-0.040681,0.015772,-0.012324,-0.447979,-0.341247,0.117703
-0.041672,0.015106,-0.009179,-0.381227,-0.130984,-0.207826
-0.039237,0.018178,-0.022890,-0.372768,0.220641,-0.127745
-0.042184,0.007822,-0.028263,-0.519661,0.107223,-0.182932
-0.036017,0.019383,-0.042771,-0.428941,0.396501,-0.060756
-0.049268,0.018894,-0.003481,-1.190240,-0.415164,-0.251404
-0.035304,0.008695,-0.018882,-0.627948,0.386207,-0.348377
-0.032242,0.019527,-0.016706,-0.456044,0.321116,-0.478795
-0.043678,0.008791,-0.009540,-0.053430,-0.172822,-0.270409
-0.034707,0.017821,-0.009967,-0.052212,-0.262068,-0.159262
-0.047092,0.014426,0.010158,0.091549,-0.296346,-0.362514
-0.037477,0.023030,0.002434,0.315457,0.012902,-0.504457
-0.045158,0.025623,0.005254,0.390950,-0.021931,-0.354574
-0.050390,-0.000322,0.002178,0.492548,-0.163647,-0.692797
-0.044226,0.015500,-0.003280,0.864474,-0.522129,-0.497170
-0.051891,0.010218,0.014868,0.320765,-0.316937,-0.827423
-0.034464,0.014213,0.003216,0.307123,0.182647,-0.091378
-0.029852,0.019541,0.006931,0.490070,0.284025,0.024909
-0.053253,0.010576,0.018183,0.237525,-1.192928,-0.158954
-0.027226,0.017781,0.001985,0.161123,0.108352,-0.177713
-0.033555,0.024192,-0.002460,-0.107301,-0.195792,-0.038472
-0.028828,0.016836,0.001413,-0.482467,-0.469406,0.370773
-0.027870,0.034489,-0.024249,-0.205998,-0.257538,0.093715
-0.035593,0.025685,-0.011473,-0.388088,0.137316,0.279662
-0.036174,0.025035,-0.002082,-0.449676,-0.062489,0.226824
-0.032281,0.015940,-0.010627,-0.385675,-0.475554,0.072284
-0.046842,0.005672,-0.021810,-0.301389,-0.158868,-0.248853
-0.043103,0.017886,-0.042502,-0.266486,0.332720,-0.674635
-0.058304,0.012178,0.005451,-0.843112,-2.130796,-0.630788
-0.031602,0.015815,-0.027731,-0.527890,0.682483,-0.034198
-0.031648,0.019865,-0.021281,-0.375706,0.674628,-0.286575
-0.046202,0.008971,-0.005667,-0.571513,-0.134900,-0.417019
-0.042358,0.014893,-0.009881,-0.593299,-0.027262,-0.797323
-0.041370,0.015040,-0.002181,-0.140598,-0.367946,-0.931181
-0.034874,0.008485,-0.011263,0.189953,0.456704,-0.513132
-0.032925,0.017263,-0.014401,0.505169,0.086471,-0.812294
-0.050010,0.015191,0.015062,0.146579,-0.332749,-0.689761
-0.040609,0.007927,0.000668,0.228879,0.182003,-0.976908
-0.034825,0.022288,-0.002171,0.561210,0.502081,-0.453280
-0.047006,0.003023,0.001883,0.418365,-0.071391,-1.043886
-0.028441,0.016071,-0.005910,0.565979,0.285056,-0.618213
-0.042637,0.016810,0.014245,0.415230,-0.040034,-0.428610
-0.038331,0.004238,0.005776,0.695714,0.018587,-0.441624
-0.036033,0.021073,0.011884,0.433054,-0.836796,0.105998
-0.047515,0.000742,0.031661,0.068588,-1.331680,-0.476428
-0.029416,0.030208,0.010995,-0.154585,-0.642939,0.009465
-0.032984,0.023929,0.009472,0.094323,-0.189844,-0.066353
-0.027673,0.008771,-0.006934,0.306880,-0.277915,0.041406
-0.023323,0.028479,-0.017766,-0.159761,-0.051309,-0.088184
-0.047548,0.016938,-0.004147,-0.521453,-0.759659,0.120401
-0.026540,0.025419,-0.016692,-0.424582,0.444191,0.338024
-0.028254,0.029099,-0.026261,-0.356432,0.213919,-0.019293
-0.033358,0.017230,-0.024560,-0.277542,-0.212555,0.054188
-0.040983,0.018516,-0.027328,-0.008533,0.000865,-0.173702
-0.043875,0.018930,-0.000474,-0.615583,-0.560773,-0.372401
-0.038117,0.019019,-0.021317,-0.476188,0.136906,-0.276728
-0.034448,0.022163,-0.013998,-0.577931,0.037369,-0.240634
-0.046399,0.007313,-0.011992,-0.483597,-0.370319,-0.163920
-0.028024,0.014952,-0.035202,-0.212290,0.140822,-0.352490
-0.043057,0.018644,0.003084,-0.459428,-0.557763,-0.124541
-0.038587,0.010136,-0.017999,-0.458844,0.274936,-0.358090
-0.037385,0.020496,-0.017464,-0.269733,-0.023697,-0.298011
-0.047390,0.014725,-0.003645,-0.597025,-0.122650,-0.632433
-0.038219,0.021418,-0.010269,-0.144012,0.916150,-0.458667
-0.036184,0.023519,-0.010239,0.095238,0.842023,-0.471354
-0.032715,0.014321,-0.005828,0.370454,1.001828,-0.206969
-0.039119,0.018743,-0.021767,0.346850,0.040849,-0.864961
-0.050085,0.013366,0.003101,0.059791,-0.399136,-0.542579
-0.038639,0.004431,-0.019089,0.409794,0.734710,-0.670529
-0.035419,0.018507,0.002887,0.436707,0.239988,-0.550299
-0.058981,0.000565,0.014977,0.188853,-0.854489,-0.740550
-0.049603,0.009605,0.025900,0.000684,-1.207686,-0.281251
-0.041882,0.019321,0.020521,-0.066281,-1.622891,0.030558
-0.052209,0.011394,0.015295,0.197798,-1.163120,-0.217148
-0.039014,0.016777,0.007824,0.172943,-0.371934,0.247606
-0.042650,0.018776,0.002874,0.129080,-0.102965,-0.156239
-0.039844,0.010816,0.004968,-0.222682,-0.893954,0.022739
-0.032895,0.025492,-0.031230,-0.148749,-0.875263,0.112704
-0.056486,0.012743,-0.009908,-0.443305,-0.933175,0.100483
-0.034615,0.020177,-0.020556,-0.672711,-0.046087,0.089478
-0.038062,0.020174,-0.026681,-0.617914,0.235166,0.012951
-0.046678,0.007737,-0.015800,-0.498551,0.353110,-0.213603
-0.041246,0.015789,-0.035159,-0.701327,0.585563,-0.131939
-0.043146,0.011938,-0.009090,-0.589025,0.208128,-0.172418
-0.040783,0.017578,-0.020109,-0.400558,-0.053403,0.156160
-0.038623,0.021185,-0.028332,-0.514117,0.177191,-0.446066
-0.052458,0.013077,-0.006179,-0.544758,-0.281736,-0.505908
-0.040343,0.015195,-0.003937,-0.349791,-0.142833,-0.111631
-0.044974,0.022567,-0.008470,0.132527,0.116785,0.185754
-0.038387,0.008298,-0.003231,0.304930,0.105615,-0.284819
-0.037067,0.019636,0.007049,0.432036,0.224967,-0.478637
-0.052143,0.004477,0.012846,0.586527,-0.239760,-0.233689
-0.044387,0.018408,-0.004531,0.693341,-0.035310,-0.093443
-0.050597,0.026004,0.015577,0.096141,-0.559572,0.157568
-0.044334,0.010619,0.004076,0.304517,-0.422953,-0.116335
-0.044410,0.021346,0.001798,0.064157,-0.702761,-0.225483
-0.060491,0.022528,0.011737,-0.370786,-0.238241,-0.034481
-0.049363,0.027950,0.014333,-0.666317,-2.474451,-0.255609
-0.032472,0.024320,0.003376,-0.314499,0.127095,0.120011
-0.042217,0.020660,0.004781,-0.325751,-0.575820,0.070190
-0.041679,0.015680,-0.024452,-0.098947,0.128030,-0.142397
-0.045818,0.023473,-0.010722,-0.297525,0.562934,-0.334840
-0.042857,0.016777,-0.018225,-0.296915,0.448590,-0.397689
-0.044397,0.020529,-0.041787,-0.237174,1.019964,-0.347442
-0.056299,0.021517,-0.012606,-0.353688,0.578755,-0.655298
-0.043143,0.018556,-0.016525,-0.169159,0.738951,-0.567421
-0.050925,0.027175,-0.007554,-0.075557,0.066504,-0.735626
-0.045999,0.009736,-0.004584,0.157539,0.375090,-0.540429
-0.057740,0.025203,-0.004311,0.190321,-0.615908,-1.140666
-0.053666,0.026109,0.019034,-0.035340,-1.129944,-0.524638
-0.043563,0.016619,0.011530,0.007495,-0.280971,-0.492854
-0.045470,0.025393,0.002497,0.463314,-0.079794,-0.040813
-0.060911,0.020227,0.031014,-0.018554,-0.859357,-0.511222
-0.039910,0.027793,0.017310,-0.147918,-0.218438,0.061659
-0.054973,0.019166,0.002418,0.365869,-0.451113,-0.050545
-0.054457,0.011686,0.004565,0.110738,-0.545693,-0.435811
-0.041242,0.038851,-0.017720,0.069819,0.040524,-0.013907
-0.057113,0.031062,0.018400,-0.071326,-0.685207,-0.215373
-0.034842,0.023768,-0.003110,-0.000868,-0.210425,0.316819
-0.033446,0.021503,-0.019128,0.059506,-0.060523,0.510601
-0.058990,0.021297,0.010880,-0.356556,-1.231221,-0.314542
-0.029865,0.016819,-0.025854,-0.118123,1.688029,-0.081278
-0.037783,0.031328,-0.023300,-0.999944,-0.262563,-0.641194
-0.036841,0.008032,-0.019433,0.077592,0.992247,0.065890
-0.040881,0.022662,-0.028040,-0.068700,0.852770,-0.237414
-0.039207,0.016140,-0.010108,-0.211739,0.626107,-0.570834
-0.033135,0.012103,-0.013715,0.326187,0.451134,-0.190583
-0.031077,0.013353,-0.029904,0.370589,0.409299,-0.204077
-0.055084,0.011197,0.000941,0.251292,-0.404765,-0.329093
-0.028907,0.000384,0.000544,0.361214,0.659309,-0.341480
-0.040346,0.009572,0.001640,0.350310,-0.454268,-0.571812
-0.042037,-0.001244,0.009675,0.329716,-1.023823,-0.593181
-0.038150,0.018402,-0.010174,0.309385,-0.662949,-0.212533
-0.052370,0.012263,0.022516,-0.148781,-1.856880,-0.030735
-0.030505,0.013022,0.019936,-0.087505,-0.514011,-0.245810
-0.033555,0.030300,0.012869,-0.115747,-0.555061,0.501929
-0.031267,0.019544,0.002874,0.203148,-0.157430,-0.072081
-0.021308,0.021855,-0.005000,-0.114434,-0.104649,0.125161
-0.044525,0.010855,0.001975,0.012189,-0.465832,0.192073
-0.036345,0.026988,-0.006533,-0.421250,-0.237788,-0.041689
-0.031162,0.023863,-0.005880,-0.244080,-0.313796,0.106251
-0.028628,0.012910,-0.009606,-0.127285,-0.285688,0.219295
-0.022017,0.022088,-0.016903,-0.127544,-0.380199,-0.021515
-0.043087,0.019603,0.003682,-0.768089,-1.632919,0.005247
-0.031726,0.020141,-0.010873,-0.874965,0.006764,-0.234568
-0.031713,0.026880,-0.016771,-0.589747,0.330156,0.059335
-0.022293,0.022393,-0.027784,-0.432309,1.385870,0.489600
-0.026951,0.030576,-0.023536,-0.364763,0.848611,-0.309946
-0.025109,0.012700,-0.011096,0.126152,1.671561,-0.306608
-0.032452,0.028971,-0.017674,0.294131,0.358060,-0.167518
-0.055941,0.012237,-0.006271,0.138337,-0.130944,-1.163673
-0.041961,0.017059,0.001134,0.359960,0.162506,-1.062212
-0.031805,0.020929,0.011346,0.388803,0.047299,-0.867150
-0.034727,0.008111,0.002549,0.549452,0.017481,-0.307133
-0.034247,0.021316,0.001834,0.862157,0.183405,-0.498923
-0.040645,0.011433,0.018771,0.462372,-1.067765,-0.667407
-0.030574,0.026818,-0.005936,0.273409,-0.460426,-0.421779
-0.040320,0.036898,0.006232,-0.351964,-0.468372,-0.199443
-0.030663,0.031114,-0.002663,-0.215651,-0.560993,-0.284881
-0.034684,0.037390,0.005382,-0.393766,-1.510688,-0.292956
-0.028644,0.013593,-0.015091,0.032974,0.648284,-0.058800
-0.020783,0.023739,-0.039574,-0.030735,1.527668,0.008470
-0.050912,0.034787,-0.015009,-0.766251,0.645812,-0.668865
-0.032925,0.029811,-0.038796,-0.488474,1.045130,-0.603364
-0.034110,0.031239,-0.027751,-0.498151,1.342526,-0.473333
-0.030653,0.016531,-0.024780,-0.149897,1.277179,-0.140100
-0.027200,0.019908,-0.016043,-0.324454,0.572479,-0.252182
-0.048959,-0.012329,-0.004314,0.295710,-0.344611,-0.538545
-0.029547,0.016508,-0.004971,0.108759,0.075180,-0.079489
-0.042933,-0.000804,0.018755,-0.015770,-0.463042,-0.152510
-0.036919,0.017939,0.009341,0.212421,-0.227281,-0.652357
-0.042066,0.014827,0.014671,0.049954,-0.665742,-0.143507
-0.033693,0.007159,0.010220,0.222794,-0.008240,0.138327
-0.029018,0.030510,0.009954,0.231112,-0.369824,0.279921
-0.038160,0.006027,0.000068,0.142525,-0.416139,-0.305298
-0.024778,0.026808,-0.030039,0.608054,0.048490,0.119449
-0.038564,0.024894,0.007489,-0.165361,-0.117151,0.322675
-0.027390,0.015772,-0.001203,-0.227786,-0.509980,0.494879
-0.032350,0.021694,-0.005010,-0.151256,-0.070928,0.136049
-0.035921,0.014151,-0.011795,0.153331,-0.263469,0.262370
-0.040786,0.014735,-0.002220,-0.708562,-0.558495,-0.341736
-0.039972,0.016183,-0.007472,-0.486157,-0.239097,-0.055800
-0.038652,0.023286,-0.036141,-0.432834,-0.389298,-0.014438
-0.040845,0.016320,-0.003100,-0.618121,0.544713,0.012622
-0.019037,0.025826,-0.024859,-0.179279,1.519741,0.059397
-0.039982,0.019311,-0.007725,-0.428836,-0.305609,-0.473953
-0.031490,0.011397,-0.006901,-0.163805,-0.083336,-0.618853
-0.035219,0.019015,-0.018816,-0.264487,0.150141,-0.320194
-0.033131,0.005439,-0.015951,0.262242,0.455989,-0.508767
-0.037687,0.020909,-0.007443,-0.044249,0.631586,-0.584965
-0.048122,-0.008016,-0.007262,0.252444,-0.150934,-0.157047
-0.034490,0.017089,-0.010919,0.048116,0.392070,-0.151772
-0.054799,0.006138,0.006015,0.020458,-0.912197,-0.479665
-0.035518,0.018658,0.009114,0.124475,-0.209956,-0.180795
-0.047984,0.016376,0.023311,0.126569,-0.573194,0.215497
-0.034421,0.016291,0.027269,-0.065312,-0.301191,-0.345373
-0.038423,0.021389,0.022631,0.111913,-0.374495,-0.035091
-0.032888,0.018293,0.006767,0.380216,-0.607817,0.264340
-0.014563,0.024609,-0.022236,0.642345,3.821574,0.388852
-0.041669,0.014289,0.001830,0.189969,-0.091995,-0.025178
-0.038311,0.026161,-0.020733,0.197657,-0.146001,0.381270
-0.043130,0.017492,-0.003100,0.005828,-0.356989,-0.237929
-0.038275,0.015024,-0.008946,-0.176958,-0.373559,0.179078
-0.040993,0.027258,0.002569,-0.057159,-0.096718,0.211673
-0.039040,0.019636,-0.019962,-0.141455,0.754083,-0.020783
-0.033880,0.024162,-0.011391,-0.408780,0.209569,0.002355
-0.046346,0.016304,-0.023536,-0.169156,-0.075517,-0.293038
-0.037868,0.026020,-0.027787,-0.352814,-0.407004,-0.522382
-0.045257,0.013399,-0.003431,-0.872792,-0.381896,-0.469919
-0.044410,0.022695,-0.011887,-0.722190,-0.418699,-0.572712
-0.047417,0.012162,-0.002466,-0.097753,-0.178277,-0.669521
-0.044151,0.013557,-0.002434,0.189595,0.252550,-0.558056
-0.037297,0.028771,-0.005769,0.107462,0.373816,-0.220943
-0.046425,0.003637,0.003380,0.681347,0.255215,-0.718547
-0.045608,0.017627,-0.011368,0.471734,-0.223365,-0.879735
-0.057999,0.009539,0.022815,0.447464,-0.121960,-0.575384
-0.048283,0.021284,0.002999,0.164773,-0.297295,-0.186500
-0.049484,0.009749,0.017964,0.506820,-0.474898,-0.603596
-0.033053,0.017870,0.009639,0.536037,0.134572,0.090075
-0.036535,0.034545,-0.000418,0.070666,-0.385172,0.125850
-0.054260,0.013097,0.016605,-0.212333,-1.395011,0.072711
-0.032826,0.027238,-0.006556,0.056062,-1.051537,0.346939
-0.046816,0.018362,0.012528,-0.304763,-0.434028,0.066635
-0.039539,0.022340,-0.006205,0.223135,-0.138225,-0.036306
-0.052064,0.014013,-0.000815,-0.065020,-0.733423,-0.457082
-0.039361,0.017436,-0.007508,-0.214919,0.140431,0.068322
-0.040195,0.025734,-0.026241,-0.672829,0.486643,-0.154503
-0.029560,0.021776,-0.033735,-0.088650,1.925526,0.254397
-0.039988,0.022134,-0.026287,-0.186126,0.363299,-0.405567
-0.048844,0.010494,-0.024088,-0.217404,0.445596,-0.257647
-0.040802,0.022015,-0.035504,-0.191296,-0.038741,-0.397302
-0.048986,0.004907,-0.011270,-0.446114,0.010191,-0.341287
-0.043504,0.020712,-0.023126,0.004732,-0.108998,-0.261054
-0.056857,0.010048,-0.001275,-0.537051,-0.513079,-0.316436
-0.045523,0.011354,-0.003950,-0.047295,-0.310910,-0.238586
-0.056873,0.011288,0.020386,-0.099433,-2.397218,-0.250603
-0.031753,0.009851,-0.007981,0.157457,-0.220013,-0.210028
-0.044272,0.017627,0.000078,0.256537,-0.108643,-0.266418
-0.042240,0.007290,0.001276,0.412154,-0.188177,0.029494
-0.043484,0.013166,-0.016131,0.583068,-0.077890,-0.262732
-0.051388,0.005095,0.014697,0.183382,-0.350316,-0.030981
-0.035547,0.020594,-0.011250,-0.035820,0.121022,0.231889
-0.048851,0.016931,-0.000979,-0.407726,-0.046976,0.060772
-0.040038,0.011567,-0.012836,-0.199571,-0.006996,0.067062
-0.041790,0.007192,-0.006770,-0.404487,0.124791,-0.048089
-0.038797,0.008252,-0.015281,-0.429653,0.055298,-0.056424
-0.037175,0.018119,-0.013574,-0.505356,-0.078107,0.038616
-0.048194,0.008836,-0.010512,-0.330799,-0.126982,0.138993
-0.047361,0.005804,-0.024436,-0.359415,-0.394360,-0.276567
-0.054165,0.003608,-0.014700,-0.171109,-0.341614,-0.409207
-0.048943,0.018431,-0.015550,0.088342,-0.200220,-0.252248
-0.056230,0.004806,0.017790,0.068595,-0.325435,-0.455926
-0.039365,0.017026,0.000481,0.191535,0.079624,0.027610
-0.053607,0.009585,0.009672,0.437744,-0.246361,-0.336642
-0.045303,0.003358,0.014753,0.472676,-0.079879,-0.989949
-0.042949,0.013530,0.004735,0.580668,-0.257646,-0.877660
-0.054812,0.002761,0.028412,0.236652,-3.409870,-0.359750
-0.037822,0.025262,0.013007,0.156515,-0.200447,-0.097917
-0.026947,0.011594,0.001059,0.377062,-0.296671,0.221862
-0.037592,0.025958,-0.004603,0.094349,0.013211,-0.134270
-0.047446,0.011902,-0.000352,-0.390917,-0.400462,-0.046458
-0.037284,0.025209,-0.026678,0.022719,-0.759265,-0.112560
-0.052304,0.015680,0.003984,-0.400603,-0.444617,0.055127
-0.031369,0.027218,-0.007232,-0.724196,-0.161277,0.034894
-0.036844,0.023460,-0.025660,-0.263302,0.975093,0.135635
-0.033847,0.015270,-0.023871,-0.420436,0.964202,-0.408508
-0.037641,0.023900,-0.018383,-0.285794,0.689613,-0.281215
-0.037326,0.011873,-0.027613,-0.116243,1.569904,-0.394558
-0.037251,0.022107,-0.032419,0.030141,0.926145,-0.621788
-0.054937,0.002341,0.002073,-0.069386,0.188693,-0.889576
-0.038331,0.017197,-0.012658,-0.004016,-0.086664,-0.219275
-0.051378,0.012519,0.020136,0.148634,-0.443285,-0.507766
-0.029491,0.020483,0.017143,0.041912,0.002520,-0.322455
-0.039903,0.020890,0.014819,0.348954,-0.190061,0.065430
-0.035974,0.007057,0.010982,0.244714,-0.010249,-0.214384
-0.025713,0.020712,0.011264,0.330041,0.475539,-0.056906
-0.036266,0.013921,-0.001446,0.329631,-0.326824,0.001459
-0.031786,0.025915,-0.007164,0.326394,0.046261,-0.284386
-0.049724,0.006161,0.005109,0.014661,-0.667055,-0.502888
-0.036230,0.023837,-0.014122,-0.031296,-0.490141,-0.130485
-0.047449,0.017834,-0.005614,-0.395033,-0.102312,-0.068766
-0.033453,0.017761,-0.003546,-0.577478,-0.395489,-0.046343
-0.034845,0.019025,-0.001935,-0.465786,-0.154315,-0.407169
-0.017694,0.012398,-0.011611,-0.297985,1.097210,0.015456
-0.032652,0.021976,-0.011378,-0.170416,-0.695931,-0.130656
-0.029974,0.011137,-0.007971,-0.660596,-1.191667,-0.119623
-0.033854,0.019698,-0.016791,-0.386670,-0.388619,-0.250304
-0.030000,0.007149,-0.019210,-0.155110,0.242180,-0.225049
-0.034149,0.025209,-0.017034,-0.334935,-0.148817,-0.026750
-0.036365,0.003765,-0.012366,-0.263204,0.326985,-0.215556
-0.025473,0.015218,-0.027695,-0.126395,0.890052,-0.715888
-0.038616,0.003873,-0.018137,-0.075465,1.071908,-0.533362
-0.027075,0.006719,-0.026917,0.427542,0.579356,-0.600235
-0.052672,0.002229,0.011477,0.147682,-0.104399,-0.827423
-0.034290,0.007304,0.001663,0.067528,-0.066484,-0.639342
-0.043054,0.007281,0.005684,0.148345,-0.556027,-0.682040
-0.032885,0.004563,0.015449,0.218057,-1.139460,-0.406847
-0.037546,0.010159,0.018009,0.113069,-1.329802,-0.246749
-0.035793,-0.000171,0.010571,0.315647,-1.189314,-0.156160
-0.028076,0.012408,0.004295,0.003317,-1.599694,0.023616
-0.041062,0.015556,0.020225,-0.195133,-1.107043,0.116479
-0.026186,0.019068,0.000514,-0.369164,-0.906939,-0.055875
-0.043481,0.018503,0.005014,-0.230343,-0.901772,0.017231
-0.036637,0.011279,-0.011920,-0.341021,-0.327319,0.028116
-0.035839,0.015254,-0.013745,-0.425557,-0.091942,-0.048542
-0.036033,0.008324,-0.021623,-0.461657,0.193489,-0.272881
-0.028211,0.021901,-0.024587,-0.314715,0.644207,-0.150571
-0.043822,0.004966,-0.003852,-0.646514,0.333245,-0.330366
-0.035495,0.024389,-0.023231,-0.515554,-0.098376,-0.328003
-0.042864,0.019380,0.002575,-0.634809,-0.665673,-0.458959
-0.031585,0.015950,-0.005227,-0.353110,0.321274,-0.250343
-0.042168,0.015290,0.004341,0.176994,-0.100221,-0.752823
-0.040169,0.009138,0.006015,0.313494,0.196062,-0.510556
-0.041685,0.006536,0.009817,0.521394,0.202282,-0.746297
-0.039427,0.009591,0.005008,0.680527,0.396770,-0.445301
-0.036470,0.014850,-0.002345,0.842548,-0.233379,-0.468357
-0.053617,0.007773,0.027302,0.222902,-0.529439,-0.711149
-0.038492,0.014138,0.018377,0.270031,-0.273520,-0.317972
-0.041882,0.012204,0.018594,0.134545,-1.144722,-0.174526
-0.037165,0.009641,0.001443,-0.035948,-1.411827,0.003520
-0.033588,0.029568,0.002014,-0.126924,-0.951567,0.439852
-0.038121,0.020194,-0.000579,-0.050847,-1.032124,0.012406
-0.036128,0.021569,-0.017631,0.023455,-0.854213,-0.386184
-0.057188,0.019084,0.014750,-0.427247,-1.151546,0.163024
-0.040921,0.020732,-0.006986,-0.292821,-0.370585,0.236803
-0.037001,0.025977,-0.016374,-0.423456,-0.066106,-0.071313
-0.039404,0.011705,-0.018915,-0.552200,0.196571,-0.142394
-0.041630,0.027281,-0.018570,-0.420768,-0.111302,-0.514748
-0.047289,0.014325,-0.011063,-0.370421,0.298543,-0.176092
-0.039286,0.021933,-0.028847,-0.449213,0.159341,-0.423167
-0.065391,0.013094,0.016677,-0.911551,-1.749797,-0.198340
-0.053433,0.015441,-0.008109,-0.531665,-0.157676,-0.674353
-0.038213,0.023886,-0.008959,-0.328259,0.395707,-0.240963
-0.033558,0.018553,-0.008828,-0.088184,0.612279,0.032389
-0.047696,0.017827,0.001519,0.172467,-0.098868,-0.708162
-0.042516,0.014285,0.007161,0.469938,0.343920,-0.531225
-0.041292,0.015487,-0.017057,0.842127,-0.290087,-0.346407
-0.068959,0.001937,0.034573,0.292513,-2.603447,-0.874509
-0.037290,0.014614,0.009153,0.311367,-0.170186,-0.380433
-0.045949,0.011906,0.020734,0.373156,-0.158582,-0.701925
-0.041623,0.025055,0.006994,-0.132451,-1.567119,0.231925
-0.034310,0.024943,0.008280,-0.200713,-1.164791,0.129901
-0.033926,0.017821,0.004515,-0.131706,-0.644813,0.252500
-0.036581,0.032871,-0.018380,-0.075347,-0.129493,0.305823
-0.052957,0.018260,-0.007531,-0.649179,-0.503918,-0.221944
-0.039768,0.016750,-0.008821,-0.539382,0.045470,0.186477
-0.034067,0.020072,-0.021327,-0.291374,0.178898,0.196262
-0.029639,0.014735,-0.021042,-0.337390,0.609981,-0.248942
-0.039184,0.031623,-0.018819,-0.558735,-0.598403,-0.002510
-0.050581,0.003073,-0.010265,-0.440111,-0.254896,-0.250682
-0.029737,0.031771,-0.028165,-0.496493,-0.414209,0.442258
-0.044659,0.016544,-0.006543,-0.635954,-0.092520,-0.128181
-0.030594,0.005098,-0.013426,-0.282967,1.523145,-0.227314
-0.038823,0.016370,-0.022056,-0.036023,0.247889,-0.287878
-0.037930,0.010596,-0.012186,0.076292,0.469378,-0.298142
-0.030965,0.028265,-0.034995,0.413809,0.563679,0.081862
-0.052130,0.014157,-0.004387,0.065509,-0.140578,-0.699828
-0.031228,0.024668,0.005566,0.115731,0.681354,-0.013394
-0.049760,0.010790,0.011674,0.521079,0.162755,-0.561004
-0.042545,-0.000630,0.012754,-0.065680,-0.757926,-0.408590
-0.052038,0.009457,0.012006,-0.041242,-0.862130,-0.741534
-0.055761,-0.006217,0.010401,0.348196,-1.535381,-0.546922
-0.043835,0.016997,0.003019,0.640904,-0.964277,-0.532670
-0.050154,0.010153,0.017609,-0.086812,-1.048704,-0.113413
-0.041347,0.026562,0.007877,-0.446669,-1.549026,0.301145
-0.039043,0.026532,0.004965,-0.034343,-0.789808,0.310773
-0.035646,0.021887,-0.005837,-0.034953,-0.514684,0.478299
-0.041252,0.021306,-0.008952,-0.127098,-0.327920,0.394577
-0.040747,0.004566,-0.025617,-0.269250,0.075334,-0.003537
-0.035948,0.025620,-0.029389,-0.422701,0.163930,0.070216
-0.065358,-0.005331,-0.006655,-0.466397,-0.134765,-0.855655
-0.031809,0.031640,-0.000707,-0.871052,-0.005591,0.326020
-0.046583,0.017233,-0.002069,-0.328229,-0.272975,0.107505
-0.045450,0.003391,0.003803,-0.194502,0.157694,-0.640944
-0.042874,0.013425,0.015594,0.179804,-0.609392,-0.594491
-0.046038,0.005764,0.003419,0.243933,-0.258605,-0.355063
-0.032360,0.021681,0.012012,0.402580,-0.312834,0.021173
-0.032846,0.028029,0.009649,0.109300,-0.310753,0.485724
-0.041285,0.018027,-0.013105,0.169733,-0.026737,-0.067919
-0.048408,0.015979,0.006905,0.026333,-0.485395,0.168236
-0.038731,0.017932,-0.017854,0.040550,-0.282284,-0.245857
-0.040727,0.026919,-0.002128,-0.128506,-0.469327,0.409394
-0.035485,0.015309,-0.006921,-0.251591,-0.407155,0.261248
-0.034389,0.025662,-0.006048,-0.288213,0.202561,0.030174
-0.036834,0.007251,-0.020264,0.054034,0.017901,-0.076601
-0.038968,0.022104,-0.005657,-0.331672,0.314240,-0.210846
-0.045099,0.007290,-0.021734,-0.248600,-0.130321,-0.004216
-0.032432,0.021441,-0.031864,-0.195435,0.647742,0.056036
-0.044574,0.010225,-0.006002,-0.481086,1.397638,-0.576277
-0.035235,0.019009,-0.007699,-0.515916,0.500344,-0.254598
-0.040740,0.003571,-0.012222,-0.208217,1.184995,-1.106673
-0.038800,0.011512,-0.025516,-0.250974,0.646938,-0.349723
-0.028283,0.033665,-0.012310,-0.178609,0.232753,0.031020
-0.043497,0.002846,-0.013564,0.238684,0.414515,-0.743228
-0.034556,0.028114,-0.021232,0.214470,0.312717,-0.179006
-0.065890,-0.011800,0.006268,0.332184,-0.127038,-1.203285
-0.042536,0.013202,-0.001039,0.160405,-0.680090,-0.599073
-0.053844,0.000456,0.020494,-0.009173,-0.786828,-0.966654
-0.034917,0.014026,0.011251,0.112268,-0.523954,-0.171027
-0.052439,0.003237,0.019943,0.176843,-1.483335,-0.898123
-0.033358,0.012112,0.007000,0.395171,-0.272263,0.503521
-0.026097,0.036960,0.008110,0.022762,-0.595902,0.243443
-0.037960,0.021247,0.013857,0.036361,-0.283857,0.541847
-0.034517,0.029946,-0.006953,0.219370,-0.540008,0.388803
-0.040428,0.029749,0.009830,-0.169261,-0.556818,0.385419
-0.044426,0.005564,-0.003589,-0.237542,-0.109910,-0.354013
-0.031749,0.013947,-0.019246,-0.413333,0.930081,-0.502514
-0.026409,0.013091,-0.017792,-0.555771,0.204557,0.162115
-0.030006,0.029975,-0.024472,-0.395604,0.512430,0.012790
-0.048165,0.000991,-0.009671,-0.404444,0.297716,-0.749218
-0.035478,0.016714,-0.015133,-0.374213,0.440597,-0.622920
-0.044180,0.011384,-0.017172,-0.550220,0.330097,-0.340099
-0.037093,0.018953,-0.030331,-0.308472,0.202913,-0.463600
-0.039516,0.028134,-0.009143,-0.452633,0.120284,0.125423
-0.038331,0.014088,-0.026471,-0.059141,0.023150,-0.559267
-0.053732,0.008836,0.015823,-0.376435,-0.616876,-1.076090
-0.046373,0.006897,0.003186,0.063057,-0.415597,-0.964520
-0.055134,0.009864,0.012672,0.167321,-0.802413,-0.663363
-0.032498,0.017345,0.005064,0.207787,-0.568172,-0.100582
-0.033371,0.030369,0.011504,0.037011,-0.466111,0.178257
-0.025103,0.008528,-0.010009,0.289762,-0.149309,0.440978
-0.031034,0.024215,-0.002765,-0.064488,-0.165449,0.198231
-0.030276,0.019951,-0.017848,0.090298,0.061026,0.512440
-0.032078,0.021415,-0.020146,-0.073794,0.053214,-0.372099
-0.046918,0.005390,-0.004245,-0.522845,0.031930,-0.143155
-0.033575,0.020007,-0.020631,-0.076476,-0.232303,-0.141189
-0.048244,0.009828,0.005221,-0.841858,-0.644675,-0.234555
-0.031116,0.010566,-0.001836,-0.418092,0.642283,-0.572567
-0.036709,0.020476,-0.004528,-0.312591,0.243634,0.035475
-0.031464,0.008672,-0.008499,-0.491658,0.489528,-0.359507
-0.040566,0.004612,-0.012353,-0.445543,-0.024593,-0.981668
-0.030256,0.001625,-0.016614,-0.277446,0.441385,-0.689081
-0.021502,0.024753,-0.032786,-0.598902,1.197606,-0.339298
-0.042585,0.001779,-0.020175,-0.178550,0.757418,-0.725070
-0.032101,0.016120,-0.046225,0.017838,0.855258,-0.786999
-0.048454,-0.005291,-0.020841,-0.096581,0.311716,-0.760132
-0.031723,0.014134,-0.005742,-0.192714,0.171313,-0.777063
-0.057280,-0.003315,0.019201,-0.076909,-1.718262,-0.931758
-0.042690,0.003896,0.015613,-0.040412,-1.313646,-0.437912
-0.042437,0.005728,0.014717,0.059493,-1.969297,-0.467162
-0.041495,-0.005367,0.014665,0.045893,-1.560220,-0.276839
-0.035025,0.010727,0.001000,0.006750,-1.357319,-0.234660
-0.046822,0.012762,0.000432,-0.084459,-0.805548,0.192661
-0.028657,0.023059,-0.028165,0.155566,-0.258703,0.045329
-0.051418,0.015270,-0.000533,-0.149914,-0.432377,-0.252651
-0.041751,0.022603,-0.006927,-0.393293,-0.094982,0.027866
-0.050292,0.016291,-0.019259,-0.411094,-0.350480,-0.188164
-0.035048,0.008226,-0.020221,-0.543140,0.206966,-0.083326
-0.038761,0.017134,-0.015265,-0.810212,0.115130,-0.393182
-0.038613,0.009920,-0.033183,-0.248840,0.408620,-0.069146
-0.039335,0.019544,-0.023244,-0.626356,0.129205,-0.615988
-0.041016,0.009805,-0.014687,-0.596283,0.346742,-0.498355
-0.039036,0.010609,-0.020782,0.020428,0.132787,-0.584387
-0.052508,0.005534,0.004473,-0.262134,-0.000366,-0.788138
-0.040254,0.015221,-0.014257,-0.254709,0.134802,-0.683136
-0.055688,0.012677,0.001873,-0.120024,-0.439077,-0.812225
-0.046767,0.020033,0.000022,-0.007226,0.056729,-0.565458
-0.047226,0.010081,-0.001268,0.410159,0.290419,-0.850872
-0.050843,0.004632,0.003705,0.384395,-0.084993,-0.562819
-0.040002,0.015027,0.001440,0.552127,0.679532,-0.697504
-0.054077,0.003151,0.012226,0.372342,0.005139,-0.579162
-0.039466,0.018027,-0.001419,0.614684,-0.044892,-0.810246
-0.070633,0.006266,0.030351,0.271075,-2.334685,-0.821291
-0.049133,0.017607,0.006442,0.340121,-1.195908,-0.287383
-0.044436,0.023302,0.022772,0.407497,-0.571283,0.103073
-0.045788,0.025908,0.004804,-0.209346,-1.261452,-0.224623
-0.038167,0.022619,-0.001061,-0.100887,0.153745,-0.101636
-0.037494,0.017246,0.000665,-0.231981,-0.240561,0.249611
-0.035445,0.034620,0.000317,-0.409788,-0.164770,0.061462
-0.047518,0.015848,0.002011,-0.284664,-0.757493,0.059716
-0.039352,0.021096,-0.025427,-0.131421,0.627969,-0.314355
-0.059309,0.010891,-0.014283,-0.182994,0.576250,-0.743855
-0.050617,0.020424,-0.023037,-0.071798,-0.074480,-0.534711
-0.053351,0.005459,0.014625,0.337801,0.257522,-1.172322
-0.052143,0.008387,0.014891,0.496914,0.340312,-0.602228
-0.046468,0.018454,0.017543,0.552456,0.100343,-0.683229
-0.053440,-0.000725,0.018197,0.430825,-1.147348,-0.563180
-0.054365,0.014216,0.015475,0.126648,-1.767082,-0.629462
-0.055160,0.002698,0.008208,-0.005726,-1.609873,-0.358989
-0.040560,0.019593,-0.015038,0.448051,-0.211656,-0.138833
-0.055967,0.010973,0.013348,0.221615,-0.350021,-0.168220
-0.038278,0.017807,0.015236,0.068289,-0.330615,-0.034723
-0.043251,0.024917,0.000366,-0.120260,-0.405461,-0.046271
-0.035967,0.018612,-0.011076,-0.351094,0.047230,0.089500
-0.044495,0.014318,-0.012025,-0.123618,-0.127022,-0.278238
-0.044315,0.003926,-0.010938,-0.173767,0.013119,-0.250967
-0.037041,0.017180,-0.029067,-0.014201,0.176289,-0.005349
-0.050486,0.012020,-0.006734,-0.862804,-0.447726,-0.132127
-0.037320,0.012473,-0.013968,-0.898727,-0.225725,-0.378844
-0.050039,0.021530,-0.015140,-0.642175,-0.383370,-0.670506
-0.045201,0.009309,-0.017536,-0.390878,0.154385,-0.482297
-0.033509,0.017335,-0.012192,-0.074421,0.244041,-0.352457
-0.039723,0.005991,-0.009583,0.076522,-0.013768,-0.346273
-0.034576,0.020847,-0.020914,0.414748,0.522481,-0.368223
-0.062742,-0.004769,0.009029,0.355188,-0.514665,-0.856938
-0.042608,0.007130,0.000376,0.338280,-0.357797,-0.386919
-0.047453,0.008390,0.014235,0.228105,-0.603284,-0.737169
-0.053745,0.014771,0.031051,0.289424,-3.489666,-0.003133
-0.060395,0.011036,0.020406,0.266559,-2.155713,-0.317456
-0.059306,0.010110,0.037560,0.071946,-3.125457,-0.401625
-0.038426,0.014246,0.012508,0.002729,-0.921178,-0.117415
-0.047666,0.010113,0.009853,-0.046609,-0.305668,-0.342931
-0.040514,0.014351,0.020406,-0.486443,-2.724317,-0.238684
-0.036168,0.017958,0.002093,-0.243204,-1.267410,0.028575
-0.045309,0.013987,0.000097,-0.285938,0.441034,-0.146576
-0.030968,0.020197,-0.026392,0.103198,0.968764,-0.500140
-0.048467,0.014725,-0.002246,-0.397068,-0.349233,-0.510973
-0.036122,0.023072,-0.007781,-0.235018,0.117520,-0.570480
-0.040921,0.014548,-0.005572,-0.192832,-0.005122,-0.693844
-0.037881,0.012493,-0.019712,-0.009442,0.556264,-0.946109
-0.028638,0.024149,-0.013906,0.014503,0.806497,-0.922416
-0.048684,0.010300,-0.002184,0.312565,0.521214,-0.776401
-0.039979,0.018109,-0.002801,0.410001,0.488531,-0.699575
-0.045749,0.013163,0.012193,0.313209,-0.352519,-0.811431
-0.038915,0.006329,0.015242,0.764127,-0.504279,-0.832294
-0.051671,0.027707,0.021046,0.053299,-2.173901,-0.626863
-0.053039,0.013639,0.025956,0.099450,-1.965092,-0.860001
-0.037871,0.020302,0.006084,-0.262954,-1.473008,-0.537619
-0.042913,0.029854,0.005270,-0.049094,-0.534382,-0.360348
-0.036798,0.020131,-0.019663,-0.445123,-0.269670,0.068421
-0.036545,0.032230,-0.002978,-0.365626,-0.103414,-0.096673
-0.042135,0.013035,-0.024045,-0.230448,-0.097303,-0.299797
-0.037635,0.026795,-0.026445,-0.309897,-0.074621,-0.418057
-0.050840,0.016360,-0.014280,-0.716758,0.038059,-0.924386
-0.031218,0.022226,-0.038983,-0.280099,0.353596,-0.077494
-0.053591,0.024513,-0.017438,-0.411521,0.446745,-0.605166
-0.037077,0.029726,-0.007459,-0.691555,0.169136,-0.349798
-0.048582,0.016938,-0.002690,-0.539437,-0.336924,-0.651330
-0.034602,0.023489,-0.002975,-0.546347,0.007283,-0.690401
-0.044938,0.021178,-0.001219,0.025802,-0.648788,-0.845158
-0.036456,0.013583,-0.001465,0.190846,0.138774,-0.787511
-0.037835,0.019357,-0.003865,0.084439,0.037757,-0.728884
-0.034658,0.004399,-0.013587,0.658081,0.695866,-0.873153
-0.032350,0.015671,0.003022,0.540504,0.610145,-0.944182
-0.052458,0.003148,0.012433,0.471015,-0.627758,-0.707285
-0.040750,0.016787,0.003127,0.431668,-0.788190,-0.810039
-0.053489,0.010563,0.010985,0.343253,-0.591234,-0.540436
-0.053256,0.009890,0.007975,0.464112,-3.378559,-0.799377
-0.051762,0.004303,0.031382,0.040100,-1.719690,-0.474432
-0.038213,0.017532,0.001584,0.042657,-2.408254,-0.706711
-0.057375,0.006910,0.034100,-0.506065,-3.278871,-0.606226
-0.034169,0.025593,0.019723,-0.502950,-1.533438,0.047666
-0.033824,0.017121,0.000544,-0.022050,-0.574924,-0.259396
-0.029189,0.025213,0.006990,-0.355654,-0.454996,-0.035396
-0.032413,0.026115,-0.001216,-0.410395,-0.177066,-0.032698
-0.026698,0.011055,-0.013003,-0.249851,-0.187159,-0.239206
-0.025132,0.016724,-0.031572,-0.042811,0.194070,-0.472896
-0.033049,0.015480,-0.025893,-0.406646,1.257937,-0.627594
-0.025296,0.024444,-0.034017,-0.514543,0.848158,-0.503045
-0.039985,0.014709,-0.012832,-0.533024,-0.273162,-0.547345
-0.033486,0.013593,-0.016325,-0.730518,0.036644,-0.427933
-0.045129,0.019147,-0.011178,-0.551231,-0.191252,-0.691569
-0.031470,0.018090,-0.011880,-0.675928,0.384871,-0.452486
-0.027804,0.021044,-0.012324,-0.370687,0.128920,-0.667269
-0.025949,0.014469,-0.008135,-0.366167,-0.045105,-0.548835
-0.032321,0.028495,-0.010275,-0.195993,0.248804,-0.772271
-0.039778,0.016383,-0.013502,0.153961,0.285272,-0.432959
-0.039778,0.024687,-0.012186,-0.074513,-0.216862,-0.723816
-0.037418,0.008590,-0.001324,0.654195,0.226011,-0.747869
-0.033138,0.021352,-0.001705,0.980466,0.395319,-0.540905
-0.050377,0.012684,0.006908,0.483176,-0.065680,-0.532233
-0.042004,0.019196,-0.013728,0.969036,0.303687,-0.703163
-0.045848,0.022518,0.023412,0.320072,-0.485933,-0.153607
-0.031759,0.029568,0.001935,0.509869,-0.323886,-0.296373
-0.067646,0.015877,0.042487,-0.357226,-4.328989,-0.332910
-0.030263,0.036156,0.006948,-0.070180,-0.318457,0.234259
-0.048411,0.022738,0.005313,0.037083,-0.886614,-0.208903
-0.027318,0.029119,0.001295,-0.308039,-0.410542,0.155855
-0.041689,0.029660,0.000613,-0.096797,-0.166552,-0.256295
-0.028365,0.014095,-0.010942,-0.339061,0.391751,-0.664971
-0.030400,0.029995,-0.001866,-0.500866,0.221924,-0.009981
-0.029071,0.013084,-0.017175,-0.081403,0.954542,-0.373409
-0.031772,0.029877,-0.014231,-0.001410,0.799528,-0.389135
-0.045500,-0.003420,-0.008746,0.133745,0.417085,-1.337530
-0.034691,0.017259,-0.013856,0.104728,0.145102,-1.030957
-0.060825,-0.003607,0.004532,0.236800,0.395227,-1.436460
-0.048214,0.013806,-0.021327,0.430651,0.302180,-1.222894
-0.055235,0.016265,0.015971,-0.018170,-0.402497,-0.671999
-0.036893,0.018290,0.014392,0.619227,0.719910,-0.870590
-0.051539,0.013475,0.020422,0.480853,0.297483,-0.863149
-0.038643,0.010396,0.012275,0.080201,-0.768512,-0.808283
-0.039476,0.021329,0.008113,0.091713,-0.689645,-0.759161
-0.038672,0.017006,0.005602,0.487929,-0.218730,-0.331272
-0.035665,0.024996,-0.006779,0.149766,0.312063,-0.083977
-0.038278,0.014617,0.005421,-0.029288,-1.021854,-0.071155
-0.034802,0.024198,-0.013564,-0.030062,-0.062601,0.093229
-0.051592,0.009372,-0.003822,-0.298681,-0.789608,-0.159315
-0.043153,0.022314,-0.025736,-0.166937,-0.282570,-0.247337
-0.053817,0.014909,-0.000428,-0.647078,-0.690600,-0.296492
-0.043711,0.016629,-0.010210,-0.718659,0.032124,-0.600567
-0.040139,0.017167,-0.011569,-0.583173,0.050890,-0.658873
-0.040054,0.010031,-0.013335,-0.623058,0.412723,-0.513772
-0.041298,0.021103,-0.020566,-0.268997,1.171281,-0.439169
-0.041820,0.009897,-0.016663,-0.015596,-0.004666,-0.118055
-0.038071,0.018300,-0.001908,0.159554,0.085680,-0.508842
-0.050312,0.000614,0.003255,0.379619,-0.224057,-0.797868
-0.039949,0.014830,-0.000156,0.152041,-0.158133,-0.635400
-0.054786,0.012690,0.006636,0.377101,-0.101350,-0.841560
-0.029265,0.013740,-0.002128,0.257552,0.295041,-0.188732
-0.036417,0.023476,-0.004501,0.295152,0.104380,-0.702680
-0.040477,0.012835,-0.013167,0.229812,0.029465,-0.215996
-0.042161,0.023210,-0.012143,0.352365,-0.089349,0.208426
-0.056781,0.008170,0.007013,0.050581,-0.582772,-0.282016
-0.045089,0.017568,0.000179,0.149412,-0.522500,-0.642178
-0.050958,0.016192,0.003393,-0.280939,-0.407115,-0.422071
-0.042746,0.013685,0.000380,-0.595508,-0.272086,-0.695954
-0.035879,0.023158,-0.009593,-0.353021,0.374702,-0.444306
-0.035196,0.010566,-0.013994,-0.317889,0.658095,-0.041387
-0.034280,0.022400,-0.012192,-0.586941,-0.373057,-0.293472
-0.048247,0.006279,-0.015281,-0.366913,0.790499,-0.520935
-0.035531,0.019439,-0.025118,0.152953,2.154683,-0.562172
-0.054004,0.003506,-0.016423,-0.026658,0.581345,-1.241171
-0.042624,0.016816,-0.008454,0.000166,0.421474,-0.750312
-0.058475,0.013695,-0.016732,0.126625,0.086225,-1.089677
-0.042585,0.010727,-0.003221,-0.184258,0.393031,-0.623816
-0.058400,0.007182,0.004059,0.167367,0.055193,-1.406911
-0.045089,0.001441,-0.000530,0.286404,0.688375,-0.888200
-0.045641,0.011692,0.003314,0.220952,-0.308961,-1.001681
-0.053092,0.001028,0.006669,0.348226,-1.072774,-0.616306
-0.042979,0.016813,0.002182,0.013174,-0.132828,-0.740264
-0.050834,0.010901,0.015210,0.323355,-0.841047,-0.465130
-0.037080,0.019810,-0.018462,0.526006,-0.000635,-0.514219
-0.053758,0.015273,0.021535,0.124816,-0.691427,-0.226563
-0.039168,0.014315,0.000718,-0.239433,-0.930343,-0.479658
-0.048510,0.022239,0.014757,-0.160473,-0.788062,-0.384494
-0.038485,0.023296,0.015856,-0.240700,-0.575035,-0.107085
-0.044380,0.027445,0.003659,-0.053052,-0.530640,-0.152301
-0.033709,0.019465,0.002759,-0.261445,0.063649,-0.264399
-0.043671,0.027126,-0.008650,-0.181025,-0.051959,-0.115390
-0.043376,0.007714,-0.016499,-0.261284,0.188365,-0.422176
-0.044308,0.019764,-0.012790,-0.548527,0.337552,-0.603695
-0.054109,0.007011,-0.015320,-0.337840,0.097701,-0.919554
-0.050049,0.007238,-0.046733,-0.050896,0.480919,-1.026910
-0.059443,0.013353,-0.007016,-0.587036,-0.170439,-0.729084
-0.046356,0.021326,-0.018068,-0.182151,-0.260896,-0.743337
-0.053446,0.011032,0.002612,-0.038249,-0.550332,-0.867455
-0.040868,0.027359,-0.000234,0.119729,0.094339,-0.523331
-0.051139,0.008278,0.013276,0.299468,-0.384647,-0.312001
-0.035104,0.018050,0.010765,0.272487,0.155452,-0.386309
-0.043350,0.020768,0.008907,0.495896,-0.233606,-0.664919
-0.031342,0.011843,-0.000884,0.277305,0.053703,-0.077096
-0.031234,0.030721,-0.001413,0.103638,0.008792,-0.241540
-0.042470,0.011170,-0.020763,-0.036509,0.242568,-0.174414
-0.033584,0.021480,-0.021488,-0.042371,-0.322350,-0.364057
-0.040832,0.018385,-0.000819,-0.470024,0.026498,-0.265883
-0.041246,0.012752,-0.026628,-0.545694,-0.495469,-0.434679
-0.046950,0.012687,0.001308,-0.903827,-0.565690,-0.918166
-0.024843,0.019005,-0.011362,-0.283831,0.660054,-0.363739
-0.031277,0.021178,-0.010617,-0.430037,0.686140,-0.524286
-0.032925,0.014505,-0.017861,-0.181993,0.991699,-0.601105
-0.030945,0.018057,-0.018389,-0.068624,1.170480,-1.074932
-0.039506,0.004290,-0.025220,0.103743,0.464874,-0.716443
-0.040540,0.014811,-0.010656,0.221021,-0.287710,-0.943155
-0.054730,-0.008209,-0.002397,0.261445,0.306956,-1.406268
-0.037060,0.012460,-0.004708,0.432867,0.454009,-0.730381
-0.049373,0.004599,0.024138,0.512226,-0.870471,-0.921704
-0.043458,0.013045,0.023445,0.038295,-0.930684,-0.485284
-0.037550,0.018142,0.020015,0.245676,-0.876209,-0.255106
-0.034119,0.019711,0.010706,-0.000940,-1.199896,-0.096118
-0.029442,0.030484,0.006656,-0.135885,-1.365886,-0.145122
-0.040310,0.009696,-0.000743,-0.021774,-0.931111,-0.179203
-0.037507,0.017473,0.017087,-0.155602,-1.233834,-0.276662
-0.034073,0.009526,-0.011815,0.028693,0.730364,-0.353497
-0.027824,0.028892,-0.024813,-0.664475,0.351548,-0.416924
-0.037083,0.009122,-0.010794,-0.005943,0.484644,-0.874785
-0.030866,0.018648,-0.045263,0.047604,1.187956,-0.735875
-0.047170,0.005945,-0.026379,-0.186447,1.316325,-0.905650
-0.033745,0.010415,-0.030846,-0.123169,1.108783,-1.252334
-0.056187,0.009900,0.011586,-0.282052,-0.409292,-0.869930
-0.045142,0.011761,0.016391,0.180578,-0.374961,-0.767909
-0.047847,0.014338,0.023399,0.526383,-0.369751,-1.274957
-0.039624,0.005177,0.008244,0.654467,-0.421338,-0.906483
-0.040523,0.020788,0.020895,0.370159,-0.657684,-0.658735
-0.051845,0.008114,0.023606,0.344162,-1.434732,-0.615298
-0.036256,0.027271,-0.000664,0.537337,-1.220461,-0.785151
-0.045434,0.012103,0.006587,-0.215543,-1.046370,-0.334246
-0.032143,0.018549,-0.012314,-0.302495,-0.440166,-0.301852
-0.039115,0.024504,-0.006655,-0.924842,-0.828600,0.051572
-0.032288,0.023663,-0.015475,-0.902219,-0.031522,-0.259167
-0.037461,0.021671,0.003685,-0.407526,-0.098829,-0.237060
-0.042122,0.007307,0.001066,0.203782,0.200956,-0.778275
-0.041699,0.012615,-0.006648,0.080720,0.496527,-0.455677
-0.039637,0.018267,-0.018947,-0.371029,0.089882,-0.245505
-0.034146,0.020673,-0.035865,-0.570831,-0.133580,-0.464628
-0.047243,0.006414,-0.020530,-0.882190,-0.211042,-0.843536
-0.036466,0.023568,-0.016079,-0.449581,0.123468,-0.470044
-0.057303,0.009582,0.011832,-0.390198,-0.848265,-0.882174
-0.039598,0.021172,-0.020136,-0.707216,0.278743,-0.621558
-0.053443,0.011082,-0.022929,-0.759604,-0.748233,-1.308481
-0.033775,0.014948,-0.022358,-0.350277,0.561890,-0.720402
-0.037674,0.020220,-0.005279,0.160831,0.333652,-0.741459
-0.046140,-0.001690,0.002513,0.891308,-0.007055,-0.928423
-0.040300,0.003837,0.001361,0.904198,0.191161,-1.005400
-0.054887,0.017039,0.024082,0.587072,-0.375827,-0.708792
-0.033575,0.011308,-0.006225,-0.071959,0.348308,-0.458739
-0.028654,0.021513,-0.000976,0.097428,0.394331,-0.240138
-0.036936,0.011751,-0.019824,-0.064725,-0.304388,-0.301815
-0.035813,0.026723,-0.014933,-0.562474,-0.104504,-0.355881
-0.046724,0.009050,-0.008765,-1.119077,-0.528136,-0.912208
-0.034057,0.031131,-0.053512,-1.008583,-0.004321,0.012189
-0.054927,0.015188,-0.000484,-0.935900,-1.119949,-0.504106
-0.027722,0.021412,-0.028604,-0.657569,1.294793,-0.445714
-0.037202,0.026637,-0.021580,-0.305879,0.840057,-0.670128
-0.023799,0.014216,-0.024557,-0.132665,1.143712,-0.549836
-0.028881,0.028065,-0.004708,0.039227,0.969457,-0.868992
-0.036562,0.014065,-0.019837,0.245206,2.029570,-0.790748
-0.043317,0.015838,-0.029501,0.152697,0.544838,-1.132745
-0.055429,-0.002800,0.001532,0.662979,0.396852,-1.223406
-0.044466,0.016498,-0.007685,0.577422,0.395382,-1.238854
-0.053460,0.008630,0.021709,0.747994,-0.325350,-1.247756
-0.044295,0.018543,0.020511,0.410477,-0.298870,-0.725096
-0.053463,0.018628,0.034743,0.542717,-0.981158,-0.933400
-0.045595,0.008150,0.028904,0.434088,-0.580431,-0.553608
-0.043064,0.017226,0.024171,0.598206,-1.172678,-0.619621
-0.043281,0.013491,0.002644,0.050469,-1.534387,-0.271338
-0.036831,0.027116,-0.005883,-0.362271,-1.234145,-0.274624
-0.051398,0.014430,-0.004259,-0.650909,-0.581584,-0.404451
-0.034651,0.033957,-0.020162,-0.119066,-0.078097,-0.136486
-0.040957,0.022022,-0.022538,-0.395096,0.928413,-0.341642
-0.031415,0.036228,-0.011634,-0.810248,0.554603,-0.182726
-0.054031,0.023676,-0.012222,-0.567499,-0.438781,-0.374505
-0.043826,0.020128,-0.009642,-0.805397,-0.026234,-0.529446
-0.041121,0.022203,-0.022614,-0.307179,0.127213,-0.546791
-0.046438,0.004300,-0.023093,0.192766,0.553956,-0.487602
-0.041137,0.019071,-0.017113,-0.504401,0.357686,-0.691723
-0.058879,0.012368,-0.006018,-0.238540,0.047276,-0.810216
-0.043307,0.019193,-0.001587,-0.270360,-0.099249,-0.714609
-0.049235,0.022708,0.001873,-0.389945,-0.293963,-0.457522
-0.044961,0.012450,0.024729,-0.847366,-0.343124,-0.859689
-0.040960,0.018608,-0.007699,0.088614,-0.309899,-0.845063
-0.045532,0.000837,0.013618,0.426669,-0.294091,-0.690486
-0.032399,0.020207,-0.006628,0.529055,-0.245081,-0.614553
-0.056345,0.008768,0.030125,-0.414291,-1.140862,-1.116389
-0.032747,0.018424,0.014248,-0.019575,-0.710012,-0.339432
-0.044735,0.019780,0.005927,0.137142,-0.756209,-0.171575
-0.039841,0.006102,-0.007321,0.461860,-0.131282,-0.247954
-0.033571,0.024943,0.001335,-0.062092,-0.631234,-0.411580
-0.042293,0.016366,-0.004574,0.304504,0.125601,-0.128027
-0.034638,0.022258,-0.013725,0.047994,-0.077706,-0.266533
-0.044016,0.015191,0.002717,-0.346686,-0.094092,-0.396399
-0.035419,0.023552,0.034428,-0.890553,-0.324700,-0.245062
-0.030322,0.022879,-0.011089,-0.623376,0.504982,-0.529820
-0.022237,0.011695,-0.010013,-0.129047,1.388355,-0.209444
-0.025559,0.025055,-0.011716,-0.391390,1.624271,-0.458549
-0.029219,0.013330,-0.018321,-0.018712,1.819362,-0.331154
-0.034776,0.023325,-0.025532,-0.336222,0.685996,-0.321195
-0.046429,0.009926,0.004368,-0.078475,-0.099134,-1.068662
-0.033703,0.017102,0.002244,0.021918,0.376094,-0.604469
-0.043185,0.019665,-0.006812,0.178770,-0.070094,-0.636283
-0.031040,0.008685,0.000091,0.235631,0.430635,-0.614015
-0.033552,0.019071,-0.008903,0.674575,0.249815,-1.032641
-0.048730,0.008370,0.020806,0.489781,-0.387959,-0.767686
-0.040392,0.016235,0.005569,0.538962,0.141140,-0.312480
-0.048519,0.008774,0.025979,0.307904,-0.870753,-0.676375
-0.035475,0.019163,0.020133,-0.261211,-0.679134,-0.492962
-0.040395,0.018930,0.007181,-0.001269,-1.599694,-0.109205
-0.041567,0.015565,0.007584,-0.438726,-1.184873,-0.270071
-0.038915,0.021677,0.004568,-0.302317,-0.783657,-0.445271
-0.034815,0.026663,-0.016512,-0.412522,0.484500,-0.207255
-0.030286,0.030123,-0.029629,-0.332762,1.366195,-0.451423
-0.031848,0.013514,-0.021629,-0.414747,1.531712,-0.377164
-0.029540,0.018054,-0.024856,-0.229677,1.486648,-0.943454
-0.046452,0.016659,-0.020759,-0.238195,0.815406,-0.954289
-0.034067,0.012713,-0.027150,0.643796,1.945306,-0.947527
-0.060911,0.007195,-0.003159,0.080517,0.090578,-1.343567
-0.040376,0.018050,-0.007580,0.167170,-0.683559,-0.812921
-0.054868,0.007077,0.024765,0.134362,-1.220064,-0.779522
-0.046232,0.015401,0.011468,0.049977,-1.587861,-0.473901
-0.050193,0.015736,0.017435,-0.237873,-1.086114,-0.735820
-0.041137,0.020755,0.003984,0.255845,-0.237292,-0.443601
-0.048828,0.014315,0.016132,0.041124,-0.700309,-0.558975
-0.037625,0.030044,0.017389,-0.294147,-0.609753,-0.286329
-0.043665,0.036918,0.008543,-0.290635,-1.163740,0.023471
-0.027653,0.035483,-0.015675,-0.462802,-0.114493,0.115763
-0.029475,0.033602,-0.023927,-0.525159,-0.357193,-0.251873
-0.039174,0.018694,-0.033597,-0.463249,-0.158970,-0.567391
-0.038620,0.026890,-0.025342,-0.497298,-0.094384,-0.551478
-0.056059,0.025485,-0.013433,-0.846877,-0.199419,-0.536402
-0.039325,0.023732,-0.002076,-0.880630,0.115143,-1.009953
-0.045244,0.013265,0.007814,-0.623218,-0.275211,-0.567027
-0.035249,0.021750,-0.010988,-0.543271,-0.015245,-1.164979
-0.033122,0.014952,-0.005706,-0.263562,-0.098258,-0.734054
-0.035347,0.007688,-0.036213,0.026113,0.660150,-0.720254
-0.031369,0.025239,-0.000142,-0.132366,-0.392056,-0.829901
-0.041282,0.004487,-0.011693,0.111798,0.210032,-1.091482
-0.036847,0.017108,-0.021619,0.284724,0.276922,-1.342050
-0.057779,-0.001992,0.022815,0.051726,-0.338394,-1.514434
-0.038298,0.000017,-0.013637,0.617733,0.048999,-1.066269
-0.056781,-0.002452,0.022467,0.395831,-0.474963,-0.888519
-0.044446,0.010668,0.038636,0.248105,-0.624009,-1.098165
-0.049330,0.015388,0.011202,0.536342,-0.525713,-0.820648
-0.031283,0.001576,-0.003533,0.693079,-0.373421,-0.814522
-0.037215,0.014125,0.005060,0.513119,0.097550,-0.637534
-0.034103,0.002922,-0.003228,0.386962,-0.094988,-0.292198
-0.046117,0.008082,0.016739,0.027266,-2.481899,-0.703139
-0.044814,0.001602,0.018712,0.014907,-3.602992,-0.585395
-0.045027,0.014722,-0.008644,-0.017802,-2.579239,-0.385029
-0.042555,0.017164,0.004105,-0.053591,-0.454051,-0.237010
-0.025552,0.016540,-0.007554,-0.060152,-0.260043,-0.320643
-0.030922,0.014512,0.002608,-0.319954,-0.482569,-0.529042
-0.028825,0.011689,-0.014211,-0.018577,-0.476299,0.017504
-0.029754,0.017784,-0.016029,-0.360679,-0.549741,-0.598426
-0.028684,0.002288,-0.017165,-0.136328,0.384159,-0.365229
-0.036575,0.009601,-0.008493,-0.311876,0.690204,-0.784393
-0.029491,0.001418,-0.033974,0.023399,0.852221,-0.738508
-0.026980,0.019921,-0.018281,0.065414,0.684614,-0.951308
-0.045122,-0.006397,-0.009363,-0.146608,0.396435,-0.934056
-0.033640,0.006759,-0.023815,0.392847,0.251791,-0.787817
-0.054579,0.001993,-0.003881,0.038436,-0.664416,-0.847551
-0.036903,0.019997,-0.000339,-0.067380,-0.460252,-0.956347
-0.046727,0.005587,0.022638,0.136935,-1.133463,-0.784409
-0.039939,0.009161,0.009393,0.212087,-2.058011,-0.880102
-0.052258,0.012729,0.018502,-0.027315,-1.405636,-0.594796
-0.031589,0.025652,0.007437,-0.221806,-1.303543,-0.386365
-0.045572,0.023069,0.010197,-0.337669,-1.738499,-0.386319
-0.034408,0.021310,-0.012839,-0.428356,-0.191161,-0.165387
-0.035902,0.024658,-0.019295,-0.354210,0.212208,-0.325305
-0.029626,0.015844,-0.031161,-0.506846,1.006240,-0.365104
-0.030535,0.025751,-0.027997,-0.439123,0.592794,-0.427343
-0.030171,0.007858,-0.037565,-0.463485,1.579666,-0.639375
-0.037251,0.021612,-0.055872,-0.205646,1.500355,-0.973961
-0.054556,0.007711,-0.013669,-0.158406,0.749622,-1.021635
-0.038564,0.020102,-0.005982,-0.182367,0.592026,-0.955625
-0.049859,0.008400,0.006206,0.078130,-0.379595,-1.102370
-0.041813,0.016790,-0.000100,0.004600,-0.387270,-0.765749
-0.047945,0.010392,0.018531,0.318267,-1.084594,-1.381111
-0.030341,0.006657,0.011264,0.251495,-0.836452,-0.814703
-0.030157,0.019925,0.010844,0.311430,-0.194085,-0.550644
-0.033394,0.008623,0.015108,0.503173,-0.331508,-0.555692
-0.029741,0.027153,-0.003198,0.398424,0.018669,-0.569905
-0.041968,0.017578,0.008756,0.040566,-0.316297,-0.552528
-0.038009,0.024540,-0.019397,0.372627,0.033522,-0.341320
-0.046222,0.014102,0.007404,-0.245833,-0.267714,-0.440902
-0.038327,0.029211,-0.029231,-0.260466,-0.040077,-0.474259
-0.048362,0.022557,-0.002653,-0.355027,-0.609799,-0.419570
-0.036358,0.014338,-0.012698,-0.265285,0.228020,-0.306696
-0.042063,0.019222,-0.015570,-0.387326,0.457265,-0.787082
-0.044702,0.009936,-0.036594,-0.347569,0.119713,-0.482524
-0.038787,0.020046,-0.026008,-0.762866,0.269379,-0.809225
-0.050085,0.012667,-0.020372,-0.401703,0.465212,-0.674504
-0.042785,0.011006,-0.033032,-0.137362,0.009981,-0.937233
-0.066757,0.010813,0.014330,-0.423525,-1.748346,-1.039124
-0.034897,0.017896,-0.003510,-0.438437,-0.027193,-0.825903
-0.044239,0.017240,0.007440,-0.337308,-0.607475,-0.761751
-0.034874,0.007382,-0.009130,0.084629,-0.033610,-0.619716
-0.042650,0.011935,0.001880,0.426879,0.142614,-0.414285
-0.048690,-0.004559,0.001883,0.623077,0.351325,-0.662700
-0.032609,0.016317,-0.019857,0.608444,0.135409,-0.546295
-0.047246,0.005748,0.019513,0.567854,-0.113485,-0.616729
-0.038544,0.022613,-0.005184,0.885019,-0.036239,-0.672081
-0.055810,0.002298,0.028924,0.389748,-0.924789,-0.495663
-0.049983,0.009145,0.009098,0.292792,-0.895326,-0.383903
-0.057825,0.007747,0.025789,0.134138,-1.179788,-0.187442
-0.043123,0.005941,0.043350,-0.221612,-2.982566,-0.613801
-0.045483,0.014433,0.017212,-0.289306,-2.084353,-0.407434
-0.030450,0.013376,0.003202,0.201609,-0.060155,0.143395
-0.040730,0.014978,-0.007764,0.092619,-0.142328,-0.062729
-0.028221,0.018536,-0.008427,-0.393303,-0.432265,0.036105
-0.039785,0.022951,0.002444,-0.441283,-1.218787,-0.376370
-0.044781,0.001549,-0.002125,-0.235467,-0.611693,-0.669268
-0.033788,0.015201,-0.027515,-0.318017,-0.015084,-0.665953
-0.058199,0.009007,0.005589,-0.100582,0.002411,-0.628422
-0.041298,0.010205,-0.006468,-0.304822,0.156647,-0.900050
-0.049084,0.009289,-0.012475,-0.204652,-0.062945,-0.506239
-0.044597,0.004924,-0.014946,-0.344162,0.177457,-0.762896
-0.035928,0.015887,-0.010656,-0.474002,0.347169,-0.444273
-0.042857,0.007389,-0.004075,-0.310185,0.172494,-0.831493
-0.036535,0.014604,0.001450,0.083871,-0.117319,-0.782447
-0.042808,0.004753,0.012984,0.101744,-0.294741,-0.688982
-0.036854,0.013327,-0.002424,0.117792,0.134507,-0.375487
-0.036864,0.015300,0.003829,0.240230,0.030499,-0.597215
-0.060540,0.007179,0.019789,0.269647,-0.437662,-1.105541
-0.042752,0.014348,0.005523,0.547562,-0.310572,-0.848440
-0.063953,0.010602,0.039024,0.277240,-1.688458,-1.234603
-0.036558,0.012165,0.014208,0.231633,0.072564,-0.912155
-0.042073,0.016780,0.014222,0.490171,-0.080575,-0.499494
-0.040169,0.011193,0.017914,0.743539,-0.232785,-0.314236
-0.037943,0.021526,0.013792,0.305213,-1.044030,-0.791053
-0.042033,0.013599,0.015190,0.154434,-0.824133,-0.342679
-0.025720,0.024129,-0.004456,0.516480,0.108533,-0.304655
-0.048598,0.026677,-0.002509,-0.530371,-0.460583,-0.359393
-0.031779,0.036399,-0.012327,-0.672245,-0.312365,-0.254601
-0.041190,0.019334,-0.011326,-0.411403,0.514081,-0.367773
-0.030817,0.018418,-0.012215,-0.042949,1.676264,-0.280312
-0.042237,0.026174,-0.013912,-0.121895,0.137260,-0.253383
-0.035761,0.009959,-0.018593,-0.122187,0.641889,-0.949917
-0.039729,0.020082,-0.019814,-0.347963,0.617731,-0.726225
-0.056305,0.001622,-0.010351,-0.186657,0.073007,-1.449901
-0.039476,0.017289,-0.024587,0.346680,-0.116072,-1.407528
-0.053630,0.008039,0.001742,-0.263338,-0.327592,-0.828985
-0.040428,0.021057,-0.011454,0.157893,-0.412052,-1.084631
-0.047128,0.006486,0.016582,0.290842,-0.317554,-1.179609
-0.037832,0.014046,0.014694,0.092140,-0.013709,-1.106676
-0.041567,0.017995,0.007788,0.388875,-0.188525,-0.741840
-0.035485,0.013340,0.003252,0.452502,0.242840,-0.746448
-0.036804,0.030960,-0.004505,0.485583,0.520751,-0.535703
-0.037966,0.009601,0.015006,0.578912,-0.353687,-0.498575
-0.032140,0.011032,0.009190,0.330766,-0.114030,-0.593582
-0.059158,0.007484,0.013453,0.065378,-0.959139,-0.531977
-0.034674,0.021595,0.018535,-0.123129,-0.615724,-0.386079
-0.034320,0.024330,0.011484,-0.010528,-0.657890,-0.212464
-0.027426,0.012329,-0.009789,-0.140119,-0.474258,-0.266197
-0.026603,0.016547,0.004719,-0.131237,0.148775,-0.469715
-0.027962,0.013996,-0.004232,0.138117,0.911305,-0.347366
-0.021183,0.018894,-0.045030,-0.212215,0.984021,-0.422708
-0.044774,0.013823,-0.002105,-0.453795,-0.421473,-0.665103
-0.041127,0.019419,-0.026599,-0.711782,0.201291,-0.389194
-0.038068,0.020512,-0.017093,-0.429397,0.152537,-0.908867
-0.038669,0.004481,-0.009274,-0.024981,0.216876,-0.595889
-0.037202,0.019816,-0.032409,-0.583452,0.067089,-0.749563
-0.040540,0.007957,-0.001633,-0.556716,-0.067275,-0.976668
-0.033676,0.015474,-0.031926,0.408833,0.154579,-0.939662
-0.055682,0.008630,0.016388,0.075563,-0.606166,-1.146108
-0.033719,0.000916,0.006462,0.386929,0.069189,-1.078161
-0.036109,0.022557,0.001571,0.484109,-0.230524,-0.515440
-0.037559,0.009811,0.006160,0.457679,0.233676,-0.456051
-0.040773,0.011121,0.010696,0.382757,-0.573768,-1.138125
-0.044515,0.009201,0.012790,0.427073,0.157658,-0.688615
-0.033959,0.018740,0.002621,0.545582,-0.462523,-0.541926
-0.039486,0.017072,0.009708,-0.086553,-0.422090,-0.660107
-0.028690,0.022918,0.006354,-0.135714,-0.693840,-0.613493
-0.034415,0.027074,0.023672,-0.122204,-1.204256,-0.315379
-0.041830,0.019216,0.009560,-0.151447,-0.812145,-0.018308
-0.039053,0.027372,-0.001311,-0.086304,-0.727406,-0.208604
-0.030486,0.016823,0.002159,-0.222669,0.763185,-0.371226
-0.035918,0.030005,-0.028434,-0.438631,-0.316858,-0.598414
-0.044505,0.003805,0.011487,0.459024,-0.070501,-1.121762
-0.037307,0.017108,-0.016893,0.161649,0.227147,-0.674468
-0.038826,0.011807,-0.016538,-0.176003,0.365518,-0.836997
-0.036942,0.017909,-0.035140,0.059095,0.201888,-0.943250
-0.050000,0.003542,0.013463,0.050545,-0.043796,-1.537936
-0.036670,0.015231,-0.013538,0.285728,0.134631,-1.103919
-0.050180,0.002987,0.022057,-0.062476,-0.673823,-1.368119
-0.032147,0.015677,0.011894,0.220073,-0.180296,-1.017561
-0.036768,0.022866,0.008487,0.248003,-0.627653,-1.019242
-0.037336,0.021349,0.014468,0.077310,-0.350526,-0.902640
-0.043153,0.015034,0.011510,0.136321,-1.268050,-0.599431
-0.037487,0.015277,0.000468,0.038288,-0.667606,-0.242479
-0.035921,0.020007,-0.008834,0.190422,0.372106,-0.623426
-0.037418,0.011728,0.012439,0.638111,0.015036,-0.315769
-0.026041,0.027963,-0.004922,0.188620,0.080648,-0.451705
-0.035117,0.008502,-0.000579,-0.143602,-0.436267,-0.337354
-0.030059,0.021517,-0.009205,-0.074497,-0.095717,-0.755961
-0.044098,0.014472,-0.017782,-0.784754,-0.640687,-0.356462
-0.022979,0.019826,-0.018127,-0.023721,0.323539,-0.806651
-0.027551,0.020955,-0.017520,-0.753971,1.254330,-0.558128
-0.035193,0.023010,-0.027298,-0.372489,-0.715573,-0.425990
-0.046018,0.015431,-0.001610,-0.460413,-0.663448,-0.617862
-0.029895,0.016357,-0.002706,-0.049245,0.199226,-0.966421
-0.043501,0.007376,-0.020421,-0.085627,0.667732,-0.947931
-0.030873,0.011518,-0.006684,0.130853,0.845637,-0.788073
-0.032902,0.020240,-0.014838,-0.432775,0.031855,-0.942026
-0.034517,0.012211,-0.007607,-0.108883,0.705277,-0.698216
-0.039302,0.018690,-0.004580,-0.018521,0.387139,-0.817845
-0.039204,0.006526,0.004374,0.065391,-0.721629,-0.606954
-0.044705,0.018520,0.017560,0.167770,-1.357063,-1.064408
-0.039640,0.006279,0.013102,0.118514,-1.552069,-0.767751
-0.015836,0.022009,-0.007344,0.428301,3.213486,-0.416084
-0.052931,-0.000942,0.023961,0.020159,-1.911723,-0.748322
-0.035826,0.020538,-0.004702,0.366453,-1.576425,-0.648940
-0.035071,0.010849,0.010699,-0.294856,-0.864254,-0.277906
-0.036703,0.021727,-0.019834,0.170688,-0.526875,-0.270426
-0.048723,0.012723,0.010900,-0.100690,-0.624636,-0.448738
-0.036378,0.026939,-0.029855,-0.282455,-0.061498,-0.139246
-0.048391,0.022524,0.018285,-0.156252,-0.537041,-0.077632
-0.031228,0.022111,0.018069,-0.216193,-0.095504,-0.424300
-0.046786,0.011994,0.028083,0.222223,-0.456126,-0.429072
-0.035160,0.015395,-0.038389,-1.159605,0.540111,-0.695478
-0.041984,0.017446,-0.029218,-0.557721,0.603564,-0.883362
-0.039132,0.017735,-0.001045,-0.294666,-0.264953,-0.553349
-0.033417,0.021901,0.000783,-0.137385,0.128106,-1.075644
-0.039591,0.009490,-0.013696,0.052340,0.233882,-0.912123
-0.037592,0.021904,0.002162,-0.179472,-0.026149,-1.205734
-0.048976,0.003516,-0.001406,0.328111,0.142818,-1.062061
-0.043796,0.017436,-0.011930,0.608126,0.029308,-0.759614
-0.047971,0.013609,-0.005640,0.269014,0.123162,-1.104083
-0.046822,0.015936,-0.013088,0.449551,-0.267336,-1.331274
-0.054379,0.010209,0.040517,0.675527,-0.532439,-0.826067
-0.041068,0.012076,0.025979,0.513766,-0.086319,-0.687315
-0.052396,0.012234,0.024876,0.418874,-0.958283,-0.924166
-0.045549,0.012936,0.020767,0.030899,-1.948004,-0.700816
-0.042063,0.020509,0.006432,-0.083612,-1.487386,-0.327589
-0.033706,0.007218,-0.000290,-0.083569,-0.906604,0.034838
-0.039069,0.027044,-0.006881,-0.343574,-1.208135,-0.190987
-0.042923,0.020755,-0.013633,-0.195116,-1.010329,-0.019027
-0.031510,0.027967,-0.036830,-1.012164,-0.692320,-0.174529
-0.050171,0.009913,-0.040237,-0.919642,-0.303499,-0.444283
-0.040491,0.022587,-0.065039,-0.695422,0.079119,-0.903828
-0.060655,0.001796,0.000458,-0.142909,-0.222327,-0.988121
-0.043163,0.013550,-0.027774,0.056108,0.127778,-0.809950
-0.058646,0.009339,0.000544,-0.298556,-0.308179,-1.133018
-0.048533,0.017919,-0.036033,-1.141414,0.020586,-0.620048
-0.057169,0.018073,0.000025,-0.529889,-0.615570,-0.242601
-0.036952,0.019245,-0.000231,-0.427030,-0.038580,-0.846454
-0.058574,0.020565,0.008320,-0.501939,-0.664245,-0.207981
-0.035380,0.010110,0.004804,0.042371,-0.032638,-0.667377
-0.042516,0.018182,0.007772,0.082539,-0.690912,-0.790174
-0.037648,0.012946,0.003216,0.165919,-0.188298,-0.274463
-0.042949,0.016685,-0.004849,0.223559,-0.309105,-0.295930
-0.033033,0.005387,-0.004954,0.329293,-0.427375,-0.553230
-0.036184,0.025196,-0.000119,0.435561,-0.040063,-0.766855
-0.028460,0.016064,0.005736,0.423810,0.166760,-0.407320
-0.038062,0.022478,-0.014559,-0.302908,-0.322022,-0.383824
-0.043753,0.016002,0.001574,0.399809,-0.243279,0.128647
-0.036548,0.025324,-0.007203,-0.018941,-0.272253,-0.413373
-0.048684,0.009568,0.012584,0.234456,-0.219665,-0.311942
-0.032179,0.024737,-0.017726,0.114079,-0.820026,-0.423161
-0.050870,0.011131,0.032610,-0.028661,-1.611967,-0.694966
-0.038994,0.023023,-0.001478,-0.307336,-0.409827,-0.497213
-0.036417,0.008361,0.023875,0.846142,0.263798,-0.953842
-0.022194,0.019577,-0.026244,-0.262157,1.683771,-0.284550
-0.038515,0.019314,-0.019098,-0.539940,0.291450,-0.544621
-0.032147,0.009605,-0.043352,-0.694395,0.742217,-0.715344
-0.040018,0.019225,-0.025020,-0.555932,0.116361,-0.784104
-0.056735,0.000525,0.018948,0.173088,0.086051,-0.617941
-0.039398,0.016619,-0.004183,0.514008,0.383069,-0.370566
-0.058216,0.005836,0.044207,0.599792,-1.097905,-1.313792
-0.039082,0.019097,-0.011953,-0.557957,0.029935,-0.322915
-0.034661,0.012506,-0.006576,0.138616,0.058160,-1.638113
-0.035130,0.006430,-0.015560,0.106664,0.321372,-1.056123
-0.017418,0.021960,-0.042099,1.107158,4.990174,-0.525570
-0.054109,0.003322,-0.002831,0.408383,0.291519,-1.033977
-0.036013,0.014499,-0.019305,0.246651,0.172872,-0.876242
-0.052074,0.010553,0.026337,0.659076,-0.227993,-0.742273
-0.027515,0.006851,0.017041,0.314876,-0.131085,-1.269935
-0.029911,0.007530,0.013627,0.406138,-0.686950,-1.267568
-0.035317,0.007937,0.019168,0.408741,-1.494443,-0.911095
-0.038882,0.011958,0.015695,0.485914,-1.269281,-0.664380
-0.059269,0.011994,0.027443,-0.141009,-2.399926,-0.617590
-0.028352,0.026217,0.025162,-0.115734,-1.035046,-0.434846
-0.031306,0.016517,0.014356,0.478443,-0.642361,-0.433264
-0.035321,0.019166,-0.012494,-0.099998,-0.141113,0.012504
-0.028142,0.026933,-0.002358,-0.098009,-0.000050,-0.525123
-0.051024,0.013727,0.008248,-0.151686,-0.171725,-0.437223
-0.041380,0.024852,-0.033305,-0.858812,-0.364959,-0.293810
-0.046123,0.017509,0.003435,-0.810619,-0.947310,-0.298937
-0.030834,0.026348,-0.005611,-1.635184,-0.692556,-0.543882
-0.037080,0.021917,-0.014185,-0.783989,-0.719200,-0.330159
-0.033410,0.014564,0.010926,0.213682,0.390898,-0.213170
-0.036857,0.009372,0.020754,0.736948,0.381014,-0.391994
-0.030709,0.010662,-0.020989,-0.385554,0.250531,-0.722404
-0.030804,0.009864,0.011024,0.467667,0.679969,-1.178896
-0.047101,0.000709,-0.005306,0.024229,0.750289,-0.866516
-0.038419,0.021566,-0.054756,-0.508481,0.708503,-0.572948
-0.050476,0.010077,-0.005437,-0.674424,0.113469,-0.803376
-0.043517,0.017594,-0.001541,-0.616526,-0.436759,-0.950593
-0.043593,0.015211,-0.005818,-0.316251,-0.112983,-0.604424
-0.038203,0.003611,0.008421,0.387447,0.009193,-0.502507
-0.036456,0.016609,-0.013062,-0.269743,-0.390411,-0.627259
-0.042614,0.003096,0.006347,0.300246,-0.233212,-0.935996
-0.024856,0.015342,-0.001856,0.709668,-0.639249,-0.454724
-0.033378,0.012296,0.010975,0.339304,-0.453844,-0.390842
-0.020937,0.017893,0.012974,0.215546,-0.008861,-0.136213
-0.032406,0.015848,-0.013568,-0.041836,-0.127616,-0.598541
-0.050765,0.004435,0.006508,0.338634,-0.430703,-0.203145
-0.027981,0.015513,-0.016797,0.200907,0.026180,-0.821557
-0.046389,0.013872,-0.027534,-1.082011,-0.615156,-0.151933
-0.031434,0.015168,-0.016817,-0.294154,-0.208823,-0.822423
-0.009698,0.016599,0.007135,0.575367,1.550744,-1.048265
-0.022053,0.008659,-0.026372,-0.598738,0.235176,-1.228471
-0.040103,0.020043,-0.036197,-0.635610,-0.333284,-0.834644
-0.040786,0.020519,-0.014474,-1.316663,-0.575429,-0.466131
-0.042020,0.027015,-0.044649,-1.724250,-0.167583,-0.223667
-0.046819,0.015720,-0.004931,-0.776308,-0.157834,-0.457797
-0.031316,0.016698,-0.027078,-0.593115,0.366785,-0.674162
-0.040576,0.012529,-0.021058,0.096824,0.138258,-0.945938
-0.069484,0.000217,0.001847,-0.166139,-0.307556,-1.097325
-0.041337,0.017082,-0.002230,-0.096177,0.300664,-0.627808
-0.050220,0.012106,0.009826,0.340065,-0.299970,-0.581217
-0.043894,0.009756,0.022109,0.748230,0.276830,-1.056885
-0.048772,0.016796,0.013962,0.538315,0.631829,-0.758206
-0.042841,0.010245,0.024794,0.160510,-3.086632,-1.039507
-0.045930,0.009070,0.009534,0.611165,0.585733,-0.599641
-0.060011,0.005344,0.011891,0.669445,0.355900,0.215976
-0.028759,0.022459,0.011688,0.822009,0.180608,-1.180593
-0.041269,0.003571,0.017094,0.061150,-1.425541,-1.243977
-0.032741,0.011098,-0.012058,0.370907,-0.879977,-1.077482
-0.057064,0.006703,0.027118,0.303959,-0.691421,-0.782417
-0.051267,0.017443,0.029633,0.056499,-0.267904,-0.120727
-0.039893,0.023125,0.014356,0.159082,-0.680805,-0.290957
-0.043110,0.024553,0.012928,-0.006524,-0.313530,-0.322971
-0.043405,0.021868,0.008113,0.142765,-0.333677,-0.142765
-0.034740,0.021126,-0.009629,-0.025086,-0.191351,0.070101
-0.038488,0.031860,0.004092,0.150413,-0.130623,-0.032268
-0.038423,0.020729,-0.008844,0.294453,-0.218040,0.134742
-0.040829,0.028886,-0.009126,-0.157267,0.095915,0.045923
-0.043986,0.015181,-0.005361,0.121094,-0.150081,-0.233226
-0.037678,0.013990,-0.017841,-0.063100,-0.526143,-0.225276
-0.051136,0.012076,0.026393,-0.020980,-0.524289,0.091608
-0.041968,0.016425,0.028343,0.238799,-0.904667,-0.509226
-0.053197,0.024815,0.013637,-0.362872,-0.760706,0.084101
-0.058859,0.006601,0.027489,0.463613,-0.468927,0.471327
-0.040924,0.017384,0.005316,0.336156,0.384884,0.073663
-0.028867,0.004445,-0.008897,0.512016,0.888863,-0.522067
-0.038826,0.016839,0.001640,0.381112,0.664463,-0.423200
-0.034156,0.007701,-0.027685,-0.132018,1.669391,-0.638774
-0.038977,0.023893,-0.068962,-1.488092,0.976229,-0.518982
-0.048132,0.016225,-0.043753,-0.962179,0.297493,-0.540035
-0.043271,0.016393,-0.007928,0.103510,0.262131,-1.060850
-0.049521,0.017594,-0.029166,-1.117984,-0.212913,-0.561837
-0.032659,0.006473,0.022907,0.630335,0.038213,-0.493464
-0.036962,0.011735,0.014261,0.346361,-0.156390,-0.742719
-0.040031,0.002698,0.002073,0.200378,-0.441046,-0.496789
-0.034520,0.013954,-0.024810,0.581200,-0.210658,-0.072442
-0.049370,0.002977,0.014166,0.010755,-0.454740,-0.424648
-0.034691,0.011147,0.016982,0.559119,-0.335306,-0.269533
-0.045385,0.022157,0.007703,-0.030062,-0.610837,-0.078794
-0.033410,0.016754,0.015305,-0.026494,-0.214650,0.026176
-0.034503,0.019485,-0.017290,-0.395598,-0.364870,-0.115524
-0.048109,0.007711,0.014418,0.496162,-0.106746,-0.237618
-0.040297,0.017105,-0.025076,-0.544276,-0.334603,-0.352139
-0.054684,0.018887,-0.014917,-1.121991,-0.593886,-0.828312
-0.039667,0.020837,-0.039266,-1.214494,0.126346,-0.452092
-0.038780,0.017358,-0.018035,-0.287484,0.785197,-0.143464
-0.057563,0.012043,-0.051650,-1.789134,0.220342,-0.457226
-0.037513,0.026407,-0.039473,-0.657901,-0.017277,-0.362662
-0.060353,0.008561,0.006642,-0.570473,-0.755543,-0.753594
-0.041485,0.018661,-0.046710,-1.675122,-0.413953,-0.676365
-0.037510,0.013320,-0.014713,-0.505884,0.214417,-1.019787
-0.048142,0.003631,0.008651,0.420111,-0.045338,-0.949920
-0.042782,0.020135,-0.015301,1.075538,0.078154,-0.686065
-0.054323,0.002725,0.010732,0.358897,0.293974,-0.621584
-0.040468,0.019179,0.004762,0.516178,-0.002151,-0.524749
-0.050371,0.011338,0.019211,0.400321,-0.036843,-0.741518
-0.032009,0.017975,0.013004,0.117057,0.281724,-0.459195
-0.039076,0.019954,0.025431,0.483167,-0.279324,-0.608080
-0.033650,0.014617,0.007591,0.204941,-0.885022,-0.152743
-0.044151,0.025869,-0.000037,0.397561,-1.170305,-0.492975
-0.037005,0.008774,-0.013696,-0.263207,-0.647738,-0.023878
-0.035150,0.027057,-0.000861,-0.122985,-1.251247,-0.209087
-0.049803,0.028265,-0.043756,-1.616153,-1.002665,0.102374
-0.038009,0.022239,-0.034007,0.133813,-0.132448,-0.286066
-0.060792,0.012296,0.009984,-0.750334,-2.805311,-0.542195
-0.034192,0.024261,0.005123,0.130351,0.300782,-0.173105
-0.043858,0.031741,-0.074309,-3.160750,-0.774483,-0.370881
-0.031375,0.027300,-0.044994,-1.779211,0.148503,-0.246224
-0.041173,0.023893,-0.041751,-1.074803,-0.024413,-0.193400
-0.036545,0.014006,-0.025854,-0.357587,0.616339,-0.368144
-0.043264,0.012779,-0.003924,-0.355460,0.165791,-1.046906
-0.038226,-0.000614,0.004611,0.551451,0.250288,-0.509341
-0.038111,0.008905,0.000245,0.202505,-0.031155,-0.920480
-0.042818,0.004530,0.004299,-0.130334,0.021945,-1.226190
-0.032813,0.009762,-0.012977,0.652163,0.121301,-0.500327
-0.052494,0.010455,0.014855,-0.153833,-0.643609,-0.405370
-0.028749,0.016531,0.023537,-0.368180,-0.190711,-0.541315
-0.032127,0.015562,0.002927,0.112015,-0.186975,-0.695216
-0.035987,0.000414,-0.011854,0.478328,-0.204661,-0.575183
-0.022756,0.024215,-0.010554,0.361782,1.876720,-0.064141
-0.039391,0.005354,0.001272,0.351003,0.073962,-1.043223
-0.028224,0.019262,-0.028703,0.510841,0.322259,-0.093003
-0.045155,0.020463,0.006784,-0.196259,-0.644544,-0.244810
-0.031195,0.024996,-0.010108,-0.337725,-0.000162,0.009363
-0.037146,0.024054,0.003882,-0.325442,-0.949742,-0.266168
-0.031106,0.019353,-0.013003,-0.212700,0.474052,-0.251683
-0.036683,0.010543,-0.013817,-0.720054,0.099565,-0.365741
-0.031927,-0.000755,-0.001859,0.510102,0.034254,-0.425845
-0.030131,0.029010,-0.021097,-0.897069,0.175379,-0.097589
-0.032019,0.012923,-0.028174,-0.834972,0.873252,-0.130984
-0.019847,0.021182,-0.021275,0.248541,0.904186,-0.119259
-0.042805,0.007793,-0.013292,-0.034549,1.816638,-0.686629
-0.029255,0.015306,-0.027403,-0.014201,0.466827,-0.856482
-0.045345,0.015149,-0.026340,-0.615587,-0.126142,-0.718347
-0.037884,0.008633,-0.023090,0.208978,0.301366,-1.239300
-0.046455,0.006706,0.013749,-0.268475,-0.142173,-0.693040
-0.034937,0.013708,0.001738,0.226851,-0.104087,-0.857007
-0.050266,0.006099,0.021177,-0.004850,-1.001887,-0.830209
-0.032957,0.013806,0.005730,0.400922,-0.575793,-0.568842
-0.036539,0.017607,0.017849,0.004545,-0.556050,-0.032928
-0.022230,0.025672,0.017727,-0.574323,-0.593709,-0.071480
-0.023878,0.016665,0.012705,-0.255021,-0.287618,-0.212169
-0.023520,0.015080,0.002982,-0.173410,-0.798123,-0.147163
-0.032800,0.010169,-0.014208,-0.334564,-0.362691,-0.312267
-0.018905,0.012779,-0.018156,-0.508661,-0.067613,-0.282317
-0.023278,0.017926,-0.002424,0.197421,0.604785,-0.543872
-0.028254,0.010579,-0.068342,-1.445643,0.684925,-0.353402
-0.029724,0.025157,-0.050311,-0.915720,1.095798,-0.265758
-0.024997,0.009244,-0.039581,-0.208637,1.801811,-0.640553
-0.020583,0.014597,-0.033203,0.046721,2.353001,-0.424447
-0.036611,0.007126,-0.033114,-0.439720,0.659112,-1.077114
-0.018236,0.013619,-0.046320,-0.165804,2.115786,-0.744669
-0.045395,0.000253,-0.009235,-0.080257,0.327179,-1.054433
-0.033555,0.015139,-0.033341,-0.227458,0.033640,-0.531386
-0.048854,0.010153,0.034281,0.144879,-1.647496,-0.724909
-0.034526,0.016107,0.019030,0.012314,-0.174322,-0.761025
-0.052852,0.003115,0.022562,0.278530,-2.720604,-0.612229
-0.028388,0.016015,0.018679,0.263135,-0.337160,-0.388098
-0.043428,0.014784,0.013417,0.217965,-0.529403,-0.655784
-0.030591,0.008492,0.016014,0.262501,-0.209083,-0.397856
-0.033945,0.012244,0.008829,0.398142,-0.466688,-0.487651
-0.028802,0.010153,-0.009189,0.127081,-0.359287,-0.017395
-0.034077,0.020108,-0.006606,0.190600,0.105076,-0.347592
-0.033335,0.012326,0.002513,-0.055819,-0.462438,-0.010893
-0.034333,0.019547,-0.003093,0.147787,-0.146851,-0.355995
-0.040103,0.009847,-0.007009,-0.030932,-0.055862,-0.615912
-0.031444,0.018694,-0.035314,0.448701,0.381917,-0.402915
-0.042440,0.011653,0.022024,-0.173853,-0.919261,-0.231361
-0.029002,0.018001,-0.009809,-0.637008,0.123057,-0.635731
-0.034730,0.017489,0.004473,-0.120106,-0.262619,-0.362616
-0.028401,0.020735,0.023012,-0.215766,-1.177533,-0.334728
-0.036539,0.014788,0.005979,0.060077,-0.418955,-0.442813
-0.025887,0.012723,-0.016164,-0.412840,-0.262783,-0.221629
-0.032856,0.020548,-0.011562,-0.154962,-0.288508,-0.521568
-0.036056,0.009385,-0.030085,-0.853803,-0.123953,-0.306293
-0.034231,0.025350,-0.027127,-0.611336,0.001046,-0.266329
-0.049005,-0.000778,-0.011260,-0.093886,0.185942,-0.893075
-0.031815,0.005902,-0.040832,0.320033,0.512689,-0.850770
-0.056604,0.003240,0.003711,-0.148663,-0.300522,-0.989066
-0.038337,0.011187,-0.021810,-0.339114,0.535289,-1.105596
-0.049947,0.000538,0.022392,0.637244,0.455440,-1.176517
-0.030236,0.001871,0.005415,0.786684,0.560531,-0.903129
-0.033135,0.002413,-0.002079,0.279984,0.513477,-0.915612
-0.035636,-0.003381,0.011550,0.396386,-0.350503,-0.526928
-0.045516,-0.002130,0.018151,0.541860,-1.057849,-0.709294
-0.045601,-0.004953,0.018869,0.510949,-0.942681,-0.564197
-0.040602,0.003194,0.012400,0.409384,-1.358842,-0.637638
-0.040087,0.000141,0.012521,0.147629,-1.070962,-0.066924
-0.022283,0.022977,-0.017933,0.214594,0.221659,0.099775
-0.035872,0.003158,0.003820,-0.081114,0.080586,-0.112980
-0.024820,0.023227,-0.052208,-0.786208,-0.000320,-0.202531
-0.034589,0.016527,-0.036312,-0.763733,1.137180,-0.135763
-0.022119,0.015323,-0.054119,-0.226260,1.176979,-0.354882
-0.040300,0.009339,-0.014408,-0.261799,1.088675,-0.539631
-0.038003,0.007835,-0.041058,-0.078547,1.328963,-0.548501
-0.051277,-0.001625,0.007063,0.085007,0.001302,-0.569896
-0.040405,0.005006,-0.021800,-0.252641,0.185699,-0.707328
-0.050564,0.006522,0.003025,-0.523852,-0.492419,-0.754516
-0.027646,0.010356,-0.008142,-0.588841,0.245561,-0.452417
-0.037267,0.010908,-0.007173,0.097392,0.124403,-0.714569
-0.033834,0.002718,-0.002985,0.494704,-0.204829,-0.551441
-0.041121,0.007189,-0.000933,-0.264671,-0.521439,-0.684400
-0.049826,-0.003995,0.008123,0.314886,-0.408520,-0.461808
-0.038216,0.001668,-0.036124,0.535935,0.274404,-0.798547
-0.047134,0.003647,0.002159,0.282977,0.033972,-0.459379
-0.032380,0.015336,-0.002138,0.442166,0.188457,-0.564273
-0.051293,-0.006394,0.015896,0.797168,-0.319090,-1.093143
-0.030597,-0.000771,0.012600,0.588444,0.094746,-0.672458
-0.040615,0.018828,0.017166,0.204517,-0.849995,-0.671490
-0.033899,0.002505,0.011661,0.717503,-0.110419,-0.716758
-0.053210,0.016347,0.032232,-0.053627,-3.283375,-0.477147
-0.043819,-0.000857,0.011543,0.203175,0.075679,-0.244077
-0.032153,0.018362,-0.011785,-0.019138,-1.393222,-0.382212
-0.044613,0.002544,0.009199,-0.149047,-0.805384,-0.415476
-0.026609,0.019166,-0.014286,-0.398335,-0.247211,-0.088421
-0.037188,0.016110,0.007131,-0.183030,-0.491960,-0.222157
-0.035298,0.010386,-0.002112,-0.559431,-0.515177,-0.334853
-0.037408,0.017308,-0.012022,-0.287957,-0.420957,-0.121153
-0.038656,0.004340,-0.009461,-0.094047,0.140307,-0.573184
-0.037120,0.020276,-0.015192,0.123572,0.384586,-0.899046
-0.039700,0.004238,-0.035015,-0.297781,1.244637,-0.341904
-0.033808,0.017853,-0.034188,-0.453927,1.086588,-0.686698
-0.053112,0.004507,-0.009757,-0.363926,-0.014254,-0.819292
-0.037556,0.007310,-0.010613,-0.315963,0.101587,-0.863313
-0.056138,0.006142,0.003606,-0.255362,-0.524962,-0.510828
-0.033995,0.008190,0.004466,-0.022280,-0.082712,-0.491343
-0.039785,0.012894,-0.002404,0.324211,-0.064698,-0.583803
-0.043845,-0.005111,0.008766,0.446364,-0.154417,-0.861159
-0.043438,0.012329,-0.001505,0.293461,-0.287615,-0.466029
-0.051447,0.002790,0.024706,0.209093,-0.946794,-0.679040
-0.035524,0.011833,0.001853,0.255408,-0.673429,-0.473654
-0.058649,0.008508,0.020465,0.142499,-1.330390,-0.510845
-0.033197,0.013215,0.012032,0.000694,-0.224221,-0.205295
-0.036381,0.014686,0.003888,0.323660,-0.486232,-0.087994
-0.035931,0.005935,-0.009898,0.668900,0.302600,-0.532138
-0.039368,0.011416,-0.008083,0.673627,-0.041967,-0.170410
-0.044420,0.009358,0.008051,0.241566,0.012948,-0.386716
-0.030617,0.021999,0.004220,-0.089208,0.217743,0.104308
-0.043041,0.016051,0.011051,0.018833,-0.349633,-0.244990
-0.030614,0.006388,-0.000257,-0.007161,0.031422,-0.216173
-0.038354,0.013104,0.006649,-0.047725,-1.240336,-0.200585
-0.043862,0.002754,0.008960,0.007299,-1.005474,-0.170068
-0.028050,0.025423,-0.008618,0.156305,-0.269476,-0.047814
-0.048877,0.012155,0.016178,-0.264970,-1.059191,-0.020819
-0.030492,0.019872,0.001991,-0.230993,-0.880775,0.068847
-0.044052,0.015913,0.006912,-0.401339,-0.468454,-0.351896
-0.035308,0.009742,-0.006891,-0.312601,0.161725,0.033656
-0.030397,0.017584,-0.003192,-0.056821,0.220766,0.187166
-0.036969,0.012542,-0.006038,-0.234355,-0.122377,-0.122791
-0.025385,0.027927,-0.041412,-0.753170,2.299005,-0.070804
-0.040560,0.005774,-0.003116,-0.100175,0.022441,-0.112566
-0.038941,0.018136,-0.016594,-0.721806,-0.374222,-0.127140
-0.036243,0.007550,-0.009589,-0.201195,-0.082023,-0.269831
-0.031625,0.010373,-0.015698,-0.418719,-0.340154,-0.487070
-0.041236,0.004855,-0.005913,-0.388275,0.411994,-0.789254
-0.025378,0.010087,-0.031559,-0.132435,2.616013,-0.480337
-0.039690,0.011929,-0.008598,0.017645,0.975044,-0.394508
-0.033016,0.011971,-0.013269,-0.159781,0.195550,-0.431252
-0.045027,0.011311,-0.008545,-0.132297,-1.230860,-0.738403
-0.034326,0.006276,-0.000201,0.552600,-0.305941,-0.303722
-0.013637,0.010192,-0.026786,1.354841,4.570298,-0.700970
-0.057907,0.002981,0.029734,0.234072,-1.442022,-0.618945
-0.027249,0.014774,-0.003359,0.502323,0.225919,-0.392434
-0.040533,0.003660,0.010913,0.306017,-0.102827,-0.325567
-0.034126,0.009076,0.012790,0.416907,-0.379960,-0.782657
-0.040248,0.010586,0.014704,0.139486,-1.486571,-0.578978
-0.035747,0.005541,0.016598,0.134500,-1.914510,-0.378933
-0.036916,0.011413,-0.005105,0.207836,-1.015233,-0.213708
-0.044508,0.013918,0.010371,0.111847,-0.578482,-0.089905
-0.025309,0.024651,-0.001521,0.171519,-0.238881,0.072058
-0.040825,0.019294,0.009882,-0.121652,-0.738366,0.032074
-0.026248,0.022790,-0.006632,-0.029944,-0.073905,-0.047804
-0.033614,0.024556,-0.001432,-0.121449,-0.533286,-0.066471
-0.027896,0.011571,-0.002394,-0.266365,-0.031572,-0.004006
-0.024764,0.020341,-0.021262,-0.438755,-0.061632,-0.322002
-0.035652,0.013077,-0.021140,-0.640274,0.127541,-0.165509
-0.030440,0.026473,-0.052133,-0.865823,0.033880,-0.493096
-0.045273,0.006237,-0.013275,-0.653909,0.121771,-0.929116
-0.039007,0.004779,-0.039210,-0.395617,0.560807,-1.151852
-0.045194,0.018802,-0.018783,-0.855645,0.043547,-0.518204
-0.035613,0.013809,-0.013056,-0.680894,0.005356,-0.572912
-0.038042,0.016278,-0.004905,-0.363466,-0.567101,-0.381697
-0.027266,0.011584,-0.004029,-0.311843,-0.005086,-0.595879
-0.040720,0.017358,0.000324,0.303358,0.041971,-0.873685
-0.037973,0.004628,0.006642,0.414485,0.325938,-0.580324
-0.033732,0.021192,0.003015,0.564282,0.060428,-0.558522
-0.019778,0.016422,-0.004337,0.589859,0.503564,0.127731
-0.027289,0.017673,-0.001107,0.286680,0.461651,-0.473464
-0.049741,0.005593,0.031845,0.531441,-0.726461,-0.682706
-0.037205,0.020407,0.017153,0.181662,-1.753667,-0.464116
-0.038505,0.014738,0.001650,0.138294,0.883460,-0.536759
-0.031132,0.019898,0.018023,-0.354226,-1.605182,-0.149054
-0.036735,0.023630,0.024341,0.306522,-0.814345,-0.215195
-0.020750,0.021605,-0.002486,0.129622,0.194572,0.078032
-0.016910,0.029161,-0.008289,-0.510349,0.277634,0.005926
-0.028762,0.021759,-0.002420,-0.590253,-1.063987,0.370471
-0.033634,0.015959,-0.010229,-0.402586,-1.073765,-0.220693
-0.037595,0.012030,-0.012442,-0.404391,-0.498101,-0.430234
-0.017461,0.026086,-0.030164,-0.548612,-0.396999,-0.127347
-0.038478,0.014033,-0.005686,-0.958999,-0.447860,-0.213075
-0.029583,0.031216,-0.041583,-1.037866,0.438743,-0.440052
-0.031658,0.021540,-0.026333,-0.583987,0.980988,-0.444569
-0.028904,0.018749,-0.040917,-0.792701,1.248412,-0.259764
-0.027633,0.022964,-0.033669,-0.324336,1.360957,-0.446656
-0.031868,0.000493,0.005165,0.371298,0.476097,0.127127
-0.034605,0.008525,-0.015983,0.357200,0.175734,-0.525822
-0.052222,-0.000016,0.020573,0.129238,-0.273970,-1.003263
-0.036729,0.012227,0.018824,-0.162102,-0.331833,-0.562608
-0.042762,0.017771,-0.009061,-0.523547,-0.834735,-0.640409
-0.024305,0.014689,-0.011631,-0.429555,-0.039043,-0.242141
-0.037051,0.016261,-0.004026,0.038889,-0.130797,-0.245348
-0.028369,0.009401,-0.008880,0.354091,0.135616,-0.132218
-0.029005,0.022130,0.012249,0.524381,-0.204448,-0.333494
-0.042805,-0.003286,0.000107,0.733338,0.156302,-0.300095
-0.026005,0.012654,-0.013266,0.857745,0.121328,-0.695429
-0.044216,0.009329,0.018945,0.457505,-0.786362,-0.319593
-0.043379,0.006562,0.002326,0.497032,-0.969161,-0.505123
-0.048106,0.015007,0.020176,0.318323,-0.784340,-0.288351
-0.023560,0.022958,0.006386,-0.386374,-0.021120,0.047869
-0.025086,0.026506,-0.000904,-0.298520,-0.613686,0.002250
-0.024551,0.013734,-0.006786,-0.135195,-0.814640,0.295139
-0.027390,0.020945,-0.002240,-0.387717,-1.141220,0.497649
-0.044564,0.007294,-0.010883,-0.523541,-0.327664,-0.109501
-0.025890,0.024687,0.003071,-0.449705,-0.352722,0.045765
-0.031881,0.025219,-0.017562,-0.634979,-0.408382,0.146008
-0.032944,0.010835,-0.037142,-0.438345,0.647437,0.013394
-0.027784,0.028127,-0.023802,-0.728529,-0.180466,-0.065352
-0.048506,0.007789,-0.006248,-0.430575,-0.028575,-0.045638
-0.036962,0.013859,0.007289,0.122657,-0.013426,-0.282390
-0.042736,0.020059,-0.041908,-1.215718,-0.059384,-0.174276
-0.037645,0.009884,-0.026530,-0.469623,0.585638,-0.190068
-0.036949,0.016475,-0.001547,-0.034999,0.284987,-0.872277
-0.050187,0.007254,-0.030082,-0.688437,0.020462,-0.736319
-0.035830,0.015897,-0.002696,0.086976,-0.105043,-0.542756
-0.042755,0.022580,-0.005260,-0.659621,-0.479624,-0.249658
-0.031667,0.019675,-0.014493,-0.301461,-0.338375,-0.359462
-0.034448,0.019429,0.010877,0.678537,0.046156,-0.232011
-0.038987,0.011522,-0.012566,0.346256,0.229635,-0.104826
-0.031480,0.019757,0.012741,0.679808,-0.003392,-0.633608
-0.051129,0.008515,0.015420,0.695563,0.046859,-0.497718
-0.031113,0.024467,0.002250,0.412693,-0.092392,-0.136239
-0.053272,0.022944,0.024233,-0.146756,-2.342736,-0.385288
-0.038075,0.017512,0.012712,0.242594,-0.188843,-0.245939
-0.032557,0.027494,-0.000083,0.135773,0.126330,-0.059536
-0.040002,0.017368,-0.004508,0.108942,-0.460550,0.085798
-0.034736,0.027107,-0.012842,0.064268,-0.104941,-0.326775
-0.047177,0.018841,0.010558,-0.257424,-1.161561,-0.363470
-0.036158,0.033918,-0.011421,-0.775661,-1.635696,-0.107046
-0.035544,0.020890,-0.005529,-0.391784,-0.591588,-0.066852
-0.030811,0.019974,-0.009330,-0.487959,-0.511691,-0.190406
-0.032442,0.020496,0.006291,0.254673,0.620386,-0.143806
-0.039079,0.009119,0.000855,0.304572,-0.050685,-0.101065
-0.038895,0.019813,0.012268,0.476891,-0.550391,-0.250449
-0.044564,0.007327,0.016434,0.504985,0.344704,-0.813814
-0.041564,0.014253,-0.019571,-0.243601,-0.016111,-0.538552
-0.041787,0.024940,-0.005171,0.185781,0.756801,-0.346887
-0.031690,0.013215,-0.042138,-0.815596,0.964478,-0.312549
-0.034159,0.026854,-0.029172,-0.496444,0.849280,-0.515355
-0.054201,0.009546,-0.009701,-0.260397,0.062674,-1.042853
-0.032843,0.014243,0.000780,0.585621,0.548964,-0.706872
-0.047380,0.015428,0.027847,0.581328,-0.855424,-0.591130
-0.035183,0.011522,0.023130,0.285971,-0.947598,-0.569948
-0.042536,0.008265,0.035754,0.689310,-1.409319,-0.456205
-0.031155,0.008059,0.012735,0.230810,-0.107501,-0.216268
-0.031539,0.026483,-0.008900,-0.495052,-0.898221,0.002900
-0.030758,0.023355,-0.020690,-0.769303,-0.884835,0.496802
-0.038567,0.023936,0.010703,-0.160762,-1.790968,0.139026
-0.036049,0.004047,0.005136,0.202843,-0.638560,0.415161
-0.030604,0.022068,-0.021521,-0.469216,-0.142377,0.288738
-0.039217,0.008203,-0.014802,-0.613985,0.608835,0.053742
-0.032143,0.014981,0.027322,0.992447,-0.400800,0.001278
-0.048969,0.009555,0.031274,0.397308,-1.000190,0.147324
-0.026721,0.025190,-0.038025,-1.527986,-0.393595,0.192195
-0.047052,0.009454,-0.030715,-0.962924,-0.617983,-0.257913
-0.034779,0.010327,-0.014575,-0.319599,0.232770,-0.510355
-0.036200,0.016389,-0.020480,-0.673952,0.097093,-0.258822
-0.035984,-0.011058,0.017579,1.022330,0.139266,-0.567522
-0.033729,0.008538,0.015518,0.613847,0.366069,-0.475929
-0.043176,0.015024,-0.017529,-0.761097,-0.092188,-0.016483
-0.029649,0.016629,-0.035583,-0.244652,0.231755,-0.182653
-0.046524,0.000565,0.017914,0.130787,-0.618810,-0.233052
-0.036184,0.016573,0.020681,0.062434,-0.511129,-0.085155
-0.032488,0.009765,0.011665,0.256321,-0.532462,-0.243293
-0.024794,0.010146,-0.003536,-0.002299,-0.050236,0.169392
-0.029317,0.027002,0.001696,0.090288,-0.259865,-0.151204
-0.038213,0.011436,0.003219,0.332326,-0.055691,-0.037376
-0.029206,0.012936,-0.011654,0.491770,0.343516,-0.249201
-0.047200,0.007034,0.003150,0.157825,-0.385944,-0.212605
-0.034178,0.015497,-0.006707,0.217824,0.037369,0.168345
-0.041098,0.026637,0.000619,-0.251939,-0.606832,0.293468
-0.030118,0.020007,-0.000188,-0.403006,-0.293898,0.228528
-0.032468,0.025167,0.002497,-0.123618,-0.354669,0.336225
-0.030171,0.017167,-0.026628,-0.611165,-0.088341,-0.012577
-0.033286,0.032660,-0.000474,-0.609987,-0.509055,-0.060353
-0.043786,0.014325,-0.002548,-0.705273,-1.487773,-0.399652
-0.025894,0.027077,-0.020645,-0.086084,-0.085535,-0.385268
-0.038820,0.014587,-0.015918,-0.781724,0.453051,-0.059877
-0.031992,0.020187,-0.030065,-0.712415,0.767298,-0.341274
-0.036456,0.025964,-0.046074,-0.986332,0.499510,-0.384786
-0.030420,0.015881,-0.020694,-0.520636,1.186843,-0.108440
-0.044984,0.016196,-0.011500,-0.235441,0.218826,-0.988154
-0.042007,0.005610,-0.022305,-0.022388,0.299190,-0.347602
-0.037970,0.014397,-0.001153,0.407566,0.106186,-0.566452
-0.052780,0.014003,-0.003238,-0.637943,-0.322350,-0.772721
-0.043970,0.023886,-0.012258,-0.311820,-0.287819,-0.758757
-0.039319,0.027169,0.003307,-0.104688,-0.362277,-0.154697
-0.035327,0.011154,0.012905,-0.030134,-0.443764,-0.734490
-0.036299,0.018103,0.001118,0.216400,-0.059548,-0.463545
-0.033404,0.020942,0.004542,0.550851,0.316455,-0.300059
-0.038534,0.022672,0.014980,0.579546,0.020796,-0.586298
-0.046409,0.012976,0.009022,0.551628,0.103895,-0.423679
-0.040688,0.020361,0.001381,0.636430,-0.125679,-0.433829
-0.044351,0.009575,0.020652,0.375601,0.010043,-0.135475
-0.024945,0.024612,-0.002161,0.296547,-0.345189,0.134447
-0.043819,0.019632,0.022076,0.129596,-0.732481,-0.188555
-0.035570,0.022895,0.011848,-0.128355,-1.645461,0.121330
-0.031805,0.025807,0.011189,0.041144,-1.246185,0.087718
-0.028500,0.017049,-0.003914,0.246651,-0.510745,0.114985
-0.025053,0.034830,-0.008260,-0.046990,-0.075028,0.106766
-0.043366,0.016412,-0.011516,-0.152802,-0.131289,-0.007115
-0.036417,0.022249,-0.029212,0.025614,-0.130718,-0.115357
-0.042910,0.019534,0.001272,-0.578535,-0.300899,-0.130738
-0.025083,0.020259,-0.021472,-0.404460,0.416724,0.076243
-0.029678,0.031932,-0.025873,-1.227289,-0.338588,-0.100198
-0.036260,0.015684,-0.011441,-0.563261,-0.062732,-0.407533
-0.035767,0.020299,-0.030203,-0.432837,-0.283555,-0.159138
-0.043747,0.007455,-0.010082,-0.542871,-0.163529,-0.605274
-0.029442,0.021838,-0.012317,-0.757148,-0.024715,-0.496100
-0.031480,0.022958,-0.003799,-0.308666,0.174188,0.182315
-0.018879,0.011620,-0.019460,-0.498387,0.936124,0.168854
-0.022500,0.022170,-0.014831,0.087610,1.011423,-0.226063
-0.025411,0.006887,-0.017093,0.003228,0.586800,-0.186149
-0.031881,0.022327,-0.000497,0.113958,-0.084928,-0.325912
-0.037362,0.005042,-0.006051,0.523403,0.278254,-0.697773
-0.030223,0.012601,-0.002010,0.198405,0.385081,-0.539070
-0.040556,-0.001044,-0.003133,0.657087,0.423072,-0.658682
-0.029064,0.017089,-0.008801,0.342895,0.273301,-0.284977
-0.039785,0.005282,0.017625,0.451974,0.151093,-0.287258
-0.036026,0.010419,0.011953,0.489830,-0.493388,-0.441480
-0.052009,0.012148,0.032012,0.152612,-1.834917,-0.451797
-0.038698,0.007671,0.010069,0.152458,-1.231894,-0.038780
-0.031641,0.016478,0.006081,0.317167,-0.441991,-0.012806
-0.024981,0.011837,0.005336,0.253616,0.039125,0.128742
-0.029156,0.016455,-0.002207,0.381736,-0.528487,0.012012
-0.040084,0.017220,0.005727,0.170708,-0.129073,0.160910
-0.024492,0.028429,-0.007003,-0.248170,-0.187245,0.047311
-0.036076,0.024376,-0.002932,-0.281116,-0.307077,0.187481
-0.037060,0.021336,-0.009688,-0.417242,0.129944,0.361263
-0.033850,0.019632,-0.013958,-0.339173,0.272828,-0.075662
-0.030778,0.018989,-0.004925,-0.466259,0.023902,0.274364
-0.027276,0.030501,-0.017086,-0.461263,0.535013,0.006737
-0.033013,0.012047,-0.023405,-0.336146,0.067279,0.052199
-0.031930,0.023644,-0.017326,-0.366634,-0.076141,-0.141882
-0.038869,0.009802,-0.015662,-0.035583,1.112601,-0.562809
-0.035196,0.024264,-0.021908,-0.397226,0.193571,-0.393796
-0.050555,0.010941,0.001761,-0.320486,-0.378722,-0.592062
-0.035541,0.016934,-0.006986,0.203546,1.011810,-0.604909
-0.037776,0.017236,-0.006359,0.275313,0.395329,-0.764994
-0.043698,0.010494,-0.012192,0.370369,0.607503,-0.371111
-0.041360,0.018996,0.000396,0.589327,0.468994,-0.979672
-0.036640,0.007714,-0.001921,0.306696,-0.371682,-0.454780
-0.041354,0.027448,0.013808,0.111217,-0.781504,-0.427632
-0.047994,0.015257,0.014691,0.108988,-0.928419,-0.237184
-0.033617,0.019504,-0.003418,0.674021,-0.243972,-0.261238
-0.045450,0.017095,0.030026,0.126162,-0.541869,-0.686265
-0.040583,0.017519,0.006954,0.318953,-0.524433,-0.380670
-0.048936,0.024523,0.021630,0.110994,-0.407598,0.225977
-0.028956,0.025055,-0.003001,-0.152976,-0.147176,0.466548
-0.035754,0.025774,0.004414,-0.048349,-0.452150,0.003924
-0.038482,0.021684,-0.009622,0.123405,-0.277715,-0.106373
-0.033519,0.025600,-0.003051,0.125647,-0.223056,0.168098
-0.032285,0.020755,-0.015655,-0.040054,-0.196547,0.441657
-0.024896,0.030346,-0.007722,-0.099607,0.468731,-0.114362
-0.037904,0.014551,-0.008148,0.176853,-0.274223,0.120641
-0.029987,0.029204,-0.005073,-0.136439,-0.307375,-0.499274
-0.046698,0.006742,0.018699,-0.150035,-2.741727,0.020195
-0.038459,0.027159,0.006120,-0.168959,-1.921563,-0.186336
-0.049839,0.006762,0.012177,-0.376704,-1.839591,-0.419668
-0.030991,0.026532,-0.005604,-0.368252,-1.134655,-0.073476
-0.044049,0.022262,0.010844,-0.494731,-0.776163,-0.449542
-0.027774,0.023726,-0.025696,-0.293612,-0.611917,-0.236597
-0.049596,0.014633,-0.008339,-0.390993,-0.427634,-0.060074
-0.028651,0.029237,-0.026461,-0.351170,0.095751,-0.137336
-0.048073,0.020463,-0.001288,-0.421529,-0.214226,-0.145539
-0.034100,0.014361,-0.033328,0.153643,0.493901,-0.702030
-0.048976,0.013553,-0.016171,-0.408760,0.595065,-0.385610
-0.028904,0.012651,-0.009901,0.024915,0.823366,-0.450254
-0.044646,0.012575,0.001962,-0.166490,0.019664,-0.787081
-0.027065,0.016787,-0.000454,-0.029330,-0.160847,-0.527634
-0.046694,0.006618,0.014077,0.190212,-1.389635,-0.695373
-0.040953,0.012864,0.006084,-0.031031,-0.454724,-0.123855
-0.035836,0.016117,0.007483,0.119381,-0.204106,-0.519976
-0.035009,0.008361,0.007210,0.095225,-0.130787,0.143395
-0.039306,0.012706,0.014977,0.039578,-0.259521,-0.069934
-0.029655,0.012940,0.004144,-0.110068,-0.206670,-0.077973
-0.036020,0.021129,0.001998,0.104334,0.068930,0.207153
-0.039545,0.003906,-0.000723,0.208528,-0.075117,-0.570798
-0.029225,0.025518,0.005907,0.211765,0.023865,-0.043248
-0.029475,0.007422,-0.009707,0.443472,0.240730,-0.241901
-0.037773,0.024097,0.004381,0.468583,-0.290461,-0.304438
-0.036430,0.004786,0.005517,0.719850,-0.024954,-0.227376
-0.029586,0.016718,0.015216,0.325528,-0.180706,-0.203093
-0.037467,0.004559,0.003373,0.652163,-0.191781,-0.188341
-0.037376,0.022728,0.005103,0.272441,-0.308636,0.038422
-0.049146,0.005639,0.018541,0.283112,-1.897218,-0.403801
-0.023845,0.017883,-0.003241,0.461755,0.223132,0.168460
-0.039076,0.015700,0.013608,0.223395,0.115419,0.090538
-0.026294,0.021533,-0.014336,0.412158,-0.108305,-0.212727
-0.042309,0.014712,0.017839,-0.404349,-1.450550,-0.375631
-0.024229,0.025892,0.014251,-0.520603,-0.962212,0.278792
-0.036578,0.029742,0.015853,-0.278920,-0.864720,-0.131450
-0.030617,0.028397,0.005924,-0.043921,-0.286529,0.386417
-0.034681,0.029132,0.001994,-0.063192,-0.375059,-0.128352
-0.033345,0.015858,-0.017083,-0.054178,0.236735,-0.019939
-0.031730,0.034495,-0.018068,-0.196771,0.030118,0.226434
-0.026366,0.012552,-0.014927,-0.018016,0.265302,0.094812
-0.024321,0.032503,-0.005906,-0.142676,-0.230638,-0.112655
-0.038823,0.016334,-0.010295,-0.110682,0.373091,-0.211322
-0.033256,0.025521,-0.026202,-0.095350,0.208818,-0.184288
-0.045316,0.018812,0.007578,-0.439156,-0.190901,-0.213584
-0.025447,0.027845,-0.015212,-0.244363,-0.020359,-0.003343
-0.046166,0.011735,-0.001373,-0.781836,-0.285422,-0.438989
-0.032124,0.025915,-0.017690,-0.545215,-0.209910,-0.307156
-0.043570,0.026010,0.007417,-0.654966,-0.804714,-0.280424
-0.036653,0.019449,-0.010380,-0.396733,-0.363203,-0.465235
-0.044226,0.022754,-0.001199,-0.257309,-0.411051,-0.747187
-0.030656,0.012851,0.007772,-0.052846,0.071733,0.015091
-0.036857,0.016504,0.007365,0.209661,-0.006477,-0.840264
-0.033276,0.015503,0.010224,0.467798,0.295284,-0.355762
-0.028283,0.029834,0.005589,0.482937,0.451833,-0.538053
-0.046146,0.007806,0.025326,0.661718,-2.407095,-0.404264
-0.033847,0.026506,0.019247,0.473454,-0.878149,-0.607611
-0.048211,0.015388,0.015229,0.428809,-0.760526,-0.359367
-0.022050,0.026818,-0.011733,0.429085,0.148250,0.140969
-0.035377,0.016760,0.011235,0.174604,0.050657,-0.188411
-0.030758,0.024871,-0.004216,0.130511,-1.382118,0.281579
-0.043356,0.016672,0.017435,-0.200962,-0.959655,0.349000
-0.035150,0.025853,-0.013902,-0.150728,-0.310687,0.078859
-0.040901,0.019810,0.000869,-0.261550,-0.033052,-0.311134
-0.038954,0.028108,-0.001403,-0.610578,-0.248400,0.079758
-0.042201,0.025964,-0.009993,-0.424096,-0.495246,0.246473
-0.031579,0.012342,-0.021383,-0.506006,0.167479,-0.069573
-0.034254,0.018726,-0.031618,-0.519808,1.024599,-0.451541
-0.031319,0.016061,-0.022345,-0.621676,0.183316,-0.245351
-0.035478,0.019547,-0.017822,-0.472985,0.391091,-0.418365
-0.033062,0.016271,-0.013338,-0.588024,0.228850,-0.202193
-0.039338,0.024143,-0.007016,-0.263995,-0.082069,-0.050026
-0.029169,0.013035,-0.014329,-0.267097,0.073177,0.070768
-0.028211,0.021595,-0.011615,-0.116833,-0.305448,-0.180204
-0.027013,0.012687,-0.007390,0.031244,-0.110324,-0.030371
-0.039240,0.011210,-0.002657,0.471045,0.354479,-0.795222
-0.040477,0.003670,-0.001288,0.368107,-0.061416,-0.260207
-0.037333,0.018155,0.004010,0.429748,-0.574756,-0.440400
-0.045240,0.000161,0.006997,0.545133,0.116614,-0.598262
-0.049425,0.012329,0.015640,0.391905,-2.262727,-0.808266
-0.046038,0.004303,0.015761,0.482494,-0.655179,-0.426775
-0.034933,0.008571,-0.003251,0.652672,0.281471,-0.647184
-0.045463,0.006634,0.011783,0.453772,-0.122850,-0.418992
-0.024311,0.022439,-0.012104,0.660743,0.239892,0.143283
-0.034917,0.014295,0.017176,-0.135835,-0.039673,0.173666
-0.030338,0.020220,-0.012425,0.312093,-0.554710,0.194132
-0.075465,0.007950,0.075045,-0.731142,-9.291054,-0.235648
-0.032888,0.023558,0.005681,-0.359924,-0.811607,0.184855
-0.033860,0.025784,-0.009481,-0.402294,-0.153675,0.302859
-0.030397,0.011439,-0.000064,-0.190006,-0.510929,0.339872
-0.038492,0.026263,-0.001738,-0.172097,-0.518876,0.206431
-0.041705,0.007501,-0.003346,-0.326765,-0.640343,0.002523
-0.035232,0.025554,-0.024501,-0.265981,-0.312575,0.078757
-0.048854,0.004215,-0.007521,-0.347471,-0.064002,-0.121025
-0.043481,0.015769,-0.019643,-0.430145,0.108303,-0.341254
-0.048086,0.015460,-0.000096,-0.456434,-0.337022,-0.364294
-0.039975,0.013110,-0.008516,-0.267954,0.212156,-0.188755
-0.046058,0.009657,-0.000684,-0.240398,-0.122039,-0.468764
-0.043458,0.009726,-0.002269,-0.001022,0.642644,-0.381930
-0.040133,0.020821,-0.010544,-0.144383,0.130581,-0.671188
-0.035961,0.012536,-0.016617,-0.038564,0.069068,-0.032570
-0.032163,0.026516,-0.010282,-0.281963,0.075032,-0.144268
-0.042805,0.013347,0.006810,0.136157,-0.230658,-0.196101
-0.036220,0.017128,-0.011772,0.502247,-0.401319,-0.399461
-0.051897,0.011715,0.016257,0.097329,-0.674611,-0.221274
-0.043205,0.018694,0.002772,0.197893,-0.810908,-0.292736
-0.050059,0.013196,0.012518,0.309240,-0.406347,-0.413721
-0.034658,0.019183,0.008556,0.423938,0.174474,-0.291069
-0.040701,0.019629,0.007450,0.227655,-0.106910,-0.078190
-0.025953,0.021362,0.003261,0.167984,0.318510,0.039128
-0.036417,0.028521,-0.007167,0.242357,0.556556,-0.083120
-0.035505,0.019849,-0.005444,-0.093938,0.361766,-0.222469
-0.032439,0.025882,-0.007764,0.000350,0.352664,0.007659
-0.034845,0.020538,-0.013275,-0.105552,-0.068496,0.277315
-0.034398,0.030563,-0.005910,-0.299820,0.484382,0.070557
-0.036099,0.012716,-0.002978,-0.491452,-1.461139,0.088565
-0.032481,0.024494,0.000058,-0.441119,-0.777745,0.080644
-0.047069,0.006270,-0.007420,-0.398598,-0.590909,-0.272428
-0.036650,0.023154,-0.019502,-0.393103,-0.409745,0.061219
-0.046350,0.015805,-0.020812,-0.391797,0.231204,-0.394929
-0.035206,0.023962,-0.051404,-0.466311,0.965482,-0.357597
-0.037175,0.010730,-0.032793,-0.356264,1.922346,-0.179151
-0.030702,0.027658,-0.040316,-0.203647,1.314773,-0.706810
-0.048214,0.008518,-0.004456,-0.159292,0.465166,-0.358589
-0.040297,0.022393,-0.033554,0.004666,0.471377,-0.135619
-0.053827,0.005905,-0.008040,-0.229218,-0.033997,-0.358809
-0.053026,0.009962,-0.016978,0.062214,0.016841,-0.867265
-0.047298,0.017768,0.006921,-0.126198,-0.402100,-0.220995
-0.036237,0.016005,-0.014244,-0.008474,-0.245738,-0.522474
-0.053460,0.005216,0.014983,0.342002,-0.267851,-0.453408
-0.038236,0.015362,-0.011775,0.489905,-0.618170,-0.101803
-0.048194,0.013878,0.009908,0.229247,-0.404552,0.035058
-0.033299,0.017561,0.023534,0.101987,-0.538400,0.319097
-0.040701,0.023709,0.003179,0.234870,-0.381105,0.010587
-0.032432,0.016291,-0.005309,-0.028936,-0.081547,0.323552
-0.033108,0.028465,-0.007689,-0.210797,-0.453086,0.515883
-0.039617,0.007642,-0.002693,-0.012435,-0.186398,0.399327
-0.035478,0.010166,-0.024288,-0.078898,0.161393,-0.021905
-0.047909,0.017187,0.000258,-0.502011,-0.224494,0.179692
-0.030085,0.017266,0.003639,-0.673325,-0.469268,0.147856
-0.041659,0.018296,0.010640,-0.596499,-0.828180,-0.076417
-0.038938,0.011646,-0.009911,-0.631119,0.306769,-0.340292
-0.039565,0.019179,-0.003602,-0.235004,0.103136,-0.378405
-0.032865,0.003283,-0.018222,-0.209667,0.400151,-0.231693
-0.023648,0.023863,-0.019115,-0.251834,0.565592,-0.240155
-0.051290,0.003818,-0.006921,0.324799,1.107109,-0.449410
-0.041200,0.023975,-0.015783,0.030591,-0.057188,0.137060
-0.047899,0.002242,0.003875,0.211929,0.213216,-0.509991
-0.042398,0.008459,-0.019016,0.341441,0.151651,-0.323036
-0.053420,0.020318,0.008454,0.117470,-0.297426,-0.688412
-0.030036,0.015309,0.016588,0.553824,0.191552,-0.282177
-0.038206,0.010465,0.018531,0.328439,-0.410001,-0.255641
-0.031631,0.016429,0.013076,0.169050,-0.522999,0.129340
-0.038597,0.023463,0.008431,0.117798,-1.451666,0.293540
-0.038931,0.038316,0.012347,-0.341569,-1.318606,0.345327
-0.038554,0.016823,0.002405,-0.034855,-0.682098,0.248663
-0.029813,0.026755,-0.017923,-0.384191,0.423909,0.173708
-0.034366,0.028292,-0.011365,-0.191466,0.225529,-0.093538
-0.041452,0.017811,-0.016729,-0.189372,0.025746,-0.354065
-0.036319,0.032247,-0.016794,-0.132648,0.291401,-0.624932
-0.049140,0.009244,-0.019666,-0.262557,0.405725,-0.586452
-0.045930,0.025094,-0.009872,-0.584945,0.036480,-0.692767
-0.045027,0.009276,-0.022296,-0.545073,0.298930,-0.702930
-0.039719,0.023033,-0.027744,-0.340522,0.116584,-0.376123
-0.050909,0.017532,0.003984,-0.347073,-0.557254,-0.688947
-0.037001,0.021963,-0.001186,-0.079680,0.086767,-0.563177
-0.044571,0.020312,0.016664,-0.084626,-0.734965,-0.431721
-0.036949,0.023722,-0.000113,0.136538,0.290829,-0.301848
-0.034201,0.016104,0.014057,0.527939,0.073952,-0.544893
-0.026832,0.006831,0.002717,0.617477,0.245154,-0.310011
-0.038308,0.028722,0.010509,0.548080,-0.042506,-0.545763
-0.050601,0.012427,0.013788,0.685296,0.049751,-0.583958
-0.034474,0.013284,0.017166,0.499566,-0.413037,-0.231033
-0.041728,0.013685,0.010860,0.376770,-0.293835,0.281451
-0.033666,0.032723,0.023800,-0.383184,-1.537768,-0.227071
-0.033876,0.024490,0.013174,0.157808,-0.387424,0.180332
-0.023136,0.015467,0.002303,-0.208991,-0.038517,0.403331
-0.029691,0.024303,-0.017815,-0.350418,-0.453010,0.387438
-0.035262,0.012733,0.010302,0.177247,-0.992029,0.263772
-0.024873,0.016508,-0.005480,0.210304,0.184101,0.415913
-0.038039,0.018963,-0.015892,-0.422707,-0.302905,-0.265387
-0.035846,0.022163,-0.024711,-0.224455,-0.141162,0.170911
-0.045802,0.011623,-0.011375,-0.367868,-0.482694,-0.208394
-0.039407,0.025465,-0.010315,-1.149124,0.066695,0.132021
-0.044590,0.022935,-0.019814,-1.172869,-1.028819,-0.089675
-0.038833,0.012841,-0.010459,-0.415112,0.206152,0.207800
-0.026747,0.015582,-0.016006,-0.333028,0.193134,-0.105384
-0.033233,0.005902,-0.017004,-0.579335,0.006656,0.041561
-0.032498,0.013544,-0.005660,-0.024679,0.135938,-0.125864
-0.034461,0.006398,-0.008007,-0.381391,0.185322,0.085424
-0.034563,0.014843,-0.011894,0.061439,-0.269476,0.045506
-0.057835,0.001320,0.004745,0.047062,-0.835313,-0.659171
-0.033502,0.018198,-0.007085,0.038153,-0.095241,-0.312047
-0.043205,0.015264,0.012259,0.108490,-0.322350,0.113479
-0.039233,0.013770,-0.003143,0.258694,0.264681,-0.267882
-0.032852,0.022439,0.008668,0.456431,0.129662,-0.334134
-0.031073,0.013255,0.004906,0.500980,0.054497,0.132501
-0.031664,0.025203,0.003905,0.300821,0.273153,-0.165690
-0.036260,0.012674,0.012935,0.228771,-0.448543,-0.163845
-0.035196,0.018854,-0.007085,0.198435,-0.798231,0.099666
-0.041190,0.016580,0.002411,-0.130774,-0.549045,-0.236249
-0.027174,0.016327,-0.000687,-0.173111,-0.030364,0.050410
-0.032114,0.023161,-0.005995,-0.491081,0.236315,0.051913
-0.040271,0.006526,0.017163,-0.021603,-2.077302,-0.155776
-0.028116,0.024169,-0.001127,-0.184347,-1.627473,-0.533418
-0.044459,0.013993,-0.008690,-0.690384,-0.875129,0.250701
-0.037802,0.020696,-0.013630,0.257594,-0.443626,-0.189343
-0.040602,0.013563,-0.005723,-0.574845,-0.131627,-0.390349
-0.029429,0.012372,-0.009855,0.007341,0.749800,-0.340338
-0.029416,0.021070,-0.019679,-0.501184,0.827019,0.012573
-0.023635,0.015221,-0.016325,-0.216623,1.325684,-0.350048
-0.025273,0.016918,-0.029825,-0.312299,1.093674,-0.325567
-0.036801,0.009716,-0.033009,-0.678239,0.398224,-0.323985
-0.038314,0.014305,-0.015997,0.143526,0.531833,-0.275989
-0.047010,0.014121,-0.021278,-0.714352,0.205752,-0.443075
-0.030824,0.013248,-0.025998,-0.564801,-0.155320,-0.732196
-0.055235,0.017266,-0.015583,-0.728398,-0.011821,-0.658515
-0.044623,0.018145,-0.008900,-0.281513,0.062739,-0.287563
-0.051733,0.012359,0.014514,-0.185683,-0.716334,-0.642769
-0.033604,0.021746,0.000737,0.126858,-0.017319,-0.471642
-0.047417,0.021087,0.009945,0.330747,-0.326676,-0.305151
-0.029284,0.019751,0.011514,0.169526,-0.159863,-0.313521
-0.037855,0.022958,0.019838,0.420705,-0.339983,-0.308860
-0.033755,0.014174,0.012912,0.350317,0.015131,0.067393
-0.034543,0.023539,0.006157,0.422497,-0.676236,-0.648717
-0.040855,0.016124,0.023777,0.292414,-1.147463,-0.287077
-0.036355,0.015306,0.014025,0.373031,-0.512048,-0.336366
-0.038373,0.004428,0.014921,0.413366,-1.150522,-0.479133
-0.052311,0.025108,0.030555,-0.134651,-3.692603,-0.536559
-0.033089,0.020046,0.004338,0.431931,0.045155,0.242954
-0.026878,0.029634,-0.005913,0.175074,-0.182068,0.261559
-0.044344,0.016859,0.009718,-0.156876,-0.528950,-0.035482
-0.029261,0.024550,-0.016614,-0.061127,0.828880,0.410677
-0.038797,0.026532,-0.006002,-0.538456,-0.418158,0.084895
-0.033020,0.035844,-0.007164,-0.670909,0.551127,0.080129
-0.029107,0.028475,-0.022591,-0.363226,1.057508,0.476241
-0.014733,0.018815,-0.028503,-0.041456,0.979340,-0.405455
-0.034182,0.036530,-0.016466,-0.730301,0.120330,0.071092
-0.056236,0.007011,-0.021987,-0.266119,0.167118,0.171574
-0.035009,0.018749,-0.030879,-0.412397,0.364891,-0.679792
-0.044863,0.012490,-0.013682,-0.317755,0.147797,-0.392992
-0.040727,0.017821,-0.031900,-0.092560,0.222299,-0.284668
-0.054858,0.012907,-0.007081,-0.637208,-0.360525,-0.467677
-0.028011,0.019252,-0.004337,-0.555705,0.113998,-0.626199
-0.051851,0.018326,-0.010590,-0.492820,-0.861664,-0.026521
-0.032721,0.016061,0.007929,-0.481351,-0.087334,0.156853
-0.027653,0.016498,-0.000549,-0.215405,-0.033269,-0.865433
-0.029419,0.010688,0.000547,0.135845,0.325525,-0.089547
-0.031543,0.022183,0.002792,0.400311,0.120192,-0.422567
-0.030745,0.004684,0.006232,0.681711,0.238140,-0.843536
-0.037077,0.009946,-0.001160,0.374118,0.130207,-0.637740
-0.036082,0.007960,0.001341,0.705178,-0.228377,-0.576638
-0.033683,0.017207,-0.000622,0.537983,0.380446,-0.714983
-0.036309,0.000758,0.003110,0.678744,-0.232897,-0.533280
-0.028611,0.014397,0.002106,0.565448,0.308850,-0.329972
-0.043872,0.005997,0.025717,0.302747,-0.056259,-0.339462
-0.032186,0.009765,-0.001180,0.485835,-0.926949,-0.148112
-0.049865,0.011174,0.028684,-0.221858,-2.210858,-0.378378
-0.027834,0.015677,-0.000425,0.115074,-0.935184,0.034487
-0.048172,0.011449,0.014655,0.131411,-0.854108,0.104153
-0.030876,0.024829,0.013457,-0.451672,-0.770071,0.435168
-0.041541,0.019609,0.003888,-0.016076,-0.284749,0.289821
-0.031697,0.015608,-0.005979,-0.130236,0.103547,0.191837
-0.032570,0.021165,-0.010111,-0.093741,0.091274,0.453451
-0.033151,0.018424,-0.017300,-0.440905,0.274834,0.288397
-0.037395,0.020686,-0.021002,-0.371915,0.167718,0.146493
-0.042792,0.007139,-0.022479,-0.388452,0.242978,0.107964
-0.046294,0.015749,-0.037227,-0.288797,0.430550,0.129917
-0.051355,0.007097,-0.023638,-0.761773,0.611596,-0.127072
-0.036194,0.018621,-0.034802,-0.244166,0.317512,-0.302948
-0.046005,0.009920,-0.004938,-0.599719,-0.331002,0.159649
-0.039286,0.018838,-0.027393,-0.249086,0.077317,-0.017697
-0.053108,0.005613,-0.008227,-0.165949,-0.265321,-0.297588
-0.038416,0.013911,-0.015658,0.183093,-0.012711,-0.430966
-0.049928,-0.002439,0.009019,0.215858,-0.062775,-0.829185
-0.041610,0.017991,-0.011615,0.173209,0.302009,-0.129973
-0.046058,0.010192,0.009800,0.346982,0.538269,-0.537885
-0.042033,0.018960,0.015216,0.497796,-0.655035,-0.383808
-0.043215,0.017509,0.021515,0.426479,-0.038045,-0.287183
-0.033069,0.014899,0.007479,0.422839,0.609029,-0.121294
-0.038393,0.019764,0.009862,0.380400,0.186727,-0.251315
-0.031100,0.011459,0.004423,0.507506,0.295310,0.056899
-0.031763,0.027287,0.017172,0.126047,-0.971734,-0.058009
-0.039210,0.013517,0.020123,0.138691,-0.980265,-0.221602
-0.040228,0.017761,-0.016302,0.423492,-1.636651,0.068575
-0.046724,0.018339,0.010243,0.053413,-0.444955,0.213258
-0.034700,0.027258,0.001509,-0.140162,-0.617605,0.130928
-0.039532,0.029427,0.000977,0.175491,-0.167212,0.220522
-0.033781,0.019262,-0.001183,-0.055406,-0.003208,0.136617
-0.033719,0.021576,0.004817,0.127610,-0.172562,-0.246890
-0.043005,0.011584,-0.003609,-0.036099,-0.308271,-0.435414
-0.033499,0.027454,-0.023018,0.121908,0.168539,0.003005
-0.047082,0.023200,0.000127,-0.250928,0.104052,0.336290
-0.031244,0.021579,0.003613,-0.364195,-0.421765,-0.318434
-0.045247,0.021001,-0.001340,-0.139174,-0.449850,0.011680
-0.036992,0.010474,-0.010925,-0.256587,0.200221,0.031188
-0.043599,0.019281,-0.001951,-0.529708,-0.715845,-0.238757
-0.029649,0.012769,-0.007918,-0.389105,0.162732,-0.062240
-0.029691,0.020368,-0.021002,-0.105355,-0.301644,0.033742
-0.045444,0.008347,0.006501,-0.603261,-0.720848,0.120907
-0.042719,0.022275,-0.005483,-0.583524,-0.329699,-0.227964
-0.044669,0.007786,-0.005581,-0.126756,-0.261776,-0.760503
-0.032600,0.007993,-0.019184,-0.326414,0.415565,-0.469472
-0.038282,0.012132,-0.010052,-0.202384,0.154241,-0.927540
-0.028674,0.009647,-0.023533,-0.053322,1.143554,0.042407
-0.030519,0.016652,-0.010453,-0.319537,0.745660,-0.738528
-0.041991,0.002058,-0.025092,-0.047203,0.687663,-0.339019
-0.034300,0.009572,-0.023723,0.015590,0.455552,-0.591546
-0.044771,0.005744,-0.008710,-0.106822,0.011218,-0.471472
-0.041794,0.006604,-0.013620,0.004837,-0.128519,-0.647748
-0.049937,0.003568,0.020537,0.075229,-0.468704,-0.653237
-0.035468,0.013353,0.014156,-0.130692,-0.314971,-0.346207
-0.048283,0.008367,0.016125,0.047617,-0.697135,-0.207967
-0.026665,0.011860,-0.002525,0.083415,0.166238,-0.281389
-0.047295,0.004707,0.009245,0.065060,-0.481952,-0.386840
-0.029281,0.018231,0.000698,0.093705,0.009344,-0.296107
-0.038731,0.007149,0.004827,0.669238,0.208729,-0.968026
-0.037047,-0.001805,0.011116,0.541125,0.255655,-0.557655
-0.037632,0.027553,0.011097,0.232897,-0.498912,0.137132
-0.029038,0.011751,0.006377,0.220142,-0.208807,0.225052
-0.045549,0.010067,0.010759,0.066885,-2.604583,-0.303673
-0.030955,0.011745,0.005681,0.088769,-0.457212,0.034155
-0.035117,0.020689,0.006583,-0.279977,-2.092638,-0.150393
-0.046484,0.005012,0.012505,-0.277322,-2.494753,-0.164787
-0.023383,0.025606,-0.001866,-0.310074,-1.037741,-0.122808
-0.037957,0.012539,-0.006484,-0.294492,-0.460084,-0.154897
-0.030384,0.021024,-0.014303,-0.308288,-0.219892,-0.365928
-0.042115,0.007323,-0.009067,-0.306887,0.116319,-0.442235
-0.031146,0.013931,-0.035442,0.163076,1.264998,-0.471294
-0.043839,0.012332,-0.026763,-0.404503,1.203833,-0.571068
-0.040760,0.013937,-0.024646,-0.539595,0.118265,-0.777008
-0.045720,0.011909,-0.015626,-0.682637,-0.186713,-0.486262
-0.038403,0.014820,-0.010554,-0.805830,0.221869,-0.404402
-0.041554,0.012234,-0.016706,-0.461552,-0.042085,-0.475414
-0.033003,0.012326,-0.011418,-0.525244,0.063721,-0.211729
-0.034622,0.018720,-0.007492,-0.214752,-0.021537,-0.232323
-0.045575,0.001202,0.009393,0.042821,-0.266515,-0.582372
-0.035478,0.022728,-0.021245,0.298129,-0.034769,-0.642579
-0.051329,0.005679,0.015518,0.379261,0.140628,-0.801610
-0.038938,0.018017,0.018768,0.493703,0.051599,-0.568665
-0.069041,0.011784,0.041679,-0.035984,-4.821381,-1.030934
-0.048884,0.006309,0.024555,0.392824,-2.024340,-0.725296
-0.038055,0.010947,0.013588,0.357613,-0.035117,-0.795120
-0.033906,0.001651,0.024341,0.398604,-0.698704,-0.240962
-0.045880,0.017784,0.013165,0.343253,-1.165313,-0.067338
-0.041485,0.011092,0.014507,0.094953,-1.802001,0.308515
-0.037215,0.026050,0.020727,-0.132931,-1.556281,0.095507
-0.036713,0.003525,-0.005444,0.186145,-1.084043,0.007676
-0.033597,0.020545,0.005992,-0.337361,-1.261836,0.081797
-0.041544,0.011531,-0.007049,-0.027128,-0.201677,0.143654
-0.030509,0.023519,-0.036939,-0.187045,0.141541,-0.212090
-0.046360,0.017282,-0.007754,-0.574116,-0.205209,0.164064
-0.033259,0.012624,-0.029094,-0.418956,0.267540,-0.213009
-0.045775,0.018126,0.003281,-0.611625,-0.502119,-0.152836
-0.029540,0.021851,-0.003641,-0.783890,-0.339258,0.026058
-0.042174,0.019176,-0.008798,-0.669287,-0.111473,0.058590
-0.035833,0.008987,-0.009829,-0.677946,-0.216123,-0.588175
-0.021183,0.021563,-0.014841,-0.123661,1.518730,-0.228834
-0.031546,0.006637,-0.016138,-0.305117,0.290242,-0.042867
-0.031444,0.018579,-0.018150,-0.678508,-0.191788,-0.395220
-0.032002,0.015286,-0.016430,-0.280772,-0.210822,-0.044528
-0.027088,0.018592,-0.023129,-0.228400,0.626314,-0.378999
-0.049291,0.001635,-0.018419,-0.387812,0.252228,-0.683150
-0.033440,0.012792,-0.022775,-0.050335,0.922679,-0.736502
-0.045772,0.005508,-0.011122,-0.260223,0.861071,-0.427858
-0.034796,0.008072,-0.015754,-0.395690,0.730240,-0.350727
-0.041557,0.009519,-0.013679,-0.079486,0.387054,-0.726389
-0.038915,0.007668,-0.009133,0.135054,0.322882,-0.326299
-0.028598,0.019918,-0.001370,0.204724,0.024729,-0.309516
-0.054359,0.004395,0.025201,0.059591,-0.416858,-0.865660
-0.034743,0.016764,-0.002460,0.067810,-0.368547,-0.447188
-0.045871,0.008466,0.003839,0.158691,-0.291002,-0.838068
-0.040005,0.004543,0.015390,0.546377,0.285696,-0.843871
-0.035189,0.016071,0.006084,0.423164,-0.197607,-0.529561
-0.044863,0.004152,0.014832,0.527798,-1.194819,-0.301188
-0.044840,0.015149,0.031822,0.135153,-3.019359,-0.642106
-0.034960,0.006089,0.010782,0.341625,0.047056,0.032265
-0.034648,0.010596,-0.002145,0.183542,-0.642670,-0.293156
-0.057142,0.005377,0.031238,-0.204314,-2.459631,-0.264140
-0.028818,0.018520,0.012508,-0.275178,-1.151188,-0.052281
-0.038780,0.022219,0.004739,-0.119348,-0.770058,0.194282
-0.033446,0.011952,-0.003678,0.028303,-0.722558,0.067367
-0.023428,0.024477,-0.022269,0.095222,-0.038852,0.034792
-0.048930,0.010707,-0.010453,-0.257148,-0.336041,-0.225233
-0.039155,0.020538,-0.018806,-0.073502,-0.266972,-0.156387
-0.049110,0.015684,0.002887,-0.532958,-0.163732,0.008221
-0.036151,0.015342,-0.005286,-0.750003,-0.191870,-0.244002
-0.037083,0.017683,-0.013453,-0.427408,-0.452085,-0.090479
-0.032485,0.006549,-0.013266,-0.652353,0.109120,-0.129126
-0.040783,0.017578,-0.012517,-0.477403,-0.747833,-0.268774
-0.028073,0.012037,-0.023179,-0.255520,0.506630,-0.038800
-0.022158,0.021736,-0.013564,-0.406108,0.301130,-0.501407
-0.044928,0.013734,-0.009730,-0.519040,-0.095349,-0.519907
-0.040018,0.020647,-0.026573,-0.226516,-0.091197,-0.081311
-0.040523,0.015884,-0.002430,-0.374095,-0.411662,-0.044016
-0.028034,0.020742,-0.017572,-0.109002,0.427362,-0.261011
-0.035629,0.022784,-0.012406,-0.094841,0.215534,-0.872589
-0.037316,-0.002110,-0.006888,0.575810,0.716447,-0.577255
-0.036814,0.019829,-0.016486,-0.016946,0.329290,-0.736965
-0.037868,0.010317,-0.005082,-0.127354,0.170515,-0.779463
-0.039765,0.010625,-0.018629,0.003320,-0.184806,-0.730748
-0.053358,-0.004901,0.011349,-0.172920,-0.342268,-0.940578
-0.029659,0.010442,0.009091,0.042644,-0.538840,-1.047461
-0.042299,0.007737,0.006770,0.087561,-0.420646,-0.922945
-0.035790,0.015447,0.002280,0.160949,-0.090035,-0.294939
-0.032288,0.014275,0.003216,0.203286,-0.370063,-0.712173
-0.025185,0.009145,-0.009087,0.375696,0.235996,0.130164
-0.031382,0.019022,-0.000812,0.393162,0.346004,-0.415568
-0.033167,0.015135,-0.001229,0.389456,0.203566,-0.061380
-0.019618,0.029759,-0.024856,0.541903,0.174552,-0.181100
-0.042056,0.022038,0.016119,0.145982,-0.618304,0.224192
-0.019237,0.025442,0.000954,-0.120283,-0.003448,0.114175
-0.036043,0.026233,0.014881,-0.131611,-1.680912,0.348587
-0.022887,0.016209,-0.001616,-0.024495,-0.176944,-0.220687
-0.031375,0.025935,0.005894,-0.428192,-1.578483,-0.039112
-0.035938,0.014272,-0.005329,-0.313031,0.321740,-0.437882
-0.031799,0.025675,-0.013410,-0.253764,-0.269453,-0.135741
-0.044124,0.009749,0.003002,-0.412489,-0.715674,-0.973268
-0.032317,0.016662,0.011323,-0.844100,-0.055241,-0.464752
-0.050312,-0.004917,-0.006881,-0.034136,-0.439014,-1.491896
-0.036132,-0.002343,-0.011651,-0.242298,0.640787,-1.303836
-0.028848,0.025623,-0.026159,-0.471560,1.562085,-0.604273
-0.035938,0.015808,-0.027272,-0.159827,1.374323,-0.297575
-0.022017,0.024126,-0.048079,-0.033460,1.218673,-0.231102
-0.035360,0.011101,-0.014631,-0.359432,0.419071,-0.546925
-0.030581,0.011682,-0.016640,0.070610,0.156240,-0.550017
-0.044955,0.014545,0.012416,-0.223500,-0.612895,-0.373113
-0.032225,0.009792,0.010890,0.000983,0.067781,-0.539510
-0.036240,0.010986,0.014533,0.178950,-0.337121,-0.514255
-0.037825,0.007153,0.006829,0.402609,-0.390752,-0.350162
-0.027686,0.020391,0.012580,0.354380,-0.241786,-0.106261
-0.039952,0.015956,0.017478,0.265393,-0.178425,-0.262292
-0.027535,0.017955,-0.014782,0.351117,-0.136002,0.081426
-0.051132,0.010625,0.009711,0.015327,-0.541745,-0.267051
-0.037553,0.016442,-0.007958,0.032481,0.307330,0.153908
-0.032242,0.019895,0.004279,-0.222452,-0.626967,0.115337
-0.025578,0.008318,-0.018580,0.041091,-0.072802,-0.056922
-0.030601,0.031022,-0.009231,-0.322468,-0.027291,-0.063517
-0.037914,0.011206,-0.000087,-0.377649,-0.390217,-0.180726
-0.025647,0.020430,-0.035268,-0.161031,0.192481,-0.193659
-0.046442,0.006283,-0.007669,-0.418178,-0.305078,-0.629560
-0.025647,0.015477,-0.009074,-0.883138,-0.252138,-0.664518
-0.033161,0.023384,-0.002509,-0.381158,-0.407339,-0.518975
-0.036614,0.001569,-0.006487,-0.440607,-0.060654,-0.691296
-0.027876,0.013445,-0.009461,-0.039063,0.699296,-0.969280
-0.023806,0.009749,-0.001396,0.609580,0.710824,-0.544801
-0.023278,0.016445,-0.002959,0.471120,0.392273,-0.660944
-0.028867,-0.000824,0.011152,0.571451,0.527608,-0.679384
-0.045592,0.020213,0.022588,0.321372,-3.002602,-0.939452
-0.040402,0.006165,0.012781,0.455414,-0.239265,-0.522927
-0.033775,0.011620,-0.001173,0.394259,-1.103475,-0.210324
-0.033062,0.015158,0.015127,0.126523,-0.271140,-0.242728
-0.023090,0.019399,-0.012809,0.255280,-0.074339,-0.186881
-0.035291,0.009496,0.022602,-0.195937,-1.247987,-0.183730
-0.023061,0.014637,0.000238,0.034622,-0.176941,-0.233747
-0.038505,0.008374,0.005395,-0.419806,-0.552097,-0.180185
-0.017136,0.021796,0.001499,-0.355506,-0.805656,-0.189136
-0.028946,0.022058,-0.001478,-0.582733,-0.329292,0.572767
-0.015649,0.022652,-0.010420,-0.802052,0.549197,0.005756
-0.021850,0.030350,-0.018504,-0.645992,0.981408,-0.119785
-0.017386,0.013914,-0.021570,-0.447027,1.067615,-0.703924
-0.024873,0.021172,-0.029684,-0.191049,1.220636,-0.205164
-0.027361,0.011075,-0.037831,-0.106487,1.491542,0.040993
-0.030299,0.011495,-0.020884,-0.158934,0.935372,-0.707417
-0.038226,0.002006,-0.023028,-0.050013,0.756286,-0.279094
-0.031526,0.023690,-0.008752,-0.073436,0.352401,-0.620632
-0.033509,0.004422,-0.008706,0.052869,0.441063,-0.668559
-0.030098,0.013550,-0.003891,0.417301,0.455975,-0.355628
-0.049914,-0.005143,0.024164,0.196669,-0.298388,-0.895333
-0.031933,0.016596,-0.003175,0.587765,-0.772083,-0.422386
-0.041111,0.015772,0.009734,0.338608,-0.292893,-0.365961
-0.033296,0.020095,0.006882,-0.095271,-1.266983,-0.204288
-0.042033,0.012362,0.011422,0.128224,-0.481528,-0.319698
-0.034333,0.019951,0.001157,-0.295277,-0.530502,-0.001321
-0.036496,0.016494,0.008494,-0.078084,-0.581790,-0.268922
-0.025503,0.025662,-0.008450,-0.151171,0.182745,-0.199009
-0.040576,0.016396,0.002707,-0.120083,-0.382008,-0.117214
-0.033427,0.022948,0.001282,-0.470680,-0.378755,-0.426371
-0.040021,0.018654,0.005776,-0.460679,-1.371181,-0.477321
-0.025565,0.015782,-0.002210,-0.488248,0.592420,-0.219748
-0.038452,0.020082,0.006163,-0.604469,-0.979563,-0.172655
-0.026182,0.018720,-0.009435,-0.562510,-0.298411,-0.175950
-0.035084,0.026677,-0.024613,-0.590003,0.279236,-0.162082
-0.014372,0.022652,-0.030318,-0.468435,1.874566,0.094198
-0.029691,0.019747,-0.023697,-0.344457,1.566365,-0.100812
-0.032294,0.006962,-0.021518,-0.499139,0.194080,-0.130941
-0.033315,0.018106,-0.016469,-0.234066,0.148198,-0.435486
-0.035406,-0.002842,-0.021445,-0.289158,0.142808,-0.904277
-0.037497,0.005498,-0.021015,-0.397111,0.197336,-0.505317
-0.036699,0.000939,-0.011030,-0.467247,0.045828,-0.601489
