0.009766,0.000878,-0.022583,0.329830,0.615576,-0.242131
0.003884,-0.009945,-0.007990,0.365914,1.455047,-0.496520
0.000283,0.000651,-0.033836,0.052668,1.068835,-0.370278
-0.006420,-0.015262,0.000170,-0.143300,-0.142998,-0.079634
0.012838,-0.010736,-0.037381,0.091929,1.100022,-0.293249
0.007238,-0.016591,-0.026690,0.015245,1.819739,0.014766
0.003165,-0.004102,-0.039511,0.303233,0.539815,0.134046
-0.006446,-0.018610,-0.016495,-0.140806,-0.140018,0.306991
0.002764,0.002181,-0.025436,-0.035653,0.228337,0.183151
-0.005488,-0.018436,-0.000919,-0.324140,-0.057901,0.208443
0.005367,0.002759,-0.026214,-0.021528,0.210442,0.125689
-0.003860,-0.010279,-0.003719,-0.321684,0.305176,0.345872
0.013760,0.005030,-0.026860,0.310470,0.889624,0.218135
-0.002251,-0.005668,-0.007822,-0.076391,-0.066895,0.271892
0.013856,-0.001059,-0.006175,0.171801,-0.465314,0.176810
-0.007273,-0.008953,0.009358,-0.294713,-0.638870,0.001711
0.005275,0.008181,0.008130,0.001179,-1.296079,0.177715
-0.001532,-0.003337,0.022865,-0.052567,-0.656349,0.418499
-0.000866,0.010357,0.006148,0.078169,-1.576186,0.139557
-0.008711,0.002125,0.020384,0.054106,-1.244095,0.276047
0.005344,0.009363,-0.009651,0.503589,-0.392244,-0.066652
-0.005869,0.000106,0.019557,0.079144,-0.569889,0.401305
0.003109,0.007200,-0.005052,0.208813,0.067337,0.186371
-0.006896,-0.002851,0.016793,0.025282,-0.779417,0.076347
-0.000476,0.012022,0.009939,0.149464,-0.272674,-0.231250
-0.009525,0.016643,0.011291,0.180886,-0.617836,-0.399095
0.009093,0.004416,0.000568,0.411261,0.645401,0.377829
0.000558,0.008861,0.014633,0.605867,0.562841,-0.153644
-0.000554,0.010567,0.020036,0.589225,0.853658,-0.641421
0.001432,0.010915,0.014288,0.691227,1.261048,-0.238016
-0.005041,0.003431,0.030257,0.352817,-1.601271,-0.293948
0.000017,-0.000150,0.020883,0.616502,0.001820,-0.343716
0.008456,-0.002677,0.006909,0.721740,0.727304,-0.070375
0.000677,0.002870,0.028925,0.587850,0.260358,-0.381071
0.010786,0.000008,0.022813,0.702482,0.418226,-0.323277
0.008407,-0.009085,0.021733,0.513516,0.287004,0.482106
0.004767,0.001560,0.023751,0.140322,-1.328520,0.265793
-0.000863,-0.003455,0.020092,0.266991,-0.096562,0.054102
0.006076,-0.004384,0.020856,0.181769,-0.194490,0.392358
0.002469,-0.003882,0.020295,0.282695,-0.069324,0.474825
0.004409,-0.005444,0.029023,0.260768,0.287116,-0.068589
-0.003387,0.000264,0.017452,0.393267,-0.439373,0.172296
-0.006430,-0.004171,0.009926,0.045821,-0.875084,0.018704
-0.008957,-0.008809,0.019776,0.418781,-0.801879,-0.122867
0.010386,-0.002900,0.008872,0.354160,0.573837,-0.146941
-0.007424,-0.014067,0.029279,0.608293,-0.405662,-0.263848
0.011184,-0.003222,0.016556,0.782380,1.777478,-0.200901
-0.011935,-0.001174,0.032588,0.406518,-1.679271,-0.580311
0.008751,-0.007903,-0.002239,0.095441,1.062461,-0.602589
-0.005691,-0.011310,0.012952,0.600346,0.523314,-0.472290
0.000089,-0.007168,0.017814,-0.115731,0.024226,-0.363936
-0.033746,-0.014730,0.041825,-0.543256,-6.559958,-0.570979
-0.010398,-0.015820,0.017393,-0.197145,-1.891310,-0.224613
-0.007145,-0.008021,0.006279,0.259232,-0.464690,0.037319
0.001372,-0.010962,0.017695,-0.041886,-0.680648,0.007541
-0.006400,-0.005608,0.015112,0.038317,-0.699473,-0.352251
-0.003932,-0.016903,0.017718,-0.099545,-0.259597,-0.129521
-0.005386,-0.007371,0.008705,0.125344,-0.767118,-0.000183
-0.003614,-0.013765,0.019688,0.118162,-1.295075,-0.162608
-0.005311,-0.006698,0.017108,0.237594,-1.496397,-0.152915
-0.006164,-0.018003,0.006026,0.255079,-0.482731,0.110084
-0.002924,-0.006508,0.014180,0.215854,-0.249848,-0.297162
-0.000430,-0.005100,0.004556,0.193583,-0.340509,-0.145126
-0.002081,0.000362,0.004408,0.292509,0.235411,-0.309730
0.004520,-0.009652,0.001995,0.250471,0.487739,-0.165539
-0.003528,-0.005113,-0.002413,0.288048,0.685026,-0.548272
-0.000180,-0.014615,-0.011715,-0.023435,0.408432,-0.415211
-0.003236,-0.010079,-0.010353,0.137519,0.056134,-0.523197
-0.002993,-0.010896,-0.008397,0.339760,0.257620,-0.186389
0.003299,-0.008353,0.001936,0.002968,-0.271624,-0.467724
0.004714,-0.014195,-0.003851,-0.041177,0.387792,-0.188394
0.003660,-0.002021,0.003660,0.179862,0.210835,-0.143228
0.001842,-0.004765,-0.005462,-0.113765,0.498348,-0.174671
-0.003653,-0.000485,-0.006201,-0.006173,0.193015,-0.220881
-0.002954,-0.015708,-0.003923,-0.085940,-0.098272,-0.279508
-0.005485,-0.006242,-0.005991,0.034966,-0.017035,-0.478710
-0.000617,-0.013060,-0.009782,-0.134887,0.415738,-0.263864
-0.001352,-0.000849,0.007474,-0.218425,-0.267301,-0.308043
0.004701,-0.013631,-0.002538,-0.139775,0.351554,-0.181567
0.001655,0.009028,-0.005206,-0.102821,-0.102673,-0.188227
0.013908,-0.001653,-0.012313,-0.031720,2.105278,0.401292
-0.000627,0.007370,-0.002554,-0.296892,-0.176518,0.165820
-0.000922,-0.012551,-0.018667,0.016249,0.239984,-0.158314
0.002630,0.002030,-0.015241,0.000631,0.962862,-0.121059
0.011935,-0.000094,-0.028134,-0.256105,2.155355,-0.000734
-0.002100,0.003888,-0.014857,-0.216331,0.105492,-0.205066
0.007081,-0.003501,-0.014948,-0.287885,0.468822,-0.099230
-0.009322,0.005624,-0.004366,-0.464651,-0.263385,-0.374929
0.005144,-0.005362,-0.009516,-0.831857,0.382786,-0.419935
-0.010494,0.006832,0.001283,-0.708861,-0.873938,-0.031166
0.001734,-0.000307,0.005252,-0.476100,-0.159988,-0.626462
0.002101,0.009895,0.002304,-0.279105,-0.188053,0.237679
0.012356,-0.002008,-0.005308,-0.133505,1.385200,0.060782
-0.003925,0.001163,0.012243,-0.070447,-1.248605,0.058855
0.010379,-0.003879,-0.005252,-0.055466,0.034660,-0.108165
0.003001,0.009501,0.000453,-0.533956,-0.606859,-0.015141
0.010255,0.002867,-0.006024,0.099026,0.236186,0.394570
0.000870,0.004636,-0.005374,0.091729,-0.180431,0.160043
0.005265,-0.001804,-0.006329,0.189966,-0.209730,0.172057
0.015129,0.007246,-0.015362,0.051227,0.025092,0.251692
0.000949,-0.002809,-0.012014,0.126047,0.060191,-0.093270
0.002249,0.007141,-0.027274,0.329676,0.048046,-0.101148
-0.005291,-0.003284,0.010878,0.066700,0.076357,-0.064020
0.003299,0.011096,-0.019186,0.414760,0.077631,0.088666
-0.007310,-0.007630,0.012644,0.066694,-0.477032,0.460136
0.002918,0.005503,-0.000315,0.268852,0.059331,-0.079424
-0.010533,-0.005874,0.033724,-0.333196,-1.528066,0.019709
0.013892,0.006070,0.013848,0.060083,0.032688,0.703644
-0.006643,0.000093,0.017278,-0.024689,-0.691169,0.192883
0.008325,0.005010,0.007343,-0.112058,-1.156681,0.540346
-0.008137,0.001816,0.024897,-0.097376,-1.697502,0.133928
0.007891,-0.003242,0.011692,-0.025339,-0.872891,0.166473
-0.004641,-0.000977,0.011173,0.122341,-0.396097,-0.059569
0.008489,-0.002362,0.005793,0.311524,-0.041801,0.157712
0.000581,0.004981,0.004516,0.202774,-0.272014,-0.026364
-0.000348,-0.005615,0.011639,0.391015,-0.107226,0.103434
0.010993,0.006241,0.006709,0.484738,0.207169,-0.234575
-0.002770,-0.017553,0.013514,0.586612,0.049195,0.194850
-0.002560,-0.004512,0.006282,0.698268,0.717480,-0.232872
-0.004030,-0.014901,0.018532,0.553922,-0.493999,0.014503
-0.003551,-0.007453,0.025839,0.550043,-1.184644,-0.246438
-0.016087,-0.019175,0.016268,0.526045,-1.640831,-0.378668
0.006158,0.001465,0.000210,0.655199,-0.190233,-0.139342
-0.008885,-0.014396,0.025396,0.418843,-0.173499,-0.190233
-0.001227,-0.005891,0.003473,0.507880,-0.168559,-0.183770
-0.016136,-0.017737,0.036330,0.442014,-0.399645,-0.401182
-0.002534,0.006287,-0.005886,0.436936,-0.439294,0.003480
-0.020633,-0.014986,0.021857,0.293671,-0.874371,-0.382932
0.002617,-0.000806,0.000955,0.198759,-0.208910,-0.401832
-0.000174,-0.001742,0.016402,0.629635,-0.078528,-0.266704
0.001290,-0.013033,0.021841,0.336175,-0.231398,-0.444802
0.004901,-0.004558,0.021903,0.635665,0.102892,-0.653762
0.004064,-0.008999,0.006341,0.913786,0.196357,-0.032876
-0.003788,-0.002651,0.006381,0.500232,0.127944,-0.460243
0.001261,-0.016907,0.013021,0.571969,0.220765,-0.447855
0.004895,0.004922,0.000751,0.538859,0.461614,-0.054176
-0.016310,-0.022063,0.005623,1.087781,0.104862,-0.655187
-0.000065,-0.007286,-0.008351,0.643546,-0.547674,-0.664292
-0.012742,-0.015859,0.010028,0.247901,-0.311410,-0.418976
0.012999,0.000323,-0.015881,0.769831,2.300741,0.110882
-0.009673,-0.008822,0.002110,0.439618,0.061012,-0.360985
0.002958,-0.006902,0.004621,0.465444,0.019391,-0.193594
-0.018056,-0.024633,0.023630,0.373224,-0.485091,-0.570750
-0.001355,-0.004962,-0.002905,0.355896,-0.638069,-0.551498
-0.019195,-0.010644,0.005176,0.235913,0.073767,-0.304265
0.001044,-0.000347,-0.004192,0.346955,-0.016116,-0.566194
-0.012214,-0.016404,0.009998,0.609442,0.243479,-0.604480
0.005098,-0.003616,-0.004802,0.599358,0.178441,-0.327783
-0.011800,-0.009606,0.007943,0.551438,0.122984,-0.535257
0.004314,-0.002132,-0.020302,1.067397,1.666518,-0.625970
-0.016737,-0.012541,0.015654,0.129667,0.227993,-0.689160
0.001894,0.002040,-0.007872,0.206506,0.220634,-0.514154
-0.013723,-0.013838,0.012896,0.354652,-0.074819,-0.497919
0.001048,-0.016312,0.008757,0.623435,0.761103,-0.686492
-0.002973,-0.007007,0.012007,0.010049,0.049770,-0.836496
-0.001569,-0.007867,-0.007386,0.148906,0.405208,-0.196246
0.000105,0.008460,-0.010274,-0.032758,0.274475,-0.535546
0.004228,-0.007489,-0.001687,-0.271877,0.263906,-0.505301
0.003335,-0.000202,-0.006001,-0.344369,0.195067,-0.481536
0.001451,-0.003416,-0.006286,-0.143537,-0.169159,0.001567
-0.003351,0.001807,-0.012923,-0.033959,0.400547,-0.383057
0.001300,-0.007906,-0.011705,-0.099404,0.138753,-0.414384
0.006122,0.006107,-0.011883,0.091010,1.415201,-0.761633
0.008108,-0.004378,-0.014926,-0.014133,0.683848,-0.336065
0.006729,0.005860,-0.007494,-0.173709,0.214088,-0.297985
0.003762,-0.007919,-0.015592,0.107025,1.050040,-0.255498
-0.001496,0.004295,-0.028613,0.007771,0.951593,-0.718309
0.008308,-0.006327,-0.023805,0.138415,1.652006,-0.355756
0.009710,0.002440,-0.019636,0.024859,1.080055,-0.208729
-0.000242,-0.006961,-0.014026,-0.114802,0.355968,-0.086754
-0.000932,0.003179,-0.003128,-0.385557,0.367657,-0.466339
-0.006003,-0.012882,0.001799,-0.181803,0.181582,-0.213105
0.007803,0.005739,-0.005246,-0.423223,0.472787,-0.118958
-0.008780,-0.007939,0.002688,-0.179483,-0.064298,0.103552
-0.000318,-0.001377,-0.024166,-0.124157,-0.258875,-0.523952
0.002925,0.000727,-0.001231,0.015232,0.995020,-0.309395
0.003601,0.005240,-0.024356,-0.013719,-0.296623,-0.035788
-0.011977,-0.004299,0.000509,-0.412142,-0.510293,0.069483
0.005594,0.006395,-0.003384,0.508877,0.185790,0.020585
-0.012847,-0.003481,-0.007323,-0.605556,-0.147164,-0.165625
0.006083,0.007443,-0.035615,-0.440134,1.225158,-0.008547
-0.003742,0.002860,-0.010258,-0.428055,1.048222,-0.117320
-0.004342,0.001885,-0.015989,-0.484618,-0.129540,0.076170
-0.012430,-0.003921,-0.003309,-0.346959,-0.137198,0.053413
-0.002094,0.010190,-0.002790,-0.413212,0.240154,0.056836
-0.007907,0.001843,0.013612,-0.127574,-0.476750,0.163010
0.003972,0.008788,0.013162,-0.200149,-0.519967,-0.162201
-0.000124,0.004623,0.010750,-0.156594,-0.083947,0.354724
0.000959,0.006113,-0.000420,-0.141574,-0.668021,0.557996
0.009382,0.007689,-0.014709,-0.110016,1.146222,-0.006223
0.002833,-0.000882,-0.006499,-0.096105,-0.617228,0.492137
0.002114,0.004337,0.006821,-0.255793,-0.815688,0.299665
0.007612,-0.003701,-0.013327,-0.068244,-0.040954,0.224976
0.013649,0.003339,-0.010419,0.022788,-0.348003,-0.061623
0.008308,-0.003511,-0.004008,0.005158,-0.537639,0.169877
0.007153,0.018268,0.008754,0.028073,-0.752019,0.654060
-0.000630,-0.002694,-0.002721,0.123454,-0.231345,0.126506
0.005741,0.006359,-0.002918,-0.051399,-0.029039,0.082407
-0.008078,-0.006849,0.004920,0.448615,-0.398280,-0.169796
0.007261,0.001416,-0.009185,0.548454,0.186342,0.081402
-0.005819,-0.000865,0.002445,0.313497,0.215451,0.057821
0.004898,0.007387,-0.018484,0.389679,-0.113722,0.134003
-0.013139,-0.004844,-0.002419,0.271718,-0.515886,-0.307931
0.001461,0.009616,0.007713,0.182928,-0.712780,0.044576
-0.005445,-0.006938,0.020292,0.196888,-0.391147,-0.126412
0.010009,0.002778,-0.002029,0.599637,0.029153,-0.179768
-0.003646,-0.009928,0.026312,0.071883,-0.606948,-0.002632
0.011561,0.001035,0.002117,-0.233252,-0.027712,0.302304
-0.002478,0.001042,0.020705,-0.097806,-0.227928,0.158592
0.014253,0.009852,0.017236,-0.225131,-0.287350,0.252624
-0.002458,0.006527,0.009322,-0.264573,-0.972369,0.457107
0.010035,0.004328,0.029932,-0.297430,-1.093898,0.118471
-0.002087,0.000651,0.008698,0.170862,-0.573651,0.182518
0.010977,0.003290,0.010284,-0.146908,-0.164639,-0.078935
0.001300,0.002306,0.009726,0.133111,-0.672488,0.204021
0.001130,0.000707,0.009886,-0.027762,0.004117,0.168968
-0.004057,0.004597,0.023154,0.009858,-0.752839,0.207300
0.001871,-0.007814,-0.002521,0.433457,0.084485,0.027285
0.004858,0.003179,0.015654,0.124179,-0.258960,-0.110942
0.004878,0.006694,0.007700,0.196117,-0.183911,0.254406
-0.007523,-0.004962,0.010467,0.239012,-0.860753,-0.249110
-0.003348,-0.007680,0.041454,-0.184551,-3.529394,0.139485
-0.004300,0.000300,0.029295,0.115746,-0.592650,-0.555099
0.009792,0.008545,0.018050,0.147609,-0.120041,0.517553
-0.006230,-0.000997,0.025911,0.181789,-0.602805,-0.183822
0.000365,-0.001761,0.006624,-0.028845,-1.745888,-0.167804
-0.021798,-0.006994,0.024598,-0.146963,-1.210486,0.065981
0.006139,0.001071,-0.016183,0.523658,-0.390950,0.244556
-0.004897,-0.009400,0.011803,0.048276,-0.615042,0.109378
0.007793,0.005312,-0.011147,0.138310,-0.961858,0.211534
-0.001841,-0.000370,0.002130,-0.095633,-0.480239,-0.019057
0.008847,0.006455,-0.018759,0.081842,-0.111198,0.472938
0.005771,0.004708,-0.000850,-0.204180,0.285380,0.359989
0.001596,0.006970,-0.017834,0.212276,-0.204580,-0.081384
-0.006427,-0.007834,0.002055,0.086559,0.200335,-0.052183
0.005029,0.009868,-0.018996,0.246407,0.064885,0.275361
-0.016684,-0.005087,0.011318,-0.115560,-0.497561,-0.212002
-0.000833,-0.000905,-0.007934,0.198881,-0.138659,-0.161630
-0.012043,-0.008175,0.022980,-0.000344,-0.468380,-0.585905
0.003739,0.004364,-0.002961,0.080821,-0.018975,0.126444
-0.012650,-0.003147,0.029870,-0.299626,-1.588259,-0.109685
0.010832,0.009665,0.003075,0.284559,-0.443863,0.329433
-0.013678,-0.005802,0.037196,-0.204708,-2.101212,-0.282965
-0.002150,0.003133,0.014593,-0.121521,-2.044337,0.175930
-0.005471,-0.000104,0.011268,0.086769,-0.544283,0.491608
0.008952,0.010288,0.002521,0.691305,0.184533,0.327358
-0.016514,-0.005421,0.011692,0.023700,-0.344208,-0.054672
0.002006,0.009281,-0.024412,0.314649,-0.177027,-0.114635
-0.017026,-0.013010,0.020298,0.682305,-0.358441,-0.520607
0.007238,0.003238,-0.003056,0.636469,0.126936,0.158940
-0.015145,-0.013201,0.024188,0.496211,-0.217273,-0.435956
0.001750,-0.003435,-0.007895,0.494556,-0.015197,-0.132511
-0.018089,-0.002077,0.037853,0.517691,-0.741062,0.261007
-0.008504,0.000405,0.008606,0.675937,-1.916861,0.017316
-0.009781,0.002158,0.040019,0.397941,-1.774695,0.480346
0.011633,0.011936,0.008705,0.706080,0.002752,0.320649
-0.012831,-0.015935,0.030247,0.606707,-0.198780,-0.403578
-0.001657,-0.009304,0.026837,0.903039,-0.131546,-0.676070
-0.016241,-0.011146,0.039599,0.210343,-1.645426,-0.285735
0.013961,0.008979,0.027881,0.461492,-0.095117,0.433244
0.002101,0.008073,0.033188,0.702410,-0.458962,0.509317
-0.000456,-0.014067,0.038030,0.757831,-0.388374,-0.336249
0.003992,-0.003534,0.027001,0.734985,-0.453556,-0.046856
0.005771,-0.007630,0.021992,0.567932,-0.021689,0.451080
-0.001099,-0.009367,0.023706,0.799616,-0.321379,-0.263346
0.009703,0.000146,0.008524,0.520412,-0.222939,0.304661
0.011482,0.004242,0.024470,0.476746,-0.297480,0.066050
0.011098,-0.002638,0.004113,0.540156,0.365698,0.165305
0.011039,0.000408,0.012778,0.630246,0.513233,-0.202096
0.001110,-0.010466,0.012798,1.014324,0.302297,-0.029492
-0.005711,-0.012354,0.006496,0.782689,0.178261,-0.862476
-0.001135,-0.003632,-0.010484,0.356208,0.097322,-0.250558
0.001720,0.003441,0.001477,0.574631,0.841487,-0.525150
0.003979,-0.008037,-0.002570,0.668049,0.487397,-0.126892
0.008965,0.005020,0.003134,0.350014,0.275411,0.352495
0.009214,-0.002149,-0.000053,0.390477,0.625874,-0.239187
-0.010116,-0.003416,0.015237,0.540566,0.050984,-0.143855
0.007957,0.004738,0.010920,0.585798,0.581620,-0.317427
-0.004802,-0.005645,0.009781,0.387322,-0.058213,-0.231290
0.004642,-0.004223,-0.013724,0.726664,0.405842,-0.357312
-0.007845,-0.023504,0.005179,0.373687,0.221645,-0.539350
0.005167,-0.004906,0.007845,0.344257,0.167931,-0.462199
-0.002685,-0.016765,-0.009788,0.154338,-0.130738,-0.617550
0.002672,-0.002388,-0.012723,0.004685,0.339176,-0.119605
-0.003689,-0.005182,-0.010383,-0.101564,-0.181537,0.016026
-0.001060,-0.008957,0.002537,0.078684,0.109566,-0.456695
0.006034,-0.012836,-0.015927,0.017785,0.405349,-0.087272
0.002249,-0.001318,-0.021156,-0.543141,0.413030,-0.368354
0.001008,-0.010821,-0.012388,0.079449,0.394114,-0.068966
0.008095,0.007036,-0.002666,0.149805,0.869759,-0.143406
0.013242,-0.001955,-0.005666,-0.009426,2.064244,-0.268256
-0.008426,-0.001092,-0.009418,-0.147919,0.044603,-0.835511
0.001999,-0.006944,-0.023105,-0.314765,0.344864,-0.234388
0.002196,-0.006475,-0.009011,-0.084417,0.537008,-0.598585
0.009674,-0.008851,-0.021244,-0.047325,2.273743,-0.391998
-0.003597,0.000241,-0.016107,-0.091618,0.881431,-0.358517
0.004327,-0.009068,-0.011988,-0.205926,0.253028,-0.359902
-0.010579,-0.005697,-0.009336,-0.405108,0.188351,-0.287656
-0.001628,-0.011812,-0.018841,-0.265817,0.667869,-0.157868
-0.009167,-0.001742,-0.005446,-0.261813,0.283873,-0.464839
-0.002353,-0.014097,-0.017988,-0.214660,0.098842,-0.099372
-0.000118,0.002145,-0.005918,-0.194720,-0.059385,-0.144663
-0.004057,-0.011678,-0.006723,-0.429237,0.092746,-0.422413
0.004714,-0.002421,-0.008571,-0.313964,0.278966,-0.468767
0.002150,-0.007003,-0.013015,-0.217116,0.988402,0.329597
0.004382,0.008030,-0.018930,-0.518312,0.429239,0.160348
0.004274,-0.001197,-0.009030,-0.176597,0.361227,0.107980
0.005187,-0.002671,-0.010685,-0.027752,1.118108,-0.116004
0.010258,0.002512,-0.026965,-0.321550,1.287048,0.016259
0.006122,0.009533,-0.018904,-0.161958,1.126465,0.019213
-0.002468,-0.005924,-0.018008,-0.241123,0.187661,0.119222
0.008318,0.001872,-0.017922,-0.093053,0.754138,0.100723
0.004438,-0.001046,-0.015356,0.032185,0.587157,0.564462
0.002469,0.008352,-0.017348,-0.339229,0.104389,0.188019
-0.003331,-0.009833,-0.008521,-0.410655,-0.115567,0.136616
0.001822,0.001715,-0.016255,-0.054812,-0.110066,-0.103790
-0.003820,-0.004739,0.008807,-0.105089,-0.501152,0.152323
0.013623,-0.005684,-0.023493,0.118612,0.226650,-0.229812
0.000453,-0.006856,0.009355,-0.044197,-0.183599,0.363682
0.012405,0.010489,-0.004264,0.233648,-0.258704,0.390903
-0.002012,0.000891,0.008344,-0.128700,-0.026229,-0.112406
0.010708,0.008201,-0.009542,0.222429,-0.173180,0.371304
-0.005150,0.000838,0.021332,-0.161298,-0.381018,0.514090
0.010317,0.005663,-0.015438,0.191088,-0.418982,0.232358
-0.004707,-0.005566,0.008265,0.068834,-0.271443,0.211534
0.007990,0.007423,-0.020204,0.223341,-0.381648,0.373011
-0.008754,0.005509,-0.000594,0.109264,-0.012380,-0.021631
0.004415,0.003641,-0.022006,0.176744,0.142249,-0.108851
-0.000587,-0.001128,0.013195,-0.158308,-0.231650,0.173691
0.005695,0.003294,-0.014837,0.520740,0.270592,-0.367508
-0.010356,0.003628,0.019891,-0.005293,-0.583186,-0.045070
0.002255,0.011523,-0.007799,0.407437,-0.148139,-0.052331
-0.008980,-0.009899,0.032250,0.105124,-1.507488,0.073144
0.002229,0.002296,0.009404,0.282071,-0.396071,0.001695
-0.003377,-0.004630,0.022478,-0.035850,-1.201739,0.137804
-0.005544,0.000848,0.016862,-0.009360,-1.234658,-0.064227
-0.004044,0.004180,0.013169,0.178795,-0.732488,0.150967
0.009917,0.009064,0.028084,0.010964,-0.017750,-0.019254
0.001084,0.000782,0.018109,0.269509,-0.494715,-0.058367
0.007675,-0.003833,0.006502,0.523327,-0.145211,0.134893
-0.003298,-0.003623,0.008032,0.400488,-0.122506,-0.352586
0.007163,-0.010027,0.000298,0.432173,0.391868,-0.191736
0.001917,0.006044,0.017521,0.709927,0.113357,-0.044811
0.004589,-0.015157,0.009552,0.786096,0.131850,-0.046163
-0.000971,-0.002037,0.017374,0.454842,-0.691280,-0.393918
-0.003702,-0.007939,0.017285,0.562522,-1.110907,-0.021328
0.001179,0.003592,0.020183,0.535501,-0.051635,0.007967
0.012697,-0.009675,0.005882,0.735474,0.381365,0.276760
-0.001726,-0.004364,0.014669,0.060326,-1.549372,-0.005937
0.001218,-0.005753,0.011403,0.101717,-1.342825,0.272128
-0.002146,-0.006715,0.014817,0.144927,-1.090179,0.076334
0.004835,-0.012439,0.001575,0.219137,-0.250583,0.396044
0.008312,0.009698,0.005353,0.197906,-0.055626,0.150977
0.000279,-0.007604,0.000052,0.448776,-0.328893,0.540803
0.004868,0.004367,-0.004737,0.081117,-0.297693,-0.083186
-0.004713,-0.005947,0.002462,0.464463,0.279241,-0.068776
0.000506,-0.001587,0.006167,0.234200,-0.366158,-0.257621
-0.016786,-0.021843,0.031029,0.411835,-3.502134,-0.253098
0.008745,-0.004030,0.011311,0.334331,0.206746,-0.029984
0.004415,-0.003928,0.005705,0.446189,-0.176082,0.033882
0.020296,0.000769,-0.009034,0.625286,2.085104,0.001701
-0.004490,-0.016447,0.011406,0.335634,-1.466661,0.215221
0.001770,0.011500,0.012004,0.260961,-0.268184,0.433706
0.000962,-0.010883,-0.001300,0.487440,0.132937,0.323843
0.005328,-0.004259,0.004960,0.089848,-0.131497,0.140453
0.001389,-0.011156,-0.010658,0.112434,-0.178865,0.007104
0.001625,0.008857,-0.018802,-0.207666,0.452154,-0.037390
0.000788,-0.007187,0.004539,0.191147,-0.029551,0.035619
0.008154,-0.003728,0.001907,0.086050,0.212483,0.367381
-0.001575,-0.006550,0.002649,0.559102,-0.043015,-0.119660
0.014460,0.001002,-0.003759,0.476043,0.576604,-0.343319
0.001875,-0.005041,0.017498,0.081744,-0.339682,0.511329
0.014305,0.003149,-0.008988,0.290572,-0.163415,0.438315
0.000424,0.007052,0.019146,-0.224669,-0.020248,0.493263
0.011010,0.009563,0.002796,-0.007663,-0.372001,0.250133
-0.002304,-0.003245,0.009969,-0.036513,-0.379872,0.603533
0.003207,0.000993,0.016153,-0.296511,-0.939390,0.280909
-0.000902,-0.000225,0.008367,0.232201,-0.471114,0.363951
0.005594,0.008109,0.022862,-0.531892,-0.313833,0.316073
-0.003814,0.003966,0.011912,0.014953,-0.552085,0.297967
0.017036,-0.000872,0.001871,-0.007936,0.188118,0.510322
0.009831,0.002332,-0.004395,0.148512,-0.097776,0.402973
0.005837,0.001465,-0.009739,0.081842,-0.043123,0.226345
0.003542,-0.001541,-0.001211,-0.125293,-0.372424,0.337469
0.003312,-0.003537,-0.008344,-0.021112,0.372453,0.037762
0.008095,0.004433,0.002058,0.042781,-0.103911,-0.041919
-0.005123,-0.011632,-0.003486,-0.053256,-0.505757,0.005253
0.014404,0.003701,0.002071,0.131046,0.218756,0.253248
-0.013116,-0.005763,0.025534,-0.282357,-2.001830,0.111857
0.003700,0.006727,-0.005781,0.120522,-0.507595,-0.100612
0.000263,-0.000688,0.007310,0.025361,-0.151060,0.471441
0.008377,0.007768,-0.023214,0.026694,-0.769540,0.328199
-0.004861,-0.002500,0.006223,-0.314519,-0.656194,0.373979
0.012365,0.004124,-0.007363,-0.057389,-0.033325,0.500773
-0.003814,0.002709,0.002859,-0.052964,-0.719847,-0.149347
0.005784,0.002197,-0.019065,-0.114441,-0.008422,0.214528
-0.012122,-0.002894,-0.003897,-0.147144,-0.451613,-0.137057
0.006877,0.000024,-0.001730,-0.248246,-0.283378,0.296786
-0.001326,-0.005142,0.005921,-0.426414,-0.230652,-0.259991
0.010416,0.006297,0.000049,-0.352372,0.274321,0.253779
-0.009204,-0.009833,0.010402,-0.308509,-0.977315,-0.224252
0.002639,0.004518,0.005137,-0.128805,0.034024,-0.232281
-0.014459,0.001390,0.038178,-0.220375,-2.586110,0.187957
0.015211,0.004712,0.006351,-0.161134,-0.413435,0.557287
-0.002891,-0.003833,0.019566,0.153649,-0.463131,0.017332
0.000309,0.008096,-0.006939,-0.429453,-0.649869,0.189463
-0.005924,-0.006324,0.011249,-0.294466,-0.692111,0.114712
0.002731,-0.003803,0.006699,0.017122,0.044685,0.211091
-0.008321,-0.002017,0.003345,-0.040478,-0.580357,0.173658
0.004284,0.002824,0.006620,-0.281429,-0.076877,0.292154
0.006096,0.002781,0.005836,-0.234903,0.193324,0.027278
0.011781,-0.001322,0.005829,0.138651,0.278995,0.418847
0.007763,0.001075,0.019268,0.076938,-0.222830,0.208528
0.006733,-0.014156,0.014626,0.509481,-0.048628,0.593489
0.001996,-0.008829,0.026056,0.422366,-1.381259,0.335522
0.017788,-0.013293,0.009906,0.575465,0.100700,0.406400
0.004963,-0.001059,0.013733,0.493020,0.040966,0.128889
0.003447,-0.017534,0.016530,0.625624,-0.164426,0.140526
0.003089,-0.000485,0.013576,0.184907,-1.271789,0.450519
-0.001923,-0.021538,0.017377,0.470532,-0.374709,0.692766
0.005764,0.003185,0.008015,0.101996,-0.261580,0.212286
0.002068,-0.017504,0.015572,0.293162,-0.167712,0.538006
0.009805,-0.012712,-0.011531,0.571339,0.013712,0.126063
-0.015020,-0.015108,0.022176,0.429800,-0.407418,0.259698
0.008289,-0.010388,-0.001317,0.483613,0.282980,-0.011940
-0.011711,0.007745,0.015910,0.293477,-0.930091,-0.087595
-0.000640,-0.007854,0.017794,0.497126,0.050541,0.157102
-0.002035,-0.004000,0.014216,0.618724,-0.192428,-0.428371
0.005446,-0.022395,0.018457,0.534533,0.064278,0.146247
0.008144,-0.015715,0.006886,0.521590,0.098094,-0.350786
0.000709,-0.006078,-0.008695,0.181083,-0.134221,-0.053493
0.007721,-0.006271,-0.006568,0.151394,0.316448,-0.317641
-0.015867,-0.023202,0.015463,0.208311,-0.306992,-0.338780
0.007383,0.001698,-0.012529,0.316815,0.034463,-0.118288
-0.016592,-0.008658,0.012030,-0.146543,-0.381339,-0.369385
0.000634,0.002726,-0.001077,0.139173,-0.021719,-0.034205
-0.009798,-0.008428,0.022560,0.096744,-0.219131,-0.371693
0.003024,-0.006629,0.005468,0.423331,0.418276,-0.501201
-0.001615,-0.008687,0.010208,0.417107,-0.004276,-0.585104
-0.000725,-0.011599,0.003157,0.328416,0.153609,-0.252363
0.000519,0.003855,0.005048,0.475420,0.535577,-0.460447
0.012500,-0.013312,0.001674,0.663907,0.604800,-0.497836
0.004586,-0.003603,0.006857,0.380472,0.101842,-0.733467
-0.007500,-0.014990,-0.001162,0.060976,0.139209,-0.426257
-0.001749,0.005046,-0.017190,0.322550,0.300416,-0.349389
-0.015283,-0.004919,0.015513,0.169217,-0.080698,-0.045609
-0.000830,0.001058,0.007379,0.013587,0.298847,-0.059254
-0.002714,0.004144,0.001329,-0.298832,0.168285,0.031584
0.006716,-0.009767,-0.003952,-0.262660,0.226640,-0.124581
0.009457,0.006162,-0.012477,-0.320677,0.242373,0.016147
-0.000791,-0.015764,-0.005745,-0.109885,0.026589,-0.475618
0.004320,0.001912,-0.005866,0.070948,0.609570,-0.148523
-0.003600,-0.009186,-0.004494,0.348701,0.816110,-0.025454
0.009181,0.002680,-0.007084,0.421355,0.932141,0.050426
-0.016372,-0.002136,0.008281,-0.089685,0.130925,-0.062871
0.007796,-0.002736,-0.008055,0.261917,0.756521,-0.126823
-0.005606,-0.008458,-0.007940,-0.422961,0.926591,-0.409086
0.003440,-0.001446,-0.018270,0.009724,0.689471,-0.103586
-0.012204,-0.009124,0.000600,-0.392588,-0.458890,-0.215603
-0.006725,-0.007040,-0.003424,-0.331742,0.253130,-0.536376
0.007813,0.002033,-0.024865,-0.584014,0.210202,-0.216909
0.000988,-0.006032,-0.024989,-0.651865,0.439733,-0.217090
0.000585,0.004209,-0.006125,-0.190370,-0.177868,0.006132
0.000401,-0.006271,-0.014876,-0.116128,0.286883,0.170415
0.006509,0.005562,-0.031974,-0.854175,-0.127935,0.170104
0.010196,-0.006898,-0.023312,-0.346926,0.397074,0.528648
0.015599,0.007377,-0.014164,-0.491600,0.119423,0.116272
0.000096,-0.005776,0.013957,0.058327,-0.498608,0.244759
0.015077,0.006162,-0.010488,0.231013,0.454478,0.179948
-0.008783,-0.009416,0.002764,0.029586,0.715067,0.058586
-0.002179,0.000717,-0.011200,-0.417610,-0.611310,0.062220
-0.004881,-0.000412,-0.006329,-0.040514,-0.905558,0.025656
0.011817,-0.001673,-0.015996,-0.169383,0.056630,0.372643
0.007202,0.012005,-0.005383,-0.303785,-0.186770,0.107632
-0.002310,-0.007197,0.011501,-0.123504,-0.079824,0.128945
0.004812,0.005821,-0.022534,-0.182345,-0.006272,0.146125
-0.007960,-0.001115,0.002498,-0.085382,-0.319856,0.119918
0.002984,-0.004007,-0.000795,-0.464004,-0.401195,0.170429
0.000115,0.005680,-0.007744,-0.489302,-0.461244,0.179035
0.004225,-0.006245,-0.007396,-0.616132,-0.368328,0.187389
0.002892,0.001022,-0.012618,-0.682336,-0.957227,-0.101279
0.016422,-0.016385,-0.009720,0.096570,1.095108,0.006133
0.020197,0.014900,-0.011361,-0.116548,1.879775,0.486104
-0.002271,-0.003609,0.011702,-0.086074,-0.601575,-0.273075
0.012710,0.002086,-0.012565,0.247484,-0.228030,-0.033217
0.001940,-0.005549,0.006446,-0.348469,0.157512,0.235811
0.008922,0.003090,-0.019836,-0.010933,0.147990,0.207651
0.004616,-0.004643,-0.010324,-0.235044,1.099405,0.219934
0.001395,-0.000885,-0.007258,0.570604,0.201073,0.344575
-0.013658,-0.009469,0.010136,-0.583426,-0.837693,-0.154060
-0.000446,-0.006124,0.009991,0.332811,-0.297273,0.028187
0.004770,0.001107,-0.007717,-0.102043,-0.160517,0.178992
0.012395,-0.005188,-0.028357,-0.365961,0.435945,0.364690
0.011496,0.004387,-0.000693,-0.031116,0.758070,-0.122917
0.001576,-0.005533,-0.013898,0.179839,0.309125,0.444085
0.000263,-0.001230,0.005941,0.386452,-0.259197,0.451523
0.000417,-0.006193,0.005639,0.295184,0.236537,0.181411
0.003880,0.005496,-0.015792,0.481479,0.243673,-0.426647
-0.012919,-0.008028,0.005632,0.377140,-0.101984,0.206000
0.005561,0.005165,-0.027635,-0.157303,-0.131113,0.368461
-0.014787,-0.003938,0.020466,-0.755212,-2.527660,-0.358645
0.016603,0.007019,-0.009276,0.084074,0.082751,0.210451
-0.007986,-0.017035,0.032322,0.413523,-0.858645,-0.174198
0.011125,0.001255,0.010769,0.321559,-0.911309,0.170616
-0.027762,-0.011356,0.060456,-0.228424,-5.443637,0.017290
0.008308,0.005440,0.027740,-0.034156,0.002788,0.296894
0.002049,0.000993,0.018680,0.403012,-0.223195,0.245872
0.006683,-0.001512,0.026594,0.293694,-0.273590,0.019157
0.002039,0.001551,0.028156,0.859524,-0.593795,0.111023
0.009457,-0.001023,-0.002692,0.243282,0.215972,0.154092
0.009913,-0.001535,0.022829,0.879347,-0.067486,0.080795
0.005505,-0.007450,0.016277,0.767215,-0.059060,0.075264
-0.008580,0.001787,0.029450,0.113166,-2.906230,-0.407901
0.004977,-0.013453,0.000039,0.942730,0.220758,-0.222259
0.010015,-0.000951,0.015253,0.558620,-0.213416,-0.687381
-0.000748,-0.016099,0.020279,0.367477,-1.248287,-0.154165
-0.001444,0.003408,0.014511,0.120083,-0.952178,-0.100760
0.001189,-0.005057,0.011646,0.077230,-1.298331,0.255844
0.010777,0.003901,0.020794,0.174768,-1.335557,0.138789
-0.003919,-0.013430,0.009443,0.423206,-1.382509,-0.016247
0.010304,0.002854,0.010789,0.164970,-1.663187,-0.039720
0.003457,0.000648,0.004841,0.050666,-1.233135,0.280226
-0.002576,0.007200,0.008971,0.118435,-1.438747,0.160758
-0.001811,-0.008819,0.025580,0.524046,-0.280483,0.231012
0.012218,0.006658,-0.019327,0.315791,-0.299800,-0.101082
-0.002580,-0.000649,0.001349,0.102328,-0.295973,0.317416
0.009782,0.002755,-0.000952,0.691535,0.079869,0.482145
-0.010077,0.001708,0.018795,-0.281776,-0.364609,0.279038
0.005810,-0.000281,0.000443,0.708896,-0.186592,0.212611
-0.002859,-0.009216,0.003220,-0.236778,-0.516202,0.036869
0.007104,0.001081,-0.007940,-0.011973,0.207212,-0.014471
-0.003939,-0.005533,0.004375,-0.360781,-0.128283,0.026562
0.012605,-0.000514,-0.003988,-0.340473,-0.039766,-0.183681
0.003001,-0.004942,0.022570,0.003868,0.735284,-0.119542
0.013531,-0.005280,0.010093,-0.235855,0.310625,-0.045283
-0.000600,-0.001469,0.005229,-0.455161,-1.231596,-0.026501
0.013626,-0.001180,0.004405,-0.404710,0.025522,0.302100
0.004707,0.005555,-0.023755,-0.957407,0.146447,0.199078
0.020588,0.005279,-0.005932,-0.665090,0.276291,0.290582
0.011532,0.007065,-0.006355,-0.140953,0.358969,0.507742
0.009428,-0.011655,-0.000926,0.224687,-0.095173,0.052596
-0.003574,-0.004630,-0.007179,0.004675,-0.158944,0.269519
0.010133,-0.012295,0.003929,-0.146717,0.051033,-0.206316
-0.000705,-0.002631,-0.012378,-0.145033,0.060749,-0.156240
0.016439,-0.001853,-0.036340,-1.034456,0.336287,-0.518513
-0.000892,-0.005434,0.002281,0.292184,0.792296,-0.080051
0.000998,-0.010870,0.008820,0.442779,0.242396,0.032261
0.005466,-0.000097,0.012296,-0.113558,0.208964,-0.088871
0.008922,-0.010749,-0.028784,-0.465097,0.428881,-0.139388
0.008042,-0.000855,-0.000473,0.090140,0.195470,-0.073014
-0.004280,-0.006692,-0.014338,-0.198074,0.084705,-0.422505
0.001487,0.003454,-0.028676,-0.041223,-0.382088,-0.285886
-0.006262,-0.008792,0.003328,-0.449033,-0.180474,-0.253456
0.005590,-0.002687,-0.018119,0.626113,0.220167,-0.230741
-0.017344,-0.018180,0.037360,0.883843,-0.318687,-0.628701
0.012395,-0.006104,0.004287,0.578757,0.158179,-0.433422
-0.013034,-0.007955,0.021231,0.291754,-0.463781,-0.461169
0.004409,0.007489,-0.000732,0.236107,0.153642,-0.126481
-0.003866,-0.004322,0.007448,0.300653,-0.105503,-0.401028
-0.006742,-0.013394,0.021204,0.459283,-1.321344,-0.435460
-0.003571,0.003100,0.001936,0.313668,0.456362,-0.544178
-0.005767,-0.015725,0.022734,0.568552,0.541000,-0.430202
-0.011288,-0.016555,0.023167,0.632652,-0.411663,-0.410166
0.004497,-0.005569,-0.002154,-0.087348,-0.291949,0.130232
0.013399,-0.000363,-0.004510,-0.351059,-0.013805,-0.637632
0.006368,-0.010417,0.018864,0.516371,-0.013838,-0.137461
0.001520,-0.006587,0.021775,0.668371,-0.420538,-0.233827
-0.000755,-0.015246,0.013156,0.597277,-0.352063,0.023612
0.006424,-0.004991,-0.006473,0.453598,-0.184219,-0.061279
-0.009844,-0.033739,0.006210,0.576164,-0.309027,-0.520633
0.000109,-0.016769,0.003187,0.450896,-0.379334,-0.783376
-0.004431,-0.013348,0.007628,0.585985,-0.221898,-0.087680
0.001258,-0.009157,-0.009818,0.736721,0.132116,-0.270423
-0.004542,-0.012439,0.020545,0.779958,0.136646,-0.398950
0.007658,-0.013447,-0.009355,1.065819,0.000776,-0.706504
0.003037,-0.004043,0.026939,0.267914,-0.088766,-0.050302
0.013432,-0.002415,-0.005193,0.758753,-0.156174,-0.375205
-0.004451,-0.012987,0.010851,0.204146,-0.906595,0.234046
0.005627,0.000201,0.005435,0.005286,-1.473364,-0.246920
-0.009335,-0.005546,0.010540,-0.233019,-1.355196,0.388586
0.009096,0.001902,0.002468,0.515534,-0.991755,0.249355
0.003877,-0.017740,0.016665,0.502224,-0.650788,0.316888
0.017493,0.002969,0.003853,0.382070,-0.190118,0.102072
-0.007743,-0.016053,0.021578,0.415998,-0.065221,-0.264550
0.007064,0.005099,-0.010612,0.152227,-0.154021,0.226624
-0.009099,-0.003859,-0.005341,-0.655676,-0.415716,0.183729
0.006552,0.000395,0.024234,-0.071408,-0.226956,0.114634
-0.006413,0.000421,0.016100,-0.098800,-0.503285,0.088256
0.016248,-0.008336,-0.004714,-0.364418,0.419549,-0.190144
0.003398,0.004895,-0.007547,-0.478880,-0.124636,0.375528
0.007891,-0.004584,-0.019882,-0.667240,0.094831,0.633820
0.005781,0.005565,0.006591,-0.204449,-0.426476,0.006379
0.002183,-0.005891,0.011426,0.275030,0.457173,0.173438
0.004868,0.010715,0.022429,0.178346,-1.492195,0.391366
0.017811,-0.001240,-0.018254,-0.628172,-1.086867,-0.051185
0.008285,0.007882,-0.005827,-0.679999,-0.261136,-0.179772
0.005942,-0.013841,-0.006854,0.187619,0.130261,0.490509
0.023503,0.015517,-0.033143,-0.457046,1.205969,0.057838
0.012549,0.000641,-0.018828,-0.234214,1.463092,0.311606
0.022426,0.013581,-0.037994,-0.496711,0.312355,0.318368
-0.012883,-0.004341,-0.004126,-0.168644,0.141274,0.255292
0.005121,-0.001840,0.000213,0.609510,0.449465,-0.537840
-0.003407,-0.027394,0.011062,0.097014,0.424798,-0.420351
0.015208,0.007987,-0.022235,0.694013,0.171423,-0.269021
-0.010300,-0.001814,0.024595,0.165925,-0.342049,-0.241922
0.029825,0.008027,-0.042797,-0.867048,0.283509,-0.783356
-0.003732,0.000195,-0.021815,-0.686833,0.777558,-0.661706
0.029030,0.004193,-0.032615,-0.492040,-0.166448,-0.765880
-0.010510,-0.008208,-0.002357,-0.880644,-1.297875,-0.664883
0.000171,-0.008510,0.027546,0.248121,-0.567651,-0.742414
0.006848,0.002722,-0.007031,-0.222355,-0.527661,-0.128405
0.003102,-0.010398,-0.023122,-0.142053,0.171794,-0.287669
0.015096,-0.002507,-0.010744,-0.365049,0.172940,-0.757454
0.004159,-0.001322,-0.013156,-0.282899,0.128259,-0.835550
0.000867,-0.008261,-0.001123,0.251433,0.540494,-0.190328
0.014827,0.016768,-0.054029,-0.941038,1.527845,-0.032062
0.001517,-0.007834,-0.003358,-0.528494,-0.183609,-0.380450
0.006825,-0.003133,0.014062,0.576565,0.311593,0.055569
-0.005373,-0.015452,-0.019652,-0.591090,0.024193,-1.183988
-0.006768,-0.007433,0.052243,-0.558886,0.162521,0.257206
-0.004720,0.005263,-0.031794,-0.703599,0.752763,0.605427
0.014144,0.001810,-0.017732,-0.231516,0.033091,0.611569
-0.003003,0.003852,0.014984,-0.417016,-0.263858,0.506740
0.001038,0.007167,-0.043260,-1.134964,0.635865,0.991983
0.018159,0.017776,0.007963,-0.473743,1.360972,0.411802
0.012342,-0.001341,-0.002242,-0.900792,0.574306,-0.154329
0.001097,0.009432,0.018161,-0.051307,-0.550565,0.583976
0.002672,0.018294,0.004415,-0.254581,0.159170,1.496330
0.015648,0.004787,0.023207,0.755283,-0.076178,0.055133
0.029470,0.016499,-0.028800,-0.641302,0.800657,1.044752
-0.006748,0.000763,-0.022324,-0.182040,1.267735,0.746490
0.013980,0.005847,-0.047100,-0.910012,1.441550,0.554070
0.015645,0.016663,-0.009129,-0.063527,0.516263,0.449032
0.007025,0.003133,-0.029926,-0.508485,0.277246,0.152585
-0.010599,-0.006143,-0.022646,0.084616,0.339796,0.127704
-0.003761,-0.010854,-0.008892,-0.761357,0.237541,-0.262952
0.001333,0.001245,-0.030126,-0.239472,0.010269,0.081885
-0.021979,-0.036943,-0.015126,-0.522149,-0.298671,-1.599574
0.001950,-0.000629,-0.020476,-0.177786,-0.082628,-0.229471
0.012684,0.015629,0.010602,-0.051487,-0.139003,0.672198
-0.005018,-0.011057,0.017777,-0.666301,-0.095406,-0.962515
-0.021240,-0.018955,0.022550,0.370624,-0.511754,-0.474630
-0.014413,-0.023084,0.002695,0.230313,0.472485,-0.776339
-0.007772,-0.021650,0.003348,0.449649,0.899524,-0.926129
-0.015132,-0.044331,-0.010307,0.139629,0.466580,-1.770166
0.012959,0.014155,-0.037715,-0.731690,0.711043,0.011660
0.007284,-0.008881,-0.033041,0.244543,1.497108,0.256044
0.012815,0.018337,-0.001366,0.099971,0.717828,0.245077
-0.009450,-0.031566,-0.012352,0.442129,0.734053,-0.799201
0.002807,-0.011271,-0.031160,-0.531744,0.307428,-1.172434
-0.020607,-0.026698,0.014991,0.529629,-0.019516,-0.635243
0.000289,0.008650,-0.013924,-0.070722,0.067321,-0.079424
-0.022606,-0.030240,-0.018848,-0.074809,0.055110,-1.358722
0.009001,0.007551,-0.033002,0.307605,0.139807,0.613305
-0.015489,-0.009196,0.010717,0.546392,-0.390241,0.108722
-0.000187,-0.007082,-0.010583,-0.193380,-0.016605,-0.665832
-0.009233,0.007971,-0.002373,-0.663767,-0.597206,0.168304
-0.003830,-0.025891,-0.004176,0.362947,0.302448,-1.275459
-0.022422,-0.034074,-0.001960,0.151226,-0.117087,-1.301667
-0.009177,-0.024128,0.003394,1.106803,0.430690,-0.868480
-0.003751,-0.005297,0.004946,0.728896,1.485193,-0.614813
0.006874,0.002325,-0.001737,0.327004,0.596844,0.105771
-0.025507,-0.039296,0.012585,0.468937,0.175799,-1.807596
-0.006141,-0.025254,0.012030,0.737115,0.781376,-0.521496
0.001996,-0.001423,-0.005321,-0.157454,0.493545,-0.539694
-0.004362,-0.019165,0.011301,0.809693,0.335568,0.062259
-0.001651,-0.010604,0.007293,0.568155,-0.077770,-0.308125
-0.011275,-0.036690,0.021644,0.631385,0.197427,-0.853203
0.008994,0.001134,0.023797,0.565542,-0.218012,0.241654
-0.004976,-0.020373,0.003187,0.834636,0.243112,-0.136023
-0.012115,-0.021656,-0.000548,0.193507,0.718409,-0.683764
-0.004812,-0.019903,-0.005761,0.230271,0.980941,-0.483663
0.008463,0.016131,-0.016977,0.283131,0.800000,0.299783
0.004442,0.000247,-0.010127,-0.287396,0.402188,0.169043
0.003007,0.008893,-0.023503,0.144707,0.210852,0.337324
-0.020905,-0.027745,-0.000598,0.203896,0.428770,-1.104911
0.008495,-0.004269,-0.033133,0.035790,0.409630,-0.460604
-0.009942,-0.014113,-0.003171,-0.401119,0.103631,-0.412382
-0.001214,-0.009465,-0.016278,0.141448,-0.209674,-0.543006
-0.009217,-0.005507,0.013110,-0.130801,-0.449411,-0.005021
0.000972,-0.008878,-0.010484,-0.081229,-0.100688,-0.680373
-0.017495,-0.017967,0.039730,0.490657,-0.454679,-0.295021
0.000854,-0.003705,0.004077,0.122062,-0.058630,-0.328492
-0.020213,-0.015922,0.030881,0.855253,-0.305633,-0.645557
-0.006269,-0.015361,0.037531,0.376684,-0.139017,-0.023042
-0.007536,-0.011491,0.006804,-0.016122,0.059620,-0.285548
-0.013894,-0.024811,-0.002045,-0.195708,0.239399,-1.556450
-0.000935,-0.005720,0.007553,0.130810,0.049947,-0.367974
0.003585,-0.013618,0.005593,1.015397,0.661714,-0.585776
0.001386,-0.010227,0.002842,0.527975,0.625289,-0.553290
0.006309,0.002200,-0.041018,-0.634616,1.442275,-0.375829
-0.016934,-0.005648,-0.010261,-0.080918,0.711256,-0.078519
-0.001985,-0.005969,0.007753,0.030895,0.301595,-0.271631
-0.019770,-0.011963,0.010979,-0.328814,-0.299836,-0.439498
-0.006331,0.001127,-0.000522,-0.539579,0.128509,-0.474450
-0.007152,0.008283,-0.017758,-1.187178,-0.759768,0.052234
0.003568,0.002909,-0.031223,-0.920112,-0.302879,-0.432168
-0.014035,0.000812,-0.007238,-0.900253,-0.603114,-0.369602
-0.004112,0.002292,-0.019518,-0.701801,0.125266,-0.365328
-0.012076,0.000389,-0.006532,-0.344123,-0.224350,0.172667
0.007954,0.004203,0.002245,0.308419,1.535690,-0.106225
-0.002481,-0.008399,0.001483,0.030337,-0.273692,-0.442206
0.005111,0.005775,-0.001290,0.241736,0.561492,-0.011740
-0.008183,-0.002891,0.007123,0.164740,-0.572558,-0.572079
-0.005760,-0.007082,0.012873,0.505204,0.513821,-0.601040
-0.010254,0.004570,-0.006358,-0.317007,-0.126829,-0.227239
0.004235,-0.010342,-0.014246,-0.171841,0.810481,-0.471817
0.001523,0.001807,-0.013711,-0.555460,0.316855,-0.647966
-0.000758,-0.016073,-0.017647,-0.333698,0.257292,-0.351450
0.003818,0.000333,0.005534,0.287438,0.403672,-0.125779
-0.001834,-0.017849,0.007264,0.391179,-0.113417,-0.191651
-0.000951,-0.013263,-0.019337,0.587551,0.028857,-0.395930
-0.019422,-0.023596,0.011688,0.071250,-0.048503,-0.548826
0.003158,0.000743,-0.011577,0.230724,-0.241169,-0.027148
-0.011770,-0.009239,0.018536,0.329656,-0.665713,0.008906
-0.001729,-0.001748,-0.003227,0.150009,-0.228768,-0.078013
-0.012269,-0.011589,0.012158,0.128564,-0.186888,-0.174356
0.004346,-0.002851,0.006837,0.235601,0.040067,0.145853
-0.007858,-0.008651,0.003020,0.532035,0.139167,-0.378212
0.005374,-0.004735,0.013143,0.484604,0.235126,-0.279554
-0.000873,-0.009774,0.018047,0.690511,0.424168,-0.221646
0.008965,-0.002835,0.013015,0.260065,0.386196,-0.449348
-0.006876,-0.011290,0.016816,0.427096,-0.098712,-0.437886
0.005505,-0.009918,-0.000791,-0.058906,-0.028277,-0.257227
-0.019835,-0.015689,0.021844,-0.320765,-2.875336,-0.547713
0.000352,-0.015013,0.002192,0.013085,0.370451,-0.186514
-0.006131,-0.007581,0.014150,0.050971,-0.219006,-0.101738
0.004189,-0.001473,-0.001152,0.167002,-0.251923,0.102856
-0.005593,-0.001226,0.010405,-0.004118,-0.786202,0.114236
-0.002921,-0.006606,0.012007,-0.242863,-0.257982,-0.304337
-0.016947,-0.012239,0.030261,0.015727,-2.751998,-0.499892
0.006631,-0.007138,0.001300,0.395666,0.146467,-0.407458
0.000480,-0.008395,0.006197,0.509117,0.159301,-0.163927
0.010691,-0.005287,-0.005466,0.407575,0.336743,-0.103760
0.005151,-0.006294,0.004047,0.760345,0.713826,-0.176758
-0.002366,-0.015764,0.006975,0.632474,0.025506,-0.391259
0.009828,-0.000741,0.002143,0.941434,1.641269,-0.429680
-0.001401,-0.012072,0.010530,0.483734,0.358030,-0.050910
0.000962,-0.007749,-0.002308,0.771141,-0.459517,-0.115360
-0.004083,-0.011596,0.004966,0.168410,-0.011655,-0.008806
0.001313,-0.001640,-0.024405,0.291570,-0.459842,-0.334368
-0.011843,-0.013263,0.022603,0.158241,-0.333130,-0.232747
-0.005238,-0.000931,-0.001208,0.537185,-0.300588,-0.489329
-0.011721,-0.000721,0.013044,-0.194690,-0.173236,-0.269806
0.004333,-0.007388,-0.014752,0.621022,0.282409,-0.470694
-0.009663,-0.008861,0.005485,0.011864,0.824166,-0.418139
0.003335,-0.007512,-0.023020,0.128863,0.217775,-0.780612
-0.012942,-0.011487,0.009840,-0.122562,-0.367419,-0.675640
0.005938,-0.003475,-0.024500,0.211590,1.204715,-0.449404
-0.007887,0.000707,-0.018635,-0.830689,0.346259,-0.080143
0.002101,-0.009393,-0.000693,-0.195051,0.265436,-0.092213
-0.006807,-0.005224,-0.001366,-0.242729,0.347917,-0.066498
0.008387,0.000083,-0.012385,-0.436488,0.757588,-0.034832
0.001674,-0.002244,-0.001211,-0.511931,-0.524585,-0.075318
0.006322,-0.002661,-0.018100,-0.534541,-0.091008,0.013761
-0.010418,-0.009734,0.015588,-0.368666,-0.998973,-0.247761
0.004057,0.002053,-0.006276,-0.215058,0.396756,-0.486844
-0.005357,-0.005717,-0.000660,-0.022710,0.770836,-0.338097
0.005344,0.001032,-0.002377,-0.182388,-0.277378,-0.001824
-0.008133,-0.010483,-0.002308,-0.039503,-0.582074,-0.503223
0.009506,0.001107,-0.008541,-0.313547,0.114470,0.117023
-0.002852,0.001219,-0.015221,-0.568914,0.767028,0.032471
0.008502,0.010167,-0.022341,-0.224905,0.966863,0.052054
0.004419,0.002919,-0.011387,-0.290262,0.714030,0.011010
0.006030,-0.003025,-0.019101,-0.463607,0.131955,-0.010076
0.003929,0.004590,-0.010547,-0.628671,-0.008106,0.062026
0.016997,-0.006554,-0.036383,-0.423056,0.675143,-0.127577
0.006582,0.003211,-0.011804,-0.437377,0.038258,0.307273
0.005256,-0.003465,-0.020873,-0.392608,0.118796,0.004048
0.008026,0.004226,-0.007028,-0.346454,0.152579,-0.253958
0.009332,-0.002854,-0.013156,-0.338540,0.389256,0.210835
0.011742,0.004794,-0.011659,-0.157303,0.755553,0.341637
0.008161,-0.001538,-0.004077,-0.129077,-0.217326,0.562181
0.004822,0.010643,0.004054,-0.350553,-0.172783,0.048670
0.012162,-0.003455,-0.008709,-0.010450,0.121350,0.060730
0.009250,0.004577,-0.006559,-0.185873,0.045854,0.248327
0.003890,-0.008743,-0.010406,-0.232205,0.125591,0.212207
-0.006853,-0.004095,0.000338,-0.352864,-0.594740,-0.100058
0.009116,0.001639,-0.017929,-0.379692,0.160394,-0.108142
-0.010759,-0.005375,-0.007405,-0.589689,-0.904123,-0.098666
0.001911,0.003284,-0.011784,-0.500863,0.456982,0.029805
-0.004529,-0.001148,-0.010491,-0.517607,0.233537,-0.117422
0.004140,0.000970,-0.008869,-0.250574,0.067803,0.186752
-0.013195,-0.007443,0.017679,-0.610588,-1.172039,-0.213134
0.004629,0.000316,0.003125,-0.471075,-0.223113,-0.018866
-0.001552,0.005125,0.003814,-0.235025,0.119630,-0.121492
0.002774,0.001321,-0.000411,-0.321373,-0.868177,-0.200247
-0.001848,0.002578,0.018398,-0.206504,-1.182057,0.243518
0.007747,0.003861,0.009969,-0.647292,-0.875625,0.145128
-0.002895,-0.002037,0.010316,-0.380512,-0.243723,0.259094
0.008945,0.000064,-0.007835,-0.398228,0.033633,0.224080
-0.001001,0.002841,-0.006805,-0.276636,0.386052,0.535495
0.011049,0.005703,-0.015273,-0.220956,0.784090,0.095723
-0.006289,-0.001056,0.004375,-0.463059,-0.831877,0.448832
0.009277,0.002867,-0.002991,-0.363030,0.092497,0.291045
-0.002255,0.000487,0.001103,-0.340762,-0.142289,0.346242
0.004182,0.000878,-0.000351,-0.121997,0.529196,0.171252
-0.009479,-0.006071,0.005911,-0.272855,-0.463469,-0.143701
0.008308,-0.008694,0.002380,0.085312,-0.024315,0.259905
0.001195,-0.001949,0.016409,-0.027240,-0.608415,-0.022704
0.006001,0.003189,0.012571,-0.024584,-1.118457,0.358621
-0.001165,-0.000698,0.022967,-0.325341,-1.203863,0.480475
0.010737,-0.002996,0.004690,-0.242072,-1.034758,0.547036
0.003693,0.001150,0.010228,-0.095380,-0.785552,0.278641
0.012763,-0.000251,-0.005311,-0.000852,0.086326,0.679889
0.001044,0.007387,0.005504,-0.133735,-0.185046,0.097906
0.006342,-0.002868,0.003702,0.226230,-0.282827,0.327667
-0.006312,-0.004509,0.016963,0.551500,-0.282072,-0.146888
0.003342,-0.008851,0.006522,0.766421,-0.055259,-0.011826
-0.001145,-0.005228,0.023305,0.346272,-0.669331,-0.295796
-0.000282,-0.010854,0.004159,0.888373,-0.135980,0.070485
-0.013494,-0.002444,0.029552,0.606166,-2.368508,-0.412175
0.008620,-0.010992,0.007819,0.606228,0.480343,0.262068
0.004753,-0.005625,0.016428,0.607308,-0.834795,-0.500518
-0.000695,-0.016628,0.015329,0.474412,-0.915310,0.005939
0.003729,-0.004561,0.009781,0.436972,0.286256,0.154157
-0.014643,-0.014369,0.008967,0.230957,-0.407310,-0.462797
0.006848,-0.005979,-0.000732,0.400360,-0.085808,-0.129931
-0.007480,-0.013345,-0.003591,0.160923,0.153751,-0.235481
0.005390,-0.004049,-0.023089,0.385425,0.381404,-0.045405
-0.004904,-0.007765,0.003174,-0.117625,0.109648,0.142268
0.007773,0.006064,-0.010534,-0.065103,1.636155,0.102994
-0.012368,-0.015712,-0.015142,0.000162,-0.399803,-0.414522
0.020591,0.008165,-0.030412,-0.264278,1.428413,0.157663
-0.005442,-0.010089,-0.009306,-0.225026,0.686274,-0.318343
0.001681,0.001977,-0.004372,-0.522711,0.147970,0.037969
-0.005819,0.001757,-0.010366,-0.706957,0.167376,-0.256945
0.007527,-0.004519,-0.017637,-0.590129,0.618626,0.070078
0.001172,-0.000442,-0.017988,-0.382258,0.486859,-0.277825
0.002144,-0.010995,-0.007379,-0.320723,-0.081738,0.144304
0.007593,0.003028,-0.007471,-0.150768,0.122420,-0.019395
0.008525,0.002516,0.001346,-0.419409,-0.306142,0.164980
0.009539,0.000297,-0.011187,-0.212061,0.322218,-0.254454
0.005810,-0.009692,-0.002065,-0.104791,-0.219269,0.200673
0.012707,0.010656,-0.017020,-0.336311,0.564338,0.408481
0.013803,-0.000606,-0.036665,-0.086317,1.672873,0.417964
0.014102,0.003868,-0.027619,0.151344,1.355333,0.159501
-0.010694,-0.016056,-0.010051,-0.102634,0.077595,-0.257634
-0.001427,-0.006688,-0.035605,-0.114287,0.134036,-0.465042
-0.006699,-0.004062,-0.007865,-0.467425,-0.056037,-0.313013
0.003532,-0.002815,-0.036186,-0.144469,0.254318,0.108538
-0.004940,-0.006465,-0.011033,-0.207094,0.310395,0.087576
0.006352,0.006924,-0.017922,0.061767,0.049346,-0.008681
-0.005721,-0.008618,0.005061,-0.293557,-0.291890,0.199872
0.000470,0.006497,-0.009907,0.359517,-0.098528,0.368819
0.000588,-0.005464,0.017305,0.086894,-0.458168,0.203184
0.018238,0.004154,-0.020033,0.143234,-0.067824,0.257269
-0.003387,-0.006029,0.022550,-0.202158,-1.191793,0.318109
0.007990,0.007643,-0.012812,0.396641,-0.269960,0.211699
-0.011619,-0.001089,0.011081,-0.022027,-0.439094,0.265068
0.001504,0.004360,-0.011666,0.287031,-0.335119,0.262704
-0.007379,-0.006544,0.015585,0.226499,-0.210209,-0.127729
0.006756,0.006392,0.000604,0.549987,-0.130637,-0.052745
-0.008747,0.000116,0.028137,0.357153,-0.359787,-0.184761
0.007507,-0.006399,0.029322,0.300453,-0.253311,-0.560699
-0.006492,-0.000944,0.031472,0.318493,-1.726702,0.014027
0.008262,-0.010394,0.011826,0.651371,-0.146724,0.111499
0.009969,-0.000396,0.018959,0.455052,-0.235382,0.443537
-0.009683,-0.019618,0.020810,0.456316,-0.321455,-0.325742
0.002498,-0.003202,-0.011945,0.853622,-0.306001,0.148466
-0.017613,-0.010335,0.025032,0.518206,-0.388531,-0.245949
0.008965,-0.002372,-0.001021,0.445819,-0.367264,0.488979
-0.003696,-0.003714,0.012910,0.369804,-0.331410,0.307372
0.012280,0.000917,0.009558,0.435472,0.316445,0.197010
-0.000745,-0.000061,0.021447,0.444184,-0.229891,0.045065
0.012845,-0.004729,0.012171,0.544686,-0.082592,-0.333915
0.006966,0.004167,0.018631,0.558354,1.364484,-0.257454
-0.009515,-0.013263,0.031754,0.409305,-2.430523,-0.305807
0.010416,-0.005313,0.024923,0.544019,0.044029,-0.431991
0.007028,-0.010050,0.025514,0.227379,-2.389354,0.120365
0.011341,-0.007059,0.021821,0.344670,-1.009253,-0.046573
0.001261,-0.009931,0.011452,0.547955,-0.161705,0.301506
0.006877,0.001853,0.014511,0.128811,-0.276538,-0.022457
0.000860,-0.013299,0.007730,0.467407,0.129661,0.057375
0.012017,0.001826,-0.011574,0.704009,0.234183,0.415558
-0.008872,-0.005858,0.021943,0.277118,-0.440919,-0.042431
0.002978,0.000874,-0.010396,0.845098,0.472341,0.196898
-0.011150,-0.015610,0.026210,0.805531,0.211718,-0.210830
-0.004369,-0.003265,0.011147,0.537740,-0.787640,-0.351135
-0.014862,-0.007535,0.036655,0.435114,-2.069684,-0.550907
0.001934,-0.004016,0.017951,0.392528,0.304611,-0.302830
0.006214,-0.006679,0.023985,0.710961,0.127918,-0.000846
-0.002284,-0.018233,0.016878,0.423564,-0.639385,-0.070112
0.003112,-0.010581,-0.001031,0.495899,0.302501,-0.328095
-0.008019,-0.014399,0.023433,0.223000,-0.682559,-0.353186
-0.005255,-0.004611,0.006620,0.347930,-0.814815,0.032080
-0.012522,-0.007092,0.019366,0.027258,-1.408388,-0.329247
-0.001017,-0.003639,0.008334,-0.071520,-0.970228,-0.004102
-0.005567,-0.001036,0.014268,0.460947,-0.948108,-0.454948
-0.002041,-0.004916,0.021506,0.232283,-0.721945,-0.408604
-0.001007,-0.001830,0.007943,0.280902,-0.725664,-0.320047
0.009628,-0.010788,0.010871,0.426797,-0.065480,-0.197559
0.004675,0.001409,0.008682,0.705463,0.478413,-0.770673
-0.000092,-0.019457,0.008436,0.813964,-0.125972,-0.556484
0.009815,0.003399,-0.004205,0.674772,1.231569,-0.494495
-0.005475,-0.014284,0.019163,0.750343,0.186355,-0.733411
0.001809,-0.008789,-0.012733,0.677864,0.255286,-0.330334
-0.013481,-0.010759,0.016320,0.086132,-0.180320,-0.330616
-0.000892,-0.008362,-0.006756,0.194535,0.336441,-0.063071
-0.009913,-0.017442,0.016510,-0.180753,-0.743343,-0.665812
0.004445,-0.007447,0.020531,-0.020727,0.218185,0.016814
-0.013060,-0.015390,0.020131,0.315936,-0.264819,-0.462147
-0.002570,-0.011064,0.013143,-0.019250,-0.217043,0.026283
0.002525,-0.005654,-0.001658,0.193652,0.061402,0.075491
0.002439,-0.023609,-0.002222,0.510007,0.454711,-0.048920
-0.000006,-0.022654,-0.006486,0.381562,0.644744,-0.408722
-0.006558,-0.035646,0.003128,0.348219,0.327096,-0.293436
0.004491,-0.030049,-0.006628,0.166726,0.801103,-0.203244
0.000411,-0.037336,-0.022413,0.163670,1.488748,0.183132
-0.002537,-0.029291,-0.005623,-0.243746,-0.053647,0.484575
-0.009246,-0.046143,-0.013439,-0.445340,0.714867,0.579132
0.000998,-0.045526,-0.016534,-0.079644,0.002818,0.791870
-0.016277,-0.059260,0.005209,-0.501450,0.392673,0.213078
-0.002681,-0.048717,-0.008817,-0.740517,0.017769,0.624128
-0.013395,-0.062171,-0.005068,-0.483738,0.023723,0.603921
0.003805,-0.064459,-0.021504,-0.110666,0.739984,0.828079
-0.001037,-0.056060,-0.011899,-0.252822,0.238621,1.001881
-0.019665,-0.074980,-0.019508,-0.189743,0.518866,0.769894
-0.014833,-0.061036,-0.033150,-0.687026,0.610577,1.219129
-0.022629,-0.076611,-0.037003,-0.502704,1.398586,0.984769
-0.024578,-0.076161,-0.049621,-0.571619,0.833563,0.899291
-0.041503,-0.084948,-0.018776,-1.054049,-0.072170,0.672038
-0.027897,-0.078935,-0.011433,-1.130398,0.408990,1.185596
-0.024267,-0.068077,-0.023844,-1.184985,0.392564,1.086893
-0.019602,-0.068470,-0.028475,-1.319112,0.422858,1.539813
-0.029295,-0.073959,-0.026010,-1.278180,-0.205122,0.652567
-0.022258,-0.068595,-0.030038,-1.052654,0.637717,1.479407
-0.024158,-0.062700,-0.043873,-1.061710,0.793691,0.803920
-0.017692,-0.067033,-0.054577,-0.734625,1.312497,1.252357
-0.016858,-0.049662,-0.050625,-1.038825,0.886909,1.626844
-0.023794,-0.056893,-0.037098,-0.969493,0.683306,1.114796
-0.003692,-0.038656,-0.083427,-0.955408,2.166007,1.146659
-0.024848,-0.041748,-0.034725,-1.132716,0.321444,1.211865
0.007898,-0.026442,-0.059245,-1.272367,1.073401,1.601408
-0.001076,-0.025313,-0.022291,-1.473682,0.365944,1.829590
0.022580,-0.008120,-0.032831,-1.552667,0.524285,2.303118
0.022738,-0.004847,-0.014371,-1.318045,-0.107164,2.374327
0.037102,0.000231,-0.016002,-1.362083,-0.403233,2.243549
0.047763,0.006474,-0.006106,-1.265254,-1.035917,2.510155
0.062524,0.000868,-0.007986,-0.951515,0.345084,2.655994
0.077555,0.021698,-0.005928,-1.035047,-0.329214,2.879449
0.090533,0.012150,-0.003575,-0.958687,-0.360752,3.129046
0.094961,0.025926,0.013477,-0.969336,-0.748145,3.620992
0.109210,0.025164,0.008656,-1.315656,-1.176759,3.641081
0.107976,0.021780,0.011649,-1.173231,-0.673913,3.713134
0.110077,0.016512,0.017029,-1.292918,-1.457263,3.969029
0.101326,0.023812,0.032650,-1.306498,-2.015984,3.750849
0.109614,0.025919,0.021490,-1.163705,-1.464022,3.752096
0.070763,0.027531,0.044454,-1.554007,-2.841064,3.736786
0.085908,0.032986,0.019944,-0.991177,-1.566250,3.530085
0.063050,0.022630,0.041490,-1.109785,-1.467600,3.464961
0.058933,0.039896,0.024375,-1.137249,-1.454720,3.497811
0.032395,0.021941,0.035184,-1.213011,-1.415711,3.318242
0.010137,0.036308,0.044526,-1.453518,-2.870324,2.401929
0.003962,0.028578,0.036343,-1.352091,-0.389447,2.337550
-0.023538,0.048637,0.028695,-1.513692,0.155402,1.896977
-0.047976,0.046904,0.037741,-2.003123,-1.766495,1.206283
-0.057731,0.067288,0.013185,-2.208449,0.436231,0.795091
-0.084079,0.070584,0.004982,-1.950236,0.622479,0.174549
-0.093644,0.095911,-0.015077,-2.104475,1.030053,-0.429887
-0.125635,0.112783,-0.014033,-2.466223,0.601734,-1.035524
-0.127083,0.152782,-0.045528,-2.366522,1.231874,-1.291072
-0.157921,0.163871,-0.039974,-2.250100,1.738495,-2.155894
-0.157544,0.208712,-0.074544,-1.792181,1.812842,-2.537393
-0.180915,0.221428,-0.065403,-1.956930,1.650060,-3.738483
-0.168349,0.261940,-0.085619,-1.786059,1.862062,-4.184538
-0.185740,0.291964,-0.082045,-1.690419,1.425938,-5.105597
-0.163524,0.333087,-0.111754,-1.670882,1.518440,-4.689821
-0.168330,0.363600,-0.112145,-1.396181,2.548706,-5.584660
-0.160856,0.393198,-0.106525,-1.501130,0.757571,-6.131101
-0.151632,0.422806,-0.111186,-1.415413,1.393462,-6.462283
-0.119891,0.450011,-0.125576,-1.400245,1.742703,-6.902836
-0.124808,0.476730,-0.096858,-1.781457,0.752221,-7.039826
-0.093231,0.508159,-0.128301,-1.082380,1.302203,-7.269816
-0.092151,0.545027,-0.079117,-2.203634,1.164932,-7.014469
-0.064447,0.571323,-0.100305,-1.612208,1.387986,-6.995740
-0.054718,0.591221,-0.067769,-1.751902,0.828370,-7.151997
-0.020961,0.617668,-0.066834,-1.089404,0.664793,-7.349357
-0.003128,0.637783,-0.040886,-1.090225,1.405206,-7.498859
0.031948,0.660579,-0.043847,-0.809980,1.057002,-7.363777
0.043607,0.666918,-0.023030,-0.785250,1.314762,-7.181808
0.074210,0.692957,0.001457,-0.825841,1.422298,-6.529853
0.091364,0.684909,0.026778,-0.348932,0.194088,-6.501847
0.128206,0.703195,0.041962,-0.299886,0.086559,-6.900995
0.156172,0.706116,0.038933,-0.385298,0.755772,-6.221139
0.174688,0.711109,0.063535,0.314901,0.662144,-6.242041
0.195125,0.708427,0.084368,0.295486,0.714522,-5.935366
0.207719,0.702801,0.117616,0.138050,-0.405436,-6.038641
0.239415,0.690206,0.126515,0.382385,0.052815,-5.535537
0.254586,0.678882,0.133273,0.795483,0.444308,-5.567432
0.269843,0.653732,0.142963,0.760256,-0.275671,-5.083203
0.281502,0.645043,0.169298,0.582115,-0.996462,-4.742820
0.283806,0.606891,0.190463,0.461272,-3.263173,-4.420612
0.297849,0.591740,0.207758,0.320971,-3.449389,-3.877371
0.312383,0.554176,0.184279,0.408398,-1.129877,-3.028148
0.322953,0.534747,0.195797,0.290684,-1.535780,-2.853374
0.331727,0.490263,0.194074,0.273195,-2.694004,-2.259596
0.331661,0.459100,0.184959,0.025712,-1.341774,-1.995697
0.343333,0.411232,0.169344,0.253349,-1.410230,-1.699105
0.331362,0.391783,0.172859,-0.470389,-1.842287,-1.073390
0.330378,0.340807,0.142503,0.023822,-1.117748,-0.970478
0.327627,0.323312,0.147329,-0.487132,-1.550774,-0.744653
0.319569,0.272831,0.128727,-0.412923,-1.023345,-0.166936
0.308425,0.235936,0.111619,-0.778636,-1.139369,-0.629271
0.288333,0.193777,0.094193,-1.521747,-1.033153,0.261127
0.264201,0.162413,0.086833,-1.659074,-1.579866,0.441783
0.251461,0.132080,0.068905,-1.705334,-1.197570,1.233603
0.230198,0.099994,0.078125,-2.208456,-1.820675,1.181498
0.206847,0.058855,0.071366,-1.969048,-1.855873,0.952965
0.193257,0.027147,0.066518,-2.352460,-1.516587,1.425748
0.168301,-0.007893,0.053146,-2.183759,-1.186551,1.793578
0.135884,-0.031290,0.050474,-2.353625,-2.213140,1.647956
0.113366,-0.067148,0.042560,-2.566225,-1.691446,2.496470
0.070172,-0.089147,0.038838,-2.554284,-2.543915,2.093130
0.045190,-0.132724,0.018930,-2.123700,-1.287466,1.932793
0.009359,-0.147213,0.034613,-2.299176,-0.878048,2.034974
-0.021880,-0.178613,0.014226,-2.040165,-0.503262,2.197025
-0.061956,-0.204193,0.014909,-2.365960,-0.227314,2.163826
-0.089837,-0.223067,0.023177,-2.413106,-0.107787,1.928173
-0.122379,-0.225112,0.012749,-2.515938,0.263850,2.116808
-0.154008,-0.251066,0.003089,-2.492098,0.132175,2.267317
-0.185861,-0.253580,0.020469,-2.603087,-0.363621,2.371150
-0.212468,-0.280198,0.028609,-2.652698,-1.738322,2.303654
-0.227653,-0.281245,0.007802,-2.266387,0.886995,2.383164
-0.252751,-0.293816,0.014006,-2.598813,-0.962882,2.506242
-0.270102,-0.272346,0.025888,-3.044266,-0.873124,3.166271
-0.276483,-0.283864,0.010234,-2.981493,0.366863,3.343864
-0.298475,-0.278363,0.007352,-2.670850,0.282032,3.432805
-0.304925,-0.294539,-0.006089,-2.406321,0.534737,3.845936
-0.322896,-0.276367,0.005741,-2.629707,0.811292,4.156864
-0.330669,-0.280099,-0.010931,-2.433076,1.394509,4.315964
-0.335327,-0.267974,0.000761,-2.389879,1.685822,4.642727
-0.339308,-0.266070,-0.019570,-2.422609,1.023915,5.265974
-0.341268,-0.251201,-0.014210,-2.573676,1.010490,5.252056
-0.349661,-0.247852,-0.004008,-2.338086,0.869969,5.947861
-0.337040,-0.217014,-0.043266,-2.737027,0.807845,6.593543
-0.350465,-0.196820,-0.004809,-2.980787,-0.016513,7.233493
-0.337063,-0.176318,-0.025268,-3.136431,0.224582,7.767664
-0.330899,-0.150876,-0.019600,-3.150840,0.057250,8.393408
-0.313952,-0.128503,-0.031197,-3.026640,-0.010489,8.523134
-0.309609,-0.090423,-0.041930,-2.792592,0.455673,8.910431
-0.302184,-0.064006,-0.039035,-2.605070,0.076879,9.258724
-0.279072,-0.016270,-0.049325,-2.092543,1.720494,10.019902
-0.282276,0.004889,-0.040184,-2.179853,1.031071,9.935044
-0.265870,0.063966,-0.057079,-2.286004,-0.151743,10.063386
-0.272918,0.084235,-0.038927,-2.312033,-0.199748,9.814292
-0.245555,0.144688,-0.058188,-2.230153,1.076703,10.176669
-0.259250,0.183998,-0.022094,-2.137007,-0.742765,9.922817
-0.238662,0.244806,-0.035195,-2.405675,0.122843,9.971833
-0.237609,0.288121,-0.026486,-2.375233,-0.655807,9.540130
-0.218974,0.348944,-0.032733,-1.916513,-0.131612,9.251035
-0.208743,0.404480,-0.020778,-1.339985,-0.181482,9.273778
-0.188215,0.443869,-0.027254,-1.100689,0.456014,8.695924
-0.182513,0.498049,-0.006408,-0.854769,-0.911795,8.149886
-0.169108,0.542572,-0.003608,-0.414016,-0.912556,7.379228
-0.159063,0.606918,0.004973,-0.197858,0.560851,6.730820
-0.148212,0.646104,0.004008,0.041602,0.553978,6.151489
-0.129174,0.706359,0.013786,0.213445,0.222324,5.692646
-0.125294,0.745952,0.029945,0.309935,-0.544260,5.014970
-0.117449,0.792638,0.032020,0.371179,-1.556062,3.955486
-0.097577,0.822984,0.050290,0.401344,-0.244515,3.159452
-0.067539,0.883657,0.034242,1.002595,0.499007,2.629538
-0.068376,0.900210,0.066856,0.640309,-0.086613,1.460963
-0.046679,0.941979,0.056162,0.928363,0.091023,1.302063
-0.045288,0.955795,0.075854,0.843745,-0.215406,0.161947
-0.014223,0.993307,0.078112,1.122279,0.505946,-0.506630
-0.007270,0.998201,0.085097,1.266063,0.241552,-1.309272
0.022252,1.017151,0.067503,0.956644,0.859717,-1.497149
0.040263,1.040285,0.067992,0.953539,1.341815,-1.911688
0.048098,1.029893,0.061214,0.758949,1.050489,-2.897493
0.060476,1.043394,0.051843,0.938532,1.076745,-3.506993
0.083942,1.022869,0.054075,0.395886,1.128106,-3.364334
0.090658,1.024986,0.043942,0.390909,1.497744,-4.054555
0.087585,1.007021,0.052696,-0.072502,0.297314,-4.815138
0.110326,0.994705,0.036576,-0.001742,0.450089,-4.597220
0.112046,0.972962,0.044007,-0.301163,0.011086,-5.241270
0.125100,0.955523,0.005606,-0.320080,-0.165040,-5.167300
0.122337,0.924238,0.033737,-0.339256,0.927690,-5.608262
0.139254,0.901057,-0.001428,-0.399292,-0.135354,-5.556740
0.131633,0.853117,0.029647,-0.759362,0.090498,-6.225668
0.151419,0.826191,-0.008869,-0.718367,1.429355,-6.068324
0.143144,0.772182,0.003722,-1.264815,-0.326845,-6.045165
0.155804,0.738265,-0.009414,-1.589753,0.213057,-6.440527
0.157561,0.694894,0.001582,-1.792434,0.137128,-6.445851
0.162455,0.650443,-0.006260,-2.011195,0.095674,-6.473380
0.153605,0.596138,-0.012516,-2.228459,-1.291501,-6.644502
0.179543,0.543580,-0.028663,-2.145092,0.264556,-6.953822
0.172775,0.497465,-0.032506,-2.405691,0.577562,-6.928198
0.189079,0.456208,-0.031942,-2.739729,0.082095,-6.443325
0.192821,0.407572,-0.041274,-2.677536,0.616909,-6.660373
0.200994,0.362205,-0.048787,-2.680234,0.690593,-6.230123
0.200400,0.316021,-0.055772,-2.963437,0.303679,-6.361794
0.205895,0.254121,-0.055155,-2.801898,-0.008395,-6.203651
0.214458,0.228577,-0.055752,-3.142740,-0.824186,-6.172428
0.216352,0.177539,-0.073419,-3.076510,0.209900,-5.851425
0.221378,0.142705,-0.075834,-3.339532,-0.450848,-5.619152
0.220656,0.099101,-0.062961,-3.654921,-0.353284,-5.923463
0.235522,0.069343,-0.094456,-3.595897,-0.107696,-5.918548
0.227762,0.029225,-0.063151,-3.830542,-0.233505,-6.043602
0.245057,0.016666,-0.086670,-3.590746,-0.692830,-5.454811
0.247161,-0.017258,-0.057371,-3.958819,-0.912096,-5.595056
0.258771,-0.028454,-0.081296,-3.378396,-0.348154,-5.278911
0.254435,-0.060074,-0.049798,-3.770539,-1.725363,-5.405097
0.284883,-0.068877,-0.062068,-3.296328,-0.330859,-5.191508
0.261739,-0.090522,-0.040689,-3.564966,-2.619063,-4.995937
0.278522,-0.093164,-0.043768,-3.655066,-2.457609,-4.654442
0.265175,-0.100871,-0.032175,-3.617692,-1.737485,-4.525852
0.272453,-0.116076,-0.039544,-3.247338,-1.480428,-4.384920
0.260508,-0.130725,-0.028935,-3.390262,-1.838118,-4.524414
0.268934,-0.134057,-0.023017,-3.158600,-1.183639,-4.809303
0.257107,-0.144111,-0.011108,-3.037012,-1.334901,-4.807268
0.267496,-0.126255,-0.006447,-2.902107,-1.169551,-4.354469
0.228274,-0.141400,0.030549,-2.830750,-1.852144,-4.551150
0.230844,-0.133706,0.035916,-2.844720,-3.012706,-4.264662
0.218985,-0.136998,0.049988,-2.630108,-1.571364,-4.434000
0.221545,-0.126990,0.043561,-2.060270,-1.245425,-4.074376
0.185524,-0.131805,0.078581,-2.658993,-2.241858,-4.081930
0.182337,-0.113492,0.074826,-2.594658,-2.808394,-3.686862
0.156067,-0.112055,0.097416,-2.679010,-2.171076,-3.969376
0.151193,-0.098662,0.097816,-2.496303,-1.978633,-3.300586
0.141516,-0.088382,0.114347,-2.200309,-1.136934,-3.250151
0.136271,-0.070483,0.094787,-1.897556,-0.400922,-3.005797
0.111692,-0.053887,0.120137,-2.097989,-1.143456,-2.933138
0.105711,-0.045503,0.111107,-1.715558,0.095294,-2.905050
0.086548,-0.014917,0.126679,-1.359158,-0.453944,-2.600264
0.081050,0.001984,0.123968,-1.365037,-0.103330,-2.151709
0.060676,0.022703,0.122435,-1.057741,-0.149904,-2.205210
0.039895,0.036538,0.126232,-0.954292,-1.298160,-1.774285
0.030074,0.059443,0.116946,-0.441044,0.512646,-1.559828
0.003053,0.067229,0.131665,-0.477118,-0.991512,-1.672915
-0.015299,0.107527,0.128231,-0.733049,-1.587534,-0.914925
-0.036615,0.111818,0.125839,-0.304553,-0.306858,-0.688976
-0.036773,0.134279,0.107598,0.269765,0.165301,-0.367376
-0.062537,0.147987,0.141492,-0.127374,-0.381888,0.176859
-0.059944,0.163962,0.128442,0.003838,0.067245,0.434513
-0.087933,0.178701,0.145198,-0.019976,-0.304973,0.850887
-0.087441,0.190435,0.134731,0.302402,0.390769,0.820081
-0.108012,0.201586,0.151182,0.358890,0.177771,1.282970
-0.111859,0.206680,0.125212,0.726231,0.564275,1.799892
-0.137045,0.213206,0.155745,0.429964,0.443071,2.761616
-0.141932,0.231636,0.138361,0.735372,0.768341,3.092932
-0.168533,0.231784,0.160350,0.840289,0.875454,3.330948
-0.184033,0.245597,0.158236,0.697079,-2.150344,3.833745
-0.197169,0.236583,0.165714,0.832864,-0.409519,3.859522
-0.184949,0.273425,0.131041,1.176417,0.667344,5.026580
-0.219523,0.255592,0.159195,0.996503,-0.267097,5.493241
-0.217422,0.267241,0.143265,0.843768,-0.402747,5.761803
-0.237894,0.266631,0.142632,0.995459,0.257338,6.228139
-0.221203,0.283197,0.111071,1.294023,0.407920,6.793989
-0.239214,0.276409,0.120396,1.166714,0.282324,7.472124
-0.241574,0.284930,0.109817,1.158222,1.045550,6.828070
-0.240855,0.275716,0.109387,1.128674,0.619456,7.698671
-0.245592,0.294462,0.098000,1.200878,0.336809,7.775713
-0.260198,0.269132,0.097436,1.769268,0.525684,7.929381
-0.260290,0.277486,0.087034,1.254345,0.485789,7.933077
-0.278098,0.266178,0.101713,1.091188,-3.367423,8.311027
-0.261636,0.274479,0.074787,1.233246,1.352572,8.271329
-0.256020,0.256041,0.074905,1.369572,0.805403,8.903061
-0.263481,0.263877,0.077288,0.896238,-0.584332,8.779040
-0.271162,0.248571,0.062560,0.937908,-1.180085,8.792062
-0.253834,0.243660,0.051468,0.763227,-0.072813,9.327579
-0.246642,0.230094,0.042442,0.640332,0.479946,9.550237
-0.238833,0.226683,0.033103,0.830349,0.819068,9.139243
-0.234323,0.209493,0.032210,0.483494,0.210409,8.943889
-0.234592,0.194936,0.028206,0.592025,0.071690,8.652832
-0.223701,0.186539,0.003604,0.884014,0.778103,8.930815
-0.220642,0.179206,0.015818,0.574618,0.271613,8.090468
-0.211500,0.174578,0.006164,-0.127528,0.205006,8.065686
-0.213358,0.166267,0.010211,0.241044,-0.534931,7.720528
-0.200727,0.158888,-0.011564,0.094378,-0.180677,7.400530
-0.187309,0.166562,-0.009122,-0.263877,0.315525,7.201040
-0.176155,0.151558,-0.028663,-0.329966,0.362947,6.677094
-0.170814,0.160782,-0.035559,-0.350590,-0.021771,6.747276
-0.164571,0.151962,-0.039872,-0.628054,-1.566605,5.648795
-0.162119,0.155970,-0.050878,-0.604119,-0.817464,5.607183
-0.136805,0.166066,-0.065600,-0.849648,-0.154589,5.161428
-0.146472,0.139761,-0.066214,-0.517958,-0.358185,3.833931
-0.115788,0.146113,-0.098457,-0.516248,-0.139004,3.425931
-0.114573,0.138809,-0.104116,-0.685152,0.035520,2.954189
-0.082760,0.157145,-0.119625,-0.538654,1.974135,2.096987
-0.085832,0.135080,-0.114088,-0.397597,0.644583,1.832659
-0.075220,0.145525,-0.112033,-0.828752,0.110127,0.864264
-0.067411,0.140024,-0.107654,-0.919794,-0.280109,0.343019
-0.059911,0.144740,-0.108206,-1.200071,-0.938612,0.073072
-0.039153,0.154302,-0.117830,-1.631052,0.712375,-0.382603
-0.043344,0.143237,-0.106811,-1.391733,-0.035745,-1.091964
-0.017971,0.158730,-0.125068,-1.940826,-0.746918,-1.179382
-0.020082,0.159295,-0.110894,-2.170301,-1.975439,-1.727848
0.019751,0.174145,-0.149292,-1.741877,0.276999,-1.764595
0.026270,0.174821,-0.124700,-1.833365,0.131742,-2.215487
0.053836,0.189519,-0.155739,-1.520671,-0.062401,-2.208574
0.051846,0.170527,-0.135076,-1.758700,-0.350251,-2.796353
0.092493,0.193435,-0.174327,-1.201407,0.223473,-2.820932
0.102363,0.174571,-0.135519,-1.486513,0.055796,-3.361021
0.132056,0.188430,-0.164595,-1.540270,-0.291601,-3.227934
0.137731,0.174443,-0.123417,-2.029484,-2.156295,-3.116429
0.181467,0.180036,-0.149138,-2.176039,-0.338159,-3.396112
0.197104,0.161789,-0.130054,-1.903701,-0.492010,-2.928682
0.225993,0.168788,-0.137278,-2.264225,-0.023550,-2.878385
0.244716,0.156413,-0.105196,-2.062168,-0.982580,-2.581553
0.265825,0.153485,-0.074531,-2.201940,-1.562393,-2.924991
0.277773,0.145594,-0.104349,-2.414239,-1.334668,-2.244170
0.291937,0.158930,-0.091790,-3.070736,-1.347190,-2.562478
0.301417,0.142892,-0.100998,-2.609373,-1.027714,-1.963764
0.320219,0.156363,-0.068114,-3.022195,-0.884790,-2.634215
0.329370,0.155540,-0.074633,-2.905429,-1.490108,-1.781808
0.328018,0.160604,-0.045725,-2.787800,-1.497687,-2.209356
0.321883,0.160742,-0.063909,-2.983571,-1.395373,-1.855450
0.331103,0.176465,-0.047330,-2.530033,-1.594423,-2.195665
0.325054,0.173133,-0.062002,-2.555393,-1.105321,-2.205250
0.330502,0.200082,-0.077101,-3.558897,-0.913137,-2.378520
0.322332,0.192917,-0.064782,-3.216030,-0.592085,-2.754435
0.309547,0.217968,-0.067586,-3.789790,-1.036114,-2.914258
0.304240,0.220424,-0.068403,-3.526023,-0.424008,-2.405910
0.290532,0.250763,-0.089765,-4.331074,0.306729,-2.729027
0.271215,0.251347,-0.067280,-4.163601,-0.716407,-3.066646
0.247046,0.283978,-0.061536,-4.338066,-0.785595,-3.652011
0.233490,0.293126,-0.033862,-3.874152,-0.299357,-3.588657
0.210693,0.318063,-0.001678,-2.933254,-0.110312,-4.526894
0.184355,0.340157,-0.050799,-3.926281,0.392577,-4.607085
0.161106,0.384450,-0.023194,-4.527009,-0.566147,-5.570143
0.141959,0.406830,-0.049946,-4.376717,0.472866,-5.787753
0.113070,0.449502,-0.015037,-4.098431,-0.154444,-6.046992
0.110379,0.476434,-0.009595,-3.306967,1.309346,-6.600097
0.082127,0.526061,-0.037394,-4.000195,1.498897,-7.225077
0.073336,0.551638,-0.035014,-2.894292,3.206664,-7.653226
0.044559,0.601305,-0.026460,-2.726455,0.718566,-8.070652
0.024359,0.610548,-0.009536,-1.924332,1.806970,-8.716269
0.010780,0.661702,-0.029010,-2.039710,1.224081,-8.794077
-0.001300,0.688470,-0.035700,-2.043104,1.933898,-9.048883
-0.011600,0.713843,-0.015191,-1.193930,1.994085,-9.165883
-0.021588,0.736899,-0.050336,-2.540052,1.133272,-9.432266
-0.033297,0.764974,-0.037253,-2.108178,1.153994,-9.453672
-0.035417,0.771772,-0.002068,-0.898521,1.764892,-9.850640
-0.035634,0.804160,-0.013035,-1.792453,1.729885,-8.913889
-0.032036,0.805686,-0.025685,-2.613145,1.914906,-8.469653
-0.034935,0.819732,0.025796,-1.541301,0.915135,-8.758626
-0.029565,0.809677,0.024139,-2.030236,1.673010,-8.177267
-0.030530,0.813879,0.089049,-1.142304,0.481081,-8.223828
-0.028294,0.811873,0.067391,-1.512967,0.800903,-7.020841
-0.023515,0.823011,0.107611,-0.911312,0.968963,-6.802769
-0.012821,0.807360,0.072473,-1.497359,2.348703,-5.817295
-0.024992,0.785394,0.149400,-0.803471,-0.417000,-5.899618
-0.002166,0.759942,0.158305,-0.346963,0.317091,-4.986627
0.006056,0.753331,0.166377,-0.136106,1.272100,-4.185675
0.004438,0.721521,0.169794,-0.572473,-0.071727,-3.413209
0.001648,0.705637,0.187519,-0.018795,-0.121932,-2.975203
0.010478,0.660198,0.190128,-0.107342,0.390700,-2.390121
0.017771,0.637152,0.194638,-0.148641,0.271170,-1.651864
0.018369,0.589655,0.205086,0.198424,0.361630,-1.086505
0.029345,0.578580,0.165435,-1.523365,0.278122,-0.223306
0.013938,0.523882,0.231822,-0.650893,-0.503633,0.303103
0.024107,0.494205,0.211517,-0.369923,-0.422350,1.589902
0.005548,0.446367,0.254277,-0.585740,-0.707850,2.108528
0.020171,0.410575,0.234881,-1.195450,-0.195905,2.678370
-0.007582,0.368573,0.243130,-1.256073,-1.186433,3.223124
0.012661,0.334751,0.238285,-1.211773,0.245442,3.985671
-0.012749,0.296770,0.254254,-1.300324,-2.412013,4.825982
-0.001490,0.262472,0.232042,-1.310519,-1.417526,5.590043
-0.008714,0.216787,0.219647,-1.098371,-0.921701,5.923218
-0.009469,0.186332,0.202546,-1.749817,-0.652780,7.094166
-0.032456,0.141816,0.186012,-1.494375,-1.606906,6.613151
-0.015325,0.114942,0.177192,-1.675099,-0.213341,8.107029
-0.042359,0.064409,0.165031,-1.391480,-0.774953,7.649983
-0.036851,0.038251,0.146886,-1.448388,-0.900191,8.403251
-0.053914,-0.001194,0.137819,-1.961177,-1.057584,8.208340
-0.064060,-0.022822,0.117321,-2.025374,-0.574770,8.657568
-0.083347,-0.063219,0.116257,-2.051148,-1.145310,8.560073
-0.085126,-0.072189,0.099664,-2.475403,-0.820867,9.086872
-0.108258,-0.100589,0.086535,-2.651480,-1.639035,8.986705
-0.115154,-0.115518,0.056825,-2.538587,-0.685326,9.288555
-0.131845,-0.131034,0.058631,-2.591874,-0.965183,8.666057
-0.137471,-0.151280,0.050635,-2.759475,-0.714398,8.933780
-0.159900,-0.161002,0.052122,-2.786290,-2.475151,8.730905
-0.163678,-0.178751,0.026312,-2.881871,-1.140567,8.376622
-0.180839,-0.178997,0.026568,-3.296239,-2.073072,8.357902
-0.189754,-0.194601,0.024999,-2.632685,-1.538067,8.004600
-0.198879,-0.186970,0.007454,-2.728394,-0.934463,7.490980
-0.203839,-0.197090,0.003564,-2.637969,-0.320552,7.325089
-0.234287,-0.181964,0.003551,-2.612402,-0.473221,6.819294
-0.242243,-0.194959,-0.008236,-2.125331,-0.208197,6.370308
-0.266323,-0.174470,-0.015969,-2.227373,0.084110,5.499989
-0.268910,-0.163166,0.000554,-2.174181,-0.158327,5.380183
-0.310131,-0.153289,0.024772,-2.403278,-4.314245,4.790758
-0.284761,-0.151444,-0.008377,-2.046773,0.453782,4.820067
-0.303957,-0.131956,0.002901,-2.419809,-1.064664,3.952219
-0.308736,-0.121052,-0.012365,-2.346213,-1.070412,4.004721
-0.303448,-0.098780,-0.016797,-2.313740,0.631132,3.248775
-0.308260,-0.085362,-0.023539,-2.274430,0.644268,2.908944
-0.296844,-0.068467,-0.035057,-2.258470,0.635599,3.057701
-0.298977,-0.047522,-0.028055,-2.198267,1.251339,2.656370
-0.283336,-0.009465,-0.051640,-2.075662,0.521554,2.342792
-0.281006,0.001393,-0.034394,-1.942910,1.312405,1.822361
-0.258472,0.034674,-0.056596,-1.999539,1.190584,1.749612
-0.253161,0.056899,-0.039836,-2.226119,0.212805,1.791207
-0.224637,0.106917,-0.070517,-2.376707,-0.036614,2.010723
-0.222785,0.127790,-0.060286,-2.669353,0.329824,1.583809
-0.189212,0.174200,-0.090182,-2.950238,0.620172,2.248808
-0.180793,0.198290,-0.081011,-2.941900,-0.526561,1.886334
-0.139132,0.244655,-0.104572,-2.874345,0.496778,2.033072
-0.116529,0.274919,-0.101382,-2.380118,1.084433,2.056148
-0.093067,0.303430,-0.101664,-2.427703,0.354540,1.714199
-0.078361,0.340456,-0.096878,-2.843815,0.112621,1.840333
-0.037324,0.377784,-0.129817,-2.699890,1.030204,2.420948
-0.037662,0.398677,-0.096980,-2.806467,0.248810,1.796539
-0.007175,0.438624,-0.124175,-2.563038,-0.422997,1.723836
0.008965,0.463416,-0.092660,-2.864973,-0.323375,1.826661
0.042560,0.504312,-0.114108,-2.581765,0.111656,1.888341
0.053612,0.526157,-0.089378,-2.170173,-0.378405,1.889772
0.073491,0.567033,-0.088849,-2.324307,-0.747994,1.495118
0.084864,0.587594,-0.084969,-2.399731,-0.621365,1.586481
0.115247,0.628670,-0.068918,-2.377009,-0.203579,1.449048
0.131623,0.646734,-0.068718,-1.806955,0.993615,1.403222
0.140009,0.685975,-0.048305,-2.032728,-0.689242,1.255981
0.148403,0.704541,-0.058309,-1.851396,-0.239732,1.113300
0.179372,0.748749,-0.056465,-1.962086,0.707862,0.990976
0.183758,0.765962,-0.036196,-1.724087,-0.739605,0.990704
0.194803,0.808952,-0.033169,-1.753734,-0.425393,0.318680
0.194826,0.820654,-0.033002,-1.710254,-0.569909,0.117942
0.204637,0.846624,-0.045672,-1.481085,-0.419505,-0.139832
0.190549,0.872759,-0.018589,-1.477500,-0.405942,-0.415905
0.204959,0.898070,-0.032424,-1.238834,-0.579740,-0.556853
0.184923,0.910770,0.006788,-1.481278,-1.002745,-1.148700
0.182894,0.921044,0.002508,-1.179763,-3.896299,-1.969264
0.182281,0.928607,0.022205,-1.042278,-1.425372,-2.022670
0.188996,0.951935,0.012309,-1.305320,-2.492108,-2.272933
0.178466,0.944382,0.031275,-1.461899,-1.901489,-2.793387
0.194406,0.962183,0.011400,-1.125807,-0.688169,-2.928912
0.178082,0.952624,0.040718,-1.386580,-0.903737,-3.128514
0.182996,0.961756,0.027700,-1.248521,-0.614459,-3.349301
0.160321,0.942094,0.063476,-1.581419,-1.070271,-4.006727
0.167076,0.954925,0.034935,-1.516325,-0.193778,-4.136814
0.133408,0.934079,0.056664,-1.489301,-0.731146,-4.535223
0.143807,0.940099,0.050638,-1.509415,0.244437,-4.643869
0.123302,0.927816,0.061591,-1.590767,0.095933,-5.021717
0.123545,0.916751,0.068173,-1.380645,0.576046,-5.595293
0.099419,0.900361,0.056914,-1.389150,0.212568,-6.024912
0.087631,0.882160,0.061201,-1.432088,-0.997066,-5.823564
0.086916,0.868358,0.046965,-1.411608,1.218123,-6.167967
0.085541,0.837119,0.045826,-1.290175,0.245314,-6.228797
0.077673,0.828588,0.042100,-1.749128,0.238069,-6.364936
0.074351,0.800014,0.050208,-1.677650,0.610245,-6.355318
0.075618,0.781448,0.045222,-1.855437,1.285735,-6.225980
0.064152,0.740684,0.040151,-1.956884,0.895155,-6.317017
0.055503,0.730318,0.037538,-1.876260,0.668249,-6.493202
0.038897,0.685644,0.047316,-2.129714,0.716596,-6.287580
0.044172,0.667574,0.050441,-1.545479,0.864963,-6.387438
0.027054,0.619430,0.053743,-1.967269,0.705679,-6.344516
0.043240,0.595551,0.021976,-1.946291,1.018663,-6.200781
0.024166,0.553480,0.048261,-2.396806,0.831052,-5.866110
0.048242,0.533752,0.026578,-2.144120,1.163271,-5.789290
0.037853,0.485507,0.064969,-2.692196,1.275986,-5.500832
0.054147,0.462051,0.044739,-2.500813,1.687542,-5.195148
0.048232,0.420259,0.063055,-2.247363,1.500443,-4.957893
0.060551,0.396891,0.045826,-3.102343,1.359213,-4.546714
0.064786,0.361152,0.037626,-2.797401,1.071018,-3.648714
0.058680,0.341503,0.044391,-3.216614,0.757470,-3.952933
0.069890,0.316990,0.033917,-3.361320,0.535022,-2.892413
0.065439,0.294403,0.035782,-3.204440,0.192299,-3.302930
0.077298,0.268935,0.032614,-3.473429,0.272729,-2.737828
0.081690,0.250402,0.035887,-3.308647,-0.043961,-2.518305
0.104172,0.216682,0.022701,-3.303379,-0.229960,-1.786626
0.108994,0.205830,0.031012,-3.203376,-0.546252,-1.601952
0.130008,0.175845,0.028255,-3.029879,-0.656230,-1.379412
0.142228,0.172395,0.027894,-2.915001,-0.204787,-0.760412
0.150976,0.133308,0.019327,-2.919668,-0.320368,-0.542550
0.162346,0.126907,0.027362,-2.948816,-0.594793,-0.277670
0.159773,0.109073,0.037669,-2.871955,-1.257379,0.607920
0.162501,0.097056,0.031862,-2.779649,-0.747968,0.336702
0.159888,0.072090,0.033595,-2.525516,-0.891040,1.132172
0.184063,0.075340,0.017905,-2.431038,0.828361,0.602918
0.154741,0.047423,0.051232,-2.908557,-0.897746,0.919775
0.157114,0.061783,0.025705,-2.749841,-1.171173,1.832779
0.136796,0.051687,0.053776,-3.108392,-1.776375,2.091960
0.133671,0.048788,0.056166,-3.166012,-1.956637,2.106249
0.112798,0.037720,0.075059,-3.345466,-1.782202,2.413124
0.110107,0.052363,0.057311,-3.367120,-1.194012,2.813059
0.084205,0.053525,0.086689,-3.667926,-1.855755,2.691526
0.075257,0.054851,0.069473,-3.218465,-1.704864,2.654930
0.047579,0.051887,0.098450,-3.558014,-1.653977,2.059564
0.048065,0.070738,0.085527,-3.216410,0.402307,2.750209
0.014735,0.073246,0.094557,-3.234461,-1.180790,1.705989
0.002009,0.087777,0.082471,-2.633239,0.122771,2.182132
-0.027454,0.111315,0.086111,-3.215354,0.856192,2.216577
-0.038647,0.129490,0.086489,-3.083997,0.395420,1.874773
-0.074465,0.136387,0.081775,-2.904346,0.054299,1.169925
-0.088832,0.160480,0.092157,-3.347232,0.341637,1.357483
-0.120921,0.185354,0.081903,-2.955476,0.362757,1.015629
-0.134284,0.214663,0.078447,-2.764951,1.266517,1.115782
-0.163846,0.239573,0.082130,-2.679033,0.604252,0.894722
-0.161194,0.257000,0.085028,-2.722407,1.134651,0.486173
-0.178814,0.274200,0.081631,-2.534333,0.517054,0.362365
-0.185648,0.299110,0.086118,-2.501476,1.012029,0.291146
-0.184187,0.333159,0.076645,-2.078015,2.203574,0.377198
-0.190250,0.344474,0.061007,-1.988795,2.793395,0.533586
-0.203229,0.384139,0.074009,-1.995350,0.867060,0.945968
-0.192987,0.388882,0.068672,-1.845878,0.927549,0.731329
-0.195548,0.417915,0.065888,-2.047650,0.094785,0.494150
-0.205812,0.432112,0.064398,-1.517378,0.364378,0.887221
-0.201860,0.468002,0.042478,-1.370870,1.000271,1.011395
-0.209846,0.486012,0.071104,-1.529225,0.670892,1.523541
-0.198160,0.505221,0.052325,-1.100089,0.480790,1.071769
-0.198190,0.514133,0.077170,-1.425523,-0.718850,1.097306
-0.179969,0.536047,0.050553,-1.332111,0.373933,1.918887
-0.165067,0.555807,0.057272,-0.949172,0.915233,1.895181
-0.154780,0.562270,0.068330,-0.708507,0.361703,2.365154
-0.144673,0.581174,0.072962,-0.708060,-0.458946,2.026105
-0.133280,0.574635,0.075407,-0.680524,-0.022149,2.395658
-0.124555,0.583639,0.083502,-0.486663,-2.357820,2.859204
-0.138112,0.592226,0.106246,-0.521651,-3.016619,2.885995
-0.096819,0.602926,0.069738,-0.006577,-0.022359,3.230501
-0.099175,0.609268,0.079609,-0.433501,-0.330419,3.138615
-0.062921,0.607450,0.082432,-0.309083,-0.887488,3.594008
-0.070792,0.604177,0.094383,-0.233318,-0.875983,3.958533
-0.058604,0.601735,0.085711,-0.414141,-1.209535,4.185136
-0.050254,0.599135,0.089886,-0.048674,-0.992323,4.599846
-0.027451,0.588205,0.084516,-0.119569,-0.027995,5.129186
-0.020853,0.570108,0.079973,-0.067565,-0.493967,4.486862
-0.010802,0.542431,0.082005,-0.179420,-0.106485,4.575124
0.000788,0.552022,0.082871,-0.148395,-0.076503,5.090329
-0.011209,0.529669,0.089161,0.036462,-0.343158,5.116875
-0.000426,0.513733,0.082697,-0.280126,-0.998658,5.015950
-0.012256,0.501903,0.098522,-0.507366,-1.142937,5.317813
0.010205,0.483679,0.095811,-0.856344,-1.728738,5.403561
0.015828,0.470427,0.063259,-0.638476,-0.698210,5.457025
0.011663,0.460081,0.064615,-1.257563,-2.252677,5.611507
0.017233,0.447198,0.045114,-1.139245,-1.173520,5.193256
0.018851,0.425353,0.029978,-1.156484,-0.667401,5.725110
0.008131,0.413871,0.024316,-1.310913,-1.096425,5.331581
0.003391,0.387959,0.018168,-1.487682,-1.108665,4.732934
0.002813,0.391416,-0.005938,-1.912564,-0.836735,4.680408
0.005814,0.363312,-0.026575,-1.749174,-0.317368,4.433333
0.007218,0.360213,-0.029802,-2.188719,-0.292530,3.447462
-0.011721,0.344474,-0.046962,-1.871809,-0.202361,3.266062
-0.012637,0.354249,-0.055664,-2.090167,-0.127820,2.741511
-0.031564,0.338585,-0.046217,-2.258320,0.058012,1.806653
-0.021831,0.347392,-0.083814,-2.486981,0.061642,1.463888
-0.042041,0.329818,-0.057200,-2.891075,-1.536594,0.458342
-0.034692,0.346834,-0.078533,-2.937285,-0.121055,0.262354
-0.052561,0.366860,-0.090379,-2.762332,-0.596996,0.021593
-0.061765,0.357538,-0.104973,-2.797962,0.653078,-0.639238
-0.055263,0.374695,-0.121296,-2.287488,1.791126,-1.367690
-0.081407,0.370149,-0.114039,-3.179044,-0.469020,-1.961920
-0.064592,0.376070,-0.134902,-2.901891,0.439743,-2.386707
-0.089535,0.384152,-0.108209,-3.463739,0.120834,-3.678741
-0.071097,0.406824,-0.127595,-3.156917,0.186929,-2.905326
-0.082484,0.408005,-0.111341,-3.221318,0.003769,-3.621068
-0.064815,0.421834,-0.113750,-2.761971,0.918138,-4.244712
-0.072798,0.418279,-0.093287,-2.968521,0.335302,-4.916155
-0.042255,0.442054,-0.086040,-3.139556,1.009252,-5.250405
-0.052804,0.448143,-0.078355,-2.950596,0.679882,-5.279905
-0.030215,0.468268,-0.074965,-3.326586,0.532071,-5.058705
-0.028764,0.468396,-0.061835,-2.826930,1.203274,-5.534458
-0.019251,0.469108,-0.070878,-2.619953,1.090476,-5.808712
0.001461,0.490542,-0.059514,-3.034446,0.842117,-5.698826
0.011833,0.489561,-0.056593,-3.069390,0.840617,-5.394711
0.036225,0.504135,-0.036173,-2.910061,0.692090,-5.611559
0.048360,0.487798,-0.028485,-2.959314,0.350756,-5.274905
0.067120,0.505192,-0.033064,-2.907714,0.307923,-5.282996
0.083962,0.510693,-0.019393,-3.205562,0.185281,-5.432153
0.111452,0.517356,-0.024326,-2.750827,0.356159,-4.806664
0.116862,0.511474,0.012690,-3.141171,-0.944826,-4.563307
0.142504,0.517107,0.003269,-2.944382,-0.235632,-4.364808
0.148898,0.514901,0.027651,-2.907090,-0.869809,-3.728878
0.173142,0.513733,0.019727,-2.996464,0.192926,-3.309513
0.176645,0.521640,0.029565,-2.896012,-0.731933,-3.405991
0.199490,0.511123,0.019662,-2.443922,0.622371,-2.724185
0.208941,0.508422,0.036274,-2.611297,-0.191579,-2.882185
0.218174,0.485651,0.045228,-2.715563,-0.423276,-1.974751
0.226768,0.477852,0.052699,-2.013233,0.505802,-2.070726
0.229052,0.475794,0.071426,-2.905062,-0.193574,-1.415387
0.245057,0.483468,0.057557,-2.780395,-0.201728,-0.997684
0.248819,0.472147,0.086032,-2.822344,-0.328279,-1.218598
0.277005,0.472131,0.061772,-3.024053,0.277246,-0.742624
0.279799,0.486255,0.057938,-3.261528,0.359632,-0.375566
0.278167,0.478535,0.047818,-3.172935,0.232279,-0.258107
0.275512,0.490742,0.054377,-2.565395,0.160240,-0.161186
0.254389,0.489242,0.085153,-2.505579,-0.137641,0.398154
0.273857,0.510197,0.038325,-2.704331,0.113140,0.631013
0.257931,0.506662,0.062816,-3.031406,-1.070885,0.130957
0.261502,0.514330,0.048810,-2.947293,-0.713256,0.357793
0.244427,0.523580,0.043830,-3.020236,-1.177771,0.470009
0.249429,0.528691,0.037754,-2.805889,-0.782591,0.658854
0.225044,0.536214,0.049082,-2.462451,-1.266291,0.310108
0.217147,0.530860,0.056103,-2.221934,-1.034968,0.612791
0.201427,0.536326,0.057177,-2.190974,-1.171097,-0.162167
0.184549,0.530105,0.067930,-2.302977,-0.584378,0.127630
0.166879,0.534497,0.056146,-2.075146,-0.097208,-0.082732
0.128311,0.518472,0.089873,-2.395847,-1.230785,0.086668
0.119908,0.538594,0.098010,-2.371245,-0.723278,0.208416
0.072851,0.519007,0.108576,-2.509607,-1.040568,-0.399292
0.069207,0.520511,0.112784,-2.631661,-0.687568,-0.020426
0.030836,0.511688,0.110565,-2.523948,0.317866,-0.323386
0.020345,0.499592,0.107030,-2.723379,1.424950,-0.291786
-0.025842,0.504315,0.122684,-2.285544,0.630242,-0.419844
-0.061719,0.491750,0.107549,-2.598275,0.571818,-0.408504
-0.081604,0.485231,0.116297,-2.701872,0.616144,-0.671473
-0.115574,0.468658,0.114097,-2.871581,0.868725,-1.066157
-0.133244,0.476457,0.098440,-2.905938,1.319649,-1.016071
-0.179523,0.462369,0.114875,-3.155869,0.877643,-1.031512
-0.189692,0.466013,0.093960,-2.908308,0.544321,-0.946573
-0.224065,0.449892,0.121890,-3.270315,0.595110,-1.148006
-0.236444,0.456490,0.101571,-3.655837,0.750885,-1.198343
-0.257113,0.444946,0.095410,-3.214691,0.838086,-0.878115
-0.267817,0.444115,0.076119,-3.479278,1.956807,-0.473180
-0.286012,0.445727,0.061542,-3.149603,1.843047,-0.722793
-0.294021,0.428580,0.059845,-3.266228,1.719198,-0.703653
-0.288204,0.438752,0.036330,-3.265027,2.075467,-0.497149
-0.304804,0.426315,0.039520,-3.674475,1.592269,-0.241673
-0.285309,0.432693,0.012460,-3.470166,1.800001,0.499239
-0.291720,0.433044,0.007077,-3.704388,1.885492,0.261154
-0.271047,0.453208,-0.016662,-3.621057,1.450172,0.653540
-0.270584,0.447729,-0.014633,-3.907508,1.090082,0.597397
-0.240691,0.453890,-0.042357,-3.736986,1.736647,0.694686
-0.227371,0.466088,-0.055835,-3.525534,1.373193,1.030942
-0.214241,0.475253,-0.062869,-3.412583,1.006570,1.786396
-0.199579,0.500074,-0.065501,-3.324045,0.573193,1.667397
-0.185352,0.510125,-0.077866,-3.199277,0.891564,1.667942
-0.149173,0.530151,-0.083571,-3.207378,1.077156,1.650319
-0.134071,0.531773,-0.070412,-3.180691,0.102308,1.895140
-0.106183,0.571723,-0.071108,-3.215961,-0.341494,2.041185
-0.091829,0.575042,-0.061260,-2.707791,0.088623,2.195558
-0.061716,0.612419,-0.052490,-2.358122,-0.680695,2.288254
-0.050454,0.615938,-0.025275,-2.490339,-1.452957,2.180062
0.000309,0.636496,-0.040853,-2.046245,-0.686193,2.048404
0.009263,0.644196,0.010011,-2.146175,-1.340491,2.288136
0.035398,0.667948,-0.010025,-1.704737,-2.156984,2.380038
0.057216,0.674201,0.028445,-1.776195,-1.734249,1.780235
0.087809,0.698399,0.005252,-0.607109,-0.406887,2.188488
0.096320,0.691834,0.037032,-0.619861,-0.799312,1.572949
0.122389,0.711385,0.051866,-0.853587,-1.274658,1.699005
0.136622,0.704108,0.074350,-0.592657,-0.849875,1.448781
0.149663,0.723874,0.081670,-0.320654,-0.964189,1.613908
0.164125,0.719112,0.092985,-0.056303,-0.506850,1.379978
0.178440,0.734788,0.115023,-0.091852,-0.758948,1.532487
0.174271,0.717973,0.114721,0.224739,0.272621,0.730059
0.181480,0.725942,0.120741,-0.161318,-1.558826,0.916813
0.175204,0.708844,0.156244,-0.392365,-1.277048,0.527497
0.182343,0.705168,0.135144,-0.094061,-0.775977,0.408121
0.168957,0.688198,0.172003,-0.680321,-2.820234,0.710749
0.180265,0.690075,0.143951,-0.581759,-0.600275,0.368883
0.164900,0.679269,0.157491,-1.183203,-1.390870,0.228572
0.176842,0.672248,0.134658,-1.211593,-1.287368,0.631728
0.164368,0.656952,0.124857,-1.496423,-1.239041,0.153316
0.178726,0.648273,0.102871,-1.380757,-0.694136,0.283412
0.146804,0.624833,0.097317,-1.802346,-1.184985,-0.183140
0.156474,0.626550,0.061437,-2.133279,-0.978297,-0.221322
0.127034,0.600064,0.059363,-2.185752,-0.660170,-0.373154
0.141467,0.601840,0.017692,-2.199226,-0.856230,-0.876398
0.110996,0.565444,0.034150,-2.347005,-0.669659,-0.705097
0.111098,0.558443,-0.014978,-2.362961,-0.663734,-1.104803
0.081408,0.535843,-0.012139,-2.677526,-0.431105,-1.635117
0.084018,0.528865,-0.040440,-2.223972,1.338162,-1.516299
0.049385,0.496808,-0.020365,-2.747567,-0.307265,-1.725148
0.040194,0.480212,-0.038205,-2.564719,-0.169731,-1.347306
0.023279,0.442858,-0.025538,-3.037807,0.372942,-2.012433
0.017463,0.437216,-0.065035,-3.189170,1.021423,-1.849817
-0.030471,0.413480,-0.046289,-2.940522,0.854443,-1.557809
-0.038631,0.389893,-0.036649,-3.369602,0.317301,-1.945711
-0.070339,0.373845,-0.023404,-3.952373,-0.866005,-1.634864
-0.074829,0.354052,-0.031085,-4.478492,0.449994,-1.871695
-0.095309,0.324392,-0.008246,-4.067593,-0.447533,-1.392475
-0.095105,0.301864,-0.006175,-3.765067,0.225186,-1.837242
-0.130890,0.288186,-0.020033,-3.986031,0.027646,-1.335302
-0.111156,0.275605,-0.045285,-4.442582,1.064483,-1.044195
-0.132784,0.262170,-0.018277,-3.723524,1.552808,-1.123948
-0.131501,0.235887,-0.010271,-3.878748,-0.064893,-1.122986
-0.138860,0.232280,-0.008495,-4.168482,0.089208,-0.514806
-0.130129,0.225594,-0.015198,-4.249128,0.707888,-0.010794
-0.143081,0.209959,-0.020814,-4.342589,0.164231,-0.215506
-0.137501,0.198576,-0.009700,-3.959413,0.910402,0.396124
-0.134941,0.197092,-0.002692,-4.288698,0.627236,0.401215
-0.133211,0.188689,-0.012346,-4.321063,0.634378,0.716205
-0.127772,0.188722,-0.009513,-4.147973,0.454573,1.228331
-0.118374,0.207373,-0.022482,-4.217364,0.463902,1.477415
-0.125766,0.203910,0.000072,-4.185370,0.036374,1.812450
-0.092669,0.213222,-0.009362,-4.195690,-0.360581,2.064362
-0.098263,0.217007,0.004408,-4.359795,-1.778841,2.207033
-0.060951,0.252089,-0.031154,-4.216826,0.095235,2.920228
-0.064923,0.248617,-0.015894,-4.356024,-0.773197,3.008595
-0.044076,0.272995,-0.021753,-4.303111,-1.956411,3.691880
-0.033448,0.289315,-0.012644,-4.071289,-1.461783,3.933871
-0.003200,0.325655,-0.034010,-3.886931,-0.442088,4.200655
0.004576,0.339363,-0.025472,-4.130074,-0.700409,4.140034
0.035080,0.384972,-0.030504,-4.066693,-0.242945,4.395890
0.036383,0.406669,-0.032493,-3.464241,-0.932510,4.347504
0.065849,0.439612,-0.031111,-3.087601,-0.249110,4.646681
0.075575,0.486721,-0.025502,-2.681426,-0.219821,4.732277
0.085872,0.508904,-0.017049,-2.924044,-0.930807,4.428451
0.086371,0.553791,0.000138,-2.667804,-1.527153,4.278298
0.096881,0.592006,-0.022623,-3.322069,-0.879338,4.538234
0.099287,0.629658,0.001437,-2.843427,-1.138542,3.979625
0.099327,0.660435,0.019415,-3.152722,-1.231481,3.811353
0.111124,0.714565,0.004694,-2.709163,-0.925446,3.792150
0.090507,0.742190,0.065987,-2.468924,-1.595136,3.234161
0.107136,0.772221,0.074498,-1.856759,-0.851368,2.525896
0.097938,0.811177,0.098374,-1.532094,-0.517098,2.393678
0.110241,0.843877,0.086801,-2.243483,0.050196,2.165952
0.100259,0.886506,0.106292,-1.684438,-0.155278,1.460516
0.093560,0.894860,0.082507,-1.923226,0.480665,0.987513
0.084418,0.946046,0.093825,-1.767612,1.047512,0.420539
0.079662,0.959757,0.125087,-0.744850,1.433901,0.406490
0.060079,0.991653,0.121703,-1.297275,1.008481,-0.371465
0.042823,1.000495,0.154090,-0.466201,0.700309,-1.018772
0.046207,1.030710,0.082931,-0.949687,0.504285,-1.101395
0.015500,1.045846,0.122891,-2.087646,0.705777,-1.479864
0.026365,1.064615,0.121004,-1.572674,0.804963,-1.838612
0.000788,1.064145,0.162451,-1.415984,0.124431,-2.810506
0.008561,1.063111,0.141453,-0.845582,0.671486,-3.079348
-0.020637,1.068284,0.130992,-2.422143,0.229978,-3.001974
-0.010169,1.067818,0.138223,-1.268547,0.624800,-2.911231
-0.038811,1.050838,0.160518,-1.421544,0.002804,-3.491507
-0.019619,1.058755,0.131593,-1.635691,1.797963,-2.825546
-0.034462,1.041900,0.128291,-1.239740,1.525415,-3.239324
-0.023381,1.031347,0.102372,-2.066228,2.071948,-3.052540
-0.034551,1.008285,0.077508,-2.374689,1.001420,-3.149647
-0.040850,0.984211,0.074544,-2.219840,0.884559,-2.815232
-0.036432,0.977285,0.045189,-3.125497,0.903843,-3.071508
-0.026161,0.937548,0.014797,-2.976905,1.819210,-2.723680
-0.031751,0.913583,0.065031,-1.814232,1.036198,-3.346267
-0.031872,0.873071,0.038611,-1.876654,1.340887,-2.814386
-0.019120,0.856826,0.001999,-2.723868,1.088562,-2.383116
-0.036806,0.812408,0.011498,-3.147024,0.527370,-2.073004
-0.029246,0.786444,0.009995,-2.188768,0.489215,-2.444457
-0.042481,0.747711,0.024897,-3.320349,0.543822,-1.832912
-0.015188,0.715609,-0.015543,-3.437207,0.504413,-1.346854
-0.038191,0.656223,0.051403,-2.648996,-0.170889,-1.719417
-0.011734,0.637799,-0.005141,-4.225547,0.303873,-1.721901
-0.008793,0.605631,0.007917,-3.928037,0.757811,-0.781794
-0.011311,0.572383,0.012893,-3.898206,-0.313219,-0.399261
-0.019573,0.537087,0.017357,-4.090015,-0.692390,0.044089
-0.004776,0.508221,-0.013553,-5.286224,-0.197802,0.313784
0.001917,0.469118,0.018631,-4.060703,-0.142759,0.330647
0.016330,0.435476,0.006384,-4.554749,-0.356882,0.664849
0.011656,0.420032,-0.004999,-5.279026,0.165744,0.719643
0.019560,0.385829,0.014308,-4.099193,0.445595,0.136397
0.014381,0.379212,0.011357,-4.123791,0.187254,0.848220
0.022104,0.361697,-0.011128,-4.622643,-0.247915,0.781407
0.035017,0.374354,-0.024904,-5.148552,0.565086,0.647641
0.040299,0.348304,-0.028548,-4.177886,0.008398,0.461212
0.046388,0.362934,-0.029913,-4.427584,0.086887,-0.004901
0.051380,0.341536,-0.035083,-4.304989,0.770202,-0.420848
0.042810,0.357377,-0.016498,-4.541974,-3.578618,-0.731141
0.058648,0.362855,-0.047507,-4.222051,-0.329943,-0.674125
0.057020,0.390641,-0.033501,-4.337019,-1.846915,-0.520441
0.063516,0.393343,-0.041073,-4.326558,-1.889597,-0.598415
0.081090,0.421056,-0.049027,-4.260892,-0.783540,-1.476921
0.101218,0.422143,-0.055306,-3.891569,-0.452545,-1.685940
0.104034,0.440944,-0.054646,-4.090970,-0.404143,-2.503438
0.105557,0.454366,-0.065373,-4.248616,-0.675771,-2.364361
0.106460,0.489846,-0.044845,-3.710542,-0.302321,-2.403101
0.119767,0.513733,-0.058552,-3.829288,-0.056237,-1.754557
0.119734,0.533654,-0.021838,-3.418159,-0.803747,-3.112850
0.139008,0.532902,-0.024947,-3.257917,-0.332645,-3.623407
0.156169,0.561367,-0.025574,-3.765986,-0.796919,-4.008713
0.158512,0.572905,0.027392,-2.832372,-0.545875,-4.055918
0.151665,0.604824,0.032063,-2.190642,-0.527070,-4.090703
0.143032,0.618984,0.037915,-2.263381,-0.137668,-3.826368
0.142560,0.648011,0.039044,-3.063886,-0.436557,-3.402091
0.156822,0.648480,0.029873,-3.489641,-0.310521,-4.366894
0.163288,0.649031,0.104913,-1.582282,-0.652462,-4.750411
0.169935,0.663235,0.070618,-2.732960,-0.267130,-4.197432
0.156760,0.691418,0.098164,-2.194302,-0.734152,-4.121119
0.145376,0.685109,0.105871,-1.775535,-0.731628,-3.366838
0.130736,0.714401,0.093943,-2.573174,-0.933859,-3.101926
0.137475,0.706235,0.118506,-1.663723,-0.587047,-3.224771
0.140955,0.716568,0.142126,-1.778677,-1.000207,-3.809249
0.130031,0.690144,0.124178,-1.868087,-0.596119,-3.899851
0.138831,0.716118,0.125504,-1.783719,0.449196,-3.008147
0.099783,0.698993,0.147519,-1.749696,-0.905614,-2.662155
0.102504,0.704075,0.096356,-1.693731,-0.036191,-1.807615
0.087760,0.683730,0.143403,-1.851852,0.946869,-1.519637
0.080302,0.685086,0.107076,-2.007082,0.081914,-1.327476
0.060331,0.657096,0.124545,-2.586964,0.164156,-1.005347
0.063276,0.653568,0.121296,-2.444230,-0.071832,-0.779056
0.035884,0.625329,0.138489,-2.768095,-0.616500,-0.667860
0.038733,0.619194,0.117544,-2.410674,-0.092994,0.785154
0.010235,0.598790,0.133949,-2.473743,-0.190692,1.382269
-0.006151,0.581764,0.124020,-2.862229,-0.202722,1.707004
-0.008915,0.572022,0.115249,-2.938697,-0.634504,2.333415
-0.003239,0.548110,0.115834,-3.238577,0.211817,2.152576
-0.009663,0.516989,0.115463,-2.948396,-0.541040,2.671245
-0.014003,0.498308,0.084559,-3.064181,0.163017,3.164609
-0.038020,0.492114,0.083892,-2.939521,-0.442078,4.262903
-0.065481,0.484896,0.081404,-2.999166,-1.202848,5.345779
-0.077790,0.481565,0.077429,-2.890609,-0.811769,5.287585
-0.085130,0.461588,0.057777,-2.643858,-0.065270,5.614555
-0.094458,0.441302,0.056333,-3.069157,-0.738265,5.193848
-0.083941,0.420449,0.043128,-2.592406,0.097233,5.774315
-0.110555,0.414058,0.057098,-2.596755,-0.586154,5.561859
-0.133470,0.402346,0.048560,-2.165689,-0.424599,6.517193
-0.160406,0.416654,0.052263,-2.336067,-0.625927,6.711864
-0.168300,0.402202,0.052122,-2.454964,-0.279961,6.784193
-0.159053,0.402497,0.037459,-2.628779,-0.027690,6.688494
-0.180028,0.371278,0.046991,-2.945439,-0.135363,5.938033
-0.172882,0.386633,0.022478,-2.779328,-0.000783,5.874380
-0.221138,0.378293,0.070776,-2.963548,-0.513934,6.535312
-0.227532,0.399888,0.034213,-3.047785,0.284155,7.249094
-0.251083,0.402455,0.043676,-3.261390,0.024445,6.688824
-0.230614,0.408051,0.027559,-3.354483,0.105922,6.704173
-0.249193,0.397649,0.052771,-3.603978,0.426524,5.677846
-0.232449,0.424677,0.023584,-3.329885,0.897666,5.521464
-0.257074,0.424779,0.044592,-3.427435,1.992546,5.406863
-0.253739,0.454104,0.011242,-3.036559,1.280680,6.037042
-0.282647,0.460107,0.032978,-3.518310,0.860200,5.376425
-0.259234,0.501099,-0.015103,-3.514673,2.578149,5.395607
-0.277415,0.508399,0.019100,-3.909777,1.662270,4.582730
-0.262930,0.534077,-0.009487,-4.033449,0.884050,4.005106
-0.260967,0.534133,0.009430,-4.053055,0.544374,2.976551
-0.246632,0.576102,0.002222,-3.835147,1.031297,2.943194
-0.265198,0.606445,0.002458,-3.855584,0.378112,3.073434
-0.258892,0.638659,-0.018799,-3.627277,1.070841,2.972508
-0.252360,0.666304,-0.006693,-3.654508,0.765682,2.466595
-0.213650,0.689402,-0.000329,-4.328107,0.291294,1.549394
-0.186262,0.697346,-0.014125,-3.660909,0.698730,0.597539
-0.169557,0.724019,-0.017135,-3.712653,1.254966,0.572408
-0.166597,0.757523,-0.003713,-3.277976,0.429967,0.798801
-0.147736,0.791893,-0.008925,-3.088823,0.868153,1.164556
-0.144509,0.815251,-0.010205,-3.303146,-0.698548,0.432513
-0.106538,0.822325,-0.014489,-3.315672,-0.081128,0.091553
-0.063262,0.843762,-0.018086,-3.150208,0.358985,-1.062411
-0.042041,0.853399,-0.014023,-3.077856,0.821950,-1.308361
-0.024480,0.884356,-0.005137,-3.157764,0.530354,-1.272763
-0.015135,0.904589,0.001290,-2.649157,0.600562,-0.731367
0.000824,0.934751,-0.010415,-2.432276,0.109273,-1.230462
0.037427,0.934420,-0.001819,-2.143474,0.810169,-1.197227
0.077548,0.958772,-0.014259,-1.823308,0.760722,-1.787784
0.095319,0.947579,0.022117,-2.336757,-0.127699,-2.671964
0.139632,0.976100,0.002826,-1.889833,-0.192603,-2.630950
0.134413,0.991669,0.037157,-2.110154,0.197600,-2.334953
0.160915,1.007566,0.020394,-1.807815,0.076944,-1.997564
0.167027,1.010070,0.045809,-2.162778,-0.831730,-2.376951
0.212755,1.011071,0.034426,-1.779977,-0.031094,-2.516162
0.221506,1.013431,0.039734,-2.490549,-1.382772,-3.003811
0.258623,1.022294,0.017249,-2.421710,-0.753900,-3.204135
0.256897,1.010346,0.042376,-2.521355,-1.356500,-3.296637
0.280744,1.020531,0.027910,-2.247626,-0.891854,-2.830652
0.268008,1.006492,0.053119,-2.201754,-1.278414,-2.835930
0.296673,1.006850,0.027625,-2.379888,-0.761669,-2.611256
0.293375,0.978208,0.047871,-2.526981,-1.014269,-2.927470
0.319181,0.969302,0.030165,-2.502615,-1.001199,-3.136836
0.308799,0.949952,0.046023,-2.689432,-1.017972,-3.085978
0.322608,0.931820,0.034639,-2.444300,-0.775689,-2.848355
0.304568,0.917269,0.056612,-2.902242,-0.557449,-2.864803
0.319152,0.902669,0.038729,-2.760861,-0.258084,-2.459205
0.298502,0.867865,0.063535,-2.815753,0.278421,-2.949171
0.302716,0.842272,0.021286,-2.990878,-0.213148,-3.168126
0.292433,0.800697,0.046358,-3.232639,0.533761,-3.360125
0.298101,0.808276,0.020088,-3.364176,1.030526,-2.957606
0.274809,0.766402,0.045511,-3.342575,0.119610,-2.693277
0.276060,0.754500,0.042087,-4.231390,0.228275,-2.597407
0.263426,0.719706,0.032102,-4.137220,0.030853,-2.380283
0.262408,0.705155,0.044841,-4.365441,0.075550,-2.928723
0.252390,0.691838,0.017265,-4.468493,0.453145,-2.241790
0.232259,0.681147,0.020318,-4.394629,-0.135672,-2.258655
0.235302,0.672465,0.009880,-4.485093,2.035592,-2.070884
0.216546,0.655114,0.004329,-4.394471,0.384831,-2.729186
0.209886,0.627597,-0.009939,-4.224152,0.018914,-2.588465
0.178581,0.624453,-0.009582,-4.286637,-0.896545,-2.869015
0.164631,0.613762,-0.031361,-4.362845,0.056167,-2.392480
0.141027,0.606596,-0.029831,-4.350854,0.247103,-2.582445
0.126223,0.585415,-0.014568,-4.364877,-0.517899,-2.743327
0.115939,0.583265,-0.023319,-4.528651,-0.751940,-3.159459
0.107822,0.544220,-0.031305,-4.257052,-0.362347,-3.361190
0.075674,0.562152,-0.009464,-4.511717,-0.560357,-2.991805
0.058191,0.537156,-0.010087,-4.214853,0.412108,-2.976913
0.033570,0.539454,0.023633,-4.093117,-0.630339,-3.385606
0.029102,0.508402,0.023656,-3.820501,0.305681,-3.116965
0.015099,0.508540,0.045048,-4.231682,-0.328587,-3.707715
0.001796,0.475446,0.046400,-4.181224,0.268639,-3.916918
-0.011022,0.495354,0.056779,-4.359763,0.556903,-3.235202
-0.035621,0.482576,0.058677,-3.958842,0.685154,-3.092606
-0.050648,0.487165,0.077652,-3.867761,1.427993,-2.840341
-0.072295,0.483367,0.075525,-4.130031,-0.130512,-2.483301
-0.053520,0.486009,0.072135,-3.902467,0.962806,-2.524590
-0.072217,0.462569,0.089180,-4.302458,0.324467,-3.016730
-0.066640,0.481706,0.044746,-4.084343,0.733262,-2.944457
-0.097679,0.482152,0.086883,-4.403849,0.288022,-2.506176
-0.087102,0.509452,0.065182,-3.982292,0.265787,-1.825563
-0.096251,0.525201,0.078601,-4.114217,0.031690,-1.540483
-0.076231,0.528468,0.064926,-4.143250,1.373452,-1.880938
-0.073815,0.538781,0.064329,-4.490807,0.153737,-1.590311
-0.069367,0.543770,0.064408,-4.299576,0.552064,-1.447830
-0.078837,0.578945,0.050661,-4.319064,1.063734,-0.313049
-0.090802,0.585595,0.044841,-4.059288,0.635386,0.038753
-0.088524,0.605165,0.046141,-4.132838,0.262051,-0.056363
-0.073904,0.600002,0.051212,-4.103877,-0.257539,0.081375
-0.060971,0.620054,0.053425,-4.411530,0.165607,0.189768
-0.058778,0.623205,0.054065,-3.850798,0.092024,0.448007
-0.058348,0.665181,0.065970,-3.771668,-0.242338,1.344224
-0.071829,0.670351,0.068409,-3.800478,-0.292573,2.023321
-0.043003,0.682207,0.071639,-3.262651,0.883811,2.183658
-0.050096,0.670961,0.100679,-3.362181,-0.830545,2.167171
-0.033599,0.693600,0.088783,-3.253299,-0.756581,2.346979
-0.041946,0.704593,0.113749,-3.035427,-0.232110,3.022462
-0.048337,0.725729,0.122156,-2.856882,-2.614346,3.610110
-0.053851,0.742867,0.118886,-2.795021,-0.139050,4.039653
-0.026778,0.741885,0.116904,-2.665854,-0.095357,4.094316
-0.027333,0.743940,0.133986,-2.634290,-0.193171,4.450070
-0.024503,0.754201,0.126807,-2.294161,-0.811943,4.798061
-0.033287,0.776892,0.142753,-1.939460,-0.135396,5.158528
-0.036290,0.769832,0.142681,-1.483812,-0.381914,4.963433
-0.039208,0.791338,0.157544,-1.974110,-1.145619,4.781520
-0.019511,0.779279,0.146951,-1.483566,-0.215750,4.926551
-0.019675,0.800057,0.140715,-1.998564,-1.201532,4.900699
-0.019858,0.800450,0.130654,-2.142164,-0.066518,5.300099
-0.022281,0.831227,0.135033,-2.067059,-0.042411,5.568195
-0.037324,0.834581,0.130710,-2.271299,-0.777425,5.966548
-0.016970,0.842387,0.108228,-2.349260,-0.200005,5.387625
-0.037111,0.827406,0.107460,-2.326233,-0.040324,4.260353
-0.026351,0.847002,0.089814,-2.157004,-0.210696,4.735479
-0.050027,0.864156,0.113818,-2.703832,0.188554,4.579688
-0.060262,0.870744,0.080331,-2.287212,0.357777,4.458460
-0.077547,0.882570,0.097964,-2.344477,0.063053,5.053770
-0.058142,0.878602,0.085832,-2.108509,0.735966,4.247032
-0.075801,0.869224,0.101778,-2.588510,-0.196604,3.734686
-0.066988,0.858464,0.078519,-2.512275,0.844963,3.249657
-0.088937,0.855326,0.073539,-2.604525,1.093719,3.165160
-0.094347,0.858750,0.058624,-2.329056,2.437854,3.831649
-0.114028,0.855563,0.075535,-2.708185,0.649933,3.124326
-0.110106,0.818983,0.064598,-2.861025,0.762075,2.734977
-0.096786,0.821596,0.055253,-2.909404,1.844311,2.867899
-0.118814,0.793140,0.066768,-3.008475,0.700102,1.985623
-0.107966,0.807337,0.028281,-3.154416,2.114623,2.240799
-0.136733,0.794762,0.063755,-3.420224,0.989282,1.982665
-0.117491,0.791585,0.040292,-3.617997,1.681407,1.974541
-0.115817,0.771296,0.039592,-3.649545,0.931268,1.435870
-0.103866,0.757467,0.041500,-3.789823,0.123214,1.275691
-0.103616,0.766999,0.007523,-3.861594,1.118229,1.269346
-0.103781,0.768847,0.008166,-3.726902,0.078697,1.893466
-0.096510,0.765640,-0.018953,-3.409408,0.552445,1.293771
-0.098844,0.738271,-0.009549,-3.851911,0.141602,0.719338
-0.077465,0.729179,-0.026700,-3.775361,-0.204259,0.804770
-0.078650,0.712970,-0.018129,-3.503877,-0.890216,0.482816
-0.061654,0.721012,-0.014830,-3.497936,0.065781,0.157605
-0.068534,0.717188,-0.020893,-3.373502,-0.386240,-0.067836
-0.036740,0.700595,-0.034962,-3.569299,0.296612,-0.124405
-0.032250,0.686290,-0.020693,-3.925536,-1.477257,-0.416575
-0.028206,0.663753,-0.031236,-4.021317,-2.629265,-0.467547
-0.014538,0.677658,-0.037410,-3.754750,-0.202391,-0.396328
-0.008531,0.665696,-0.037394,-3.688984,-0.162115,-0.230026
0.008279,0.663471,-0.038349,-3.896496,0.126391,-0.244600
0.026700,0.637806,-0.022012,-3.890903,0.418354,-0.852839
0.055858,0.621577,-0.025958,-3.924715,-0.130762,-1.292938
0.043653,0.612672,-0.005679,-4.269292,-0.585852,-0.676686
0.057236,0.628060,-0.019275,-4.267408,0.413010,-0.804855
0.062111,0.642430,-0.020837,-4.556483,-0.132035,-0.602464
0.090382,0.615807,-0.038277,-4.716738,0.564787,-0.602607
0.125012,0.621955,-0.036209,-5.144223,0.008292,-1.407773
0.133530,0.604758,-0.024747,-5.228558,-0.254703,-1.359940
0.131239,0.641744,-0.040932,-5.307504,-0.328112,-0.912354
0.106702,0.657615,-0.028492,-5.613759,-1.254675,-0.962054
0.132269,0.681206,-0.046545,-5.258616,-1.323527,-0.828702
0.147254,0.673518,-0.034955,-5.406903,-0.826980,-1.866792
0.178631,0.683750,-0.030688,-5.647650,-0.761633,-2.210969
0.168819,0.715140,-0.039350,-5.298451,-1.420658,-2.060624
0.158621,0.751864,-0.064513,-4.709287,-0.348180,-1.754347
0.152371,0.784275,-0.051997,-4.878684,-0.562557,-2.078758
0.161956,0.775855,-0.055802,-4.515866,0.088059,-2.584572
0.190214,0.793383,-0.090001,-4.750347,0.500248,-3.163896
0.178860,0.799577,-0.048203,-5.517535,-0.939121,-3.340294
0.182441,0.839433,-0.060755,-4.867451,-0.148822,-2.905628
0.160974,0.878339,-0.025974,-4.824510,-0.691967,-2.788656
0.173983,0.876439,-0.027940,-4.484699,-0.000600,-3.374472
0.188806,0.870911,-0.019071,-4.494845,-0.295609,-3.735314
0.216418,0.866047,-0.009539,-4.450956,-0.148034,-3.811968
0.209039,0.897167,0.010861,-4.459149,0.125843,-3.614336
0.178548,0.912795,0.039829,-4.136475,-0.375868,-2.961535
0.177692,0.942646,0.042918,-4.149710,-0.210633,-2.688197
0.175844,0.925675,0.061956,-4.438856,-0.165473,-3.366881
0.209781,0.920240,0.072899,-4.470017,-0.473438,-3.732616
0.196457,0.923178,0.085668,-4.457898,-0.120895,-3.424812
0.181998,0.965672,0.082622,-4.086864,-0.020354,-2.645753
0.159395,0.993691,0.097455,-3.775512,-0.169389,-2.083400
0.164093,0.992683,0.101910,-3.728314,-0.197444,-2.053539
0.187096,0.988285,0.095023,-3.854924,-0.375254,-3.109506
0.197143,0.983574,0.098420,-3.557387,-0.658348,-2.736085
0.173251,1.011492,0.108445,-3.483198,-0.146741,-2.911447
0.135539,1.036707,0.114363,-2.950314,-2.168598,-1.784429
0.137853,1.077915,0.109748,-2.618443,-0.240169,-1.739727
0.138772,1.046259,0.122362,-2.823359,-1.776202,-3.055436
0.152443,1.032457,0.091343,-2.625671,-2.479500,-3.592977
0.140823,1.040124,0.117951,-2.672130,-1.032520,-2.689280
0.112732,1.069105,0.102248,-2.159656,-1.056242,-1.965270
0.071160,1.066929,0.119320,-1.979198,-0.894234,-1.748459
0.091774,1.049660,0.121443,-1.649129,0.035461,-1.741969
0.089811,0.997883,0.138827,-2.029698,-0.667759,-2.465460
0.093474,0.978700,0.142228,-2.056434,0.402572,-2.349951
0.061067,0.973566,0.161676,-1.867674,0.948389,-1.655459
0.034354,0.979091,0.166446,-2.107075,0.978775,-0.640172
0.006769,0.941001,0.193726,-2.189126,0.619220,-0.667748
0.033964,0.899843,0.188202,-3.018861,-0.054491,-0.798502
0.027333,0.856551,0.194615,-3.459465,0.496873,-0.532624
0.007238,0.845505,0.201020,-3.495772,0.719997,0.458117
-0.030868,0.854643,0.199362,-3.282936,0.628473,1.210540
-0.030927,0.840782,0.177642,-3.306359,0.767182,2.056287
-0.026870,0.798274,0.179861,-3.521244,0.053042,1.474719
0.006135,0.749198,0.158016,-3.644178,0.351619,2.059657
-0.013307,0.762459,0.150339,-3.507077,0.193215,2.671753
-0.047625,0.751821,0.135843,-2.928410,0.326315,3.200130
-0.072446,0.768906,0.123091,-3.211257,-0.310275,3.250646
-0.048255,0.714825,0.103131,-3.216023,-0.273219,2.524713
-0.016455,0.690311,0.092391,-3.880120,-0.467527,1.838408
-0.034387,0.681436,0.080291,-3.403451,-0.358773,2.481727
-0.073861,0.724971,0.074619,-3.711317,-1.022108,3.123823
-0.102556,0.736735,0.061726,-3.517286,-0.835557,3.723633
-0.091659,0.732494,0.055585,-4.162452,-0.761147,2.333700
-0.067539,0.699650,0.036130,-4.234173,-0.645884,1.710081
-0.056861,0.703980,0.014639,-4.443951,-0.851690,1.108203
-0.105071,0.728874,0.023528,-4.032822,-0.070404,1.560286
-0.127073,0.787163,0.007090,-3.594338,1.275225,1.873389
-0.139083,0.780628,0.014593,-3.597069,2.172601,1.354426
-0.104634,0.757575,-0.004533,-3.448128,1.313117,0.020027
-0.091330,0.743677,0.023774,-3.438018,1.560370,-1.074266
-0.088419,0.780286,-0.002577,-2.976143,3.757565,-1.175979
-0.135371,0.805358,0.016839,-3.137104,2.439453,-1.272822
-0.145711,0.834932,0.010159,-3.198791,1.955910,-1.919023
-0.122346,0.811000,0.033346,-3.479213,1.659608,-2.065968
-0.092558,0.808131,0.018749,-3.130165,1.573851,-2.831261
-0.114472,0.827865,0.060026,-3.383612,1.376153,-3.123199
-0.127020,0.872907,0.048636,-2.815898,1.091096,-2.705552
-0.130808,0.887767,0.081302,-2.793761,0.962051,-2.958681
-0.091616,0.871039,0.076615,-2.917384,1.131122,-3.211493
-0.070589,0.851204,0.093208,-2.824793,0.096403,-3.348150
-0.053211,0.861852,0.091819,-2.721583,0.501127,-2.778116
-0.058562,0.898924,0.092706,-2.374052,1.170676,-2.151305
-0.032322,0.900854,0.091780,-2.257240,1.707824,-2.181782
0.004028,0.877978,0.106459,-2.399478,0.319431,-2.747628
0.046637,0.827540,0.090927,-2.666008,-0.186504,-2.932697
0.061267,0.846940,0.094616,-2.580593,-0.424143,-2.050958
0.065265,0.856839,0.086282,-2.389043,0.329213,-1.663483
0.065140,0.865577,0.091580,-1.963458,-0.464930,-1.042409
0.093120,0.817680,0.080856,-1.763315,-1.222917,-1.440896
0.138687,0.798435,0.073881,-2.046534,0.230733,-1.126500
0.132614,0.755504,0.088691,-1.356880,-1.003664,-0.756001
0.098122,0.769927,0.107483,-1.414336,-2.723550,-0.210197
0.092765,0.769668,0.098053,-1.217055,-1.519912,0.684260
0.095339,0.733292,0.090986,-1.629119,-1.370621,0.050974
0.124007,0.655836,0.114856,-1.726581,-1.553318,0.173578
0.143252,0.625605,0.094974,-1.883849,-1.379887,0.312734
0.095802,0.604630,0.113756,-2.003586,-0.651533,1.049832
0.097101,0.613486,0.104545,-2.142558,-0.068710,1.727452
0.095795,0.565001,0.126328,-2.344894,0.203105,1.825397
0.127342,0.504348,0.113973,-2.956123,-0.371377,1.730139
0.134603,0.454773,0.115423,-3.101282,-0.596129,1.670278
0.122718,0.464745,0.088028,-2.766392,-0.147781,2.723685
0.086712,0.458167,0.077409,-2.403055,-0.618289,2.993281
0.078254,0.440859,0.059911,-2.508500,-1.290187,3.474700
0.091334,0.404621,0.052719,-2.961047,-1.942546,2.836017
0.092857,0.365448,0.026351,-2.601039,-1.672007,2.815686
0.075460,0.379757,0.006755,-2.017339,-0.851490,3.171023
0.018622,0.379418,0.004250,-2.040034,-0.925952,3.440270
0.007934,0.380791,-0.027205,-1.580831,-0.852665,3.439197
0.003099,0.329023,-0.010770,-2.007883,-0.965535,3.020076
0.032099,0.318336,-0.023437,-2.018268,-1.038661,3.313579
-0.013438,0.286614,0.004539,-2.058255,-1.773316,2.801689
-0.034104,0.302485,0.003709,-2.135950,-1.259507,3.865478
-0.053106,0.298201,0.020709,-2.140638,-0.993967,3.784221
-0.034537,0.262550,0.014216,-2.365928,-0.388748,4.106186
-0.038457,0.221165,0.023860,-2.607925,-1.254268,3.367461
-0.049069,0.197427,0.027290,-2.666218,-0.152215,4.141001
-0.074435,0.227396,0.026374,-2.588191,0.198845,4.358353
-0.100823,0.217985,0.037607,-2.720191,0.489439,4.428768
-0.088836,0.191171,0.012450,-2.507102,0.749756,3.844074
-0.098611,0.154762,0.046564,-2.799551,0.584745,2.891140
-0.088461,0.180210,0.029936,-3.097268,1.486624,3.676355
-0.128501,0.197299,0.024713,-2.765971,1.148963,4.121521
-0.138440,0.203575,0.025320,-2.779213,2.037696,4.015945
-0.136756,0.200325,0.004848,-2.978457,1.727827,4.178846
-0.106259,0.198008,-0.000135,-3.561401,1.225841,3.812858
-0.113595,0.213662,-0.015579,-3.405564,0.746208,4.333265
-0.123439,0.241090,-0.029821,-3.206639,1.305085,5.178010
-0.123429,0.266210,-0.024152,-3.130782,1.164646,4.976438
-0.104778,0.259724,-0.039711,-3.334631,0.073787,4.582113
-0.070851,0.257430,-0.035602,-3.217940,0.653610,4.206228
-0.083485,0.259990,-0.029253,-3.363979,-1.128632,4.650674
-0.090611,0.310802,-0.033107,-3.399863,-0.651389,5.144289
-0.109630,0.337492,-0.036488,-3.148267,-1.009339,5.978133
-0.091737,0.344030,-0.059846,-3.015959,0.299576,5.758902
-0.072131,0.314843,-0.038333,-3.550632,-0.441500,4.966516
-0.041614,0.329466,-0.047067,-3.719448,-0.192360,5.084083
-0.067427,0.367904,-0.042134,-3.567527,-0.072488,6.221345
-0.086042,0.400442,-0.030054,-3.365483,-0.791871,6.931851
-0.078394,0.408888,-0.022360,-3.729643,-0.435769,6.166456
-0.055026,0.393943,-0.019718,-3.862851,-0.328581,5.415877
-0.018503,0.407263,-0.056045,-3.795541,0.148906,4.916661
-0.054462,0.448934,-0.015671,-4.254593,0.007147,5.171912
-0.063397,0.509423,-0.009276,-4.284729,0.305209,5.837304
-0.066866,0.546980,-0.014505,-3.994828,0.015950,5.511682
-0.040259,0.556542,-0.028695,-4.117863,0.428336,4.482986
-0.024382,0.580875,-0.022839,-4.025525,-0.002474,3.059520
-0.032109,0.631648,-0.023571,-3.742668,-0.148808,2.447334
-0.045763,0.714687,-0.056727,-3.223928,0.442067,2.358080
-0.070021,0.778868,-0.043489,-3.678621,0.477957,2.550804
-0.049266,0.818980,-0.050274,-3.151091,0.618681,1.016060
-0.049781,0.840595,-0.041700,-3.467609,-0.369067,-0.362345
-0.023981,0.898133,-0.044077,-3.500880,-0.055725,-0.590521
-0.030861,0.961894,-0.053123,-3.120374,0.373076,-1.240915
-0.034291,1.004651,-0.066118,-2.442764,0.850766,-1.528697
-0.023033,1.054245,-0.044874,-2.726609,1.015951,-2.535599
-0.007326,1.053556,-0.026158,-2.349536,0.391297,-3.798083
0.010530,1.102737,-0.042304,-2.203047,0.375754,-3.919702
-0.021290,1.145862,0.014351,-2.231745,0.273920,-4.386531
-0.011426,1.193720,0.017183,-2.028037,-2.416317,-5.224614
0.010911,1.207729,0.048455,-1.930441,0.013675,-5.821483
0.037092,1.230699,0.037026,-1.763525,-0.731231,-6.202577
0.036212,1.225818,0.079609,-1.860295,-0.577741,-6.979566
0.028492,1.269449,0.072975,-1.612625,-0.350387,-7.012083
0.017400,1.313417,0.104860,-1.388809,-1.004659,-6.859789
0.050878,1.314444,0.097472,-1.268954,0.964890,-7.871429
0.094882,1.301892,0.099389,-1.149135,0.807008,-9.562958
0.118913,1.293161,0.099077,-0.916200,1.020747,-9.088809
0.079333,1.319545,0.109183,-0.564736,1.752973,-8.253324
0.098506,1.334379,0.101066,-0.519852,1.769550,-8.436898
0.111091,1.337257,0.103603,-0.642067,1.502271,-9.088327
0.133730,1.300963,0.096490,-1.120680,1.378533,-8.696827
0.164027,1.274674,0.095640,-1.339142,1.049849,-10.013944
0.171202,1.255666,0.095404,-1.110688,0.894577,-9.764813
0.160541,1.271592,0.089321,-1.060431,0.707225,-8.828067
0.155446,1.241640,0.114609,-1.232007,0.745869,-9.241868
0.199113,1.197609,0.100652,-0.985138,0.703880,-8.975070
0.211658,1.152577,0.115630,-1.597509,0.877876,-8.544780
0.226695,1.137609,0.111360,-1.668712,-0.260691,-7.934850
0.208826,1.105694,0.120757,-1.678490,0.468208,-7.639706
0.240774,1.070441,0.104995,-1.642653,1.350058,-7.367929
0.253093,0.994495,0.130352,-1.412324,-0.206698,-6.989344
0.296194,0.929559,0.110388,-1.543438,0.435692,-6.355441
0.292869,0.884688,0.130464,-1.765019,-0.792278,-5.816605
0.295676,0.851775,0.127746,-1.740417,0.495360,-5.198813
0.306413,0.820004,0.129804,-1.649529,-0.001699,-5.164734
0.328175,0.733390,0.120301,-1.720850,-0.252386,-4.929447
0.359253,0.664866,0.118046,-1.964177,-0.490303,-4.785228
0.346944,0.616302,0.118190,-2.223381,-1.146496,-3.922721
0.316611,0.607679,0.125569,-2.072281,-2.277939,-2.873529
0.303600,0.553992,0.108484,-1.626614,-1.179520,-2.631557
0.327817,0.500370,0.107155,-2.015573,-1.207756,-2.604443
0.335771,0.396861,0.124512,-2.438197,-2.071831,-3.212933
0.354100,0.363124,0.107358,-2.611759,-1.479919,-2.516283
0.316870,0.327113,0.120311,-2.170731,-1.432291,-1.450397
0.301715,0.301887,0.113359,-2.274295,-1.401160,-0.796476
0.307647,0.233091,0.109764,-2.345320,-1.620394,-1.269638
0.336673,0.156147,0.108222,-2.545273,-1.474207,-1.204388
0.324528,0.105650,0.090664,-3.248506,-2.207757,-1.122651
0.294140,0.070869,0.079080,-3.057560,-1.839664,-0.403581
0.258243,0.066123,0.074193,-3.318816,-1.263150,0.478285
0.232863,0.001898,0.060488,-3.426864,-1.369412,0.050666
0.243987,-0.057140,0.050772,-3.611343,-1.604599,0.465587
0.229426,-0.113207,0.059353,-3.764128,-0.085509,0.494339
0.191938,-0.113883,0.034797,-3.674452,-1.899615,1.828925
0.123922,-0.120658,0.045045,-4.264424,-0.735928,2.460896
0.098234,-0.146389,0.063689,-4.295361,-1.806538,2.296390
0.094942,-0.216312,0.049128,-4.678690,-1.909265,2.004070
0.104779,-0.261485,0.045468,-5.019411,-1.445663,2.486599
0.055296,-0.269911,0.044503,-4.688167,-1.864722,2.703958
0.013665,-0.272898,0.033927,-4.485040,-0.643649,3.369813
-0.020866,-0.260309,0.025360,-4.680512,-0.959934,3.500929
-0.038030,-0.314155,0.032013,-4.893785,-1.561113,3.487393
-0.036510,-0.327616,0.023515,-4.864125,-0.811841,3.370457
-0.102372,-0.319945,0.024756,-4.973220,-2.606140,3.512697
-0.158105,-0.269792,0.003279,-4.352968,-1.450935,4.290157
-0.208211,-0.271542,0.006220,-4.230631,-0.807794,4.194939
-0.215646,-0.268397,-0.015191,-4.430821,-0.482849,3.446572
-0.238495,-0.280743,-0.016137,-4.284483,-0.817687,3.412241
-0.270154,-0.230702,-0.031718,-4.474608,-0.008914,3.740254
-0.331624,-0.188407,-0.013347,-4.178011,0.428576,3.966826
-0.353416,-0.134493,-0.030383,-4.450568,-0.208486,4.252713
-0.358635,-0.137027,-0.021156,-4.972777,-0.330186,3.640715
-0.336433,-0.110811,-0.050038,-4.651959,0.434445,3.914634
-0.377585,-0.073650,-0.030662,-4.620080,0.368832,4.491643
-0.398041,0.019026,-0.061214,-3.958878,1.379108,5.551115
-0.434752,0.065154,-0.049913,-4.071279,1.755613,5.186195
-0.404127,0.106214,-0.076563,-4.011670,1.470625,5.252283
-0.386569,0.115717,-0.039245,-3.996370,1.066446,4.224742
-0.385322,0.194272,-0.058648,-3.395290,1.614235,5.275578
-0.442367,0.282442,-0.031200,-2.843227,1.908955,6.572878
-0.448853,0.368646,-0.026283,-2.636552,1.555972,7.189591
-0.436203,0.411252,-0.024776,-2.763615,1.677875,6.564771
-0.383132,0.433654,-0.018914,-3.058092,1.368853,6.390166
-0.371280,0.487427,-0.013386,-3.067618,0.506176,6.453162
-0.381373,0.576148,0.003279,-2.897161,1.251834,7.471839
-0.402184,0.676657,0.015375,-2.297913,0.770205,8.489278
-0.371237,0.728437,0.024884,-2.074559,0.457724,8.881470
-0.317953,0.759472,0.044152,-2.094664,0.129985,7.657672
-0.272478,0.787294,0.041162,-1.853648,-0.356167,7.767210
-0.255472,0.879485,0.046797,-1.256503,1.340411,8.329553
-0.277579,0.955175,0.071839,-0.823691,-0.229927,8.996694
-0.257766,1.031186,0.071800,-0.616576,-0.203195,8.813014
-0.227410,1.039691,0.076257,-0.278918,-0.589259,8.169417
-0.189475,1.092830,0.082267,-0.417089,-1.032969,7.777962
-0.199332,1.137288,0.084408,0.184198,-0.828625,7.915489
-0.200327,1.229869,0.079865,0.435179,-0.360431,7.555030
-0.206528,1.272081,0.103393,0.486753,-0.188313,6.864824
-0.167526,1.297504,0.095355,0.570485,-0.009932,5.926152
-0.153848,1.311654,0.125162,0.138207,-0.722356,5.842197
-0.147398,1.356876,0.132115,0.155214,-1.016951,5.590318
-0.159526,1.405827,0.134754,0.562581,0.045548,5.801634
-0.146114,1.435320,0.150798,0.420858,-1.321473,5.103987
-0.111028,1.440694,0.141906,0.241141,0.032736,3.825143
-0.070050,1.419144,0.140511,0.173684,0.010669,3.378985
-0.073467,1.439673,0.140918,0.292036,-0.991631,2.882653
-0.099015,1.471903,0.123396,0.896726,0.713599,2.574231
-0.101808,1.503454,0.097944,1.170747,1.105890,1.787548
-0.089676,1.475359,0.107073,0.280124,1.149770,0.595144
-0.032188,1.455524,0.067995,0.329665,0.790366,-0.538744
-0.038234,1.440044,0.092427,-0.068849,-1.026099,-1.398017
-0.034449,1.467820,0.066863,0.333004,1.143677,-0.867306
-0.062077,1.479866,0.069164,0.508489,0.620519,-1.559216
-0.023519,1.446553,0.054905,0.316539,0.962769,-2.288464
0.013675,1.384219,0.055250,-0.086134,-0.980254,-3.262910
0.054462,1.338226,0.034826,-0.491082,-0.107174,-3.432463
0.055381,1.328749,0.024464,-0.157064,0.885287,-3.782348
0.043545,1.297175,0.024208,-0.168668,0.292899,-3.773689
0.054833,1.245625,0.033126,-0.426864,-1.575550,-4.371820
0.105051,1.164289,0.022498,-0.629512,0.262277,-4.549283
0.123548,1.102868,0.013901,-0.888319,-0.068520,-4.584246
0.109483,1.052768,0.014695,-0.897418,0.151223,-4.551346
0.098276,1.026332,-0.010399,-0.379131,-0.063068,-4.452432
0.109039,0.952700,0.026716,-1.052172,0.289925,-4.486102
0.156382,0.862223,-0.003860,-1.354652,-0.008849,-4.648620
0.163137,0.768670,0.035864,-1.753750,-1.277340,-4.603760
0.170726,0.713380,0.023998,-1.912824,-0.819076,-4.274357
0.150864,0.665644,0.027067,-1.906784,-0.802513,-3.905482
0.187257,0.597816,0.030897,-2.474590,-0.700058,-3.809545
0.228661,0.497150,0.044060,-3.223826,-0.691812,-3.913543
0.269193,0.392118,0.038568,-3.765983,-1.799730,-3.721173
0.258194,0.350710,0.033412,-3.800429,-1.448020,-2.745287
0.240623,0.314613,0.019606,-3.593760,-0.606482,-2.189301
0.235610,0.263591,0.005669,-3.851365,-1.068058,-2.234716
0.256657,0.171243,-0.008797,-4.362904,-1.266941,-2.390801
0.269469,0.088460,-0.016432,-4.882658,-2.592987,-2.923992
0.258204,0.049015,-0.038526,-5.007463,-1.223423,-2.392630
0.212824,0.047606,-0.044428,-4.926561,-1.339647,-1.594401
0.201273,0.001741,-0.053035,-4.871294,-1.229364,-1.210473
0.204808,-0.073781,-0.054157,-5.564611,-2.148945,-2.165793
0.234458,-0.166025,-0.069079,-5.667121,-1.899966,-1.953772
0.238112,-0.191224,-0.079055,-6.112614,-1.346159,-1.557535
0.195841,-0.210574,-0.075966,-6.078473,-1.125182,-0.652918
0.187497,-0.221714,-0.076432,-6.064900,-0.721974,-0.311052
0.209827,-0.293521,-0.083410,-6.908100,-1.692795,-0.397215
0.235236,-0.345755,-0.082885,-7.655547,-1.327062,-0.792199
0.221165,-0.366677,-0.069828,-7.563464,-1.434710,-0.341543
0.192942,-0.325059,-0.091465,-7.467877,-1.482220,0.756536
0.154879,-0.312566,-0.077853,-7.424443,-1.063413,1.278181
0.163026,-0.320299,-0.104421,-7.477517,-0.928906,0.771024
0.177699,-0.345830,-0.093120,-7.688565,-0.857864,0.084473
0.182317,-0.306694,-0.097669,-7.788646,-0.747127,0.209829
0.138638,-0.250869,-0.080610,-7.545457,-0.822561,0.621482
0.121740,-0.176348,-0.090205,-7.323190,-0.730620,0.673822
0.110261,-0.147607,-0.071104,-7.076965,-0.814972,0.754911
0.142918,-0.103793,-0.082521,-7.480389,-0.871581,-0.572344
0.137019,-0.057015,-0.077600,-7.040592,-0.947547,-0.635587
0.115408,0.052704,-0.090415,-7.021836,-0.312096,-0.890310
0.074118,0.151594,-0.077837,-6.304131,-0.707735,-0.869889
0.076872,0.234285,-0.069906,-6.034495,-0.527785,-1.702967
0.071406,0.279222,-0.044618,-5.972431,-1.001904,-2.960919
0.080128,0.376681,-0.048850,-5.560938,-0.775912,-3.107826
0.032726,0.492538,-0.014630,-5.045710,-1.004819,-3.091308
0.012165,0.601213,-0.010675,-4.369177,0.137492,-3.610891
0.003273,0.689419,0.016763,-3.787076,0.367151,-4.611722
0.028978,0.739473,0.044060,-3.766587,0.958135,-5.522448
0.037065,0.812504,0.070556,-3.026423,1.346280,-6.481266
0.022055,0.905715,0.085130,-2.209123,2.026765,-5.588782
-0.000903,1.025130,0.128458,-2.067656,2.571233,-5.823948
-0.011771,1.091580,0.159730,-1.777817,1.819558,-5.867307
0.016002,1.139631,0.183455,-1.732562,2.760052,-7.236580
0.038677,1.181167,0.209793,-1.743463,2.494023,-7.225795
0.038283,1.277199,0.225214,-1.450469,2.238604,-7.209154
0.000351,1.359148,0.244817,-0.486651,2.376289,-6.737437
-0.022330,1.446848,0.269035,-0.482669,1.124800,-6.907272
-0.016816,1.492523,0.284656,-0.339243,1.265528,-6.922500
0.012191,1.518057,0.271267,0.387636,1.240719,-7.051677
0.001500,1.571118,0.302729,-0.025298,-0.111704,-6.921306
-0.005032,1.646240,0.312813,0.680827,-0.194402,-6.826478
-0.025422,1.680643,0.332442,1.004672,-0.190791,-6.278292
0.001907,1.706988,0.327580,1.500823,1.830797,-6.096123
0.006703,1.701129,0.339095,1.261329,-0.952018,-6.175660
0.019291,1.729197,0.330728,0.906993,0.564061,-5.346346
-0.015112,1.738473,0.340205,1.489935,1.211936,-4.804041
-0.029086,1.739005,0.363599,1.771423,0.176238,-4.624601
-0.050612,1.720256,0.356837,1.741363,-0.484546,-4.906710
-0.017594,1.675762,0.340349,1.570262,0.815581,-4.630675
-0.025846,1.646729,0.344436,1.558928,0.853733,-3.866539
-0.042173,1.645134,0.345529,1.887595,1.312844,-2.785439
-0.067461,1.616376,0.340927,2.198646,1.815271,-2.054640
-0.054200,1.557424,0.327580,2.120521,2.577775,-1.910953
-0.012368,1.473433,0.314566,2.010799,2.758312,-2.246118
0.010238,1.398993,0.310197,1.550565,1.763563,-1.102679
-0.010927,1.358337,0.294375,1.836688,2.639547,-0.247977
-0.028603,1.314763,0.278222,1.873681,2.428657,1.246307
-0.025449,1.249813,0.260038,1.489466,3.075970,2.263914
0.012920,1.117915,0.260025,1.566869,1.133903,2.179387
0.038552,1.027533,0.248497,0.906676,0.846338,1.872163
0.024563,0.948196,0.238912,0.912128,0.442414,3.546536
0.001769,0.902291,0.221170,1.145765,0.344059,4.957565
-0.013622,0.821665,0.205080,0.828741,-0.020120,6.263498
0.011085,0.708939,0.198032,0.231098,-1.163722,6.330048
0.039747,0.575987,0.194891,-0.043196,-1.613321,6.782105
0.042327,0.491514,0.177918,-0.635387,-2.120743,7.783372
0.008479,0.410185,0.190893,-0.766606,-1.930772,8.829942
0.002075,0.335503,0.157675,-1.021878,-1.494916,9.989813
-0.007221,0.213274,0.186836,-1.740065,-3.451289,9.895891
0.030478,0.088030,0.145123,-2.166483,-2.841651,10.201079
0.016964,-0.011586,0.151819,-2.729221,-3.281987,10.502077
0.004422,-0.070598,0.109853,-3.295835,-0.646993,11.810605
-0.039973,-0.146369,0.114448,-3.149586,-2.632113,11.581498
-0.037544,-0.245000,0.069473,-3.829675,-1.176516,11.797583
-0.040278,-0.347186,0.051846,-4.389186,-2.173599,11.364654
-0.074261,-0.436117,0.025567,-4.601313,-1.582311,10.920091
-0.107788,-0.461743,-0.006194,-4.821430,-1.004976,11.294709
-0.153578,-0.520627,-0.023923,-4.912423,-1.191606,10.810415
-0.183238,-0.572243,-0.051216,-5.204947,-1.163616,10.232479
-0.186888,-0.652581,-0.085271,-6.047247,-1.218091,9.584815
-0.215321,-0.682812,-0.103660,-6.086774,-0.894876,9.201072
-0.265293,-0.705198,-0.132752,-6.257862,0.232267,9.418277
-0.302177,-0.698190,-0.173733,-6.338764,0.903650,8.852233
-0.323681,-0.741115,-0.194902,-6.828461,-0.193482,8.318486
-0.325689,-0.770154,-0.213060,-7.233015,0.505083,7.638998
-0.338182,-0.780642,-0.246636,-7.795632,1.668156,7.775692
-0.376216,-0.752226,-0.252843,-7.710984,0.883178,7.179163
-0.395100,-0.735452,-0.270851,-7.487782,1.310403,6.908752
-0.392284,-0.724299,-0.284233,-8.080905,1.181354,5.703214
-0.373534,-0.733171,-0.299572,-8.453452,1.218915,5.280485
-0.374664,-0.694632,-0.305667,-8.334221,1.038184,5.275929
-0.384898,-0.638794,-0.313811,-8.014114,1.268306,5.131642
-0.386109,-0.547861,-0.314510,-7.727508,0.919498,4.876723
-0.362082,-0.516546,-0.317064,-7.707515,0.725148,4.290397
-0.319223,-0.473195,-0.307637,-8.103144,0.022732,2.935728
-0.283113,-0.411334,-0.323012,-7.327290,1.829622,3.278047
-0.285775,-0.289034,-0.320543,-6.691988,3.172963,3.740557
-0.294438,-0.191381,-0.284509,-6.468388,0.391228,3.664377
-0.243297,-0.103294,-0.267755,-6.250483,1.109203,2.813056
-0.186911,-0.054760,-0.278170,-5.877155,2.061963,2.530654
-0.145149,0.040615,-0.230385,-6.073120,0.023192,1.813956
-0.136428,0.148341,-0.219221,-5.221337,0.448697,2.301144
-0.129761,0.295034,-0.186354,-4.783073,0.137371,2.474520
-0.095138,0.373789,-0.161828,-4.341988,0.433575,2.131035
-0.019448,0.449019,-0.130231,-3.966793,-0.061578,0.575898
0.043302,0.521591,-0.106246,-3.703223,0.727123,0.529809
0.062751,0.648227,-0.076642,-3.248746,-0.194490,1.051620
0.063171,0.762821,-0.052907,-2.513785,0.458387,1.364132
0.087119,0.874702,-0.029785,-2.099798,-0.054182,1.077098
0.143302,0.931528,0.010293,-2.012915,-0.562813,-0.012577
0.209791,1.000581,0.027044,-1.825770,-1.347325,-0.312825
0.219192,1.094048,0.051803,-1.647606,-0.701108,-0.506126
0.223491,1.218193,0.057406,-0.975678,-0.738308,0.187067
0.220711,1.308139,0.096828,-0.927557,-0.846750,-0.103198
0.283780,1.370459,0.099251,-0.370787,-0.677042,-0.797742
0.318748,1.403710,0.152167,-0.821774,-2.016907,-1.747122
0.357737,1.485075,0.126928,-0.015329,-0.992067,-1.949751
0.320514,1.585032,0.174435,0.008023,-2.427271,-1.488581
0.313079,1.677544,0.171264,0.457831,-3.166656,-1.562671
0.333752,1.714872,0.192571,0.240731,-1.981890,-2.645905
0.377438,1.751127,0.162444,-0.043699,-2.031097,-3.354364
0.381954,1.776887,0.199634,-0.177770,-1.944362,-4.274090
0.355360,1.861932,0.184259,0.513492,-2.952159,-4.249819
0.301623,1.919401,0.204817,0.747293,-1.002322,-4.429321
0.307811,1.956030,0.197067,0.730562,-1.180299,-5.105875
0.319624,1.943773,0.197757,0.745452,-1.398732,-6.898263
0.341994,1.954654,0.212843,0.139051,-0.548150,-7.645631
0.293276,1.982483,0.203012,1.089333,-0.237218,-8.127140
0.257464,2.025132,0.177379,1.466212,1.600136,-7.952841
0.224233,2.049652,0.189029,1.635891,0.157712,-8.896487
0.223600,1.991182,0.180288,1.703802,1.121957,-10.445117
0.242332,1.977149,0.166387,1.592002,3.106234,-10.705227
0.186088,1.959739,0.176122,1.669898,0.610800,-11.365542
0.147841,1.972885,0.164840,1.760112,0.561238,-11.637220
0.112558,1.930282,0.179093,1.794827,0.222385,-12.529196
0.138932,1.876795,0.146991,2.008688,2.027605,-12.616098
0.130057,1.788688,0.170962,1.702400,1.533907,-12.848375
0.114636,1.749926,0.168934,1.584134,0.889649,-12.645598
0.060433,1.693290,0.193421,1.825196,0.904690,-12.751772
0.069460,1.644087,0.188914,1.682135,2.864029,-12.591857
0.081178,1.528630,0.206452,1.789008,1.814503,-12.926303
0.107004,1.410052,0.216585,1.287363,2.582098,-12.621057
0.073097,1.330820,0.235121,1.129940,1.206612,-11.985582
0.044329,1.260248,0.238324,1.350920,1.788342,-10.923867
0.012664,1.188451,0.252212,1.477206,1.567365,-10.214482
0.026742,1.026187,0.271300,0.661149,0.125725,-10.237298
0.079612,0.891824,0.248113,0.162553,0.193691,-9.951113
0.054820,0.763612,0.286268,-0.533212,-1.611433,-9.077149
0.040427,0.711523,0.252649,-0.000869,0.941874,-7.035291
-0.006532,0.607591,0.304922,-0.841839,-1.521780,-5.801670
0.037840,0.472259,0.270052,-1.120124,-0.219903,-4.980510
0.081382,0.301109,0.262677,-1.545220,-0.375451,-4.818669
0.098936,0.159196,0.261364,-2.096728,-0.147049,-4.253355
0.071216,0.084495,0.226252,-1.824381,0.887829,-2.595700
0.032664,0.001002,0.216148,-2.071844,-0.082043,-0.575440
0.032792,-0.120888,0.199277,-2.689894,-0.481667,0.076080
0.069523,-0.287284,0.186121,-3.259246,-1.141870,0.973640
0.070406,-0.422879,0.166954,-3.756571,-1.017817,1.519423
0.035746,-0.507136,0.152046,-4.123216,-1.551449,3.813304
-0.013641,-0.565970,0.144040,-4.886413,-4.304148,5.025247
-0.003049,-0.677727,0.112144,-5.364660,-3.357243,5.849587
0.049208,-0.805503,0.074504,-6.132081,-1.108261,6.627501
0.040352,-0.916338,0.061884,-6.678220,-2.195811,8.039891
0.021937,-0.940139,0.024795,-6.919489,-2.068131,9.519713
-0.042963,-0.986848,0.009204,-7.066276,-1.697760,10.446811
-0.040738,-1.028732,-0.031932,-7.528870,-2.973674,10.813706
-0.016753,-1.148531,-0.037371,-8.308715,-2.397704,10.671848
0.016922,-1.190747,-0.072749,-8.451813,-2.681579,11.243831
-0.045093,-1.190625,-0.078999,-8.740914,-2.346377,12.710312
-0.103061,-1.147468,-0.105252,-8.907931,-2.645381,13.311942
-0.115029,-1.130589,-0.119140,-8.773128,-3.707230,13.675137
-0.076490,-1.168603,-0.156346,-9.195824,-2.196399,13.289927
-0.067864,-1.170241,-0.157672,-9.287420,-3.046081,12.533302
-0.107637,-1.103000,-0.194426,-9.006178,-3.126343,13.023198
-0.158528,-0.988988,-0.197058,-8.741190,-2.081031,13.804994
-0.187397,-0.918645,-0.192164,-8.374614,-2.338785,13.595616
-0.162500,-0.872333,-0.195844,-8.745710,-2.185324,11.577559
-0.157980,-0.826675,-0.210024,-8.471978,-1.944712,10.794299
-0.183294,-0.698883,-0.197383,-7.787022,-1.078289,10.016749
-0.245024,-0.567664,-0.177856,-6.967233,-0.638991,9.198444
-0.223438,-0.424471,-0.205701,-5.450487,6.213798,8.645387
-0.242001,-0.367550,-0.148767,-5.903496,0.255178,7.205278
-0.214300,-0.255629,-0.119740,-5.462547,0.137601,5.679521
-0.249229,-0.115977,-0.090464,-5.084525,0.198572,5.886177
-0.283609,0.053272,-0.066890,-3.699208,1.087456,5.038674
-0.295669,0.189867,-0.025623,-3.647090,1.586948,4.223797
-0.253456,0.298421,-0.006303,-3.315944,1.362265,2.584677
-0.219871,0.379382,0.047152,-2.770987,1.272904,0.503019
-0.221748,0.529774,0.065297,-1.864115,1.392237,0.205184
-0.272980,0.704328,0.115532,-1.264916,1.567772,0.524986
-0.267417,0.878189,0.125415,-0.454400,2.199461,0.493527
-0.246110,0.969368,0.187965,-0.324573,1.793633,-1.572296
-0.188080,1.065672,0.183534,-0.071028,1.416337,-3.271084
-0.191625,1.171862,0.240340,0.102422,-0.214841,-4.477208
-0.192170,1.343136,0.244262,0.998344,1.267504,-3.315126
-0.220698,1.495681,0.266983,1.437997,0.902156,-3.449492
-0.202064,1.585045,0.281610,1.906207,0.068617,-4.399224
-0.161778,1.664454,0.273072,2.169294,0.336273,-5.751826
-0.118112,1.729072,0.286698,2.525875,-0.088780,-5.788127
-0.118634,1.831767,0.300507,2.729803,-0.301511,-6.295827
-0.138073,1.924121,0.305135,3.639770,-0.704687,-6.073831
-0.135424,1.999594,0.314024,3.736953,-0.824732,-6.704605
-0.110372,2.015114,0.315964,4.024830,-0.098614,-6.808596
-0.073894,2.034996,0.314290,4.034428,0.005827,-7.034362
-0.079340,2.072228,0.322699,4.138169,0.015162,-7.168569
-0.078483,2.111467,0.319919,4.178188,0.936578,-6.490086
-0.074945,2.127193,0.302880,4.574093,2.206212,-6.405387
-0.041881,2.089415,0.295360,4.176918,2.101995,-6.336408
0.008022,2.049809,0.296578,3.821473,1.921359,-6.295328
0.012913,2.023051,0.283533,3.906590,2.053677,-5.225334
0.021569,2.029826,0.251599,4.276051,2.326113,-4.270460
0.011475,1.982037,0.278121,3.635992,0.064766,-4.675489
0.090769,1.915932,0.222854,3.604199,2.284554,-4.339674
0.138992,1.823734,0.208989,3.420628,1.756285,-3.875791
0.163777,1.757432,0.178010,3.397930,1.827563,-2.803479
0.141614,1.731652,0.165618,3.708715,-0.025842,-1.183192
0.136513,1.667838,0.139933,3.681376,-1.380193,-0.637114
0.195397,1.566618,0.115798,3.521314,-0.148277,-0.252026
0.225129,1.435698,0.123580,2.850853,-1.425290,0.512313
0.266255,1.343107,0.112456,2.452602,-2.105621,1.069837
0.235098,1.272695,0.121476,2.231467,-2.580793,2.644332
0.212755,1.186373,0.118663,2.287551,-2.290380,3.434866
0.235200,1.059556,0.126324,1.791775,-4.179518,3.929916
0.279007,0.893793,0.118962,0.894623,-2.996570,3.880660
0.291333,0.755491,0.116884,0.442073,-3.597085,4.452654
0.243731,0.653624,0.123377,0.411622,-3.287673,5.037911
0.200331,0.572623,0.123045,-0.214372,-2.894374,5.709404
0.177465,0.442628,0.136106,-0.766077,-3.966438,5.828446
0.198394,0.307461,0.122097,-1.370591,-3.394007,5.724678
0.173402,0.170737,0.141637,-2.352768,-3.283697,6.065916
0.129637,0.088729,0.120761,-2.891541,-3.891621,6.216840
0.074492,0.017474,0.103626,-3.189501,-2.673961,6.003409
0.060410,-0.094070,0.075473,-3.525678,-1.273000,5.792163
0.052332,-0.225535,0.050513,-3.969615,-1.540598,5.315561
0.028873,-0.332490,0.032525,-4.595188,-1.109784,5.277683
-0.029843,-0.382728,-0.011541,-4.690215,-0.617182,5.187914
-0.091694,-0.435234,-0.057541,-4.655369,-0.062332,5.045916
-0.116362,-0.507086,-0.099796,-5.170931,0.172507,4.196992
-0.133943,-0.636628,-0.118263,-6.122510,-0.475309,3.071524
-0.161666,-0.696139,-0.166295,-6.223898,-0.246047,2.967389
-0.239141,-0.734825,-0.180275,-6.593484,0.109143,3.618017
-0.290157,-0.732324,-0.235184,-6.685419,0.902843,3.892921
-0.326336,-0.774852,-0.219763,-7.555538,0.269201,3.254512
-0.316984,-0.845217,-0.264529,-8.420916,-0.223047,2.682273
-0.325378,-0.909110,-0.277212,-8.599586,-0.725210,1.709664
-0.340007,-0.895258,-0.301896,-8.775430,0.429453,2.587539
-0.391624,-0.861964,-0.311615,-8.711714,0.326102,2.821411
-0.372832,-0.868897,-0.324069,-9.050002,0.641226,3.197313
-0.350213,-0.891470,-0.343045,-9.612074,0.184560,2.505468
-0.307951,-0.909002,-0.352774,-9.827500,0.436106,2.009466
-0.304922,-0.858980,-0.369252,-9.603080,0.602884,2.213341
-0.344636,-0.785487,-0.342332,-9.638691,-0.338838,2.978453
-0.312258,-0.706895,-0.360103,-9.160450,1.011862,2.688084
-0.286556,-0.685044,-0.330755,-9.498111,0.080822,1.655157
-0.224929,-0.633598,-0.341456,-9.088039,0.066041,1.293337
-0.221909,-0.530480,-0.318797,-8.539895,0.428786,1.559262
-0.213355,-0.398697,-0.303235,-8.118493,0.413356,2.100604
-0.201062,-0.283135,-0.285832,-7.384447,0.335526,2.050056
-0.156303,-0.222161,-0.250962,-7.538430,-1.260560,0.405882
-0.086731,-0.127029,-0.228822,-7.065040,-0.047489,0.170196
-0.052427,-0.023718,-0.196133,-6.410128,0.324766,0.606517
-0.043347,0.145413,-0.160731,-5.653184,0.167133,1.046817
-0.020604,0.263588,-0.120216,-5.031799,-0.455939,1.204143
0.044599,0.355677,-0.074239,-4.941755,-0.893528,-0.004071
0.108488,0.429833,-0.033790,-4.522273,-1.613888,-0.899681
0.164227,0.550010,-0.016084,-3.836355,-1.609454,-0.360696
0.141207,0.676752,0.051101,-3.365246,-0.326999,-0.330073
0.170388,0.826943,0.068137,-2.461693,0.205380,0.100850
0.203810,0.906352,0.132545,-2.218711,-0.537715,-1.054310
0.287401,0.994961,0.156821,-2.032951,-0.860618,-1.520427
0.303987,1.063791,0.202815,-1.594030,-0.830935,-2.473631
0.326557,1.219129,0.229646,-1.028564,-0.104148,-1.460145
0.319237,1.363999,0.272360,-0.131307,-0.992054,-0.227494
0.343550,1.443615,0.296328,-0.218554,-0.653260,-0.899226
0.396532,1.496308,0.323740,0.017844,-1.231376,-2.312093
0.435133,1.544809,0.339719,0.302218,-1.427939,-3.107438
0.428329,1.683029,0.358468,0.413341,-1.163883,-2.507939
0.383920,1.779638,0.370426,0.993381,-1.357061,-2.526251
0.398596,1.893122,0.359834,1.741320,-1.680545,-2.434417
0.397428,1.929573,0.390623,1.273875,-2.872629,-4.190811
0.426310,1.972137,0.378760,1.422993,-3.242215,-5.177227
0.398967,2.040750,0.383986,1.442372,-1.908951,-5.961289
0.363612,2.125870,0.360310,2.056234,-1.075497,-5.805155
0.330866,2.207182,0.352058,2.463676,-0.727844,-6.400877
0.339115,2.225498,0.353942,2.566377,-0.176359,-7.225796
0.352261,2.232106,0.339509,2.177087,-0.081979,-8.820559
0.325624,2.248741,0.340848,2.485944,0.026142,-9.376464
0.284272,2.293632,0.309169,3.339473,0.964256,-9.749744
0.246215,2.317988,0.322286,3.328004,1.114263,-10.023277
0.250223,2.292470,0.293043,3.144404,1.845935,-11.333590
0.250463,2.245620,0.282493,3.383389,1.895707,-11.774680
0.228001,2.190701,0.284045,3.242428,1.526590,-12.613237
0.191615,2.184002,0.272252,3.818821,1.838343,-12.289274
0.149981,2.155326,0.258712,3.893040,2.188956,-11.745383
0.135266,2.072996,0.264387,3.484557,2.518779,-12.510692
0.132164,1.977546,0.270210,3.427101,2.465013,-12.317611
0.112348,1.897077,0.285821,2.989034,-2.098882,-11.710963
0.065409,1.825346,0.293515,2.815294,0.560421,-10.719971
0.020630,1.735178,0.294795,3.208852,0.515192,-10.873769
0.014101,1.622505,0.315511,2.016861,-0.577968,-10.467581
0.047290,1.490587,0.306346,1.514688,0.615714,-9.374031
0.032138,1.342680,0.315813,1.153196,-0.034898,-8.386074
0.006503,1.238023,0.317743,1.111706,-0.404550,-7.329190
-0.030175,1.124181,0.304285,1.091644,0.289515,-6.188436
-0.014544,0.977046,0.311858,0.684530,-0.161541,-5.936864
0.015726,0.798425,0.292478,0.191058,0.012228,-5.631630
0.015408,0.627912,0.281699,0.000129,-0.134947,-4.471570
0.002127,0.533788,0.243773,-0.284406,1.836725,-3.085136
-0.059789,0.412374,0.242191,-0.107814,0.063188,-1.569032
-0.067775,0.276918,0.206242,-0.234237,0.305852,-0.354771
-0.043374,0.073764,0.210371,-0.879899,-0.001958,-0.167553
-0.038260,-0.102979,0.179145,-1.552936,-1.214501,0.704308
-0.074780,-0.218048,0.195794,-2.237075,-1.047205,2.794970
-0.126475,-0.304563,0.166065,-2.834853,-0.857818,4.903416
-0.157796,-0.434390,0.138335,-3.335497,-1.005836,6.177483
-0.118292,-0.605021,0.133411,-4.934037,-1.153569,7.084500
-0.111244,-0.788195,0.083587,-5.688178,-2.789237,8.298102
-0.118371,-0.902775,0.055923,-6.404080,-1.940759,10.382348
-0.173040,-0.971814,0.024135,-6.631980,-1.675460,11.326410
-0.202148,-1.078116,-0.021924,-7.102895,-0.941769,12.325133
-0.188126,-1.206030,-0.056156,-8.035410,-1.489939,12.894254
-0.187535,-1.349590,-0.092348,-8.735573,-1.780970,13.425253
-0.219092,-1.400196,-0.140833,-9.063335,-2.174065,14.554435
-0.285105,-1.417406,-0.167802,-9.461265,-2.138923,15.768648
-0.291660,-1.426915,-0.224158,-9.607829,-1.297625,16.774949
-0.300927,-1.512094,-0.251383,-10.514163,-1.595299,16.165706
-0.265027,-1.568546,-0.305579,-11.061710,-2.370923,16.166676
-0.301363,-1.556138,-0.313043,-11.663919,-2.727363,16.923967
-0.326119,-1.485539,-0.352692,-11.262730,-2.349124,18.362714
-0.352435,-1.446570,-0.350965,-11.376634,-3.000885,17.681725
-0.297020,-1.440379,-0.388405,-11.591098,-1.854897,16.694825
-0.269277,-1.443508,-0.404735,-11.571020,-2.487961,15.690635
-0.263773,-1.360452,-0.444055,-11.177873,-0.681767,16.109211
-0.320976,-1.201572,-0.438462,-10.410271,-1.666433,16.260692
-0.352028,-1.087832,-0.459309,-9.540783,-1.088986,15.624055
-0.317089,-1.005262,-0.453101,-9.411970,-0.763090,13.665688
-0.280057,-0.957260,-0.415655,-9.205193,-0.672389,11.706597
-0.262581,-0.831355,-0.407115,-8.534981,-0.894765,11.327641
-0.321859,-0.640121,-0.338850,-7.654759,-1.073740,11.489570
-0.334306,-0.457092,-0.320603,-6.687579,0.191256,11.036857
-0.316712,-0.344770,-0.263967,-5.952635,0.219862,9.730894
-0.252888,-0.248653,-0.210309,-6.032907,-0.113919,7.753418
-0.211428,-0.121994,-0.146942,-5.546709,-0.322577,6.031357
-0.224758,0.059085,-0.095099,-4.422326,0.497786,6.194416
-0.248700,0.258772,-0.038132,-3.305388,0.428034,5.741206
-0.216742,0.401493,0.014941,-3.011853,0.430119,4.726146
-0.159168,0.508323,0.063305,-2.566534,-0.520928,2.696829
-0.127378,0.626159,0.117396,-2.048037,-0.515260,1.412800
-0.116316,0.814759,0.138857,-0.975267,-0.705326,0.898918
-0.146662,0.995148,0.206652,-0.302348,0.300032,0.384137
-0.119110,1.164923,0.223009,0.539380,0.749004,-0.088938
-0.077370,1.276414,0.262618,1.017064,-0.168274,-1.498550
-0.026945,1.383878,0.278587,1.544994,-0.572427,-2.924173
-0.029148,1.522856,0.310512,2.180199,-1.344099,-3.561175
-0.028108,1.680223,0.321744,3.156090,-0.128556,-3.596481
-0.017702,1.817783,0.326917,3.590924,0.340376,-3.688572
0.018149,1.879122,0.357851,3.831921,-0.435596,-4.827891
0.061598,1.943284,0.381104,3.745002,-3.018546,-5.749501
0.065186,2.003931,0.411736,4.130563,-3.028833,-6.298201
0.080009,2.131155,0.384560,4.667380,-0.354145,-5.463283
0.044845,2.193518,0.422131,4.572800,-0.511558,-6.134129
0.072942,2.228026,0.396055,4.674565,-0.388594,-6.754264
0.091412,2.237256,0.385384,3.928923,-2.092948,-7.678165
0.111471,2.257007,0.385486,3.584385,-1.563832,-7.843075
0.085724,2.303240,0.355783,4.108519,0.329222,-7.203914
0.053838,2.345478,0.341134,4.028007,0.600473,-6.854575
0.050385,2.341237,0.316525,4.097115,0.988497,-7.580328
0.103495,2.307710,0.289809,3.822753,1.493467,-7.869267
0.136602,2.261060,0.246504,3.655985,1.568260,-8.765476
0.135256,2.231184,0.240688,3.432934,-1.299862,-8.689973
0.157130,2.236518,0.185333,3.937944,2.897582,-7.709049
0.154114,2.175520,0.165940,3.858302,1.760014,-7.839387
0.196408,2.102013,0.132078,4.145410,1.032327,-8.211217
0.229396,2.006369,0.123554,3.285976,-0.389756,-8.342952
0.250145,1.949928,0.085707,3.534831,-0.568771,-7.532382
0.228064,1.895406,0.074583,3.449399,0.267818,-6.875519
0.223248,1.816149,0.069880,3.535005,0.414618,-6.534968
0.228372,1.700840,0.069082,3.108833,-1.297751,-6.889548
0.243957,1.570268,0.074587,2.620275,-2.090279,-6.531408
0.233490,1.473659,0.075325,2.577111,-1.493453,-5.553825
0.187296,1.381967,0.105094,2.877858,-1.181382,-4.811050
0.164188,1.272439,0.122891,2.131113,-1.366304,-4.226699
0.174275,1.105337,0.145080,1.327454,-1.176527,-4.095701
0.181929,0.946250,0.148497,0.588952,-1.930966,-3.832311
0.163584,0.807563,0.203567,-0.287669,-2.529095,-3.198697
0.136110,0.712396,0.213828,-0.771572,-0.776818,-2.748280
0.119425,0.598324,0.209039,-0.810509,-0.040954,-2.640811
0.123729,0.443160,0.206859,-1.393315,-0.675909,-2.205301
0.123174,0.302941,0.199168,-1.957878,-1.517900,-2.172448
0.093438,0.160874,0.179490,-2.065598,-1.647717,-2.112039
0.037962,0.087186,0.145254,-1.992206,-0.943585,-1.478354
0.003240,-0.017629,0.144266,-2.249739,0.359589,-1.527997
0.003539,-0.145906,0.097987,-2.737486,-0.008960,-1.479143
0.002866,-0.288903,0.080291,-3.273797,-0.055731,-1.816231
-0.011002,-0.389884,0.052739,-4.062826,0.728604,-1.265302
-0.068704,-0.456967,0.013369,-3.921317,0.520888,-0.756993
-0.094511,-0.540764,-0.014870,-4.464918,0.903493,0.013058
-0.093657,-0.659086,-0.054348,-4.719786,0.483482,-0.381690
-0.086971,-0.800392,-0.073494,-5.615101,0.226601,-0.446046
-0.074117,-0.880750,-0.109601,-6.321081,0.084252,0.442534
-0.134074,-0.936223,-0.106788,-6.799217,-1.046696,1.466750
-0.152554,-0.967662,-0.144670,-7.335896,-0.818441,2.586863
-0.152935,-1.046487,-0.166453,-7.592553,-0.930602,2.764648
-0.144771,-1.156084,-0.195647,-8.843228,-2.555885,2.417134
-0.139260,-1.200144,-0.236956,-9.235256,-2.085400,3.369312
-0.166924,-1.215998,-0.238486,-9.308648,-1.561126,4.103491
-0.176824,-1.203965,-0.261785,-9.619909,-1.581802,4.732410
-0.164637,-1.228212,-0.258814,-9.997675,-1.980848,5.208909
-0.113933,-1.265852,-0.299139,-10.302905,-1.795708,5.104355
-0.090411,-1.264651,-0.305474,-10.407376,-1.787266,5.352599
-0.104000,-1.216097,-0.318151,-9.999096,-1.204469,5.931706
-0.104167,-1.130491,-0.333338,-9.832995,-0.970159,5.957731
-0.093267,-1.103864,-0.320731,-9.614001,-1.060652,5.203115
-0.043590,-1.058169,-0.329061,-9.618803,-1.793066,5.128771
-0.025028,-0.986001,-0.324499,-9.314304,-1.462173,5.011204
-0.032604,-0.870252,-0.319119,-8.385161,-0.675741,5.481300
-0.056146,-0.738243,-0.328743,-8.305184,-0.770295,5.191773
-0.037485,-0.660291,-0.315981,-7.644275,-0.364260,4.622476
0.004274,-0.581017,-0.282356,-7.256081,-0.686008,3.400689
0.011233,-0.483778,-0.252348,-6.645157,-0.975533,3.577257
-0.009210,-0.316744,-0.199530,-6.051551,-0.845450,3.671112
-0.008327,-0.184994,-0.167818,-5.148785,-0.280125,3.544464
0.020036,-0.068214,-0.119120,-5.105916,0.031411,2.541099
0.073274,-0.001167,-0.076297,-4.551414,0.022194,1.414527
0.126397,0.113534,-0.017348,-4.269279,0.156928,1.177406
0.091538,0.244156,0.041286,-3.478559,0.574241,1.138555
0.083637,0.429705,0.078535,-2.849884,0.756590,1.762586
0.083548,0.545188,0.137475,-2.418703,0.851787,1.167209
0.135545,0.642358,0.170966,-2.536657,1.132843,-0.325172
0.165990,0.730213,0.214586,-2.225259,0.355581,-1.600630
0.160190,0.888233,0.230706,-1.437996,0.771567,-1.137773
0.128012,1.065967,0.245480,-0.896735,0.827398,-1.016849
0.101936,1.202648,0.258981,-0.172219,0.283922,-0.533772
0.116980,1.300973,0.287896,0.143361,-0.325719,-2.200136
0.143265,1.376026,0.304278,0.426724,-0.307892,-4.065445
0.164125,1.502082,0.304324,1.125036,-0.404494,-4.294456
0.130785,1.628413,0.338872,1.242501,-1.016022,-3.971989
0.109528,1.770864,0.351007,1.968242,-0.552503,-4.327250
0.108553,1.855732,0.358137,2.234690,-0.447025,-4.838629
0.134038,1.901975,0.348736,2.437912,-0.395832,-6.008977
0.146541,1.978229,0.370423,2.680419,-0.342663,-6.303065
0.124664,2.061157,0.345270,3.084159,1.491550,-6.430208
0.099645,2.151397,0.350518,3.655158,1.863739,-6.920154
0.061408,2.179876,0.377185,3.681700,0.738900,-8.020901
0.074774,2.211597,0.356998,3.513380,0.618149,-8.633913
0.066532,2.230268,0.363651,3.611492,1.897437,-7.978768
0.041657,2.269729,0.343861,4.004643,1.780861,-8.249232
0.015654,2.287412,0.337008,4.496808,2.403536,-8.150165
0.023285,2.266752,0.332941,4.291744,2.535339,-8.782560
0.051665,2.228801,0.327892,4.374166,2.984048,-9.398935
0.058933,2.168171,0.323067,4.364089,2.342118,-9.389438
0.049663,2.145587,0.294910,4.687997,2.737928,-8.457448
-0.000558,2.127032,0.327584,4.593617,0.615408,-7.435609
0.010740,2.080592,0.303967,4.562811,1.666471,-7.256196
0.034712,1.975071,0.311864,4.227094,0.759442,-7.946734
0.077163,1.878170,0.294615,3.873999,1.127990,-7.735713
0.051094,1.792919,0.301406,3.358534,-0.732033,-6.955559
0.024205,1.748475,0.267003,3.380740,0.671019,-5.094810
-0.016662,1.673474,0.273594,3.508778,-0.154018,-4.544787
-0.003151,1.534939,0.264574,3.157689,-0.199808,-4.489587
0.049772,1.365775,0.261311,2.855692,-1.207503,-3.138702
0.057216,1.227246,0.244863,2.474627,-0.978842,-2.592679
0.035437,1.125448,0.246061,2.305145,-0.759926,-1.439291
0.011728,0.993455,0.241259,2.357972,0.102026,-0.307488
0.028623,0.845531,0.224597,1.887054,-0.186330,0.380022
0.045354,0.647275,0.241620,0.946525,-0.829589,1.108044
0.063955,0.505008,0.219559,0.316503,-1.236221,2.460441
0.004773,0.368888,0.246796,-0.063350,-2.513070,3.350771
-0.011777,0.259777,0.207246,-0.336695,-1.982493,4.245884
-0.017853,0.106497,0.201131,-0.960312,-1.312117,4.921514
0.002965,-0.077868,0.155459,-1.807279,-0.860464,6.294939
-0.039871,-0.221534,0.165602,-2.818103,-3.523404,7.082736
-0.062274,-0.328627,0.132518,-3.190879,-2.005821,9.009634
-0.109170,-0.423837,0.089118,-3.761758,-1.096438,9.804658
-0.109022,-0.574849,0.049240,-4.726348,-0.990789,10.050134
-0.076762,-0.743314,0.019383,-5.469068,-1.308657,10.151075
-0.075151,-0.894759,-0.033061,-6.456294,-1.119257,10.926071
-0.111202,-0.956899,-0.080026,-6.780104,-0.564328,12.191550
-0.168293,-1.019702,-0.122580,-6.988151,-0.888285,12.648742
-0.174605,-1.104560,-0.180452,-7.369512,-1.311726,13.146216
-0.171891,-1.243765,-0.186623,-8.565415,-1.613261,12.981095
-0.169793,-1.319001,-0.240465,-9.016242,-1.930758,12.981089
-0.226819,-1.369075,-0.270391,-9.007366,-2.399132,13.676169
-0.273541,-1.378046,-0.311382,-9.483297,-1.313603,14.461413
-0.291670,-1.403541,-0.340159,-10.072012,-2.163256,14.042022
-0.283175,-1.485080,-0.373650,-10.567536,-3.605760,13.632057
-0.260503,-1.502654,-0.405926,-11.125885,-1.646794,13.602463
-0.289392,-1.480445,-0.417408,-11.325887,-1.121272,13.951572
-0.315182,-1.424440,-0.437825,-11.379083,-1.329166,13.575263
-0.308864,-1.428356,-0.438203,-11.681635,-1.464018,13.370954
-0.272182,-1.426672,-0.473423,-11.223722,-0.806769,11.637203
-0.265158,-1.395948,-0.455550,-11.716508,-0.931242,11.222318
-0.274047,-1.289082,-0.475281,-11.077916,-0.591168,11.554421
-0.333095,-1.153862,-0.453627,-10.490034,0.037317,10.739681
-0.306701,-1.064025,-0.449264,-10.615010,0.786228,9.670054
-0.268417,-0.994165,-0.430722,-10.329126,-0.448711,7.664438
-0.228815,-0.901596,-0.410525,-9.608733,0.477777,6.999152
-0.254592,-0.725828,-0.376135,-8.933768,0.352250,6.365626
-0.270374,-0.530589,-0.353401,-8.090654,0.155553,6.872247
-0.257517,-0.372717,-0.312469,-7.510923,0.287602,5.658455
-0.183636,-0.299984,-0.284752,-7.113689,0.662798,3.457868
-0.099638,-0.192182,-0.244480,-6.811439,0.912562,2.906382
-0.077761,-0.024190,-0.196031,-6.065738,0.968580,1.990409
-0.076631,0.197207,-0.156448,-4.919235,1.966756,1.718514
-0.059336,0.357052,-0.121907,-4.054056,1.143773,1.758732
0.012414,0.490923,-0.092969,-3.345352,3.723746,-0.107608
0.064526,0.600136,-0.033517,-2.556244,0.644215,-1.879207
0.103587,0.751568,0.007011,-1.951842,0.211698,-2.102812
0.082320,0.962386,0.047835,-1.025387,0.219721,-2.878660
0.115411,1.125967,0.075319,-0.095371,1.125109,-2.219653
0.138463,1.252058,0.137140,0.409734,-0.618128,-3.791195
0.226318,1.359240,0.173378,0.674423,0.787878,-5.108360
0.240629,1.469553,0.224505,1.031316,-3.413512,-5.678698
0.257829,1.652224,0.253552,1.565382,-0.357854,-4.875728
0.272009,1.779527,0.291132,2.371125,-0.232721,-4.169658
0.291713,1.901203,0.326267,2.210666,-1.833156,-6.653117
0.352478,1.947285,0.358567,2.397378,-2.230413,-7.253012
0.411473,2.031536,0.381124,2.352267,-0.924022,-7.919282
0.384107,2.139535,0.411775,2.850518,-1.169175,-7.272126
0.355225,2.282097,0.408486,3.378852,-0.280025,-7.293120
0.350636,2.348547,0.421573,3.681408,-0.303018,-8.036092
0.389464,2.369312,0.404813,3.978439,0.397979,-9.577091
0.416686,2.401339,0.413895,3.830805,0.325460,-10.801589
0.404472,2.469006,0.382046,4.496805,0.291156,-11.102193
0.358288,2.550181,0.386116,4.770645,1.623153,-10.840719
0.340431,2.606928,0.364426,5.054806,1.525205,-10.668983
0.351148,2.590118,0.366064,4.837709,1.118560,-12.239357
0.421370,2.553490,0.346067,4.880554,0.696589,-12.457349
0.452287,2.536854,0.324564,4.396037,1.495965,-12.803012
0.447586,2.528983,0.313788,4.650781,2.237224,-12.223622
0.419078,2.509882,0.285470,5.265735,1.663852,-12.373495
0.437024,2.444805,0.276328,5.018699,1.432059,-12.479063
0.450153,2.369883,0.259749,5.149373,0.707415,-13.084015
0.437519,2.276107,0.251497,5.058761,0.729519,-12.520655
0.389441,2.225324,0.236841,5.215521,0.808757,-12.111558
0.321695,2.153554,0.250880,4.904063,0.087021,-11.469624
0.308172,2.048332,0.242175,4.734276,-0.818239,-11.762576
0.277189,1.900494,0.262582,3.964170,-1.668151,-11.936605
0.271073,1.784175,0.256332,3.624067,-0.943428,-10.882291
0.209879,1.676570,0.282828,3.620345,-1.106631,-10.205346
0.171501,1.569503,0.299913,3.553406,-0.249652,-9.448263
0.162031,1.405594,0.308647,2.523574,-0.439131,-9.912899
0.191671,1.208796,0.314690,1.992768,-0.193122,-9.954166
0.183127,1.042872,0.322325,1.723536,1.134877,-8.908578
0.119727,0.905413,0.325634,1.517793,-0.249573,-8.329821
0.075769,0.812307,0.299496,1.820644,0.944362,-6.960131
0.048656,0.639529,0.310889,0.839455,1.092816,-6.412397
0.076714,0.452161,0.289419,0.108495,0.588444,-6.066871
0.056402,0.270688,0.293558,-0.474236,-0.195832,-6.052849
0.016869,0.135668,0.276053,-1.011311,0.592760,-4.975525
-0.055210,0.032412,0.247709,-0.847107,1.020652,-3.390311
-0.079382,-0.131769,0.211382,-1.180225,1.267945,-2.163700
-0.085002,-0.297089,0.178102,-2.499667,0.515656,-1.650410
-0.073040,-0.488061,0.137711,-3.171697,0.342974,-0.852492
-0.104972,-0.617150,0.102671,-3.804721,0.728755,0.028230
-0.146944,-0.716503,0.072945,-4.312327,0.561065,1.748574
-0.154005,-0.841232,0.032089,-5.064938,0.024069,3.133893
-0.176427,-1.011936,0.029240,-6.343296,-3.851125,3.806408
-0.141528,-1.149670,-0.054741,-6.800583,-0.689776,4.667886
-0.169997,-1.270040,-0.066936,-7.459690,-1.612342,5.868154
-0.196857,-1.336871,-0.112050,-8.078301,-1.767604,7.813863
-0.223990,-1.413007,-0.155155,-8.658229,-1.705953,8.851561
-0.199663,-1.536788,-0.198992,-9.345152,-1.982459,9.340318
-0.201813,-1.628247,-0.226600,-9.963809,-2.985178,10.220039
-0.195117,-1.701005,-0.267460,-10.210609,-2.276713,11.807228
-0.239151,-1.710679,-0.287939,-10.417252,-2.607393,13.083814
-0.235311,-1.736941,-0.320809,-11.099619,-1.886477,13.894465
-0.220083,-1.800709,-0.321945,-11.154281,-2.818644,13.491461
-0.175977,-1.844970,-0.347748,-11.858515,-2.287056,14.355043
-0.195928,-1.814420,-0.355295,-11.884433,-2.540286,15.590792
-0.224223,-1.765745,-0.360202,-12.095333,-2.427561,16.113021
-0.234080,-1.706228,-0.372419,-11.660171,-1.273899,16.539202
-0.219499,-1.688752,-0.392153,-11.824755,-1.317001,16.110492
-0.205614,-1.638242,-0.382693,-12.107892,-2.375951,15.361876
-0.219657,-1.546685,-0.381367,-11.502292,-1.908306,15.260785
-0.247042,-1.380567,-0.399594,-10.722959,-1.511567,16.091007
-0.274907,-1.267021,-0.352590,-10.500016,-1.924810,15.728968
-0.245302,-1.168213,-0.344640,-9.771065,-1.448791,14.555561
-0.222972,-1.082869,-0.316591,-9.154919,-1.685277,13.304005
-0.216660,-0.929202,-0.282129,-8.751218,-0.984677,13.457605
-0.228887,-0.743153,-0.277205,-6.843127,0.849999,12.818843
-0.233985,-0.568695,-0.237895,-6.408158,0.687229,11.977807
-0.223491,-0.420798,-0.194603,-5.969578,0.469991,10.502631
-0.174546,-0.303795,-0.148179,-5.130548,0.947615,8.877156
-0.159746,-0.130784,-0.123125,-5.053900,0.603546,7.891152
-0.192475,0.082262,-0.046549,-4.488684,0.913356,7.922843
-0.203425,0.303811,-0.022961,-3.599406,0.879494,7.227533
-0.207634,0.466620,0.036281,-3.159254,0.641783,5.509952
-0.146193,0.626642,0.058463,-2.502855,1.454718,3.768498
-0.135089,0.792152,0.118424,-1.819891,0.083263,2.060288
-0.135512,0.997220,0.124151,-1.139682,1.317128,0.795026
-0.153835,1.206974,0.182155,0.403382,1.779939,0.723537
-0.139369,1.377359,0.193762,1.186864,1.941983,-1.169176
-0.100712,1.538431,0.232255,1.745466,1.295697,-3.051867
-0.054761,1.667185,0.259263,2.877007,2.109298,-4.843256
-0.031800,1.852853,0.260136,3.154593,1.973599,-4.898696
-0.067960,2.028411,0.322092,3.561835,1.187590,-6.232896
-0.057220,2.172760,0.329448,4.415919,1.373701,-6.643646
-0.052884,2.281254,0.364734,4.504620,0.997632,-8.971448
0.000184,2.379881,0.369842,4.861710,1.520517,-9.482026
-0.003956,2.483291,0.397516,5.221281,0.752161,-9.898461
-0.010941,2.605858,0.414342,5.638603,1.056177,-10.264616
-0.011801,2.710259,0.427229,5.992883,1.690101,-10.609806
0.030185,2.747327,0.425476,6.097777,1.730495,-11.668997
0.081237,2.758294,0.442105,5.769999,1.795556,-12.557319
0.129288,2.761885,0.429238,5.956432,1.537586,-12.208314
0.145494,2.818097,0.419144,6.575165,2.774645,-11.563407
0.131944,2.816587,0.431237,7.212821,1.971633,-12.162738
0.163491,2.797687,0.402131,7.037171,1.727501,-12.949292
0.209032,2.709944,0.386001,6.777921,1.361824,-12.664026
0.233765,2.669973,0.357818,6.465144,0.747779,-12.518862
0.212587,2.633775,0.313509,6.820028,1.663927,-11.274280
0.185480,2.598679,0.299575,7.406584,0.862871,-10.956516
0.162589,2.493001,0.308339,6.899421,-0.442085,-10.566177
0.190611,2.368711,0.270263,6.701372,-1.023612,-10.276522
0.187322,2.218684,0.285939,5.890137,-1.669326,-9.773473
0.186899,2.105003,0.269984,5.116736,-0.781414,-8.549961
0.153602,1.980215,0.268582,5.081181,-1.114870,-7.746222
0.166360,1.834491,0.278108,4.304264,-1.559430,-7.021725
0.181486,1.646552,0.264489,3.968805,-1.163358,-6.117876
0.192719,1.437729,0.261305,3.454086,-1.759166,-5.337499
0.172377,1.283714,0.253650,2.404281,-1.372630,-4.039892
0.140748,1.107221,0.252455,2.425985,0.938968,-2.557153
0.113287,0.949129,0.234120,1.448186,-0.900382,-2.216588
0.106072,0.744206,0.225339,0.775247,-0.417066,-2.150027
0.107750,0.558988,0.188891,-0.229113,0.167051,-1.453024
0.048246,0.395991,0.179270,-0.637997,0.435840,-0.096000
-0.008363,0.250113,0.151822,-0.900723,-0.020261,1.337377
-0.067841,0.079968,0.132564,-1.670491,-0.319239,1.795791
-0.065199,-0.112022,0.069052,-2.239508,0.670380,3.034413
-0.077091,-0.318198,0.037613,-4.204568,-0.081104,3.251710
-0.084122,-0.480318,0.017502,-4.399762,0.074539,4.223114
-0.131415,-0.601637,-0.013481,-5.242869,0.364037,5.341869
-0.145300,-0.738042,-0.050153,-6.128133,0.279101,6.023371
-0.141292,-0.907088,-0.085508,-6.849350,-0.595390,6.150531
-0.127900,-1.085436,-0.133714,-7.757867,0.444428,6.937420
-0.163793,-1.198155,-0.169148,-8.452654,-0.445235,7.360609
-0.213949,-1.300672,-0.221135,-8.813696,-1.014590,7.752642
-0.251706,-1.360327,-0.273962,-9.714633,-0.469387,8.888973
-0.265992,-1.481929,-0.318223,-10.365711,-0.351120,8.678484
-0.268841,-1.579667,-0.372203,-10.940719,-0.697139,8.697113
-0.307731,-1.649648,-0.403967,-11.456673,-2.034322,9.750340
-0.337647,-1.667226,-0.466753,-11.215033,-1.255288,10.425183
-0.352599,-1.695487,-0.503438,-12.190403,-0.849339,10.475828
-0.314371,-1.757069,-0.529628,-11.667944,0.575532,10.101175
-0.283441,-1.803371,-0.524340,-13.137813,-1.367659,10.034904
-0.261373,-1.802154,-0.518284,-13.451198,-1.653191,10.442084
-0.279676,-1.758806,-0.520713,-13.067011,-2.056294,10.720559
-0.280067,-1.719791,-0.529024,-13.013494,-1.402383,10.514379
-0.253646,-1.696502,-0.539157,-12.877421,-0.772480,9.414016
-0.251322,-1.679837,-0.530744,-12.648891,-0.521164,9.006455
-0.250216,-1.572274,-0.516499,-12.556566,-1.364809,9.122219
-0.300103,-1.440826,-0.487006,-11.929151,-0.556204,8.843423
-0.291716,-1.309492,-0.482607,-11.678326,1.089912,8.806152
-0.278206,-1.229066,-0.434907,-11.333020,-0.375640,7.270590
-0.225404,-1.140423,-0.411332,-11.187185,0.246326,6.246748
-0.213144,-0.999889,-0.384581,-10.907508,-0.121849,5.643497
-0.219952,-0.800478,-0.329249,-9.317856,0.129441,6.403300
-0.196854,-0.617475,-0.283583,-8.444366,0.389131,5.523876
-0.141069,-0.501835,-0.229439,-8.320923,0.672832,3.545182
-0.043564,-0.382925,-0.189210,-7.786204,-0.451718,2.131671
-0.004933,-0.212405,-0.147149,-7.143047,-0.371741,2.230546
0.007136,-0.004680,-0.105327,-5.866208,-0.019467,2.500790
0.041530,0.216140,-0.107218,-4.364706,5.398912,2.624469
0.062419,0.355949,-0.019593,-3.658207,0.589665,1.131755
0.133550,0.487073,0.017429,-2.884563,0.320055,-0.480399
0.174767,0.634969,0.061884,-2.054080,-0.219657,-1.143756
0.168396,0.853619,0.098148,-0.957414,-0.008058,-0.834488
0.141733,1.054291,0.152036,-0.063652,0.099633,-1.163353
0.188635,1.228228,0.171038,0.632060,0.498140,-1.677885
0.241256,1.322329,0.254028,0.410292,-0.897109,-3.284531
0.318049,1.458803,0.299719,0.798089,-1.200128,-3.611781
0.330798,1.618116,0.356692,1.299544,-2.124387,-3.643391
0.348125,1.791612,0.382758,1.552495,-0.625005,-3.181729
0.362181,1.928014,0.399581,2.264688,-1.137466,-4.034857
0.428312,2.009258,0.425978,2.691100,-1.292732,-5.116723
0.470964,2.109878,0.437545,2.896961,-1.430033,-6.436150
0.456748,2.220095,0.446329,3.942578,-1.265511,-6.571014
0.428131,2.392867,0.459144,4.862087,-1.522483,-6.906631
0.384570,2.491862,0.476856,5.149448,-2.017849,-7.726534
0.419613,2.558407,0.462124,5.558663,-1.648112,-8.729126
0.443848,2.596634,0.480266,5.293567,-1.905714,-10.057217
0.438386,2.665023,0.488794,5.182203,-3.117873,-10.505849
0.374585,2.745995,0.485538,5.980390,-3.831363,-10.052120
0.370003,2.809451,0.478005,6.285273,-0.437972,-10.187502
0.381357,2.805147,0.460513,6.549696,0.009122,-11.878470
0.424022,2.740713,0.441481,6.479485,0.132079,-12.563766
0.435441,2.723674,0.447688,6.214153,-0.032388,-12.589030
0.386087,2.700326,0.447245,6.788369,0.693133,-12.774859
0.346356,2.693604,0.414936,7.511585,2.026390,-12.355229
0.306235,2.614172,0.433199,7.070288,1.100411,-13.256070
0.336259,2.509012,0.408227,6.406822,1.363768,-13.913494
0.308375,2.423305,0.410101,6.048577,0.030185,-13.480401
0.250985,2.354173,0.393669,6.027294,0.573980,-12.635587
0.162927,2.308347,0.383543,6.351687,0.803068,-12.508543
0.111540,2.183378,0.392307,5.898297,-0.491824,-12.733425
0.115460,2.035051,0.350715,5.367708,-1.317885,-12.358617
0.091206,1.872308,0.371585,4.299648,-1.611424,-11.601523
0.060259,1.743699,0.348519,4.391048,-0.391549,-10.329245
-0.010816,1.619685,0.339745,4.317567,-0.124850,-9.720909
-0.022212,1.439371,0.322046,4.005657,0.733110,-9.667819
0.005252,1.237278,0.322555,3.103752,0.869893,-9.902454
-0.000883,1.028797,0.322959,2.598493,0.222163,-8.535479
-0.040679,0.889342,0.289937,2.293597,0.434976,-7.033040
-0.133825,0.736591,0.305112,1.929424,0.620467,-6.013277
-0.149315,0.578390,0.271441,1.033919,2.365510,-5.073217
-0.137041,0.352929,0.254359,0.411031,0.335952,-4.595651
-0.112646,0.108939,0.211655,-0.316462,1.201150,-3.929588
-0.180278,-0.053716,0.194248,-0.970067,0.488930,-2.543895
-0.271805,-0.169894,0.181223,-1.672995,-0.119870,-0.320016
-0.311641,-0.282410,0.104191,-2.320541,1.133581,1.714960
-0.299831,-0.482498,0.095791,-3.484523,0.518771,2.785369
-0.255905,-0.719473,0.056271,-4.867722,0.003727,3.187856
-0.275813,-0.902184,0.003971,-5.402034,0.175878,4.053221
-0.293246,-1.003385,-0.032917,-5.874843,0.627020,6.540993
-0.328237,-1.108912,-0.078575,-6.269228,0.788138,7.921939
-0.285460,-1.280183,-0.127920,-7.121602,0.527995,9.529946
-0.243894,-1.477487,-0.182510,-8.255602,-0.084826,10.202058
-0.237667,-1.609849,-0.219694,-8.481375,-0.405894,11.794588
-0.277191,-1.659148,-0.269397,-8.960279,-1.388850,13.723150
-0.333393,-1.748758,-0.276759,-9.862740,-1.553500,14.267132
-0.286966,-1.825466,-0.321436,-10.684341,-1.958730,15.584396
-0.252973,-1.937876,-0.353762,-11.836004,-3.376228,16.976274
-0.239236,-1.974029,-0.396525,-12.383823,-3.316107,18.898616
-0.299485,-1.964923,-0.419161,-12.204238,-3.321625,19.302706
-0.324183,-1.971423,-0.443408,-12.360860,-2.690645,20.111246
-0.292976,-2.008117,-0.462548,-12.942636,-3.252526,19.372823
-0.233016,-2.052240,-0.476860,-13.722625,-3.553296,19.357233
-0.203359,-1.996412,-0.499233,-13.370167,-3.526715,20.526326
-0.272350,-1.926404,-0.478350,-13.041835,-3.827262,20.508133
-0.265972,-1.776409,-0.495238,-12.948554,-2.833970,21.929434
-0.257562,-1.733108,-0.500382,-12.653650,-3.086721,19.619059
-0.209747,-1.716935,-0.486602,-12.519021,-3.525963,18.037968
-0.215137,-1.605227,-0.484337,-11.529061,-2.956103,16.783395
-0.267774,-1.421095,-0.469697,-11.092969,-2.265809,17.060426
-0.303631,-1.225380,-0.473567,-10.399265,-1.485564,16.153101
-0.311178,-1.090750,-0.422952,-9.594467,-1.205667,14.482984
-0.247902,-0.991365,-0.401639,-9.103303,-0.612685,12.726941
-0.216745,-0.837753,-0.352495,-8.070739,-0.089990,11.331811
-0.228756,-0.628550,-0.303613,-7.108814,1.048429,10.808826
-0.234871,-0.393875,-0.265353,-5.989240,3.296574,10.267145
-0.235311,-0.242620,-0.204394,-5.694051,2.599223,8.134400
-0.158682,-0.057267,-0.134843,-5.610079,1.917231,7.021429
-0.116730,0.102758,-0.086079,-4.785629,2.693800,5.191477
-0.134465,0.296780,-0.036504,-3.655637,2.397120,2.993487
-0.152919,0.555964,0.020279,-2.742725,2.575231,2.310124
-0.148294,0.767390,0.053559,-1.947194,2.144523,1.271951
-0.071564,0.980656,0.092840,-1.088170,2.009168,0.304082
-0.059648,1.095365,0.139467,-0.345026,1.161882,-3.526148
-0.022386,1.333226,0.159815,0.835578,0.820574,-3.720144
-0.029089,1.562413,0.201978,2.001388,0.635940,-4.130869
-0.007474,1.748268,0.243859,2.832750,0.711892,-5.939250
0.059845,1.938777,0.271031,4.075740,0.288235,-6.542453
0.116113,2.020645,0.304853,4.850166,0.443625,-10.063362
0.176769,2.199889,0.343428,4.939688,-0.660151,-10.162852
0.172764,2.336947,0.386389,6.109299,-1.373461,-10.628740
0.175856,2.476398,0.402138,6.935593,-0.981377,-11.411010
0.219083,2.621669,0.435011,6.645747,-0.818548,-10.654023
0.245277,2.656013,0.471466,7.006638,-0.382614,-13.059650
0.269708,2.738685,0.489588,6.749249,-1.136971,-13.387390
0.272429,2.836478,0.496751,6.734274,-0.273969,-12.922333
0.254300,2.913836,0.515654,7.166276,0.368270,-13.646260
0.259066,2.964825,0.522547,6.655903,0.547087,-12.916703
0.267531,2.926765,0.502866,6.532168,0.673044,-15.619018
0.312005,2.958979,0.505948,6.052187,0.007271,-13.785905
0.334618,2.958602,0.479127,6.587060,1.580540,-13.105997
0.325329,2.962790,0.462164,7.062761,0.827063,-13.078096
0.335944,2.885708,0.422643,6.603423,2.547464,-14.294720
0.370374,2.822144,0.381406,6.955911,1.334291,-14.067190
0.373236,2.707886,0.353840,6.601343,0.942795,-14.902568
0.374802,2.673479,0.337651,7.110383,0.739185,-13.644547
0.332498,2.586229,0.327564,7.867336,0.473252,-13.470501
0.321636,2.485061,0.271516,6.887919,0.306974,-13.276051
0.333026,2.334928,0.266780,6.810283,2.057248,-12.286990
0.334845,2.185266,0.279430,5.961770,-0.672368,-11.217832
0.300195,2.043037,0.271067,5.222509,-0.943583,-9.731036
0.240242,1.880941,0.260366,4.923548,0.220665,-10.438333
0.200199,1.746482,0.264183,4.192471,-0.284876,-9.149285
0.216736,1.553554,0.252721,3.146076,-0.404048,-7.755853
0.215820,1.352718,0.248979,2.038598,-0.848339,-7.531515
0.176832,1.160518,0.248162,1.397807,-0.638758,-6.525829
0.117758,1.000351,0.206606,0.978069,0.438485,-6.051587
0.058736,0.830764,0.230164,0.165422,-0.015266,-5.421304
0.063676,0.635252,0.200537,-0.495207,-0.603718,-5.075079
0.056301,0.421138,0.187762,-1.142012,-1.054807,-4.545254
0.021520,0.263112,0.157274,-1.598549,-0.301153,-3.362510
-0.067903,0.104609,0.143679,-1.518547,0.370730,-2.632121
-0.119444,-0.025145,0.101637,-1.672457,0.130596,-0.753662
-0.150417,-0.234060,0.067240,-3.012400,0.804153,-1.386284
-0.127345,-0.451695,0.025353,-4.343005,1.008865,-0.997659
-0.159516,-0.640941,0.002360,-4.694958,0.697707,-1.329659
-0.193972,-0.751628,-0.064901,-6.314841,1.369638,0.484221
-0.245342,-0.848519,-0.090628,-6.558684,1.750155,1.552803
-0.274188,-0.999630,-0.103062,-7.660395,1.542725,2.485273
-0.241597,-1.168495,-0.154485,-8.343411,0.889772,2.730668
-0.244016,-1.316540,-0.191248,-9.367994,2.047892,2.970035
-0.272445,-1.402139,-0.239694,-10.007568,0.029380,4.234638
-0.302926,-1.464049,-0.278131,-9.735493,0.686084,5.249660
-0.315760,-1.555810,-0.350348,-10.075646,1.113523,6.222379
-0.307331,-1.655619,-0.387469,-10.746081,-0.135848,6.684512
-0.315264,-1.745016,-0.421748,-11.017381,-1.309648,7.151355
-0.315527,-1.751568,-0.471907,-10.861094,-1.360788,8.258541
-0.345253,-1.780135,-0.459775,-11.620831,-2.144129,8.896634
-0.305762,-1.799022,-0.487492,-11.803384,-2.268015,9.148156
-0.264580,-1.852450,-0.474749,-12.457623,-2.201818,9.659394
-0.235242,-1.876041,-0.477910,-12.390438,-3.481549,10.776514
-0.245631,-1.828630,-0.462168,-12.366440,-3.964353,11.879810
-0.252245,-1.787445,-0.474355,-12.288699,-2.591502,12.394223
-0.229836,-1.750025,-0.503060,-12.800264,-1.686610,11.930831
-0.199227,-1.741176,-0.446149,-12.724003,-1.084725,11.333825
-0.164768,-1.683963,-0.422942,-12.280696,-1.513169,11.445067
-0.205880,-1.556703,-0.405792,-12.196062,-1.655771,11.895094
-0.231641,-1.410040,-0.372268,-11.376525,-1.064965,12.107537
-0.221071,-1.287940,-0.344029,-11.081142,-0.787409,11.618216
-0.164738,-1.217548,-0.333841,-10.768368,-0.789694,10.481422
-0.121916,-1.114830,-0.292196,-9.947838,-0.680822,9.532429
-0.120255,-0.965643,-0.262799,-8.684621,-0.062158,9.651504
-0.126147,-0.771543,-0.231724,-7.920663,0.577642,9.473671
-0.119326,-0.633904,-0.206814,-7.091988,0.543137,8.453520
-0.030579,-0.508035,-0.184519,-5.652016,2.865626,7.722973
-0.010710,-0.384432,-0.103515,-5.961372,-0.314065,6.513426
0.009076,-0.208414,-0.076366,-4.406314,0.437005,6.406945
-0.002205,0.014657,-0.049483,-4.420767,1.005081,6.548857
0.021126,0.183526,-0.004740,-3.456350,2.161165,6.165390
0.045085,0.318139,0.040764,-2.804356,1.784128,4.701582
0.060243,0.443991,0.099691,-2.025299,0.278381,3.441471
0.064346,0.620937,0.135555,-1.284342,0.039252,3.298285
0.032953,0.826313,0.189439,-1.143453,-0.399406,3.344583
0.051708,1.013622,0.214343,-1.038861,0.397737,2.930195
0.098155,1.124778,0.247102,-0.136096,0.588135,1.474317
0.165924,1.233637,0.280107,0.100131,-0.493573,0.227272
0.201072,1.378944,0.305706,0.756300,-0.282630,-0.590195
0.189065,1.557538,0.339555,1.570551,-0.478674,-0.708101
0.193050,1.739596,0.353860,2.810203,1.122936,-1.139505
0.203354,1.857514,0.366143,3.416227,0.858151,-2.281635
0.252629,1.959122,0.364574,3.643811,-0.420496,-4.336955
0.263960,2.052819,0.384820,3.365854,0.346606,-5.191175
0.262250,2.199721,0.384902,4.321733,1.311777,-6.161969
0.209948,2.344382,0.397976,5.077832,0.005974,-6.073763
0.202605,2.450661,0.392139,5.800989,0.506379,-7.135591
0.214868,2.519126,0.398678,5.877128,0.072578,-8.614928
0.228868,2.554734,0.395957,5.598880,-0.062481,-9.444598
0.228963,2.633007,0.412438,6.124227,1.039689,-9.683128
0.198046,2.682348,0.408355,6.355724,1.115825,-10.901376
0.206242,2.716975,0.412405,6.431782,1.032632,-11.721392
0.218620,2.683527,0.433649,6.155535,0.809298,-12.999057
0.251011,2.655088,0.410226,6.068363,0.677774,-12.632031
0.232954,2.641544,0.414709,6.416692,1.109671,-12.303084
0.196893,2.641659,0.404606,6.740114,0.940881,-12.254597
0.177681,2.597317,0.407393,6.964216,1.026376,-13.678091
0.201364,2.496910,0.382437,6.727542,0.960139,-14.301867
0.196894,2.413165,0.367899,6.165353,0.133366,-14.404389
0.143314,2.340420,0.350692,6.139917,-0.243350,-13.570724
0.073638,2.293041,0.324820,6.546490,-0.324072,-12.513661
0.008728,2.193121,0.339348,6.039452,-0.619015,-12.379569
0.024346,2.037500,0.317451,5.047000,-0.145944,-12.972663
0.039497,1.847690,0.291083,4.627131,-0.359016,-12.943496
0.032122,1.696711,0.273617,4.061511,-0.414581,-11.750963
-0.020148,1.600680,0.266980,4.079026,0.500671,-10.603944
-0.064447,1.445644,0.264128,3.815703,0.535576,-9.588592
-0.063351,1.246761,0.274989,2.988561,-3.353499,-9.365681
-0.023151,1.030198,0.244144,2.119172,0.060673,-8.531140
-0.015742,0.829645,0.208536,1.976333,-0.011242,-7.393769
-0.079051,0.700366,0.197865,1.250997,-0.378822,-6.489114
-0.148080,0.553854,0.187138,0.976772,-0.064584,-5.193117
-0.155715,0.388829,0.139313,0.273310,-0.201606,-4.168081
-0.146675,0.172503,0.113162,-0.617524,0.311386,-3.501356
-0.176309,-0.031638,0.094833,-1.303695,0.251160,-2.737608
-0.233496,-0.156272,0.064001,-1.652670,-0.070384,-0.812499
-0.292176,-0.295241,0.019901,-1.947574,1.013211,1.085483
-0.280592,-0.450399,-0.013970,-3.107164,0.787553,1.867904
-0.239368,-0.683196,-0.042058,-4.326340,0.699236,2.571309
-0.195137,-0.873292,-0.072979,-5.267504,0.481860,4.247726
-0.197619,-1.010015,-0.093415,-5.921717,0.639027,6.110837
-0.205854,-1.129293,-0.124375,-6.835006,0.625424,8.122764
-0.179227,-1.269400,-0.166748,-7.325816,0.202420,9.575301
-0.129977,-1.456966,-0.201414,-8.071792,-0.123940,9.830468
-0.102497,-1.589448,-0.246554,-9.112608,-2.609894,11.399687
-0.150876,-1.656138,-0.249728,-9.807378,-3.250324,13.229555
-0.184256,-1.673006,-0.300619,-9.882763,-2.300455,14.718381
-0.206100,-1.744087,-0.349626,-10.216318,-2.887690,15.781800
-0.186560,-1.844084,-0.391267,-11.165094,-3.516667,15.844749
-0.173479,-1.906128,-0.410266,-11.750431,-4.516984,16.882329
-0.204610,-1.916320,-0.432668,-11.719304,-4.714065,18.237369
-0.231388,-1.873136,-0.453512,-11.814107,-4.421202,18.701337
-0.226615,-1.904484,-0.454237,-12.135560,-3.689665,18.740051
-0.150528,-1.950379,-0.469599,-12.801238,-4.103278,18.414080
-0.123491,-1.956396,-0.450515,-13.185592,-4.425404,18.861484
-0.139716,-1.894433,-0.446868,-12.889874,-4.027924,19.296514
-0.160990,-1.779449,-0.441826,-12.514471,-1.847790,19.220363
-0.162713,-1.710262,-0.435862,-12.783234,-3.179275,17.691478
-0.120022,-1.675317,-0.447666,-12.458338,-2.754968,16.137880
-0.111310,-1.594756,-0.450932,-12.119400,-1.814953,15.071102
-0.180399,-1.423029,-0.434812,-10.879896,-1.546860,14.620561
-0.243346,-1.225268,-0.421085,-9.897951,-1.086285,14.999164
-0.252127,-1.072152,-0.389622,-9.393851,-1.093198,13.152914
-0.197976,-0.989405,-0.380363,-9.161467,-0.581256,10.571932
-0.133158,-0.855793,-0.353483,-9.126614,0.347543,8.758002
-0.136542,-0.684049,-0.297130,-8.078364,0.973520,7.926482
-0.177629,-0.441014,-0.252288,-6.915817,1.833932,8.119059
-0.176700,-0.247505,-0.203446,-6.579863,2.511825,7.452442
-0.109804,-0.117402,-0.172611,-5.917348,2.557579,5.440316
-0.031330,0.006642,-0.107224,-5.988121,2.264473,2.556617
0.009405,0.199600,-0.078096,-5.437055,2.131206,1.503601
-0.017787,0.471757,-0.036819,-3.954710,2.745078,1.095199
-0.044257,0.709714,0.006279,-2.451938,1.967452,0.836285
-0.021562,0.906834,0.036711,-1.826630,1.175468,-0.747071
0.025616,1.046203,0.073182,-0.624053,0.845662,-2.857457
0.081690,1.217274,0.088777,0.138985,-0.225716,-5.027404
0.088294,1.422834,0.151691,0.721799,-0.901377,-5.563886
0.101122,1.647809,0.183829,1.825183,-0.326123,-6.241779
0.126597,1.819871,0.234704,2.698541,-0.883730,-7.022753
0.196083,1.951976,0.284009,3.021737,-1.207310,-7.813497
0.254070,2.066838,0.319699,3.945661,-1.441794,-9.629606
0.290899,2.204254,0.347830,4.830064,-0.690543,-10.490126
0.277093,2.359468,0.401915,5.271384,-0.017571,-10.596309
0.284288,2.465192,0.421944,5.960817,0.060200,-11.320315
0.314093,2.563278,0.462594,6.066390,0.030192,-12.366029
0.338491,2.632511,0.495720,6.425755,0.455484,-13.120591
0.345073,2.732494,0.496528,6.597863,0.334001,-13.324609
0.315803,2.816219,0.543814,6.221695,0.477322,-14.109924
0.317050,2.885249,0.542340,6.717658,0.778965,-14.199622
0.337680,2.912125,0.551311,6.628393,1.086904,-14.694207
0.391617,2.914233,0.547103,6.535056,0.049624,-14.892823
0.418875,2.922432,0.520663,6.984895,1.283128,-14.717623
0.431732,2.921037,0.503168,7.540063,1.179649,-14.046755
0.430774,2.894000,0.476439,8.036309,0.741483,-14.335950
0.483900,2.819974,0.431053,7.795112,1.488947,-14.256481
0.517440,2.713906,0.422755,7.805068,0.359033,-14.734460
0.506043,2.624850,0.407505,7.907237,-0.178187,-13.836012
0.482981,2.566774,0.362706,8.419527,-0.309852,-12.662245
0.420437,2.472472,0.383963,7.947992,-0.598644,-12.298822
0.414549,2.350773,0.367633,7.022896,-0.913049,-11.422875
0.398304,2.165515,0.374700,6.551049,-2.618466,-11.653134
0.379696,2.007640,0.361741,5.798846,-2.782756,-10.240807
0.295971,1.866711,0.370196,5.496835,-2.687818,-8.817911
0.237882,1.719222,0.360159,5.074970,-2.043596,-7.593950
0.191645,1.567061,0.375583,3.758493,-4.057379,-6.824019
0.179372,1.350275,0.363402,3.126755,-2.561785,-6.236311
0.188698,1.167526,0.356660,2.185920,-1.649887,-5.486412
0.141171,0.977705,0.348302,1.474941,-1.123272,-4.873433
0.097768,0.805955,0.314470,1.251778,0.063148,-4.315131
0.051308,0.636443,0.289337,0.748895,0.316096,-3.830684
0.030691,0.422753,0.246068,0.233655,0.715773,-3.858857
0.011666,0.238385,0.199812,-0.206901,0.689769,-3.375686
-0.065228,0.085752,0.195311,-0.665392,0.870747,-2.554639
-0.136966,-0.057520,0.137787,-0.947474,1.962489,-1.717041
-0.199788,-0.213036,0.088205,-1.647257,1.963835,-1.309177
-0.230318,-0.409293,0.044158,-2.532872,0.127747,-0.993434
-0.236499,-0.588862,-0.023565,-3.473402,1.894017,-0.126352
-0.293167,-0.734812,-0.041526,-4.290686,1.815275,1.291922
-0.321770,-0.842145,-0.076816,-5.039752,1.684756,2.827202
-0.336551,-0.981767,-0.115870,-6.051481,2.049051,3.430184
-0.314729,-1.160391,-0.157758,-7.346489,0.215215,4.051976
-0.281984,-1.325799,-0.190739,-8.285889,0.673844,4.452653
-0.292891,-1.451369,-0.225688,-8.562487,0.583301,6.249436
-0.330518,-1.515268,-0.273598,-9.027944,-0.275720,7.767104
-0.368489,-1.595022,-0.289515,-9.685534,-0.452997,8.701458
-0.344757,-1.690856,-0.327584,-10.202597,-1.174047,9.293096
-0.343106,-1.802324,-0.357990,-10.463899,-1.696500,9.611737
-0.353268,-1.851177,-0.384689,-10.995234,-2.341656,10.828347
-0.392792,-1.846555,-0.401262,-11.037820,-3.290718,12.058871
-0.406555,-1.869637,-0.421268,-11.172240,-2.319241,12.913461
-0.375704,-1.905465,-0.441199,-11.353923,-2.585627,12.951246
-0.352326,-1.961372,-0.417714,-12.616995,-4.617088,13.362044
-0.322085,-1.942389,-0.445368,-12.558623,-3.392618,14.505256
-0.340089,-1.891728,-0.411418,-12.470221,-2.980327,14.963454
-0.301238,-1.839829,-0.414795,-12.512233,-1.793272,14.967006
-0.269448,-1.816393,-0.401078,-12.454225,-2.164749,14.602271
-0.212816,-1.784681,-0.406307,-12.227822,-1.778951,14.245385
-0.227413,-1.668939,-0.384492,-11.853913,-1.760783,14.606206
-0.248444,-1.536660,-0.375423,-10.802729,-1.209015,14.561894
-0.258055,-1.391064,-0.360642,-10.022510,-0.524669,14.223883
-0.227321,-1.289715,-0.347804,-9.473791,-0.482369,12.816467
-0.201292,-1.187385,-0.324377,-8.632788,-1.070880,11.513998
-0.192616,-1.055487,-0.277629,-7.982350,-0.135327,11.251506
-0.197074,-0.860950,-0.244503,-7.305107,-2.196297,11.180780
-0.190906,-0.692180,-0.197935,-6.342233,0.388632,10.821065
-0.128655,-0.557951,-0.168123,-5.951266,0.026195,9.601273
-0.060551,-0.441779,-0.114505,-5.882525,-1.324072,8.316949
-0.020124,-0.288286,-0.079849,-5.131037,-0.821458,7.600306
-0.021299,-0.058449,-0.036839,-4.447062,0.335325,7.606020
-0.017285,0.129855,0.009378,-3.676149,0.490526,7.710307
0.009283,0.298677,0.046568,-3.233266,0.084731,5.827557
0.050304,0.435909,0.070044,-2.820128,-0.230741,4.076502
0.079514,0.621941,0.095102,-2.196465,-0.924206,2.555263
0.056110,0.838615,0.136848,-1.377478,-0.266451,1.740144
0.049247,1.070428,0.156112,-0.288667,-0.152856,1.306428
0.060532,1.255314,0.170516,0.528089,-0.315964,-0.208838
0.124483,1.409228,0.208753,0.814675,-0.694199,-2.247352
0.174458,1.559301,0.221853,1.488120,-0.073943,-3.871413
0.211225,1.743725,0.222260,2.051619,-0.381836,-5.326331
0.209774,1.933932,0.256883,3.421820,-0.004227,-5.910920
0.227959,2.116653,0.277458,3.890975,0.553928,-7.226541
0.250873,2.254364,0.300615,4.582027,0.530833,-9.357758
0.300372,2.370323,0.306891,5.175380,1.060897,-11.123400
0.306661,2.518735,0.324636,5.241488,-0.163597,-12.142599
0.280697,2.668907,0.326172,6.106193,0.144785,-12.586424
0.269941,2.820598,0.339276,6.960513,1.170613,-13.546560
0.282073,2.883946,0.361147,7.376457,1.173311,-14.670514
0.322214,2.942455,0.376315,7.424574,1.028220,-15.749944
0.347301,2.967556,0.394168,7.677539,0.914809,-15.919223
0.344124,3.034226,0.411315,7.975735,1.046789,-16.422206
0.347508,3.052256,0.421786,8.387851,1.259727,-16.549295
0.367912,3.033858,0.430715,8.513375,1.107416,-17.622639
0.406621,2.987641,0.422830,8.576956,0.956236,-17.060543
0.409855,2.938287,0.438084,8.417538,0.518080,-16.790119
0.387797,2.877637,0.448272,9.158847,0.150917,-16.642720
0.343149,2.838770,0.438681,8.988872,0.067451,-16.636791
0.323576,2.735888,0.436072,9.055105,-0.820025,-16.551075
0.306333,2.632229,0.444974,8.382567,-3.586050,-16.065713
0.278039,2.521784,0.435737,8.417344,-3.345572,-14.749099
0.221341,2.405694,0.441235,8.017737,-4.518000,-14.128487
0.180465,2.281664,0.421471,8.277686,-1.877371,-13.310613
0.154307,2.105427,0.418015,7.303210,-1.919090,-13.065957
0.167243,1.906255,0.406792,6.509546,-1.613607,-11.932081
0.156690,1.699829,0.388880,6.079439,-1.918887,-11.411909
0.095916,1.515126,0.410508,5.088116,-2.878511,-9.566050
0.065527,1.370197,0.359203,5.220057,-1.325704,-8.149377
0.018506,1.154977,0.366326,4.093909,-0.843954,-7.643748
0.025849,0.910287,0.326510,3.137088,-0.522524,-7.042026
-0.016399,0.690377,0.325371,2.078073,-1.122609,-6.169942
-0.063193,0.508500,0.279250,1.435831,-0.267567,-5.067139
-0.166633,0.341116,0.251113,0.812329,-0.241954,-3.082342
-0.211737,0.184054,0.206692,0.568664,1.179151,-2.013060
-0.256850,-0.052442,0.185093,-0.735078,0.385950,-1.032986
-0.300264,-0.284005,0.131616,-1.841794,0.037293,-0.475215
-0.339729,-0.457006,0.083321,-2.574290,0.654694,1.671725
-0.412264,-0.608238,0.037324,-3.608172,1.103478,3.246913
-0.414742,-0.782923,-0.004619,-4.776257,0.444391,3.839474
-0.404281,-1.023526,-0.060240,-6.167105,0.015748,4.772199
-0.378264,-1.234649,-0.101214,-7.483471,-0.805387,5.877400
-0.402105,-1.393657,-0.136973,-8.003636,0.967993,7.665119
-0.435845,-1.494957,-0.205182,-8.467070,0.593546,9.820705
-0.473117,-1.611053,-0.244420,-9.431339,0.429673,10.609916
-0.453547,-1.759574,-0.311038,-10.656575,-0.413198,11.490603
-0.435789,-1.911748,-0.361095,-10.901596,-0.818490,12.180360
-0.473612,-1.988212,-0.401721,-11.411125,-1.101469,13.055938
-0.530113,-2.002382,-0.445565,-11.782895,-2.577480,14.992075
-0.570352,-2.038296,-0.494729,-11.970499,-2.472780,16.359549
-0.522668,-2.104476,-0.539325,-12.587299,-1.577925,16.560813
-0.479557,-2.209639,-0.564544,-13.092821,-2.668797,16.572573
-0.456084,-2.224092,-0.563306,-13.675135,-4.929327,17.298406
-0.462797,-2.185303,-0.563004,-13.693028,-3.934321,18.159954
-0.449673,-2.137458,-0.592300,-13.834527,-3.821540,18.919094
-0.417982,-2.138144,-0.571512,-14.352453,-4.013871,18.715563
-0.347724,-2.116076,-0.586451,-14.366437,-3.268830,18.536822
-0.328965,-2.048307,-0.573016,-14.129205,-3.110508,18.413084
-0.360998,-1.924881,-0.569146,-13.179113,-2.344381,18.326583
-0.383887,-1.774903,-0.540789,-12.652045,-2.068909,17.518677
-0.370009,-1.686822,-0.518757,-12.082306,-1.753713,16.248927
-0.332602,-1.571474,-0.509425,-11.005968,-1.229235,15.385024
-0.336216,-1.435541,-0.441258,-10.779151,-1.618365,14.112174
-0.328624,-1.212660,-0.410633,-9.651089,-0.613263,13.870558
-0.330863,-1.018031,-0.330808,-9.003369,-1.432497,13.228539
-0.246520,-0.870676,-0.303531,-8.036641,0.062365,11.229599
-0.165710,-0.730775,-0.235003,-7.385609,1.027825,8.969274
-0.114396,-0.573746,-0.173264,-6.590077,0.297367,8.011119
-0.101387,-0.321812,-0.121194,-5.587063,0.674434,7.083800
-0.105832,-0.107115,-0.070356,-4.412836,0.926256,6.250182
-0.051879,0.104954,-0.020542,-3.578943,0.450959,4.804967
-0.010569,0.283840,0.050201,-3.258987,1.041486,1.766730
0.039202,0.497064,0.090424,-2.138356,0.827763,0.584560
-0.004441,0.754306,0.175315,-1.355134,-3.941751,-0.302340
0.006595,1.007759,0.186166,0.548644,1.126323,-0.673513
0.032575,1.217389,0.226806,1.520202,0.640280,-2.485856
0.093333,1.365713,0.276286,2.210745,0.285960,-4.699554
0.169781,1.532428,0.311057,2.382384,-0.084368,-7.156904
0.189856,1.712164,0.349172,3.237147,-1.137509,-8.100500
0.217235,1.934362,0.369018,4.268994,0.100837,-7.862454
0.223659,2.107396,0.436337,5.003997,0.368093,-8.900233
0.288982,2.241756,0.451653,5.706800,-0.207197,-10.380723
0.346363,2.337282,0.498162,5.645021,-1.262462,-11.967002
0.394700,2.465474,0.509831,5.937926,-0.354090,-12.554852
0.390836,2.621013,0.533350,6.633067,-0.510882,-12.730305
0.374188,2.743635,0.537354,7.300439,0.460382,-12.596151
0.389228,2.828381,0.536225,7.574184,0.417575,-13.726286
0.423723,2.874578,0.539134,7.419841,0.268231,-14.833774
0.464238,2.917266,0.536665,7.497280,0.303767,-15.492127
0.447146,2.978815,0.523624,7.441728,0.531420,-15.630073
0.451249,3.055689,0.503742,8.496231,1.051864,-15.171977
0.465364,3.060895,0.512831,7.957035,1.705397,-15.442942
0.530986,3.040111,0.482029,8.000346,1.470444,-15.657872
0.563112,2.992463,0.473475,7.466839,0.124381,-15.660785
0.575805,2.944372,0.432684,7.991589,0.561875,-15.732922
0.539813,2.912434,0.417079,8.560133,0.396065,-15.177974
0.525794,2.820289,0.397939,8.933261,0.203038,-15.320246
0.538831,2.714966,0.381557,8.759470,-0.654476,-15.091822
0.511410,2.581682,0.366274,8.426145,-1.485103,-14.467546
0.473065,2.485221,0.339033,8.003429,-2.101233,-13.669049
0.395658,2.375939,0.351457,7.463465,-1.807360,-12.730254
0.359515,2.248948,0.347669,6.829131,-2.327846,-12.277312
0.328119,2.057175,0.355238,5.962987,-2.653234,-11.957422
0.302158,1.855866,0.361665,4.918621,-2.577281,-10.934857
0.251192,1.686053,0.360241,4.307566,-2.433071,-9.819318
0.180006,1.530544,0.357254,4.031667,-1.425530,-8.962911
0.135460,1.349504,0.352944,3.603821,-0.768845,-8.608241
0.129407,1.136684,0.332238,2.878833,0.083063,-8.376645
0.104677,0.923762,0.327420,1.744524,-0.187554,-8.352857
0.048830,0.719469,0.303950,1.289447,0.759163,-6.881748
-0.047575,0.561791,0.284068,1.193850,0.048673,-6.608963
-0.113976,0.386692,0.254658,0.643346,1.767443,-5.618354
-0.146114,0.192395,0.203071,-0.277595,1.519176,-5.646440
-0.196273,-0.033962,0.181052,-1.334461,1.263126,-5.435764
-0.266238,-0.203054,0.087234,-1.691134,1.375619,-4.657486
-0.375425,-0.347750,0.087775,-2.770544,1.762552,-3.286011
-0.432736,-0.486194,0.011616,-3.341724,2.158611,-1.690383
-0.457791,-0.691386,-0.023716,-4.617804,2.200545,-1.447930
-0.421310,-0.905719,-0.082068,-5.618846,2.159682,-0.624721
-0.444589,-1.094909,-0.091442,-6.396781,2.207642,-0.006264
-0.447832,-1.223253,-0.165301,-7.100526,2.801454,1.271289
-0.491357,-1.349574,-0.188813,-8.105152,2.395066,2.359218
-0.460158,-1.482930,-0.250470,-8.974968,2.831092,4.201358
-0.461796,-1.652153,-0.286567,-9.671889,1.478238,5.075818
-0.446322,-1.770137,-0.346521,-10.526252,1.508187,6.479450
-0.472798,-1.843325,-0.389527,-11.205379,0.537872,7.311963
-0.492362,-1.904832,-0.444364,-11.372015,0.478920,8.705214
-0.483046,-1.969391,-0.485903,-12.385324,-0.303229,10.165779
-0.462262,-2.060032,-0.511142,-12.490017,-1.463197,11.814169
-0.450849,-2.083285,-0.532340,-13.077279,-1.929730,13.213349
-0.460335,-2.099342,-0.532172,-12.851837,-2.296477,14.592355
-0.426998,-2.093267,-0.574949,-13.036819,-2.202819,14.857836
-0.388653,-2.121466,-0.558570,-13.633901,-2.109768,15.667582
-0.310580,-2.140642,-0.557483,-14.080976,-2.255558,15.782820
-0.296354,-2.120554,-0.532484,-14.331147,-3.014359,17.084629
-0.275419,-2.044431,-0.527698,-13.600345,-1.911985,17.921263
-0.297690,-1.944372,-0.473430,-14.092711,-9.057617,18.040651
-0.215609,-1.877840,-0.509431,-13.549103,-1.455798,18.364103
-0.172705,-1.803319,-0.478682,-13.265579,-2.012237,17.042783
-0.169330,-1.703270,-0.454815,-12.489262,-2.084435,17.407970
-0.192215,-1.515091,-0.418173,-11.650576,-1.826084,17.375874
-0.196105,-1.349492,-0.422043,-10.408009,-1.217323,16.940325
-0.183576,-1.199038,-0.379732,-9.874938,-1.614117,15.985462
-0.124062,-1.070422,-0.351976,-9.339556,-1.363487,14.635909
-0.088405,-0.921032,-0.278338,-8.592433,-1.074258,13.419967
-0.075633,-0.699543,-0.246564,-7.464519,0.932483,13.118318
-0.080255,-0.486246,-0.180630,-6.686991,1.486316,12.849647
-0.043013,-0.335123,-0.136681,-5.891414,1.060429,11.236297
0.008450,-0.181882,-0.097656,-5.174687,0.751010,9.482156
0.079143,-0.014675,-0.055099,-4.865944,2.431306,7.994721
0.078227,0.201248,0.013123,-3.826438,2.241982,7.407948
0.065472,0.442589,0.049440,-2.937607,2.397001,6.962507
0.059898,0.662739,0.091127,-2.149510,1.308630,5.638328
0.100486,0.848505,0.123679,-1.094512,1.688608,3.292429
0.139724,1.034501,0.167962,-0.254979,0.681468,1.195837
0.161447,1.240291,0.191825,0.617092,0.970998,-0.018465
0.163416,1.471522,0.242634,1.716512,0.335554,-1.058480
0.171068,1.683689,0.251553,2.885726,0.439660,-2.202125
0.208937,1.868425,0.299759,3.491818,0.209479,-4.329571
0.272767,2.010394,0.333998,4.046816,0.131236,-5.581879
0.303097,2.180710,0.360782,5.144183,-0.161755,-7.580434
0.326057,2.371711,0.390803,6.310483,0.949245,-7.826496
0.318098,2.529849,0.420821,7.251387,0.647310,-8.880152
0.335803,2.639210,0.434151,7.749043,0.477969,-10.783187
0.324098,2.725594,0.533366,6.810414,-10.267782,-13.006554
0.409602,2.808217,0.491230,7.402099,0.422361,-13.179667
0.383989,2.908873,0.507852,8.074723,0.192840,-13.594012
0.360756,3.020997,0.533993,8.123014,0.592897,-13.607709
0.361540,3.089692,0.554751,8.127629,0.670303,-15.013637
0.375300,3.088701,0.547484,8.335966,0.677315,-15.901366
0.388141,3.100961,0.554292,7.856759,-0.112909,-16.257579
0.370498,3.099231,0.538992,8.007292,0.475694,-16.183793
0.333515,3.108609,0.545140,8.525523,0.794281,-16.732769
0.322115,3.062671,0.514482,9.009778,2.196447,-16.704874
0.344357,2.994085,0.482489,8.129231,1.438709,-17.157540
0.351184,2.876701,0.451620,8.095783,1.326033,-17.342237
0.340605,2.801790,0.409655,8.429726,1.762607,-16.587863
0.275544,2.712708,0.415753,7.743752,1.162909,-16.176759
0.259608,2.610361,0.388099,7.734896,0.822231,-15.789410
0.253086,2.455440,0.364718,7.268977,0.368848,-15.666749
0.252744,2.265547,0.333075,6.320156,0.253286,-14.842499
0.216004,2.105460,0.327390,5.815275,-0.641900,-13.758852
0.151885,1.963776,0.318708,5.570664,-0.280635,-12.688769
0.107808,1.791370,0.295288,5.183589,0.194078,-11.848042
0.096340,1.581349,0.274838,4.108092,0.674807,-10.831556
0.083351,1.371273,0.266727,3.182031,-0.559993,-9.406141
0.052558,1.157787,0.252193,2.249379,-0.720225,-8.770805
-0.002639,0.982393,0.236335,1.691020,-0.482734,-7.663551
-0.046167,0.807600,0.197406,0.645453,0.625404,-5.975345
-0.069095,0.591684,0.191261,-0.555745,0.569382,-5.385504
-0.064523,0.353395,0.152259,-1.009634,0.591352,-4.500019
-0.123849,0.156817,0.129679,-1.959440,-0.249228,-3.310232
-0.177127,-0.031441,0.094002,-2.147869,0.752947,-2.718701
-0.244049,-0.199348,0.039743,-2.885488,1.289271,-1.890574
-0.264141,-0.382455,-0.006444,-4.142606,1.429093,-0.359409
-0.273167,-0.582747,-0.040535,-4.950926,0.639082,0.298342
-0.296404,-0.782569,-0.077577,-5.446968,1.224820,1.598453
-0.322890,-0.917454,-0.111308,-6.429119,1.418665,2.603816
-0.346681,-1.072877,-0.164976,-6.846613,2.444732,3.634363
-0.316840,-1.243049,-0.204595,-7.927214,1.340290,4.051537
-0.299479,-1.443055,-0.233716,-8.875008,1.049072,4.815416
-0.290764,-1.559545,-0.300826,-9.601684,1.436571,6.324171
-0.337076,-1.659029,-0.323908,-10.445055,0.527664,7.566982
-0.356754,-1.718382,-0.370663,-11.038027,0.193423,9.145708
-0.364570,-1.828078,-0.399654,-11.531230,-0.220860,9.938333
-0.342784,-1.940735,-0.442854,-12.287606,-0.964903,10.577406
-0.356872,-2.008320,-0.459844,-12.562933,-1.350954,11.675727
-0.355133,-2.051376,-0.470830,-12.711401,-1.906723,13.030207
-0.363017,-2.053677,-0.486989,-12.636877,-1.194500,13.894079
-0.345200,-2.102067,-0.480418,-12.699699,-4.345421,14.606970
-0.289047,-2.120527,-0.502679,-13.562042,-3.123293,15.249328
-0.261875,-2.121496,-0.524344,-14.410822,-2.010179,16.233595
-0.245381,-2.090027,-0.549720,-14.293580,-3.232356,16.760262
-0.229156,-2.051452,-0.519600,-14.446672,-2.360875,16.831918
-0.179699,-2.006591,-0.517473,-14.638853,-2.426652,17.028283
-0.147738,-1.965183,-0.501380,-13.820580,-2.106972,16.614233
-0.132534,-1.870337,-0.456627,-13.166387,-2.523654,17.349863
-0.159076,-1.728020,-0.448887,-12.240893,-2.416105,16.982592
-0.145329,-1.593233,-0.459893,-12.208893,-1.571649,17.018044
-0.099956,-1.462887,-0.489198,-12.208548,2.928501,15.836293
-0.083961,-1.364105,-0.397297,-10.887081,-2.470591,14.357284
-0.073273,-1.203620,-0.380261,-9.781838,-1.442390,13.564097
-0.077563,-1.002876,-0.355695,-8.916391,-0.943653,13.932459
-0.078840,-0.792744,-0.323970,-8.894648,0.296655,13.072188
-0.043836,-0.632010,-0.272055,-8.248835,0.517481,11.722628
0.033419,-0.480647,-0.248510,-7.967891,1.671209,9.996448
0.067087,-0.344632,-0.162885,-5.872595,0.377278,8.322678
0.063565,-0.111835,-0.109578,-5.219039,0.379960,7.811969
0.069316,0.100112,-0.065600,-3.623758,1.055072,7.284182
0.087054,0.307855,-0.036347,-3.761821,1.311027,5.763960
0.118096,0.471448,0.032161,-2.846756,0.929095,4.307934
0.145632,0.663760,0.105290,-1.580244,0.286344,1.939294
0.130100,0.873918,0.150010,-0.554856,0.034778,1.466572
0.124382,1.102221,0.189160,1.082673,0.518790,0.936372
0.121611,1.274553,0.256828,1.764061,0.225672,-0.720629
0.181164,1.434828,0.291329,2.547766,0.559079,-2.709595
0.221230,1.572342,0.359581,2.907301,-0.347452,-4.259072
0.258597,1.763978,0.397772,3.762681,0.085311,-4.846645
0.230197,1.946166,0.435865,3.776306,-1.492557,-5.179626
0.246675,2.121278,0.471745,4.600736,-0.116546,-5.992879
0.265812,2.228413,0.518198,5.537892,-0.582895,-7.969211
0.324866,2.328301,0.514962,4.901874,-0.206229,-9.657862
0.331224,2.434596,0.572798,5.869733,-0.599478,-10.257507
0.309685,2.585346,0.562386,6.754635,0.868008,-10.474899
0.263786,2.730367,0.580436,7.246564,-0.230588,-10.439324
0.265191,2.820477,0.573977,7.048193,0.401672,-12.072224
0.290561,2.857404,0.556429,6.766216,0.369347,-13.360424
0.314067,2.874486,0.548400,7.059423,0.672775,-14.319289
0.308480,2.933760,0.530120,7.436867,1.011244,-13.899345
0.289885,2.983607,0.508216,7.722134,1.416618,-14.062838
0.290115,3.003771,0.505561,8.090187,1.067212,-14.864906
0.319742,2.942419,0.486411,8.156712,0.759385,-15.472647
0.345502,2.895854,0.463020,7.275486,0.349051,-15.273169
0.350712,2.832599,0.433902,7.810746,1.204015,-15.208511
0.311250,2.797381,0.411933,7.961538,1.187471,-15.081900
0.292501,2.716610,0.365926,8.076247,0.614761,-15.304734
0.298278,2.619027,0.346592,7.386938,-0.834964,-15.111931
0.290269,2.489902,0.312527,6.446868,-0.930276,-14.130378
0.244781,2.395516,0.324649,6.181683,-2.157845,-13.308182
0.178722,2.280486,0.294448,6.175886,-1.202075,-12.841972
0.154852,2.169402,0.260139,5.794175,-0.058952,-12.606311
0.146886,1.972314,0.271897,4.995325,-1.150662,-12.380611
0.149659,1.801860,0.216785,4.593233,-0.941964,-11.706572
0.091019,1.631666,0.247046,3.751790,-1.490295,-10.207953
0.054013,1.497667,0.216673,3.944551,-0.170890,-9.774187
0.010809,1.328831,0.219989,3.196697,-0.615558,-8.932794
0.030418,1.112276,0.192955,2.526979,-0.307419,-9.071666
0.021494,0.880788,0.199926,1.804196,-0.817490,-8.407284
-0.004963,0.713410,0.191668,1.055587,-1.545821,-7.143553
-0.074633,0.576929,0.174156,1.069537,-0.288562,-5.725243
-0.127818,0.411780,0.138328,0.463012,0.358417,-4.580093
-0.153122,0.214013,0.125848,-0.901547,-0.487372,-4.416307
-0.152653,-0.034990,0.087427,-1.520234,-0.693630,-3.891155
-0.203780,-0.211299,0.075962,-2.320210,-0.912805,-3.053029
-0.292517,-0.333166,0.040357,-2.555876,0.612787,-1.127228
-0.361074,-0.447395,0.015253,-3.227768,0.398322,0.503078
-0.375136,-0.658994,-0.022029,-3.829658,1.396521,0.758399
-0.324147,-0.865404,-0.063296,-4.956155,1.329323,1.300274
-0.326612,-1.068131,-0.077403,-6.345680,0.866286,2.362950
-0.326503,-1.188967,-0.125327,-6.704000,1.031436,3.500851
-0.371003,-1.294173,-0.136858,-7.642088,-0.154197,5.260092
-0.338422,-1.432994,-0.197409,-8.303470,1.251724,6.970764
-0.311243,-1.612494,-0.217669,-9.212141,0.771598,7.557545
-0.301622,-1.742544,-0.262224,-10.198707,-1.231053,9.392631
-0.334910,-1.825544,-0.319076,-10.030056,-1.306887,10.559253
-0.358583,-1.873356,-0.347348,-10.510956,-0.911012,12.311728
-0.363772,-1.950586,-0.392547,-10.931863,-1.331427,13.510423
-0.341806,-2.048809,-0.431076,-11.989695,-2.098844,15.107624
-0.338474,-2.105678,-0.447692,-12.610650,-2.835279,15.927322
-0.353380,-2.136667,-0.458347,-12.525622,-2.823548,17.428854
-0.333948,-2.121627,-0.483805,-13.100242,-2.618093,17.959415
-0.304750,-2.154786,-0.464341,-14.005814,-2.757098,18.735096
-0.233738,-2.181492,-0.483530,-14.453641,-3.964992,19.182523
-0.214772,-2.166935,-0.470892,-15.162277,-4.193667,19.778982
-0.218777,-2.071796,-0.468010,-14.797581,-3.197998,21.178088
-0.213246,-1.971127,-0.491513,-14.076722,-3.274499,21.295191
-0.188027,-1.911216,-0.496170,-13.999407,-3.897745,20.687471
-0.161945,-1.846792,-0.496797,-13.773415,-5.067334,19.178385
-0.176151,-1.745650,-0.518327,-12.808496,-4.268060,18.994383
-0.204705,-1.545582,-0.532687,-11.503139,-2.878693,19.207689
-0.247475,-1.354810,-0.502341,-10.778265,-2.273438,18.268462
-0.209980,-1.207996,-0.503274,-9.873964,-1.580400,17.374393
-0.178600,-1.095753,-0.440878,-9.679469,-1.337319,15.153451
-0.119434,-0.948690,-0.408565,-8.843777,-0.916206,13.233889
-0.134678,-0.745904,-0.329928,-8.073487,-2.571388,12.923794
-0.110792,-0.522786,-0.295147,-7.067725,1.067900,12.667777
-0.091330,-0.328784,-0.226722,-6.448732,0.326046,11.749200
-0.030707,-0.186487,-0.181572,-5.908502,0.878730,9.497734
0.021825,-0.009104,-0.133054,-5.342623,0.758235,6.753538
0.021034,0.223598,-0.062475,-4.512051,0.538003,5.554801
-0.013284,0.504571,-0.003739,-3.578595,0.638199,5.331875
-0.032617,0.732366,0.034987,-1.903692,1.495575,3.958909
-0.010973,0.951567,0.068954,-0.590392,0.835283,2.156233
0.017745,1.122779,0.133513,0.084897,0.870004,-0.727701
0.066765,1.348969,0.154865,1.214437,0.517943,-2.909147
0.057068,1.583746,0.223590,1.924720,0.569553,-4.456142
0.082760,1.823554,0.246780,3.042383,0.654998,-5.051328
0.091219,1.990253,0.349481,3.967141,-2.396593,-6.778136
0.184177,2.151676,0.363668,4.912516,-0.053907,-8.589194
0.239939,2.291879,0.419814,5.614685,-0.357260,-10.620004
0.278780,2.456756,0.462961,7.086086,0.101969,-11.107387
0.274618,2.614664,0.523142,7.464935,-0.499134,-12.337021
0.301147,2.739630,0.550878,7.725967,0.029014,-12.633036
0.315974,2.843972,0.592959,7.450042,-0.267584,-14.433675
0.359535,2.917121,0.617498,7.456039,0.812981,-15.140786
0.359771,3.027434,0.654537,7.756589,0.370407,-15.851150
0.338967,3.119947,0.665264,8.291153,2.248427,-15.998422
0.319883,3.201814,0.661703,8.653180,2.187108,-16.621762
0.315442,3.211497,0.669916,8.239251,0.502114,-17.006634
0.335547,3.226872,0.639668,8.345012,0.591131,-17.692608
0.339335,3.211635,0.628367,8.405924,0.474233,-17.882448
0.372671,3.200071,0.581054,7.958698,2.352362,-17.982991
0.385407,3.170506,0.532812,8.921352,2.769058,-18.085144
0.408768,3.092174,0.519465,8.874916,1.460081,-18.411515
0.428052,3.010412,0.446890,8.995506,0.575310,-17.979547
0.399243,2.901645,0.454417,8.587391,0.443956,-17.742839
0.408561,2.808203,0.381642,8.908587,0.642646,-17.289496
0.375701,2.667988,0.379049,8.357082,0.087073,-16.781616
0.371969,2.501053,0.330121,7.993536,-0.274714,-16.027154
0.350653,2.333927,0.312849,7.313464,-0.654994,-15.497375
0.282198,2.159410,0.304374,6.497703,-0.951736,-13.558151
0.220629,2.018173,0.275958,5.999797,-2.002655,-12.115196
0.150615,1.821607,0.285765,4.705781,-2.074094,-11.335430
0.157196,1.614466,0.247775,3.465831,-0.968082,-10.016517
0.141959,1.374743,0.256985,2.743967,-1.274052,-8.804328
0.110818,1.153716,0.239729,1.777792,-0.284830,-7.665758
0.047008,0.970080,0.230532,1.042444,-0.872268,-6.310509
0.003453,0.755396,0.223494,0.715835,-0.112925,-5.105041
0.004937,0.530000,0.182884,-0.445265,0.084218,-4.570610
-0.022107,0.283972,0.175062,-1.452573,-0.274165,-3.937969
-0.047470,0.079246,0.138827,-2.185554,0.457107,-3.284561
-0.131143,-0.100093,0.102963,-2.691263,0.328206,-2.403257
-0.185175,-0.256065,0.066646,-3.023879,1.279814,-1.087014
-0.252701,-0.422180,0.017180,-4.087077,0.345137,0.072958
-0.268825,-0.626958,-0.034962,-4.642311,0.670577,1.470374
-0.317776,-0.814077,-0.085078,-5.354531,0.414679,2.001527
-0.341393,-0.978458,-0.109627,-6.009177,2.148282,2.544776
-0.351798,-1.119304,-0.180948,-6.864889,2.982734,3.473927
-0.361964,-1.309893,-0.182130,-8.185447,0.809645,3.933809
-0.332743,-1.457202,-0.218666,-9.202189,1.283189,5.090071
-0.346766,-1.601688,-0.258512,-9.957570,0.887649,6.551677
-0.350324,-1.688020,-0.321174,-10.512814,2.154358,8.240319
-0.368903,-1.784353,-0.354113,-11.103055,1.393052,9.564328
-0.348660,-1.913891,-0.379247,-11.374789,-0.189923,9.774281
-0.352704,-2.030812,-0.412842,-11.677932,-0.994685,9.894019
-0.353780,-2.104634,-0.462863,-12.565165,-1.461664,11.396655
-0.408915,-2.115174,-0.474769,-12.596657,-1.814595,13.198855
-0.439633,-2.140727,-0.502151,-12.656532,-2.306534,14.606956
-0.425429,-2.171609,-0.504642,-12.874056,-2.456942,15.158643
-0.396688,-2.252416,-0.494588,-13.449096,-2.660706,15.227473
-0.355254,-2.271618,-0.492990,-14.034359,-3.855415,15.661557
-0.370275,-2.259660,-0.453184,-14.485004,-4.343021,16.829574
-0.351775,-2.199467,-0.473827,-14.457655,-2.458908,18.254992
-0.334368,-2.148024,-0.467262,-14.623182,-1.595102,18.688550
-0.286362,-2.116070,-0.445276,-15.195354,-2.864535,18.300418
-0.253003,-2.050437,-0.446435,-14.675563,-2.052372,17.914190
-0.256909,-1.941447,-0.455058,-14.145443,-0.155454,17.678486
-0.266917,-1.788161,-0.446576,-13.387840,-1.409487,17.596722
-0.292373,-1.643510,-0.423051,-12.813255,-1.544372,16.983984
-0.246891,-1.499227,-0.433912,-12.072701,-0.802856,16.150000
-0.219667,-1.346518,-0.448588,-11.526162,1.006611,15.185083
-0.218229,-1.177315,-0.420083,-9.805127,0.587621,14.617698
-0.191438,-0.956128,-0.390876,-8.884200,1.124473,13.758678
-0.172744,-0.779939,-0.343002,-8.087280,0.490060,12.640096
-0.112367,-0.612988,-0.316572,-7.344713,0.983866,11.046742
-0.078515,-0.456136,-0.240912,-6.496344,0.294784,9.940401
-0.030447,-0.242171,-0.215584,-5.693562,1.618066,9.491118
-0.024290,-0.010739,-0.153999,-4.980688,1.016247,9.102300
0.019354,0.172520,-0.096090,-3.885175,1.802316,7.839901
0.053842,0.350238,-0.035822,-3.387754,0.526786,6.277070
0.083181,0.527955,0.005061,-2.465668,1.195248,4.655680
0.095785,0.764544,0.059070,-1.754324,1.166957,4.312251
0.089378,0.982104,0.113411,-0.528055,2.027556,3.780023
0.091140,1.202713,0.168061,0.873096,0.578458,2.408176
0.123823,1.374992,0.229875,0.861424,-0.528856,0.459012
0.194704,1.550360,0.274599,1.122482,-0.075111,-1.458144
0.235558,1.738358,0.314099,2.165641,-0.076497,-2.603344
0.259900,1.942401,0.366221,3.054817,-0.295202,-3.369807
0.277658,2.136383,0.400874,4.403039,-0.162310,-4.948578
0.328500,2.288498,0.445702,5.011780,-0.427193,-6.454021
0.383710,2.437157,0.471752,5.696292,-0.646847,-8.524152
0.412097,2.573910,0.489841,6.539547,-0.495812,-9.362716
0.413810,2.741032,0.527642,7.355945,-1.515758,-10.449587
0.393863,2.901001,0.532221,8.084508,-0.416666,-11.332986
0.411378,3.027927,0.528091,9.202266,0.937126,-13.176291
0.426690,3.108766,0.558956,8.148768,0.096838,-15.235579
0.468771,3.174268,0.565291,8.805246,-0.282067,-16.016065
0.439948,3.233460,0.561205,9.034288,-0.518681,-16.732547
0.426575,3.306773,0.569673,9.779227,0.067480,-16.956066
0.402252,3.320563,0.559271,10.062616,0.640341,-17.605599
0.432973,3.294447,0.554354,9.637974,0.663046,-18.561020
0.457644,3.237907,0.543384,9.797914,0.901948,-18.751427
0.444747,3.189685,0.519803,9.230738,-0.232220,-18.718365
0.407429,3.144716,0.496117,9.381826,1.071736,-18.780074
0.363431,3.058210,0.465348,9.736066,1.569458,-18.829441
0.342358,2.952555,0.489910,8.496674,-2.577453,-18.791734
0.333062,2.782344,0.452828,8.354686,-0.556285,-18.416272
0.309878,2.670167,0.420913,7.569914,-1.072094,-17.384790
0.233066,2.539398,0.403533,7.317944,0.011498,-16.747687
0.196329,2.391075,0.365089,7.055678,-0.459961,-16.827360
0.162687,2.202948,0.361475,5.617366,-0.637883,-16.215313
0.164722,1.998662,0.308414,5.266832,-0.583571,-15.182182
0.121601,1.800892,0.311280,4.453917,-0.496596,-13.879717
0.077774,1.632624,0.269376,4.146425,0.346544,-12.549336
0.037348,1.444616,0.241403,3.903889,0.381348,-11.498267
0.042757,1.208773,0.211796,3.267368,0.574588,-10.993427
0.049877,0.976022,0.177770,1.803332,0.783528,-10.638139
0.013672,0.741091,0.175449,1.026524,-0.133919,-9.545491
-0.051803,0.574704,0.119044,0.524518,-0.096250,-7.508447
-0.140193,0.381152,0.124640,0.073334,-0.391486,-5.567769
-0.164890,0.177201,0.085990,-0.537616,-0.880726,-4.299254
-0.178394,-0.078032,0.048806,-1.887739,-0.566584,-4.647380
-0.210145,-0.304064,0.000367,-3.117117,-0.504962,-3.127605
-0.292422,-0.457321,-0.020043,-3.624046,-0.429663,-1.644427
-0.404632,-0.614009,-0.054741,-4.212010,-0.109931,0.572096
-0.438297,-0.782247,-0.103000,-4.889462,0.229917,2.784498
-0.435631,-1.035901,-0.102941,-6.021503,-0.105427,3.148186
-0.380129,-1.282025,-0.156513,-7.618383,0.845610,4.002310
-0.376006,-1.465264,-0.190940,-8.618243,1.044319,5.055572
-0.379347,-1.614825,-0.222080,-9.444908,2.104242,6.831875
-0.387875,-1.745814,-0.267125,-9.886820,1.415780,8.795895
-0.386411,-1.927392,-0.269597,-11.012512,0.956984,10.649165
-0.349667,-2.103002,-0.311152,-11.945204,0.282653,12.065094
-0.373002,-2.234743,-0.336030,-12.064658,-0.403390,12.890235
-0.398549,-2.310187,-0.392468,-12.583504,-0.011381,14.582747
-0.436698,-2.378580,-0.419732,-13.141738,-0.722200,15.116406
-0.440831,-2.471302,-0.447413,-13.486969,-1.181094,16.763361
-0.443519,-2.516193,-0.476006,-13.935862,-1.452138,18.472305
-0.482577,-2.533373,-0.481255,-14.327053,-1.859702,20.111899
-0.489348,-2.506408,-0.519945,-14.628716,-2.598851,20.762954
-0.482774,-2.511102,-0.496006,-15.437082,-3.109225,20.408202
-0.417883,-2.523575,-0.514457,-16.227415,-3.193974,20.444582
-0.373531,-2.520023,-0.504898,-16.700555,-3.530434,21.083244
-0.345085,-2.433209,-0.547984,-16.976579,-3.010456,22.214451
-0.374049,-2.302732,-0.543451,-16.164110,-2.829801,22.589616
-0.352559,-2.195262,-0.563372,-15.732538,-2.285339,22.212236
-0.309996,-2.116296,-0.570967,-15.216418,-2.804703,20.262930
-0.275425,-2.010224,-0.577174,-14.687817,-2.539574,19.017086
-0.289812,-1.806198,-0.613767,-13.123834,-1.953439,18.697272
-0.344678,-1.564173,-0.579246,-12.242099,-1.573110,17.918004
-0.335727,-1.343748,-0.573590,-10.857799,0.077806,17.413155
-0.285174,-1.181421,-0.545469,-10.126990,0.654261,15.208950
-0.207144,-1.059344,-0.514306,-8.733714,2.416835,12.986478
-0.163402,-0.851943,-0.471138,-8.364515,2.104268,11.817088
-0.171264,-0.597469,-0.393341,-7.550408,2.509921,10.989059
-0.124663,-0.353314,-0.323386,-6.730881,4.115805,10.135382
-0.077757,-0.136883,-0.264328,-5.935829,4.219447,8.690880
0.008909,0.045831,-0.204417,-5.449713,4.565420,5.927146
0.048643,0.290294,-0.123555,-4.851416,3.570007,3.786245
0.021809,0.565457,-0.048964,-3.242506,3.191371,2.804259
0.007412,0.851588,0.015709,-1.442086,2.937366,1.564381
0.006595,1.105842,0.094399,-0.491840,1.789924,-0.040677
0.071291,1.308441,0.149489,0.604793,1.004729,-2.631511
0.112368,1.545206,0.209977,1.568290,0.343504,-4.944298
0.129124,1.793864,0.283957,3.266538,-0.065599,-6.242908
0.147680,2.066208,0.311306,4.548726,0.262155,-7.351014
0.170815,2.258585,0.411975,5.730079,-0.688862,-9.274011
0.287052,2.445415,0.473176,7.045082,-0.490465,-10.594840
0.365798,2.590154,0.521815,7.943281,-0.973354,-12.097342
0.442919,2.737670,0.584707,9.345998,-0.080213,-13.065050
0.493340,2.907395,0.649581,9.922200,0.321187,-14.248106
0.544845,3.020370,0.685317,10.311756,1.319087,-14.971419
0.601355,3.137350,0.702678,10.265936,1.054496,-16.264865
0.635926,3.213683,0.761630,9.519894,0.626105,-16.385292
0.650769,3.315343,0.787312,10.066935,0.945385,-16.641249
0.612703,3.429868,0.817793,10.644936,0.076710,-16.759193
0.589394,3.480877,0.800754,10.998169,-0.316348,-17.271819
0.586929,3.508315,0.791028,10.770574,-0.747319,-18.564772
0.581309,3.474939,0.788563,10.914335,-1.479168,-18.878497
0.580876,3.476363,0.718824,10.456337,-2.002212,-18.329023
0.530185,3.448466,0.719592,10.869737,-1.555472,-18.092038
0.506486,3.403470,0.676467,10.429096,-1.681803,-17.804545
0.497679,3.288841,0.635686,10.795732,-1.532781,-18.673968
0.531534,3.130401,0.602504,10.749591,-1.571313,-18.519674
0.524087,2.995778,0.557062,9.623072,-1.858815,-17.940209
0.486083,2.852927,0.500371,9.589401,0.044723,-16.612507
0.437178,2.714729,0.459518,8.922659,-0.495159,-15.916785
0.374043,2.485307,0.447662,8.690289,-0.461320,-16.088949
0.362959,2.275736,0.377657,7.167442,-0.561057,-14.776977
0.296972,2.050508,0.367849,6.359890,-0.493721,-13.417421
0.223639,1.863688,0.331112,5.689285,0.782195,-11.848715
0.122898,1.662278,0.294392,4.413992,-3.198279,-10.984315
0.097104,1.420805,0.233250,4.137926,2.585318,-9.748677
0.078854,1.180547,0.214638,2.746344,1.566652,-9.097687
0.028961,0.932306,0.185517,1.840106,1.661955,-7.840969
-0.044628,0.726888,0.167923,1.015410,0.520513,-6.080805
-0.122924,0.509495,0.143419,0.620398,0.817646,-5.087740
-0.151015,0.299839,0.088918,-0.529535,0.806220,-4.276151
-0.182746,0.040576,0.068114,-2.081301,0.704176,-3.816376
-0.218882,-0.185883,0.021867,-3.449874,-0.017579,-2.441583
-0.311795,-0.383030,0.000778,-3.608478,0.027932,-1.533603
-0.393255,-0.528600,-0.055969,-3.993761,1.123015,-0.143230
-0.461734,-0.702533,-0.085623,-4.479538,1.323257,0.534627
-0.475293,-0.923336,-0.157518,-5.455722,2.182695,1.260361
-0.509529,-1.121996,-0.182980,-6.278977,1.482275,2.332650
-0.558414,-1.316457,-0.218164,-7.014227,1.801351,3.244366
-0.585032,-1.430614,-0.285805,-7.497986,2.556105,4.492820
-0.600636,-1.596998,-0.284781,-8.892468,2.209053,5.329252
-0.556333,-1.782800,-0.335636,-10.194247,2.353963,5.838240
-0.538605,-1.933658,-0.372176,-10.726350,1.716514,6.957154
-0.536330,-2.039211,-0.393844,-10.579365,2.363046,8.982955
-0.568304,-2.118223,-0.416371,-10.856968,1.290355,10.386523
-0.541651,-2.207308,-0.442850,-11.593153,1.490804,11.524326
-0.517220,-2.336052,-0.469510,-12.080526,0.088290,11.788282
-0.489368,-2.440569,-0.513994,-12.696850,-0.281178,12.505848
-0.522439,-2.433232,-0.498035,-12.176245,-0.657201,14.393861
-0.548741,-2.411112,-0.509261,-12.165006,-0.685203,15.921833
-0.552433,-2.397969,-0.505794,-12.571944,-1.788201,17.180287
-0.522645,-2.453393,-0.496653,-13.931710,-1.993320,16.811611
-0.457899,-2.466490,-0.502148,-14.118454,-2.804319,17.379120
-0.456852,-2.400500,-0.464859,-14.659856,-3.515305,18.848724
-0.427497,-2.280589,-0.475094,-14.156616,0.265460,19.872942
-0.421773,-2.183685,-0.466435,-14.647137,-3.147140,20.211565
-0.324114,-2.130122,-0.479850,-14.959438,-2.489829,19.771893
-0.248361,-2.063177,-0.470804,-14.063132,-2.634505,19.337568
-0.221679,-1.930363,-0.473466,-13.358019,-2.695976,19.081743
-0.228693,-1.719374,-0.483175,-12.294748,-1.609430,18.983523
-0.210101,-1.553194,-0.480145,-11.062984,-1.547477,18.568090
-0.148907,-1.389104,-0.481701,-10.189511,-0.529134,16.960310
-0.088100,-1.243522,-0.459867,-9.382316,-0.792402,16.004473
-0.049436,-1.040956,-0.443832,-8.033848,-0.088877,15.020658
-0.058174,-0.817336,-0.389317,-6.936375,0.278707,14.973391
-0.029430,-0.611829,-0.368247,-5.755495,0.752061,13.841268
0.019278,-0.451049,-0.289347,-5.910610,0.791640,12.361005
0.109000,-0.263884,-0.236582,-5.353586,0.449856,10.854853
0.125071,-0.063196,-0.168954,-4.875634,0.929552,9.821439
0.140856,0.189851,-0.104759,-4.297537,0.879993,9.079085
0.140600,0.418670,-0.007442,-3.110007,0.469025,8.278672
0.193523,0.643743,0.039310,-3.009574,1.219243,6.813713
0.236211,0.808377,0.105878,-1.573413,0.423160,4.639568
0.278692,1.023453,0.171369,-0.986569,0.131298,2.231049
0.281617,1.272052,0.201863,0.339753,0.185596,1.957912
0.285142,1.518484,0.255853,1.732484,-0.320477,0.560350
0.324469,1.757964,0.297750,2.449585,-0.855580,-1.341459
0.382483,1.916719,0.328224,3.893818,-1.145242,-3.546407
0.430951,2.109645,0.366599,4.403026,-1.703572,-6.185923
0.461123,2.312992,0.403247,5.835622,-1.633111,-7.664941
0.464199,2.525750,0.453570,7.893546,-1.582473,-8.754101
0.469841,2.706057,0.479160,8.425639,-1.378640,-9.861770
0.530537,2.823972,0.543168,9.435224,-1.188098,-12.323630
0.561533,2.912096,0.561254,8.897532,-1.174282,-14.054280
0.593694,3.025360,0.572299,8.656548,-0.267548,-16.266527
0.573208,3.174645,0.622081,9.310800,-0.425361,-15.775576
0.522587,3.278862,0.649446,9.382272,-0.239116,-16.694497
0.519005,3.345650,0.671895,9.903076,0.443625,-17.833931
0.512536,3.349159,0.687605,9.125673,0.088340,-19.229190
0.531160,3.368424,0.678683,8.797896,0.929997,-19.396956
0.484527,3.390954,0.645987,8.495285,1.469495,-19.562007
0.460273,3.384048,0.642806,9.261750,1.641997,-19.896294
0.427570,3.349675,0.630425,9.773098,1.206417,-20.474108
0.422259,3.248838,0.576606,9.242371,1.340433,-21.597921
0.433258,3.170375,0.537565,9.580272,1.743687,-20.728795
0.394617,3.070710,0.502436,8.740546,0.642819,-20.752962
0.373764,2.966036,0.453935,9.178686,1.516552,-20.686990
0.368827,2.836009,0.417201,9.265743,2.685914,-20.535156
0.353725,2.645388,0.364961,8.662903,0.600657,-19.896721
0.322352,2.478076,0.348247,8.287898,0.328319,-18.607324
0.267532,2.308666,0.310591,7.594930,0.688255,-17.431628
0.208743,2.143753,0.255265,6.908733,0.239671,-16.719882
0.143879,1.935449,0.269432,6.055293,-0.676625,-16.565837
0.132108,1.717971,0.237031,4.913432,-1.186276,-15.326405
0.071839,1.488909,0.236092,3.697653,-1.933953,-13.701729
0.016980,1.307226,0.227486,2.942922,-2.018528,-11.603441
-0.054544,1.123003,0.211881,2.730148,-1.170152,-10.469937
-0.082360,0.899104,0.205214,1.361460,-1.169256,-9.438352
-0.079773,0.637533,0.177891,0.266853,-1.415659,-9.591595
-0.084565,0.376166,0.141611,-0.564496,-1.575477,-8.401520
-0.144020,0.187507,0.125133,-0.506551,-0.117934,-6.704140
-0.248871,0.020628,0.097416,-1.151094,0.758747,-4.263744
-0.309379,-0.156112,0.046985,-1.566894,1.534403,-3.044471
-0.303891,-0.413192,0.041611,-3.395750,1.330049,-4.042299
-0.287853,-0.658840,-0.021523,-4.739924,1.292225,-3.073546
-0.366021,-0.831467,-0.049818,-4.947233,1.237169,-0.807031
-0.436485,-0.943835,-0.098867,-5.502651,2.170386,1.490067
-0.487051,-1.071578,-0.126853,-6.043380,2.569435,3.601086
-0.440778,-1.310743,-0.158965,-7.189122,2.888416,3.917268
-0.375087,-1.547082,-0.214701,-8.624929,2.605047,4.193170
-0.357864,-1.725893,-0.232824,-10.046927,1.731235,5.426963
-0.372205,-1.800690,-0.264023,-10.076994,2.122850,7.605630
-0.407862,-1.874223,-0.300721,-10.009826,2.897666,10.025803
-0.390353,-2.017344,-0.320501,-10.948633,0.720780,11.453010
-0.336731,-2.173857,-0.366681,-11.437086,-1.440591,12.610811
-0.331210,-2.295330,-0.363540,-11.791826,-1.254959,13.841021
-0.356085,-2.297740,-0.426556,-12.843657,-2.204539,15.191893
-0.419153,-2.297382,-0.418843,-13.024326,-2.950594,17.156586
-0.407878,-2.342292,-0.460234,-13.793657,-4.076569,18.624855
-0.357749,-2.395813,-0.450167,-14.502565,-5.544351,18.991945
-0.346195,-2.412422,-0.469622,-14.735458,-5.180131,20.283211
-0.359846,-2.341183,-0.489162,-15.317181,-4.194691,21.037987
-0.357017,-2.312511,-0.478665,-14.782288,-4.143902,21.179103
-0.302850,-2.289100,-0.494697,-15.763419,-4.135663,21.112529
-0.232691,-2.302857,-0.497749,-16.052434,-3.979054,20.322280
-0.219903,-2.199546,-0.506750,-14.945951,-3.656538,20.777025
-0.265726,-2.025570,-0.489599,-14.667465,-3.570480,21.091033
-0.274122,-1.866181,-0.497277,-13.708088,-2.452048,20.483104
-0.240773,-1.777348,-0.484528,-12.843973,-1.731769,18.682961
-0.166593,-1.669527,-0.513577,-13.351520,-1.565350,16.853447
-0.165802,-1.498758,-0.488532,-11.740528,-0.508796,15.851877
-0.209435,-1.248908,-0.485627,-10.291775,1.184893,15.900181
-0.242158,-0.992244,-0.439299,-9.003549,2.053525,16.070706
-0.225811,-0.849711,-0.393666,-8.034524,0.930609,14.422762
-0.126061,-0.716976,-0.382142,-7.941559,1.089397,11.913958
-0.075492,-0.560873,-0.284778,-6.877481,1.751937,10.014507
-0.066095,-0.302476,-0.269301,-6.137485,2.208849,9.330151
-0.091859,-0.040169,-0.192876,-5.610779,3.357387,9.120969
-0.057098,0.196757,-0.144428,-4.723352,4.476981,8.459377
0.012743,0.343463,-0.064907,-3.653156,2.981341,5.724418
0.084556,0.526199,0.010678,-3.097954,2.723837,3.448554
0.068127,0.775914,0.061723,-2.087965,1.791779,2.561729
0.044264,1.028117,0.111202,-0.438838,2.003118,2.129326
0.073930,1.275564,0.170171,0.484242,1.729993,0.641602
0.104109,1.421915,0.223603,1.878973,0.323554,-1.804585
0.192781,1.601415,0.260750,2.648964,-0.332136,-3.338684
0.206196,1.803754,0.339446,3.348231,-1.297413,-4.501921
0.220396,2.042148,0.382762,4.735809,-1.093527,-4.964119
0.241072,2.229470,0.423822,6.107237,-0.188113,-5.757311
0.307587,2.349991,0.481409,6.972376,-0.772640,-7.371665
0.392320,2.456848,0.520273,7.246886,-0.779274,-9.239206
0.436285,2.554569,0.551111,7.421393,-0.546243,-10.216399
0.432592,2.717815,0.589788,8.920525,0.243311,-10.091161
0.395809,2.837768,0.656231,9.351272,-0.506949,-10.748925
0.415336,2.937220,0.634055,8.353825,-0.215223,-11.919946
0.438051,2.975890,0.683121,7.814928,-0.089220,-13.568567
0.466418,3.026177,0.674744,7.584290,0.326560,-13.897665
0.414230,3.110345,0.705980,8.928606,1.041767,-13.684739
0.375491,3.175679,0.678814,9.146872,1.715776,-13.801116
0.350767,3.195567,0.640213,9.086143,2.056309,-15.211180
0.367301,3.114655,0.632292,9.423968,1.568385,-16.464928
0.385138,3.073198,0.577574,9.095997,0.764207,-16.361445
0.339660,3.046604,0.558162,8.999392,0.184483,-15.305793
0.306176,3.017397,0.519669,9.220996,0.774442,-15.797955
0.313748,2.930934,0.481425,9.402883,0.974474,-16.253976
0.354083,2.773827,0.406080,8.574452,0.835705,-16.532395
0.360480,2.623455,0.382391,8.048221,-0.301899,-15.961212
0.312636,2.494885,0.336341,7.663654,-0.117130,-14.640731
0.239230,2.393490,0.307357,8.281960,0.160068,-14.099387
0.192127,2.244294,0.293811,7.235004,-0.009818,-13.673364
0.204384,2.046205,0.268057,6.113671,0.620775,-13.250796
0.177035,1.842792,0.233158,5.380802,-0.272015,-12.748192
0.106426,1.656120,0.217796,4.913619,-0.919315,-11.287810
0.005836,1.516331,0.227138,4.705512,-2.024995,-10.333988
-0.042425,1.340750,0.211484,3.667172,0.129637,-9.325043
-0.035191,1.106289,0.181650,2.786084,-0.409250,-8.973834
-0.034961,0.867455,0.192646,1.429565,-1.377560,-7.720014
-0.058887,0.677556,0.172173,0.815276,-0.713253,-6.505910
-0.131914,0.517540,0.168169,1.025034,-0.709564,-5.086418
-0.176398,0.345790,0.124604,-0.224820,-0.294647,-4.766046
-0.161801,0.131151,0.102756,-1.235518,0.082797,-4.984676
-0.171277,-0.125654,0.051061,-1.733507,0.253166,-4.588742
-0.224564,-0.272280,0.005478,-2.310451,0.256530,-3.176284
-0.344990,-0.391508,-0.007058,-2.698566,0.313011,-1.659092
-0.393147,-0.498404,-0.046384,-3.686426,1.250187,-0.540757
-0.394033,-0.697475,-0.105728,-4.288891,1.941114,-0.604644
-0.364511,-0.929596,-0.144283,-5.485819,1.066315,-0.621306
-0.381954,-1.098132,-0.182612,-5.577402,1.467888,0.294077
-0.443447,-1.196327,-0.201027,-6.309041,1.918639,1.662907
-0.455448,-1.275863,-0.257806,-7.192480,2.581551,3.483529
-0.444254,-1.439775,-0.256644,-8.158167,1.700426,4.349675
-0.368479,-1.614677,-0.278404,-9.637381,0.034047,4.385171
-0.351660,-1.761051,-0.310509,-9.928074,-0.361122,5.368733
-0.373511,-1.835323,-0.335840,-10.018790,-0.878595,6.774508
-0.404110,-1.877591,-0.364259,-9.804263,-0.100509,8.685737
-0.405978,-1.980206,-0.399007,-10.395992,-0.529156,10.671247
-0.367176,-2.089101,-0.407223,-11.393748,-2.072004,11.112845
-0.386985,-2.160504,-0.413811,-11.616987,-2.678559,12.046792
-0.397965,-2.148146,-0.467744,-11.588564,-2.867838,13.500046
-0.403083,-2.158689,-0.430246,-12.524939,-2.702117,14.030905
-0.346040,-2.195571,-0.448788,-13.260963,-3.303946,15.099728
-0.297309,-2.243790,-0.415137,-14.019696,-4.136815,15.909471
-0.263283,-2.226288,-0.420284,-14.684859,-3.583698,17.620292
-0.285250,-2.133532,-0.410604,-14.475804,-4.136267,18.754193
-0.242653,-2.051094,-0.422188,-14.197102,-2.314212,19.299616
-0.199447,-2.012575,-0.415380,-14.080696,-3.891141,17.872911
-0.128992,-1.985977,-0.433794,-14.106080,-4.399121,17.466050
-0.110089,-1.880181,-0.454795,-12.866526,-3.285636,16.937691
-0.171191,-1.682289,-0.438905,-11.762921,-2.463809,17.969624
-0.186747,-1.471202,-0.473840,-10.788890,-1.843336,18.863082
-0.172531,-1.337488,-0.452891,-10.584861,-2.145147,16.618578
-0.085188,-1.238910,-0.461649,-9.623622,-1.470245,14.593411
-0.046393,-1.093672,-0.439125,-9.264946,-1.198541,12.882317
-0.053414,-0.876509,-0.398403,-7.275149,-0.592846,13.546246
-0.081745,-0.646820,-0.352170,-6.353466,0.452968,13.268078
-0.057649,-0.488022,-0.328773,-5.680941,1.369484,11.948726
0.024156,-0.343854,-0.247243,-5.934739,-0.492755,9.711914
0.095027,-0.208667,-0.184542,-5.634287,0.642814,7.747015
0.106499,0.025184,-0.139031,-4.790136,0.151410,7.409541
0.060604,0.297088,-0.058697,-4.051712,1.519415,7.450018
0.063946,0.532452,-0.016534,-4.004606,1.368062,6.468525
0.093343,0.709724,0.042511,-2.805643,1.436885,3.768674
0.159602,0.868167,0.111862,-1.765731,0.411733,1.272476
0.185422,1.086203,0.140836,-0.848510,0.308937,-0.657867
0.158397,1.366898,0.172571,0.088465,0.663378,-0.789351
0.137833,1.635900,0.175462,1.337029,0.833924,-2.009166
0.160048,1.827444,0.262135,2.512086,0.377176,-4.894259
0.253532,1.990965,0.310466,4.061399,-0.160596,-7.874488
0.299181,2.151542,0.340947,4.252539,-0.924567,-10.416165
0.333230,2.379937,0.349934,4.684383,-0.817245,-10.992348
0.301495,2.594779,0.431404,7.425910,-0.195732,-11.498987
0.328647,2.762666,0.466027,8.519064,0.032060,-13.074695
0.382489,2.874440,0.503138,8.251404,-0.142159,-15.177361
0.463073,2.962833,0.529844,8.520508,0.556455,-16.549906
0.469651,3.082622,0.570635,9.276938,1.261759,-17.645475
0.445820,3.228070,0.560075,8.063523,0.340362,-17.289586
0.419183,3.310364,0.635972,10.144700,0.680216,-18.661296
0.449651,3.336039,0.645288,9.812471,1.975525,-18.755351
0.484829,3.338764,0.637321,8.856314,1.405806,-19.083161
0.461146,3.311060,0.651370,9.542806,0.316824,-19.328280
0.440663,3.329428,0.683797,11.743532,0.638510,-19.544659
0.402715,3.324180,0.605547,8.931967,1.385474,-19.436509
0.447002,3.249206,0.579097,9.285936,1.667416,-20.040844
0.435973,3.131130,0.594791,9.154743,-0.395386,-19.130536
0.432868,3.053349,0.590468,9.817451,-0.891090,-18.329696
0.360273,2.984290,0.513901,8.304497,-0.831071,-17.983230
0.338803,2.860700,0.546549,10.079101,-0.626158,-17.730668
0.343188,2.702916,0.467905,7.964634,-0.803173,-17.786834
0.353000,2.488668,0.471650,8.604952,-1.465684,-16.311567
0.299972,2.335181,0.384406,6.169075,-1.466468,-15.273622
0.227000,2.184399,0.408332,7.825268,0.902214,-13.485056
0.152335,2.033958,0.414519,8.316610,-0.342923,-12.617476
0.136940,1.812863,0.362988,5.936272,-0.494762,-12.647310
0.154685,1.541077,0.353820,6.308454,-0.820655,-11.979099
0.088669,1.325119,0.287679,2.576950,-1.049795,-10.305800
0.006489,1.132555,0.288447,3.302658,0.081960,-8.256910
-0.072919,0.950199,0.283458,2.952638,0.473893,-6.933951
-0.075122,0.722496,0.234927,1.642155,2.177078,-5.676498
-0.080291,0.443239,0.212708,-0.039244,1.342551,-5.416071
-0.101043,0.205246,0.146154,-1.535471,0.690656,-3.952123
-0.218584,0.024817,0.115627,-2.690528,0.433706,-2.410203
-0.313453,-0.140054,0.087900,-2.305790,1.454912,-0.966999
-0.362473,-0.332136,0.056829,-3.319279,1.546266,0.309934
-0.370945,-0.607424,0.065786,-3.167679,1.027693,1.517771
-0.375999,-0.825030,0.000420,-3.884859,1.110073,2.907863
-0.454315,-0.982646,-0.081786,-7.129989,1.050086,4.506731
-0.469401,-1.126726,-0.106755,-7.421420,2.623408,5.541899
-0.471820,-1.312377,-0.182458,-9.090740,2.049303,7.381124
-0.421852,-1.568628,-0.241663,-10.577225,2.098363,7.800853
-0.407209,-1.747974,-0.212446,-9.357169,1.540434,9.285109
-0.460128,-1.839216,-0.314514,-10.293068,2.773817,11.472816
-0.500351,-1.922878,-0.316161,-9.567426,1.550432,12.964521
-0.503883,-2.052601,-0.403786,-11.255400,1.034732,12.909512
-0.453534,-2.232511,-0.470416,-11.896598,0.001204,12.986875
-0.481077,-2.366382,-0.444948,-12.078455,-1.319249,14.101606
-0.534177,-2.343999,-0.515839,-13.028294,-1.683471,16.843765
-0.615857,-2.333272,-0.539118,-13.300268,-1.510510,18.218452
-0.597042,-2.380290,-0.501412,-12.125253,-2.007977,18.325579
-0.535490,-2.480933,-0.540099,-14.881710,-4.300914,17.723828
-0.467658,-2.524993,-0.536535,-14.768486,-3.835865,18.364851
-0.481119,-2.465837,-0.535911,-14.414793,-3.207977,19.686698
-0.516136,-2.356709,-0.550593,-14.853573,-2.621500,21.302356
-0.481021,-2.316745,-0.535780,-14.691811,-2.515537,20.724417
-0.385495,-2.325099,-0.555707,-15.571741,-2.762931,19.306099
-0.330383,-2.259660,-0.539210,-15.316043,-2.764746,18.639420
-0.361182,-2.113395,-0.547150,-14.053998,-1.970554,18.721498
-0.401711,-1.887694,-0.560132,-12.916246,-1.288384,18.669311
-0.418405,-1.751653,-0.507199,-11.841864,-0.907924,17.384385
-0.340273,-1.631946,-0.527160,-10.897024,-1.029325,15.772704
-0.297414,-1.510181,-0.468332,-10.837671,-1.351732,13.988428
-0.294276,-1.285343,-0.451647,-9.960055,-0.783710,13.879228
-0.301682,-1.029644,-0.398925,-8.587192,-0.043812,13.708226
-0.262365,-0.852852,-0.337547,-8.183009,-2.467611,12.337399
-0.146984,-0.728507,-0.324151,-7.441230,1.683344,10.628118
-0.057731,-0.582074,-0.259812,-6.844781,1.471423,8.962850
-0.040019,-0.334611,-0.187322,-6.200416,0.669012,8.582701
-0.072571,-0.057743,-0.109227,-4.938292,0.528773,8.300564
-0.024306,0.178297,-0.084812,-3.774373,0.948829,7.026472
0.035648,0.337708,0.001342,-3.712738,0.784336,4.530527
0.125623,0.515023,0.049456,-2.936849,0.813097,2.683195
0.128396,0.738590,0.091107,-1.626398,0.559105,2.097719
0.112299,1.021188,0.151799,0.002059,1.085454,2.067610
0.118083,1.271887,0.203166,1.644173,0.537113,0.603878
0.200203,1.452448,0.249902,2.011820,-0.305158,-1.803225
0.293013,1.619977,0.294155,2.118659,-0.907367,-4.340512
0.375360,1.790805,0.335238,3.772735,-0.671547,-5.139483
0.366136,2.034434,0.381081,5.208733,-0.877530,-5.401601
0.381232,2.240663,0.414667,6.207365,-0.114934,-5.732021
0.441675,2.399999,0.452641,6.520736,-0.995606,-7.804148
0.528886,2.481167,0.514761,7.604271,-1.249250,-10.809047
0.611104,2.603376,0.501592,7.168790,-1.837082,-12.211535
0.590622,2.766992,0.564343,8.061538,-0.616054,-11.826043
0.547664,2.949772,0.586125,9.104814,-1.098891,-11.805043
0.533218,3.052706,0.621585,9.417745,-0.165783,-13.177219
0.586135,3.100531,0.632109,8.985162,-1.294666,-14.683675
0.623696,3.111192,0.616944,7.932262,-0.850450,-16.528132
0.625842,3.170404,0.630192,8.714394,-0.420881,-16.411072
0.548672,3.276046,0.616366,9.318464,0.116356,-15.340192
0.516882,3.304272,0.621713,9.575207,0.412212,-16.010556
0.540335,3.266770,0.574364,8.842357,0.818157,-16.641807
0.582064,3.161994,0.544799,8.795290,0.348897,-17.093386
0.589591,3.110762,0.504382,8.095783,-0.462499,-17.440230
0.527277,3.071281,0.476669,9.035184,0.082931,-17.158938
0.477240,3.021408,0.441648,9.824722,0.559853,-17.295208
0.478658,2.888758,0.406014,8.364067,-0.012185,-18.270641
0.503926,2.710535,0.382752,8.254595,-0.704375,-17.670893
0.459209,2.575505,0.339430,7.435243,-1.534297,-15.956050
0.379072,2.475308,0.303218,7.844776,-0.688567,-15.821236
0.296959,2.350888,0.283619,7.700598,-0.549480,-14.956191
0.270519,2.137782,0.272692,6.942001,-0.961935,-15.186979
0.261180,1.913201,0.263383,5.892931,-1.739419,-14.841347
0.194432,1.701730,0.253811,4.947293,-2.026035,-12.546145
0.107575,1.557532,0.210233,3.907289,-1.030449,-11.414730
-0.002025,1.380316,0.240015,3.832998,-0.059664,-10.764113
-0.003847,1.154304,0.206508,2.486726,-0.092039,-10.471149
0.006427,0.864127,0.233329,1.404017,-0.572880,-10.742972
-0.008432,0.641331,0.198413,0.210136,-0.342830,-9.324204
-0.112016,0.476044,0.186767,0.311074,0.811751,-7.436974
-0.224614,0.341181,0.153109,-0.068750,1.707801,-5.915711
-0.284082,0.141373,0.143511,-0.566984,1.369017,-5.644564
-0.275659,-0.161711,0.078509,-2.100096,1.009095,-6.283069
-0.306323,-0.382570,0.030622,-3.283746,0.550227,-5.907854
-0.416538,-0.523679,0.003226,-3.337463,0.769431,-3.943908
-0.539951,-0.588107,-0.049604,-3.797602,2.053806,-2.338754
-0.592453,-0.752577,-0.088377,-4.608476,2.763443,-0.788549
-0.544572,-1.005190,-0.150063,-5.491002,2.462611,-0.519782
-0.507166,-1.259254,-0.163712,-7.229775,1.746892,-0.057634
-0.516724,-1.392754,-0.204043,-8.017419,2.134486,1.489923
-0.559891,-1.466215,-0.242234,-8.338697,2.279826,3.426654
-0.554095,-1.589346,-0.291868,-9.139304,3.252494,4.465426
-0.482958,-1.773078,-0.331829,-10.051251,2.089602,5.674257
-0.438733,-1.986207,-0.352426,-10.451885,1.160758,6.746817
-0.455677,-2.056182,-0.403757,-10.586455,0.124952,8.181953
-0.530415,-2.087588,-0.424285,-10.617422,-0.403075,10.323048
-0.555860,-2.137865,-0.436873,-11.281512,-3.375611,11.386231
-0.507441,-2.243855,-0.459762,-12.360600,-2.353457,12.880356
-0.466995,-2.323021,-0.481820,-13.474076,-3.925932,14.286237
-0.486420,-2.317155,-0.482594,-13.078033,-3.463305,16.092740
-0.515552,-2.265283,-0.489500,-13.364820,-3.235789,17.464349
-0.482606,-2.260802,-0.484616,-14.225278,-3.982987,18.029871
-0.403066,-2.320559,-0.477769,-15.180593,-5.714821,17.948561
-0.312438,-2.338682,-0.489235,-15.409198,-4.865556,18.239827
-0.305420,-2.247023,-0.491394,-14.827494,-4.277405,20.251505
-0.338514,-2.076362,-0.484646,-14.380495,-3.490283,20.776503
-0.317654,-1.976619,-0.490886,-13.792870,-2.851770,20.504256
-0.231240,-1.939885,-0.512629,-13.440631,-3.137746,18.489545
-0.192514,-1.884218,-0.485145,-13.261371,-3.760776,17.509845
-0.207922,-1.687134,-0.494434,-11.815046,-2.120922,16.830614
-0.304678,-1.422864,-0.451171,-10.875957,-4.766532,17.986944
-0.287354,-1.223354,-0.452304,-9.704704,-0.407102,17.439059
-0.216670,-1.118431,-0.419269,-9.006556,-0.396103,14.693801
-0.120645,-1.031227,-0.392367,-8.463211,-0.824957,13.211868
-0.092242,-0.843967,-0.337533,-7.636227,0.478158,11.948586
-0.128481,-0.585819,-0.273378,-6.603778,1.053218,12.627919
-0.117255,-0.335655,-0.227253,-5.472273,1.789278,12.602430
-0.060413,-0.195803,-0.133228,-5.454209,2.102154,10.666026
0.044264,-0.068825,-0.091794,-5.000852,1.544520,7.582273
0.087829,0.142318,-0.027359,-4.826456,0.936645,6.281453
0.059426,0.423705,0.009233,-3.656806,2.912558,5.997868
0.027208,0.695770,0.067112,-2.142240,1.691179,5.209595
0.030537,0.912372,0.126413,-1.527137,1.284104,3.733137
0.098004,1.083055,0.136349,-0.450993,-0.065097,1.096995
0.155197,1.279027,0.198029,0.211895,-0.673506,-1.037331
0.167851,1.545820,0.232498,1.516139,-0.463828,-1.975355
0.151767,1.808274,0.272616,2.956219,-1.213143,-3.246878
0.206025,2.009192,0.303139,4.116131,-0.004237,-4.788036
0.273647,2.155612,0.340320,5.110453,-0.217268,-7.162960
0.362703,2.295244,0.382023,6.186029,-1.033059,-8.567688
0.401022,2.480275,0.418993,7.259291,-0.953926,-9.855569
0.395465,2.656985,0.471098,8.483016,-0.780918,-10.632838
0.433252,2.814099,0.502718,8.656253,-0.131432,-11.469642
0.463204,2.883007,0.537771,8.532006,0.208530,-13.888386
0.540752,2.953648,0.576514,8.612632,-0.305959,-14.814848
0.532289,3.056057,0.616517,8.366321,-0.737521,-15.104650
0.498398,3.183688,0.639560,9.275468,0.724979,-14.734214
0.448919,3.247824,0.676228,9.397069,-0.448624,-15.930756
0.470649,3.269576,0.672328,9.235113,0.109207,-16.541979
0.491571,3.230144,0.674875,9.029196,-0.613685,-17.162752
0.485722,3.217346,0.651934,8.907848,-0.032614,-16.933664
0.423139,3.235652,0.627444,9.170538,-0.127037,-16.663790
0.396718,3.224082,0.584592,9.570411,1.536063,-16.834667
0.396856,3.121880,0.570327,9.613953,0.464189,-17.717404
0.448571,2.995158,0.544221,9.086780,-0.512297,-17.820319
0.438783,2.880548,0.504271,8.935070,-1.125699,-17.660081
0.392609,2.792884,0.488318,9.082152,-0.075562,-15.912576
0.333466,2.693778,0.449027,9.224443,0.111557,-16.143842
0.328427,2.506124,0.411992,8.594074,0.058139,-16.041761
0.322745,2.302711,0.405213,7.366863,-0.653248,-15.325723
0.289442,2.097254,0.372622,6.913233,-0.608285,-13.835237
0.202543,1.950066,0.352438,6.505213,-0.484035,-12.947411
0.103853,1.782254,0.341153,6.281679,-0.278213,-11.874249
0.069043,1.602052,0.322246,5.136788,-0.129259,-11.172471
0.072798,1.322841,0.295301,3.998958,-0.326228,-9.879766
0.040052,1.095397,0.280340,3.075618,-0.931828,-9.379411
-0.033126,0.901172,0.262194,2.648160,-0.306559,-7.422921
-0.122366,0.719607,0.249403,1.937263,0.473322,-6.426457
-0.148153,0.493526,0.232511,1.195369,1.107922,-5.734043
-0.153808,0.235057,0.192863,-0.008369,0.117381,-5.427886
-0.170148,-0.012518,0.153841,-1.232495,0.319881,-4.365619
-0.279532,-0.182532,0.122415,-1.704582,-0.492676,-2.673590
-0.369523,-0.310110,0.066443,-2.378719,0.464995,-1.731720
-0.426575,-0.470415,0.030136,-3.347245,0.957538,-0.258698
-0.416295,-0.722030,-0.017010,-4.536807,1.573766,-0.230233
-0.426500,-0.955901,-0.068810,-5.715324,0.390983,0.517940
-0.466158,-1.108009,-0.125764,-6.567809,1.158371,1.986964
-0.505997,-1.203148,-0.180331,-6.963451,2.073177,3.805649
-0.522252,-1.347142,-0.226059,-8.102923,2.398722,4.881044
-0.480259,-1.539624,-0.265983,-9.088554,1.610422,5.442807
-0.441602,-1.719754,-0.312213,-10.231246,1.175325,6.228011
-0.475651,-1.806230,-0.350604,-10.122841,0.801997,7.665271
-0.509335,-1.870855,-0.405618,-10.108004,1.294251,8.630932
-0.519957,-1.959438,-0.436801,-10.110853,0.605287,9.830323
-0.477850,-2.105041,-0.485384,-10.626718,-0.020657,10.763769
-0.445895,-2.224531,-0.502331,-11.496538,-1.052590,11.002378
-0.471902,-2.259427,-0.507672,-11.664664,-1.492611,13.151454
-0.522593,-2.231139,-0.524058,-11.799389,-1.592679,15.148653
-0.521047,-2.250643,-0.516180,-12.266326,-2.242271,16.629483
-0.452280,-2.305401,-0.517441,-12.821041,-2.454165,16.520987
-0.405932,-2.389107,-0.485243,-14.309161,-4.993695,16.266035
-0.370012,-2.347131,-0.490544,-14.336750,-3.896140,17.909021
-0.408075,-2.247968,-0.462266,-14.280206,-3.109317,19.785738
-0.379334,-2.162379,-0.462972,-14.396083,-2.247949,20.301045
-0.319039,-2.141121,-0.454332,-15.036861,-2.728380,19.555511
-0.233295,-2.096694,-0.458025,-15.015909,-2.625738,18.486941
-0.240976,-1.979422,-0.434812,-14.050564,-3.150590,18.708494
-0.257864,-1.766365,-0.446015,-12.695504,-1.261219,18.921095
-0.271312,-1.569540,-0.454142,-11.878788,-0.842081,18.676435
-0.224541,-1.451212,-0.432521,-10.744719,-1.221170,17.498045
-0.147722,-1.338128,-0.430164,-10.242223,-0.918565,14.561362
-0.125405,-1.161841,-0.396338,-9.339664,-0.810291,14.245838
-0.118417,-0.909602,-0.399109,-7.251538,0.836508,14.014075
-0.132003,-0.689899,-0.317750,-7.176987,-0.937601,13.091053
-0.063321,-0.530192,-0.306232,-6.131196,0.802981,11.606033
0.005312,-0.398441,-0.224532,-6.027254,0.247320,9.535171
0.066575,-0.194080,-0.192663,-5.146497,-0.089524,8.586951
0.041451,0.050662,-0.124674,-4.292325,0.786782,8.515613
0.035720,0.300298,-0.055332,-3.591764,1.093824,7.432729
0.056094,0.509298,-0.006201,-2.884054,1.387721,5.719594
0.123436,0.641357,0.037032,-2.291620,1.509699,3.453906
0.169213,0.849976,0.089755,-1.615195,0.744379,2.003932
0.163324,1.094009,0.146160,-0.407340,1.204564,1.827719
0.152565,1.364012,0.205287,0.431172,0.514119,2.027572
0.178827,1.544353,0.252925,1.593571,0.990466,-0.950811
0.277415,1.720919,0.276040,2.325581,0.694801,-3.129909
0.347715,1.867762,0.349635,2.709052,-0.579701,-5.282629
0.396252,2.071936,0.367052,3.982316,-0.330023,-6.047726
0.385798,2.291374,0.408811,5.575486,-0.832738,-7.064646
0.419873,2.490733,0.437614,6.667644,-0.002028,-7.680458
0.473199,2.609025,0.452011,7.395830,-0.242992,-9.691840
0.563542,2.704176,0.474069,7.482969,-1.632291,-11.420530
0.575404,2.840506,0.496994,7.543635,-2.218689,-12.807904
0.546568,2.990389,0.515267,8.679171,-1.393526,-12.867815
0.514696,3.137846,0.547720,9.031169,-0.629102,-13.726074
0.521864,3.190673,0.546046,9.308765,-0.687615,-14.548687
0.569493,3.224374,0.554482,8.951961,-0.993844,-16.059971
0.563328,3.217642,0.580390,8.397514,-1.095448,-16.698621
0.535204,3.280914,0.572893,8.840072,-0.284555,-16.039089
0.480049,3.304662,0.589782,8.703854,-0.219759,-16.644319
0.488452,3.269832,0.566775,8.718570,-0.006371,-17.104999
0.518159,3.173020,0.561303,8.185344,-0.055424,-18.013450
0.538457,3.078269,0.525607,7.967909,-0.405122,-17.587920
0.467717,3.036093,0.511788,8.129907,-0.854238,-16.886194
0.418176,2.971140,0.462032,8.496405,0.209695,-17.233695
0.392963,2.863158,0.451325,8.104767,-0.480703,-17.432979
0.428791,2.677759,0.386973,8.378162,1.351481,-17.496839
0.391903,2.515459,0.402748,7.141737,-0.927916,-16.980692
0.331221,2.396993,0.337589,6.786666,-0.297415,-15.192185
0.232675,2.270849,0.336889,6.782454,0.116379,-15.166854
0.211799,2.116187,0.286310,6.462824,1.644607,-14.708679
0.195111,1.860619,0.305030,4.865130,-0.681509,-15.158536
0.187437,1.659041,0.266823,4.118721,-0.429543,-14.276935
0.109870,1.476761,0.280740,3.272226,-0.395950,-12.613032
0.027592,1.332491,0.264732,2.936410,0.651735,-10.982404
-0.032358,1.143836,0.243169,2.527198,1.277453,-10.207129
-0.001142,0.892237,0.217977,1.077730,0.423882,-10.383680
-0.007566,0.619650,0.218594,-0.165890,-0.612351,-10.282203
-0.058158,0.432581,0.183160,-0.577620,0.322786,-8.475077
-0.170417,0.309099,0.154543,-0.895809,0.227303,-6.121197
-0.252603,0.162183,0.129403,-1.588850,-0.154333,-4.301662
-0.256296,-0.098006,0.079166,-2.180460,0.631785,-5.129200
-0.220881,-0.376862,0.023436,-3.705067,0.235815,-5.193850
-0.276666,-0.558883,-0.012073,-4.233434,0.108158,-3.940748
-0.387176,-0.657051,-0.054410,-4.423353,0.886746,-1.327296
-0.467120,-0.740944,-0.080653,-4.812982,1.315127,1.255566
-0.466555,-0.975563,-0.122498,-5.947392,1.736349,1.338904
-0.381182,-1.250500,-0.177058,-7.498400,1.239775,1.004198
-0.357027,-1.464673,-0.188031,-8.797677,1.188048,1.464330
-0.368089,-1.550925,-0.245310,-8.995907,1.699149,3.603057
-0.459032,-1.600717,-0.255364,-9.494857,1.877855,5.969718
-0.434473,-1.728240,-0.295748,-10.258277,1.537529,7.306963
-0.384658,-1.931633,-0.305185,-10.851397,0.061633,7.932704
-0.354755,-2.073588,-0.340681,-11.278820,-0.776317,9.051516
-0.391108,-2.138610,-0.363534,-11.553711,-1.263900,10.595296
-0.436810,-2.141988,-0.383530,-11.923307,-0.448540,11.965593
-0.452362,-2.210538,-0.424088,-12.331285,-1.823290,12.960553
-0.392250,-2.317185,-0.431296,-13.015621,-3.301024,14.485728
-0.368814,-2.348627,-0.438928,-13.975432,-4.037899,15.993229
-0.390498,-2.322778,-0.446566,-14.158231,-3.258070,17.978474
-0.394985,-2.259614,-0.456131,-14.074864,-3.089776,18.391040
-0.334099,-2.283750,-0.461659,-14.547705,-2.875151,18.103933
-0.239345,-2.313072,-0.460517,-15.376620,-4.031997,18.584546
-0.217359,-2.273233,-0.448007,-15.423237,-4.118331,19.318112
-0.232967,-2.101584,-0.484708,-14.401450,-3.233747,20.681865
-0.278140,-1.948564,-0.451188,-14.140673,-2.759104,20.777372
-0.217382,-1.859491,-0.474949,-13.694508,-2.438925,19.456929
-0.148529,-1.819426,-0.455790,-13.462371,-4.064454,17.181444
-0.108546,-1.681691,-0.465854,-11.948510,-2.313053,17.358186
-0.210187,-1.439890,-0.418439,-10.958359,-4.983235,17.404716
-0.242174,-1.180492,-0.398012,-10.102178,-4.645712,17.800827
-0.185601,-1.009989,-0.387466,-8.736516,-1.536402,16.484771
-0.070513,-0.934818,-0.361971,-8.638844,-1.067116,13.256102
-0.004375,-0.808306,-0.322654,-8.075423,-1.101627,11.266398
-0.006932,-0.558352,-0.282159,-7.258851,0.585825,11.778038
-0.058401,-0.277733,-0.209820,-5.793407,1.268076,11.654006
-0.032706,-0.074428,-0.179733,-5.173390,2.140430,11.102192
0.057010,0.063490,-0.119084,-4.490456,2.191876,7.755498
0.144021,0.212395,-0.065652,-4.377255,1.945804,5.495729
0.135749,0.468113,0.004470,-3.231776,2.068863,4.172855
0.068452,0.768072,0.049922,-1.951080,2.029739,4.158515
0.040509,1.036504,0.113313,-0.477072,1.627581,3.106639
0.094383,1.196903,0.147148,0.677053,1.489748,0.547585
0.161572,1.368086,0.200169,1.111673,-0.017426,-2.424557
0.190404,1.574476,0.229669,2.296807,-0.520276,-3.824461
0.186659,1.844348,0.294516,3.780915,0.072358,-4.695110
0.181302,2.053433,0.328608,4.962350,-0.955819,-5.695562
0.236585,2.219058,0.386208,5.940883,-0.801072,-7.256626
0.314379,2.316445,0.421025,6.750382,-1.110774,-8.826247
0.345483,2.448419,0.482229,6.168044,-7.220954,-10.143727
0.364856,2.605657,0.513189,8.212399,-1.198779,-9.811669
0.365414,2.765903,0.559632,8.548654,-0.498550,-10.773670
0.403927,2.839163,0.580249,8.870146,0.449218,-11.855999
0.453524,2.887957,0.611216,7.889738,0.232945,-13.343554
0.470898,2.921631,0.642727,8.345974,-0.200626,-13.721711
0.438054,3.036280,0.637820,8.721284,0.045386,-12.900349
0.368516,3.110483,0.665862,8.903604,0.161447,-13.218998
0.370478,3.131153,0.666495,9.643426,0.500316,-13.596042
0.378629,3.074399,0.641871,8.523731,-0.507695,-14.743764
0.415536,3.026410,0.615824,8.191128,-0.828491,-14.696749
0.358622,3.009092,0.596399,8.128194,-1.729589,-13.922504
0.327600,3.011889,0.557489,8.804399,0.550439,-12.905402
0.310965,2.933977,0.513741,9.389323,1.178005,-13.709200
0.343405,2.795737,0.494315,8.802348,-0.836539,-13.699337
0.363842,2.630686,0.433840,8.287133,-0.415376,-13.450032
0.343228,2.517901,0.397175,8.070644,0.464537,-11.761009
0.263488,2.422136,0.362650,8.098787,0.985752,-11.381838
0.213664,2.288876,0.329773,7.945179,0.319864,-11.020032
0.202713,2.105417,0.310863,6.885897,-0.211668,-10.969624
0.196014,1.886245,0.287243,5.988433,-0.839414,-10.147953
0.138867,1.732227,0.264741,5.200573,-0.611876,-9.674604
0.035821,1.590018,0.245848,4.854830,-0.220327,-7.953207
-0.029342,1.420960,0.233660,4.095025,0.976076,-6.919039
-0.052181,1.188143,0.219398,2.954053,-0.399213,-6.295432
-0.030074,0.940758,0.202447,1.771693,-0.053034,-6.108906
-0.072568,0.716305,0.190956,0.996693,-0.168986,-4.948426
-0.140918,0.575482,0.164227,0.684744,1.258419,-3.678400
-0.214382,0.410963,0.153841,-0.175498,0.575806,-3.048226
-0.233860,0.207255,0.120639,-0.954768,1.751159,-2.172393
-0.252649,-0.054691,0.100685,-2.101560,-0.208624,-1.839553
-0.293761,-0.241501,0.062842,-2.998919,0.156794,-1.073236
-0.392067,-0.360414,0.017288,-3.520121,0.822636,-0.202116
-0.453196,-0.495457,-0.043653,-3.893371,1.828927,0.359779
-0.480581,-0.663134,-0.088219,-4.957694,1.920993,0.381983
-0.480755,-0.890216,-0.127733,-5.889608,1.704513,1.179392
-0.499111,-1.043808,-0.160026,-6.394772,1.663745,2.909660
-0.550684,-1.153186,-0.210083,-6.877937,2.339615,4.133449
-0.568370,-1.246791,-0.265113,-7.649300,2.699853,5.003831
-0.524448,-1.420583,-0.279047,-9.002636,2.416776,4.835268
-0.452972,-1.602778,-0.310890,-10.231033,1.895229,4.662969
-0.448820,-1.738523,-0.351750,-10.475404,1.440569,6.085032
-0.471328,-1.788893,-0.385224,-10.022283,1.883754,8.500103
-0.510061,-1.822544,-0.417710,-9.983176,1.696294,10.059026
-0.481516,-1.945445,-0.443408,-10.724768,0.865273,10.628537
-0.408420,-2.067572,-0.473748,-11.295430,0.226858,10.016496
-0.387028,-2.135394,-0.494903,-12.227261,-0.547640,11.197434
-0.429017,-2.101722,-0.498054,-12.299495,-0.817745,12.797202
-0.475464,-2.078450,-0.496121,-12.039762,-0.622643,14.311732
-0.441490,-2.096451,-0.494385,-12.637586,-2.209154,15.775231
-0.366500,-2.175574,-0.481186,-13.876289,-3.192346,14.614645
-0.302443,-2.166715,-0.488007,-14.311203,-3.245745,15.218254
-0.322098,-2.076828,-0.459453,-14.574513,-3.247914,16.259958
-0.304885,-1.947897,-0.457582,-14.423675,-2.522033,16.949988
-0.271736,-1.885899,-0.453184,-14.055330,-3.117818,16.717765
-0.179982,-1.868905,-0.464219,-13.804591,-2.669434,15.160259
-0.126212,-1.766099,-0.476469,-13.730070,-2.618372,14.034277
-0.154425,-1.598180,-0.462049,-11.613587,-0.518830,14.733883
-0.205549,-1.383341,-0.463973,-10.757770,-1.421576,14.823251
-0.184302,-1.231167,-0.445473,-9.911167,-0.594927,13.646468
-0.099779,-1.140407,-0.442424,-8.869491,-0.040835,10.500995
-0.045100,-1.035727,-0.390108,-8.523706,-0.372312,8.948339
-0.035358,-0.831657,-0.385766,-7.343883,0.440088,8.872659
-0.073621,-0.598082,-0.326357,-6.480113,1.190696,9.594693
-0.030208,-0.394420,-0.296552,-6.255164,2.714204,9.041623
0.062347,-0.292559,-0.238161,-6.302500,2.277748,5.956193
0.177400,-0.164249,-0.170743,-6.065951,2.226886,4.132558
0.195171,0.045427,-0.118165,-5.504536,2.041149,3.693873
0.159481,0.309345,-0.070103,-4.468825,2.424807,4.108296
0.133989,0.552321,-0.023673,-3.379834,2.481367,3.968391
0.192843,0.729126,0.022455,-2.688562,2.121887,2.009501
0.258062,0.884107,0.068064,-2.139660,0.888583,-0.367354
0.323104,1.063906,0.105704,-1.310949,0.429186,-3.097222
0.307706,1.337274,0.136280,0.161421,0.299720,-3.363775
0.304361,1.575661,0.167315,1.683970,1.984139,-3.075814
0.324413,1.763170,0.209396,2.602596,-0.242631,-5.234385
0.425427,1.901571,0.223091,2.980746,0.098208,-7.385536
0.500188,2.037441,0.264285,3.912626,-0.216526,-9.097362
0.528833,2.211246,0.299322,5.344708,-1.034470,-10.046646
0.507225,2.422783,0.345506,5.687085,-0.925546,-10.770697
0.516820,2.558485,0.383861,6.794406,-0.521025,-11.792168
0.568410,2.667318,0.415530,6.951201,0.234904,-13.320634
0.597449,2.728782,0.447744,7.406281,-0.367302,-14.370256
0.604247,2.853685,0.502472,7.410483,-0.388391,-14.752436
0.562977,2.952906,0.534486,8.224671,0.238315,-15.622045
0.546841,3.049545,0.567057,8.072458,0.546664,-16.559252
0.573330,3.068015,0.583683,8.273931,1.841782,-17.375398
0.595828,3.081141,0.598276,7.754193,1.437248,-16.971343
0.567100,3.094271,0.603430,8.072517,0.296141,-16.922540
0.528232,3.127601,0.585984,8.381365,1.867559,-17.213349
0.484901,3.089298,0.589397,8.731834,1.244405,-18.077204
0.519888,3.028147,0.555631,8.755441,1.029763,-19.008945
0.526312,2.899068,0.533475,8.358050,0.270529,-19.045279
0.506263,2.847665,0.504133,8.242344,0.040170,-17.838382
0.441517,2.787002,0.475714,8.644065,0.524573,-16.727434
0.373653,2.719348,0.451046,8.639417,0.322749,-16.339469
0.372832,2.543399,0.432763,8.056657,-0.091367,-17.090957
0.385745,2.364897,0.390630,7.355256,-1.764058,-16.767797
0.329711,2.205265,0.391476,6.329508,-1.957501,-15.041866
0.237950,2.082062,0.357874,6.402562,-1.293192,-13.946079
0.160271,1.930568,0.351250,5.583932,-0.424248,-12.769523
0.157019,1.740423,0.309340,4.829792,-0.709039,-12.405294
0.158545,1.483753,0.313676,3.548985,0.000358,-11.507178
0.141529,1.283356,0.282575,2.954073,-0.170975,-10.226883
0.046299,1.114347,0.258003,2.573080,1.324855,-8.474528
-0.016878,0.965938,0.239381,2.124204,1.083826,-7.341081
-0.043095,0.726084,0.209495,1.403128,2.479125,-7.095282
-0.017252,0.472600,0.164374,0.075316,1.333846,-7.363318
-0.071606,0.233212,0.147647,-0.682178,0.230858,-6.253428
-0.158233,0.095875,0.099868,-0.750345,0.674109,-4.528817
-0.282650,-0.043488,0.082891,-1.105268,1.489752,-3.282590
-0.325910,-0.208624,0.012893,-2.151502,2.544885,-2.475161
-0.348824,-0.462908,-0.006861,-3.427238,0.924083,-2.732803
-0.375277,-0.665789,-0.051246,-4.413279,0.513020,-1.241769
-0.458815,-0.795390,-0.079494,-5.110915,0.702542,0.314239
-0.535575,-0.892579,-0.142343,-5.575492,2.028309,2.559483
-0.536560,-1.067215,-0.151455,-7.080152,2.268570,2.762019
-0.471147,-1.296861,-0.213053,-8.036999,1.729830,3.240760
-0.426089,-1.535895,-0.218538,-9.414684,1.614640,4.267855
-0.429621,-1.617483,-0.282425,-8.682303,6.773329,6.125536
-0.517325,-1.657083,-0.271291,-9.801952,3.099809,8.804806
-0.514945,-1.763923,-0.328828,-10.095481,1.582557,9.564926
-0.479672,-1.949036,-0.345667,-10.909995,0.706839,9.783923
-0.436731,-2.085733,-0.383914,-11.512123,-0.292650,10.318221
-0.487143,-2.135627,-0.420789,-11.551758,0.187656,12.274246
-0.549771,-2.083925,-0.439049,-11.615612,0.005527,14.202829
-0.589994,-2.116638,-0.451985,-11.791839,-0.521104,15.423026
-0.528002,-2.201945,-0.468696,-12.405452,-2.493538,15.615547
-0.472194,-2.277727,-0.464354,-13.700370,-3.288256,16.230888
-0.464533,-2.246127,-0.468411,-13.526237,-2.890220,17.687332
-0.499924,-2.160632,-0.466198,-13.203445,-2.469871,19.135530
-0.472250,-2.111793,-0.456082,-13.729193,-2.753861,19.640317
-0.391528,-2.141784,-0.428637,-14.438026,-3.110157,19.035844
-0.306100,-2.108783,-0.439814,-14.423866,-3.339862,19.117558
-0.337532,-2.021457,-0.424971,-13.748809,-3.065161,19.384918
-0.364734,-1.823444,-0.448496,-12.739568,-2.219648,20.364340
-0.375891,-1.691893,-0.415580,-12.172294,-0.603362,20.234859
-0.317867,-1.600605,-0.439076,-11.414622,-0.593814,18.443090
-0.273869,-1.526711,-0.409836,-11.192128,-0.221297,16.916046
-0.274093,-1.332850,-0.410811,-9.947578,-1.177231,16.853385
-0.337030,-1.097739,-0.372705,-9.126503,0.489381,17.043290
-0.302893,-0.878373,-0.365047,-8.188894,2.311957,16.840843
-0.235534,-0.792176,-0.308559,-7.628792,1.913256,14.393196
-0.124167,-0.700301,-0.270736,-7.181123,1.149029,12.096589
-0.088921,-0.518877,-0.207808,-7.087921,1.137389,11.638680
-0.101033,-0.247314,-0.171892,-5.734900,2.364890,12.004562
-0.126455,-0.019227,-0.087654,-4.800676,2.065492,11.562151
-0.057728,0.143513,-0.079796,-3.872668,2.498281,9.474190
0.015530,0.275838,-0.011279,-3.921633,1.450333,7.138586
0.063988,0.476562,0.010950,-3.040735,1.107259,6.282379
0.006979,0.741659,0.083768,-1.790119,0.393362,5.230293
-0.022281,1.031091,0.108944,-0.385873,0.705374,4.970656
0.000932,1.230548,0.153240,0.455629,0.079889,3.495161
0.093330,1.371148,0.184236,1.000199,-0.480893,0.297720
0.175033,1.544665,0.231700,1.642979,-1.538140,-1.692294
0.218827,1.755972,0.262907,2.916436,-0.599363,-2.703406
0.219874,1.996722,0.309990,4.328212,-0.727119,-3.636224
0.261581,2.154604,0.332622,5.920976,0.309885,-4.706469
0.342086,2.292559,0.366044,6.237636,-0.098860,-7.054061
0.414811,2.398161,0.403658,7.122108,-0.752138,-8.755468
0.446050,2.550808,0.419315,7.811879,-0.682015,-9.863415
0.428679,2.713334,0.447744,8.932444,1.045713,-10.257505
0.415143,2.862035,0.484691,9.239155,1.431241,-11.948042
0.447488,2.939025,0.514253,9.370702,1.116935,-13.917769
0.484356,2.978230,0.528410,8.909463,0.414290,-15.018738
0.472126,3.035516,0.563693,9.332238,-0.168232,-15.403861
0.420299,3.149465,0.561966,9.886927,0.231707,-14.674480
0.367360,3.181164,0.598585,10.031072,0.689105,-15.811829
0.398852,3.172997,0.593852,10.161696,0.560785,-17.148664
0.437082,3.080176,0.595352,9.225706,-0.036251,-17.792748
0.449162,3.037387,0.568108,8.770905,-1.795454,-17.019300
0.382088,3.027812,0.558355,9.056703,-0.520306,-16.505678
0.343979,2.992617,0.528525,9.593267,0.709991,-16.520960
0.352744,2.874630,0.503805,9.467711,0.335541,-16.682169
0.402627,2.696837,0.464642,8.764331,-0.404255,-17.379696
0.402771,2.552669,0.431358,7.995932,-0.971385,-16.926556
0.332885,2.432345,0.415103,8.116601,-0.715092,-15.839746
0.259050,2.342737,0.375455,8.348180,-0.277894,-15.249638
0.197258,2.183890,0.369015,7.478233,-0.796776,-15.088061
0.225300,1.966235,0.325956,6.821755,-0.695424,-13.725323
0.181949,1.762694,0.302857,5.849468,-1.587712,-13.195879
0.119087,1.587977,0.289911,5.631836,-0.718955,-12.449897
0.048117,1.435977,0.266458,4.972785,-0.375281,-10.863962
0.020571,1.219175,0.233542,4.173807,0.012027,-10.900696
0.032480,0.994965,0.207122,2.859595,0.067783,-9.837773
0.004034,0.746044,0.185198,2.164312,-0.722415,-9.093460
-0.053599,0.577576,0.171524,1.578932,-0.500111,-7.464748
-0.153204,0.420219,0.157120,0.808872,-0.004292,-5.861545
-0.191415,0.240959,0.100879,-0.062799,0.203801,-5.386705
-0.196204,-0.044600,0.083692,-1.455192,-0.140664,-6.128591
-0.201781,-0.297174,0.040971,-2.618196,-0.431268,-5.836349
-0.289747,-0.447999,0.005511,-3.090693,0.088371,-3.752771
-0.378540,-0.530155,-0.035359,-3.764889,1.835147,-1.010195
-0.439065,-0.673546,-0.083374,-4.082984,2.145081,-0.014794
-0.406956,-0.907764,-0.133802,-5.472000,1.934592,0.396138
-0.348371,-1.151232,-0.170077,-7.024435,0.367146,0.279862
-0.368056,-1.334366,-0.202852,-7.861083,0.028040,1.168752
-0.399876,-1.397708,-0.243219,-8.547595,0.702440,3.443216
-0.419364,-1.522946,-0.276470,-9.132696,1.549122,4.514865
-0.359410,-1.661816,-0.331520,-9.838795,1.464285,5.502180
-0.324206,-1.838625,-0.351077,-10.734067,0.300191,5.933281
-0.323559,-1.956829,-0.378820,-11.126597,-0.406935,6.983371
-0.378143,-1.978575,-0.417549,-10.908492,-0.439414,8.750508
-0.414903,-2.039792,-0.454730,-10.888131,-0.551723,9.855532
-0.390780,-2.124604,-0.479939,-11.920905,-2.096373,10.456285
-0.369677,-2.205483,-0.485923,-12.381391,-3.085266,11.803170
-0.376547,-2.216447,-0.493807,-12.374262,-3.802725,13.040010
-0.417693,-2.171789,-0.474293,-12.861993,-4.202763,14.527348
-0.392444,-2.148855,-0.472310,-13.356427,-3.640632,14.407670
-0.335110,-2.208382,-0.477349,-13.632066,-3.827094,14.356603
-0.248811,-2.238856,-0.468710,-14.418965,-3.583613,15.179057
-0.249770,-2.177425,-0.456056,-13.887729,-4.035680,16.343630
-0.287524,-2.039943,-0.448135,-13.768868,-4.078854,17.331711
-0.265338,-1.924822,-0.436013,-13.525623,-3.267113,16.707075
-0.196190,-1.896757,-0.438895,-13.113946,-2.143834,15.643975
-0.134517,-1.840591,-0.429458,-13.063462,-2.605804,14.266310
-0.151389,-1.688952,-0.420500,-12.120937,-2.067126,14.026627
-0.231798,-1.435676,-0.407407,-10.585688,-1.388236,15.442657
-0.247466,-1.236563,-0.401515,-9.566169,-0.211515,14.990321
-0.190407,-1.119327,-0.366878,-8.943546,-0.302373,12.491031
-0.087663,-1.036078,-0.345717,-8.593536,0.683944,9.737476
-0.045238,-0.867988,-0.304437,-7.713108,0.768109,9.296166
-0.077255,-0.614751,-0.244138,-6.811258,1.611380,10.195754
-0.113644,-0.369710,-0.209174,-5.257499,2.181214,10.141724
-0.050992,-0.215281,-0.158831,-4.851623,2.131820,8.406245
0.047179,-0.092399,-0.094942,-4.801332,1.802185,5.321145
0.100791,0.065351,-0.035608,-4.360885,-0.636910,3.659495
0.097466,0.351642,-0.001490,-3.383946,2.042685,3.331118
0.041809,0.629695,0.047927,-1.604140,2.196553,3.972566
0.038421,0.869290,0.086285,-1.182340,1.318822,2.553144
0.100833,1.015260,0.132771,-0.618421,-0.152859,0.420903
0.194212,1.183442,0.146708,-0.093437,-0.652843,-2.449943
0.209213,1.407666,0.199877,0.994267,-0.661706,-3.501968
0.206478,1.692141,0.233942,2.807082,-0.218580,-3.650159
0.217488,1.915127,0.297572,4.073495,-0.460998,-4.733804
0.289163,2.065174,0.313548,4.980580,-0.616021,-7.070371
0.377336,2.197709,0.362972,5.633421,-1.177079,-9.328082
0.436567,2.340847,0.390813,6.783291,-0.858981,-10.257438
0.421156,2.541653,0.436019,8.024538,-0.709466,-10.401758
0.428105,2.702703,0.472848,8.959984,0.290351,-11.789917
0.476088,2.823956,0.514899,9.103787,0.623752,-12.886815
0.523013,2.864445,0.567090,9.211149,0.366917,-15.301885
0.554521,2.962984,0.573235,9.209399,0.240225,-15.541600
0.492805,3.094491,0.637554,9.315251,-0.134157,-15.218985
0.449516,3.203629,0.660433,9.975158,0.690001,-15.721270
0.459587,3.229055,0.685799,10.251500,0.613711,-16.486072
0.504786,3.189757,0.690907,9.967986,0.424682,-17.537803
0.519130,3.168848,0.673956,9.460046,0.098535,-17.166444
0.470649,3.168307,0.659566,10.159126,0.222054,-16.139133
0.411982,3.178564,0.645980,10.418740,0.602833,-16.310080
0.421770,3.086213,0.617206,10.611469,0.852367,-17.071266
0.471463,2.948524,0.578835,10.031180,-0.373643,-17.742875
0.480000,2.805692,0.589516,9.662943,-1.197867,-16.692719
0.452612,2.727003,0.516800,9.875320,-0.695631,-15.514326
0.343622,2.646658,0.539508,9.730768,-0.656816,-14.936830
0.329005,2.521588,0.493760,8.987756,-0.732958,-13.981392
0.331103,2.292116,0.473980,7.987043,-1.412548,-14.595860
0.328825,2.084839,0.434335,7.100880,-1.874823,-13.174347
0.247151,1.925569,0.409067,6.979795,-1.415915,-11.942344
0.123833,1.795640,0.380815,6.644385,-0.640183,-10.403195
0.061037,1.624645,0.357372,6.032441,-0.012936,-9.579091
0.059074,1.337316,0.328785,4.697927,-0.768369,-9.604347
0.074502,1.076733,0.295268,3.424499,-0.977188,-8.716906
-0.014941,0.869319,0.289199,2.571610,-1.122334,-7.407549
-0.106738,0.733315,0.246320,2.360592,0.168219,-5.251632
-0.190516,0.549807,0.227496,1.611970,1.183668,-4.496801
-0.161712,0.308311,0.173240,0.152772,0.979133,-4.327364
-0.173746,0.004042,0.148090,-1.188849,0.066671,-3.654955
-0.228004,-0.196180,0.090093,-1.681874,0.874781,-2.251323
-0.350685,-0.309552,0.040669,-2.376907,1.700833,-1.045887
-0.438326,-0.445954,-0.027084,-3.087200,2.076613,0.814738
-0.441720,-0.650217,-0.083453,-4.357954,2.154183,1.428806
-0.433921,-0.918951,-0.125045,-5.450654,1.766656,2.269419
-0.459357,-1.103555,-0.185415,-5.714211,1.623450,3.474470
-0.529260,-1.210467,-0.203180,-6.856834,2.057368,4.794655
-0.531850,-1.328944,-0.269351,-7.766211,2.464361,6.168780
-0.485964,-1.525555,-0.309245,-8.666360,2.307254,6.818894
-0.424438,-1.736915,-0.352662,-9.859980,1.229626,7.797993
-0.443142,-1.859212,-0.396092,-10.092291,1.182986,9.405894
-0.498306,-1.904969,-0.429189,-9.587347,1.167621,11.434799
-0.531163,-1.949952,-0.462788,-9.900275,0.561224,12.526289
-0.508098,-2.116542,-0.483914,-10.651441,-0.316399,12.506830
-0.459504,-2.253456,-0.509802,-11.635155,-2.425066,12.635474
-0.491974,-2.306970,-0.485450,-12.092468,-3.593299,14.315348
-0.552867,-2.248221,-0.512550,-12.071506,-2.554522,16.573891
-0.591928,-2.210315,-0.495580,-12.077231,-3.139026,17.839015
-0.530205,-2.281882,-0.495064,-12.980335,-3.456566,17.994043
-0.457541,-2.366799,-0.491591,-13.822106,-4.593054,17.797910
-0.421691,-2.376614,-0.483201,-14.395102,-5.698704,18.807635
-0.450944,-2.254254,-0.468220,-14.242468,-3.723208,20.159079
-0.444897,-2.161571,-0.469005,-13.936095,-2.852308,20.999721
-0.379137,-2.136910,-0.461209,-14.002279,-2.682833,19.899458
-0.291811,-2.128993,-0.480293,-13.996272,-2.397901,18.384222
-0.262230,-2.009821,-0.470892,-13.694646,-2.187132,18.229668
-0.316472,-1.802098,-0.466110,-12.266664,-1.088651,19.251376
-0.342722,-1.568631,-0.464974,-11.351431,-0.123132,18.995248
-0.307429,-1.469324,-0.459443,-10.379790,-0.564453,17.010031
-0.216696,-1.366331,-0.462437,-9.870576,0.508727,15.030339
-0.192012,-1.225340,-0.406317,-9.301247,-0.598613,13.393448
-0.211894,-0.963894,-0.407344,-7.496733,0.296636,14.344238
-0.236108,-0.725402,-0.339923,-6.594328,1.562268,14.722329
-0.168070,-0.557738,-0.297954,-6.005721,1.433793,12.785839
-0.070943,-0.454682,-0.226902,-6.066949,0.913868,10.297488
0.018116,-0.300595,-0.157925,-6.107388,-0.105900,8.344803
0.006923,-0.069183,-0.111048,-4.565496,0.743162,8.748533
-0.011265,0.197699,-0.077499,-3.616051,2.510649,9.319535
-0.001989,0.408507,-0.011157,-2.823332,1.747423,8.818126
0.046880,0.526613,0.041280,-2.620313,1.085191,5.753147
0.134744,0.680766,0.061585,-2.096643,1.088947,3.768275
0.134702,0.892759,0.133795,-1.355915,1.245788,3.315399
0.111295,1.163830,0.179710,0.161037,0.281329,3.722023
0.109863,1.370190,0.234861,0.747963,0.381479,3.571365
0.197019,1.524294,0.259890,1.490943,-0.324918,1.628399
0.296063,1.636169,0.297714,1.104308,0.081494,-1.109937
0.378544,1.813861,0.329297,2.154100,0.315174,-1.589244
0.387042,2.020018,0.375563,3.134882,0.009808,-2.330922
0.411345,2.227310,0.397667,4.225666,0.346810,-2.548197
0.460086,2.383393,0.411076,4.988061,0.470377,-4.356990
0.551735,2.470079,0.424813,5.035613,0.060715,-6.917831
0.602301,2.585992,0.441268,5.385222,-0.719714,-8.723577
0.603722,2.772422,0.449700,6.084598,-0.292593,-9.051205
0.572106,2.971413,0.456078,7.301348,-0.377244,-9.570901
0.566607,3.097475,0.458412,7.558248,-0.088866,-11.327011
0.601621,3.173713,0.460362,7.386787,-0.080243,-14.196431
0.643692,3.227348,0.441691,7.189227,-0.285050,-14.659554
0.618936,3.327016,0.446480,7.737568,-0.891757,-15.772211
0.577643,3.410820,0.429490,8.767275,1.879645,-16.254029
0.566158,3.450885,0.418698,9.266422,0.452467,-18.183709
0.588133,3.389123,0.431749,8.665552,-0.773054,-20.300266
0.636691,3.336259,0.409677,8.606547,-0.711495,-20.661136
0.605091,3.329993,0.412806,8.428993,-0.930650,-20.552638
0.540102,3.304022,0.388732,8.931052,1.010173,-20.459131
0.481323,3.252370,0.396295,9.157379,0.545961,-21.615150
0.503759,3.104053,0.370318,7.993749,0.879063,-23.120006
0.523187,2.947399,0.353958,6.943737,-0.188658,-23.099458
0.453147,2.822692,0.353118,7.084878,-0.545486,-22.101162
0.341495,2.751979,0.340205,6.790614,0.388283,-21.332350
0.253863,2.624348,0.339867,6.784279,0.574361,-21.332621
0.260310,2.440140,0.310620,6.010888,0.044123,-21.586928
0.255734,2.206897,0.315580,5.005688,-0.309294,-22.488173
0.247847,2.017835,0.288234,5.050303,0.707658,-21.210455
0.132811,1.843498,0.305716,5.079237,0.266081,-20.758524
0.080830,1.690793,0.282624,5.094218,1.804097,-20.166262
0.066423,1.444278,0.275836,4.453625,1.557829,-19.781478
0.091557,1.179434,0.259447,3.456814,0.024721,-19.182047
0.045052,0.968163,0.262395,3.241916,-0.621526,-17.448746
-0.033418,0.795609,0.240744,2.918101,0.889364,-16.194167
-0.145248,0.603974,0.236870,2.492822,0.696491,-14.707047
-0.146764,0.370211,0.206222,1.186874,0.948855,-14.734836
-0.170808,0.083192,0.167696,-0.018180,0.401542,-14.327482
-0.219815,-0.135314,0.160376,-1.544294,-0.585779,-12.131466
-0.342220,-0.262095,0.118240,-2.107347,-0.503820,-9.616018
-0.456012,-0.393383,0.095657,-3.103035,-0.790495,-7.527566
-0.489073,-0.625628,0.058069,-4.269692,-0.967110,-6.793689
-0.436823,-0.919371,0.020781,-5.482372,-2.108285,-5.554692
-0.422663,-1.153537,-0.036150,-6.619648,0.223204,-3.615850
-0.444300,-1.306899,-0.083161,-7.178194,2.216918,-1.915690
-0.463887,-1.425786,-0.152256,-7.562489,3.491403,0.249080
-0.424990,-1.625716,-0.165688,-8.620839,3.354250,1.873989
-0.303923,-1.866644,-0.233040,-9.689417,2.168256,2.972722
-0.266701,-2.064814,-0.264509,-10.560707,0.956784,4.132420
-0.280080,-2.168264,-0.308569,-10.291856,1.781664,6.758698
-0.335477,-2.213069,-0.333923,-10.278372,0.297234,9.075883
-0.322853,-2.323491,-0.387564,-10.711024,-0.116363,11.550939
-0.287866,-2.483949,-0.414812,-11.934881,-2.554995,12.737166
-0.275934,-2.601979,-0.421242,-13.034705,-4.872731,13.862926
-0.319141,-2.581096,-0.451523,-13.188438,-4.258002,16.881076
-0.375123,-2.561858,-0.449005,-13.474742,-4.904492,19.208489
-0.353534,-2.577515,-0.460608,-14.251551,-4.100587,20.754561
-0.293268,-2.673747,-0.456098,-16.009959,-6.087528,21.784727
-0.232704,-2.697873,-0.464400,-16.375400,-6.785834,22.639404
-0.258074,-2.640581,-0.449612,-16.334540,-6.405245,24.858047
-0.246051,-2.523079,-0.490639,-15.708701,-5.061103,26.222001
-0.224777,-2.489638,-0.475153,-15.903313,-4.927488,26.325181
-0.150246,-2.461521,-0.508890,-16.357544,-5.897810,25.599967
-0.125162,-2.406943,-0.497838,-15.887738,-5.271610,24.974009
-0.169635,-2.209137,-0.500707,-13.821611,-4.486828,25.744345
-0.253958,-1.987963,-0.468375,-12.822469,-3.945183,26.125061
-0.230761,-1.803496,-0.491532,-12.489952,-3.646146,25.469963
-0.210151,-1.724659,-0.445076,-11.373253,-3.510437,22.466196
-0.151411,-1.588972,-0.437838,-11.228875,-2.616643,20.935816
-0.202181,-1.359297,-0.392708,-9.727451,-1.684440,21.041287
-0.230577,-1.071857,-0.368306,-8.343667,1.078220,22.045181
-0.224587,-0.856049,-0.312127,-8.107069,0.412427,21.335773
-0.146373,-0.746777,-0.221063,-6.858919,1.706371,18.459713
-0.057462,-0.599812,-0.167950,-6.874405,1.669404,15.010663
-0.027720,-0.411945,-0.122813,-5.751027,3.930629,14.132712
-0.089728,-0.060169,-0.058024,-5.005654,2.509494,14.408585
-0.138203,0.199153,0.006299,-3.446519,3.284015,14.032547
-0.133066,0.421247,0.067185,-2.587459,2.655566,11.691134
-0.105740,0.627929,0.127437,-2.520718,1.993665,8.039493
-0.085514,0.855251,0.155082,-0.462354,1.005710,5.883748
-0.126830,1.164821,0.224922,0.224966,0.440189,4.222463
-0.160255,1.484796,0.257530,1.762643,0.320429,3.110817
-0.169617,1.723394,0.278951,2.531826,-0.172393,0.787079
-0.079130,1.938909,0.348453,4.280909,-0.497703,-1.963397
-0.023768,2.122551,0.352543,4.908219,-1.171577,-4.359065
0.008626,2.329158,0.391736,6.564871,-0.875672,-5.490229
0.018089,2.562296,0.448965,8.562175,-0.662091,-7.238191
0.068094,2.732829,0.477808,9.027493,0.312278,-8.475020
0.151497,2.871755,0.526444,9.163800,0.202293,-10.721027
0.237225,2.966365,0.557528,9.466434,1.345347,-12.299503
0.231487,3.123239,0.627523,9.786034,-0.982086,-12.432300
0.209291,3.285020,0.661483,10.692591,0.754298,-12.746282
0.171865,3.407606,0.699842,11.263626,0.764943,-14.160126
0.185877,3.455730,0.697839,10.807243,0.893141,-15.258660
0.204755,3.453436,0.731107,10.665189,-0.480362,-16.655074
0.189258,3.484826,0.694061,10.143741,-0.252538,-16.933711
0.119352,3.546778,0.706791,10.347944,-0.084877,-16.720164
0.098742,3.581621,0.659041,10.700610,0.646200,-17.175006
0.108264,3.531426,0.662002,10.395254,-0.686817,-18.123084
0.193814,3.442515,0.609955,10.360904,0.256309,-18.593130
0.213972,3.356367,0.565958,10.132785,-0.596761,-18.329309
0.217064,3.283225,0.517473,10.696235,-0.155391,-18.215696
0.189829,3.204909,0.487133,11.279018,0.181771,-17.754444
0.206481,3.057367,0.442824,11.220709,0.488095,-18.492838
0.237034,2.833472,0.414588,10.640342,-0.559203,-18.246155
0.212567,2.654047,0.359945,10.480780,-0.472986,-17.733672
0.143235,2.534560,0.338951,10.294209,-0.824017,-16.047397
0.049102,2.354666,0.318416,10.298450,0.151898,-14.872597
-0.009792,2.164800,0.322660,9.497916,-1.471392,-14.182251
-0.024819,1.901059,0.308703,7.947080,-1.266913,-13.185354
-0.032641,1.644152,0.305933,6.394523,-1.569488,-11.142800
-0.094892,1.423878,0.305486,5.310219,-1.195703,-9.305445
-0.150697,1.206288,0.302608,4.287159,-0.945755,-8.282743
-0.172023,0.943273,0.295721,2.718469,-0.984642,-7.167744
-0.162645,0.680123,0.269340,1.750390,0.423478,-6.013628
-0.185605,0.394820,0.270473,0.431218,-1.322779,-4.943122
-0.227555,0.204140,0.233539,-0.388627,-0.786894,-3.722984
-0.308887,0.017447,0.205264,-1.183659,0.659541,-2.100424
-0.332071,-0.183723,0.118082,-1.932948,1.803570,-1.690222
-0.345735,-0.449575,0.083032,-3.756657,2.005482,-2.347714
-0.349415,-0.681545,0.025458,-4.951244,1.604549,-1.111613
-0.436971,-0.823133,-0.048252,-4.670366,1.679303,0.623170
-0.512014,-0.937703,-0.116478,-5.241770,3.022431,2.415697
-0.527966,-1.074847,-0.185668,-6.670241,3.414804,3.317073
-0.501631,-1.326810,-0.241371,-7.009422,2.526626,2.913759
-0.432493,-1.583822,-0.296293,-8.363070,1.904184,2.843473
-0.410078,-1.748433,-0.354422,-8.535460,3.820940,4.799189
-0.421428,-1.865380,-0.380382,-9.119882,2.674592,6.434544
-0.414496,-1.997449,-0.409826,-9.716613,2.490877,7.706035
-0.338251,-2.168159,-0.450170,-10.675449,1.562935,8.522752
-0.274378,-2.353479,-0.453643,-12.143293,0.523899,9.819411
-0.262039,-2.449300,-0.489953,-12.583685,1.194859,11.367558
-0.321012,-2.490537,-0.490321,-13.042461,-0.431044,12.936787
-0.337946,-2.551893,-0.522811,-13.822434,-1.199216,13.822478
-0.302482,-2.624497,-0.550189,-15.316676,-0.939628,15.061338
-0.272412,-2.701651,-0.554109,-16.246581,-2.966228,16.478654
-0.289602,-2.681168,-0.556400,-17.002799,-3.693046,17.465637
-0.302417,-2.629417,-0.569257,-16.821080,-3.938273,18.034579
-0.271831,-2.585413,-0.585876,-17.202014,-3.790718,17.507245
-0.188152,-2.616760,-0.592119,-18.104993,-4.346067,17.449371
-0.071244,-2.592559,-0.631509,-18.014168,-3.617704,17.451287
-0.059533,-2.468732,-0.623975,-17.655585,-3.608877,18.592245
-0.052823,-2.276056,-0.639311,-16.682371,-3.086651,18.770240
-0.021453,-2.122156,-0.671958,-16.238514,-2.963087,16.365655
0.084616,-2.034977,-0.676012,-15.263994,-2.347834,13.750228
0.159150,-1.912506,-0.702150,-14.478657,-1.518388,12.723192
0.139862,-1.686389,-0.701096,-13.090117,-0.740378,12.280368
0.058320,-1.390782,-0.675286,-11.368205,-0.387014,12.339739
0.062246,-1.166348,-0.666703,-9.776870,0.743720,11.069596
0.141408,-1.025420,-0.624251,-9.789211,0.660569,7.567463
0.227040,-0.903425,-0.574197,-9.352401,0.653532,4.884627
0.250185,-0.641420,-0.513137,-8.227499,1.923330,4.100140
0.205754,-0.342177,-0.430883,-6.831347,2.519194,5.136384
0.204096,-0.062388,-0.342595,-5.750627,2.601074,4.484562
0.288235,0.083697,-0.273903,-5.360611,3.069573,1.793437
0.418738,0.241828,-0.204312,-5.566564,2.979539,-1.549822
0.474995,0.434380,-0.107727,-4.760624,2.375304,-3.777645
0.458560,0.760378,-0.033918,-2.840250,2.747178,-3.205758
0.408516,1.054491,0.051462,-1.396430,2.504855,-3.894361
0.455678,1.307850,0.109167,0.139750,2.086840,-5.127974
0.524127,1.499603,0.192344,0.925976,0.034069,-7.220374
0.593793,1.700505,0.236181,2.429900,-0.178508,-9.672522
0.582278,1.963287,0.306409,4.247097,-0.933256,-11.256169
0.588866,2.246988,0.340461,6.580657,-0.650576,-11.677433
0.608219,2.470109,0.399223,7.654539,-1.859902,-13.941909
0.674350,2.596683,0.460595,8.634431,-2.924006,-16.127519
0.760199,2.736702,0.489060,10.041487,-2.058003,-17.629318
0.753024,2.913081,0.579721,10.514063,-2.421428,-18.093649
0.746012,3.096191,0.623463,11.413677,-1.328702,-17.997520
0.749862,3.212334,0.703823,11.900009,-1.097296,-19.372575
0.799959,3.265335,0.742648,11.286255,-1.331154,-21.002959
0.835373,3.285289,0.794205,10.630533,-2.511656,-21.663077
0.802519,3.352514,0.802441,11.152456,-2.105113,-20.474534
0.724181,3.467763,0.846796,10.957184,-1.955913,-19.494172
0.649029,3.486326,0.870000,11.348191,-0.312853,-20.065787
0.645458,3.452484,0.826386,11.616698,0.042773,-20.843921
0.638223,3.355130,0.835357,10.736768,-0.876296,-21.400384
0.592745,3.286471,0.811536,10.461336,-1.248210,-20.550310
0.493340,3.275672,0.773880,11.222619,-1.238999,-19.241006
0.423838,3.199162,0.707395,11.844693,0.784910,-19.102778
0.421996,3.062120,0.676973,11.464997,-0.096120,-18.812592
0.435333,2.845357,0.611794,10.694354,-0.570721,-18.193323
0.404255,2.673223,0.579130,10.045659,-1.649615,-16.443528
0.316702,2.545773,0.537903,9.580896,-0.836647,-14.469639
0.248073,2.416467,0.504176,9.067631,-0.124007,-13.500218
0.223494,2.192257,0.443165,8.060701,0.477464,-12.996948
0.215883,1.956187,0.429293,6.556659,-2.674294,-11.939086
0.143203,1.705019,0.398110,5.750699,-3.752384,-10.075208
0.009562,1.570274,0.361111,5.120192,-2.746872,-7.716516
-0.099921,1.389153,0.311408,4.966706,0.761818,-6.264213
-0.138489,1.158066,0.256696,3.532602,0.298886,-5.769924
-0.140196,0.856006,0.248707,1.834191,0.100877,-5.725849
-0.172659,0.612449,0.197964,0.396920,-1.554211,-3.994198
-0.298009,0.443147,0.175636,0.452826,-0.938530,-2.058031
-0.413643,0.328984,0.134885,-0.155646,0.801123,0.881742
-0.486785,0.118268,0.093234,-0.694343,1.948922,1.432008
-0.483828,-0.181022,0.063571,-2.196544,0.813055,0.926018
-0.485896,-0.459182,0.009627,-3.462413,1.870794,1.181901
-0.577607,-0.629561,-0.040299,-4.007041,2.956503,2.950766
-0.723436,-0.682881,-0.065167,-4.136950,3.538624,5.222094
-0.820921,-0.854497,-0.116474,-4.689112,3.291154,6.542135
-0.799680,-1.082629,-0.153769,-6.249560,2.704399,7.027499
-0.795163,-1.358118,-0.189745,-7.319169,2.706910,7.569003
-0.815475,-1.493440,-0.243101,-7.512225,3.292579,8.934667
-0.902329,-1.615228,-0.250152,-7.224979,4.564668,10.938878
-0.883668,-1.740952,-0.298065,-7.618701,4.889646,12.292739
-0.819056,-1.975867,-0.281282,-9.551177,3.798883,13.298485
-0.720609,-2.191989,-0.314973,-10.525464,3.177868,14.026609
-0.745352,-2.279210,-0.305159,-11.088057,2.232221,16.380785
-0.786849,-2.276256,-0.328119,-10.906828,3.196651,19.096954
-0.801472,-2.339985,-0.327982,-11.238863,2.064489,19.175638
-0.711018,-2.472835,-0.343931,-12.413831,1.138155,19.872539
-0.637990,-2.611791,-0.365152,-12.765741,0.354490,19.984561
-0.650191,-2.590054,-0.357960,-13.962847,-1.054753,22.717488
-0.728178,-2.475471,-0.392042,-13.084588,-1.154395,24.642262
-0.743596,-2.416233,-0.407072,-13.594167,-2.266393,25.464263
-0.655958,-2.440723,-0.424659,-14.195024,-3.094011,24.849855
-0.547250,-2.496922,-0.446553,-14.701927,-4.151090,24.056573
-0.500630,-2.413994,-0.467991,-14.550285,-4.757222,24.631942
-0.547195,-2.238899,-0.469281,-14.169401,-4.396200,25.706840
-0.522261,-2.083817,-0.511552,-13.782057,-4.022819,26.229755
-0.414089,-2.016454,-0.509753,-13.640194,-4.224102,25.241594
-0.292077,-2.001381,-0.531013,-14.123405,-3.893196,22.554384
-0.238921,-1.856222,-0.511818,-12.971082,-4.008803,22.019404
-0.278855,-1.611204,-0.517175,-11.556975,-1.811352,21.806616
-0.289622,-1.353680,-0.511621,-10.077675,-0.974606,21.970164
-0.225522,-1.233537,-0.507321,-9.732884,-0.326988,19.581551
-0.123376,-1.110127,-0.492527,-9.377485,-0.244205,16.891815
-0.074068,-0.947997,-0.454644,-8.372218,0.705129,15.049617
-0.095719,-0.653821,-0.423015,-7.532843,1.883245,15.119125
-0.111622,-0.379465,-0.362838,-6.323261,2.834062,13.890254
-0.039556,-0.192934,-0.326600,-5.379245,3.320276,11.132399
0.067182,-0.059326,-0.247670,-5.547165,3.025789,8.389041
0.156333,0.159895,-0.202763,-4.396080,2.862606,6.001590
0.149837,0.430277,-0.108718,-3.673060,2.849778,5.076009
0.141687,0.770104,-0.083689,-2.035242,3.061823,4.252951
0.152975,1.029525,0.008245,-0.951125,1.849412,1.961959
0.266216,1.227371,0.046512,-0.159247,0.545414,-1.561495
0.360536,1.437326,0.076878,0.756911,0.201595,-4.337143
0.391926,1.686909,0.122126,2.577472,-0.929218,-6.411393
0.378603,1.999319,0.156024,4.355897,-0.986070,-7.286648
0.408788,2.259403,0.202113,6.179494,-1.366039,-8.037747
0.501297,2.458650,0.261361,7.550387,-1.969988,-10.061229
0.596921,2.600441,0.314526,8.420128,-2.615027,-12.883090
0.656500,2.784737,0.371778,9.154911,-2.959312,-14.673331
0.681017,2.963194,0.428620,10.367818,-1.941155,-14.677198
0.710611,3.095013,0.493481,11.021213,-0.845070,-16.767424
0.770762,3.169019,0.570458,10.756530,-0.616045,-18.079615
0.850328,3.189357,0.634626,10.651236,-0.410902,-19.563595
0.880415,3.234654,0.698250,10.361334,-0.733228,-20.105890
0.845001,3.331785,0.733273,10.470987,1.423252,-19.279634
0.785388,3.424855,0.779815,10.453642,0.446175,-19.819972
0.775607,3.430715,0.784144,10.028416,0.648573,-20.661848
0.782549,3.382899,0.789288,9.405288,0.160114,-22.188752
0.761728,3.345102,0.750286,9.591047,-0.355127,-21.622659
0.692633,3.362670,0.724158,9.673555,-0.942986,-20.605065
0.603456,3.330029,0.677951,10.427357,-0.005170,-21.361034
0.589437,3.265283,0.618608,10.479794,-0.498156,-21.756176
0.619090,3.090772,0.568892,9.971305,-1.187701,-22.528467
0.630625,2.931321,0.506079,9.514193,-1.884566,-22.070377
0.579570,2.795152,0.479085,9.374060,-1.902015,-20.867965
0.511755,2.675196,0.419856,9.792971,-1.157545,-20.054648
0.472996,2.488438,0.393360,9.062557,-1.498548,-19.851380
0.485853,2.245137,0.346484,7.873093,-1.551618,-19.178088
0.444330,1.989347,0.323454,6.059114,-2.371184,-18.138575
0.369314,1.792955,0.261695,5.351269,-1.094059,-15.795456
0.234924,1.644891,0.246915,4.405842,-0.173414,-14.753459
0.156159,1.425877,0.207177,3.506441,1.148667,-12.976121
0.118237,1.174740,0.171100,1.860913,0.075628,-12.779246
0.075526,0.911758,0.154347,0.429655,-0.230486,-10.784406
-0.007979,0.694684,0.113917,-0.234943,0.777108,-10.378278
-0.127844,0.533834,0.089568,-0.863727,2.009910,-8.877320
-0.189068,0.346857,0.013300,-1.456013,3.018675,-8.020634
-0.200107,0.057684,0.016983,-3.349691,1.732180,-8.325933
-0.185063,-0.207163,-0.050310,-4.213356,1.827121,-7.964486
-0.248457,-0.414472,-0.071479,-4.672461,1.666561,-6.701898
-0.325319,-0.530635,-0.117134,-4.831560,2.881086,-5.008898
-0.385460,-0.670181,-0.172420,-5.344517,3.980210,-4.099024
-0.376170,-0.918878,-0.224467,-6.263173,2.608742,-3.837476
-0.362069,-1.111741,-0.278282,-7.411475,1.726164,-3.551616
-0.423683,-1.253247,-0.307798,-8.062779,1.047375,-2.669354
-0.529322,-1.289321,-0.323048,-8.752613,1.015949,-1.104820
-0.592552,-1.371494,-0.379824,-8.527389,0.843086,0.263284
-0.586043,-1.554631,-0.411152,-9.245485,0.441710,0.292152
-0.530799,-1.710544,-0.449599,-10.030023,-0.481256,1.363874
-0.569844,-1.848282,-0.457086,-10.564030,-1.193978,1.542079
-0.628872,-1.836471,-0.499262,-10.215645,-1.368328,3.742501
-0.682874,-1.862636,-0.474194,-11.027904,-1.245975,5.489949
-0.612857,-1.962908,-0.494152,-11.511493,-0.923578,6.000551
-0.530300,-2.099569,-0.467252,-12.206634,-2.156487,6.262171
-0.500581,-2.168474,-0.470971,-12.503492,-1.778823,7.378616
-0.519727,-2.142805,-0.448437,-12.318158,-1.696319,8.612816
-0.527694,-2.105819,-0.446852,-12.119512,-1.522143,10.645607
-0.474971,-2.123180,-0.431313,-12.672655,-1.626751,10.858576
-0.428879,-2.200012,-0.407810,-13.210171,-1.803688,10.462643
-0.416147,-2.142772,-0.400783,-13.093342,-1.878370,11.987750
-0.490074,-2.013822,-0.340996,-12.716814,-1.849438,13.833673
-0.508646,-1.887103,-0.343944,-11.853572,-0.606553,13.757968
-0.461382,-1.835441,-0.324285,-11.838834,-1.115751,13.359415
-0.365791,-1.815704,-0.313565,-12.263053,-1.382219,12.578727
-0.337608,-1.704856,-0.282333,-11.558950,-1.605826,13.075635
-0.352835,-1.501715,-0.282523,-10.197332,-0.554819,15.225581
-0.348223,-1.286673,-0.259763,-9.161024,0.011392,16.792271
-0.275110,-1.206588,-0.235873,-8.840028,0.077257,15.138033
-0.170965,-1.133370,-0.218857,-8.373370,-0.504775,13.722629
-0.104729,-1.019791,-0.198844,-7.486064,-0.523409,13.578783
-0.133440,-0.762943,-0.172880,-6.286071,-0.052416,15.243550
-0.173273,-0.542793,-0.148215,-4.366133,0.584847,16.187670
-0.156907,-0.408820,-0.097262,-4.073681,0.012865,13.970896
-0.058066,-0.333544,-0.064221,-3.861997,-0.144216,12.276826
0.015080,-0.182378,-0.037315,-3.499215,1.404974,11.643324
-0.014061,0.049238,0.028951,-2.851147,-2.442471,13.221051
-0.046243,0.252690,0.049417,-1.741519,0.154128,13.465378
-0.030818,0.405908,0.113602,-1.408047,0.342442,13.022792
0.060217,0.536601,0.138824,-1.333893,-0.216338,11.351908
0.139625,0.646635,0.220767,-1.478402,-1.653242,9.180131
0.195634,0.897496,0.236535,-0.763107,-0.581595,9.965027
0.141027,1.131278,0.280021,0.531815,-0.213138,9.208548
0.130759,1.327538,0.302877,1.254702,-2.506919,8.548196
0.184266,1.477700,0.321085,2.059169,-1.172654,6.330519
0.255036,1.604884,0.338501,2.844190,-1.047081,3.893405
0.292206,1.809922,0.337877,4.273392,-1.003457,2.830706
0.238925,2.027390,0.375819,5.589289,-2.723727,1.045051
0.191944,2.251374,0.382387,7.112444,-1.738005,-0.074692
0.221600,2.400239,0.408607,8.185125,-0.975202,-2.263540
0.277431,2.503029,0.421826,8.374715,-1.200259,-4.558005
0.305480,2.599184,0.470833,8.299180,-0.936460,-6.524138
0.312941,2.743014,0.492208,9.395822,-0.012877,-7.212852
0.273430,2.874689,0.543952,9.739401,0.360271,-8.208346
0.301620,2.941907,0.562367,9.830568,1.028962,-10.899795
0.356384,2.973258,0.585846,9.724397,1.181625,-11.665572
0.377431,2.980095,0.607553,9.337404,1.579768,-12.622825
0.331089,3.012552,0.622376,9.741951,1.010755,-13.198812
0.291395,3.056720,0.633435,9.883582,2.049981,-13.786685
0.277480,3.043249,0.624549,10.400878,1.449374,-15.723829
0.309832,2.958319,0.611429,9.716640,0.622747,-16.763897
0.307042,2.908052,0.591685,9.326369,-0.807637,-16.036898
0.241013,2.863838,0.580210,9.408528,-1.193816,-15.145302
0.153831,2.830074,0.558661,9.299958,-2.850420,-15.446292
0.131133,2.713305,0.521717,9.425587,-2.271280,-15.507403
0.168346,2.561597,0.491141,8.235221,-3.814882,-16.504548
0.183626,2.366098,0.463953,7.739541,-2.602366,-16.087048
0.142323,2.248499,0.386563,8.277572,-2.054366,-15.298457
0.051104,2.145601,0.402489,7.670196,-1.912736,-13.926384
0.016310,1.983189,0.371713,7.023251,-2.669449,-13.673647
0.038214,1.751495,0.344219,5.353734,-2.054491,-13.519434
0.067500,1.494985,0.312701,4.440344,-2.106603,-13.622878
0.013957,1.320655,0.277041,4.108667,-0.957595,-12.401734
-0.079179,1.147116,0.225290,4.026045,0.125301,-10.974515
-0.163764,0.993616,0.207053,3.119954,0.563595,-9.843388
-0.164614,0.747272,0.165202,1.906716,0.815585,-9.753567
-0.147939,0.493818,0.134888,0.238723,0.229637,-9.174285
-0.210246,0.278096,0.094537,-0.195563,0.609560,-8.300714
-0.304488,0.147816,0.050116,-0.503509,1.250383,-6.813946
-0.382637,-0.002313,0.009742,-0.783008,2.262953,-5.171324
-0.380694,-0.224032,-0.041937,-2.290323,1.988942,-5.780161
-0.370912,-0.515985,-0.081989,-3.303362,1.972238,-4.602841
-0.390715,-0.698659,-0.133402,-3.941281,1.964977,-2.797281
-0.473642,-0.834352,-0.156333,-4.856188,2.814410,-1.599561
-0.497400,-0.950885,-0.220268,-5.624827,3.347146,0.037796
-0.427990,-1.183407,-0.241991,-7.130399,2.054155,0.611781
-0.317103,-1.408648,-0.299569,-8.682536,2.518019,1.842907
-0.286930,-1.585887,-0.328835,-9.620463,1.682570,2.949968
-0.314985,-1.637638,-0.374441,-10.025493,1.941403,5.889912
-0.350849,-1.683195,-0.404771,-10.007292,1.371776,8.332362
-0.296906,-1.822508,-0.437188,-10.961090,0.622635,9.065468
-0.213180,-2.002842,-0.480444,-11.689903,-1.572857,9.114229
-0.177661,-2.105500,-0.516013,-11.975692,-2.746706,11.765244
-0.231060,-2.078171,-0.536879,-11.986468,-2.991474,13.554793
-0.295159,-2.055709,-0.544183,-11.897130,-3.157342,15.231356
-0.259299,-2.097087,-0.574440,-12.368072,-3.982307,16.114363
-0.187587,-2.217481,-0.551207,-13.283448,-5.548569,15.510450
-0.150551,-2.254704,-0.541219,-13.948681,-5.962080,15.877155
-0.159338,-2.179149,-0.536968,-13.150782,-4.692801,17.668834
-0.164380,-2.112604,-0.532983,-13.055014,-3.948390,18.737386
-0.112258,-2.108970,-0.519213,-13.311385,-3.459717,17.672245
-0.032571,-2.164863,-0.491076,-13.946386,-4.347662,16.644272
0.003191,-2.065163,-0.491680,-13.679182,-3.978214,17.641887
-0.080635,-1.910507,-0.458836,-12.695078,-3.767088,18.826936
-0.122854,-1.751808,-0.475202,-11.852597,-2.521475,17.444849
-0.112144,-1.669710,-0.433922,-11.983156,-1.584500,15.847827
-0.032193,-1.599040,-0.429415,-11.590196,-1.277231,14.059777
-0.025940,-1.487847,-0.376056,-11.294080,-1.049150,13.188049
-0.078072,-1.222032,-0.386212,-9.494874,0.291134,14.141048
-0.132580,-0.998661,-0.328960,-8.452319,0.981746,14.090534
-0.061095,-0.830469,-0.310480,-7.647118,2.157108,12.531374
0.031719,-0.747437,-0.283573,-7.741084,2.105295,9.048959
0.128239,-0.614803,-0.243882,-7.108437,2.767596,7.718419
0.116153,-0.355320,-0.183239,-5.951272,2.911984,7.759386
0.069762,-0.077451,-0.159093,-4.253323,3.119673,8.314674
0.078861,0.175576,-0.120988,-3.716618,2.733481,7.401279
0.140650,0.307228,-0.077761,-3.190611,2.133953,3.380602
0.212029,0.479910,-0.037778,-2.628375,1.011753,0.984453
0.188980,0.729175,0.034321,-1.645951,0.270060,0.174296
0.136438,1.037840,0.057748,-0.459084,0.203817,0.242785
0.112141,1.269111,0.116339,0.915032,-0.124118,-1.021576
0.183163,1.453452,0.160501,1.633092,-0.300530,-2.909584
0.258702,1.594013,0.200842,2.402039,-1.434760,-5.701159
0.307643,1.780364,0.257720,3.096750,-2.363857,-7.387229
0.308894,2.016972,0.316220,4.145597,-2.126767,-7.681195
0.308303,2.217131,0.363201,5.573612,-0.832767,-8.425528
0.371135,2.353687,0.394165,6.650592,-0.522452,-9.980644
0.451870,2.427185,0.469267,6.578365,0.154245,-11.890685
0.529086,2.536516,0.507126,6.958869,-0.635493,-12.986506
0.533455,2.682230,0.563250,7.358617,0.739908,-13.010241
0.521300,2.836160,0.598854,8.368222,1.494304,-13.371667
0.516829,2.944566,0.628481,8.412738,1.454130,-14.734494
0.555976,2.997082,0.637607,8.466741,1.377406,-16.155554
0.569443,3.053132,0.656215,8.052018,-0.104162,-16.435888
0.530487,3.145684,0.659862,8.694765,0.236720,-14.896217
0.463197,3.222326,0.647927,9.454699,0.569247,-15.512953
0.458536,3.229659,0.637810,9.925124,0.965568,-16.451193
0.503647,3.175738,0.626778,9.055856,0.425791,-17.913031
0.544585,3.075131,0.614055,8.513260,-0.472435,-17.433537
0.540962,3.053766,0.545771,8.931321,-0.539472,-16.359611
0.473340,3.019734,0.546926,9.513228,-0.166111,-15.493832
0.451844,2.937193,0.516452,9.472880,0.103686,-15.433638
0.492234,2.762056,0.494650,8.946148,0.125973,-16.427142
0.526709,2.554688,0.470790,7.957511,-1.138855,-16.090701
0.477946,2.424444,0.443496,7.567052,-1.723618,-15.120085
0.387620,2.322829,0.430386,7.629970,-1.179429,-12.633946
0.285073,2.189054,0.387560,7.267034,-0.265654,-13.091796
0.269737,1.993158,0.368759,6.546913,-0.389097,-11.904899
0.255968,1.768439,0.335071,5.607345,-1.303781,-11.311614
0.190434,1.573051,0.332796,4.269670,-1.909735,-10.729048
0.106525,1.443832,0.314385,3.755608,0.597138,-9.281613
0.028803,1.290548,0.278091,3.111531,1.212743,-8.066797
0.018516,1.047178,0.241069,1.980856,2.041418,-7.953034
0.045544,0.783572,0.221216,0.391891,0.970257,-7.558844
0.006444,0.545356,0.203540,-0.417988,0.594578,-6.830543
-0.068734,0.422632,0.160147,-0.293285,1.450264,-5.218123
-0.156572,0.294804,0.138154,-0.855878,1.913331,-3.867714
-0.170624,0.067167,0.095876,-1.804792,2.311441,-4.571699
-0.169009,-0.185949,0.034922,-3.006528,1.414670,-5.261962
-0.228211,-0.382321,-0.015720,-3.589302,1.353820,-3.703944
-0.332698,-0.474331,-0.046729,-4.027724,1.511951,-2.178743
-0.460965,-0.565685,-0.084536,-3.894946,1.714606,-0.725224
-0.470721,-0.714212,-0.166282,-4.276267,1.791251,0.185025
-0.457217,-0.960450,-0.170405,-5.904606,0.912404,-0.461403
-0.433977,-1.148666,-0.214924,-6.202887,0.673062,0.994710
-0.477755,-1.263216,-0.234468,-7.042942,0.786924,1.847764
-0.504142,-1.321594,-0.265740,-7.356540,1.967288,4.677949
-0.489880,-1.462582,-0.291615,-8.314253,0.945676,5.586012
-0.420591,-1.672422,-0.323087,-8.878938,0.678295,6.003076
-0.365023,-1.834276,-0.321945,-9.827684,0.816929,6.799612
-0.407694,-1.924461,-0.345533,-9.493433,0.364638,7.946926
-0.446135,-1.951419,-0.369009,-9.500690,0.262197,9.809819
-0.462298,-2.032305,-0.341732,-10.588372,-0.463120,11.369014
-0.417486,-2.150591,-0.362808,-11.200652,-1.188309,12.136149
-0.416793,-2.233857,-0.360931,-12.089425,-2.921837,13.606144
-0.453790,-2.216775,-0.370656,-12.257108,-2.501537,15.036864
-0.493809,-2.169262,-0.358636,-12.091194,-2.800265,16.157179
-0.451128,-2.195643,-0.364577,-12.263929,-2.054128,16.668052
-0.366405,-2.251992,-0.370023,-13.232573,-2.699586,16.261163
-0.314867,-2.268030,-0.366711,-13.751179,-3.196905,17.589479
-0.319469,-2.150476,-0.359260,-13.754812,-3.089714,19.338171
-0.335379,-2.023101,-0.382933,-12.701330,-1.959360,20.453917
-0.276587,-1.942471,-0.421922,-11.775381,-1.647440,19.392767
-0.192819,-1.934144,-0.364630,-12.277026,-2.658172,17.504449
-0.131014,-1.860017,-0.401479,-11.807352,-2.551736,16.581953
-0.186251,-1.671007,-0.401922,-10.573700,-2.779859,18.181614
-0.255320,-1.413089,-0.404889,-9.401899,-2.549494,19.046831
-0.261035,-1.254275,-0.400615,-8.462091,-1.606850,17.731936
-0.173657,-1.189499,-0.395452,-8.243950,-1.399722,14.992504
-0.109344,-1.101789,-0.369255,-7.901175,-2.467699,12.485544
-0.115925,-0.903316,-0.324138,-6.706637,-1.362026,13.249933
-0.176007,-0.621453,-0.295981,-5.533405,-0.823191,15.030746
-0.189613,-0.442925,-0.225215,-4.939011,-0.648326,14.335290
-0.079996,-0.344399,-0.169450,-5.063471,0.052494,11.564675
0.037867,-0.265259,-0.106302,-5.641666,-0.431541,8.656559
0.103023,-0.098548,-0.072411,-4.790878,0.884970,8.034171
0.039662,0.177614,-0.007789,-3.724676,1.284144,8.581233
-0.004966,0.449531,0.040108,-2.735560,2.032421,9.122817
0.031413,0.638511,0.087526,-2.078586,2.757042,7.040077
0.112033,0.759000,0.107257,-1.505955,2.110763,3.777247
0.175899,0.939304,0.128816,-1.091751,1.329720,1.189101
0.133326,1.192387,0.184273,0.109086,0.468831,0.097695
0.118591,1.492303,0.197842,1.586498,1.139863,0.097712
0.131334,1.722199,0.217369,2.808805,0.572379,-1.544099
0.226711,1.858092,0.240619,3.880163,-0.368591,-4.518758
0.326126,2.015238,0.272183,4.653919,-0.580502,-7.053934
0.352908,2.203755,0.289186,5.737294,-1.024705,-8.555978
0.358524,2.431599,0.315721,7.352499,-0.611840,-9.559929
0.370170,2.598311,0.369720,8.324366,-0.348211,-10.772495
0.468479,2.700759,0.392146,8.651861,0.784398,-12.626400
0.541011,2.768742,0.431732,8.380128,-0.668140,-14.582195
0.561907,2.875467,0.475211,8.648395,-2.848608,-14.600864
0.508840,3.052617,0.511312,9.259394,-0.943379,-14.552167
0.473954,3.131425,0.533271,9.852225,-0.194081,-15.759328
0.495818,3.157580,0.549969,9.691924,-0.077784,-17.561912
0.531590,3.121762,0.584858,8.400810,-1.213068,-17.981406
0.529522,3.118643,0.595250,7.579735,-1.147833,-17.425092
0.449099,3.193306,0.563266,8.487686,-0.020463,-16.506685
0.392215,3.190273,0.578382,9.202805,1.273750,-17.347442
0.412727,3.136792,0.533760,9.071189,-0.009916,-18.296344
0.451798,2.980827,0.528410,8.137260,-0.793503,-19.784162
0.490018,2.885630,0.501530,8.048572,-0.904341,-18.521107
0.422840,2.847937,0.479479,8.593440,-0.725777,-17.044568
0.377076,2.794693,0.443148,8.960322,0.247401,-16.405943
0.397713,2.644745,0.389146,8.847600,1.487706,-17.514849
0.450216,2.383692,0.362703,8.083051,-0.920287,-18.184392
0.454122,2.197575,0.331336,7.571451,-1.046136,-16.786930
0.328188,2.067364,0.314802,7.621039,0.128698,-15.054396
0.200593,1.971805,0.271930,7.563242,-1.119022,-13.174379
0.137235,1.771662,0.276378,6.645383,-0.943806,-12.795931
0.173323,1.500457,0.238443,4.905124,-1.127770,-13.019266
0.141191,1.229219,0.223045,3.701871,-1.903019,-11.752992
0.044753,1.045458,0.206951,2.688130,-1.075769,-9.407731
-0.088793,0.921353,0.207325,2.529171,-0.050818,-7.376167
-0.154205,0.697349,0.182615,1.720638,1.132744,-6.807830
-0.127618,0.409092,0.157314,-0.104958,-0.431265,-6.242360
-0.142769,0.111706,0.174836,-1.904666,-1.229567,-5.620156
-0.212738,-0.087922,0.134567,-2.627541,0.061813,-4.194423
-0.319873,-0.213781,0.085612,-3.056690,1.785572,-2.644390
-0.381846,-0.383437,0.033290,-3.740547,2.611223,-1.485727
-0.374861,-0.648336,0.000200,-4.845271,2.004875,-0.831254
-0.372106,-0.913689,-0.047290,-5.974613,1.528869,0.747484
-0.423982,-1.043263,-0.112503,-6.372632,2.121343,2.925679
-0.514735,-1.140535,-0.142796,-6.959151,2.757601,3.904013
-0.500853,-1.282845,-0.222792,-7.877006,3.709508,4.287010
-0.428919,-1.515557,-0.273280,-9.067993,2.437852,3.682120
-0.386385,-1.737424,-0.338032,-9.975853,1.336125,6.025716
-0.441385,-1.779229,-0.380153,-9.620769,1.498799,8.708975
-0.542859,-1.805781,-0.430394,-8.808080,1.339864,10.492435
-0.550123,-1.878277,-0.479883,-9.244428,0.737763,10.909499
-0.484927,-2.084283,-0.497789,-10.751490,-0.913382,10.036984
-0.415395,-2.234658,-0.541284,-12.019148,-3.063448,10.997078
-0.483246,-2.252330,-0.539164,-11.935354,-3.505356,12.843265
-0.579806,-2.168730,-0.559219,-11.385756,-2.181660,15.921810
-0.614485,-2.155426,-0.546667,-11.659659,-2.522568,17.416200
-0.551252,-2.290837,-0.550429,-13.183698,-5.202771,16.604790
-0.449437,-2.386041,-0.541540,-14.711037,-5.213780,16.441635
-0.467838,-2.379194,-0.505653,-14.756784,-4.205214,17.423527
-0.514925,-2.219979,-0.508788,-14.171368,-2.913345,19.939325
-0.536543,-2.147164,-0.487449,-13.947509,-2.061326,20.401402
-0.445807,-2.177534,-0.471483,-14.433303,-1.854063,19.165260
-0.332060,-2.180271,-0.461551,-14.752287,-2.032493,17.647676
-0.345259,-2.079707,-0.447367,-13.649942,-1.992388,17.240343
-0.406953,-1.839173,-0.466688,-11.981101,0.032433,18.170698
-0.439400,-1.637969,-0.398682,-11.515195,-0.039558,18.276409
-0.338927,-1.546054,-0.400825,-11.168915,0.437246,16.291206
-0.236049,-1.465382,-0.381236,-10.571629,0.736230,13.701021
-0.214733,-1.290730,-0.372094,-9.295240,0.758780,13.304632
-0.237947,-0.990514,-0.351694,-7.698622,1.077288,13.680092
-0.267692,-0.738016,-0.285851,-6.808750,0.576171,12.946752
-0.188562,-0.576536,-0.246876,-6.533193,-0.412404,10.995009
-0.087903,-0.472450,-0.214514,-5.784712,-0.484040,8.108702
-0.024188,-0.275317,-0.162770,-4.981075,-0.381615,7.434703
-0.058460,0.014303,-0.108708,-3.540942,0.746818,7.046192
-0.085993,0.275943,-0.056481,-2.382317,0.115924,6.595577
-0.026775,0.470536,-0.016206,-1.568184,1.299646,4.331194
0.061700,0.612941,0.056615,-1.566539,0.611010,1.662649
0.133651,0.810728,0.113050,-1.047616,0.066569,0.007290
0.094712,1.077728,0.179657,0.250132,0.246568,0.054188
0.089873,1.350889,0.234491,1.367976,0.644980,-0.584406
0.135371,1.532323,0.278879,2.684998,1.089645,-2.789072
0.250191,1.654183,0.332120,2.998395,0.377947,-5.549689
0.352842,1.806088,0.368988,3.478652,0.034282,-7.069492
0.370315,2.013348,0.413049,4.836311,-0.392146,-7.241528
0.364400,2.263177,0.444921,6.274655,2.395015,-7.978011
0.360415,2.419527,0.517945,6.942506,-3.381502,-9.441400
0.469362,2.528074,0.542226,7.611535,-3.120784,-12.077684
0.561618,2.592505,0.571964,7.623283,-2.524694,-13.979496
0.610280,2.739932,0.577262,8.486593,-0.773454,-14.208895
0.556566,2.933337,0.609302,8.967273,-0.636383,-13.723601
0.537870,3.065579,0.624828,9.651415,0.059747,-14.727961
0.587661,3.119969,0.644726,9.662175,-0.804427,-16.093810
0.642307,3.106915,0.653792,9.134070,-2.312392,-17.508730
0.681719,3.155141,0.627014,9.303240,0.629046,-17.223520
0.587858,3.238295,0.643019,10.069903,-0.984869,-16.159133
0.540551,3.290440,0.599678,11.044186,0.011692,-15.957830
0.541569,3.205316,0.620193,10.172712,-0.888651,-17.754624
0.631327,3.101289,0.591902,8.805636,-1.473020,-18.204220
0.632076,2.998352,0.577430,8.425642,-2.176667,-17.781719
0.579780,2.968130,0.546880,9.017465,-1.290799,-16.696752
0.492378,2.919137,0.508745,9.502495,-1.082768,-16.050712
0.493987,2.767567,0.483040,9.537423,-0.338219,-16.258875
0.539360,2.556647,0.434250,8.776003,-1.567262,-16.886118
0.526470,2.349453,0.437503,7.616453,-1.903374,-16.371306
0.433344,2.244162,0.406224,7.450837,-2.538523,-14.034154
0.329964,2.155714,0.375740,7.533857,-1.266739,-13.321992
0.288907,1.974848,0.347715,6.665921,-1.929141,-12.997474
0.328756,1.733044,0.316486,5.456055,-0.814346,-12.698558
0.293499,1.486595,0.311067,4.239281,-2.253534,-11.265004
0.213782,1.336319,0.275452,3.897488,-1.714223,-9.407359
0.091039,1.190952,0.281226,3.413719,-0.663849,-7.883572
0.064109,0.974485,0.235597,2.832856,-0.078141,-7.417485
0.111258,0.691556,0.208691,0.966567,-0.122162,-7.972051
0.105636,0.425724,0.190883,0.004593,-0.845880,-7.003426
0.018014,0.275733,0.157701,-0.196312,-0.381415,-5.061573
-0.149442,0.188092,0.121657,-1.005610,0.004265,-2.547857
-0.224469,0.031966,0.089689,-1.270398,0.880876,-1.465126
-0.210666,-0.253232,0.040623,-3.391325,0.065745,-2.730276
-0.199155,-0.553093,-0.015871,-4.324663,-0.340853,-2.304076
-0.282250,-0.690618,-0.060771,-4.366829,-0.304438,-0.831515
-0.432119,-0.737960,-0.072956,-4.853539,0.393891,1.348053
-0.496570,-0.831986,-0.128458,-5.346026,1.563542,3.516091
-0.459301,-1.077099,-0.172670,-7.041813,1.057800,3.554601
-0.379649,-1.367618,-0.239746,-8.444300,1.088012,3.283687
-0.378340,-1.528526,-0.266662,-9.077712,0.711175,4.384428
-0.470438,-1.609507,-0.265668,-9.361988,1.461537,5.282933
-0.481375,-1.673833,-0.299247,-9.849118,2.557589,7.737502
-0.460860,-1.864628,-0.335941,-10.384297,0.990842,8.068342
-0.396876,-2.073247,-0.373742,-11.002623,2.253613,9.086850
-0.434922,-2.165208,-0.391651,-11.259765,-0.139340,10.259676
-0.536501,-2.184752,-0.384029,-11.306642,0.096992,11.913535
-0.566689,-2.186498,-0.427640,-11.650225,0.356249,13.647644
-0.552388,-2.319253,-0.437828,-12.483383,-0.870346,13.734014
-0.492618,-2.424101,-0.445457,-13.222138,-1.019139,14.639201
-0.519389,-2.408260,-0.457677,-13.720173,-1.085966,17.011968
-0.601818,-2.334195,-0.457155,-14.360567,-1.329605,18.455008
-0.593828,-2.271713,-0.452540,-14.038113,-1.456747,19.096777
-0.501874,-2.314546,-0.443346,-14.718041,-2.216113,18.932034
-0.399793,-2.384416,-0.467446,-15.481920,-2.384213,18.008988
-0.373836,-2.304042,-0.471050,-15.146445,-2.762399,19.028924
-0.428728,-2.107010,-0.480231,-14.194407,-2.182911,20.849716
-0.428699,-1.938171,-0.503195,-12.997965,-1.781856,21.152631
-0.366175,-1.879875,-0.493902,-12.986348,-2.198073,19.129890
-0.270623,-1.822259,-0.505437,-12.770830,-2.361279,17.984244
-0.259955,-1.670245,-0.495284,-11.476663,-2.126765,17.816894
-0.331752,-1.413339,-0.482417,-9.858441,-0.932745,18.630048
-0.355609,-1.176829,-0.486947,-8.364856,0.290737,17.606560
-0.332832,-1.102088,-0.419959,-7.942163,0.263673,14.584979
-0.197559,-0.987445,-0.392639,-8.198085,0.244415,13.342035
-0.133079,-0.826445,-0.338928,-7.053420,1.791251,12.149897
-0.152065,-0.583761,-0.285540,-5.938710,2.737131,13.586821
-0.176604,-0.285459,-0.218010,-5.377601,2.068049,13.349893
-0.124765,-0.137769,-0.150063,-4.654539,3.578912,11.860409
-0.004129,-0.029967,-0.096228,-4.597726,2.761290,8.847195
0.074686,0.166408,-0.031981,-4.283380,2.468874,7.471960
0.090507,0.442783,0.004484,-2.847264,3.440269,8.548553
0.040397,0.743405,0.060285,-1.815204,3.035232,7.290595
0.025426,0.957758,0.111159,-0.501638,2.363914,4.536185
0.151101,1.165737,0.140042,-0.043160,0.255519,2.786768
0.235059,1.344662,0.179247,0.768304,-1.116987,-1.008534
0.261052,1.588436,0.207049,2.380444,-1.813038,-2.276810
0.259424,1.903724,0.216788,4.449390,-1.027055,-2.539467
0.264929,2.130971,0.272288,5.558893,-0.718158,-3.869844
0.368952,2.301894,0.294362,6.725504,-1.227724,-6.274278
0.465377,2.425366,0.334178,7.715569,-1.862166,-8.720142
0.532562,2.599601,0.370072,8.389742,-1.590115,-9.761449
0.535940,2.811473,0.431883,9.156290,-1.254049,-10.202656
0.538828,2.944963,0.474676,9.933722,-0.490124,-12.018736
0.603653,3.032752,0.505134,9.990019,-0.050074,-13.260989
0.667119,3.069758,0.593753,9.200402,-0.522118,-14.533108
0.706370,3.142123,0.639911,9.079165,-0.520263,-14.863897
0.652436,3.275573,0.678158,9.440689,-0.124487,-13.558901
0.601060,3.333725,0.707224,9.665743,0.304236,-14.746236
0.607927,3.350584,0.698479,9.214375,0.508308,-16.263067
0.630185,3.283921,0.719953,8.440839,-0.588735,-17.781869
0.639218,3.225904,0.700350,8.430706,-0.446717,-18.879187
0.596205,3.291569,0.662675,9.041939,1.139223,-16.480406
0.537298,3.301232,0.622393,9.898858,1.528717,-15.628746
0.535828,3.220478,0.574561,10.299637,2.100711,-18.093976
0.579589,3.058545,0.548118,9.574528,0.808300,-18.691025
0.618949,2.912122,0.491640,9.254060,-0.586926,-18.968407
0.559688,2.802975,0.454456,9.865454,-0.221246,-18.249260
0.479682,2.706241,0.408555,10.405149,0.304915,-17.554708
0.451867,2.595741,0.361941,10.048345,-0.446720,-16.069919
0.449303,2.355588,0.337434,9.144185,-0.890850,-16.083132
0.439702,2.102098,0.310512,8.281540,-1.420856,-15.824061
0.327912,1.887079,0.309593,7.523928,-1.803079,-16.183318
0.234547,1.780974,0.272560,6.876848,-0.155167,-12.932900
0.125698,1.586381,0.260714,5.871963,-0.797491,-11.103020
0.097511,1.289518,0.245424,4.080999,-0.771993,-11.079855
0.071380,0.993743,0.245280,2.532444,-1.293516,-10.809597
0.011692,0.783428,0.234366,1.119936,-1.061031,-8.866670
-0.069161,0.614018,0.211162,0.225606,-0.217474,-6.584996
-0.170302,0.397951,0.208589,-0.778574,-0.533431,-6.768637
-0.158791,0.142062,0.172925,-1.622669,1.315563,-5.393714
-0.181079,-0.119713,0.123334,-2.954787,0.684701,-4.442148
-0.252751,-0.358523,0.083919,-3.870748,1.355497,-3.409691
-0.332153,-0.511344,0.019806,-3.632092,2.554175,-2.198454
-0.426720,-0.684141,-0.023000,-4.416243,3.053857,-2.797324
-0.403959,-0.880878,-0.094157,-5.419363,3.432634,-1.250101
-0.397060,-1.096629,-0.154140,-6.622760,3.159982,0.087542
-0.458021,-1.281522,-0.199051,-7.075477,2.469249,0.644320
-0.482803,-1.357045,-0.253089,-8.052643,3.291716,2.687495
-0.516287,-1.466517,-0.321748,-8.642691,3.461605,3.430709
-0.476452,-1.655307,-0.380878,-9.638849,1.322985,3.447597
-0.431893,-1.816655,-0.437526,-10.265844,0.532151,3.661998
-0.454712,-1.937820,-0.457628,-10.446617,-0.107261,5.137916
-0.507008,-1.954987,-0.504216,-10.380716,-0.105879,7.315285
-0.529460,-2.008153,-0.527833,-10.619930,-0.341838,8.783032
-0.498165,-2.135574,-0.566575,-11.358164,-0.937968,8.921237
-0.426408,-2.253460,-0.578911,-12.276492,-2.234514,9.021909
-0.449010,-2.299548,-0.574056,-12.566482,-3.062046,10.324023
-0.485173,-2.256932,-0.582899,-12.621282,-2.742728,12.863984
-0.517190,-2.246517,-0.543378,-12.682244,-2.855847,13.960515
-0.452884,-2.307873,-0.540867,-13.237737,-2.391080,14.199393
-0.350836,-2.388995,-0.526205,-14.480514,-2.447869,13.319561
-0.319226,-2.392573,-0.485089,-15.201863,-3.051024,13.968907
-0.328102,-2.274910,-0.477349,-14.977327,-2.595917,15.245817
-0.361103,-2.129081,-0.429123,-14.919432,-2.550262,16.960007
-0.292326,-2.055374,-0.435238,-14.876576,-1.328082,16.793584
-0.216144,-2.031511,-0.417385,-14.905235,-1.553848,14.796057
-0.159020,-1.944152,-0.423573,-13.732427,-1.063038,14.487153
-0.190111,-1.712687,-0.407331,-12.670669,-2.324584,15.246194
-0.226510,-1.489669,-0.387840,-11.599272,-0.834768,14.965178
-0.164371,-1.325491,-0.411080,-10.193308,0.507020,13.734603
-0.085733,-1.217160,-0.370112,-9.991399,-0.993047,11.503588
0.001176,-1.055904,-0.356982,-8.792094,0.795671,10.565735
-0.006344,-0.813722,-0.324502,-7.307277,0.705939,11.031336
-0.022711,-0.576057,-0.286915,-5.728726,1.673418,11.162236
0.016272,-0.385410,-0.237140,-4.858191,1.292166,9.294608
0.107819,-0.279190,-0.194783,-4.417934,0.678137,7.035275
0.187766,-0.121925,-0.143131,-3.698571,0.025594,4.661940
0.160318,0.107432,-0.056537,-2.848111,-0.053860,5.009769
0.124484,0.373897,-0.003972,-1.652641,1.066229,5.315999
0.124191,0.584614,0.059093,-0.782142,0.499877,5.013170
0.170786,0.712941,0.112154,-0.619014,-0.032735,2.564926
0.254898,0.857394,0.185303,-0.170230,-0.049797,1.087617
0.240002,1.062839,0.240734,0.082249,-0.251601,0.112624
0.223715,1.326251,0.304282,1.805190,0.234869,0.200109
0.215006,1.547737,0.368319,2.514374,-0.193470,-0.689594
0.291261,1.684621,0.395931,3.063542,-0.023321,-2.251865
0.382627,1.802917,0.430163,3.582800,-0.160688,-4.216711
0.415258,1.944518,0.464760,4.359911,-0.561175,-5.474606
0.412461,2.164629,0.482521,5.856295,-0.399285,-6.126162
0.405296,2.354045,0.513603,7.050301,0.064976,-7.277015
0.447741,2.486853,0.511197,8.181412,0.602987,-8.583204
0.500388,2.585093,0.539068,8.627072,-0.074308,-10.409143
0.537814,2.672901,0.539774,9.382925,-0.157468,-11.097167
0.512053,2.822587,0.547786,9.958297,0.250519,-11.506333
0.470878,2.931856,0.564674,10.848136,-0.456351,-12.070064
0.495992,3.001516,0.561822,10.636215,0.267479,-13.416935
0.520857,2.989378,0.593100,10.068334,-0.554358,-14.877764
0.552348,2.996724,0.604031,9.909635,-1.477937,-14.097417
0.487405,3.046745,0.605475,10.103134,-1.696108,-13.592763
0.415415,3.059592,0.601500,10.591272,-1.411734,-12.996237
0.401347,3.024414,0.594413,10.165458,0.670612,-13.720664
0.408364,2.895792,0.582268,9.391955,-2.360313,-14.799093
0.400972,2.783431,0.555634,8.511707,-3.216372,-14.293996
0.327551,2.722358,0.556183,8.104662,-3.488897,-13.242522
0.254254,2.686917,0.508686,8.680398,-1.144041,-12.596020
0.192498,2.569226,0.476511,8.378844,-1.248029,-12.446582
0.222014,2.382977,0.454765,7.362664,-1.154847,-12.751608
0.206767,2.182791,0.405867,7.119265,-1.477898,-12.722109
0.140098,2.039076,0.377976,7.021478,-1.406538,-11.162949
0.049775,1.940356,0.345686,6.751390,0.334054,-10.293345
-0.003716,1.779930,0.318636,6.638615,1.019371,-10.118622
0.014275,1.542837,0.268841,5.755295,0.862372,-10.730504
-0.010671,1.289334,0.280500,4.283345,-0.967229,-10.155886
-0.058923,1.133382,0.265329,3.325789,-2.933810,-8.129634
-0.161502,1.004126,0.223724,3.402881,0.315305,-6.522782
-0.227571,0.852398,0.192173,2.631921,2.011118,-5.182075
-0.221417,0.613109,0.164719,1.241507,1.710584,-5.690251
-0.204309,0.344868,0.118167,-0.091497,0.019607,-5.733178
-0.254300,0.158015,0.100370,-0.661473,-0.585402,-3.996053
-0.390557,0.035445,0.072630,-1.082206,-0.001824,-1.946262
-0.483145,-0.064873,0.019031,-1.571351,0.305150,0.089815
-0.519304,-0.272635,-0.004133,-2.818225,-0.646846,-0.362867
-0.463657,-0.546748,-0.049089,-4.248258,-0.476120,-1.600953
-0.488032,-0.742254,-0.102898,-4.943911,-0.289217,0.063194
-0.560427,-0.832718,-0.145219,-5.222223,0.801727,2.497241
-0.631990,-0.916151,-0.176655,-5.466797,1.576008,4.516440
-0.635004,-1.110215,-0.231882,-6.237031,1.973492,5.075560
-0.532690,-1.353194,-0.273654,-7.814906,1.414122,5.289799
-0.500929,-1.561242,-0.273759,-9.175460,1.329580,5.796926
-0.509644,-1.631729,-0.299103,-8.780320,1.505686,7.636580
-0.572178,-1.692090,-0.310315,-9.518038,2.177575,9.311195
-0.538887,-1.798763,-0.333624,-9.832427,1.086112,10.443054
-0.492490,-1.976454,-0.357146,-10.672849,0.091782,11.318601
-0.460863,-2.106403,-0.369744,-11.331759,-1.028586,12.943293
-0.516872,-2.099372,-0.394251,-11.358101,-1.780688,14.757874
-0.555000,-2.091130,-0.422217,-11.541153,-0.589744,15.567379
-0.517338,-2.134281,-0.453499,-12.168913,1.386317,15.783318
-0.469293,-2.239519,-0.450029,-13.166071,-2.515222,16.156895
-0.413465,-2.268526,-0.462443,-13.623259,-2.759665,17.159891
-0.453553,-2.201847,-0.455462,-13.769630,-2.936375,18.744360
-0.459330,-2.086226,-0.478393,-13.148038,-2.757121,19.921540
-0.410281,-2.074534,-0.459591,-13.496971,-2.703548,19.582704
-0.283480,-2.099753,-0.462158,-14.434760,-3.824829,17.769953
-0.208437,-2.074380,-0.458130,-14.250963,-4.400323,17.135475
-0.221682,-1.907120,-0.469422,-13.403759,-3.602339,18.922049
-0.281609,-1.701813,-0.466244,-12.202072,-3.664325,19.820377
-0.258842,-1.590745,-0.479735,-11.492406,-2.971734,18.549051
-0.175065,-1.530830,-0.477611,-11.376687,-3.955907,16.289808
-0.096408,-1.463196,-0.467590,-11.138017,-3.749442,14.618876
-0.113575,-1.240459,-0.458787,-10.054563,-3.253964,13.959792
-0.181512,-0.985998,-0.407794,-8.572969,-1.203918,14.503845
-0.163888,-0.796292,-0.387893,-7.769143,-0.263503,13.734665
-0.092922,-0.676762,-0.349885,-7.570752,0.088138,11.460840
0.029996,-0.562872,-0.317087,-7.281254,1.016514,8.983915
0.055251,-0.369743,-0.255216,-6.303192,1.592545,7.338783
0.028712,-0.098200,-0.208740,-5.656404,2.027320,6.566358
0.046345,0.156459,-0.168100,-4.610731,2.611417,5.857164
0.107100,0.321546,-0.103010,-3.911851,3.274098,3.829951
0.190306,0.523534,-0.058864,-3.814560,2.598865,1.264220
0.215604,0.749661,-0.021615,-1.990135,1.544496,-0.897056
0.194728,1.030586,-0.000388,-1.148245,1.477846,-2.024142
0.212137,1.285894,0.040443,0.222957,2.137101,-3.519320
0.267680,1.476311,0.074898,1.758760,1.325948,-5.166053
0.341981,1.659370,0.111859,2.665015,0.097653,-7.933781
0.383074,1.867365,0.162576,4.338667,-0.416223,-9.205398
0.396325,2.110108,0.203019,6.312298,-0.251911,-10.145861
0.401147,2.315398,0.280166,7.446331,-0.186288,-11.538150
0.473784,2.465143,0.321130,8.331955,-0.441235,-13.228536
0.554650,2.555610,0.408627,8.553871,-1.212001,-14.997511
0.620453,2.671339,0.473787,8.933192,-0.788773,-15.984131
0.593333,2.818047,0.556678,9.198889,-4.865542,-15.628194
0.606056,2.968744,0.591029,9.799824,-0.143351,-15.545397
0.614029,3.031002,0.660108,9.872359,-0.479820,-16.722448
0.680702,3.037433,0.697662,9.016756,-1.144727,-18.432574
0.716168,3.071478,0.744558,8.694686,-1.124659,-18.683549
0.676382,3.133224,0.752410,9.152767,-0.442561,-16.697690
0.612447,3.226540,0.760324,9.870990,0.368746,-16.348369
0.571849,3.212478,0.771606,10.029351,-0.040463,-17.208630
0.612003,3.149006,0.723620,9.789842,-0.561556,-18.300013
0.638913,3.050900,0.724752,9.074195,-1.433323,-18.917066
0.622094,2.995578,0.676356,9.405872,-1.326069,-18.059315
0.538749,2.978723,0.628928,10.320694,-0.422634,-17.366691
0.501888,2.898415,0.570825,10.719596,0.210581,-16.666717
0.537341,2.750751,0.534095,10.191485,0.116871,-17.518641
0.551830,2.529282,0.508906,9.352530,-1.262567,-17.832969
0.532178,2.371134,0.450104,8.845821,-1.128046,-16.482525
0.420631,2.247350,0.453912,8.165663,-1.681675,-14.601064
0.333272,2.088716,0.410751,7.644728,-0.447068,-13.697213
0.296814,1.883967,0.361931,6.258118,-0.695936,-12.921327
0.275045,1.623020,0.341721,5.176565,-1.726555,-11.700577
0.218394,1.412763,0.322749,3.851150,-2.172819,-10.203916
0.097886,1.243977,0.297359,3.153438,-0.772922,-8.867119
0.016002,1.067671,0.264541,2.357657,0.753855,-7.679219
-0.023394,0.824951,0.237317,1.005887,0.742042,-6.084322
-0.011931,0.531757,0.193844,-0.349021,0.497257,-6.232952
-0.050887,0.296297,0.147414,-0.994896,0.385658,-5.169856
-0.137051,0.126720,0.123367,-1.206058,1.141564,-3.163497
-0.225602,-0.009229,0.047723,-2.069074,2.859720,-1.587443
-0.271411,-0.232346,-0.001563,-3.009955,2.840318,-1.550818
-0.248116,-0.488944,-0.049680,-4.800078,1.925503,-1.642801
-0.291145,-0.704640,-0.103729,-5.511166,1.056366,-0.315748
-0.379728,-0.836197,-0.174662,-5.699499,2.173655,0.701290
-0.489020,-0.896065,-0.230664,-6.113631,2.864657,2.252304
-0.531692,-1.072759,-0.273582,-6.784883,2.591900,2.988694
-0.478008,-1.282730,-0.340576,-8.043341,1.786255,3.084870
-0.483502,-1.463333,-0.367653,-9.244089,1.033044,3.285432
-0.513944,-1.551270,-0.399378,-10.133584,0.987832,5.229202
-0.591006,-1.592199,-0.433646,-9.597920,1.264916,6.789436
-0.602215,-1.705624,-0.472704,-9.704091,1.528706,8.279205
-0.547776,-1.862524,-0.512284,-10.004992,2.744819,8.274268
-0.530615,-2.009857,-0.497500,-10.912461,0.852140,8.492033
-0.553707,-2.062031,-0.504337,-11.251557,-0.109700,10.183219
-0.608701,-2.073716,-0.493725,-10.933817,-0.165751,11.518114
-0.620416,-2.110979,-0.485742,-11.513200,-2.114502,12.808408
-0.576340,-2.216874,-0.474618,-12.119597,-1.346516,13.171579
-0.543394,-2.284311,-0.455219,-12.187002,-2.015142,14.325253
-0.562622,-2.250236,-0.422680,-11.997490,-2.751774,15.988045
-0.590720,-2.196440,-0.408450,-12.462051,-2.576856,16.674825
-0.551498,-2.179250,-0.403307,-12.562473,-2.236927,16.817585
-0.491462,-2.199913,-0.364285,-13.443660,-2.287479,17.072951
-0.417719,-2.182336,-0.352035,-13.565714,-2.079583,17.284177
-0.435024,-2.028379,-0.350273,-13.068868,-2.061031,18.803721
-0.464090,-1.868295,-0.344079,-12.158445,-1.130509,19.898186
-0.421714,-1.733071,-0.332712,-11.663269,-1.354742,18.982939
-0.333620,-1.681836,-0.324138,-11.274635,-1.113247,16.470160
-0.244091,-1.579778,-0.330785,-10.767390,-1.102923,15.737884
-0.261045,-1.396707,-0.310644,-9.571562,-1.162191,15.872823
-0.285942,-1.114804,-0.308979,-8.240760,-0.353333,17.237007
-0.272721,-0.918856,-0.291638,-7.105873,-0.121760,16.190954
-0.177934,-0.829626,-0.285320,-6.396758,0.237611,13.833417
-0.086702,-0.718820,-0.250276,-5.832491,-0.988570,11.308394
-0.077491,-0.544431,-0.205313,-4.867286,-1.467908,11.289777
-0.098509,-0.264793,-0.183387,-3.800698,0.191939,12.272702
-0.125786,-0.059683,-0.116681,-3.108678,-0.161495,11.397731
-0.041959,0.077444,-0.067907,-2.849316,0.166867,9.742889
0.044307,0.171541,0.004044,-3.014698,-1.204519,7.669290
0.085547,0.340915,0.055850,-2.529994,-1.566841,7.009596
0.040991,0.634352,0.100429,-1.759737,0.448044,7.551665
0.014748,0.846027,0.133303,-0.455966,1.195888,6.836326
0.070980,1.016323,0.180944,-0.220366,1.364395,5.267220
0.158292,1.136927,0.244561,-0.062875,0.653754,2.461955
0.241650,1.290929,0.262247,0.460152,0.469143,1.281627
0.226101,1.538188,0.292567,1.781773,-0.111468,0.373890
0.216089,1.779520,0.318449,3.044156,0.559971,0.300612
0.274970,1.970666,0.323714,3.954612,1.167245,-2.035263
0.357077,2.068158,0.329520,4.909512,0.106420,-5.177877
0.444314,2.188712,0.337730,5.778636,-0.690772,-7.082973
0.444593,2.369571,0.382837,6.806367,-1.080785,-7.705996
0.426119,2.588228,0.387022,8.527513,-0.089371,-8.340910
0.425118,2.745122,0.406769,9.217031,-0.303343,-9.233286
0.489135,2.806155,0.435514,9.385745,-0.120482,-11.908070
0.553327,2.858402,0.447452,9.194313,-0.985667,-13.808602
0.545275,2.919147,0.495385,8.832067,-1.121859,-14.183172
0.492664,3.040078,0.522052,9.413954,-1.497219,-13.858680
0.448784,3.101040,0.552779,9.749800,-0.844200,-14.886304
0.475894,3.082120,0.557919,9.451305,-0.039488,-15.399070
0.504838,3.041411,0.572092,8.353582,-1.433877,-16.212296
0.485036,2.995703,0.549526,7.903961,-0.762126,-15.526745
0.427192,3.015345,0.537528,8.254043,0.783823,-15.675342
0.368535,2.960102,0.546079,8.219846,1.818274,-16.282339
0.391788,2.861435,0.516294,7.745793,1.270248,-17.357858
0.407994,2.717300,0.488689,7.464633,-0.589116,-17.106289
0.397526,2.591310,0.447465,7.217174,0.175374,-15.659535
0.329146,2.539214,0.418300,7.437809,0.593859,-15.735281
0.284965,2.433556,0.387209,7.498229,1.266637,-15.739569
0.308969,2.266224,0.323812,6.745750,1.303125,-17.008031
0.341748,2.046940,0.312117,5.592463,0.229649,-16.492697
0.318597,1.874012,0.256634,5.559225,0.088331,-15.369080
0.223452,1.761063,0.252042,5.415953,-0.526785,-13.521191
0.138726,1.635434,0.214757,5.185188,0.393089,-12.631449
0.132269,1.435563,0.192722,4.029757,0.135480,-12.094993
0.161549,1.159333,0.150083,2.723025,-0.478474,-12.287267
0.132102,0.956806,0.126154,1.467079,-1.212867,-11.439259
0.036199,0.797280,0.110214,1.678856,1.205237,-9.187535
-0.079566,0.677950,0.094760,1.093308,0.853881,-7.590040
-0.145185,0.454271,0.079789,0.155037,-0.096263,-7.087460
-0.100971,0.185715,0.022767,-0.962229,-0.735800,-7.120608
-0.130496,-0.070699,0.034528,-2.577097,-1.653471,-6.278443
-0.209022,-0.217345,-0.000092,-2.953070,-0.524181,-5.270766
-0.309941,-0.334391,-0.031397,-3.646485,1.079792,-3.882534
-0.344350,-0.495243,-0.086460,-4.241972,1.420161,-2.406262
-0.330183,-0.763074,-0.100062,-5.998355,0.281812,-1.985180
-0.301816,-0.988998,-0.151774,-6.905096,1.247784,-0.236487
-0.348778,-1.132838,-0.173910,-7.217055,1.947502,0.401581
-0.377605,-1.228504,-0.222865,-7.798195,3.127719,1.602143
-0.369684,-1.371786,-0.253496,-8.826399,2.894922,2.127743
-0.273187,-1.590866,-0.286209,-10.025749,2.608644,2.731384
-0.268552,-1.740398,-0.331346,-10.909221,1.667622,4.256224
-0.324179,-1.794069,-0.365267,-9.935879,2.837548,7.157762
-0.395198,-1.804793,-0.407387,-9.596554,3.067513,7.984282
-0.377906,-1.912079,-0.434372,-10.191985,1.853769,8.562226
-0.305899,-2.067532,-0.465040,-11.532362,-0.451392,7.594740
-0.291765,-2.189015,-0.483960,-11.885307,-2.237252,8.618125
-0.341543,-2.123163,-0.517611,-11.510515,-2.023112,11.568846
-0.442787,-2.060748,-0.479023,-11.108170,-2.521376,13.865649
-0.419675,-2.071255,-0.498032,-11.711242,-3.107968,14.699816
-0.312579,-2.176119,-0.472655,-13.277497,-4.587523,13.586793
-0.220234,-2.257589,-0.460050,-14.046940,-5.060838,13.218112
-0.259276,-2.163140,-0.449373,-13.782546,-5.511979,15.294059
-0.328043,-2.017213,-0.443408,-13.207795,-5.357173,17.463506
-0.317480,-1.943801,-0.439122,-13.098049,-3.934482,18.759922
-0.234057,-1.969847,-0.436302,-13.086955,-3.535262,16.710496
-0.165572,-1.959488,-0.425437,-13.378563,-3.646179,15.501512
-0.193912,-1.850025,-0.401715,-12.578580,-3.227705,15.700279
-0.270088,-1.598672,-0.420251,-11.050757,-1.950131,16.758818
-0.298737,-1.426616,-0.371349,-10.048497,-1.094360,16.746756
-0.237320,-1.349646,-0.353227,-9.719045,-0.472649,14.586625
-0.166613,-1.260669,-0.331763,-9.537260,0.201028,12.889423
-0.152636,-1.083457,-0.312646,-8.656119,0.342892,12.414173
-0.200133,-0.838403,-0.272029,-7.589609,1.676054,12.819885
-0.200878,-0.642487,-0.242819,-6.522538,2.708666,12.210468
-0.152344,-0.492624,-0.174836,-6.344016,-1.111803,10.525886
-0.038978,-0.399882,-0.164956,-5.186290,2.644872,8.730750
-0.022251,-0.193305,-0.096471,-4.645328,1.317625,7.418900
-0.057094,0.063687,-0.062179,-3.301314,2.508861,8.229934
-0.084460,0.332693,-0.026618,-2.412154,3.020970,7.199128
-0.081148,0.499713,0.026161,-1.988484,0.713734,5.026010
-0.010346,0.665874,0.080698,-1.626139,-1.108744,2.783548
0.019826,0.862308,0.117163,-0.585294,-1.376785,1.332848
0.011909,1.133378,0.154891,0.661789,-0.277979,1.595665
-0.023837,1.375606,0.189186,2.294552,-0.315186,0.956907
0.036452,1.574535,0.220882,3.400343,0.702111,-0.534554
0.115227,1.685015,0.272527,3.419023,0.201687,-3.199183
0.207427,1.836841,0.308874,4.153636,-0.414240,-5.067696
0.230401,2.027229,0.371470,5.044089,-0.447153,-4.618094
0.235206,2.225528,0.399958,7.142705,0.487643,-4.958904
0.264190,2.371685,0.462206,7.476493,0.724661,-6.894370
0.366428,2.456349,0.501366,7.652195,0.878407,-8.503772
0.441763,2.515059,0.549398,7.371546,-0.164801,-10.455671
0.456797,2.632347,0.571666,7.616656,0.274028,-10.041502
0.402902,2.821803,0.616310,8.536240,0.078785,-9.467825
0.386884,2.925373,0.644165,9.296987,0.498661,-10.527313
0.421028,2.975175,0.647405,9.167413,0.420766,-12.183766
0.470173,2.957311,0.669663,8.801090,-0.902487,-13.304419
0.471476,2.993691,0.659970,9.180182,-0.333115,-13.606076
0.390216,3.068553,0.670034,9.752754,0.117295,-12.959792
0.346973,3.121023,0.668875,10.118000,1.179331,-12.848286
0.360890,3.033947,0.639195,10.100535,0.109167,-14.799165
0.443706,2.925209,0.616320,9.704958,-0.223823,-15.492800
0.459200,2.824675,0.594433,9.092502,0.205891,-14.604790
0.394657,2.799009,0.547632,9.473481,0.609946,-14.246394
0.317753,2.734063,0.533100,9.659786,0.764116,-13.614032
0.337621,2.594139,0.464658,9.423798,1.958762,-13.808609
0.351953,2.368078,0.460857,7.849817,-0.328582,-14.397077
0.353295,2.205755,0.409802,7.204976,-0.514811,-13.397174
0.267670,2.078642,0.413452,7.275926,-0.358737,-11.923062
0.179943,1.967919,0.348687,7.556670,1.057582,-11.550498
0.121801,1.781424,0.341140,6.549083,0.545551,-10.825776
0.148346,1.543322,0.297001,4.939370,0.056150,-10.364901
0.106870,1.295016,0.270217,3.853805,-0.647162,-9.207781
0.053277,1.144128,0.260622,3.098507,-0.193985,-7.296563
-0.052161,0.993333,0.234546,2.831438,0.514641,-6.784095
-0.063781,0.804747,0.196230,1.677822,1.247006,-6.213368
-0.038828,0.535046,0.165553,0.128640,0.283974,-6.120401
-0.023246,0.294958,0.124319,-0.915990,0.607577,-5.113699
-0.115804,0.141602,0.099694,-0.905840,1.179828,-3.122673
-0.217812,0.023011,0.031482,-1.421406,1.599303,-1.607125
-0.266310,-0.134418,-0.001687,-2.258175,1.412356,-1.070044
-0.232761,-0.403608,-0.074531,-3.526588,0.941149,-1.915123
-0.221003,-0.630342,-0.117019,-4.885921,-0.384474,-1.500295
-0.298206,-0.767558,-0.181526,-5.015337,0.326962,0.077975
-0.400985,-0.802010,-0.224529,-5.561059,0.842036,2.903116
-0.448620,-0.920723,-0.283350,-5.903526,1.254346,4.246669
-0.374010,-1.137026,-0.327801,-7.369935,1.054882,3.752912
-0.321636,-1.383058,-0.365224,-8.344879,0.511931,2.386879
-0.314116,-1.498406,-0.399237,-8.708382,0.497767,3.286739
-0.386431,-1.549130,-0.409717,-8.667112,0.955969,5.602749
-0.425118,-1.613952,-0.438157,-8.825034,2.061800,7.631457
-0.399354,-1.786358,-0.448289,-9.741074,0.213935,8.277047
-0.342351,-1.965734,-0.459952,-10.651842,0.000071,8.282400
-0.352234,-2.071091,-0.473200,-11.292597,-0.691138,8.870325
-0.411190,-2.071061,-0.462972,-11.337757,-0.238769,10.388942
-0.437817,-2.087775,-0.462614,-11.156343,-0.293563,11.945924
-0.420184,-2.192403,-0.450331,-11.740009,-1.029643,12.813717
-0.375687,-2.268195,-0.425828,-13.246104,-1.888995,13.241772
-0.380972,-2.290660,-0.411759,-13.091458,-1.082818,14.739047
-0.413137,-2.197835,-0.408624,-13.213542,-0.964342,16.188144
-0.399685,-2.164092,-0.384462,-13.819240,-1.446525,16.590965
-0.313892,-2.176395,-0.410975,-14.245314,-1.169314,15.773360
-0.238258,-2.192088,-0.375501,-14.659672,-2.298357,15.611035
-0.210998,-2.085363,-0.405395,-14.660214,-0.924559,16.840229
-0.243655,-1.895729,-0.414090,-13.294257,-0.999782,18.331587
-0.243789,-1.762735,-0.443008,-12.317174,-1.152537,17.582417
-0.164827,-1.683763,-0.438504,-11.936772,-1.683511,15.667351
-0.104857,-1.633003,-0.449721,-11.488788,-2.618990,13.140001
-0.090982,-1.438725,-0.445706,-9.916930,-2.122170,13.654085
-0.174559,-1.179452,-0.436161,-9.183279,-1.909796,14.843229
-0.189357,-0.948499,-0.431467,-7.909936,-0.840486,14.253460
-0.127056,-0.851113,-0.414316,-7.545937,-1.220589,12.094537
-0.026689,-0.797678,-0.376660,-7.137654,-0.742614,9.051224
0.014716,-0.638804,-0.322395,-6.226915,0.022795,8.378391
-0.029646,-0.395054,-0.272965,-5.671615,1.146925,9.305492
-0.056536,-0.139089,-0.208146,-4.646497,2.586566,9.700690
-0.027316,-0.008198,-0.139320,-3.889895,3.108093,7.884147
0.093517,0.112362,-0.119632,-5.401838,3.206192,5.100363
0.151656,0.242921,-0.015014,-4.403494,3.171371,2.810394
0.147477,0.488320,0.003863,-3.930203,3.325462,2.799269
0.074124,0.800483,0.072811,-3.041421,3.146805,3.688869
0.094456,1.023988,0.112305,-1.643870,3.305452,2.547555
0.183508,1.180452,0.148241,-0.623958,2.212167,-0.651475
0.288313,1.334707,0.184916,-0.151018,1.062765,-3.405262
0.325053,1.561120,0.183455,1.467224,0.521002,-5.125083
0.312432,1.851822,0.207877,2.744358,0.269866,-5.651641
0.319082,2.096728,0.220228,4.359727,0.123853,-6.896540
0.387554,2.261828,0.233759,5.950015,-0.214573,-9.194662
0.489392,2.399783,0.276900,7.055455,-1.254604,-11.813134
0.526375,2.557524,0.301075,8.129219,-2.029640,-13.565426
0.524536,2.774335,0.334503,9.377904,-2.218643,-13.934390
0.478467,2.946187,0.424819,10.082876,-3.761930,-15.326834
0.542600,3.055663,0.442699,10.424669,-0.843606,-16.974100
0.604821,3.107647,0.504635,9.541204,-0.918446,-18.622318
0.645813,3.169347,0.547661,9.753663,-0.135506,-18.807691
0.579366,3.283694,0.606437,9.161915,-2.547379,-18.411520
0.544310,3.370396,0.606903,9.393517,0.537968,-18.698236
0.545255,3.376968,0.689512,10.442689,0.499354,-19.912456
0.597472,3.319131,0.675502,9.017215,0.310548,-20.982398
0.612758,3.261879,0.676077,9.170777,0.149252,-21.421695
0.547618,3.268263,0.668255,9.259600,0.324745,-20.055729
0.483657,3.276798,0.647868,10.711028,1.439237,-19.916824
0.450399,3.183403,0.655417,10.819880,1.366370,-21.258752
0.523906,3.046856,0.595857,10.284259,1.323653,-21.501380
0.541126,2.864727,0.586584,10.019652,-1.283893,-21.541930
0.504773,2.772172,0.529897,9.634301,0.092949,-20.050878
0.400700,2.676775,0.504684,9.940175,0.251386,-18.986409
0.371693,2.551205,0.473288,9.490169,-0.237173,-18.190994
0.374280,2.307221,0.441035,8.411909,-1.261264,-17.970104
0.394335,2.066766,0.410646,7.117998,-1.533407,-16.977132
0.316516,1.885379,0.369159,6.359903,-2.137537,-15.153811
0.188862,1.722806,0.346832,6.516137,-1.280430,-13.452591
0.103630,1.553239,0.328125,5.724945,-0.729725,-12.090282
0.088990,1.274166,0.319020,4.165318,-1.341594,-11.328932
0.095828,0.982288,0.264489,2.887604,-1.458357,-10.706249
0.012244,0.746211,0.286635,1.749635,-2.360456,-8.405014
-0.069893,0.581049,0.269606,1.752773,-0.462849,-6.770427
-0.160170,0.401890,0.233867,0.595491,-0.298494,-4.709116
-0.147673,0.121658,0.177287,-1.223153,0.425724,-3.880460
-0.135636,-0.173046,0.129896,-2.730143,-0.439534,-2.855356
-0.196598,-0.410760,0.083820,-3.770174,-0.439422,-1.724462
-0.297884,-0.531029,0.042067,-3.979456,0.784616,0.024294
-0.399889,-0.665195,-0.001507,-4.835496,1.371204,1.455657
-0.385807,-0.893469,-0.086095,-5.551783,1.391759,2.807769
-0.377526,-1.169352,-0.131839,-7.264857,1.087362,3.579859
-0.382998,-1.355125,-0.186633,-7.760542,0.856676,4.918515
-0.447675,-1.454034,-0.233063,-8.618725,1.686279,6.463861
-0.478510,-1.538153,-0.313982,-9.380882,2.557661,8.141943
-0.444599,-1.728154,-0.365670,-9.935564,2.355099,8.529441
-0.403243,-1.963633,-0.423898,-10.963073,1.635411,9.714333
-0.416738,-2.079677,-0.447882,-11.135699,0.181866,11.487032
-0.513451,-2.157195,-0.475143,-11.191307,0.076716,12.909733
-0.546174,-2.193979,-0.529287,-11.321029,0.160967,14.452719
-0.539819,-2.327308,-0.489711,-12.508438,-1.417450,14.592333
-0.482793,-2.466723,-0.484744,-13.914261,-2.740853,15.367959
-0.517820,-2.493600,-0.499811,-14.121425,-3.619867,17.576867
-0.595824,-2.451079,-0.501028,-13.971086,-3.061071,19.795808
-0.618125,-2.424600,-0.488463,-13.883261,-2.650612,20.645043
-0.571718,-2.499528,-0.473292,-14.777220,-3.190747,20.632758
-0.463417,-2.573517,-0.475846,-15.602038,-3.706349,20.181593
-0.444110,-2.552057,-0.453111,-16.345251,-3.449059,21.780693
-0.486184,-2.403119,-0.455816,-15.408029,-2.213378,23.609928
-0.498608,-2.270184,-0.436551,-14.758261,-2.431391,23.711216
-0.424527,-2.234881,-0.457658,-14.702062,-2.114262,22.313961
-0.317056,-2.201387,-0.461889,-15.216190,-2.217311,20.340061
-0.302115,-2.096247,-0.449852,-14.209408,-2.129217,19.807708
-0.364655,-1.809375,-0.459115,-12.478026,-1.078787,20.796436
-0.418106,-1.561909,-0.434178,-11.404160,-0.466104,20.880525
-0.364862,-1.397793,-0.449041,-10.412546,-0.523265,18.664123
-0.275514,-1.316947,-0.405710,-10.291148,-0.727856,15.536802
-0.209409,-1.163670,-0.377966,-9.204388,-0.601022,13.527226
-0.240448,-0.880520,-0.335200,-7.643313,0.979852,14.187011
-0.276410,-0.593733,-0.288090,-6.247476,1.766803,14.476564
-0.233568,-0.392864,-0.244676,-5.395221,2.425195,12.577598
-0.122178,-0.289343,-0.184201,-4.872105,1.929159,9.496865
-0.037616,-0.122453,-0.130454,-4.366633,2.370532,7.307105
-0.039717,0.108794,-0.070448,-3.490271,3.730505,6.609715
-0.071297,0.407342,-0.030645,-1.782849,4.469503,6.681158
-0.091895,0.642693,0.073300,-1.554644,2.628023,5.265241
-0.006335,0.803995,0.127516,-1.169985,2.370830,3.418441
0.067175,0.964582,0.177238,-0.464861,1.097888,0.206658
0.106499,1.197626,0.222014,0.877672,1.416698,-0.686503
0.085268,1.483690,0.283136,2.226442,1.341274,-1.034749
0.076491,1.705632,0.333742,3.438455,1.305078,-2.529468
0.167197,1.894560,0.362883,4.259032,0.509159,-4.366585
0.267105,2.006612,0.408588,4.862065,-0.690103,-6.784808
0.339063,2.177082,0.434358,5.869769,-0.925939,-7.060187
0.361078,2.408872,0.473790,7.471415,0.032020,-7.623983
0.387967,2.573955,0.499554,8.559782,0.785471,-8.681246
0.455159,2.698603,0.523315,9.177596,-0.480700,-10.898019
0.541497,2.752799,0.565534,8.773094,-0.671058,-13.072881
0.606427,2.864080,0.593766,8.868219,-2.373941,-13.704371
0.583712,3.052732,0.592096,9.734806,-0.430869,-12.760924
0.541385,3.169718,0.621211,10.709853,0.707556,-13.095226
0.548928,3.233611,0.630641,11.109017,0.005150,-15.143144
0.599248,3.206019,0.629256,10.249649,-1.235562,-16.516505
0.636011,3.196759,0.601332,9.789399,-1.697930,-16.550330
0.567792,3.239106,0.604582,9.617892,-1.571520,-15.834087
0.500890,3.290262,0.567464,10.273513,-0.544287,-15.368751
0.473491,3.245047,0.554161,10.331241,-1.146421,-16.723638
0.540614,3.122326,0.519984,9.522616,-0.918466,-17.467931
0.566903,2.974856,0.508357,9.146055,-1.608060,-17.492389
0.542826,2.885508,0.472228,8.862564,-0.961961,-16.667481
0.456101,2.823414,0.447183,9.120770,-0.091226,-16.195857
0.431867,2.701386,0.410071,9.214409,1.842199,-15.966055
0.437529,2.500199,0.391210,7.710019,-1.105423,-15.885322
0.438484,2.276242,0.342896,6.682488,-0.304426,-15.311938
0.369159,2.133912,0.322378,6.346045,0.126558,-13.939497
0.249019,2.004190,0.282716,6.609457,1.085128,-12.706625
0.174983,1.856263,0.253982,6.263433,1.468353,-12.536062
0.173618,1.614689,0.226429,4.976323,0.907309,-12.246162
0.165199,1.356588,0.201187,3.951980,0.694784,-11.817182
0.111633,1.155463,0.190256,3.027478,0.018356,-9.831833
0.005075,1.020709,0.176198,2.470022,0.538137,-8.472154
-0.057314,0.830212,0.154514,1.936153,1.034038,-8.151382
-0.025019,0.578430,0.114071,0.746782,0.676869,-8.257591
-0.029250,0.275224,0.110428,-0.713801,-0.777943,-7.694474
-0.060895,0.093065,0.066407,-1.219884,-0.332533,-5.687474
-0.205884,-0.032232,0.049890,-1.331073,0.260400,-3.831314
-0.309862,-0.158760,-0.002154,-1.904427,1.960575,-2.110853
-0.324866,-0.389221,-0.054781,-3.399600,1.345460,-3.209830
-0.297349,-0.699625,-0.088084,-4.841004,0.159036,-3.440069
-0.351923,-0.875672,-0.139451,-5.228653,0.325925,-1.731115
-0.481231,-0.949917,-0.162478,-6.046397,0.132950,0.620102
-0.572795,-1.023585,-0.221283,-6.247847,2.062216,2.821443
-0.539274,-1.224250,-0.246682,-7.673475,1.642678,2.571537
-0.438618,-1.530663,-0.295065,-9.296536,1.341032,2.379917
-0.389001,-1.714000,-0.332383,-10.334522,1.376473,3.050703
-0.438966,-1.762321,-0.369672,-10.834677,2.128207,5.134037
-0.519317,-1.797217,-0.402283,-10.444139,3.475658,7.260069
-0.473064,-1.939904,-0.442161,-10.777648,3.008642,8.065047
-0.403027,-2.123354,-0.455514,-12.134076,1.611607,7.912768
-0.372034,-2.277766,-0.488355,-12.665388,0.193318,8.711946
-0.427652,-2.245086,-0.533705,-12.632114,1.234498,10.096455
-0.497013,-2.209780,-0.544297,-12.514849,2.425826,11.804930
-0.466650,-2.232157,-0.572740,-13.018218,1.649411,13.099512
-0.420962,-2.322880,-0.534480,-14.484982,-1.880152,13.344630
-0.362462,-2.342440,-0.555904,-14.684784,-2.504934,13.666425
-0.406687,-2.247013,-0.533295,-14.725447,-2.570718,15.800768
-0.399002,-2.131136,-0.527892,-14.773820,-2.065393,16.236465
-0.340125,-2.098627,-0.523700,-14.902974,-3.163864,16.353212
-0.213351,-2.114852,-0.517050,-14.859255,-2.784966,15.611245
-0.161938,-2.042287,-0.511401,-14.904868,-2.787280,15.310807
-0.202834,-1.868787,-0.502463,-13.530632,-3.485740,16.631175
-0.240457,-1.647840,-0.481564,-12.669094,-2.970965,17.119195
-0.216791,-1.562696,-0.461413,-11.757581,-3.275353,15.054199
-0.109452,-1.490808,-0.468972,-11.128114,-2.623746,12.948308
-0.070115,-1.365894,-0.441032,-10.955136,-1.637544,11.859817
-0.116470,-1.116222,-0.394421,-9.446380,-1.618838,12.506024
-0.165211,-0.847758,-0.363320,-8.182375,-0.466843,12.961159
-0.115915,-0.694507,-0.325825,-7.734962,0.511648,11.469765
-0.017426,-0.619169,-0.271320,-7.177128,0.773032,8.859310
0.079908,-0.512289,-0.213881,-6.688784,1.336978,6.583868
0.098726,-0.276922,-0.156750,-6.014932,2.420173,6.785357
0.057269,0.003769,-0.083371,-4.958640,3.216751,7.148163
0.091262,0.209132,-0.036018,-4.004455,3.311666,6.609709
0.169571,0.355522,0.029355,-3.950728,3.232796,3.785746
0.274261,0.505901,0.071527,-3.687851,3.239876,1.477387
0.285027,0.741892,0.123905,-2.348232,1.698361,0.536830
0.253759,1.020236,0.156191,-0.516714,2.266272,0.118349
0.240875,1.275994,0.194031,1.062768,1.636736,-1.145010
0.286344,1.449838,0.217789,2.426743,0.745967,-3.117936
0.369747,1.628695,0.243570,2.932162,-0.210686,-5.567202
0.416305,1.813661,0.283990,4.344234,1.226716,-6.670501
0.412786,2.051093,0.314559,5.661066,0.066279,-7.481685
0.397624,2.234072,0.375793,6.813418,-0.590780,-8.515427
0.464022,2.382904,0.405919,7.781110,-1.217335,-9.902525
0.527484,2.469814,0.466260,7.805961,-2.629502,-11.582290
0.601785,2.569278,0.499820,8.236344,-0.950574,-12.445954
0.591902,2.716446,0.535910,8.554008,-0.941584,-12.058449
0.581877,2.834233,0.579445,9.062888,0.787825,-11.903819
0.600883,2.893363,0.610556,9.046646,0.832160,-13.886232
0.638092,2.893330,0.648209,8.396622,0.442758,-15.095475
0.647523,2.911456,0.667795,8.173724,-0.535746,-15.893097
0.592214,2.978562,0.678138,8.374012,0.219733,-14.551646
0.505393,3.061260,0.677987,8.897426,0.094400,-14.938828
0.455165,3.055095,0.693388,9.120651,0.783137,-15.568949
0.489336,3.001867,0.638440,9.098324,2.430576,-16.040689
0.481566,2.904911,0.633175,8.374495,0.353144,-16.769996
0.464222,2.892155,0.571725,8.782262,0.462394,-16.112140
0.369655,2.864602,0.546352,8.863365,1.628398,-15.280879
0.347652,2.784084,0.512884,9.517817,1.132152,-15.757639
0.368069,2.632412,0.464822,9.143649,0.499787,-15.881321
0.395304,2.441844,0.418524,8.323690,0.134255,-15.810495
0.370062,2.311971,0.390016,8.111681,0.185376,-14.591763
0.276260,2.195221,0.358091,8.289234,0.087382,-13.595313
0.204565,2.050656,0.339893,7.951642,0.084182,-13.585250
0.183432,1.844086,0.332507,6.560864,-1.009976,-12.737934
0.192597,1.618976,0.292399,5.286527,-1.150832,-11.423793
0.102708,1.425562,0.279634,5.106104,-0.370580,-9.772938
-0.001323,1.274884,0.265687,4.451314,-0.945122,-7.778990
-0.096874,1.106167,0.254638,3.580533,0.207638,-6.219456
-0.105924,0.858694,0.214198,1.979711,0.128466,-5.309133
-0.098040,0.585907,0.222690,0.534549,-0.982101,-4.857084
-0.142490,0.337906,0.203127,-0.424297,-0.747886,-3.573864
-0.214080,0.180762,0.163984,-1.052161,0.240630,-1.463389
-0.306990,0.011020,0.161591,-1.602127,1.255439,-0.236645
-0.314605,-0.194795,0.118305,-2.973838,0.544253,0.615604
-0.312435,-0.453747,0.065527,-4.375459,0.678744,0.769445
-0.329763,-0.667178,0.018043,-5.125282,1.167893,1.703683
-0.431955,-0.759831,-0.027826,-5.192887,2.522115,3.175239
-0.523788,-0.863799,-0.094531,-5.558272,2.548240,4.923043
-0.544513,-1.034529,-0.160751,-6.319532,2.404365,5.269099
-0.529112,-1.253641,-0.227798,-7.734627,2.812720,5.625838
-0.516481,-1.425382,-0.293729,-8.024765,3.072446,6.753870
-0.588301,-1.511293,-0.331868,-8.385705,1.741325,8.203763
-0.607506,-1.566812,-0.377333,-8.935987,2.737979,9.725903
-0.589325,-1.706241,-0.401305,-9.652743,1.592162,10.141452
-0.519806,-1.884231,-0.431618,-10.408406,0.886221,10.840726
-0.496603,-2.013805,-0.460933,-10.524982,0.377302,11.698183
-0.538920,-2.063554,-0.463687,-10.575745,-0.284060,13.867590
-0.569709,-2.067493,-0.479896,-10.681650,0.414453,15.156285
-0.572873,-2.155787,-0.491493,-11.318755,-1.067863,15.908891
-0.525255,-2.249294,-0.492333,-12.451472,-2.641592,15.984924
-0.512657,-2.298761,-0.486438,-12.773180,-2.606152,17.355215
-0.565727,-2.236568,-0.497004,-12.476648,-2.633025,18.988217
-0.626659,-2.175620,-0.469123,-12.993379,-2.753441,20.095209
-0.570976,-2.162073,-0.476151,-13.069469,-2.214600,20.176821
-0.486368,-2.223261,-0.433453,-14.326587,-4.095144,19.337474
-0.402902,-2.218498,-0.448700,-14.245088,-3.344392,19.287404
-0.404363,-2.079658,-0.429455,-13.557853,-2.601405,20.517681
-0.399190,-1.911013,-0.442368,-12.886726,-1.795324,21.990464
-0.343657,-1.799945,-0.434910,-12.677366,-1.412805,20.818334
-0.250426,-1.770068,-0.441432,-12.499615,-2.392084,19.299468
-0.158245,-1.659318,-0.450584,-11.852272,-0.862925,17.358749
-0.187420,-1.456578,-0.432025,-10.853059,-2.881709,17.340903
-0.225874,-1.185505,-0.435780,-9.097877,-0.980961,17.656892
-0.223195,-0.993899,-0.410794,-8.292563,-0.451077,16.499055
-0.150151,-0.870906,-0.415468,-7.195257,-0.633706,13.903124
-0.086991,-0.762831,-0.348940,-6.791396,-0.780615,11.764280
-0.071471,-0.536077,-0.329544,-5.886316,-0.752793,10.823950
-0.109137,-0.271483,-0.271258,-4.556729,0.361132,10.809486
-0.072748,-0.053677,-0.217915,-3.853292,1.295386,9.614314
-0.002550,0.090951,-0.163935,-3.261495,0.835506,7.224989
0.098244,0.214246,-0.091049,-3.452405,0.483895,4.826205
0.109726,0.423951,-0.032109,-2.898579,-0.963736,3.811256
0.100492,0.682519,0.015122,-1.603854,1.615000,3.516173
0.085990,0.925282,0.087178,-0.585143,1.315996,2.744927
0.146801,1.081601,0.124831,0.292929,1.461368,0.336153
0.231776,1.242579,0.172469,0.784854,0.924673,-2.466575
0.263219,1.423809,0.214510,1.656213,0.943163,-3.864421
0.256670,1.685275,0.230877,3.109427,1.892214,-4.571614
0.240947,1.915777,0.299473,4.009458,1.027302,-5.577289
0.304111,2.093889,0.334323,4.666733,0.892594,-7.600485
0.383835,2.202295,0.358806,5.360092,-0.397467,-9.729203
0.468364,2.327664,0.387193,6.063236,0.225389,-11.589408
0.491916,2.530210,0.414795,6.869038,0.618769,-11.828327
0.473649,2.689763,0.441317,7.921109,-0.151110,-12.280155
0.515106,2.821432,0.467169,8.585802,-0.140547,-13.908102
0.558096,2.870320,0.502758,8.185748,-0.494043,-15.944832
0.622589,2.928853,0.492881,8.809155,-0.420093,-17.630341
0.596261,3.035017,0.524632,8.882541,-0.773375,-17.139317
0.554577,3.163262,0.525830,9.799299,0.366438,-16.962830
0.502885,3.203964,0.558057,9.422291,-0.113687,-18.107795
0.532066,3.189889,0.546250,9.228864,-0.318528,-19.781401
0.557843,3.143528,0.548364,8.299570,-1.141064,-20.042140
0.547835,3.141128,0.516685,7.861378,0.119165,-18.996254
0.465213,3.150460,0.511059,8.521200,-0.061766,-18.453153
0.437145,3.114586,0.488958,8.455450,0.749348,-19.022488
0.441911,2.999520,0.472195,7.854514,-0.382135,-20.138698
0.494499,2.828548,0.429651,7.263840,0.203610,-19.653931
0.500004,2.726379,0.402581,6.695516,-0.545935,-18.932147
0.443162,2.620865,0.380034,7.146555,0.595487,-17.786365
0.390685,2.501089,0.362607,6.730332,0.758269,-18.134544
0.406736,2.316895,0.317326,6.253345,1.759843,-17.578355
0.431952,2.097749,0.280862,5.412644,1.039742,-16.682048
0.391785,1.930561,0.256483,4.860368,0.029365,-15.547684
0.290719,1.806180,0.240609,4.885820,0.224746,-14.931855
0.220137,1.661674,0.199670,4.262196,2.143669,-13.719337
0.198689,1.466054,0.180803,3.269426,0.517884,-13.401627
0.211241,1.204831,0.157235,2.005196,-0.340608,-12.656499
0.156188,0.996258,0.143140,1.587637,-0.867390,-11.063256
0.063673,0.851302,0.146305,1.221898,-0.721492,-9.533317
-0.030034,0.707374,0.126242,0.954146,-0.239069,-7.541877
-0.031669,0.476313,0.108163,-0.110174,-0.051435,-8.316329
0.004478,0.193117,0.103137,-1.565489,-1.612119,-8.703766
-0.020640,-0.020347,0.064667,-2.277141,-1.226738,-7.109618
-0.130779,-0.149035,0.056215,-2.628562,-0.737408,-5.177630
-0.244151,-0.266004,0.024346,-2.646602,0.054102,-2.659162
-0.291943,-0.439921,0.002176,-3.778311,0.508011,-2.226062
-0.252514,-0.720806,-0.044159,-4.624126,1.074055,-2.475110
-0.255547,-0.925821,-0.072555,-5.682430,0.277466,-1.521585
-0.332261,-1.062830,-0.105813,-6.012965,2.259557,-0.011062
-0.388023,-1.131587,-0.151715,-7.004481,3.261948,1.501847
-0.410491,-1.276326,-0.167634,-8.219949,2.391970,2.784029
-0.336229,-1.507830,-0.226617,-9.016560,1.488758,2.691799
-0.321320,-1.688154,-0.228445,-10.335339,0.550050,3.767992
-0.349960,-1.752241,-0.275538,-10.056821,0.924163,6.141052
-0.427209,-1.783532,-0.279237,-10.128322,0.389096,7.522810
-0.414611,-1.874223,-0.319792,-10.578387,0.405446,8.035952
-0.381176,-2.049564,-0.341673,-11.608570,-1.311844,8.004066
-0.347993,-2.156001,-0.383806,-11.927522,-0.849581,9.423056
-0.437141,-2.139014,-0.384784,-12.070492,-2.647218,11.730967
-0.496589,-2.094484,-0.394126,-11.445883,-1.625674,13.465824
-0.508994,-2.115197,-0.411231,-11.549001,-1.681157,13.284157
-0.433258,-2.228359,-0.419542,-12.908702,-2.335505,13.714507
-0.371069,-2.269668,-0.422000,-13.777205,-3.058829,13.789486
-0.420827,-2.219306,-0.397303,-13.757734,-3.277309,15.869928
-0.453534,-2.090654,-0.401285,-13.493018,-2.385989,18.204739
-0.464678,-2.030247,-0.379476,-13.433935,-2.745504,18.021023
-0.340280,-2.038466,-0.397632,-14.082426,-2.190017,17.121453
-0.258005,-2.031685,-0.387814,-13.927905,-3.292162,15.961532
-0.275826,-1.888186,-0.391474,-13.094422,-2.368254,17.302019
-0.356935,-1.673370,-0.385122,-11.038828,-1.155193,17.690771
-0.379705,-1.515958,-0.377898,-10.214716,-0.677999,17.863268
-0.325138,-1.432344,-0.365871,-10.127630,-1.210292,15.751864
-0.245729,-1.365589,-0.361370,-9.397868,-0.944441,13.692777
-0.243753,-1.179934,-0.333696,-8.748806,-0.362691,12.774956
-0.291690,-0.927784,-0.317442,-7.010830,1.330883,14.650570
-0.312195,-0.699336,-0.288018,-6.366071,1.340983,14.440566
-0.253052,-0.574688,-0.228074,-6.427252,1.399019,13.522181
-0.146114,-0.482931,-0.208960,-6.140200,1.268752,10.471351
-0.100475,-0.316935,-0.126384,-6.143163,1.137652,9.328338
-0.093812,-0.045818,-0.095673,-4.835660,2.133041,10.114396
-0.119464,0.199751,-0.031732,-3.708287,2.234439,10.063334
-0.076543,0.394206,0.009982,-3.105451,2.450709,8.738450
-0.020029,0.543787,0.051961,-2.217631,1.940578,6.277689
0.010849,0.723674,0.104929,-0.945456,1.198895,4.883796
-0.000985,0.985071,0.121955,0.775933,3.091329,4.079938
-0.024516,1.225763,0.161739,1.834916,1.360716,3.498312
0.003880,1.422968,0.179848,2.697961,1.132120,0.973621
0.057984,1.565945,0.257001,3.423110,0.075129,-0.898172
0.130136,1.726797,0.264095,4.472426,-0.260615,-2.942014
0.145241,1.931503,0.332048,5.310767,-0.896486,-3.945495
0.165914,2.124970,0.378934,6.498255,-0.217796,-4.236047
0.182809,2.274144,0.436626,7.352397,-1.557116,-4.781282
0.270791,2.360046,0.472579,7.738444,-0.533370,-6.920763
0.330932,2.467631,0.527185,7.802540,-1.058744,-7.902398
0.352763,2.577205,0.552601,8.433077,-0.371211,-8.328407
0.323658,2.728414,0.591131,8.727334,0.274671,-8.326464
0.302355,2.822584,0.644211,9.080068,0.561051,-9.633513
0.340326,2.873810,0.648330,9.371033,0.828208,-11.297920
0.358629,2.890819,0.681516,8.640812,-0.580542,-12.292243
0.368995,2.939409,0.665219,8.891403,0.142550,-11.855433
0.309218,3.026125,0.664779,9.619355,0.153690,-11.397923
0.286773,3.040393,0.631061,9.720629,1.163854,-12.598449
0.308411,3.015210,0.600062,9.366638,0.784627,-13.433986
0.371739,2.921238,0.575102,9.259814,0.218610,-14.314163
0.369412,2.859521,0.537886,9.124332,-0.821463,-14.790010
0.326067,2.831003,0.506887,9.968660,-0.238344,-13.589281
0.285673,2.766201,0.463893,10.242615,-0.168809,-13.924955
0.287883,2.634136,0.452559,9.734754,-0.828917,-14.307675
0.333712,2.455656,0.414345,8.766556,-1.051050,-14.519287
0.294940,2.296563,0.380900,8.175734,-2.253528,-13.720126
0.235400,2.190869,0.350242,8.302417,-1.379366,-12.626144
0.126873,2.074802,0.339423,8.469365,-0.387981,-12.788811
0.087467,1.903997,0.307610,7.510260,-0.599160,-11.597847
0.073418,1.697886,0.298846,6.437848,-1.630774,-11.445522
0.034600,1.464202,0.276086,5.219237,-0.814491,-10.436556
-0.024615,1.297346,0.250299,4.308617,0.270986,-8.932167
-0.123380,1.114721,0.256565,3.707382,0.851560,-7.818680
-0.125468,0.908272,0.223599,3.025660,1.529715,-7.172295
-0.101407,0.660888,0.221472,0.726995,-0.020905,-6.682495
-0.094468,0.418535,0.184545,-0.783990,0.314071,-5.311243
-0.151163,0.247182,0.144086,-0.845834,0.449298,-4.436330
-0.219683,0.088653,0.095922,-0.961363,1.987573,-2.630830
-0.262404,-0.066176,0.046601,-1.677640,2.695342,-1.745433
-0.258820,-0.321215,-0.013468,-2.954748,0.912746,-2.781469
-0.230945,-0.527825,-0.104579,-3.898829,1.723912,-2.242971
-0.337359,-0.690493,-0.127661,-4.371110,0.935450,-1.543772
-0.403992,-0.736887,-0.211750,-4.046027,1.686147,1.535999
-0.469441,-0.856909,-0.230431,-4.875138,0.589068,2.893896
-0.411968,-1.053458,-0.309531,-6.109446,1.340868,3.494228
-0.364376,-1.271419,-0.336079,-7.337722,0.107098,2.870916
-0.348798,-1.418138,-0.371694,-8.065740,1.088143,3.965339
-0.357234,-1.505037,-0.396788,-7.822065,0.784597,4.703121
-0.378241,-1.584383,-0.427587,-8.777120,-0.097250,7.268676
-0.330902,-1.731197,-0.452110,-9.255955,-0.000940,8.277375
-0.286632,-1.887609,-0.463031,-10.091057,-1.092012,9.404748
-0.287620,-1.984529,-0.489622,-10.259039,-1.175324,9.844081
-0.345676,-2.042845,-0.459381,-10.722388,-1.741059,10.873486
-0.361087,-2.061486,-0.476111,-11.179802,-1.881770,12.380678
-0.351598,-2.158131,-0.461583,-11.831412,-2.617896,13.164329
-0.331440,-2.228080,-0.462660,-12.538338,-2.790625,14.061650
-0.334358,-2.227955,-0.444823,-12.663008,-2.931152,15.639427
-0.365203,-2.213831,-0.430758,-12.601548,-2.005961,16.023829
-0.335267,-2.188467,-0.440057,-13.379331,-1.835235,16.049511
-0.268217,-2.223445,-0.401465,-14.395567,-2.713287,15.230144
-0.174415,-2.212659,-0.399627,-14.765226,-2.093156,16.257273
-0.185979,-2.127716,-0.403724,-14.595425,-2.330453,16.163549
-0.191195,-1.957695,-0.419434,-13.990085,-1.104502,17.830009
-0.173620,-1.815956,-0.426169,-13.268313,-1.403132,17.437401
-0.110706,-1.762298,-0.445693,-12.443853,-1.234421,15.179398
-0.043426,-1.669612,-0.450105,-12.438880,-2.238975,12.632314
-0.061584,-1.494110,-0.458071,-10.893407,-2.254833,12.946838
-0.117035,-1.217334,-0.488877,-9.327198,-0.951794,13.623210
-0.150893,-1.012586,-0.449146,-8.411027,-1.021733,12.465421
-0.081561,-0.876988,-0.443234,-7.423784,-0.540705,9.896032
-0.014770,-0.779690,-0.413614,-7.473116,-1.344373,7.414905
0.043079,-0.606961,-0.374293,-7.049097,0.196554,6.373215
0.017486,-0.370885,-0.327269,-5.842955,-0.378510,6.419034
0.017361,-0.149258,-0.288530,-4.760699,2.114170,6.228429
0.072132,0.039023,-0.213155,-5.005011,2.150609,4.567194
0.168396,0.152116,-0.157239,-4.724350,2.126647,2.392492
0.211590,0.338424,-0.129384,-4.070839,3.012403,0.199483
0.169893,0.597392,-0.038818,-3.286750,2.819303,-0.879749
0.155890,0.884973,-0.013192,-2.064164,3.677057,-0.715468
0.161621,1.084142,0.059202,-1.849679,2.280937,-2.812851
0.258065,1.260616,0.093316,-1.076354,2.644224,-5.166611
0.306294,1.425821,0.141972,-0.139474,1.912973,-7.714806
0.335774,1.678142,0.181991,1.382438,1.409102,-8.169904
0.318623,1.937461,0.220760,2.679001,1.079318,-8.832105
0.355169,2.132753,0.251947,4.562030,0.690294,-10.327820
0.430531,2.298319,0.301817,5.436078,0.048213,-12.963702
0.508679,2.421988,0.341997,6.436197,-0.414667,-15.143147
0.554495,2.616923,0.362860,7.621938,-0.443448,-15.524025
0.535608,2.804662,0.451447,8.690676,-0.386934,-15.870356
0.551758,2.961073,0.480693,9.744620,0.132322,-16.818793
0.576300,3.027296,0.554522,9.486936,-0.539679,-18.597468
0.645524,3.061887,0.581054,9.569814,0.132558,-19.609023
0.664476,3.130854,0.651124,9.783625,0.048199,-19.374186
0.631078,3.238804,0.683324,10.162011,-0.336000,-18.997801
0.575470,3.306901,0.730240,10.294533,-0.383212,-19.035699
0.595463,3.298511,0.731865,10.396997,0.764138,-20.149548
0.618329,3.243960,0.745566,9.663753,-0.051183,-20.755258
0.609811,3.168609,0.737202,9.504503,-0.063331,-19.753867
0.555440,3.145270,0.728583,9.613014,0.189232,-19.218042
0.497840,3.090510,0.717613,9.853587,0.303576,-18.249601
0.489815,2.986105,0.677213,9.889228,0.490741,-18.827590
0.505393,2.829024,0.657764,9.487585,-0.374841,-18.498454
0.508761,2.677946,0.608465,9.386152,-0.308874,-17.979684
0.442732,2.567328,0.596763,8.916360,-0.188540,-16.336488
0.389983,2.459746,0.551860,8.690745,0.206344,-15.234270
0.363907,2.277082,0.519846,8.549574,1.607000,-14.943115
0.363192,2.042250,0.472622,6.771475,0.062012,-14.866672
0.347141,1.828323,0.448203,6.337596,-0.989274,-13.379737
0.267387,1.644950,0.413758,6.061651,0.542561,-11.587465
0.176205,1.505715,0.372090,5.244790,1.353570,-10.013301
0.120886,1.306511,0.315065,4.274725,1.879288,-8.549255
0.111872,1.054830,0.299847,2.728510,0.162767,-8.414327
0.087943,0.796502,0.265165,1.879229,0.262018,-7.236016
0.015920,0.626215,0.237080,0.870162,0.097394,-5.456594
-0.099966,0.458831,0.201377,0.521006,-0.057412,-3.734691
-0.152945,0.283240,0.143505,-0.466844,0.080227,-2.226363
-0.175774,0.012721,0.130470,-1.415540,-0.003685,-2.132278
-0.188848,-0.227636,0.077521,-2.401279,-2.143050,-0.917513
-0.277943,-0.406220,0.036323,-3.624765,-0.918671,0.215504
-0.372113,-0.518772,-0.022085,-3.920408,0.493962,1.929683
-0.441333,-0.672088,-0.082117,-5.126993,1.617380,3.040005
-0.439817,-0.896341,-0.136208,-5.987520,2.259842,3.647965
-0.441628,-1.161109,-0.172578,-6.957464,0.595196,4.312436
-0.472070,-1.290221,-0.213523,-7.974330,2.012507,6.427700
-0.537200,-1.382024,-0.244867,-8.353856,2.239107,7.875833
-0.549470,-1.520740,-0.284168,-8.663022,2.996920,9.187100
-0.507287,-1.708840,-0.308110,-9.471339,2.150780,9.522135
-0.443286,-1.931813,-0.347315,-10.134703,1.732020,10.106564
-0.453146,-2.045707,-0.356946,-10.504076,1.434365,12.401893
-0.526545,-2.082586,-0.372669,-10.122125,0.907580,14.014502
-0.538076,-2.127926,-0.412127,-10.266086,0.139076,15.505761
-0.527953,-2.249337,-0.396470,-11.495024,-1.516254,15.710630
-0.472417,-2.359512,-0.411858,-12.344365,-2.652240,16.613651
-0.494324,-2.387537,-0.413328,-12.282964,-2.820958,18.225368
-0.550641,-2.346097,-0.421009,-12.112861,-1.766727,20.036246
-0.575624,-2.310623,-0.410486,-12.220991,-2.159189,21.315064
-0.524234,-2.358869,-0.413052,-13.047152,-2.719130,21.126709
-0.459360,-2.394142,-0.392586,-13.728198,-4.279545,20.884936
-0.430494,-2.359302,-0.387742,-13.608123,-3.178688,21.948755
-0.464838,-2.209790,-0.391992,-13.143961,-4.205976,23.128354
-0.481818,-2.115804,-0.366580,-12.746099,-4.093257,23.152609
-0.415848,-2.069374,-0.388887,-13.001532,-5.429571,21.798998
-0.326290,-2.030845,-0.376663,-13.397086,-4.711796,20.163027
-0.295166,-1.895283,-0.375144,-13.067227,-4.885556,19.998209
-0.345925,-1.650101,-0.392672,-11.267440,-3.060179,20.711380
-0.367140,-1.451835,-0.405303,-9.932102,-0.950996,20.540238
-0.327954,-1.304086,-0.402900,-9.199993,-0.635593,18.303503
-0.244357,-1.227569,-0.407055,-9.049648,0.132274,15.255739
-0.190404,-1.071958,-0.397011,-8.205365,0.301418,13.687401
-0.226406,-0.829435,-0.361045,-6.936404,1.464127,13.848831
-0.245033,-0.553336,-0.348654,-5.737953,2.622059,13.719406
-0.215114,-0.384635,-0.278702,-5.437430,1.563354,11.682270
-0.094494,-0.244127,-0.253290,-5.159296,2.260564,9.188332
-0.020741,-0.087302,-0.190992,-4.559128,3.346247,6.014589
-0.002521,0.147957,-0.152007,-3.241866,2.801237,5.505204
-0.043961,0.447864,-0.098214,-2.025286,3.804501,5.328734
-0.040305,0.682050,-0.049345,-0.987471,3.336511,4.297243
0.021970,0.876445,-0.013094,-0.355825,3.165637,1.029353
0.092000,1.049108,0.055719,0.069674,2.206521,-1.288037
0.146065,1.271999,0.092788,1.428465,1.666691,-3.370728
0.127004,1.537443,0.146200,2.844003,0.727195,-3.738744
0.154334,1.771061,0.188694,4.045952,0.957392,-4.526960
0.226701,1.955295,0.226544,4.995939,0.606812,-6.631613
0.326734,2.076535,0.267036,5.997765,-0.238567,-8.879867
0.421442,2.250908,0.311493,7.144668,-0.352990,-10.268173
0.458064,2.419047,0.380533,8.317486,-0.307939,-11.193013
0.496892,2.597435,0.411850,9.350853,-1.045155,-12.130769
0.572339,2.699899,0.463825,10.070432,1.198211,-13.216204
0.661890,2.775779,0.524950,9.839644,-1.825498,-14.547705
0.721945,2.857374,0.568049,9.950849,-1.872874,-15.491988
0.704483,2.956960,0.588666,10.622908,-1.940761,-15.057061
0.670408,3.089679,0.622018,10.850079,-1.637300,-15.753538
0.644345,3.126879,0.644920,11.409209,-0.938085,-16.640582
0.657879,3.111740,0.656520,10.949277,-2.464225,-17.679043
0.656208,3.089804,0.667112,10.247768,-3.331222,-17.757086
0.612489,3.101565,0.659950,10.649364,-2.040718,-17.255294
0.532861,3.101804,0.654981,10.931526,-1.963249,-16.399868
0.489217,3.048022,0.649138,11.143739,-1.897436,-17.372756
0.531699,2.912775,0.615815,11.115868,-0.959168,-18.019095
0.532651,2.731142,0.613632,10.301318,-1.889201,-18.253798
0.520227,2.632948,0.579777,10.504728,-1.502529,-17.635116
0.455047,2.517606,0.558339,10.815900,0.596475,-17.013326
0.418501,2.378138,0.535746,9.950676,1.543787,-15.712165
0.413219,2.168210,0.489231,9.251343,-0.332317,-16.079814
0.447547,1.927226,0.461543,7.859908,-0.152935,-15.900013
0.387413,1.708363,0.409533,8.082503,-0.180993,-14.091282
0.261075,1.567740,0.372799,7.891869,-0.174891,-12.591118
0.163794,1.406182,0.331329,6.895246,0.196533,-11.146132
0.116372,1.176680,0.294654,5.580079,0.178001,-9.422402
0.088429,0.954210,0.234878,3.952531,-0.230843,-9.561104
0.038904,0.694539,0.215449,2.948004,-1.355226,-9.114968
-0.040400,0.528477,0.151442,2.426740,-0.477417,-7.193204
-0.136648,0.361890,0.134993,1.229359,-0.408393,-5.544657
-0.183353,0.176744,0.071189,-0.100038,-0.248453,-3.472530
-0.200484,-0.075810,0.026985,-1.254547,-1.474306,-2.530197
-0.218528,-0.299338,-0.035263,-2.241822,-0.812734,-2.642372
-0.258997,-0.474075,-0.096652,-3.363011,0.050521,-1.524279
-0.312983,-0.640376,-0.150602,-3.668189,0.871686,-0.468826
-0.359906,-0.795042,-0.213214,-4.520260,-0.800198,0.785074
-0.390892,-0.970551,-0.268681,-5.609751,0.296724,1.315495
-0.406716,-1.136839,-0.318883,-5.940017,0.547224,2.460671
-0.457204,-1.287322,-0.377487,-5.747633,1.396735,3.340992
-0.480210,-1.445421,-0.407105,-5.765499,1.411696,4.161111
-0.489585,-1.608877,-0.460963,-5.939672,2.857683,4.910166
-0.479865,-1.815365,-0.469556,-6.419443,1.730707,5.938540
-0.505098,-1.963709,-0.493649,-7.206266,2.300194,6.974994
-0.536556,-2.078043,-0.462522,-7.769611,2.036105,8.295727
-0.548478,-2.144732,-0.465250,-8.755068,1.525565,9.685470
-0.546942,-2.253144,-0.421075,-9.594178,1.609917,11.060492
-0.528268,-2.369635,-0.399693,-10.537012,-1.604086,12.173854
-0.509227,-2.436728,-0.388375,-11.427744,-0.333418,13.543260
-0.535253,-2.503037,-0.385080,-11.291168,-1.709232,14.644985
-0.533418,-2.493514,-0.393676,-11.820636,-1.543538,16.548468
-0.538779,-2.509392,-0.369074,-12.390224,-1.760015,17.888262
-0.509230,-2.503276,-0.375334,-12.418197,-2.123853,19.003018
-0.494886,-2.493120,-0.375531,-12.114447,-2.897790,19.341014
-0.458648,-2.464320,-0.382342,-11.665035,-2.628085,20.009753
-0.408430,-2.400106,-0.391047,-11.335613,-2.816700,20.452948
-0.363874,-2.346251,-0.392688,-11.211891,-3.662414,20.548553
-0.309674,-2.253069,-0.377228,-11.144082,-5.975538,20.591510
-0.245913,-2.151182,-0.407380,-10.517915,-2.891967,21.489096
-0.206353,-1.998522,-0.407361,-10.262384,-2.305605,21.327888
-0.167229,-1.859866,-0.382992,-10.001512,-3.306710,20.463752
-0.105352,-1.716731,-0.397717,-9.682118,-4.047195,19.494454
-0.086544,-1.568565,-0.370765,-9.387896,-2.721280,18.156142
-0.066436,-1.376421,-0.383796,-8.209228,-1.698118,17.576731
-0.102766,-1.153363,-0.358958,-7.536644,-2.350916,17.123225
-0.085129,-0.938563,-0.367981,-6.245999,-0.486262,16.430962
-0.076900,-0.761157,-0.324761,-5.651471,-0.656479,13.974602
-0.027749,-0.581739,-0.302303,-4.849446,-0.065831,11.488566
-0.002668,-0.402912,-0.255548,-3.806160,0.042801,10.233750
-0.001365,-0.194231,-0.207171,-2.877794,0.290530,8.928179
0.014364,0.018787,-0.165107,-1.608272,1.429838,8.027481
0.060538,0.188643,-0.115020,-0.780500,2.249423,6.554189
0.111068,0.354495,-0.045469,0.386094,1.881980,3.861622
0.172860,0.528464,0.007287,0.736925,1.241127,1.556413
0.206935,0.739148,0.053970,1.233895,2.488020,0.410963
0.210844,0.953619,0.122248,3.133823,2.922825,0.065292
0.219904,1.148852,0.183655,3.987808,2.450308,-1.799481
0.263563,1.291556,0.229409,5.073608,2.887597,-4.218138
0.333492,1.483766,0.283300,5.659412,3.548418,-7.015310
0.369957,1.643200,0.338820,6.472855,1.848154,-8.741336
0.379604,1.851202,0.406884,7.682594,-0.168638,-9.076448
0.364751,2.033141,0.462997,8.742723,0.727274,-9.113835
0.395281,2.194190,0.484031,9.242053,-1.022952,-10.477681
0.445899,2.277151,0.522731,9.480322,-0.697157,-12.838510
0.553136,2.379117,0.540466,9.762772,-0.496685,-14.894393
0.592086,2.465822,0.597508,10.047274,-1.496742,-16.633033
0.607717,2.613053,0.589919,10.659632,-2.259315,-16.520563
0.580820,2.709803,0.634390,11.449469,-1.753009,-16.580171
0.591282,2.782719,0.635627,12.581164,-1.968111,-17.657537
0.601329,2.776869,0.678329,12.557767,-2.198843,-20.297086
0.634843,2.771030,0.653024,12.341425,-2.841787,-21.385706
0.600978,2.768332,0.671334,11.974859,-2.599809,-22.729514
0.534285,2.800034,0.653238,11.927542,-1.964707,-22.168681
0.445971,2.805141,0.654301,11.931875,-2.319312,-21.628416
0.406139,2.745154,0.609660,11.377485,-1.912759,-21.226346
0.402545,2.638485,0.609325,11.644780,-0.842851,-22.724872
0.385026,2.495761,0.564904,10.701979,-0.883606,-23.701041
0.361429,2.391363,0.535267,10.249581,-0.048298,-23.606407
0.293489,2.266069,0.513636,10.446225,0.947512,-22.097531
0.256959,2.161264,0.468272,9.499564,1.607532,-21.119790
0.230890,1.953201,0.469362,9.859605,2.393738,-21.669565
0.251454,1.749069,0.401980,9.271638,2.586279,-21.918069
0.226442,1.540575,0.392517,7.914055,2.856555,-22.395037
0.188858,1.372078,0.340533,7.573174,0.496177,-20.320838
0.111554,1.212439,0.307544,7.217709,2.769774,-18.384569
0.065872,1.049919,0.256919,6.515321,2.505686,-16.347082
0.023125,0.862482,0.218354,4.886060,2.143945,-15.305644
0.017217,0.643826,0.195541,3.777922,-0.191858,-14.854653
-0.009394,0.462133,0.128399,2.471657,0.785557,-14.096765
-0.054570,0.300574,0.095036,2.046312,0.016623,-11.497043
-0.126012,0.149782,0.060393,1.633920,-0.658778,-9.114884
-0.186235,-0.029137,0.002334,0.993900,-0.831815,-6.641551
-0.190036,-0.222043,-0.078579,-0.844153,-0.781702,-6.165408
-0.181072,-0.458431,-0.088843,-1.024540,-0.983552,-6.294260
-0.168500,-0.629518,-0.171495,-2.568638,-1.041621,-4.965824
-0.214192,-0.799821,-0.172335,-2.288721,-1.534509,-2.875910
-0.271815,-0.937276,-0.177935,-2.359740,-3.996997,-0.408083
-0.285844,-1.111600,-0.245793,-2.990917,-0.858871,0.742417
-0.240842,-1.321503,-0.259142,-2.939760,0.394423,0.959265
-0.219647,-1.532176,-0.262438,-3.664807,0.316373,1.160829
-0.221255,-1.680112,-0.314871,-5.475715,0.001138,3.411800
-0.300864,-1.739160,-0.303819,-5.708463,-0.202423,5.944073
-0.355819,-1.827757,-0.329445,-6.693421,-0.013909,8.936946
-0.357197,-1.931885,-0.315886,-6.578802,1.592474,10.441246
-0.313846,-2.096224,-0.342710,-8.965049,0.590854,9.872136
-0.261478,-2.249343,-0.336046,-8.661049,0.931158,9.966194
-0.274273,-2.324718,-0.339270,-10.281191,0.822490,12.221322
-0.293072,-2.340996,-0.346202,-9.833739,0.983388,15.107374
-0.339787,-2.372645,-0.331395,-9.493262,0.598335,17.884906
-0.291322,-2.416397,-0.339660,-10.097654,-0.242163,18.778856
-0.246464,-2.482551,-0.367889,-10.390763,-0.702656,18.242067
-0.206615,-2.534190,-0.384633,-10.891679,-1.297762,17.816934
-0.221140,-2.490406,-0.392852,-11.085290,-2.563165,19.187821
-0.265213,-2.397565,-0.395734,-11.224873,-3.274824,21.861537
-0.283464,-2.306862,-0.387522,-10.020638,-3.832260,24.171317
-0.274916,-2.260090,-0.412590,-11.102228,-4.336981,24.195593
-0.197313,-2.230834,-0.417773,-11.418389,-3.735360,22.815463
-0.157700,-2.182408,-0.417175,-10.566505,-4.051084,21.652180
-0.150295,-2.093526,-0.413112,-10.280053,-4.001293,22.017964
-0.179798,-1.922435,-0.435127,-10.317837,-3.786073,23.427477
-0.221419,-1.782190,-0.384925,-8.619940,-3.160884,24.066280
-0.190958,-1.622187,-0.406241,-8.709633,-1.646708,23.039079
-0.163035,-1.507512,-0.385848,-8.810056,-0.974170,20.400915
-0.112662,-1.352026,-0.406153,-9.822042,-0.801317,18.172512
-0.133332,-1.178191,-0.370476,-7.704357,-1.183823,17.139266
-0.169481,-0.974956,-0.348726,-5.964409,-0.112041,17.263706
-0.221876,-0.740189,-0.347663,-5.728444,0.603704,17.133655
-0.217783,-0.582737,-0.327555,-3.951296,1.199595,15.507214
-0.172826,-0.417814,-0.303747,-3.781696,2.307378,12.601472
-0.129823,-0.291781,-0.243278,-2.998910,2.921535,9.489955
-0.107890,-0.084787,-0.212604,-1.669654,3.491383,7.771231
-0.140196,0.136337,-0.147280,-0.275038,4.043581,7.854844
-0.147686,0.353517,-0.104070,0.888737,4.668334,7.952906
-0.143652,0.537245,-0.046634,1.490953,4.495444,6.445052
-0.095417,0.657940,-0.004766,2.207348,4.904072,3.973200
-0.031544,0.807416,0.033888,2.502551,4.672282,0.623867
-0.013835,0.964106,0.139146,3.546855,3.207087,-1.175345
-0.003315,1.163603,0.191999,4.407507,3.114309,-1.532120
-0.024339,1.377877,0.243432,5.539015,2.153247,-1.303840
-0.014216,1.537850,0.297389,6.609822,1.615062,-0.870610
0.023223,1.671344,0.367387,7.290205,0.730346,-2.925438
0.100147,1.746984,0.420969,7.409351,0.603388,-5.597429
0.181890,1.842691,0.440224,8.070128,0.095135,-7.695033
0.208359,1.939706,0.504862,8.341750,-1.327572,-8.633280
0.239588,2.055511,0.553415,9.315501,-0.771465,-7.530674
0.241843,2.143122,0.579301,10.390309,-1.462579,-7.118464
0.262811,2.197168,0.618427,10.808658,-1.570600,-7.588323
0.326123,2.228210,0.659195,10.762254,-1.429314,-9.886289
0.359827,2.216413,0.687871,10.964469,-1.311964,-12.422907
0.378849,2.238454,0.694367,10.620627,-1.682282,-13.650493
0.316657,2.278493,0.719710,10.720941,-2.662648,-12.802063
0.272747,2.335385,0.713759,10.843948,-1.470919,-10.198724
0.220307,2.339258,0.700593,11.033928,-1.586901,-10.906169
0.226849,2.268945,0.676106,10.633218,-1.887484,-12.435859
0.261597,2.193452,0.661017,10.001786,-3.227647,-14.335729
0.272761,2.101839,0.611935,9.812045,-0.545058,-15.546182
0.237721,2.076469,0.580620,9.235606,-2.356826,-14.622596
0.182526,2.027111,0.529582,9.588836,0.477936,-12.891691
0.158640,1.960369,0.492723,9.520979,-0.031537,-12.063347
0.171333,1.811563,0.462374,8.830249,0.320058,-13.002312
0.214232,1.649306,0.378553,8.303674,0.524823,-14.824869
0.224066,1.498973,0.348457,7.656046,1.495105,-15.403475
0.192371,1.398649,0.290161,7.922793,1.417630,-14.375962
0.111751,1.309580,0.248365,7.701416,1.694864,-12.347572
0.061142,1.177954,0.214530,7.167324,1.663281,-11.237496
0.030533,1.019514,0.175991,6.440967,0.877616,-10.920496
0.025327,0.838484,0.136782,5.052411,0.527249,-11.509953
0.031114,0.699479,0.071048,4.537442,1.009360,-11.314882
-0.037479,0.547256,0.080735,2.971227,-1.743771,-10.673722
-0.074547,0.425645,0.023341,2.634889,-1.990450,-8.872564
-0.135538,0.280204,0.014718,1.778334,-2.344096,-6.620084
-0.139349,0.135852,-0.027835,0.852145,-1.759583,-5.668073
-0.148001,-0.030696,-0.057351,0.163709,-1.376578,-6.085489
-0.144200,-0.202936,-0.093011,-0.995749,-1.094758,-6.716204
-0.154478,-0.344786,-0.126899,-1.485571,-1.171862,-6.463493
-0.183452,-0.484208,-0.167949,-1.264689,-0.307905,-5.870867
-0.240891,-0.616549,-0.182963,-1.353417,-0.389109,-4.297695
-0.295462,-0.731090,-0.193516,-1.179237,-0.109195,-3.122017
-0.320848,-0.846819,-0.196622,-1.823816,0.753410,-3.005437
-0.323293,-1.012956,-0.216992,-2.135290,1.479987,-3.518437
-0.316879,-1.161254,-0.235374,-2.804395,0.340144,-4.462783
-0.340198,-1.307053,-0.211537,-3.678755,0.808663,-3.736644
-0.341514,-1.378338,-0.237025,-4.134459,2.348186,-1.424381
-0.396574,-1.437885,-0.222418,-4.180958,2.412735,0.657574
-0.387284,-1.529488,-0.238030,-4.462230,3.221728,1.744335
-0.324938,-1.660447,-0.243308,-5.418493,3.540578,1.102293
-0.252698,-1.810481,-0.241611,-6.186517,3.515736,0.578635
-0.158328,-1.902380,-0.262011,-6.830932,3.606906,1.844777
-0.168723,-1.945501,-0.244043,-7.403406,2.607702,3.559605
-0.156552,-1.943558,-0.243393,-7.286163,1.954471,7.031258
-0.152823,-1.964506,-0.248908,-7.291583,1.028951,8.712363
-0.091789,-2.024759,-0.267506,-7.482099,-1.011218,9.695768
-0.037458,-2.050172,-0.283504,-8.350419,-3.016558,9.108915
-0.017399,-2.064519,-0.287427,-8.690230,-3.077786,8.674895
0.018543,-1.997784,-0.319969,-8.596401,-3.138616,11.021413
0.006444,-1.936520,-0.318669,-8.576900,-4.349645,12.995320
0.035448,-1.904973,-0.326235,-8.378530,-4.775230,14.797803
0.076600,-1.860801,-0.336151,-8.756532,-5.590200,15.132435
0.143631,-1.837489,-0.352747,-8.935986,-5.427851,14.393296
0.220551,-1.796065,-0.363104,-8.959410,-5.030229,12.916206
0.263669,-1.738638,-0.371434,-8.696457,-4.704858,12.686104
0.278092,-1.624032,-0.369662,-8.557045,-4.547619,13.783990
0.259596,-1.491395,-0.363058,-8.128349,-3.777605,14.282545
0.255378,-1.352134,-0.391241,-7.136935,-2.629448,13.409860
0.240991,-1.245360,-0.364522,-7.294508,-2.757755,11.733349
0.280249,-1.128912,-0.392767,-6.731107,-1.519097,9.857319
0.269801,-0.990022,-0.362962,-6.497667,-1.420946,8.540389
0.253562,-0.825582,-0.355738,-5.639277,-0.292887,7.351924
0.200272,-0.664076,-0.326938,-4.809745,-0.337988,6.664584
0.208357,-0.482055,-0.319391,-4.303452,0.749704,6.672561
0.222593,-0.336557,-0.303091,-3.334204,1.470826,5.213826
0.262366,-0.195166,-0.278942,-2.540960,1.871369,3.856832
0.291366,-0.048707,-0.229147,-1.666732,2.524281,1.567109
0.299556,0.082719,-0.188842,-0.662887,3.772231,0.055051
0.306396,0.257381,-0.159336,0.589107,3.432470,-0.346515
0.290079,0.392506,-0.104654,1.039480,2.709007,-1.410100
0.295154,0.556627,-0.065675,2.281440,2.819687,-2.150986
0.269948,0.694966,-0.009290,2.503168,2.679954,-2.969786
0.271425,0.845787,0.034961,3.411291,2.012427,-4.001174
0.242920,0.966680,0.092391,3.686214,0.594792,-5.302273
0.269400,1.092538,0.138778,4.471685,0.589504,-6.698456
0.263087,1.214944,0.196765,5.126863,0.197065,-7.081069
0.259172,1.316194,0.239772,5.654147,0.040073,-7.110351
0.244427,1.426110,0.309514,6.239809,-0.896036,-7.131902
0.254281,1.504087,0.349228,6.766200,-0.424983,-6.869843
0.275774,1.573685,0.400214,7.354049,0.558366,-7.760649
0.295846,1.585682,0.441629,7.481187,-0.227797,-8.867271
0.336374,1.619790,0.463821,7.515738,0.473637,-10.317961
0.331828,1.649030,0.515854,7.228022,0.847779,-10.104974
0.318666,1.712348,0.535969,7.437130,-0.045222,-9.950339
0.260448,1.759041,0.558976,7.751906,-0.571022,-9.385230
0.233181,1.786397,0.573169,8.020852,0.345004,-9.044904
0.213427,1.805566,0.570501,8.374482,-0.049479,-9.323459
0.196884,1.763886,0.552339,8.361901,-0.015782,-10.464526
0.174987,1.756156,0.536770,8.426762,-0.385998,-10.786044
0.124017,1.716760,0.537427,8.601735,-2.666294,-10.500932
0.093999,1.717101,0.476265,8.973347,-0.224426,-9.577999
0.047599,1.664001,0.485955,8.652646,-0.922273,-8.464681
0.043499,1.594010,0.456176,8.535745,-0.840497,-8.034933
0.048242,1.485197,0.435605,7.901234,-0.325818,-8.518762
0.054443,1.379827,0.398786,7.804268,0.708190,-7.770168
0.031344,1.277963,0.379088,7.328498,0.605945,-6.919887
0.004894,1.164401,0.348933,6.819465,0.439427,-6.414317
-0.054833,1.072975,0.323694,6.385293,0.386465,-4.811932
-0.082566,0.954472,0.278908,6.155966,1.358106,-4.100757
-0.119244,0.847678,0.258147,5.472051,0.755086,-3.516071
-0.165225,0.717546,0.218321,5.137816,-0.260241,-2.894274
-0.213194,0.619109,0.201331,4.098016,-0.824315,-2.137395
-0.258830,0.498171,0.153618,3.557336,0.136734,-1.146567
-0.288959,0.393395,0.099825,3.464483,0.114745,-0.289045
-0.331437,0.246995,0.106492,1.968505,-1.530475,0.706458
-0.337014,0.128220,0.044667,1.630506,-1.589181,1.074497
-0.367882,-0.009075,0.029732,0.765206,-1.706158,1.972301
-0.368998,-0.113827,-0.016980,0.420058,-0.265755,2.259743
-0.405161,-0.245732,-0.033829,0.175579,-0.237326,3.065179
-0.405794,-0.366759,-0.079944,-0.283667,0.485835,3.345698
-0.429510,-0.497899,-0.090947,-0.855169,0.054083,3.603168
-0.437207,-0.620462,-0.124303,-1.423818,0.819222,3.788965
-0.477742,-0.714248,-0.154508,-1.119369,0.864313,4.563795
-0.515218,-0.810594,-0.169295,-1.248766,1.855226,4.868620
-0.539668,-0.902378,-0.178686,-1.470646,2.024202,5.162914
-0.564562,-1.014450,-0.176037,-1.732046,1.043971,5.821789
-0.566079,-1.100181,-0.191215,-2.326023,0.814204,6.189269
-0.559901,-1.217154,-0.194954,-2.756009,0.727850,6.988604
-0.543368,-1.284237,-0.191458,-3.210088,2.294803,7.789097
-0.514453,-1.383816,-0.186121,-3.552873,2.323059,8.116994
-0.467911,-1.457655,-0.206029,-3.907058,2.405963,9.223943
-0.434588,-1.537510,-0.190099,-4.556344,2.206253,9.364013
-0.388482,-1.582306,-0.196267,-4.469316,1.939716,9.864885
-0.371315,-1.637145,-0.189397,-4.829259,1.049903,10.207405
-0.343165,-1.648617,-0.193398,-5.157102,-0.765840,10.831355
-0.336347,-1.658077,-0.218896,-5.215953,-0.137338,11.145662
-0.323582,-1.670452,-0.241985,-5.002522,-0.581196,11.905737
-0.324928,-1.645296,-0.249873,-5.510319,-1.493159,11.838116
-0.308010,-1.640602,-0.259070,-5.518144,-2.070458,11.795237
-0.273416,-1.608345,-0.283879,-5.706330,-2.397773,11.960689
-0.256496,-1.595672,-0.266902,-6.180281,-2.738503,11.816505
-0.201886,-1.543553,-0.296588,-6.247768,-2.484531,12.694732
-0.175744,-1.493476,-0.269492,-6.590349,-3.090079,12.549809
-0.103645,-1.443035,-0.278449,-6.802441,-2.081231,12.423734
-0.042021,-1.398253,-0.271284,-7.092392,-2.132825,11.724332
0.036744,-1.329298,-0.281840,-6.809098,-1.292734,11.080899
0.053915,-1.245662,-0.280340,-6.545830,-1.365709,10.110839
0.085482,-1.126644,-0.297711,-6.014111,-0.387224,9.576690
0.093045,-0.991095,-0.299496,-4.879671,0.445153,9.190919
0.113898,-0.886839,-0.326550,-4.212949,1.580469,7.716289
0.135395,-0.757839,-0.313749,-4.325152,0.856833,5.807533
0.135004,-0.640114,-0.314422,-3.590615,0.821583,4.466947
0.157282,-0.482429,-0.329399,-2.659059,0.706001,3.619681
0.158047,-0.332891,-0.266708,-2.209060,0.206299,2.899844
0.200177,-0.193170,-0.257215,-1.589401,1.019182,1.781942
0.227470,-0.080172,-0.210322,-1.223203,-0.348600,0.467695
0.288609,0.040940,-0.191452,-0.605379,0.916116,-1.068389
0.336224,0.160339,-0.147667,0.159642,0.940551,-2.461326
0.376391,0.281326,-0.135145,0.721875,0.627505,-3.324195
0.399900,0.417754,-0.080141,1.162493,-0.035289,-4.430474
0.407433,0.534369,-0.051938,2.228107,-0.121558,-5.072941
0.428962,0.680392,-0.023059,2.868664,-0.505971,-6.126435
0.434956,0.783431,0.028974,3.185564,-0.720576,-7.134664
0.466051,0.899163,0.036560,4.489427,-0.914477,-8.730253
0.454447,1.002022,0.103613,4.681686,-1.724103,-10.147723
0.473068,1.110999,0.132551,5.677856,-1.376053,-10.632193
0.460923,1.201492,0.174986,6.279878,-0.385558,-11.103455
0.464665,1.276617,0.219083,6.627482,-0.778407,-11.719137
0.461025,1.328982,0.260770,6.953582,-1.519099,-12.704562
0.489490,1.360871,0.313939,6.881476,-0.146025,-13.243791
0.503020,1.388611,0.333525,7.380298,-0.493796,-13.791161
0.506372,1.404836,0.360956,7.334702,0.392547,-13.963010
0.493409,1.424160,0.404238,7.287701,0.071561,-13.757330
0.484399,1.429875,0.425381,7.118143,0.554155,-13.817796
0.455570,1.421412,0.424921,7.089704,0.004803,-13.591718
0.444928,1.394969,0.444790,7.119006,0.639807,-13.696057
0.414684,1.384416,0.456045,6.813858,0.269988,-13.517801
0.374129,1.345972,0.453252,6.860373,0.687113,-13.054833
0.338344,1.316749,0.448509,6.647524,0.541931,-12.770173
0.313292,1.253263,0.440293,6.492524,0.579686,-11.901724
0.305575,1.194343,0.403523,6.351638,1.599713,-11.570141
0.295259,1.108908,0.385558,6.413066,3.041409,-10.755764
0.285907,1.038539,0.343257,6.139787,2.214392,-10.295296
0.257727,0.958037,0.336863,5.324203,0.792161,-9.356146
0.254950,0.869021,0.289458,5.131271,0.810806,-8.869720
0.241657,0.753170,0.263868,4.548501,-0.027240,-8.601333
0.239592,0.649146,0.223458,4.021059,-0.194057,-7.333867
0.201650,0.547591,0.188139,3.824760,-0.644752,-6.987211
0.174705,0.471573,0.139927,3.419034,0.350139,-5.520587
0.112036,0.393730,0.091028,2.678982,0.024856,-4.660725
0.075378,0.296793,0.046899,2.383310,-0.243215,-3.767888
0.038887,0.192073,0.016172,1.795977,-1.094610,-3.271671
-0.006886,0.072717,-0.023860,1.272937,-1.130513,-2.683306
-0.051639,-0.018019,-0.063552,0.747941,-0.798698,-2.186705
-0.111964,-0.130902,-0.069243,-0.031862,-1.094853,-1.339887
-0.135115,-0.229717,-0.100302,-0.414226,-0.800297,-0.350648
-0.188943,-0.346234,-0.071991,-1.233641,-2.500783,0.169147
-0.188487,-0.458037,-0.114800,-1.250250,-0.302639,0.718635
-0.232426,-0.572190,-0.118765,-1.640561,-0.481719,0.704972
-0.240894,-0.683843,-0.130878,-1.686640,1.090503,1.218379
-0.282296,-0.767745,-0.144654,-1.960845,1.129351,1.279508
-0.331293,-0.878691,-0.134695,-2.385271,0.494783,1.470435
-0.368279,-0.937585,-0.178250,-2.364897,1.804844,2.004324
-0.430022,-1.014164,-0.156619,-2.755214,0.847786,2.700789
-0.455904,-1.083654,-0.191389,-2.944293,2.081993,3.413069
-0.496951,-1.161943,-0.184838,-3.173436,1.705432,3.299385
-0.512683,-1.222596,-0.192157,-3.363211,1.507819,4.029889
-0.535634,-1.278910,-0.195968,-3.444126,1.657252,4.450249
-0.540374,-1.334757,-0.207329,-3.422859,1.926501,5.022526
-0.542314,-1.369137,-0.211261,-3.598958,2.269049,5.645330
-0.552742,-1.413798,-0.186453,-4.319332,1.215955,6.231853
-0.520627,-1.441108,-0.202034,-4.098125,1.490225,6.834651
-0.511718,-1.467233,-0.188287,-4.434457,-0.034999,7.788568
-0.490166,-1.477953,-0.186899,-4.588328,0.472968,8.171166
-0.491768,-1.470893,-0.180377,-4.264046,-2.166401,9.056834
-0.461773,-1.463320,-0.203646,-4.055001,0.062716,9.682717
-0.469595,-1.431491,-0.198066,-4.329288,-2.521987,10.349590
-0.475680,-1.412856,-0.209998,-4.094180,-1.957874,10.389734
-0.448692,-1.353001,-0.238830,-3.636831,-1.240674,11.038626
-0.458356,-1.324073,-0.211416,-3.735981,-2.303932,10.590648
-0.421349,-1.267414,-0.223255,-4.065373,-1.191723,10.925693
-0.414325,-1.221332,-0.211895,-3.674737,-2.229739,10.948732
-0.364724,-1.162156,-0.221995,-3.307396,-0.648322,11.121346
-0.321934,-1.079078,-0.215075,-3.304570,0.073328,11.177803
-0.290771,-1.029726,-0.208501,-2.771810,0.130485,11.230102
-0.250742,-0.945259,-0.193782,-3.155130,-0.537685,10.490118
-0.202949,-0.877953,-0.197928,-2.568716,0.706120,10.513486
-0.166557,-0.767230,-0.209830,-2.885514,1.391109,10.262388
-0.148221,-0.671209,-0.187224,-2.543488,1.113565,9.995269
-0.114153,-0.548370,-0.207306,-2.058599,1.097380,9.633067
-0.098410,-0.448314,-0.169637,-1.901019,1.303037,9.016420
-0.050158,-0.319594,-0.181700,-0.911368,1.602012,8.707814
-0.034268,-0.213203,-0.161158,-0.727476,0.193636,7.541522
0.015290,-0.090985,-0.158565,0.170993,0.850678,6.886940
0.041543,0.021514,-0.113720,0.133130,0.642791,6.204287
0.091603,0.130442,-0.108761,1.211178,0.838103,5.787869
0.113179,0.237679,-0.047405,1.410770,-0.923076,4.667631
0.170989,0.365993,-0.057857,1.861179,0.071676,5.135071
0.190119,0.461049,-0.011065,2.337793,-0.097205,3.995151
0.225606,0.554963,0.026706,3.131105,-1.290746,2.977496
0.252659,0.638623,0.066108,3.592567,-1.663365,1.528295
0.292643,0.717506,0.091547,3.900338,-1.160840,0.685978
0.296588,0.808676,0.144923,4.564299,-1.894888,0.069898
0.305100,0.891046,0.162175,5.351887,-1.027862,-0.426615
0.295456,0.970579,0.210145,5.320284,-2.145214,-1.104476
0.315584,1.014117,0.244784,5.963779,-1.382858,-2.461952
0.326278,1.058398,0.278370,5.960536,-1.634036,-3.135003
0.329600,1.079684,0.295649,6.700010,-1.294980,-4.119158
0.329931,1.137606,0.345388,6.094830,-2.089711,-4.514817
0.300232,1.164614,0.357362,6.203361,-1.348212,-4.802389
0.299290,1.186695,0.381064,6.425700,-1.600513,-5.238626
0.288930,1.174570,0.386270,6.588026,-1.129595,-6.196566
0.289455,1.182756,0.389766,6.194823,-1.031066,-7.520114
0.272626,1.156638,0.389986,6.582358,0.186479,-8.035290
0.264965,1.169659,0.355212,6.823049,0.844624,-8.499168
0.221424,1.155312,0.373554,6.383271,0.764589,-8.560133
0.216418,1.141135,0.332665,6.472803,1.157076,-8.697286
0.203419,1.090982,0.316210,6.670731,1.590755,-9.515331
0.206869,1.037016,0.289727,6.666529,1.269260,-9.859560
0.177052,0.987021,0.288244,6.016528,-0.974621,-10.852851
0.160531,0.940282,0.240898,5.778607,0.482805,-10.524184
0.142159,0.912231,0.218564,5.591157,-0.281990,-9.850036
0.111747,0.823339,0.191386,5.083157,-0.875741,-9.933439
0.120682,0.759262,0.130152,5.268513,0.643500,-9.472705
0.093809,0.661620,0.132656,4.343066,-0.160717,-9.839870
0.099524,0.592429,0.091022,3.929410,-0.130049,-9.754864
0.058795,0.499979,0.068097,3.341641,-1.537779,-9.269879
0.060007,0.412611,0.027723,3.155576,0.128403,-8.374892
0.039997,0.331974,0.003089,2.789876,-0.050795,-8.019399
0.023463,0.231909,-0.024389,2.748711,0.126999,-7.581977
0.018933,0.127386,-0.035592,2.308874,0.451966,-7.733092
-0.008757,0.025027,-0.057525,1.812491,0.708315,-7.511195
-0.012483,-0.064184,-0.074830,1.620570,0.112809,-6.740103
-0.063311,-0.170137,-0.062934,1.034514,-1.021306,-6.343505
-0.071311,-0.261849,-0.099675,0.530785,0.314872,-5.457577
-0.079103,-0.361438,-0.099330,0.746277,0.297459,-5.226475
-0.078991,-0.477328,-0.099045,0.494681,0.422303,-4.738401
-0.076887,-0.570779,-0.106030,-0.287071,-0.697028,-4.355398
-0.092010,-0.686340,-0.114456,-0.512719,-0.083225,-3.974536
-0.110440,-0.752984,-0.133510,-0.669764,0.232503,-3.147088
-0.134126,-0.851004,-0.092952,-1.067930,-0.472880,-2.324232
-0.103354,-0.928585,-0.103108,-1.410731,0.306647,-1.757399
-0.110880,-1.014174,-0.103935,-1.783941,-0.453050,-1.289142
-0.113129,-1.096662,-0.118851,-1.819555,-0.069576,-0.014025
-0.127013,-1.147336,-0.125705,-2.197866,-0.025352,0.711319
-0.150496,-1.211449,-0.107976,-2.631568,-0.347096,1.083043
-0.134274,-1.270815,-0.113011,-2.595382,-0.144928,1.859416
-0.125786,-1.320101,-0.125025,-2.964020,-0.609741,2.218109
-0.110555,-1.375075,-0.128537,-3.285577,-0.944149,2.700806
-0.124000,-1.394786,-0.161756,-3.279485,-1.469477,3.673261
-0.136207,-1.423117,-0.163328,-3.502675,-1.387481,3.634726
-0.115009,-1.417452,-0.172121,-3.844042,-1.159316,4.652784
-0.115101,-1.426449,-0.182313,-3.491232,-1.428929,4.868014
-0.110319,-1.437685,-0.210089,-3.947041,-2.041986,5.469164
-0.100898,-1.410119,-0.212463,-4.172568,-1.724749,5.931492
-0.110752,-1.409932,-0.226144,-4.301709,-1.894749,5.784067
-0.101236,-1.369840,-0.252899,-3.986463,-1.679415,6.258563
-0.116500,-1.346922,-0.233139,-4.415508,-1.633162,6.384907
-0.093388,-1.298486,-0.240482,-4.442417,-1.065986,6.641321
-0.094530,-1.244684,-0.241063,-4.037647,-0.937417,6.990208
-0.068225,-1.201910,-0.243669,-4.100650,-0.094198,6.127169
-0.065563,-1.125121,-0.238975,-3.912024,0.137687,5.899288
-0.071986,-1.063099,-0.237928,-3.674737,0.285856,6.362413
-0.069738,-0.971801,-0.242379,-3.469831,0.229369,6.520267
-0.079431,-0.886166,-0.210060,-3.089862,0.735527,6.500191
-0.047910,-0.802624,-0.225885,-3.055932,1.826209,6.090745
-0.050096,-0.722415,-0.219251,-2.450598,1.296227,5.630592
-0.041119,-0.654035,-0.195197,-1.682855,0.910727,5.287947
-0.025015,-0.522813,-0.181572,-1.609322,0.618104,5.695559
-0.030421,-0.435986,-0.145918,-1.008492,0.590371,5.081200
-0.005189,-0.320122,-0.136684,-0.321950,0.307533,5.024370
0.015730,-0.225840,-0.104487,0.166083,1.729403,5.111914
0.038408,-0.136108,-0.088987,0.845948,0.604528,4.736320
0.051334,-0.027785,-0.043709,1.366687,0.002283,4.295655
0.057112,0.047039,-0.014656,1.932592,0.244648,4.216025
0.067034,0.157506,-0.015319,2.149141,0.819153,4.360857
0.056209,0.224645,0.054140,2.359191,0.495794,3.402981
0.087172,0.320059,0.061037,3.090091,1.403319,3.894509
0.083167,0.400462,0.132111,3.078511,-0.252904,3.896559
0.095217,0.472387,0.152249,3.404302,0.122656,3.598897
0.093576,0.557438,0.187237,3.925901,0.189404,3.287874
0.105084,0.599703,0.217888,4.276321,-0.022457,3.049556
0.111308,0.656348,0.238515,4.675731,-0.449824,2.699161
0.127480,0.700658,0.270840,5.021651,2.072631,2.464138
0.114072,0.757194,0.287879,5.005170,0.674158,1.994587
0.105698,0.802702,0.314313,5.226925,-0.485363,2.061430
0.109053,0.841038,0.328710,5.846882,0.604419,1.925424
0.102422,0.881113,0.313788,5.685718,1.562622,1.742959
0.096721,0.890081,0.341045,5.759471,0.289157,1.390389
0.103912,0.912303,0.340471,5.593957,0.773432,1.513326
0.080239,0.910025,0.348962,5.606319,0.490469,0.704379
0.094699,0.931029,0.316890,6.508300,4.804807,1.301381
0.058552,0.921211,0.341537,5.427199,0.091125,0.338291
0.068790,0.910028,0.315360,5.533488,0.596377,0.940888
0.061257,0.901884,0.299066,4.929995,-0.097429,-0.213674
0.051308,0.866720,0.261305,5.570708,1.620327,0.213290
0.044110,0.862295,0.266232,5.212013,0.000920,-0.139772
0.023525,0.832113,0.229495,4.932349,-0.062871,-0.020042
0.018109,0.806247,0.187959,5.030372,0.075454,-0.175508
0.014935,0.749126,0.182385,4.540879,-0.139007,-0.996629
0.015438,0.693863,0.155843,4.432165,0.456014,-1.081308
0.000007,0.651359,0.130345,4.291404,-0.116910,-1.891637
-0.018286,0.603727,0.097413,4.220054,0.597483,-2.100317
-0.032388,0.561210,0.053549,4.155823,0.680726,-2.369818
-0.069486,0.503048,0.055693,3.230809,-0.769032,-2.632908
-0.062366,0.438722,0.028823,3.102049,0.740391,-2.964099
-0.085504,0.373989,0.018779,3.109238,-0.505560,-4.014712
-0.089663,0.306670,-0.011630,2.436788,0.172539,-3.532290
-0.109541,0.248771,-0.035497,2.209485,-0.482836,-3.451269
-0.119474,0.176019,-0.057331,2.017085,-0.315520,-3.603071
-0.131241,0.097703,-0.078904,1.645753,-0.543574,-3.961811
-0.120501,0.030945,-0.088744,1.382977,1.051350,-4.264451
-0.128514,-0.035488,-0.101766,1.038052,1.249550,-4.106900
-0.136460,-0.124009,-0.113087,1.035170,1.173611,-4.805484
-0.154031,-0.178964,-0.133323,1.135843,1.011770,-4.765408
-0.164762,-0.250383,-0.122754,0.711624,1.870380,-4.650164
-0.156480,-0.314506,-0.148583,0.760975,1.630598,-4.107477
-0.171320,-0.409847,-0.123522,0.243319,0.686067,-4.892396
-0.143783,-0.466532,-0.144234,0.272112,0.921772,-4.933970
-0.155791,-0.526801,-0.123866,-0.188256,0.029172,-4.946456
-0.133861,-0.578345,-0.136386,-0.352706,0.215648,-4.505439
-0.146892,-0.635079,-0.130356,-0.529922,-0.518735,-4.117077
-0.125254,-0.700327,-0.139435,-0.881471,-1.160787,-3.896739
-0.105018,-0.750676,-0.140065,-1.308359,-0.914847,-3.485553
-0.088333,-0.822312,-0.145951,-1.507458,-0.556851,-2.984855
-0.069141,-0.859325,-0.145475,-1.635404,-0.248469,-2.656535
-0.057445,-0.909875,-0.153622,-1.568039,-0.018836,-2.019669
-0.041526,-0.945177,-0.174967,-1.648114,-0.217325,-1.250061
-0.035617,-0.985761,-0.151639,-2.057408,-0.891220,-1.479374
0.001415,-1.013147,-0.161408,-2.230658,-1.328125,-1.137389
0.005469,-1.045692,-0.142002,-2.455941,-1.148999,-0.617723
0.038080,-1.055261,-0.161657,-2.331350,-1.520043,-0.341252
0.035996,-1.072802,-0.150172,-2.601143,-1.666965,0.160706
0.064947,-1.073419,-0.163111,-2.492445,-2.377271,1.029844
0.094568,-1.079206,-0.169436,-2.715884,-1.536849,1.206177
0.119603,-1.080069,-0.173727,-3.052531,-2.003661,1.511776
0.135181,-1.074620,-0.173825,-2.968277,-2.816462,1.691585
0.155260,-1.069004,-0.177170,-3.032324,-3.318251,1.784915
0.177659,-1.032750,-0.192026,-2.753977,-1.889790,2.239365
0.174918,-1.018468,-0.193854,-2.458689,-1.654734,2.298613
0.186049,-0.978537,-0.204539,-2.270270,-2.018832,2.358593
0.185383,-0.941514,-0.172676,-2.366567,-1.948969,2.527034
0.215571,-0.904321,-0.172105,-2.348005,-1.365227,2.524263
0.214180,-0.866376,-0.170198,-2.067924,-1.388827,2.009826
0.212365,-0.819785,-0.142169,-1.932593,-3.719841,1.897510
0.231616,-0.746101,-0.157616,-1.885989,-0.854043,2.386087
0.234659,-0.701102,-0.135059,-1.346852,-1.178338,2.150345
0.243042,-0.637258,-0.139842,-0.961060,-1.413577,1.856001
0.235794,-0.569689,-0.093133,-1.426175,-2.104754,1.772777
0.249466,-0.498848,-0.083538,-1.330088,-2.666724,1.502976
0.247467,-0.423115,-0.075798,-0.620130,-1.477010,1.600739
0.264040,-0.359347,-0.075293,0.067429,-0.219653,1.381071
0.250391,-0.284734,-0.047510,0.428419,-0.746176,0.698322
0.251179,-0.228273,-0.044848,1.054337,0.011306,0.620515
0.251849,-0.133305,-0.028512,1.227699,0.340183,0.216455
0.229676,-0.083852,0.014449,2.072615,-0.544444,-0.665325
0.235154,-0.003088,0.018506,2.444741,-0.841504,-0.899580
0.211695,0.062194,0.075365,2.657433,-2.448383,-1.233872
0.227079,0.140194,0.065822,3.182200,0.245219,-1.528800
0.208425,0.192717,0.101361,3.382527,-0.242801,-1.406432
0.186292,0.241618,0.126997,3.702994,-1.073192,-1.609603
0.176786,0.310852,0.151934,3.821126,-1.225192,-1.862316
0.176172,0.344867,0.156523,4.271821,0.210822,-2.073725
0.173362,0.409617,0.175361,4.326763,-0.134034,-2.223796
0.147346,0.433917,0.207650,4.551160,-0.223602,-2.446278
0.143594,0.478775,0.196808,4.744712,0.134148,-2.544899
0.119931,0.514606,0.229869,4.669022,-0.010637,-2.144328
0.123745,0.532308,0.235167,5.225307,0.706474,-2.449913
0.114236,0.566314,0.228119,5.346186,1.783432,-2.436853
0.098194,0.572147,0.232235,5.096304,0.709060,-2.579938
0.069040,0.595899,0.222034,5.407213,1.225391,-2.423561
0.042518,0.605378,0.236171,5.302828,1.167190,-1.936345
0.026644,0.611733,0.222946,5.273092,0.852723,-2.091595
0.006181,0.600123,0.224633,5.238512,0.662689,-1.689838
-0.001549,0.594586,0.208431,5.181690,0.392187,-1.966400
-0.024319,0.571513,0.218535,4.756689,0.314137,-1.722777
-0.031951,0.563051,0.189790,5.229941,0.411198,-1.390253
-0.067401,0.529016,0.210184,4.968630,-0.452805,-1.010133
-0.067812,0.498630,0.188694,5.141326,0.685354,-0.811027
-0.083479,0.463442,0.184565,4.975257,0.612806,-0.799019
-0.097649,0.408314,0.167118,4.748221,0.346899,-0.555426
-0.120377,0.382580,0.148747,4.872908,0.638750,-0.323807
-0.145277,0.320131,0.113950,4.502957,1.213699,0.155243
-0.166383,0.284208,0.112824,4.542150,1.072689,0.365080
-0.193742,0.229027,0.102261,4.095072,0.801773,1.033119
-0.204949,0.166670,0.086505,3.981125,1.070483,0.948305
-0.218387,0.103382,0.080554,3.495643,0.561859,1.740998
-0.237090,0.050896,0.081969,3.245249,0.280003,1.900125
-0.257701,-0.032652,0.068488,3.407700,0.445530,2.362267
-0.272488,-0.083609,0.058089,3.263676,0.329949,2.450604
-0.290249,-0.163671,0.044168,2.841749,0.306397,2.848125
-0.284193,-0.217303,0.013310,2.668344,0.675474,2.857566
-0.308161,-0.295543,0.033031,2.518452,0.663769,2.785360
-0.311956,-0.360404,-0.004103,2.626657,0.690213,2.574989
-0.343579,-0.426548,-0.004103,2.015234,-0.004784,2.671382
-0.351457,-0.470740,-0.050117,2.001202,0.831985,3.251865
-0.379374,-0.538122,-0.026142,1.784010,0.743992,4.112971
-0.372609,-0.580124,-0.072687,1.248631,2.124047,4.123528
-0.396879,-0.658663,-0.060699,0.396687,0.697050,3.695147
-0.389615,-0.705812,-0.089086,0.404319,0.335115,3.453653
-0.395290,-0.762959,-0.093569,0.078048,0.435666,3.932551
-0.393905,-0.803327,-0.121473,0.020802,0.937410,4.199476
-0.396026,-0.845913,-0.106496,-0.307330,0.572833,4.437497
-0.373469,-0.876092,-0.131134,-0.597776,0.799669,4.799439
-0.362509,-0.927055,-0.122842,-0.869185,0.430099,4.286296
-0.331447,-0.965624,-0.146804,-1.194274,1.235954,4.198843
-0.327849,-0.988968,-0.149404,-1.006574,0.868728,4.379968
-0.306011,-1.011273,-0.156435,-1.002504,0.967845,5.103281
-0.312025,-1.018441,-0.171997,-0.790354,0.648342,5.222870
-0.291316,-1.043916,-0.182940,-1.143593,0.016696,5.388772
-0.276860,-1.042902,-0.186239,-1.380208,-0.002549,4.923260
-0.260310,-1.060145,-0.184759,-1.537368,-0.186680,5.091360
-0.225703,-1.037726,-0.211314,-1.414664,0.021164,5.351579
-0.214251,-1.036012,-0.180679,-1.392819,-0.414337,5.280620
-0.181384,-1.004317,-0.206032,-1.340293,0.062253,6.340867
-0.172892,-0.997362,-0.165517,-1.486736,-0.682716,5.700490
-0.124148,-0.984058,-0.166184,-1.419003,-0.347999,5.909280
-0.086282,-0.960798,-0.166495,-1.384340,-0.291695,4.792158
-0.045957,-0.936847,-0.155407,-1.503043,-0.377426,4.953063
-0.024017,-0.894030,-0.158375,-1.011856,-0.016010,5.006718
-0.018952,-0.845477,-0.153973,-1.265152,-1.352061,5.032609
0.004763,-0.783921,-0.160508,-0.729218,-1.815620,5.036522
0.029086,-0.743885,-0.134541,-0.789100,-0.915937,4.682445
0.068059,-0.675446,-0.133415,-0.830738,-1.508161,3.541810
0.098234,-0.620629,-0.135506,-0.704295,-0.962619,3.309157
0.125761,-0.554298,-0.138296,-0.315296,-0.448527,3.158200
0.135096,-0.474124,-0.132059,0.248551,-0.279485,2.684822
0.143197,-0.411778,-0.115815,0.682876,-0.523810,1.602024
0.173871,-0.344153,-0.118516,1.396718,0.234696,0.982515
0.173123,-0.283188,-0.057180,0.884891,-2.871991,-0.048614
0.223708,-0.197831,-0.070871,1.126294,-0.110594,-0.534239
0.234101,-0.131316,-0.032831,1.485022,-0.592604,-1.396599
0.253835,-0.063350,-0.015142,1.622093,-0.335556,-1.486000
0.258696,0.006514,-0.012995,2.166233,-0.441487,-1.821256
0.273168,0.072221,-0.009201,2.465470,-0.870410,-2.380873
0.299280,0.142485,-0.000246,2.625613,0.849417,-3.708095
0.293060,0.199226,0.015555,3.087866,-0.070703,-3.792573
0.301965,0.268144,0.026177,3.139758,-0.261235,-4.836738
0.300406,0.315401,0.050789,3.486301,-0.398625,-5.404042
0.318252,0.381040,0.042891,3.791522,-0.241534,-6.079109
0.316089,0.404388,0.077065,3.702453,-0.291611,-6.240173
0.341000,0.463219,0.085383,3.957649,0.512980,-6.872010
0.349859,0.486282,0.082694,4.397125,0.271078,-7.144945
0.348661,0.522864,0.108632,4.543643,0.165291,-7.454053
0.341439,0.538463,0.116178,4.993281,0.381630,-8.092599
0.353804,0.567240,0.130224,4.692804,-0.208890,-8.476418
0.343688,0.566068,0.133424,5.067806,0.351599,-8.929900
0.348959,0.592127,0.136359,5.306734,0.165744,-8.794661
0.319503,0.588851,0.162464,4.877388,0.048752,-8.963628
0.329281,0.595239,0.169193,4.873124,0.224431,-8.378432
0.308602,0.579959,0.175023,4.855570,-1.210303,-9.063450
0.319175,0.572531,0.168924,4.853105,-0.370603,-8.555952
0.287082,0.542539,0.177376,4.336160,-2.740963,-8.601874
0.289137,0.524328,0.159930,4.477699,-0.525954,-8.490822
0.272814,0.502753,0.151314,4.462002,-0.770706,-7.894928
0.270995,0.451983,0.136031,4.250978,-0.246441,-7.631518
0.262878,0.410720,0.140150,4.155961,-0.232235,-7.612099
0.252676,0.352962,0.128071,4.135006,0.126677,-7.273340
0.239169,0.313967,0.123879,3.991491,0.130974,-7.004013
0.209039,0.239629,0.119034,4.112744,0.301654,-6.667667
0.208120,0.197729,0.076074,3.534927,0.279008,-6.093847
0.178289,0.131204,0.105868,3.591014,0.386009,-5.994027
0.164667,0.071293,0.082743,3.016207,-1.198424,-5.502783
0.129919,0.009983,0.085954,2.853014,-0.396061,-5.134766
0.124595,-0.043596,0.076595,2.876385,0.792815,-4.068232
0.094495,-0.112888,0.051150,1.988239,0.081156,-3.593525
0.090553,-0.173042,0.033632,1.410698,0.107472,-3.216007
0.058864,-0.232786,0.035844,1.267751,-0.368239,-2.675521
0.027392,-0.308171,0.025990,1.415425,-0.490914,-2.153300
0.008397,-0.348000,-0.002643,0.914315,-0.258921,-1.710135
-0.024969,-0.432089,-0.000128,0.639355,-0.689734,-1.127790
-0.031406,-0.471229,-0.029628,0.671115,-0.469364,-0.957188
-0.070401,-0.546630,-0.017955,0.059689,-0.441007,-0.744653
-0.068875,-0.587060,-0.046368,0.284881,0.371390,-0.366214
-0.108038,-0.640193,-0.038950,-0.166845,-0.060307,-0.135665
-0.121052,-0.683268,-0.040702,-0.608973,-0.181455,0.322479
-0.138981,-0.733457,-0.052933,-0.444391,-0.055741,0.812373
-0.152561,-0.780218,-0.066043,-0.407329,0.683868,0.923383
-0.180642,-0.791172,-0.082396,-1.234143,0.615853,1.425257
-0.192216,-0.830177,-0.092247,-0.804215,1.495599,1.836954
-0.182792,-0.852448,-0.119048,-0.040451,6.012404,1.860102
-0.223474,-0.882709,-0.069411,-1.016635,0.308682,1.729533
-0.227131,-0.901458,-0.095841,-1.096290,0.456027,2.187936
-0.250873,-0.910896,-0.077853,-1.163170,0.353632,2.439682
-0.258813,-0.910961,-0.091029,-1.491676,0.665194,3.347388
-0.272366,-0.927304,-0.095647,-1.074222,0.471639,2.437801
-0.270298,-0.932711,-0.097016,-0.867924,1.068189,2.597656
-0.268434,-0.917112,-0.100640,-0.817572,1.244791,2.436035
-0.281754,-0.918281,-0.081195,-0.005290,1.860097,2.991916
-0.299358,-0.892790,-0.090868,-0.051739,0.951016,3.589677
-0.316069,-0.897634,-0.061907,0.011746,0.379698,3.858630
-0.290210,-0.869829,-0.096540,-0.616325,2.321581,4.332135
-0.287364,-0.858229,-0.058017,-0.859472,0.637366,4.579582
-0.268273,-0.840766,-0.067280,-1.006962,1.210164,4.846418
-0.256164,-0.812291,-0.040627,-0.758563,1.364468,5.101473
-0.262864,-0.797477,-0.035904,-0.352335,0.918421,5.521963
-0.239493,-0.759056,-0.027120,-0.047462,0.637070,6.048624
-0.232967,-0.729432,0.002537,-0.183825,0.458578,6.368905
-0.199434,-0.699359,0.018785,0.330116,0.710285,6.580579
-0.174064,-0.648520,0.003066,0.359005,0.523455,6.609688
-0.160593,-0.611163,-0.003532,0.645447,1.014446,7.204725
-0.144630,-0.568990,0.007221,1.027385,0.320643,7.513970
-0.144893,-0.533543,0.006204,0.994278,0.423315,7.665162
-0.113972,-0.481090,-0.012244,1.152629,-0.096926,7.824648
-0.097918,-0.452611,0.023075,1.486345,-0.480003,7.642693
-0.061782,-0.418237,0.023942,1.557272,0.090705,7.569255
-0.055899,-0.370465,0.023128,1.750013,0.235198,8.160566
-0.036405,-0.325860,0.016697,1.672335,-0.324428,8.308463
-0.024116,-0.274910,0.032141,1.876184,-0.578364,8.339383
-0.007618,-0.253790,0.057577,1.986710,-0.494554,7.920225
0.029720,-0.209133,0.051265,2.350164,-1.047572,8.041760
0.048499,-0.178196,0.082806,2.366701,-0.539779,7.528006
0.077453,-0.123898,0.052328,1.941846,0.779748,7.733992
0.084333,-0.076470,0.068681,2.037460,-0.488783,7.680376
0.089119,-0.052616,0.066919,2.749650,-0.452699,7.098205
0.116399,0.005178,0.044851,2.683322,-0.391774,7.005538
0.126804,0.023224,0.068183,2.547393,0.316070,6.202555
0.148846,0.065427,0.040039,2.667724,0.128056,5.560428
0.144851,0.095671,0.058371,3.271206,-0.796115,4.748601
0.163157,0.142137,0.028994,3.200706,-0.409014,5.106593
0.163925,0.177315,0.038483,3.580123,-0.466102,3.935550
0.161916,0.201822,0.033106,3.761921,-0.042917,3.616037
0.169614,0.214853,0.019021,4.081752,0.101399,2.136602
0.162648,0.249975,0.045186,3.409702,-1.006864,2.011514
0.166417,0.270363,0.050297,4.071842,-1.160574,0.965611
0.145869,0.289519,0.062143,3.931439,-1.545735,0.980808
0.152719,0.308954,0.061171,3.612373,-0.285436,0.145118
0.144592,0.311748,0.051413,3.561837,0.206745,-0.332109
0.128613,0.306535,0.075798,3.353438,-2.322701,-0.674001
0.140252,0.312309,0.055424,3.302130,-1.232620,-1.787789
0.149998,0.299324,0.047595,3.446055,-0.301960,-1.553485
0.134039,0.309112,0.036812,2.769476,-0.392890,-2.366571
0.125501,0.287290,0.027992,3.309781,0.513322,-2.679949
0.115792,0.278296,0.015634,3.569705,0.329876,-3.499656
0.110034,0.267586,0.023358,2.952757,0.326197,-3.750149
0.112437,0.242780,0.000170,2.926875,1.431479,-4.850304
0.109522,0.236757,-0.002574,3.093239,0.406754,-4.931859
0.105153,0.209109,-0.014171,3.317984,0.420567,-4.868665
0.102990,0.184560,-0.023693,3.534842,0.500881,-5.485632
0.092726,0.143736,-0.032920,3.136968,0.455052,-5.096223
0.094062,0.140765,-0.055457,2.599544,-1.709375,-4.964787
0.068236,0.077198,-0.036429,2.180866,-2.438345,-5.959589
0.089860,0.053387,-0.061132,2.790618,-0.903053,-5.284545
0.070560,-0.008139,-0.044399,2.371750,-0.216430,-6.050308
0.064829,-0.047095,-0.055749,1.995218,-0.416642,-5.913426
0.048587,-0.101856,-0.055070,1.701085,-0.458575,-5.777385
0.066270,-0.132970,-0.054866,1.384757,0.162472,-4.711875
0.053882,-0.181511,-0.050868,1.532476,0.600914,-4.685825
0.061129,-0.247626,-0.075030,1.400549,0.461115,-4.884149
0.060424,-0.283542,-0.060479,1.284468,-0.337735,-4.843883
0.042180,-0.347406,-0.068423,0.936238,-2.379734,-4.112929
0.043627,-0.389733,-0.068282,1.081634,-1.157800,-4.141984
0.040729,-0.449611,-0.080335,0.407119,-0.346299,-3.621136
0.050918,-0.482087,-0.122704,0.990884,0.875835,-3.350094
0.032231,-0.534994,-0.075831,-0.135685,-2.540550,-3.296272
0.066650,-0.546512,-0.131514,0.131368,-0.578630,-2.249947
0.039216,-0.612472,-0.105360,-0.200473,-1.013451,-2.825474
0.055188,-0.621158,-0.122832,-0.403889,-0.746130,-2.065135
0.047944,-0.639267,-0.113934,-0.533523,-0.712695,-1.103847
0.043693,-0.681528,-0.120679,-0.823644,-1.295258,-2.004662
0.041152,-0.692685,-0.135890,-0.847862,-0.775530,-0.954892
0.043401,-0.725874,-0.143945,-0.350169,0.164800,-1.513881
0.028712,-0.738203,-0.144818,-0.735389,-0.563882,-1.419459
0.023575,-0.754655,-0.147244,-0.596585,-0.780808,-1.283451
0.011801,-0.776962,-0.151232,-0.877450,-0.601515,-2.513643
0.002476,-0.782122,-0.137016,-0.216337,-0.287662,-1.515907
0.007232,-0.773355,-0.156756,-0.774752,-0.536956,-1.407081
0.009296,-0.762001,-0.124864,-1.056179,-0.112442,-0.723549
0.035247,-0.754005,-0.119721,-0.894935,0.550437,-0.940567
0.015651,-0.744404,-0.089814,-1.185336,-0.610191,-0.515134
0.025032,-0.726895,-0.111885,-1.237126,-0.120753,0.285414
0.014256,-0.725930,-0.077952,-0.605326,0.084462,-1.130661
0.014493,-0.706084,-0.091196,-0.950753,0.393694,-0.129523
0.026070,-0.677301,-0.069854,-0.685454,0.922879,-0.714983
0.043368,-0.654576,-0.052273,-0.008937,0.315378,-0.655367
0.043102,-0.612850,-0.048259,-0.238126,0.574573,-0.747650
0.048981,-0.591442,-0.035739,0.722784,2.135717,-0.212465
0.026831,-0.542067,-0.005177,0.631195,0.470598,-0.301601
0.041353,-0.515611,-0.017003,0.754568,1.589089,-0.330066
0.014614,-0.474154,0.007090,0.718041,1.041247,-0.395628
0.014364,-0.461825,0.008708,0.668860,0.219157,-1.293221
0.016885,-0.403942,0.014075,-0.018452,0.097316,-0.823206
-0.007310,-0.374761,0.053953,1.124299,0.631378,-0.267854
-0.003065,-0.313406,0.036717,1.395080,0.443695,-0.176931
-0.009519,-0.296675,0.093746,1.337421,-0.243795,-0.408865
0.027146,-0.261767,0.073211,1.976442,1.414223,-0.682450
0.026027,-0.227698,0.119556,1.844436,0.772910,-0.594261
0.025902,-0.194572,0.127631,1.795357,-0.437262,0.085686
0.029066,-0.159578,0.110506,2.068525,0.598839,0.344558
0.029542,-0.136804,0.132121,2.648571,0.145147,0.334710
0.043125,-0.113558,0.152023,2.878036,-0.630375,0.857229
0.051545,-0.102916,0.130569,3.199052,0.367828,0.872984
0.066979,-0.060534,0.126679,2.848556,0.108013,0.941577
0.058513,-0.065362,0.142592,3.200972,-0.938966,0.960779
0.058933,-0.032298,0.123698,3.403853,0.856206,1.103420
0.051827,-0.016953,0.158020,3.133147,-0.092554,1.797134
0.054962,-0.000058,0.138368,3.702788,-0.800352,2.086343
0.044806,-0.002749,0.172042,3.428754,-1.074636,1.907492
0.074486,0.019860,0.146610,3.175914,-0.621807,2.608487
0.055424,0.016574,0.161624,3.210659,-1.609070,2.845843
0.066591,0.022729,0.165553,3.060684,-1.815748,3.017078
0.073301,0.035586,0.155528,3.435988,-1.468903,3.416581
0.064789,0.019771,0.145024,3.255008,-1.121818,3.890631
0.084182,0.036968,0.131786,3.551530,-0.522973,3.933719
0.085518,0.026806,0.116457,3.576014,-0.779164,4.180148
0.098480,0.032967,0.108258,3.455348,-0.254811,3.889951
0.089000,0.008746,0.093579,3.439087,-0.282105,3.783663
0.087983,0.020983,0.085307,3.472115,-0.284960,3.722852
0.073599,0.006688,0.087572,3.578971,-0.671014,3.680870
0.064513,0.007850,0.079195,4.436344,-0.512371,3.698237
0.042889,-0.011756,0.086239,4.077350,-0.289631,3.308454
0.053419,-0.010119,0.074629,3.893123,-0.759949,2.957565
0.027117,-0.019664,0.089994,4.181932,-1.493180,3.102655
0.022288,-0.029856,0.058585,3.210757,-1.647901,3.112870
0.001018,-0.057336,0.073313,3.682713,-1.825894,2.379770
-0.006282,-0.066238,0.055007,3.661045,-0.420883,2.693286
-0.027989,-0.096223,0.058096,3.690577,-0.743747,2.158809
-0.021250,-0.124689,0.059018,3.651008,-0.111352,1.935873
-0.053868,-0.151661,0.052650,3.202525,-0.124951,1.271977
-0.067720,-0.180185,0.047707,3.138888,-0.188283,1.606425
-0.086810,-0.198018,0.044319,3.451855,0.218927,1.053934
-0.112676,-0.238248,0.070408,3.260125,0.071063,0.705435
-0.117767,-0.266480,0.043919,3.153597,0.101251,0.588734
-0.130283,-0.307055,0.047536,3.383729,2.233559,0.407744
-0.136483,-0.346969,0.031807,3.048490,1.075646,-0.199336
-0.150247,-0.372040,0.032706,3.073226,1.002402,-0.737623
-0.176024,-0.409079,0.031370,2.967250,-0.153206,-0.684145
-0.185408,-0.426233,0.014216,2.604248,-1.348027,-0.368059
-0.198685,-0.463446,-0.007803,2.505424,0.449118,-0.048097
-0.187939,-0.500676,0.003115,2.810336,0.684393,-0.429407
-0.185431,-0.520636,-0.020158,2.095339,0.990165,-0.160365
-0.202782,-0.576257,-0.038956,2.138122,0.439592,-0.428976
-0.212426,-0.593451,-0.040427,2.147257,0.276619,-0.512737
-0.222050,-0.632873,-0.054459,1.950643,0.096000,-0.467216
-0.219112,-0.643321,-0.066972,1.609551,-0.245308,-0.090806
-0.219952,-0.670007,-0.075818,1.476002,0.375381,0.156310
-0.216030,-0.704857,-0.095319,1.370682,0.539877,-0.177625
-0.223087,-0.719569,-0.113382,0.974738,-0.011398,0.110281
-0.216135,-0.761223,-0.111265,1.210647,0.170383,0.167586
-0.190112,-0.764184,-0.143213,1.155377,0.763234,0.311315
-0.185667,-0.786478,-0.121910,0.672731,0.269342,0.368295
-0.172505,-0.793877,-0.135982,0.059666,-1.080636,0.715634
-0.160678,-0.805660,-0.143433,0.154489,-1.034065,0.991464
-0.126544,-0.825500,-0.162300,0.297059,0.503902,1.042132
-0.123150,-0.820848,-0.177354,0.562930,0.190990,1.339577
-0.119470,-0.838944,-0.158814,0.310819,-0.229543,0.887934
-0.080823,-0.825181,-0.166006,0.273146,0.485976,1.262040
-0.070815,-0.818140,-0.148409,0.352119,-1.123964,1.648229
-0.052932,-0.813949,-0.166817,0.794466,0.601393,1.618789
-0.038440,-0.794792,-0.172880,0.604705,-0.009760,1.787182
-0.016070,-0.799933,-0.171619,0.715809,-0.098728,1.727652
0.010882,-0.771576,-0.153897,0.898759,-0.455532,1.766670
0.024176,-0.760987,-0.149046,0.757385,-0.235940,1.962038
0.037821,-0.723380,-0.147605,0.937781,-0.276928,2.345771
0.046053,-0.707358,-0.120948,1.112499,-1.744299,2.307232
0.074138,-0.680934,-0.102475,0.703297,-1.817094,1.884346
0.087665,-0.652673,-0.093451,0.810655,-2.238910,1.924323
0.110927,-0.628159,-0.107477,1.106298,-1.043125,2.318885
0.127451,-0.582409,-0.095398,1.099067,-1.226800,2.314325
0.135460,-0.562655,-0.063056,1.711964,-1.200705,1.999986
0.148862,-0.519740,-0.060584,1.999295,-1.427849,1.860501
0.142682,-0.497193,-0.040499,1.324498,-1.535825,1.423441
0.169378,-0.460039,-0.040479,1.790857,-0.653388,0.711709
0.168534,-0.414312,-0.041165,1.852816,-0.525192,0.881985
0.175260,-0.385278,-0.019738,2.054030,-0.578745,1.004403
0.170618,-0.330646,-0.018864,1.880320,-0.838849,0.763915
0.176455,-0.311732,-0.017023,2.311655,0.140769,0.712629
0.178240,-0.265387,-0.001684,1.768782,-0.633877,-0.315382
0.181011,-0.242046,0.007690,2.442434,-0.755422,-0.563938
0.202527,-0.189954,-0.004921,2.735480,0.684902,-0.990587
0.187549,-0.179919,0.025852,3.000734,-0.591957,-1.693650
0.193228,-0.138564,0.005892,3.146395,-0.177080,-1.439980
0.190050,-0.106304,0.031134,2.826863,-0.176994,-1.811008
0.205878,-0.063639,0.037439,3.270642,0.384755,-1.701217
0.181815,-0.054192,0.042973,3.513726,0.052868,-2.511041
0.199697,-0.020409,0.034705,3.090065,0.663211,-2.722221
0.192135,0.008358,0.045796,3.622900,0.154837,-2.719264
0.183006,0.024432,0.071767,3.736032,-1.284837,-2.948841
0.170661,0.046090,0.053871,3.718609,-0.136453,-3.161527
0.178949,0.061662,0.058404,3.432876,-0.077609,-3.153594
0.171373,0.069878,0.051570,3.574110,-0.175573,-3.154457
0.170658,0.073137,0.067424,3.723395,-1.639984,-3.080527
0.168619,0.076492,0.073861,3.272542,-2.127551,-3.722940
0.152335,0.074706,0.065826,3.690866,-1.228773,-2.889719
0.159084,0.086999,0.076658,3.922629,-0.288502,-3.066403
0.142701,0.067593,0.090963,3.991738,-0.617701,-3.282017
0.134735,0.073774,0.060095,4.303999,-0.344740,-2.772793
0.126683,0.039226,0.082993,3.827051,-0.205693,-3.626755
0.141093,0.049061,0.064358,4.364087,0.284487,-3.272685
0.102340,0.025883,0.087834,4.264692,0.035829,-3.187223
0.108951,0.017874,0.090933,3.986962,0.228413,-3.662904
0.078201,-0.009675,0.115522,4.537492,-1.149233,-3.333853
0.084533,-0.030220,0.089505,4.082733,1.117639,-3.065402
0.065472,-0.057369,0.096612,4.007405,0.251118,-3.121882
0.053202,-0.091608,0.098969,3.577225,-0.122759,-2.469570
0.039478,-0.118475,0.096773,3.472105,0.159236,-2.548696
0.037752,-0.160513,0.097491,3.859518,0.752851,-1.853560
0.032897,-0.186323,0.097987,3.787642,0.348091,-2.028340
0.030008,-0.232451,0.091291,3.528454,0.506403,-1.673507
0.010724,-0.253905,0.067349,2.903058,0.753406,-1.444728
0.012792,-0.297880,0.063397,2.929974,0.526806,-0.986722
-0.011547,-0.330734,0.065248,3.091385,-0.473924,-0.745318
-0.016681,-0.377479,0.046748,2.854613,0.670229,0.099891
-0.020804,-0.407274,0.056911,3.237673,0.015993,-0.258039
-0.043485,-0.454653,0.056756,2.603654,-0.204189,-0.222342
-0.048757,-0.482938,0.020738,2.393782,-0.916744,0.194419
-0.068576,-0.519842,0.036284,1.895668,-0.818205,0.774538
-0.055913,-0.557859,0.026955,1.915606,-0.427247,1.436128
-0.081860,-0.591123,0.019675,1.522495,-1.139484,1.718142
-0.077055,-0.627736,0.014521,1.760402,-0.893094,1.986078
-0.090769,-0.659175,0.008731,1.786114,-0.848886,1.795986
-0.101007,-0.699303,0.007615,1.945223,-0.229510,1.866073
-0.119119,-0.720251,-0.014335,1.469273,-0.141317,1.978522
-0.124341,-0.750079,0.001099,1.884213,-0.810252,1.983046
-0.137153,-0.764026,-0.028846,1.354178,0.036817,2.064257
-0.166918,-0.792760,-0.043772,0.677969,0.316491,2.649440
-0.158768,-0.805953,-0.060880,1.158722,0.350188,2.680925
-0.192613,-0.828519,-0.025932,0.556907,-0.540731,2.539859
-0.184811,-0.833850,-0.025091,1.073362,-0.013765,2.385260
-0.184804,-0.836883,-0.041992,0.848459,0.471291,2.243875
-0.186721,-0.842755,-0.046122,0.391137,0.683963,2.219076
-0.189944,-0.849878,-0.057200,0.738035,0.508281,2.118148
-0.199989,-0.860513,-0.043680,0.697950,0.530683,2.315918
-0.187551,-0.847741,-0.056616,1.101568,0.180926,2.463096
-0.206025,-0.842988,-0.045373,0.422002,0.237414,2.096956
-0.187663,-0.822092,-0.056310,1.110408,1.239690,2.455323
-0.202821,-0.812032,-0.044576,0.838628,-0.645749,2.555890
-0.172984,-0.805887,-0.055500,1.042934,1.097357,1.672442
-0.166357,-0.787417,-0.056077,1.454443,2.772605,2.096129
-0.155482,-0.766206,-0.074364,0.957974,0.977298,2.682894
-0.146206,-0.737698,-0.046549,1.427238,0.859882,2.066265
-0.144112,-0.724039,-0.037784,0.999396,-0.776390,2.075315
-0.126400,-0.691789,-0.053169,1.078217,-1.031029,2.385584
-0.113697,-0.670375,-0.029342,0.955115,-0.656722,2.040123
-0.088504,-0.634947,-0.045396,1.384091,-0.161248,2.859653
-0.077245,-0.605317,-0.042875,1.325837,-0.103986,2.528150
-0.044276,-0.579694,-0.042518,1.419590,0.255835,3.043867
-0.031498,-0.535145,-0.051571,1.496590,-0.050617,2.573253
-0.018279,-0.519346,-0.053166,1.658791,-0.026110,2.396803
0.007455,-0.470113,-0.053396,1.448144,0.150006,2.574317
0.000014,-0.449618,-0.038283,1.831365,0.049789,2.262606
0.038996,-0.411975,-0.056524,2.225196,0.349036,2.060920
0.034190,-0.378480,-0.013550,1.739057,-0.743642,2.203646
0.065321,-0.356344,-0.010665,2.077561,-0.084183,1.931818
0.077689,-0.305092,-0.007573,2.334031,0.346095,1.518601
0.091518,-0.284265,-0.007205,2.580667,-0.510332,1.469016
0.115070,-0.237516,-0.010271,2.676770,0.174489,1.783277
0.115250,-0.222614,0.000308,3.059168,-0.068447,1.247960
0.140308,-0.171303,-0.040030,2.826430,-0.133302,1.355912
0.143397,-0.162637,-0.008840,2.687885,0.261631,1.055612
0.163170,-0.135084,-0.012221,3.331019,-0.594763,0.757573
0.160544,-0.125332,0.020896,3.215500,-0.495004,0.323818
0.184398,-0.094398,-0.020397,2.974533,-0.050401,0.622970
0.179632,-0.085280,-0.002620,2.971343,-0.492056,0.089091
0.197728,-0.064811,0.001342,3.238182,0.097959,0.154329
0.197478,-0.049528,0.005114,3.575508,0.321903,0.204823
0.206899,-0.046386,0.010467,3.815425,-0.379170,-0.157490
0.209374,-0.029334,0.032909,3.899147,-0.539356,-0.128148
0.205737,-0.036191,0.017219,3.581272,-0.067528,-0.281054
0.210795,-0.018216,0.027165,3.692711,-0.114369,-0.466991
0.208215,-0.035196,0.038821,4.105346,0.676019,-0.584657
0.202274,-0.030069,0.046656,3.675380,-1.532661,-0.604680
0.187152,-0.046573,0.048790,3.399310,-0.903001,-0.831880
0.188268,-0.051674,0.032591,3.350871,-0.499231,-0.487687
0.181539,-0.072882,0.056638,3.678898,-0.681902,-1.123787
0.194344,-0.086649,0.014154,3.162735,1.345400,-0.175940
0.172696,-0.095613,0.017393,2.969212,-0.266920,-0.750761
0.155752,-0.139036,0.025531,3.370284,0.007265,-0.809125
0.152877,-0.147118,0.027346,3.439349,-0.134746,-0.535035
0.129913,-0.180090,0.042301,3.285666,-0.436888,-0.992587
0.130067,-0.194821,0.024808,3.103930,-0.084190,-0.896727
0.114909,-0.231972,0.034321,3.116676,-0.609239,-0.842425
0.121868,-0.256242,0.015286,3.151883,1.204741,-0.762392
0.091505,-0.293153,0.019258,3.081068,-0.277476,-0.754035
0.089572,-0.320542,0.001917,2.995879,-0.604945,0.215132
0.070005,-0.346257,-0.004215,2.556430,-0.298077,0.205757
0.044773,-0.408328,0.000771,2.523139,-0.525901,-0.185946
0.040299,-0.437312,-0.021349,2.592842,-0.350786,0.012980
0.009661,-0.477193,-0.014666,1.946809,-0.245902,-0.375421
0.005883,-0.516517,-0.012959,1.864827,-0.553953,0.121134
-0.020607,-0.546308,-0.022908,1.880087,-0.703034,0.583196
-0.024152,-0.595420,-0.034367,1.671875,-0.287681,0.941928
-0.042412,-0.631606,-0.044231,1.592404,-0.171178,0.778446
-0.062641,-0.680770,-0.032789,1.417703,-3.144499,1.142000
-0.060094,-0.711454,-0.048091,1.426677,-0.250915,1.260454
-0.079277,-0.754445,-0.059833,1.572900,-0.060346,1.201347
-0.082707,-0.779240,-0.068945,1.014413,-0.358641,1.721640
-0.114474,-0.822703,-0.053346,0.618630,-1.687543,2.065752
-0.109597,-0.837247,-0.081451,0.473329,-1.581152,2.146086
-0.134934,-0.884603,-0.060702,0.289956,-1.257799,2.448668
-0.128907,-0.896942,-0.101145,0.417991,-0.449118,2.414446
-0.155886,-0.911276,-0.070297,-0.211995,-0.947507,2.842643
-0.147945,-0.931368,-0.087060,-0.279088,-0.267707,2.770830
-0.158991,-0.943346,-0.097055,0.074785,0.428783,2.655206
-0.162966,-0.963671,-0.101208,-0.006534,0.058357,2.979232
-0.176214,-0.957697,-0.097003,-0.357610,-0.593952,2.905939
-0.188477,-0.974732,-0.100433,-0.155652,-0.119010,2.822427
-0.194920,-0.963572,-0.100810,-0.671661,-2.647124,2.996094
-0.198948,-0.963119,-0.092893,-0.355119,-0.578374,2.956521
-0.193969,-0.950091,-0.117213,-0.038403,-0.717982,2.697444
-0.211914,-0.947990,-0.084109,-0.794335,-1.588843,3.010553
-0.196919,-0.907482,-0.107198,-0.698711,-0.183634,3.130443
-0.200826,-0.893348,-0.093277,-0.659933,-0.159889,2.710973
-0.186032,-0.868992,-0.102327,-0.628845,0.111421,2.515304
-0.175528,-0.825608,-0.108278,-0.526787,0.509118,2.481439
-0.168434,-0.807026,-0.122153,0.020477,1.165759,2.508653
-0.164722,-0.756798,-0.100341,-0.060257,0.884602,2.609512
-0.168471,-0.724210,-0.092572,0.181399,1.316177,2.156213
-0.144574,-0.674694,-0.108590,0.237729,0.941986,1.822126
-0.148428,-0.636871,-0.068679,-0.023327,0.590808,1.501776
-0.126170,-0.581312,-0.064625,0.359688,1.059504,1.604920
-0.121765,-0.520357,-0.057456,0.473155,0.501847,1.168082
-0.106436,-0.473602,-0.062856,0.762528,1.059592,1.123952
-0.093877,-0.414197,-0.054430,0.508930,0.095254,0.821977
-0.080679,-0.368469,-0.062783,0.452131,0.345977,0.585467
-0.052167,-0.294722,-0.040847,1.078791,0.495059,0.291800
-0.057495,-0.253062,-0.012181,1.391922,0.388626,0.066732
-0.028219,-0.180599,-0.025744,1.526469,0.245741,0.183935
-0.014925,-0.119762,-0.004891,1.467248,0.188761,-0.157824
0.020860,-0.061459,0.000988,1.639687,0.956838,-0.687249
0.030964,-0.025277,0.032709,2.301942,-0.015288,-1.230171
0.054771,0.032619,0.036756,2.602183,0.804372,-1.438525
0.065193,0.093170,0.055834,2.934343,0.472587,-1.262852
0.086650,0.133482,0.051481,3.231637,0.752057,-1.727111
0.105045,0.181153,0.069965,3.326082,0.369485,-2.292948
0.137689,0.215795,0.062373,3.572784,0.977065,-2.681241
0.162662,0.260259,0.082461,3.701547,1.338061,-3.253443
0.175286,0.288305,0.083666,4.089003,0.771197,-2.843538
0.176392,0.332670,0.105189,4.166370,0.457507,-3.233178
0.180541,0.345895,0.107483,3.788023,-0.224623,-3.613245
0.214206,0.381125,0.102543,4.072009,-0.288808,-3.094206
0.221122,0.378943,0.132696,4.244482,-0.259331,-4.072051
0.254498,0.409459,0.116996,4.615184,0.122846,-4.016069
0.238315,0.415420,0.141804,4.116801,-0.416133,-3.788875
0.259152,0.434547,0.119950,4.818590,-0.043209,-3.429153
0.250998,0.425852,0.146971,4.366083,0.429803,-3.756484
0.278256,0.419664,0.135797,4.607933,-0.152747,-4.055451
0.272380,0.402133,0.155010,4.275842,-0.948929,-4.265258
0.292728,0.400009,0.149370,4.146675,-0.136394,-4.556876
0.274721,0.381230,0.153024,3.893093,-1.248954,-4.209262
0.275896,0.367477,0.141013,3.925537,-1.061018,-3.862108
0.270598,0.338670,0.128537,4.119726,-0.404822,-3.999783
0.267565,0.291810,0.124686,3.884733,-0.490008,-4.023344
0.274074,0.272447,0.107785,3.014375,-0.378346,-4.170403
0.255151,0.225186,0.097308,3.127327,-0.477817,-4.125525
0.247532,0.193796,0.071465,3.731089,-0.295983,-4.202780
0.213060,0.147097,0.096405,2.591614,-0.645648,-3.813693
0.222333,0.106973,0.072118,2.479814,0.039728,-4.108288
0.212929,0.056610,0.077639,2.381951,0.337094,-3.643261
0.189423,-0.000078,0.066735,2.140640,0.233340,-3.939366
0.166906,-0.052258,0.059835,2.190917,0.116902,-4.028658
0.155247,-0.121154,0.032827,2.285238,1.009292,-3.695758
0.135381,-0.166176,0.014265,1.502311,1.428249,-3.892711
0.095798,-0.224426,0.012269,1.145999,0.653298,-3.390846
0.082866,-0.285331,-0.007773,1.234664,0.235034,-3.129454
0.047208,-0.342840,0.005652,0.578318,-0.059174,-3.203096
0.042058,-0.396833,-0.007307,-0.278576,0.187534,-2.610779
0.027488,-0.451682,-0.051659,-0.204957,0.979172,-3.068278
0.011755,-0.517498,-0.041878,0.377160,1.011764,-2.277988
-0.008731,-0.566092,-0.057249,0.113932,1.369671,-1.925273
-0.055506,-0.629489,-0.055257,-0.115488,-0.219134,-2.009507
-0.048875,-0.668405,-0.092647,-0.520951,0.737641,-1.441483
-0.080734,-0.723888,-0.075129,-0.644689,0.501499,-0.933483
-0.086823,-0.775176,-0.069499,-1.190279,-0.257647,-0.862263
-0.094967,-0.818396,-0.095217,-1.566519,1.558943,-0.624985
-0.110654,-0.873013,-0.099626,-1.360224,0.574825,-0.207304
-0.125398,-0.893771,-0.107513,-1.348444,0.022181,0.345190
-0.149606,-0.932123,-0.082678,-1.906878,-0.057559,0.465376
-0.154153,-0.952123,-0.100492,-2.339408,-0.631569,0.749422
-0.162575,-0.979384,-0.113642,-2.028177,0.389128,0.845516
-0.163452,-1.001960,-0.105603,-2.355551,-1.057295,1.264746
-0.163727,-1.008607,-0.129000,-2.390683,0.082181,1.540868
-0.172537,-1.029142,-0.136527,-2.211630,0.119761,1.778369
-0.169294,-1.023966,-0.151606,-2.134827,0.075924,2.229872
-0.185720,-1.024747,-0.143410,-2.689953,0.940597,2.397217
-0.175945,-1.021208,-0.133701,-2.409341,-0.295119,3.102722
-0.180337,-1.011778,-0.143266,-2.366285,-0.437629,2.778672
-0.153673,-1.002141,-0.142793,-2.267572,0.375490,3.199068
-0.146166,-0.971752,-0.133152,-2.510279,0.200811,3.413299
-0.156880,-0.947111,-0.134518,-1.958488,-0.413809,3.922540
-0.147643,-0.896630,-0.128150,-1.739507,-0.190281,3.972354
-0.160576,-0.875383,-0.093048,-1.664578,-2.024403,4.401033
-0.124581,-0.837546,-0.116727,-1.194323,-0.135698,4.385524
-0.124033,-0.788034,-0.098831,-1.701276,-0.419412,4.188189
-0.102851,-0.743649,-0.079796,-1.425873,-0.857089,4.472366
-0.105559,-0.687365,-0.088137,-1.007389,-0.730571,4.716290
-0.096959,-0.636336,-0.087970,-0.634540,-0.500971,5.104845
-0.093372,-0.560633,-0.078496,-0.440420,-0.329486,5.146981
-0.091468,-0.526394,-0.062695,-0.233728,-0.324080,4.532576
-0.065143,-0.464864,-0.078280,0.492643,0.185948,4.375921
-0.060262,-0.411430,-0.032559,0.463659,-0.423151,4.015762
-0.045231,-0.345272,-0.022918,0.678130,-0.068152,3.942520
-0.037731,-0.277890,0.001247,1.083373,-0.867255,4.302511
-0.024342,-0.212376,0.003824,1.681125,0.133426,4.746673
-0.021992,-0.150893,0.030500,1.756874,-0.249021,3.903423
-0.004746,-0.110926,0.038421,2.266909,-0.944491,3.806860
0.010314,-0.050092,0.055296,2.689437,0.146690,3.571371
0.009693,-0.003997,0.065530,2.685242,-0.286792,3.919378
0.012789,0.059351,0.070907,3.270402,-0.635055,3.275333
0.000329,0.104389,0.106124,3.196688,-0.517587,3.712720
0.018251,0.149100,0.120423,3.301431,0.112536,3.560946
0.017909,0.188184,0.124470,3.564627,-0.228020,3.280353
0.041051,0.220900,0.120777,3.811036,0.573578,2.899235
0.046650,0.255329,0.145231,4.086370,0.133074,2.997281
0.046089,0.276740,0.162254,4.271293,-0.292307,2.645407
0.038297,0.304464,0.173536,4.382259,-2.264356,2.942145
0.037407,0.325380,0.198206,4.406992,-0.442961,3.128413
0.040453,0.346443,0.181112,4.392142,-0.375618,2.844436
0.039619,0.352470,0.192278,4.329165,-0.608192,2.973180
0.047809,0.336097,0.184154,4.681437,-0.657448,2.643886
0.043506,0.361211,0.174228,4.689295,-0.190830,2.648553
0.029116,0.343581,0.169354,4.648425,-0.138281,2.598545
0.036422,0.344723,0.152101,4.676559,-0.126596,3.199153
0.021300,0.324851,0.168710,4.360706,0.101156,3.081316
0.033406,0.303771,0.155843,4.180084,-0.115665,2.885293
0.041192,0.275129,0.136168,4.185027,1.153095,3.063891
0.035497,0.243841,0.145294,3.859117,-0.105864,2.885734
0.020634,0.228134,0.108379,3.744599,-0.632682,3.380102
-0.008002,0.182449,0.108747,3.337613,-0.699319,3.449044
0.006047,0.163818,0.065199,3.435995,0.174328,3.469185
-0.013674,0.110285,0.081197,2.697627,-0.572610,3.421361
0.001363,0.070662,0.055342,2.482909,0.233314,3.063687
-0.011573,0.023330,0.041552,2.381052,0.036958,2.811695
-0.018631,-0.012357,0.013559,2.375938,0.604285,3.082408
-0.037800,-0.044095,0.004733,1.772652,-0.234536,3.699375
-0.049745,-0.099325,-0.023063,1.800983,0.220860,3.519777
-0.063026,-0.136407,-0.013793,0.948783,-2.728020,2.729462
-0.057386,-0.190787,-0.046335,0.836580,0.363525,2.634541
-0.058470,-0.234847,-0.069135,0.646047,-1.230834,2.411526
-0.089049,-0.267350,-0.068416,0.122994,-1.077397,2.022935
-0.082106,-0.293816,-0.098034,0.183260,0.270471,2.692861
-0.097494,-0.336748,-0.108711,0.240958,0.003277,1.974280
-0.086232,-0.387271,-0.127927,-0.001085,0.050387,1.881322
-0.093707,-0.417420,-0.143787,-0.241773,0.608293,1.167474
-0.115722,-0.455388,-0.142547,-0.295461,0.001977,0.505061
-0.122471,-0.468249,-0.139015,-0.597274,-0.771496,0.114149
-0.125001,-0.493510,-0.145077,-0.421234,-0.778491,0.752069
-0.125031,-0.524831,-0.155919,-0.883227,-1.341685,0.655881
-0.113368,-0.540541,-0.173316,-0.859259,0.920571,-0.004520
-0.122300,-0.568570,-0.174235,-0.957266,0.420226,-0.507248
-0.113805,-0.568846,-0.184795,-1.070142,0.094930,-1.174738
-0.138597,-0.577590,-0.161480,-1.233559,-0.341185,-1.406508
-0.117156,-0.581128,-0.172292,-1.046204,0.799607,-1.204704
-0.113001,-0.591156,-0.163791,-0.917814,0.580937,-1.978112
-0.093910,-0.604956,-0.158253,-0.993747,0.725870,-1.979057
-0.083679,-0.585044,-0.161424,-1.125904,0.988360,-2.762943
-0.076234,-0.598470,-0.153904,-0.680100,0.921493,-2.708785
-0.069065,-0.572778,-0.136875,-0.989581,-0.063350,-2.909763
-0.063012,-0.556871,-0.117827,-1.225001,-0.545179,-3.033484
-0.037807,-0.540745,-0.118995,-1.107303,-0.585517,-3.145478
-0.016989,-0.518417,-0.119120,-0.912336,-0.106133,-3.288773
0.005134,-0.504162,-0.112118,-0.804534,0.160089,-3.849790
0.029736,-0.476117,-0.109538,-0.821524,0.019663,-3.787952
0.030928,-0.461017,-0.093629,-0.612196,-0.206119,-3.760600
0.065984,-0.427573,-0.094935,-0.414439,-0.214700,-3.289741
0.073576,-0.406509,-0.068695,-0.302006,-0.046399,-3.873782
0.106414,-0.391922,-0.060443,-0.175648,-0.034592,-3.899788
0.125048,-0.347100,-0.041858,0.117358,-1.160951,-4.280056
0.161395,-0.320253,-0.049270,0.541029,0.228702,-4.261365
0.174669,-0.288348,-0.029841,0.436050,-0.575981,-4.701127
0.182625,-0.256669,-0.015113,0.550374,-1.307249,-4.341799
0.212049,-0.206415,-0.017443,0.869811,-0.672537,-4.337814
0.226423,-0.194020,0.012325,1.003308,-0.717786,-4.184271
0.250027,-0.145444,0.005357,0.959011,-0.746606,-4.466089
0.261942,-0.123333,0.035017,1.127325,-1.104355,-4.515670
0.291077,-0.093936,0.037400,1.262007,-0.157461,-4.203205
0.296598,-0.054448,0.060433,1.485232,-0.765224,-5.127980
0.309662,-0.036030,0.058686,2.174491,-0.032216,-4.762559
0.322224,-0.002726,0.071311,2.153884,-0.525412,-5.215080
0.322086,-0.000665,0.081201,2.428766,-0.485550,-5.048430
0.333847,0.030157,0.089275,2.502144,-1.243656,-4.843364
0.320619,0.047741,0.135558,2.285553,-2.561646,-5.240428
0.351976,0.078406,0.117974,2.592326,-0.564322,-4.690901
0.340816,0.082522,0.141913,2.537033,-1.128639,-4.775044
0.346416,0.101701,0.143419,2.362004,-2.245774,-4.532094
0.341883,0.117421,0.148629,2.564264,-2.208476,-4.423029
0.337497,0.113623,0.136182,2.948093,-0.929093,-4.105249
0.336247,0.126040,0.140682,3.089034,-0.723117,-4.253842
0.316283,0.117158,0.159848,2.909009,-0.906920,-3.708439
0.318896,0.115290,0.138446,3.249477,-0.525031,-4.178665
0.301279,0.100985,0.178262,3.163575,-0.519061,-3.978269
0.290723,0.096679,0.169981,3.237899,-0.901527,-3.734479
0.271770,0.090308,0.176815,3.557638,-1.815400,-3.436378
0.261525,0.069710,0.169807,3.810967,-0.085785,-2.936915
0.239087,0.059981,0.173779,3.198359,-0.594350,-3.225242
0.213096,0.021721,0.175236,3.036607,-1.477139,-3.148679
0.197728,0.010354,0.160314,3.185751,-0.645858,-2.737150
0.172282,-0.019858,0.174428,3.423692,-0.180218,-2.400995
0.155854,-0.032607,0.149636,3.350247,-0.337975,-1.950825
0.111121,-0.068638,0.177836,2.901876,-0.868378,-1.598108
0.105150,-0.103616,0.148957,2.954658,0.516168,-1.370582
0.079429,-0.133230,0.143229,2.849505,0.559700,-1.170012
0.059741,-0.175783,0.139717,3.036000,0.251475,-0.551931
0.040923,-0.204757,0.126072,2.490131,0.050410,-0.475985
0.021126,-0.251503,0.121762,2.368149,0.458545,-0.156252
-0.002022,-0.284137,0.083351,2.713169,0.498056,0.077933
-0.047756,-0.329365,0.113894,1.992090,-0.225715,0.531455
-0.060213,-0.354607,0.110050,1.680688,-2.336281,1.334533
-0.090765,-0.392447,0.095200,1.590520,-0.195596,1.557289
-0.095325,-0.430517,0.077557,1.413501,-0.859551,1.867687
-0.098125,-0.463637,0.060022,1.284643,0.787268,2.293820
-0.112682,-0.515696,0.035847,1.613195,0.157736,2.640965
-0.145891,-0.528081,0.040515,0.977807,-1.674380,3.300384
-0.177386,-0.569108,0.031294,0.940318,-0.997873,4.150283
-0.184459,-0.590424,-0.005203,1.037633,0.024840,4.546726
-0.186294,-0.624358,-0.000079,0.857322,0.269795,4.507666
-0.185717,-0.661863,-0.011745,0.668319,0.163395,4.509731
-0.198892,-0.684735,-0.028393,0.660481,0.732665,4.712116
-0.206944,-0.702214,-0.049073,1.211894,0.957856,5.534049
-0.233568,-0.694149,-0.044060,0.702177,0.107501,6.441229
-0.261311,-0.728723,-0.031564,0.691047,-0.345718,5.879072
-0.254690,-0.740146,-0.034397,0.414764,-2.086641,6.501958
-0.238130,-0.758157,-0.047553,0.282288,-0.606153,6.173725
-0.234385,-0.769403,-0.060450,0.339209,0.111010,6.672468
-0.250226,-0.762365,-0.061815,0.384464,-1.328470,7.296880
-0.265404,-0.750762,-0.074968,0.465865,-0.733147,8.114095
-0.258094,-0.734960,-0.082691,0.659026,-0.028030,8.253274
-0.270430,-0.759736,-0.077400,0.547778,-0.314082,7.309816
-0.244574,-0.752554,-0.091324,0.367461,0.163129,7.022757
-0.255816,-0.737205,-0.071912,0.532577,-0.302560,6.663930
-0.250528,-0.714691,-0.083059,0.717789,-0.021728,7.106580
-0.261452,-0.700583,-0.068311,0.780601,-0.006636,7.442504
-0.269212,-0.684716,-0.060505,0.815402,-2.873126,7.570976
-0.238859,-0.663442,-0.072115,0.918769,-0.572866,7.313022
-0.238922,-0.658670,-0.068964,0.704061,-1.577203,6.917078
-0.225020,-0.629942,-0.060049,1.042080,-1.430662,6.187037
-0.235331,-0.595693,-0.055037,1.052042,-0.567050,6.636018
-0.227768,-0.559727,-0.066775,1.510172,-0.122240,6.827088
-0.233263,-0.527159,-0.050638,1.365610,-0.344832,6.620409
-0.205723,-0.505488,-0.044658,0.974849,-0.519970,6.135068
-0.188142,-0.484116,-0.057298,1.360286,0.367854,5.333158
-0.163396,-0.465061,-0.053987,1.962305,0.495673,5.272275
-0.174468,-0.419442,-0.042488,1.938754,-0.308564,4.726845
-0.192101,-0.390944,-0.020778,1.965745,-3.494292,4.926951
-0.163252,-0.332818,-0.049476,2.197653,0.609652,4.857268
-0.154940,-0.324491,-0.027481,1.868339,-0.595807,4.103183
-0.128458,-0.300303,-0.043548,1.830935,-1.724657,3.545438
-0.123810,-0.268959,-0.028518,2.044924,0.024140,3.099203
-0.110211,-0.222085,-0.035831,2.194534,-0.043924,2.742060
-0.115351,-0.185214,-0.012080,2.182993,-0.328029,3.019245
-0.093027,-0.145788,-0.015172,1.978441,-0.141160,2.820618
-0.078263,-0.134116,-0.039022,2.556649,0.155080,2.195399
-0.052624,-0.128336,-0.023663,2.568266,0.515147,1.343668
-0.035663,-0.103225,-0.038349,2.358653,0.380876,0.860316
-0.041444,-0.082165,-0.023503,2.650123,-1.676458,0.949939
-0.022100,-0.039595,-0.030563,2.762593,0.518672,1.004736
-0.034134,-0.040258,-0.013127,2.481994,-0.138009,0.317147
0.000388,-0.011363,-0.028042,2.035966,-0.490205,-0.033874
0.021238,0.000779,-0.023683,2.318269,0.249542,-0.196397
0.051344,0.002434,-0.030635,2.479876,0.361174,-0.756377
0.055500,0.034405,-0.036219,2.320255,0.021002,-0.781574
0.055336,0.042089,-0.037499,2.468253,-0.061623,-0.760665
0.073911,0.071837,-0.057092,2.598710,0.368635,-0.405023
0.070822,0.069694,-0.033530,2.382778,0.042305,-1.433552
0.108915,0.070259,-0.037775,2.490272,0.434786,-1.759287
0.127687,0.071558,-0.034738,2.287637,0.117919,-2.078393
0.134426,0.073232,-0.053097,2.406816,0.282951,-1.751045
0.138851,0.096840,-0.036481,2.472744,-1.527669,-1.825477
0.140095,0.095635,-0.031430,2.044346,-0.315911,-1.806649
0.183131,0.100703,-0.050783,2.320120,3.492640,-1.921452
0.178148,0.090344,-0.021828,1.875222,-0.982955,-2.964043
0.194439,0.076062,-0.026716,1.569755,-1.947023,-2.951573
0.204184,0.087715,-0.040443,1.844337,-0.237516,-2.812712
0.187385,0.074565,-0.031554,2.028223,-0.615266,-3.222984
0.205816,0.085814,-0.049027,2.026234,-0.336327,-3.220742
0.198391,0.065653,-0.028807,1.488784,-0.891450,-3.371075
0.229131,0.057283,-0.036619,1.567930,0.125246,-4.041158
0.231228,0.055077,-0.045629,1.662930,0.234646,-4.166524
0.233421,0.035947,-0.036787,1.780231,-0.104860,-3.726700
0.208225,0.023628,-0.017167,1.575788,-2.720044,-4.516743
0.199822,0.001501,-0.001871,1.611540,-1.999306,-4.606511
0.229262,-0.003199,-0.029867,1.371505,-0.286933,-4.818730
0.219294,-0.031133,-0.001097,0.984476,-1.305923,-4.953385
0.224224,-0.041873,0.000190,0.417297,-1.513613,-5.245933
0.218506,-0.047135,-0.002705,1.002461,-0.770036,-4.800407
0.212318,-0.068726,-0.013383,0.993300,-0.260050,-4.520907
0.201115,-0.076512,-0.015323,1.034813,-0.209724,-5.092360
0.198020,-0.107912,-0.012999,0.899392,-0.763921,-5.162607
0.200951,-0.125440,-0.020387,0.648532,-0.894585,-5.358782
0.191422,-0.156135,-0.000834,0.802623,-0.577465,-5.913228
0.188104,-0.157096,-0.008131,0.698586,-0.283890,-4.729049
0.155358,-0.182269,0.021155,0.469800,-1.552073,-5.229083
0.174075,-0.197050,0.004733,0.662998,-0.416156,-4.655302
0.153313,-0.228818,0.016547,0.414823,-1.524763,-4.770033
0.158053,-0.250318,0.012151,-0.134044,-1.352806,-4.876656
0.161634,-0.267015,0.003732,0.046599,-0.706461,-5.062698
0.149506,-0.299239,0.006003,0.397925,-0.230170,-4.450782
0.138828,-0.292651,0.002744,0.225003,-0.962229,-4.429785
0.119652,-0.319354,0.014548,0.038816,-0.354735,-3.755611
0.115710,-0.330645,0.000203,0.116830,-0.517839,-4.106734
0.116051,-0.356081,0.013688,0.018931,-0.602595,-3.700719
0.107257,-0.382160,-0.003552,-0.014563,0.091283,-3.662416
0.111449,-0.377312,-0.012782,0.568001,1.930127,-3.709890
0.067346,-0.399797,0.015155,-0.540912,-0.539763,-3.422788
0.074968,-0.409398,0.014492,-0.493040,-0.974732,-2.993891
0.052625,-0.417420,0.014206,-0.592081,-0.834503,-2.701587
0.058093,-0.420794,0.010504,-0.419484,-0.089235,-2.214489
0.050809,-0.425869,0.013563,-0.520065,-0.516372,-2.049317
0.050333,-0.435953,0.011715,-0.479320,-0.336678,-2.139709
0.035953,-0.432116,-0.009073,-0.145762,-0.358740,-1.696137
0.015336,-0.450382,0.019898,-0.383187,0.023166,-1.886643
0.027015,-0.421887,-0.002715,0.077267,0.910986,-0.899089
0.004455,-0.424202,0.016776,-0.349306,0.272647,-0.846560
0.011522,-0.422422,0.022104,-0.484349,0.108145,-0.419626
0.007855,-0.413632,0.016569,-0.347651,0.985219,-0.563483
0.002948,-0.407100,0.017055,-0.270304,1.076877,-0.123176
-0.005954,-0.395510,0.007083,0.084111,0.526373,0.494112
-0.035955,-0.391367,0.052936,-0.481559,-0.782604,0.193519
-0.031501,-0.379078,0.055722,-0.115849,0.142357,0.369225
-0.038443,-0.367123,0.050136,0.224451,-0.158127,0.544247
-0.037682,-0.350471,0.059665,0.179774,-0.103297,1.397970
-0.038601,-0.329707,0.034324,0.336527,0.117926,1.232298
-0.071498,-0.320188,0.076438,0.359051,-0.303621,1.163705
-0.058637,-0.288138,0.083305,0.418847,0.011201,1.750483
-0.070588,-0.279853,0.084089,0.548024,-0.209536,1.528465
-0.061814,-0.252382,0.085488,0.936967,0.029005,1.666071
-0.070730,-0.230872,0.089705,0.803815,-0.084922,1.877486
-0.087595,-0.227442,0.110519,1.442140,0.221402,2.016733
-0.089036,-0.192918,0.112610,1.663918,0.430926,1.991057
-0.096152,-0.173321,0.110684,1.735331,0.663947,2.424142
-0.087073,-0.156190,0.098388,1.815127,0.993976,2.366141
-0.096159,-0.128116,0.107329,1.934828,0.980725,1.721394
-0.132935,-0.126330,0.118404,2.176687,0.621744,1.758498
-0.107532,-0.080386,0.106334,1.866067,0.491090,2.892463
-0.121890,-0.069097,0.103892,2.062216,0.758546,2.164269
-0.124736,-0.059529,0.111366,2.082902,0.635081,2.561412
-0.124621,-0.043780,0.104066,2.111505,0.676505,2.254424
-0.115295,-0.029393,0.104302,2.205799,0.709110,2.861108
-0.119418,-0.003048,0.107332,2.394221,1.152600,2.503164
-0.130907,-0.012498,0.122704,2.484839,1.131399,2.423627
-0.122848,0.010886,0.075410,2.769092,1.650099,2.394869
-0.143308,-0.003268,0.120820,2.402939,0.924444,1.847411
-0.123449,0.004715,0.091521,2.826049,1.419810,1.842231
-0.125047,0.003612,0.101864,2.824729,1.007211,1.844631
-0.114337,0.011020,0.089121,2.578428,0.935512,2.393255
-0.123876,0.019680,0.087395,2.314497,0.500652,2.465714
-0.103915,0.027810,0.079914,2.243757,0.626507,3.369586
-0.100258,0.030764,0.076523,2.216871,0.280282,3.049746
-0.096674,-0.001906,0.052322,2.657844,0.622063,2.781321
-0.069216,0.020359,0.039914,2.766144,2.539331,3.565644
-0.076526,-0.001889,0.046978,2.664996,0.610860,2.731012
-0.067037,-0.002510,0.033044,2.169194,0.690239,3.577734
-0.065366,-0.021939,0.013382,2.421977,2.112480,3.655757
-0.055463,-0.024397,0.007067,2.340645,0.897994,3.735859
-0.056927,-0.070460,0.019274,1.757297,0.213826,3.609890
-0.031462,-0.078341,-0.009063,1.809941,0.450552,3.316909
-0.047575,-0.087863,0.025380,1.500988,-0.238159,4.278818
-0.039205,-0.104620,0.002793,1.486988,0.201625,3.626155
-0.034820,-0.118984,0.004434,1.304462,-0.903496,4.394873
-0.011695,-0.150266,-0.027130,1.614934,1.108628,4.586886
-0.007559,-0.170499,-0.028282,1.199506,0.591595,4.145133
-0.015076,-0.212172,-0.031666,1.257661,-0.213761,3.586820
0.001615,-0.212031,-0.061825,1.494735,-0.350934,4.357944
-0.012545,-0.238130,-0.047563,0.884480,-0.494846,4.729874
-0.007293,-0.268227,-0.064178,0.573965,-0.451803,4.208515
-0.000213,-0.290856,-0.070779,0.528077,-0.086228,4.477134
0.017013,-0.319154,-0.093674,0.575206,-0.079089,4.152183
0.023595,-0.325801,-0.094626,0.266112,-0.022096,4.599741
0.014256,-0.361422,-0.094492,0.298198,-0.178875,4.277061
0.030009,-0.361090,-0.129630,0.446094,0.594947,4.703772
0.005975,-0.386079,-0.091856,-0.106284,-1.930893,4.446209
0.020591,-0.392382,-0.116057,-0.477492,-0.991817,4.024301
0.017942,-0.414413,-0.140347,-0.355756,-0.830396,3.860996
0.014666,-0.442770,-0.149440,-0.427185,-1.418123,3.736638
0.016833,-0.437840,-0.162789,-0.503252,-0.933124,3.880678
0.004268,-0.448360,-0.167871,-0.459819,-0.517705,3.982027
0.006684,-0.443749,-0.189620,-0.630086,-0.537751,3.610189
-0.003183,-0.464087,-0.165307,-1.047454,-0.786881,2.812464
0.012960,-0.457801,-0.165028,-1.206318,-0.764895,3.212246
0.006451,-0.469105,-0.174619,-0.741528,-0.673650,2.478522
0.012556,-0.458821,-0.163131,-0.861202,-1.477775,2.463869
0.001826,-0.433668,-0.177945,-0.753729,-0.375782,2.320846
-0.012670,-0.444579,-0.177081,-1.024073,-1.195141,2.144326
-0.009683,-0.425485,-0.190487,-0.890403,-0.839170,1.390432
-0.016264,-0.421789,-0.161365,-1.017984,-0.658994,1.339879
-0.015644,-0.410176,-0.173333,-0.870954,-0.114500,0.417228
-0.023774,-0.374381,-0.165412,-0.695052,-0.433123,0.506060
-0.017213,-0.355201,-0.181821,-0.369769,0.830189,0.557850
-0.036599,-0.349040,-0.158798,-0.309858,0.676584,-1.184436
-0.042235,-0.346244,-0.147753,-0.214454,0.074450,-1.474785
-0.006880,-0.296436,-0.134426,-0.205594,0.618619,-1.350400
-0.028051,-0.306762,-0.126738,0.033686,0.126792,-3.044572
-0.020525,-0.274214,-0.135726,-0.288279,-0.093896,-3.619725
-0.011869,-0.229727,-0.098381,-0.092396,0.440288,-2.474902
0.011597,-0.181075,-0.106545,-0.054008,0.206792,-2.260523
-0.034084,-0.183376,-0.035487,-0.583790,-8.203354,-3.555912
0.030038,-0.143500,-0.073274,0.151578,0.271032,-3.412486
0.028443,-0.117927,-0.079960,0.688594,0.728414,-4.079891
0.030005,-0.104456,-0.063867,1.099720,0.425605,-4.438442
0.037765,-0.066245,-0.062734,1.519409,0.686136,-4.690498
0.042869,-0.017458,-0.018228,1.192084,-0.276308,-4.368406
0.056091,-0.001978,-0.006660,1.069810,-0.266582,-4.809359
0.091511,0.054506,-0.011400,1.489200,0.218598,-3.880209
0.101838,0.059374,0.007992,1.295343,-0.346555,-4.114119
0.119104,0.099545,0.003433,1.352917,0.194236,-4.211125
0.111016,0.097358,0.014485,1.649718,0.013124,-4.426026
0.119566,0.120539,0.018805,1.860333,0.040231,-4.751664
0.125757,0.139725,0.061378,1.807896,-0.237043,-4.185280
0.157180,0.165364,0.056756,1.610559,-0.220418,-4.245968
0.159556,0.181159,0.078250,1.677346,-0.497190,-4.502902
0.170264,0.175257,0.070858,1.954036,0.417773,-4.566525
0.172364,0.215290,0.073349,2.265188,0.110563,-4.237973
0.186837,0.215772,0.079454,2.558438,0.153324,-3.393805
0.175220,0.207415,0.086732,2.689775,-0.053703,-4.299131
0.177147,0.186470,0.101023,2.413975,-0.726202,-4.483761
0.178302,0.187018,0.109679,2.315442,-2.448005,-4.764311
0.179976,0.178208,0.113562,2.507429,-1.224135,-4.956124
0.197423,0.194299,0.097045,2.543555,0.073062,-3.823719
0.185048,0.168367,0.124279,2.561747,-0.362876,-4.297896
0.202464,0.174499,0.118447,1.953550,-0.835737,-3.409944
0.190313,0.151345,0.122490,1.969963,-0.657327,-3.533334
0.203354,0.135527,0.115949,1.860260,-0.199807,-2.988199
0.196763,0.144015,0.108455,1.614248,-0.708740,-2.612810
0.188429,0.099157,0.107933,1.771175,-0.349273,-2.391199
0.178562,0.080293,0.094734,1.959088,-0.246713,-3.062651
0.176596,0.068030,0.103479,1.677392,-0.104331,-1.944596
0.177653,0.059148,0.079497,1.983477,0.258405,-1.389693
0.134646,0.000559,0.101289,1.416399,-0.509975,-2.608042
0.147602,-0.011809,0.093510,1.403119,-0.185155,-2.023870
0.126003,-0.030847,0.114166,1.273810,-0.057149,-1.317532
0.129657,-0.047230,0.089594,0.997836,0.764179,-0.795463
0.113862,-0.078620,0.086909,1.104496,0.256307,-0.778387
0.101329,-0.104377,0.085081,1.011780,0.537780,-0.204633
0.076718,-0.135124,0.082199,0.607623,-0.235182,-0.314023
0.060909,-0.166799,0.074360,0.482920,0.132868,-0.064062
0.040286,-0.192596,0.073674,0.389968,0.283880,0.594743
0.037059,-0.216591,0.070782,0.314781,0.437202,0.244087
0.011039,-0.246937,0.067286,0.245567,0.192634,-0.119253
-0.001473,-0.278376,0.055079,0.559309,0.280213,0.279718
-0.015900,-0.290849,0.049528,0.268055,0.452489,1.193529
-0.040088,-0.331377,0.053763,0.262271,0.481975,0.933314
-0.039261,-0.343083,0.004300,0.132001,1.385633,0.873610
-0.059799,-0.375172,0.028458,0.018547,1.773217,1.570019
-0.073566,-0.384120,0.010812,-0.509466,0.534862,1.519775
-0.103383,-0.418658,0.031465,-0.454721,0.345557,1.415012
-0.090014,-0.424359,0.021690,-0.530907,0.693059,1.520960
-0.125477,-0.448876,0.025478,-0.730735,-0.073463,2.077031
-0.117445,-0.456777,0.009335,-0.656457,0.777201,2.155882
-0.125087,-0.465849,0.021759,-0.698111,-0.218392,2.210033
-0.129026,-0.487851,-0.000279,-0.591507,0.599362,2.380352
-0.126107,-0.490658,-0.010681,-0.486354,0.737102,3.124740
-0.123439,-0.493812,-0.007533,-0.363486,2.287818,3.534927
-0.144187,-0.487996,-0.005646,-0.664545,0.140457,3.443862
-0.148832,-0.516671,-0.007868,-0.046468,0.374708,2.918577
-0.143363,-0.499146,-0.029473,-0.685421,1.048665,3.113803
-0.146485,-0.504057,-0.042042,-0.235658,1.930853,3.645433
-0.153273,-0.493497,-0.037144,-0.294043,0.354406,3.132989
-0.165280,-0.505032,-0.030383,-0.223414,0.285774,3.287746
-0.153792,-0.485892,-0.033790,-0.196341,0.348074,3.477727
-0.156670,-0.480147,-0.036035,-0.178517,0.374757,3.392190
-0.144181,-0.457446,-0.035608,-0.294634,0.103342,3.813960
-0.150660,-0.456077,-0.025465,-0.281970,-0.050512,3.135092
-0.143862,-0.436278,-0.038415,-0.028155,0.529491,3.660233
-0.147414,-0.419120,-0.006024,0.039190,0.118458,3.575441
-0.127375,-0.393557,-0.022199,0.298024,0.291282,3.736763
-0.132341,-0.375073,-0.020184,0.151814,-0.929359,3.501504
-0.118266,-0.358060,-0.012670,0.212858,-0.725989,3.322942
-0.121033,-0.346697,-0.002580,0.617257,-0.349076,3.203497
-0.102182,-0.313639,-0.014207,0.758747,0.176951,3.104476
-0.109400,-0.294375,-0.002790,1.126603,-0.364435,2.568138
-0.095643,-0.276961,-0.010901,1.130988,-0.168522,3.009117
-0.080426,-0.240884,-0.011430,1.322512,0.228672,2.870053
-0.072125,-0.239916,-0.015126,1.650473,0.109182,2.383645
-0.077941,-0.213196,0.012148,1.310495,-3.991014,2.190437
-0.053296,-0.191772,-0.000736,1.693838,-0.313721,2.303973
-0.037597,-0.157802,-0.009871,2.011676,-1.044507,2.050099
-0.040728,-0.148372,0.007260,1.508022,-1.834156,1.602558
-0.016934,-0.115646,-0.006243,1.773243,-0.955077,2.071097
-0.017813,-0.094231,0.004500,1.936334,-0.721951,1.939878
0.007061,-0.085339,-0.004592,2.026112,0.213974,1.571394
0.005876,-0.065411,-0.008886,2.243137,-0.193364,1.500579
0.016541,-0.054192,-0.004271,2.198194,-0.062086,1.158647
0.031036,-0.031852,-0.006194,2.244782,0.237600,0.926894
0.017516,-0.032561,0.005987,2.464971,-0.030581,0.659401
0.037597,-0.013959,-0.010616,2.821440,-0.439672,0.687275
0.021228,-0.009291,0.020945,2.456367,-1.104720,0.119013
0.048078,0.008624,0.001523,2.250529,-0.047217,0.426052
0.039679,0.008907,0.015988,2.162245,-2.246670,0.101823
0.045715,0.008562,0.012312,1.985203,-2.982511,0.382534
0.058566,0.024255,-0.010547,2.351635,-0.000166,0.744672
0.053481,0.007127,-0.016787,2.484675,-0.109350,0.098908
0.066982,0.013138,-0.036028,2.536836,0.249050,-0.340607
0.054023,-0.005428,-0.007527,2.707874,-0.062989,-0.700458
0.067435,0.005023,-0.047868,3.036358,0.734627,-0.311623
0.047215,-0.003038,-0.018267,2.204926,-0.034064,-0.322413
0.063611,-0.007026,-0.045163,1.707716,0.260781,-0.734086
0.050284,-0.017442,-0.051597,1.577298,-0.644387,-0.224359
0.066601,-0.032836,-0.058017,1.308821,0.184267,-0.315666
0.069897,-0.041952,-0.073419,1.217546,0.158717,-0.504426
0.060552,-0.060570,-0.067579,1.024079,-0.493687,-0.805971
0.067842,-0.055131,-0.095385,0.994051,0.232529,-0.227844
0.056974,-0.087200,-0.086345,0.913592,-0.082099,-0.621028
0.063890,-0.096401,-0.103243,1.125910,0.068105,-0.530806
0.054811,-0.109622,-0.102780,0.466675,1.078220,-0.005317
0.050320,-0.123514,-0.104516,0.390040,0.626786,-0.007799
0.032099,-0.149862,-0.096228,0.438794,-0.231831,-0.381232
0.046270,-0.153781,-0.103118,-0.101636,0.304897,0.403590
0.033127,-0.165082,-0.108150,-0.357847,-0.256262,0.187507
0.033708,-0.202890,-0.109893,0.003349,-0.108089,0.243896
0.030320,-0.197900,-0.107379,0.171210,0.082893,0.448875
0.027629,-0.221918,-0.117026,-0.070519,0.076292,0.123786
0.017867,-0.237457,-0.117863,0.268130,0.437869,0.005450
0.008948,-0.244327,-0.116760,-0.060563,1.661260,0.613325
0.001888,-0.259699,-0.134160,-0.344835,0.309207,0.644335
-0.008967,-0.276482,-0.109358,-0.863152,-0.048940,0.625205
0.005174,-0.280644,-0.109302,-0.774021,0.260010,0.418004
-0.012230,-0.286172,-0.094738,-0.786786,-0.537357,0.903959
0.002088,-0.302794,-0.098418,-0.773735,0.376668,0.835780
-0.014908,-0.297709,-0.093651,-0.729202,-0.152301,0.778452
-0.012502,-0.306116,-0.099855,-0.462934,0.251062,1.025918
-0.008432,-0.302613,-0.092532,-0.350002,0.480022,0.492539
-0.021703,-0.311440,-0.069368,-0.774313,-0.775498,0.517104
-0.011308,-0.303398,-0.098270,-0.765854,-0.254118,0.566292
-0.009633,-0.300385,-0.078726,-1.103334,0.087380,0.937568
-0.007244,-0.306490,-0.086483,-0.760737,0.810593,0.838314
-0.016172,-0.291906,-0.072890,-0.563623,-0.489509,0.780523
-0.019980,-0.300444,-0.070143,-0.577074,-0.070502,0.812977
-0.012433,-0.287567,-0.073458,-0.676939,-0.019112,0.401930
-0.015329,-0.279167,-0.054679,-0.998346,-0.155885,0.278287
-0.003515,-0.270807,-0.049532,-0.848916,0.299639,1.182198
-0.007434,-0.244186,-0.034709,-0.611484,-1.119376,0.645135
0.001382,-0.239630,-0.040680,-0.064975,0.354235,0.787396
0.001632,-0.221613,-0.030251,-0.195970,-0.170672,0.331537
-0.009653,-0.215324,-0.013609,-0.490759,-1.590967,0.248718
0.013518,-0.196351,-0.012408,-0.163792,-0.292244,0.403340
0.014650,-0.175846,0.003968,-0.308213,-1.241328,0.325507
0.022068,-0.166116,-0.004015,-0.179187,-0.443417,0.818139
0.012966,-0.133551,0.006880,0.052720,-0.740766,0.261961
0.024999,-0.128109,0.004129,-0.050568,-0.636848,0.343914
0.029224,-0.099535,0.009079,0.117828,-0.169908,0.075844
0.033714,-0.088566,0.013212,0.415453,0.008926,-0.024507
0.040046,-0.067430,-0.001468,0.521475,0.082443,-0.324066
0.027589,-0.054011,0.035526,0.672583,0.752579,-0.691785
0.035516,-0.027863,0.043351,0.537907,-0.285791,-0.369479
0.031833,-0.006252,0.049827,0.784914,-0.368039,-0.978474
0.038037,-0.001459,0.059474,0.951869,-0.379353,-0.655262
0.048853,0.019305,0.069108,1.079109,-0.156991,-1.324955
0.048577,0.026953,0.069272,1.291102,-0.167104,-1.396713
0.044766,0.050137,0.077849,1.318274,-0.513874,-1.374287
0.037952,0.057116,0.089256,1.280657,-1.488745,-1.323114
0.043850,0.075996,0.084014,1.637527,-0.280004,-1.436310
0.055398,0.082817,0.088406,1.466391,0.200512,-1.448317
0.051082,0.101655,0.085950,1.505196,-0.443548,-1.741754
0.048423,0.090318,0.089193,1.883365,0.414609,-2.255708
0.059314,0.114739,0.086623,1.897920,0.018081,-1.904688
0.033681,0.103296,0.112282,1.877240,-0.482852,-2.805757
0.035277,0.117437,0.093359,2.288231,-1.230102,-2.558081
0.033521,0.116643,0.114304,1.841452,-0.165664,-2.408503
0.053652,0.118337,0.103758,2.135775,0.552216,-2.670950
0.038106,0.110055,0.124184,1.490720,-1.049342,-2.581960
0.041402,0.120221,0.107473,1.672754,-0.319991,-2.357277
0.026191,0.111355,0.108931,1.787200,-0.563351,-2.499729
0.032181,0.107675,0.106416,1.502317,-0.382403,-2.192689
0.024317,0.101393,0.103429,1.820618,-0.303142,-2.775759
0.037840,0.081274,0.094839,1.841009,0.388517,-2.578750
0.037630,0.086438,0.097797,1.707578,0.365694,-2.401921
0.019698,0.049153,0.096431,1.880326,0.264723,-2.538861
0.020722,0.052117,0.088885,1.913262,-0.019887,-2.433216
0.006562,0.023451,0.088524,1.806359,0.684537,-2.171573
0.052874,0.011490,0.039583,3.113771,8.079827,-1.844933
-0.003748,-0.017593,0.089312,1.315461,-0.730075,-2.384274
0.021451,-0.020350,0.060141,1.480843,0.204592,-1.897468
0.008164,-0.049754,0.071429,1.248053,-0.134858,-1.266334
0.004661,-0.057458,0.052305,1.616874,-0.261396,-1.144056
-0.008705,-0.087423,0.066840,1.391338,-0.299590,-0.990825
0.007911,-0.099565,0.023722,1.673112,-0.079430,-0.390499
-0.013264,-0.139348,0.056005,1.178025,-0.147741,-0.752162
0.008413,-0.140228,0.024188,1.128333,-0.036995,0.044569
-0.005668,-0.180336,0.038450,1.339068,0.109316,-0.091422
0.007895,-0.188089,0.012847,1.350583,-0.130610,0.347683
-0.009689,-0.218166,0.029430,0.851692,-0.463988,0.719104
0.003867,-0.226100,0.017407,0.821760,-0.176715,1.173729
-0.016172,-0.254883,0.000656,0.556480,-0.417469,1.120403
0.004002,-0.266661,0.000870,0.330753,-0.864790,1.631390
-0.013028,-0.296958,-0.010251,0.091529,-1.187581,1.438242
-0.003728,-0.314315,-0.015825,0.366827,-0.370809,2.115695
0.001957,-0.314342,-0.024733,0.454274,0.024958,2.413672
-0.009912,-0.340506,-0.029332,0.320233,-0.829103,2.502183
-0.008826,-0.342361,-0.038031,0.255234,-0.378224,2.321291
-0.021345,-0.382629,-0.018274,0.567981,-0.333173,2.138312
-0.015680,-0.374778,-0.040578,0.373792,-0.543784,2.689299
-0.029387,-0.385387,-0.025065,0.289191,-1.247985,2.653625
-0.025681,-0.401838,-0.042495,0.374688,-0.226648,2.870135
-0.031554,-0.398713,-0.055828,0.302265,0.109044,2.857376
-0.034908,-0.417965,-0.061411,0.499372,0.146900,3.235714
-0.036615,-0.408587,-0.057246,0.237804,-0.487999,3.174401
-0.043318,-0.416169,-0.066640,0.055343,-0.740185,3.145906
-0.047234,-0.399393,-0.059110,0.003307,-0.303014,3.421141
-0.047040,-0.413222,-0.059698,0.302166,-0.127298,3.573210
-0.054370,-0.401093,-0.062813,-0.108621,-0.450004,3.202856
-0.060413,-0.402344,-0.066791,0.372919,-0.284845,3.549685
-0.057091,-0.379984,-0.073018,0.297869,-0.088142,2.984803
-0.066531,-0.387402,-0.072476,0.565707,0.354669,3.179560
-0.061608,-0.357470,-0.072670,0.155454,-0.924849,3.107993
-0.070634,-0.361146,-0.061664,0.621032,0.026215,2.923667
-0.064188,-0.335579,-0.085764,0.215733,0.106342,2.878149
-0.077130,-0.339882,-0.076018,0.498262,0.185567,2.800027
-0.046361,-0.310357,-0.093888,1.704430,5.139209,2.551956
-0.075683,-0.297539,-0.058083,0.370684,-0.323857,2.491723
-0.070139,-0.272136,-0.071646,0.422582,-0.736555,2.094486
-0.086433,-0.266871,-0.068853,0.377990,-0.385964,1.881251
-0.078322,-0.239492,-0.081060,1.036979,0.034703,1.618082
-0.100271,-0.230475,-0.044746,0.815936,-0.307882,1.683320
-0.078663,-0.200231,-0.069293,1.080176,-0.252218,1.372545
-0.096044,-0.199998,-0.048387,0.852047,-0.136253,1.195112
-0.079917,-0.163809,-0.051587,1.005507,0.098918,1.675743
-0.094094,-0.161577,-0.039088,0.908097,-0.578821,1.038378
-0.071754,-0.135931,-0.051955,1.048730,0.718684,1.079228
-0.093424,-0.120185,-0.035923,0.474908,-0.498992,0.560284
-0.073247,-0.100930,-0.055221,0.808344,0.144727,0.526724
-0.088432,-0.090587,-0.027103,0.823030,-0.789701,0.392233
-0.068852,-0.060563,-0.040922,0.955322,0.766661,0.597615
-0.067956,-0.048694,-0.035828,1.381707,0.996884,0.602886
-0.055381,-0.032311,-0.042403,0.919228,0.721727,0.145330
-0.055817,-0.011779,-0.065807,0.882550,1.610392,0.622121
-0.048133,-0.009098,-0.055907,0.929033,0.782653,0.416515
-0.048462,0.009209,-0.053891,0.933710,0.460130,-0.132778
-0.036425,0.013584,-0.044110,0.964552,0.728181,0.333026
-0.033533,0.033522,-0.039777,0.819586,0.055103,0.055076
-0.026617,0.027439,-0.039764,1.006600,0.246824,0.057000
-0.014140,0.047649,-0.041963,1.459452,1.126678,0.330226
-0.021825,0.045030,-0.030855,0.959359,-0.120399,0.324095
-0.013070,0.057546,-0.061815,1.442265,0.657447,0.317615
-0.020754,0.053564,-0.034134,1.087417,0.944519,0.084591
-0.007684,0.063290,-0.027954,1.164777,-0.129547,0.097025
-0.019018,0.053971,-0.018690,0.930139,-0.492043,-0.436873
0.005059,0.061819,-0.033727,0.697060,0.075684,0.126876
-0.004283,0.058386,-0.025692,0.737273,-0.071526,0.184266
0.004117,0.063989,-0.015822,0.672061,0.161169,0.144926
-0.001519,0.047065,-0.003988,0.847996,-0.618174,-0.033999
0.014066,0.052501,-0.020883,0.752454,0.531159,0.058579
0.000467,0.043001,-0.008354,0.696958,-0.852021,-0.010044
0.013406,0.039686,-0.015671,0.399782,-0.151044,0.013183
0.008078,0.031913,-0.022652,0.568503,0.309847,0.313319
0.019383,0.019151,-0.024628,0.814440,1.757353,0.059603
0.003818,0.008907,-0.020542,0.616581,0.671641,-0.238954
0.007432,-0.002605,-0.026509,0.411274,0.394947,0.038527
0.004284,-0.009567,-0.019134,0.189861,0.141005,-0.313390
0.004195,-0.031300,-0.003936,0.480987,0.034985,-0.425547
0.005810,-0.034766,-0.021458,0.397324,0.629747,-0.040100
-0.005363,-0.063524,-0.023942,0.440439,0.191019,-0.215287
-0.002583,-0.068149,-0.016330,0.392745,0.240942,-0.416523
-0.007378,-0.080766,-0.018983,0.381617,1.295553,-0.332096
0.007799,-0.083491,-0.030189,0.305583,0.838956,-0.288357
-0.013425,-0.115495,-0.011413,0.428622,0.645358,-0.901070
-0.010805,-0.109921,-0.027947,0.685220,0.310855,-0.462815
-0.028583,-0.140743,0.002094,0.663960,0.525822,-0.649264
-0.016021,-0.138541,-0.045902,0.040411,0.888652,-0.272745
-0.031271,-0.163320,0.011252,0.355634,0.003924,-0.328940
-0.015883,-0.162155,-0.022436,-0.647030,0.343604,-0.140279
-0.019596,-0.174004,-0.026384,-0.742752,0.087324,-0.144355
-0.010897,-0.196948,-0.037952,-0.551061,0.632701,-0.244843
-0.021460,-0.195422,-0.036146,-0.674001,0.297272,-0.593028
-0.019153,-0.215146,-0.022945,-0.305567,0.060779,0.203915
-0.016605,-0.206280,-0.046962,-0.153850,-0.260828,0.070983
-0.037259,-0.230652,-0.013764,-0.327136,-0.477278,-0.635385
-0.019586,-0.228355,-0.016511,-0.012219,0.216097,-0.695295
-0.022865,-0.233206,-0.019524,-0.194900,0.516933,-0.083613
-0.014068,-0.241741,-0.014194,0.374137,0.704990,-0.632660
-0.022222,-0.245355,0.004264,0.226063,0.084301,-0.735420
-0.004556,-0.243149,-0.051882,-0.867875,1.104151,-0.952490
-0.003157,-0.233026,-0.065478,-1.102829,1.192032,-0.366782
-0.000275,-0.251588,-0.037771,0.246887,1.161472,0.296606
0.002308,-0.242594,-0.041329,-0.185214,0.469554,-0.506325
-0.002639,-0.249280,-0.013921,-0.469686,0.385822,-0.301799
0.010849,-0.234713,-0.029027,-0.479970,0.531825,-0.364389
-0.003292,-0.235277,-0.009811,-0.336573,-0.858744,-0.655577
0.022364,-0.227350,-0.005187,-0.156949,0.425353,-0.768250
0.032933,-0.215809,-0.023910,-0.415224,0.868656,-0.570171
0.031098,-0.219758,-0.004694,0.305577,0.657145,-0.195471
0.031965,-0.202167,-0.030435,0.247510,-0.063067,-0.391459
0.020322,-0.196801,-0.001477,-0.263139,-0.157759,-0.668845
0.048174,-0.171536,-0.022065,-0.533671,0.157611,-0.186760
0.049194,-0.155563,-0.034683,-0.738682,0.266804,-0.136151
0.057686,-0.154480,-0.026798,-0.474377,0.987204,-0.183842
0.061021,-0.134779,-0.042150,-0.704797,1.008248,-0.377188
0.071009,-0.135560,-0.017309,-0.321707,0.001324,-0.429250
0.066421,-0.112445,0.003121,0.270527,0.071256,-0.899949
0.064339,-0.111792,0.005432,0.208259,0.056866,-0.922828
0.068085,-0.087285,0.003899,0.290185,-0.034366,-0.864637
0.065866,-0.087820,0.000538,0.072379,0.193422,-0.908471
0.099954,-0.057199,-0.005045,1.506036,4.228277,-1.143412
0.058881,-0.054878,0.030746,0.140319,-0.887678,-1.028572
0.083128,-0.042152,0.024805,0.585703,0.541722,-1.144656
0.066644,-0.031179,0.026916,0.561856,-1.057285,-1.527835
0.077939,-0.014520,-0.010061,0.013367,0.461102,-1.282653
0.068164,-0.009764,0.035115,1.065418,-0.548511,-1.245116
0.067885,-0.006938,0.023220,1.091333,-0.012275,-1.607001
0.061865,0.006487,0.022379,0.613892,-0.037780,-1.725032
0.067720,0.007708,0.021112,1.108398,0.512341,-1.771842
0.062544,0.016692,0.033251,0.884743,-0.265125,-1.919204
0.058953,0.013466,0.014607,1.065004,0.159866,-1.723663
0.057722,0.026047,0.033018,0.993001,-0.288633,-1.623995
0.057315,0.024111,0.026476,1.188798,1.055771,-1.362644
0.060141,0.034828,0.028593,0.955886,-0.208965,-1.531230
0.041277,0.016965,0.019612,1.416192,-0.058659,-1.729086
0.048837,0.030567,0.001359,0.697509,0.721461,-1.547478
0.033402,0.011234,0.003377,0.939766,1.680908,-1.508224
0.033961,0.011079,-0.021976,0.967729,0.854732,-1.258043
0.009523,-0.009114,0.018408,0.985041,-0.135186,-1.307837
0.015589,-0.012577,0.015552,1.760888,0.017283,-1.337195
-0.001047,-0.033549,0.030750,1.180619,0.058872,-1.072631
0.010491,-0.027108,-0.008869,1.018496,-0.281340,-0.611363
-0.010287,-0.052784,0.004900,0.324871,-0.508058,-0.692701
0.003171,-0.055265,-0.031069,0.463970,0.813416,-0.095885
-0.023269,-0.075262,0.004027,0.425080,-0.904567,-0.442320
-0.012276,-0.084745,0.003003,0.480458,-0.287613,-0.091421
-0.015562,-0.103228,-0.003700,1.141315,-0.160681,0.529223
-0.017134,-0.122069,-0.018707,0.425746,-0.335815,0.645097
-0.026935,-0.130321,-0.015191,0.791692,-0.202899,0.845467
-0.041660,-0.149724,-0.026138,0.608119,-0.144291,1.084635
-0.036589,-0.164718,-0.049086,0.892509,0.648897,1.416201
-0.059533,-0.184367,-0.022741,0.759465,0.093272,1.663329
-0.050657,-0.197680,-0.014092,0.376077,-0.307445,2.089768
-0.061614,-0.219791,-0.030826,0.629159,0.120086,1.810065
-0.063735,-0.239220,-0.031154,0.581488,-1.066604,2.263721
-0.066882,-0.239676,-0.039659,0.344772,-0.470198,2.799021
-0.077632,-0.259640,-0.042258,0.468596,-0.407198,3.450300
-0.080823,-0.275231,-0.057555,0.660612,-0.531632,3.206543
-0.095522,-0.295914,-0.036806,0.507781,-0.183651,3.586548
-0.079270,-0.303743,-0.068006,0.298053,0.220230,3.643817
-0.104640,-0.315701,-0.037377,0.141386,-0.902508,3.510655
-0.106328,-0.327796,-0.051059,0.454668,-0.260910,3.584726
-0.114402,-0.328584,-0.040630,0.542339,-0.506804,3.889763
-0.106259,-0.341461,-0.049696,0.569399,-0.036181,4.273133
-0.102805,-0.339777,-0.059757,0.750442,0.368166,4.411458
-0.100708,-0.356347,-0.056567,0.472784,-0.130604,4.259130
-0.111488,-0.342745,-0.047960,0.191216,-0.362705,4.047603
-0.115715,-0.359511,-0.052536,0.274098,-1.362979,4.740464
-0.116162,-0.349352,-0.064523,0.320147,-1.209111,4.486593
-0.123800,-0.344947,-0.051525,0.082853,-0.682848,4.767579
-0.111740,-0.338599,-0.072591,0.501660,-0.195675,4.887881
-0.128238,-0.348873,-0.052509,0.103375,-0.656207,4.313539
-0.111304,-0.328239,-0.076205,0.264796,-0.303654,4.575320
-0.125011,-0.327314,-0.054522,0.149273,-0.176407,3.906484
-0.115748,-0.312415,-0.076113,0.268734,-0.410120,4.482004
-0.125205,-0.311220,-0.059590,0.369466,0.325527,3.880253
-0.100957,-0.289159,-0.074843,0.245715,0.397767,4.112309
-0.113631,-0.275277,-0.057558,0.138133,-0.038288,4.138991
-0.098502,-0.265220,-0.044110,-0.014793,-0.055777,3.462041
-0.106807,-0.251056,-0.048318,0.296448,-0.293662,3.581659
-0.090145,-0.230672,-0.055907,0.377846,-0.018968,3.455358
-0.098883,-0.215983,-0.040496,0.273320,-0.873229,3.077247
-0.076733,-0.195599,-0.046322,0.262961,-0.345131,3.391297
-0.080836,-0.182483,-0.044146,0.345537,-0.734894,3.156826
-0.065304,-0.169382,-0.065298,0.469249,0.466311,2.926684
-0.059586,-0.141167,-0.054577,0.570482,0.650833,2.405744
-0.057432,-0.138977,-0.040007,0.888964,0.469423,2.047476
-0.048511,-0.102184,-0.045524,1.001319,0.177561,2.359609
-0.049049,-0.102122,-0.034735,1.024197,-0.184698,1.479722
-0.047674,-0.075958,-0.017890,0.874902,-2.826933,1.309104
-0.026010,-0.056943,-0.018241,0.672619,-0.236892,1.325936
-0.005764,-0.042080,-0.019701,0.671443,-0.528379,1.118762
0.005046,-0.008789,-0.044228,0.349968,1.250052,1.062651
0.005551,-0.007584,-0.032329,0.668594,-0.257621,1.118561
0.011322,0.010889,-0.035067,0.812867,-0.310235,0.430204
0.010228,0.018170,-0.017611,0.680011,-0.234457,0.188071
0.026378,0.040648,-0.031213,0.987372,-0.186179,0.105183
0.016990,0.038074,-0.008370,0.503649,-0.135554,-0.240284
0.038287,0.064961,-0.023217,0.682499,-0.091487,-0.203294
0.028823,0.071335,0.014058,0.458019,-1.232341,-0.317389
0.047422,0.075215,-0.008420,0.755136,-0.718771,-0.806551
0.052080,0.081071,0.000134,0.721241,-0.864278,-0.683462
0.061999,0.093364,0.004405,0.632238,-1.023102,-0.613290
0.077522,0.102902,0.002832,0.829217,-0.562244,-0.884265
0.067816,0.086310,0.010963,0.855148,-0.324865,-0.724115
0.082432,0.111102,-0.011669,0.800036,-0.734211,-1.093574
0.066345,0.100375,0.014626,0.789870,-0.300368,-1.340515
0.079298,0.103562,0.017384,0.752946,-0.276646,-1.297091
0.074062,0.098012,0.022517,0.817699,-0.811933,-1.641111
0.087868,0.097775,0.009010,0.855667,-0.065221,-1.492097
0.083053,0.098717,0.001260,0.686930,-0.109258,-1.383094
0.084815,0.069855,0.005396,1.114313,-0.046255,-1.907457
0.074965,0.073505,-0.005285,1.219916,-0.158908,-2.382019
0.074062,0.063661,0.029647,0.792477,0.108226,-1.689145
0.073373,0.055097,0.052013,0.118655,-3.151625,-1.912748
0.081277,0.059177,0.019012,0.382392,-0.860625,-1.820620
0.079360,0.027347,0.004559,0.596443,-0.073709,-1.690651
0.088528,0.032218,-0.013448,0.690475,-0.195304,-1.981436
0.057821,0.004272,-0.009759,0.594503,-0.397722,-2.386276
0.068521,0.000034,-0.026253,0.349981,-0.214263,-2.232240
0.048610,-0.022890,0.014206,0.152845,-1.550406,-1.919299
0.057768,-0.027026,-0.000059,0.253569,-0.156571,-1.798879
0.056140,-0.039332,-0.003982,0.525670,-0.331729,-2.108958
0.049664,-0.068917,-0.003532,0.658353,0.683684,-1.760983
0.040985,-0.067200,0.006781,0.229670,-1.985450,-1.777796
0.037955,-0.091142,-0.001172,0.517077,-0.026688,-1.708976
0.039107,-0.093338,-0.027336,0.485277,-0.663816,-1.349490
0.016521,-0.122463,-0.003785,0.128952,-0.938395,-1.861599
0.016784,-0.132793,-0.006880,0.265856,-0.580439,-1.446463
0.012346,-0.140573,-0.014656,0.132943,-0.022460,-1.244727
0.014345,-0.152606,0.000246,-0.300073,-0.190672,-1.327779
0.005948,-0.163779,-0.009076,0.094204,0.581075,-1.589344
0.010015,-0.187009,-0.003155,0.124461,0.080234,-1.218231
-0.002022,-0.193433,0.000430,-0.060320,-1.382457,-1.145114
-0.009978,-0.207114,-0.004819,-0.024591,-2.459372,-1.452383
0.002075,-0.205512,-0.011988,-0.263280,-0.068474,-1.062420
-0.000587,-0.217103,-0.006358,-0.213797,-0.911794,-0.689190
-0.009949,-0.216719,-0.011430,-0.103675,-1.848189,-0.882151
-0.017751,-0.242735,-0.005705,-0.155938,-0.343132,-0.723971
-0.012319,-0.233200,-0.013196,0.052809,-0.445846,-0.286467
-0.013609,-0.235941,-0.009552,-0.380601,-0.564831,-0.043157
-0.010818,-0.246713,-0.024074,-0.327983,-0.152146,-0.399954
-0.008816,-0.238878,-0.014643,-0.027854,-0.276318,0.037106
-0.010973,-0.249930,-0.012979,-0.250491,-0.368735,0.213691
-0.004831,-0.249464,-0.006391,-0.264297,-0.383210,-0.036759
-0.007877,-0.245187,0.003479,-0.103415,-1.261998,0.828308
-0.001102,-0.236778,-0.010704,-0.066297,-0.237864,0.515183
-0.002133,-0.243497,0.000778,-0.128999,-1.203899,0.974955
-0.007828,-0.229372,-0.004609,-0.168673,-1.321840,0.797548
-0.006065,-0.232940,-0.004441,0.026661,-0.779588,1.014117
-0.001598,-0.209514,-0.024625,0.391274,-0.053191,1.210374
-0.010674,-0.218721,-0.002840,-0.251092,-0.009669,1.009866
-0.003738,-0.201229,-0.028351,-0.007440,-0.270452,0.489002
-0.005146,-0.197736,0.002343,-0.210479,-0.572935,1.018610
0.001202,-0.179666,0.015411,-0.332674,-0.076824,1.066104
0.000089,-0.168952,0.004769,0.133508,0.035360,1.164278
0.011794,-0.160205,-0.005341,0.372499,0.020559,1.777861
0.004392,-0.139942,0.009509,0.309722,-0.758718,1.602493
0.006431,-0.137612,0.011469,0.518019,-0.032488,1.657891
0.002528,-0.125099,0.011117,0.664823,-2.502792,1.573650
-0.000869,-0.121518,0.020791,0.686057,-0.440755,1.385077
0.007386,-0.101738,-0.003414,0.661311,-0.561850,1.287287
-0.000800,-0.094224,0.023646,0.755740,-0.432115,1.522617
0.007022,-0.079962,0.029739,0.566691,-1.178840,1.680985
0.003417,-0.076233,0.017837,1.065569,-0.154808,1.446031
0.005604,-0.076965,0.007858,1.084768,-0.049363,1.264703
0.006746,-0.063225,0.011173,1.119316,0.057457,1.317625
-0.008311,-0.055367,0.015988,1.323608,-0.196673,1.698720
-0.010021,-0.046931,-0.000864,1.653230,-0.362052,1.524570
-0.021887,-0.041515,0.035857,1.370465,-0.675065,1.234605
-0.001752,-0.024158,0.021733,1.563068,-0.534669,1.847023
-0.074370,-0.023340,0.116553,0.372522,-12.763944,1.316607
-0.005094,-0.011261,0.046942,1.544884,-0.763330,2.038205
-0.016317,-0.013339,0.040105,1.509798,-0.897897,1.525777
-0.016192,-0.012226,0.036500,1.462524,-1.796096,1.811310
-0.023627,-0.005494,0.023118,1.633624,-0.681420,1.644102
-0.024359,-0.008750,0.022120,1.703127,-0.149081,1.996393
-0.044011,-0.004962,0.018194,1.831152,-0.313534,1.581699
-0.042113,-0.024893,0.011029,1.957696,0.133915,1.457433
-0.047109,-0.023281,0.014636,2.147336,0.110153,1.170052
-0.065455,-0.028697,0.028429,1.920388,-0.417092,0.934379
-0.060987,-0.035787,0.025724,1.770351,-0.199906,0.934071
-0.065008,-0.032252,0.026213,1.823110,-0.702864,1.366568
-0.057239,-0.045431,0.015122,1.986982,-0.619168,1.594403
-0.070257,-0.047483,0.019606,1.568156,-1.582840,1.187492
-0.066331,-0.051011,0.006053,1.598299,-1.037144,2.446540
-0.069436,-0.058551,-0.008604,1.901557,-0.134372,2.026043
-0.087844,-0.075255,0.011807,1.482498,-0.406906,1.819847
-0.082517,-0.079943,-0.016708,1.542527,-0.429427,2.232768
-0.087861,-0.089232,-0.004176,1.277060,-0.323457,2.235933
-0.084719,-0.104994,-0.014958,1.557899,0.171761,1.565603
-0.093838,-0.110243,-0.011243,1.375769,-0.480554,2.042308
-0.095594,-0.136381,-0.023631,1.471951,0.288015,2.124015
-0.090181,-0.130968,-0.018996,1.207039,-0.435322,2.286404
-0.092535,-0.144482,-0.024090,1.266760,0.349010,2.821645
-0.098105,-0.155202,-0.042498,1.189747,-1.553373,2.317817
-0.113880,-0.173771,-0.021950,1.199571,-0.883592,2.526869
-0.104870,-0.180828,-0.027048,0.695435,-0.089324,2.293005
-0.112154,-0.196141,-0.034036,1.118771,-0.151736,1.986432
-0.103813,-0.207505,-0.045744,0.832073,-0.222991,2.103780
-0.109702,-0.218199,-0.057906,0.891662,0.436634,1.610672
-0.111875,-0.244061,-0.051594,1.243500,0.290349,1.619266
-0.111957,-0.229789,-0.050704,0.706467,-0.335244,1.858405
-0.127253,-0.260825,-0.059002,0.900627,0.157361,1.486488
-0.107998,-0.248296,-0.074101,0.890300,0.452147,1.730482
-0.129150,-0.269211,-0.043772,0.718110,-0.067568,1.336077
-0.105257,-0.251079,-0.063653,0.274127,-0.840296,1.920827
-0.114219,-0.265709,-0.056974,0.195001,-0.654057,1.457235
-0.095029,-0.259013,-0.051886,0.190783,0.202055,1.884885
-0.095161,-0.257020,-0.062462,0.303738,-0.399662,1.441782
-0.084549,-0.264189,-0.082445,0.327408,0.055281,1.892471
-0.078286,-0.254936,-0.076268,0.471750,0.550853,1.754080
-0.091422,-0.267504,-0.057525,0.598642,0.260932,1.572131
-0.069650,-0.256351,-0.059603,0.368665,0.145745,1.288614
-0.076825,-0.244977,-0.059432,0.452564,-0.168929,1.125358
-0.057859,-0.246195,-0.057886,0.536381,-0.219000,1.312543
-0.057902,-0.231188,-0.058992,0.111765,-0.995506,1.227691
-0.059855,-0.237283,-0.041825,0.292614,-2.029419,1.014317
-0.039566,-0.225837,-0.072348,0.429521,0.157749,0.832706
-0.037938,-0.217116,-0.040246,0.284710,-0.070962,0.742744
-0.017748,-0.194306,-0.046956,0.078964,-1.321118,1.581552
-0.017544,-0.186753,-0.038703,0.009346,-1.542636,0.210989
-0.011117,-0.177789,-0.038500,0.440258,-0.245039,0.858000
0.011663,-0.154808,-0.057722,0.542972,-0.476733,0.960439
0.011922,-0.142322,-0.022928,0.269427,-0.679506,0.759898
0.026651,-0.136381,-0.029401,0.397636,-0.398999,0.298771
0.033327,-0.104853,-0.028945,0.538502,0.008129,0.355465
0.030813,-0.118895,-0.025465,1.116542,-0.210098,-0.507485
0.040683,-0.105667,-0.031902,1.223756,-0.154260,-0.618730
0.039659,-0.088854,-0.008026,0.839271,-0.456612,-0.496492
0.063955,-0.071979,-0.004589,1.050726,-0.195219,-0.326665
0.067481,-0.051431,-0.001264,0.806788,-0.468987,-0.493683
0.066082,-0.052738,0.005744,0.959645,-0.881521,-0.911002
0.068232,-0.025759,0.005051,0.947572,-1.914307,-0.493358
0.067779,-0.016365,0.029637,0.623993,-1.923176,-0.987739
0.087861,-0.010260,0.023062,0.879113,-0.176148,-0.941440
0.091423,0.004702,0.021168,1.052997,-0.397371,-0.794670
0.103637,0.004144,0.012420,1.285663,-0.124695,-1.243783
0.098720,0.022900,0.005806,1.519448,-0.026514,-1.736329
0.084517,0.021678,0.050004,1.333672,-0.876541,-1.910522
0.113245,0.051214,0.025622,1.262693,0.487913,-0.921185
0.103965,0.052816,0.033464,1.566239,-0.089728,-1.537289
0.103686,0.056902,0.036126,1.677340,0.028381,-1.465437
0.115115,0.068910,0.025826,1.333278,0.464663,-1.715237
0.091741,0.062853,0.060357,1.456517,-1.028154,-1.522358
0.097554,0.060579,0.052282,0.840128,-1.595087,-2.198773
0.105025,0.067606,0.041943,1.245936,-0.288522,-2.479326
0.100433,0.059574,0.041680,1.446184,-0.344323,-1.846925
0.104690,0.067357,0.050772,1.555808,0.161983,-1.885103
0.085633,0.057017,0.054042,1.223993,-0.840703,-2.211831
0.090415,0.055044,0.031623,1.302449,-0.190630,-2.361733
0.073964,0.060910,0.042721,1.092482,-0.308459,-1.887162
0.075441,0.038888,0.045288,1.408649,0.032195,-2.516093
0.081766,0.051273,0.036583,1.225631,0.232772,-1.988960
0.073117,0.029783,0.036786,1.279722,0.190189,-1.913670
0.058930,0.026310,0.018802,0.827389,-0.043445,-2.548885
0.039124,0.015032,0.042022,0.554513,-0.245423,-2.244659
0.045856,0.001935,0.028022,0.861986,0.071824,-1.905333
0.045918,0.014208,0.029640,0.465766,0.218956,-2.078501
0.020795,-0.013273,0.028731,0.387178,-0.202233,-1.758076
0.029030,-0.021069,0.023105,0.490483,0.334623,-1.890726
0.011574,-0.032429,0.028721,0.767616,0.210537,-2.105644
0.012362,-0.044889,0.015115,0.345455,0.507131,-1.892298
0.005187,-0.053230,0.013212,0.513470,0.856320,-1.695408
-0.006144,-0.071434,0.017502,0.459953,1.406808,-1.495937
-0.009358,-0.074740,0.006502,0.226696,0.181435,-1.666230
-0.013819,-0.085467,0.016845,0.290566,0.964208,-0.978654
-0.008849,-0.110663,-0.007376,-0.004131,1.812724,-0.877397
-0.018122,-0.107916,-0.004372,0.305291,0.843680,-0.739735
-0.031688,-0.132655,-0.001231,0.071939,0.503018,-0.560878
-0.032089,-0.136391,-0.012106,-0.284734,-0.064275,-0.544088
-0.037636,-0.145476,-0.003719,-0.343503,0.165305,-0.018465
-0.040833,-0.163428,-0.007596,-0.216006,0.073767,-0.158240
-0.040886,-0.172964,-0.003365,-0.278034,-0.368873,0.342584
-0.057176,-0.187712,-0.009490,-0.119867,0.105371,0.285447
-0.040774,-0.189737,-0.025078,-0.000110,0.583172,0.329245
-0.060190,-0.199377,-0.002242,-0.153748,-0.916314,0.495687
-0.054793,-0.207987,-0.012913,-0.100533,-0.466820,0.690911
-0.042842,-0.204741,-0.021920,-0.209103,0.512249,1.006882
-0.060597,-0.230183,-0.012329,-0.055712,-0.271059,1.212382
-0.046115,-0.217188,-0.025177,-0.181583,-0.021531,1.562215
-0.061315,-0.224071,-0.021461,-0.319446,-0.007991,1.334554
-0.058026,-0.246159,-0.023355,-0.257470,-0.435526,1.068070
-0.055854,-0.236728,-0.025853,-0.114228,-0.061436,1.119312
-0.068159,-0.250006,-0.016977,-0.039805,-0.373983,1.576648
-0.058827,-0.236334,-0.036078,0.101353,-0.325922,1.439842
-0.064920,-0.239699,-0.007356,-0.134743,0.610709,1.754785
-0.049732,-0.233022,-0.018999,-0.655416,0.184980,1.971121
-0.070552,-0.237995,-0.009802,-0.021988,-1.282175,1.743855
-0.052276,-0.242781,-0.023256,0.121094,0.003106,1.862696
-0.048557,-0.225355,-0.019314,0.122180,0.082436,1.858022
-0.046755,-0.225151,-0.054131,0.286171,0.723520,2.578481
-0.049912,-0.215232,-0.037837,0.157109,0.633256,2.366084
-0.069193,-0.233380,-0.023742,0.130603,-0.515069,1.812504
-0.055821,-0.216095,-0.067054,0.232073,0.127389,1.678567
-0.070871,-0.209238,-0.022866,-0.058466,-1.426970,2.162346
-0.051304,-0.191674,-0.042551,-0.009009,0.145847,2.170949
-0.054554,-0.186248,-0.031160,0.086776,0.161825,2.241987
-0.044198,-0.189038,-0.041041,0.135231,0.683251,1.830097
-0.051639,-0.172360,-0.028879,0.111217,-0.297434,1.715228
-0.042691,-0.181803,-0.035917,0.304113,-0.080993,1.860486
-0.038023,-0.154651,-0.044520,0.239278,-0.211299,1.873996
-0.051547,-0.157267,-0.021244,0.322868,-0.190456,1.882773
-0.047231,-0.152376,-0.032752,0.398404,0.161802,1.658333
-0.035269,-0.132544,-0.032713,0.347605,-0.149310,1.803322
-0.031613,-0.138541,-0.044300,1.009597,1.255810,1.598045
-0.028229,-0.117993,-0.039170,1.000272,1.496212,1.205271
-0.039822,-0.106852,-0.033521,0.889660,0.120696,1.604931
-0.030736,-0.110043,-0.023778,1.140287,0.884809,1.394579
-0.038581,-0.093391,-0.030035,0.899268,0.439257,1.662308
-0.021214,-0.084978,-0.037624,0.873937,1.092006,1.401403
-0.015617,-0.079368,-0.032759,1.040032,0.833091,1.194107
-0.036136,-0.080724,-0.023644,0.648020,-0.245719,1.223055
-0.023259,-0.075272,-0.025587,0.483580,0.351609,1.024044
-0.022005,-0.059568,-0.028997,0.741698,0.138760,1.508955
-0.016471,-0.069383,-0.031659,0.971435,-0.180513,1.191658
0.013097,-0.050282,-0.061855,1.913554,5.194683,1.482541
-0.034531,-0.058072,-0.021326,0.627889,-0.691096,1.166048
-0.007687,-0.050584,-0.024290,0.940590,1.175429,0.970113
-0.001733,-0.033404,-0.029148,0.960305,0.071273,1.054987
-0.011048,-0.055183,-0.021743,1.151658,0.351380,1.107234
0.009303,-0.033887,-0.065167,0.846079,0.940643,1.358006
-0.007470,-0.037858,-0.045432,0.764497,1.574685,1.069092
0.006644,-0.036132,-0.050720,0.845226,1.514495,1.419423
-0.017419,-0.045290,-0.022350,0.616364,-0.748785,0.848902
0.002695,-0.046842,-0.036012,0.434337,0.152805,1.273588
0.004090,-0.033847,-0.048712,0.517103,1.025629,1.312816
0.007520,-0.061613,-0.056054,0.779941,0.515239,0.837352
0.000952,-0.044039,-0.042803,0.521672,0.153967,1.030215
-0.011078,-0.066787,-0.031285,0.515019,-0.143146,0.488265
-0.006886,-0.060048,-0.048721,0.325947,-0.582359,0.747088
-0.002199,-0.067167,-0.030209,0.537943,0.625647,0.578263
0.005558,-0.060222,-0.049555,0.657792,0.435646,0.775485
-0.007077,-0.077582,-0.036488,0.934127,0.058813,0.599825
-0.000351,-0.080208,-0.073803,0.517688,1.736575,0.652387
-0.011403,-0.086937,-0.060479,0.690964,1.132761,0.598243
-0.020423,-0.097750,-0.058188,0.546862,1.110256,0.386145
-0.016087,-0.103583,-0.070198,0.473325,0.433467,0.092823
-0.038210,-0.107787,-0.038346,0.169165,-0.230574,0.429197
-0.020236,-0.110072,-0.045406,0.014188,0.485855,0.562684
-0.025931,-0.117297,-0.049444,0.142557,-0.040934,0.568682
-0.017951,-0.126967,-0.046141,-0.040156,-0.171664,-0.085479
-0.017544,-0.111162,-0.044572,0.116048,0.114729,0.368193
-0.033864,-0.139683,-0.045055,0.427207,1.281987,-0.160112
-0.036658,-0.143825,-0.060105,0.505835,0.404769,-0.269955
-0.043022,-0.152399,-0.043138,0.198257,0.160227,-0.615104
-0.025964,-0.145847,-0.073691,-0.200188,1.610090,0.124597
-0.036612,-0.147968,-0.047461,0.079265,0.880505,-0.245317
-0.031071,-0.145693,-0.045695,-0.009964,0.824113,0.042651
-0.023387,-0.147045,-0.047763,-0.092314,0.261684,-0.617030
-0.029476,-0.159762,-0.050087,-0.204203,0.400813,-0.097111
-0.020242,-0.138104,-0.070110,-0.119778,0.038383,-0.050458
-0.042107,-0.153669,-0.028889,-0.480630,-0.509962,0.193512
-0.033257,-0.154136,-0.033166,-0.496313,-0.393451,-0.397166
-0.023577,-0.145824,-0.035799,-0.305019,0.658859,-0.199970
-0.027283,-0.167541,-0.039931,0.098592,-0.001952,-0.574230
-0.023298,-0.155590,-0.042088,-0.173338,0.242623,-0.991947
-0.023134,-0.156880,-0.053074,0.059581,1.102894,-0.096291
-0.015552,-0.138898,-0.057620,-0.409690,1.218711,0.161335
-0.027451,-0.155337,-0.041421,-0.149448,1.404159,-0.953831
-0.015338,-0.147869,-0.063105,-0.338999,0.152395,-0.753228
-0.031980,-0.147777,-0.021054,-0.698003,-0.114451,-0.654352
0.000535,-0.129557,-0.040243,-0.385584,0.587387,-0.698303
-0.017088,-0.130679,-0.020453,-0.552873,-0.572039,-1.193791
-0.006456,-0.127896,-0.020493,-0.390845,-0.288853,-0.382973
-0.002304,-0.112764,-0.013741,-0.382977,-0.358283,-0.565522
0.004251,-0.123583,-0.022357,0.062315,1.000708,-0.557273
0.008236,-0.096703,-0.017837,0.060135,1.193236,-0.700381
0.004445,-0.103645,-0.006207,-0.217838,-0.435270,-0.809145
0.021770,-0.089560,-0.030921,0.189276,-0.031556,-0.781953
0.010928,-0.099483,-0.013383,0.021760,0.682656,-1.614413
0.025357,-0.071796,-0.027179,-0.203674,1.845578,0.029321
0.018165,-0.078840,-0.012096,-0.152987,-0.242955,-1.122424
0.041701,-0.071497,-0.017076,-0.261698,0.424079,-0.632944
0.036435,-0.056105,-0.011387,-0.200825,0.685115,-0.334409
0.026221,-0.057248,-0.001428,0.145902,-0.157815,-0.246138
0.060125,-0.046875,-0.022774,1.043715,4.958416,-0.392817
0.038940,-0.045769,0.017200,-0.325768,-1.339362,-0.500790
0.047592,-0.032472,0.009775,0.087934,0.479198,0.217411
0.036222,-0.027164,0.005258,0.098051,-1.041050,-0.761228
0.035658,-0.023255,0.006919,0.105988,-0.215422,-0.487555
0.049404,-0.008405,0.002311,0.355791,0.324946,-0.087098
0.039426,-0.006304,0.032348,0.350037,-1.107713,-0.202482
0.055063,-0.010155,0.016136,0.384470,-0.230918,-0.023415
0.054932,0.009888,0.021214,0.360725,-0.043393,0.164196
0.041244,-0.004975,0.023262,0.638245,-0.413425,0.045874
0.053255,0.008795,0.018375,0.797003,0.310343,-0.177893
0.044100,0.009862,0.035588,0.814515,-0.177277,-0.072002
0.034354,0.020077,0.021631,0.464926,-0.631665,0.125305
0.038526,0.010197,0.046472,0.683854,-0.154989,0.011247
0.046023,0.014011,0.043938,0.725282,-0.019267,-0.051828
0.049457,0.031211,0.040331,0.837351,-0.265614,0.156908
0.028233,0.002250,0.046873,0.699009,0.005604,-0.279173
0.035283,0.026136,0.018444,0.984257,0.418066,0.518502
0.023831,0.028769,0.037433,0.496158,-0.714773,0.516548
0.029027,0.012166,0.032683,0.783368,-0.592535,0.481105
0.022062,0.007617,0.027674,0.648430,-0.021571,-0.196637
0.021904,-0.006186,0.028695,0.940036,-0.066235,0.247783
0.015635,-0.003206,0.001506,0.908084,0.099968,0.018209
-0.002852,-0.014038,0.030674,0.673150,-0.328502,-0.271939
0.002607,-0.012968,0.020522,0.596873,0.245665,0.707629
0.017233,-0.015620,-0.023417,0.590334,3.603826,0.328117
-0.002271,-0.029196,-0.002446,1.024335,0.280863,0.745670
0.006674,-0.024732,-0.009972,0.865416,0.249286,0.648345
-0.019737,-0.049258,0.015838,0.696925,-0.712606,0.452883
-0.003220,-0.050844,0.033264,0.296290,-0.709603,0.422642
-0.006213,-0.054812,0.005580,0.795182,-0.301376,0.555295
-0.009062,-0.077904,-0.006887,1.216909,-0.245532,0.785404
-0.010201,-0.080757,-0.012743,1.035666,-0.409407,0.626485
-0.023439,-0.087049,0.022074,0.381112,-1.125104,0.600337
-0.013700,-0.096237,-0.015605,0.286282,-0.175150,0.909783
-0.017426,-0.095249,-0.016724,0.183562,-0.588855,0.829245
-0.028393,-0.120402,-0.016196,0.499667,0.150298,0.881186
-0.025616,-0.123993,-0.044326,0.775556,-0.071536,0.799106
-0.035017,-0.119207,-0.011387,0.177259,-0.327258,1.419303
-0.027631,-0.138308,-0.038329,0.414435,0.098806,0.897523
-0.046764,-0.146487,-0.023007,0.044370,-0.016811,0.976935
-0.037757,-0.161130,-0.038408,0.242882,0.703122,1.166145
-0.042793,-0.157795,-0.031768,0.148879,-0.258359,0.901912
-0.033349,-0.172701,-0.035808,0.290881,0.041921,1.681035
-0.039953,-0.174726,-0.032227,0.044380,-0.326624,0.867351
-0.044207,-0.187032,-0.028892,0.295138,0.517783,1.308853
-0.043072,-0.185414,-0.036307,0.134391,-1.661293,0.863298
-0.055860,-0.190042,-0.022849,0.020651,-0.746714,1.346131
-0.037216,-0.196604,-0.048774,-0.219144,-0.097710,1.496566
-0.039277,-0.192494,-0.055191,0.208997,0.166871,1.850764
-0.036858,-0.206192,-0.048850,-0.036332,-0.411104,1.808161
-0.046810,-0.206523,-0.051686,0.179856,-0.226864,1.356639
-0.041102,-0.216594,-0.057748,0.306397,-0.379101,1.755990
-0.036809,-0.204564,-0.054325,0.259806,0.058212,1.428836
-0.056668,-0.219226,-0.034121,0.127110,-0.573181,1.487582
-0.038890,-0.208181,-0.055624,-0.145595,-0.520423,1.948650
-0.040213,-0.207958,-0.042472,-0.026708,-0.312648,1.719696
-0.036398,-0.221275,-0.057200,0.288659,0.291003,1.573021
-0.034304,-0.202959,-0.055116,0.174240,0.482960,1.667390
-0.046128,-0.210292,-0.034784,0.039709,-0.643629,1.515200
-0.032752,-0.187639,-0.057433,-0.375979,-0.299026,1.571231
-0.037301,-0.196328,-0.060463,-0.021092,0.072353,1.515551
-0.035686,-0.192468,-0.049020,0.102998,-0.475099,1.669032
-0.044923,-0.184019,-0.060325,0.123391,-0.500347,1.715537
-0.036454,-0.182394,-0.050609,0.139564,-0.282646,1.875290
-0.038201,-0.179755,-0.062268,0.385199,0.080244,1.151233
-0.048832,-0.182109,-0.048836,0.024606,0.072015,1.185118
-0.031265,-0.166530,-0.060154,0.032983,0.330713,1.191279
-0.035476,-0.158764,-0.035927,0.019653,0.059564,1.205918
-0.028747,-0.158472,-0.048987,0.454300,-0.192133,1.411517
-0.027690,-0.148536,-0.037505,0.543918,-0.198215,1.297659
-0.036303,-0.152570,-0.032224,0.660441,0.431566,1.299812
-0.026361,-0.124347,-0.033143,0.156754,-2.109064,1.343735
-0.024706,-0.119020,-0.028758,0.245724,-0.473592,1.215598
-0.015073,-0.123034,-0.026279,0.364440,-0.174398,1.314760
-0.017098,-0.104686,-0.030573,0.202400,-1.042206,1.439864
-0.015493,-0.109983,-0.029063,0.446780,-0.474833,1.322297
-0.009729,-0.094005,-0.050740,0.617520,-0.492919,1.392626
-0.023380,-0.097385,-0.035309,0.216852,-0.392897,0.795202
-0.003016,-0.080934,-0.017282,0.338969,-0.067190,1.025758
0.001304,-0.070164,-0.025771,0.654752,0.030623,1.514477
0.005334,-0.069524,-0.022984,0.461755,-0.536625,1.090540
0.007744,-0.058338,-0.009811,0.516115,-0.383575,1.086709
0.004225,-0.062398,-0.011935,1.029981,0.329932,1.320389
0.022337,-0.051254,-0.026119,0.859494,-0.747847,1.455774
-0.000984,-0.045099,0.002534,0.296176,-0.667748,1.289229
0.020483,-0.035820,-0.018635,0.412863,0.158763,1.662803
0.007022,-0.030460,-0.009073,0.414248,-1.097426,1.007983
0.007711,-0.039880,-0.011732,0.646146,-0.422409,0.792947
0.017749,-0.026383,-0.034502,1.077793,-0.314712,0.761829
0.007504,-0.025008,-0.007606,0.313238,-0.326992,0.931430
0.016823,-0.022158,-0.015339,0.536594,0.294374,0.481919
0.014190,-0.019963,-0.006326,0.654027,-0.321487,0.791791
0.021300,-0.026068,-0.009237,0.980052,0.413897,0.961947
0.023647,-0.024473,-0.028324,0.937712,-0.101922,0.736735
0.009388,-0.023409,0.016540,0.469734,-0.455083,0.462786
0.025823,-0.015837,0.002045,0.722761,0.264254,0.504017
0.026276,-0.011812,0.009430,0.812920,-0.417216,0.239455
0.024967,-0.023074,0.002235,0.798677,0.343784,0.542983
0.039994,-0.014704,-0.021330,0.883075,0.194509,0.247816
0.003870,-0.018935,0.030517,0.308547,-2.373077,0.323263
0.027113,-0.021778,0.003748,0.675845,-0.787229,0.284402
0.029716,-0.021177,-0.008945,0.667583,-0.462353,0.256757
0.030793,-0.031077,-0.005203,0.821083,-0.026734,0.198619
0.035283,-0.022625,-0.018001,1.091326,-0.084259,0.119154
0.021619,-0.029636,0.009109,0.446002,-0.348604,0.370802
0.033025,-0.038377,0.001024,0.614359,0.228186,0.331860
0.031876,-0.032291,0.005209,0.910635,0.712697,0.233219
0.018182,-0.049573,0.012089,0.681462,-0.188171,-0.307126
0.020355,-0.049160,0.012375,0.749237,-1.275882,-0.256941
0.012507,-0.044046,0.028734,0.375689,-0.842945,0.031635
0.023529,-0.051996,0.018454,0.282869,-0.996547,0.309530
0.010465,-0.052679,0.020443,0.555505,-1.824316,0.003485
0.013501,-0.063826,-0.002666,0.601583,-1.244214,0.060182
0.015710,-0.058899,-0.000053,0.363620,-1.295735,0.040114
0.006490,-0.079509,0.003587,0.318250,-0.476678,-0.382786
0.022626,-0.072751,-0.011853,0.466839,-0.049810,0.290521
0.011597,-0.075557,-0.004369,0.418742,0.034296,-0.286515
0.013452,-0.090187,-0.017299,0.581055,0.165636,0.004719
0.014076,-0.081295,-0.024898,0.530460,0.086270,-0.484637
-0.004303,-0.094477,0.002829,0.365359,-0.568727,-0.821573
0.010160,-0.096138,-0.014213,0.270271,0.082676,-0.219616
0.005942,-0.098958,-0.005377,0.105052,0.206184,-0.195861
0.007402,-0.116880,-0.018398,0.216248,0.311301,-0.179140
0.012070,-0.097596,-0.017716,-0.126990,0.134164,-0.483051
0.003165,-0.122621,0.001218,0.115513,0.053288,-0.551480
0.000401,-0.116322,-0.000736,0.031667,-1.975626,-0.632385
0.004511,-0.111333,0.003079,0.051729,-1.032401,-0.310434
0.011354,-0.118682,-0.017955,-0.068313,-0.827134,-0.309669
0.010255,-0.113719,-0.013009,0.056121,-0.763848,-0.029605
0.005124,-0.127321,-0.013954,0.359412,-0.519957,-0.281689
0.012457,-0.111093,-0.031078,0.232296,-0.074983,-0.502480
-0.004408,-0.122988,-0.015178,0.060979,-0.338441,-0.337028
0.015070,-0.114221,-0.027041,-0.192422,-0.047512,-0.337494
0.005807,-0.117392,-0.027271,0.076489,-0.151254,-0.149558
0.011308,-0.120845,-0.025232,-0.050112,-0.232284,-0.174780
0.011466,-0.115669,-0.027832,-0.145522,0.383708,-0.098480
-0.004887,-0.118278,-0.013960,-0.184951,-0.579014,-0.555228
0.009746,-0.108907,-0.037952,-0.156026,-0.233564,-0.464298
-0.002235,-0.106596,-0.010478,-0.371019,-0.678728,-0.714368
0.013531,-0.102355,-0.018448,-0.008507,0.815644,-0.269535
0.018074,-0.093312,-0.008203,-0.075127,-0.623386,-0.452639
0.003582,-0.100944,-0.014660,-0.158961,-0.027732,-0.168764
0.019777,-0.081856,-0.011669,-0.218809,-0.890912,-0.119006
0.003188,-0.090558,-0.005262,-0.057067,-0.717697,-0.553693
0.021661,-0.090348,-0.034850,0.094526,1.374913,-0.086441
0.010757,-0.076841,-0.021274,0.271764,0.167642,-0.567656
0.003276,-0.084853,-0.005252,0.187133,-0.105322,-0.348675
0.014785,-0.070972,-0.040200,0.196869,0.170826,-0.263354
0.000188,-0.072688,-0.003480,0.198365,-0.070968,-0.138015
0.005843,-0.064449,-0.009119,0.087806,0.200489,-0.375138
0.020233,-0.050824,-0.017135,0.204687,0.313687,-0.491153
0.012178,-0.064669,-0.005003,0.407237,-0.231279,-0.033479
0.020299,-0.051595,-0.016872,0.742991,0.024731,-0.133291
0.012769,-0.050975,0.002347,0.449561,0.411022,-0.061065
0.022413,-0.039647,0.014239,0.338122,-0.248335,0.198307
0.014345,-0.042739,0.015621,0.534251,-1.146965,0.397594
0.016941,-0.054136,-0.002879,0.642082,-0.552069,0.541811
0.024901,-0.034356,-0.017899,0.804770,-0.066327,0.360693
0.002413,-0.036476,0.001562,0.528641,-0.787541,0.636440
0.018444,-0.044775,-0.011669,0.672960,0.306850,0.398641
0.013439,-0.033335,-0.003224,0.722088,-0.627732,0.070495
0.002472,-0.043061,0.012398,0.752763,-0.583373,0.384342
0.013731,-0.034428,0.002603,0.333799,-0.345242,0.934515
0.008745,-0.036618,-0.002423,0.706461,-0.302466,0.637468
0.004169,-0.049350,0.011643,0.963626,-2.010765,0.694845
0.015927,-0.041115,-0.018310,1.267193,-0.246878,0.722519
0.000755,-0.051540,0.011708,0.593390,-0.807433,0.826021
0.010819,-0.044404,-0.009956,0.430243,-0.321829,0.851965
0.006421,-0.042838,-0.002833,0.540015,-0.576769,0.862344
0.011102,-0.055758,-0.014092,0.783798,0.486114,1.262753
0.004015,-0.055886,-0.017689,0.861516,-0.098462,1.312889
-0.003312,-0.064860,0.005432,0.399645,-0.184994,1.155969
0.002699,-0.067735,-0.005899,0.811751,0.247083,1.286508
-0.005570,-0.072432,-0.004940,0.882458,-0.421434,0.957086
-0.011324,-0.080740,-0.007619,0.675740,0.065496,1.771912
-0.019002,-0.084459,-0.009391,0.898440,-2.318372,1.197528
-0.017580,-0.086271,0.005813,0.611572,-0.958540,1.556925
-0.008741,-0.099811,-0.021458,0.312384,-0.388278,1.651043
-0.011416,-0.086957,-0.014781,0.530190,-0.635699,1.349935
-0.025189,-0.105546,-0.013219,0.345731,-0.256626,1.424443
-0.018499,-0.103195,-0.028692,0.343492,-0.562536,1.635386
-0.027664,-0.114339,-0.010987,0.372282,-0.450822,1.993434
-0.021109,-0.122591,-0.021838,0.708122,-0.213104,1.652024
-0.033789,-0.121767,-0.038418,0.632629,-0.325866,1.727753
-0.036760,-0.138275,-0.012040,0.559384,-0.334312,1.613764
-0.040321,-0.137993,-0.008361,0.476690,-1.736005,1.780611
-0.028311,-0.133732,-0.003572,0.540205,-0.093289,1.703165
-0.033448,-0.151585,-0.017332,0.969843,-0.489220,1.720723
-0.046988,-0.148014,-0.021681,0.558613,-2.167573,1.881316
-0.064864,-0.162434,-0.010878,0.359156,-1.608180,1.473007
-0.055483,-0.156827,-0.029802,0.568083,-0.862052,1.754400
-0.052384,-0.155951,-0.019905,0.152854,-0.495210,1.658996
-0.051199,-0.170636,-0.031853,0.516979,-0.208148,2.173335
-0.055808,-0.159299,-0.025679,0.584630,0.340938,1.926016
-0.061496,-0.165079,-0.028617,0.739229,0.123093,1.146112
-0.065238,-0.161255,-0.036396,0.977114,-0.006071,1.306872
-0.075263,-0.175783,-0.015720,0.225738,-0.752219,1.212611
-0.066134,-0.172438,-0.009290,0.387509,-1.226442,1.386511
-0.071665,-0.170023,-0.016875,0.567118,-1.432497,0.936223
-0.064037,-0.179840,-0.028068,0.776157,0.319163,1.087045
-0.066702,-0.157283,-0.036196,0.709976,-1.032102,1.635353
-0.080327,-0.161409,-0.008873,0.271350,-0.851896,1.382441
-0.060629,-0.157457,-0.026910,0.703362,-0.030739,1.381971
-0.056845,-0.147443,-0.026588,0.654651,-0.227166,1.528145
-0.076054,-0.152041,-0.008702,0.515469,-0.736092,0.972228
-0.053904,-0.153361,-0.010448,0.534609,0.172818,1.285520
-0.058519,-0.137510,-0.019721,0.991721,0.107993,1.311750
-0.064795,-0.148145,-0.009894,0.752487,-0.513146,1.031696
-0.055680,-0.136581,-0.028787,0.973398,0.137076,0.570450
-0.054527,-0.131789,0.000975,0.564498,-0.177841,1.032690
-0.036257,-0.127059,-0.015513,0.864720,0.125981,1.209036
-0.040111,-0.116043,-0.009240,0.884608,-0.993954,1.084329
-0.058217,-0.126156,0.007146,0.334176,-2.576496,0.736082
-0.042524,-0.101328,0.002892,0.285537,-1.708199,1.298285
-0.035716,-0.094116,-0.011256,0.723388,-0.316429,0.695994
-0.024894,-0.092623,-0.008945,0.825787,-0.210341,1.130333
-0.026883,-0.079309,-0.013967,0.906226,-0.242801,0.315313
-0.037140,-0.086491,-0.005360,0.653512,0.060733,0.159751
-0.020774,-0.071247,0.002704,0.762154,0.363118,0.871423
-0.026397,-0.068556,0.009378,0.978998,-0.405774,0.387677
-0.013261,-0.071713,0.008813,1.319082,-0.051789,0.290274
-0.004178,-0.046944,0.008239,1.120255,0.144074,0.889464
-0.013179,-0.070565,0.003591,1.310967,-0.441513,0.104908
-0.000390,-0.040839,-0.002863,1.194182,-1.029040,0.841491
-0.012148,-0.036411,0.017997,0.760693,-1.021451,0.532469
0.012477,-0.023875,0.009453,0.506261,-1.284489,0.630538
0.002423,-0.020002,0.007927,1.067525,-0.102562,0.631135
0.010855,-0.031139,0.009726,1.080888,-0.140802,0.490411
0.017781,-0.014287,0.011121,0.758481,-0.005819,0.252989
0.013048,-0.020560,0.012099,0.991524,-0.394538,-0.281215
0.029792,0.002164,0.004126,1.173633,-0.183871,0.313917
0.018865,-0.002300,0.019589,0.813478,-0.267826,-0.219082
0.031177,-0.009600,0.019806,1.157110,0.323233,-0.387408
0.015083,-0.001371,0.023689,1.230275,-1.128951,-0.535493
0.039170,-0.012905,0.005767,1.148158,0.136183,-0.688582
0.038792,0.001167,0.012883,1.209199,1.041040,-0.550759
0.015008,-0.011540,0.025150,0.734443,-1.407584,-0.913590
0.024963,-0.001857,0.007792,0.916277,-1.097219,-1.024441
0.036544,0.009343,0.015834,0.560802,-0.432260,-0.215291
0.037873,0.002759,0.010008,0.417491,-0.470106,-0.298139
0.033862,0.001505,-0.009234,0.662354,-0.203940,-1.151416
0.029247,-0.007863,0.010011,0.588020,-0.173318,-0.695528
0.038687,0.000714,-0.008423,1.051619,0.021426,-0.989454
0.020040,-0.006807,0.007326,0.687797,0.048775,-1.359194
0.029923,-0.022431,0.008465,0.490374,0.260610,-1.855781
0.038474,-0.003764,-0.024192,0.279271,1.076165,-1.084264
0.029913,-0.014579,-0.010740,0.506980,0.647039,-0.949474
0.027271,-0.011415,-0.020230,0.241671,0.293573,-1.785281
0.031827,-0.014753,-0.005850,0.171059,-0.226750,-0.745591
0.035510,-0.022408,-0.017807,0.117992,0.145006,-1.029056
0.040834,-0.014563,-0.017827,0.548874,0.492528,-1.241269
0.024248,-0.036161,0.006039,0.241805,-0.110266,-1.279765
0.040516,-0.023143,-0.001113,0.085637,0.002292,-0.764537
0.028899,-0.031884,-0.000818,0.494487,0.028680,-1.036648
0.034706,-0.043176,-0.003805,0.607275,0.604712,-0.855966
0.034108,-0.046015,-0.007819,0.647817,0.573758,-1.201115
0.025111,-0.056319,-0.012664,0.526379,0.503186,-1.642294
0.038736,-0.054858,-0.031387,0.473384,0.375446,-0.859045
0.028262,-0.063018,0.006315,0.429584,-0.174963,-0.975752
0.034066,-0.065480,-0.007983,0.282727,0.456766,-0.932762
0.027471,-0.072826,-0.015329,0.193763,-0.007266,-1.265457
0.035398,-0.080415,-0.030993,0.174991,0.428284,-0.503501
0.040749,-0.065756,-0.017886,-0.168690,-0.092931,-0.475570
0.031056,-0.092140,-0.012155,-0.089255,0.113560,-0.682941
0.034975,-0.081305,-0.035067,0.053446,0.121123,-0.629156
0.017483,-0.097211,-0.011925,0.136153,-0.045749,-0.727898
0.033691,-0.093040,-0.035782,-0.028382,-0.141682,-0.395334
0.032037,-0.097963,-0.025764,-0.235780,1.310521,-0.343892
0.031318,-0.102010,-0.032605,-0.244563,0.926338,-0.085839
0.018431,-0.107161,-0.030639,-0.480600,-0.203556,-0.364098
0.027891,-0.112120,-0.032752,-0.167879,0.387125,-0.043778
0.029647,-0.105408,-0.020496,-0.069288,0.309699,0.164768
0.022482,-0.125184,-0.029335,-0.150696,-0.477160,-0.239411
0.022246,-0.112291,-0.015342,0.374265,-0.600813,0.354720
0.009451,-0.118741,-0.011010,-0.348610,-0.588881,0.411798
0.024284,-0.105152,-0.050898,-0.500646,0.477576,0.117317
0.005961,-0.119762,-0.011817,-0.022017,0.746927,0.138088
0.013042,-0.129054,-0.013603,-0.264934,0.005988,-0.140085
0.009828,-0.123960,-0.026746,-0.376554,0.172700,0.027099
0.012303,-0.130197,-0.038303,0.005706,0.671861,0.446924
0.008824,-0.121035,-0.020063,-0.259958,-0.006980,0.448939
0.008243,-0.130479,-0.009736,0.038655,-0.128339,0.691977
0.011971,-0.115150,-0.031732,0.043707,0.242974,0.995901
-0.002803,-0.122302,-0.000292,-0.246635,0.328977,0.436675
0.003890,-0.121406,-0.023680,-0.180960,-0.589653,0.779539
-0.006784,-0.124574,0.008944,0.179596,-1.116871,0.405505
-0.000669,-0.121492,-0.010350,0.528638,-0.454994,0.605997
-0.004887,-0.110331,-0.017643,-0.182030,-0.121886,0.884196
-0.001362,-0.116552,-0.042337,-0.546745,1.069292,0.844971
-0.001989,-0.113039,-0.034019,0.426613,0.838474,0.826698
-0.029220,-0.114503,-0.031265,-0.324258,-0.353636,1.094545
-0.017817,-0.106340,-0.008134,0.451376,-0.135754,1.099212
-0.031475,-0.106140,-0.002170,0.104747,-0.505120,0.969464
-0.023118,-0.095951,-0.013340,-0.276859,0.046270,1.343163
-0.026331,-0.099384,-0.005820,0.846207,-0.191959,0.827928
-0.019806,-0.104141,-0.022849,0.294442,0.201264,1.049907
-0.021404,-0.088835,-0.013721,0.715559,0.439050,0.933938
-0.034685,-0.094983,-0.017135,0.701478,-0.038325,1.066604
-0.022566,-0.089698,-0.024829,0.793301,0.572980,0.945400
-0.037672,-0.088749,-0.008449,-0.137878,-0.948669,0.789198
-0.021825,-0.076187,-0.012329,0.814577,0.032346,1.096848
-0.039599,-0.083983,0.017498,0.557671,-1.043620,1.181840
-0.022835,-0.070312,-0.004848,0.396795,-0.290501,1.234284
-0.032309,-0.065585,0.001562,0.291301,-0.282600,1.424130
-0.025146,-0.065644,0.017436,0.671913,-1.052135,1.417631
-0.027881,-0.064134,0.012204,0.676548,-1.063354,1.417493
-0.022941,-0.079644,-0.003158,0.996569,0.115497,1.364794
-0.018713,-0.054129,-0.007737,0.686976,0.214922,1.266498
-0.035726,-0.078971,0.008199,1.233380,-0.315136,1.012709
-0.021257,-0.061485,-0.003224,1.110456,0.118793,1.305815
-0.022583,-0.069701,0.010832,1.569345,0.498692,1.217645
-0.041289,-0.076893,0.042639,1.383188,-3.813795,1.155240
-0.014698,-0.061131,0.004795,1.198419,0.156718,1.007874
-0.028481,-0.089662,0.012578,1.651435,-0.923234,0.842981
-0.010106,-0.065743,-0.005032,1.833236,0.102344,1.377494
-0.027887,-0.072065,0.010421,0.542605,-0.566141,1.449015
-0.008918,-0.065720,0.007116,1.245063,-0.458362,1.736133
-0.011166,-0.080527,0.001431,1.175275,-0.251443,1.130549
-0.004050,-0.076207,-0.008709,1.371955,0.228580,1.070671
-0.009056,-0.075889,0.000489,1.754845,0.110196,0.559818
-0.009092,-0.080566,-0.019806,0.976284,0.035517,0.826277
-0.009213,-0.079680,-0.021956,1.156489,0.484762,0.812612
-0.018887,-0.085030,-0.013465,0.674539,0.103240,0.525921
-0.004835,-0.084328,-0.024934,0.712123,0.772014,0.841111
-0.010671,-0.085332,0.005964,1.202624,-0.046120,1.287759
-0.004103,-0.091638,-0.021684,0.446157,0.172700,1.065196
-0.000817,-0.077458,-0.027084,0.499037,0.071115,1.029057
-0.005360,-0.096017,-0.040781,0.125804,0.060707,1.014020
0.000549,-0.083639,-0.051577,0.209214,-0.114316,1.130766
-0.024290,-0.110971,-0.004707,0.741950,-0.101682,0.876919
-0.006512,-0.099142,-0.015503,0.941585,0.483045,0.675771
-0.012246,-0.095331,-0.042048,0.159734,0.512606,0.822109
-0.005219,-0.105519,-0.045039,0.116587,0.339189,0.749941
0.002223,-0.090072,-0.062360,-0.511383,1.194507,0.965203
-0.002668,-0.105352,-0.061904,-0.494518,0.506744,0.943303
-0.006279,-0.119246,-0.036790,1.198242,0.149218,0.495733
-0.020210,-0.119279,-0.014505,0.428566,0.171059,0.643876
-0.006174,-0.110873,-0.055519,-0.471278,-0.010795,0.905348
-0.012916,-0.107696,-0.044195,-0.973898,-0.617393,0.521483
-0.000896,-0.122644,-0.015858,0.554815,-0.198166,0.578638
-0.008252,-0.107285,-0.034998,0.132897,0.356179,0.706882
-0.007559,-0.134638,-0.024189,0.672070,0.549714,0.189521
-0.004657,-0.107052,-0.069719,-0.167006,-0.276213,0.801203
-0.016510,-0.118560,-0.073287,-0.773144,0.771863,0.616769
-0.007424,-0.111786,-0.053235,0.134922,-0.109606,0.480959
-0.025468,-0.129471,0.011836,1.283910,-0.382633,0.242634
-0.004142,-0.112780,-0.062744,-0.951108,0.330687,0.625622
-0.015729,-0.108313,-0.047366,-0.831391,-0.027187,0.332950
-0.009292,-0.111854,-0.075516,-1.264506,0.170376,0.620420
-0.007713,-0.109544,-0.066522,-1.297835,-0.357965,0.448170
-0.007986,-0.104951,-0.040529,-0.523019,0.175205,0.077711
-0.013431,-0.103609,-0.013741,0.463268,-1.540733,0.088244
-0.017994,-0.102454,-0.023299,-0.331873,-0.799397,0.401668
-0.000876,-0.098482,-0.017121,0.183670,-0.069586,0.415211
-0.002816,-0.099805,-0.011174,0.664143,-0.094796,-0.213396
-0.007185,-0.092107,-0.040876,-0.276961,-0.450756,0.211982
0.003857,-0.086869,-0.031784,0.678668,0.467785,-0.072057
-0.007884,-0.095153,-0.011896,0.319005,0.014795,-0.618682
0.000831,-0.087305,-0.006539,0.330749,-0.400781,0.072561
-0.001749,-0.074234,-0.011397,0.287602,0.220932,-0.358982
0.012336,-0.075734,-0.011938,0.728312,0.129749,0.506378
0.002200,-0.070177,-0.002433,0.460635,-0.503019,-0.294761
-0.000118,-0.075754,0.002905,0.248029,-1.297133,-0.671145
0.012385,-0.067765,-0.007488,0.401266,-0.293567,-0.376467
0.001543,-0.057271,0.010343,0.266292,-1.729657,-0.229103
0.007652,-0.059470,0.014186,0.335545,-1.275666,-0.558899
0.014949,-0.046304,0.018447,0.677142,-0.616470,-0.350231
0.020552,-0.055390,0.006643,0.770954,-0.207203,-0.251942
0.016022,-0.040442,0.015506,0.895125,-0.733574,-0.478916
0.006299,-0.060507,0.015165,1.076234,-0.216975,-1.214179
0.020732,-0.035758,-0.003663,0.720962,-0.093276,-0.826336
0.007025,-0.039083,0.018421,0.562145,-0.850006,-1.039120
0.024445,-0.034596,-0.001464,0.244274,0.457777,-0.614582
0.020867,-0.027378,-0.001661,0.265179,0.096935,-0.884796
0.011358,-0.042953,0.001789,0.273750,-0.152304,-1.187486
0.022922,-0.015026,-0.022951,0.520166,0.344513,-0.847853
0.017023,-0.021052,-0.005088,0.326758,-0.061055,-0.792422
0.024553,-0.022060,-0.003437,0.148200,-0.119972,-1.181775
0.025242,-0.012981,-0.004576,0.212900,0.123250,-1.137712
0.013304,-0.015121,-0.001911,-0.375001,0.364253,-0.956777
0.030987,-0.000655,-0.028840,-0.361379,0.194545,-0.925384
0.016583,-0.008431,-0.003614,0.134102,0.221999,-1.037972
0.022249,-0.016168,-0.025790,0.449859,1.226655,-0.536612
0.021274,-0.010926,-0.016350,0.247080,0.179600,-0.863835
0.011066,-0.021495,0.005816,-0.213219,0.046461,-1.088180
0.020407,-0.009823,0.001585,-0.049098,-0.113916,-0.920542
0.031653,-0.005467,-0.018956,-0.043058,1.360112,-0.731530
0.021336,-0.017054,-0.007494,0.125774,0.121248,-0.350182
0.028784,-0.012662,-0.001645,0.179636,-0.028402,-0.713190
0.015132,-0.023124,0.006778,0.180174,-0.062135,-0.690315
0.024149,-0.015945,-0.001504,0.236271,-0.003971,-0.362347
0.018572,-0.025402,0.006371,0.246246,1.043035,-0.464300
0.030727,-0.018436,0.001083,0.307697,0.762610,0.002286
0.010002,-0.029567,0.014561,0.241503,-2.081714,-0.135031
0.025269,-0.031372,-0.005416,0.245915,-0.864009,-0.209858
0.025315,-0.018436,-0.000768,0.311097,-0.641128,0.294413
0.008059,-0.041495,0.014817,0.595252,-0.646301,0.234601
0.015464,-0.037842,-0.005892,0.823378,-0.107755,0.123500
0.006148,-0.045805,0.010717,0.155375,-0.527733,-0.011720
0.011088,-0.051927,0.003926,0.377337,-0.220523,0.510897
0.002538,-0.061548,-0.005420,0.464286,0.048837,0.258730
-0.001145,-0.075807,0.005035,0.743946,-0.003120,0.002913
-0.007979,-0.070709,0.017961,0.709136,-2.789454,-0.024800
-0.010451,-0.079421,0.016524,0.585519,-0.986253,0.184777
0.004488,-0.075012,-0.006644,0.813383,0.160476,0.621798
-0.013700,-0.092787,0.011370,0.604728,-0.014885,0.219732
-0.001260,-0.089724,0.011771,0.587357,-0.626380,0.863211
-0.010471,-0.091789,0.018785,0.358122,-1.340481,0.720228
-0.013270,-0.112836,0.006545,0.738018,-0.313511,0.530707
-0.013284,-0.109284,-0.016087,1.032909,-0.437584,0.719864
-0.030057,-0.116483,-0.001983,0.663244,-0.404592,0.610621
-0.012575,-0.126872,-0.006427,0.700861,-0.437846,0.685917
-0.014117,-0.122775,-0.009959,0.800909,-0.446272,0.772827
-0.028376,-0.140756,-0.004665,0.656617,-0.028343,0.987567
-0.016921,-0.122627,-0.010652,0.698556,-0.099631,1.280964
-0.031353,-0.137835,-0.001907,0.812562,-0.408652,1.143765
-0.023393,-0.152882,0.007769,0.758930,-1.806607,0.808927
-0.018168,-0.140802,0.002196,0.787750,-0.028418,1.406738
-0.038647,-0.150203,0.011262,0.882041,-0.919823,1.390641
-0.026630,-0.140579,0.003670,0.371133,-2.264838,1.342865
-0.040754,-0.141062,-0.001966,0.515741,-1.202681,1.266607
-0.025022,-0.139772,-0.008686,0.500461,-0.480200,1.870514
-0.033480,-0.147075,-0.002222,0.665299,-0.632817,1.555639
-0.046423,-0.152268,-0.009969,0.832933,-0.558312,1.426422
-0.038184,-0.144035,-0.025502,0.959605,-0.021102,1.307959
-0.057807,-0.157907,-0.006834,1.126498,-0.313301,1.163226
-0.036481,-0.157644,-0.013235,0.882711,0.325242,0.867994
-0.042218,-0.134989,-0.019971,0.984949,0.599184,1.141831
-0.050378,-0.150952,-0.015526,1.050821,0.281602,1.020742
-0.046407,-0.146110,-0.027061,1.028438,-0.065191,1.171456
-0.061309,-0.150236,-0.019002,0.586655,-0.233301,0.696135
-0.053723,-0.133798,-0.022449,0.063950,-0.291049,0.941356
-0.044779,-0.120359,-0.011873,0.202744,-0.165673,1.107369
-0.048238,-0.134900,-0.034042,0.479359,0.187891,1.335308
-0.049200,-0.122279,-0.050192,0.468802,0.467292,0.756883
-0.062176,-0.126573,-0.016255,0.257042,-0.423154,0.563895
-0.030585,-0.097858,-0.024655,0.340892,1.433498,1.474424
-0.050969,-0.108625,-0.028945,0.363771,-0.112705,1.044086
-0.037393,-0.121347,-0.041750,0.547531,0.579059,0.688497
-0.029407,-0.098222,-0.045633,0.424276,1.124374,0.979869
-0.043945,-0.107006,-0.044120,0.356303,1.817385,1.098591
-0.037432,-0.096260,-0.053064,0.512807,0.717309,0.723284
-0.051074,-0.094812,-0.040095,0.318801,-0.065641,0.908771
-0.030510,-0.080130,-0.032418,0.057759,0.522089,0.756771
-0.034157,-0.073460,-0.033008,0.049704,0.254298,1.081867
-0.021326,-0.077120,-0.026096,0.363137,0.441289,0.818028
-0.027437,-0.059050,-0.031462,0.452626,0.164793,0.978359
-0.023259,-0.070358,-0.029050,0.509245,0.219117,1.006712
-0.020085,-0.055012,-0.039307,0.220256,0.389338,0.308636
-0.024388,-0.059093,-0.028259,0.736885,1.681387,0.739289
-0.013165,-0.046087,-0.044385,0.493486,0.405428,0.816541
-0.027247,-0.054635,-0.001576,0.415794,-0.546682,0.494671
-0.006105,-0.049990,-0.028521,0.315342,1.114208,0.335424
-0.005311,-0.035337,-0.028147,0.182669,1.261885,0.789720
-0.007313,-0.043376,-0.040184,0.099607,0.222104,0.589967
-0.010316,-0.034930,-0.026657,0.043392,0.075560,0.409351
-0.005265,-0.045595,-0.053717,0.223657,0.323876,0.278828
0.005672,-0.033296,-0.024041,0.321358,0.320164,0.422812
-0.009089,-0.042575,-0.013196,0.206014,0.053242,0.747275
0.003870,-0.035564,-0.021536,0.302934,-0.212487,0.137815
-0.004608,-0.041492,0.001733,0.461807,-0.083721,0.163322
0.005764,-0.019103,0.009758,0.091240,-1.400392,0.676584
0.013783,-0.030936,-0.006063,0.489084,-0.187991,0.335743
0.015224,-0.037405,-0.001428,0.380275,-0.683137,0.771083
0.013632,-0.031720,-0.026778,0.254206,-0.431731,0.535144
0.007573,-0.047092,-0.008521,0.640136,-0.024092,0.341356
0.022239,-0.029597,-0.026792,0.635307,-0.130164,0.318539
0.006326,-0.047059,-0.009578,0.300436,-0.692777,0.196364
0.023119,-0.041948,-0.019140,0.647711,0.115770,0.611373
0.021343,-0.038712,-0.001920,0.716610,-0.336761,0.296508
0.024034,-0.053965,-0.010412,0.891301,-0.359291,0.628809
0.026703,-0.052058,-0.004215,0.956484,-0.345813,0.122289
0.013632,-0.068188,0.020187,1.110821,-0.719673,-0.223066
0.021369,-0.056595,0.007904,0.656246,-1.290502,0.133775
0.010379,-0.068159,0.021552,0.641711,-0.695541,0.151546
0.023027,-0.064049,0.007188,0.368199,-0.522734,0.323894
0.014335,-0.068687,-0.001254,0.401168,-0.548278,-0.037385
0.027406,-0.071838,-0.008354,0.314547,0.597996,-0.009733
0.025101,-0.061692,-0.010442,0.256901,0.330516,0.161472
0.024218,-0.080530,-0.016580,0.348987,0.530771,0.099874
0.027744,-0.075357,-0.032319,0.237961,1.330675,0.120822
0.013550,-0.101777,-0.023384,0.277905,0.353536,0.261990
0.025338,-0.084400,-0.024930,-0.338192,0.216166,-0.364824
0.017168,-0.097724,-0.017670,-0.240119,0.342337,0.321324
0.021701,-0.082792,-0.026007,-0.167049,0.014746,-0.056232
0.009930,-0.103258,-0.013750,-0.331328,0.509767,-0.258919
0.027881,-0.091205,-0.026995,0.087790,0.738803,-0.016629
0.000342,-0.104676,0.001152,-0.090400,-0.665188,-0.219386
0.037381,-0.089596,-0.046148,0.319632,2.892459,0.660541
0.010557,-0.097129,-0.017102,-0.412693,1.105119,-0.015327
0.015576,-0.094694,-0.026348,-0.186924,0.107905,0.350334
0.003129,-0.103356,0.000318,-0.279708,-0.629173,-0.033153
0.022295,-0.093571,-0.008325,-0.046219,0.143660,0.310206
0.004661,-0.092567,0.004871,0.167497,-0.918579,0.366201
0.022794,-0.091723,0.009017,-0.145421,-0.155209,0.736861
0.019002,-0.085575,0.001309,-0.117119,-0.254430,0.188149
0.017204,-0.096703,-0.007570,0.040461,-0.117215,0.652762
0.005800,-0.093358,0.015437,0.161576,-2.518577,-0.015330
0.015507,-0.095577,0.001871,0.376310,0.048079,0.166760
0.017319,-0.082244,-0.000827,0.611710,-0.666028,0.213784
0.004868,-0.090400,0.023929,0.135510,-1.810549,-0.116330
0.006162,-0.084121,0.009122,-0.189527,-1.439098,0.246559
0.008893,-0.088976,0.017032,0.486570,-0.804990,-0.496466
0.019281,-0.074494,0.001142,0.650436,-0.075469,0.239942
0.011850,-0.068687,-0.003755,0.277623,-0.386260,-0.518922
0.010422,-0.072252,0.008390,0.548513,0.003527,0.324983
0.014115,-0.060941,-0.014305,1.196548,0.433913,-0.131663
-0.002973,-0.068848,0.027395,0.855240,-0.229970,-1.015647
0.006250,-0.057796,0.010769,1.046022,-0.137615,-0.483144
0.000306,-0.065119,0.020482,0.810888,0.096896,-0.558902
0.007589,-0.060488,0.026558,0.828170,-0.224580,-0.189963
0.012346,-0.037586,0.015319,0.544187,-0.719709,-0.504092
0.009982,-0.052442,0.002987,0.903505,0.255224,-0.329791
0.017049,-0.041206,0.003906,1.024273,0.146329,-0.787656
0.006907,-0.044154,0.013208,0.345120,-0.423568,-0.300135
0.010924,-0.035026,0.010435,0.379497,0.063946,-0.719624
0.015654,-0.030621,0.005012,0.611529,-0.207324,-0.598774
0.022899,-0.040872,-0.012864,0.906279,0.690173,-0.018564
0.027839,-0.021935,-0.006739,0.668660,0.268278,-0.355595
0.005558,-0.033358,0.008399,0.469935,0.166884,-0.818819
0.022226,-0.026373,0.002091,0.870589,0.636459,-0.561447
0.016393,-0.024010,-0.010990,0.450890,0.443226,-0.670657
0.020345,-0.029990,-0.008827,0.471093,0.562838,0.014881
0.021349,-0.014238,-0.007120,0.509534,0.889292,-0.762398
0.016541,-0.030795,-0.014627,0.344953,0.280630,0.016749
0.025252,-0.018535,-0.009644,0.883893,0.457274,-0.276239
0.003184,-0.022385,0.008111,-0.152005,-0.487149,-0.423883
0.015861,-0.026183,-0.005869,0.111121,-0.314401,-0.301947
0.020086,-0.026370,-0.007314,0.527630,0.775782,-0.256150
0.021185,-0.032327,-0.006719,0.485365,-0.297181,0.210324
0.017854,-0.023800,-0.021668,0.252532,0.124599,0.479418
0.023191,-0.038101,-0.021622,0.795559,0.490811,0.571921
0.019295,-0.037993,-0.008062,0.600907,0.121996,0.010768
0.001970,-0.042821,-0.014338,0.522575,0.070725,0.540915
0.013350,-0.051924,-0.022974,0.746582,0.107343,0.163408
-0.006397,-0.053982,0.011968,0.619965,-0.406558,0.313373
-0.000151,-0.059470,0.008488,0.959553,-2.167153,0.241173
-0.006318,-0.066806,0.021831,0.819321,-0.532653,0.539129
0.005338,-0.066271,0.005586,0.814748,-0.925170,0.316288
-0.008793,-0.073424,0.011885,0.801267,-1.241213,0.330458
0.006798,-0.084495,-0.002413,0.935371,-0.240493,1.033166
-0.004779,-0.081009,-0.005630,0.825163,-0.252228,0.517866
-0.003000,-0.099316,-0.004543,1.009407,-0.396832,0.687522
-0.002264,-0.094293,-0.007973,0.926387,0.366607,0.446634
-0.020935,-0.114247,-0.003365,1.362544,0.118428,0.435533
-0.012456,-0.109084,-0.025314,1.238426,-0.201435,0.468006
-0.028780,-0.112094,-0.002866,0.726697,-0.206228,0.142427
-0.018476,-0.123356,-0.013698,0.970086,0.312703,0.674127
-0.031383,-0.125073,0.008639,0.759062,-0.996580,0.624092
-0.018837,-0.130597,-0.007517,0.851722,-0.236426,0.868477
-0.021690,-0.129803,-0.004819,0.597878,-0.363417,0.504664
-0.031173,-0.143169,-0.019317,0.924510,-0.558847,1.028332
-0.018893,-0.134792,-0.020151,1.269113,2.503041,0.612397
-0.038752,-0.148529,-0.009775,0.617484,-0.403338,0.732045
-0.036668,-0.128907,-0.029651,0.822380,-0.168309,1.278676
-0.046453,-0.148555,-0.007957,0.475338,-0.500315,1.145593
-0.031911,-0.138639,-0.020191,0.719781,0.256501,1.037709
-0.042635,-0.151565,-0.005170,0.952174,-0.010181,0.398655
-0.028179,-0.150837,-0.011226,0.440885,0.881933,0.971329
-0.036044,-0.150902,-0.017725,0.755589,0.397002,0.691445
-0.042822,-0.155028,-0.021553,1.204469,0.250632,0.826780
-0.038322,-0.144203,-0.013284,0.822580,-0.021233,1.222110
-0.053956,-0.168949,-0.022153,1.338832,0.306716,0.761098
-0.041847,-0.151598,-0.022948,1.170798,0.299179,0.694885
-0.053090,-0.153617,-0.014381,1.053916,-0.007765,0.597301
-0.045353,-0.150886,-0.019839,1.113594,0.209851,0.780550
-0.052725,-0.150883,0.000138,0.359947,-0.419360,0.658640
-0.036927,-0.140139,-0.012828,0.554625,-0.259377,1.075146
-0.053802,-0.144616,-0.003421,0.401082,-0.314207,0.743750
-0.033231,-0.129875,0.000932,0.047107,-0.343637,0.969924
-0.031347,-0.133624,-0.014413,0.389029,-0.027893,0.965506
-0.022146,-0.133463,-0.018027,0.475886,-0.095944,0.899384
-0.022602,-0.117858,-0.016757,0.659689,0.002457,1.412075
-0.018237,-0.122513,-0.012582,0.839642,0.179255,0.728336
-0.019195,-0.112862,-0.016153,0.778986,0.725994,1.126197
-0.021480,-0.123960,-0.017588,1.137445,1.405856,0.885742
-0.017626,-0.111408,-0.022577,0.612156,0.042798,0.694225
-0.025100,-0.116516,-0.011968,0.983147,0.513562,0.451360
-0.008596,-0.099365,-0.051433,0.631234,0.775855,0.770755
-0.033405,-0.107961,-0.014246,0.146496,-0.395467,0.995415
-0.007375,-0.085122,-0.033934,0.113071,0.223384,0.628484
-0.023009,-0.088405,-0.003555,-0.146849,-0.426207,0.738547
-0.006433,-0.082454,-0.014125,-0.022772,0.319553,0.523256
-0.004628,-0.072442,-0.007822,0.044101,-0.149389,1.111771
-0.002386,-0.081554,-0.016344,0.148502,0.249014,0.465321
-0.000144,-0.060868,-0.009690,0.116538,0.219114,0.637520
0.004675,-0.070496,-0.012382,0.482142,0.742443,0.769826
0.004721,-0.052298,-0.016872,0.306177,-0.312776,0.094319
-0.003896,-0.066997,-0.010448,0.444909,0.557678,0.396117
0.010957,-0.043035,-0.028925,0.721560,1.234227,0.471829
-0.007054,-0.049754,-0.016560,0.444890,0.851531,-0.225036
0.015585,-0.050299,-0.034305,0.771220,2.522932,0.603199
-0.005698,-0.044893,-0.012556,0.196921,-0.063386,0.396445
0.007133,-0.031215,-0.016603,0.239967,-0.040619,0.001948
-0.016701,-0.034491,0.002987,0.119282,-0.343719,-0.761850
0.009089,-0.028494,-0.017417,0.007774,0.322665,0.594103
-0.004257,-0.032042,0.001867,0.031654,-0.551744,-0.179325
0.018051,-0.036171,-0.009444,-0.277926,-0.092488,0.092110
0.007609,-0.023862,-0.003627,0.213898,-0.179407,0.007633
0.012661,-0.039017,-0.010547,0.450450,0.990319,0.397761
0.014496,-0.025795,-0.007474,0.140952,0.809549,-0.301228
0.012520,-0.032098,-0.003818,0.351990,0.007413,0.242239
-0.002051,-0.018108,0.005445,0.240131,-1.285822,-0.606620
0.019485,-0.023616,-0.001087,0.298083,-0.335136,0.156324
0.016859,-0.018446,-0.009198,0.508004,0.297301,-0.338677
0.011538,-0.028385,-0.011249,0.473256,0.870182,-0.019102
0.005216,-0.026708,-0.011515,0.535669,-0.486486,-0.246585
-0.005425,-0.032813,-0.001090,0.231013,-0.265161,-0.281172
0.004097,-0.033959,-0.006936,0.245140,-0.022680,-0.230780
-0.002967,-0.038738,0.007956,0.324447,-0.184107,-0.198471
0.003929,-0.034793,0.013225,0.104977,0.167383,-0.131654
-0.005330,-0.037405,0.002619,0.604442,0.042919,-0.363604
0.010767,-0.052636,0.004011,0.260282,-0.015426,-0.081718
-0.002727,-0.053381,0.016799,0.510522,-0.568176,-0.448872
0.010009,-0.045145,0.008698,0.437937,0.290720,-0.100559
0.005778,-0.057615,0.011590,0.357065,-0.722854,0.147203
0.001881,-0.062775,0.013149,0.310566,-1.589782,0.378809
-0.004103,-0.070545,0.017518,0.583418,-1.415002,-0.042345
0.008403,-0.080048,0.013940,0.592166,-0.673926,0.317568
0.007806,-0.067814,0.011731,0.711962,0.574336,-0.034949
0.008656,-0.082303,-0.001271,0.534471,0.081383,0.366240
0.001471,-0.077261,0.003853,0.776590,-0.564608,-0.013275
0.004209,-0.086596,0.009483,0.763027,-0.004827,0.130758
0.002905,-0.086461,0.006857,0.750816,-0.878547,-0.512488
-0.007231,-0.111310,0.011574,1.096352,-0.029235,-0.751430
0.021517,-0.095249,-0.015933,1.202168,0.532738,0.234904
-0.004158,-0.108401,0.026135,0.565457,-0.164298,0.054071
0.003362,-0.099572,-0.005193,0.589652,-1.255233,0.013740
-0.001027,-0.109636,0.021618,0.334557,-1.165760,0.016740
0.012822,-0.103471,0.006473,0.478630,-0.789451,0.540023
-0.000958,-0.105782,0.009227,0.479401,-0.453159,0.510855
0.005991,-0.102831,0.008347,0.123309,-0.545635,0.151733
0.012523,-0.107522,-0.002298,0.615537,-0.059785,0.178423
0.005837,-0.107840,-0.001395,0.647892,0.291272,-0.159124
0.013691,-0.099207,0.002087,0.499391,0.320121,-0.297344
0.011761,-0.111086,-0.013970,0.571710,0.329486,-0.114620
0.009556,-0.101364,-0.009263,0.586386,0.192067,-0.609024
0.017909,-0.106652,-0.017545,0.903026,0.871695,-0.202048
0.020073,-0.096578,-0.021615,0.236468,0.492190,-0.065994
0.016757,-0.111930,-0.020529,0.340147,0.549032,-0.137298
0.011243,-0.110479,-0.019859,0.368271,0.257810,-0.130422
-0.006535,-0.102401,-0.015930,0.108089,-0.011573,0.237054
0.015490,-0.092340,-0.028731,-0.017471,0.223709,0.064020
-0.000695,-0.099969,-0.006306,-0.115153,0.136436,0.034110
0.016839,-0.094287,-0.024175,-0.095505,-0.127265,0.073529
0.003115,-0.091638,-0.010117,0.104685,-0.357121,-0.032303
0.009283,-0.086074,-0.028456,-0.034162,0.640264,0.371958
0.023719,-0.066977,-0.012874,0.269158,0.481817,0.582320
0.019666,-0.081249,-0.017748,0.087872,-0.158504,0.416974
0.019206,-0.078777,-0.018960,0.325051,0.078468,-0.121313
0.016797,-0.089882,-0.021435,0.646120,0.900351,-0.036699
0.024668,-0.069613,-0.033924,0.300827,1.287429,0.168966
0.010681,-0.078836,-0.020240,0.213868,0.468799,0.024148
0.005912,-0.061462,-0.028196,-0.015961,0.103405,0.239213
0.003893,-0.069252,-0.017059,-0.128930,0.300439,0.145030
0.017516,-0.061827,-0.027990,0.142045,0.342149,-0.000582
-0.003902,-0.070483,0.000325,-0.035525,-0.416392,-0.020648
0.009821,-0.054881,-0.012414,-0.021692,0.033344,0.091838
0.004599,-0.056273,-0.003929,-0.020261,-0.638765,0.165479
0.013977,-0.051225,-0.004461,0.165367,0.788689,0.349165
0.003756,-0.044354,0.008015,0.297367,-1.629194,0.095708
0.005866,-0.052853,-0.009953,0.624324,-0.425239,0.654238
0.008614,-0.044646,-0.010570,0.346101,-0.232743,0.160533
0.014492,-0.045589,-0.014230,0.168860,0.173534,0.395244
0.011903,-0.036943,-0.031003,0.155812,0.501492,0.312949
0.012152,-0.058515,-0.025072,0.360639,1.652502,0.601263
0.009007,-0.044738,-0.026096,0.521173,0.137483,0.343962
-0.008603,-0.058196,-0.002383,0.183916,-0.043691,0.230931
0.000634,-0.050112,-0.026473,-0.001834,-0.005638,0.021029
-0.008856,-0.048901,0.000761,0.036403,-0.783842,0.373179
0.007911,-0.057743,-0.009342,0.287116,0.500708,0.570848
0.003460,-0.053995,-0.005114,0.473375,-0.097090,0.561328
0.009395,-0.071418,-0.008613,0.835516,0.814141,0.401526
0.011630,-0.060707,-0.000857,0.650784,-0.773610,0.474702
0.009651,-0.072091,-0.003237,0.701133,-0.497236,0.372447
0.004734,-0.053601,-0.009020,0.675980,-1.162461,0.924107
0.004350,-0.063077,0.004077,0.648516,-0.391170,1.086932
0.012927,-0.069416,-0.033823,0.884828,-0.437354,0.871408
-0.006906,-0.084787,-0.011302,0.328137,-0.491373,0.428170
0.012835,-0.073125,-0.025423,0.487676,-0.327274,0.750332
-0.020095,-0.081754,-0.002268,0.380298,-0.529075,0.931834
0.003092,-0.070112,-0.020637,0.251295,-0.468452,1.341295
-0.010224,-0.096000,-0.014072,0.598564,-0.650105,1.060545
-0.000197,-0.090240,-0.013265,0.122091,0.075839,1.236294
-0.011488,-0.095091,0.000742,0.447207,-0.518335,1.165898
-0.002888,-0.105782,0.002793,0.230028,-0.315412,1.272358
-0.011226,-0.104751,-0.008239,0.643553,-0.541883,1.137551
-0.008304,-0.110801,-0.008571,0.475259,-0.835077,1.242793
-0.010313,-0.104499,-0.000824,0.536548,-0.192241,1.591562
-0.002970,-0.109317,-0.001815,0.506278,-0.372464,1.419021
-0.010385,-0.106468,-0.008443,0.530998,-1.121391,1.875424
-0.004434,-0.115672,-0.017817,0.602706,0.064800,1.695911
-0.008829,-0.112114,-0.011417,0.573821,-0.128332,1.244884
-0.013034,-0.128483,-0.024921,0.691736,0.067446,1.393007
-0.012437,-0.122552,-0.013153,0.574083,0.210750,1.445218
-0.015870,-0.132353,-0.018415,0.696722,0.451740,1.505326
-0.014711,-0.129836,-0.022176,1.061995,0.327753,1.073373
-0.031915,-0.134582,0.005281,0.556151,0.069563,1.323863
-0.013530,-0.121465,-0.021855,0.826210,0.398817,1.511257
-0.024949,-0.135692,0.012837,0.506833,-1.020203,1.270441
-0.025517,-0.127810,-0.009972,0.480061,-1.839769,1.688709
-0.029998,-0.129668,0.014259,0.181937,-1.249370,1.095316
-0.017416,-0.122234,-0.022268,0.771066,-0.250163,1.365185
-0.030375,-0.138061,0.008701,0.519191,-0.320795,1.045830
-0.016819,-0.124219,-0.006907,0.505795,-0.459041,1.201008
-0.027152,-0.126386,0.004595,0.551011,-0.498102,0.900034
-0.015916,-0.119942,-0.008676,0.576591,0.360331,1.020339
-0.018128,-0.122020,-0.005620,0.671352,0.191820,0.785759
-0.012013,-0.125821,-0.017571,0.673278,0.449049,0.967131
-0.015542,-0.105920,-0.011768,0.478341,0.069943,0.952238
-0.016582,-0.122854,-0.002052,0.757814,-0.071572,0.913876
-0.022008,-0.108451,-0.015474,0.759367,-1.375744,0.937024
-0.018493,-0.115360,0.002901,0.582972,0.012488,1.059580
-0.012381,-0.092298,-0.006634,0.698300,-0.810101,0.889113
-0.019714,-0.107663,0.012978,0.413244,-0.488288,0.989402
-0.008918,-0.091766,-0.007566,0.625903,-0.977076,1.063000
-0.018831,-0.092081,0.005527,0.355899,-0.596257,1.096005
-0.001027,-0.082900,0.007126,0.232063,0.068007,1.168367
-0.006545,-0.082454,-0.002154,0.372013,-0.253685,0.313442
0.005131,-0.075478,-0.007691,0.485273,0.017283,1.018993
0.005206,-0.060090,-0.009562,0.764530,1.181508,0.934355
0.014167,-0.074976,-0.010609,0.776557,0.154873,0.631182
0.008525,-0.066836,0.013192,0.631654,-0.721656,0.221370
0.013783,-0.071713,-0.003631,1.033841,-0.012636,0.593986
0.014128,-0.053696,0.008071,0.818838,-0.192107,0.539773
0.006099,-0.069632,0.007615,0.613344,-1.946229,0.990071
0.012940,-0.044210,0.019123,0.605125,-1.461760,0.579871
0.020115,-0.063668,0.001884,0.750229,-0.740559,0.823819
0.025459,-0.038692,0.000157,0.804333,-0.094461,0.771500
0.020929,-0.046537,0.008669,0.750517,-0.505478,0.559799
0.026030,-0.038098,-0.005722,0.610121,0.359349,0.610929
0.018339,-0.040156,0.002947,1.253833,-0.189770,0.421907
0.010997,-0.032410,0.034449,0.684297,-4.243193,0.151421
0.021986,-0.038036,0.011810,1.024703,0.029901,-0.086533
0.025042,-0.030870,0.011078,1.020186,-0.373153,0.008241
0.014368,-0.042533,0.020666,0.856960,-0.682713,0.261632
0.026378,-0.033142,0.005734,0.836458,-2.083507,0.122542
-0.001962,-0.037655,0.032650,0.648808,-2.037871,-0.262406
0.029086,-0.025917,0.013258,0.953638,-0.217024,0.061636
0.018858,-0.027190,0.029706,0.930313,-0.610437,0.060087
0.030668,-0.022625,0.014275,0.725069,-0.048796,0.055967
0.013892,-0.026856,0.015687,0.964779,-0.284632,-0.385593
0.031157,-0.031845,0.008173,1.043652,0.381946,-0.282708
0.026831,-0.028421,0.011393,1.130808,0.183982,-0.533139
0.017847,-0.035164,0.014551,1.292057,-0.412861,-0.306877
0.020860,-0.030283,0.016724,0.960820,0.053620,-0.492256
0.018418,-0.042634,0.020499,0.788479,-0.920936,-0.256281
0.015618,-0.032915,-0.007691,0.924470,-0.141882,-0.856173
0.016570,-0.044151,0.017489,0.571730,-0.073775,-0.840887
0.011837,-0.031769,-0.007573,0.755858,-0.137533,-0.441736
0.000791,-0.047233,0.015286,0.124678,-0.523597,-0.655715
0.002692,-0.050561,0.004605,0.227021,-0.027519,-0.849448
0.001304,-0.054589,0.021628,0.355634,-0.090302,-1.067667
0.006214,-0.049990,-0.002403,0.428146,0.250868,-0.606990
0.000522,-0.042812,-0.008128,0.609353,0.988186,-0.727564
0.006693,-0.059375,-0.009736,0.221901,0.307651,-0.592662
-0.000019,-0.063392,-0.011850,0.978197,0.801415,-0.956468
0.009224,-0.068703,-0.020289,0.793997,0.584131,-0.664272
0.000568,-0.063898,-0.015799,0.427512,0.647945,-0.437649
-0.015178,-0.086140,-0.017341,0.277830,0.373159,-0.618190
-0.003476,-0.076683,-0.035605,0.058622,0.249755,-0.605930
-0.017331,-0.080103,-0.020230,0.081202,0.646116,-0.731503
-0.005609,-0.077363,-0.021051,0.214334,0.098661,-0.532393
-0.023630,-0.090617,-0.003335,-0.304593,-0.222958,-0.757779
0.001441,-0.078758,-0.025912,-0.007998,1.290928,-0.139137
-0.017656,-0.087239,-0.007021,-0.117976,-0.716342,-0.230494
-0.000193,-0.092084,-0.028078,-0.289205,1.420266,0.259715
-0.006466,-0.083317,-0.032513,0.037995,0.760654,0.338664
-0.006525,-0.100336,-0.027848,0.417852,0.286719,0.290278
-0.010992,-0.093099,-0.024077,0.027199,0.187717,0.177136
-0.014731,-0.105063,-0.026322,-0.102821,0.089937,0.246359
-0.013878,-0.107643,-0.033274,0.293943,-0.210863,0.162555
-0.023968,-0.114047,0.000794,-0.072741,-0.730167,-0.066516
0.005147,-0.098111,-0.013796,0.312227,0.674450,0.496905
-0.021115,-0.103658,0.025911,-0.297729,-2.729733,0.414108
-0.003367,-0.105388,0.000660,0.339300,-0.133102,0.746107
0.000089,-0.097300,-0.003496,0.383111,0.382116,0.845033
-0.009197,-0.107663,-0.003148,0.265501,-1.274757,0.800973
-0.004181,-0.094740,-0.015461,0.389492,0.032094,0.906307
-0.011081,-0.110545,-0.007225,0.586438,-0.236827,0.672810
-0.005741,-0.096798,-0.011541,0.538482,0.127409,0.953547
-0.013044,-0.112517,0.003670,0.577543,-0.747055,0.803721
-0.005002,-0.114379,-0.019445,1.015706,0.200046,0.681765
-0.018007,-0.108007,0.018841,0.696338,-0.765470,0.884935
-0.004290,-0.105506,-0.005124,0.871272,-0.047706,0.356705
-0.022461,-0.110450,0.021572,0.714283,-1.512290,0.537823
-0.006893,-0.101722,0.020623,0.693383,-0.809845,0.504727
-0.012896,-0.096765,0.019064,0.523996,-2.398752,1.059797
-0.005176,-0.109665,-0.002534,0.905301,-0.242853,0.916217
-0.008659,-0.100688,0.005954,0.774151,-0.238635,0.720133
-0.017452,-0.105411,0.005078,0.999051,-0.271076,0.604279
-0.020055,-0.096473,-0.014236,1.234086,0.157266,0.058150
-0.020685,-0.095889,0.005892,1.106327,0.727524,0.449095
-0.006066,-0.092738,0.000210,0.787383,0.516545,0.432168
-0.010635,-0.092915,-0.001907,0.877902,0.788101,0.212468
-0.015315,-0.102673,-0.006874,1.132518,0.514934,0.091185
-0.011291,-0.076857,-0.021080,0.703080,-0.177044,0.413487
-0.026748,-0.082303,0.005797,0.577953,-0.399343,0.536940
-0.008639,-0.083389,0.000443,0.684189,0.452167,0.833325
-0.011242,-0.077340,0.006295,0.591093,0.089943,0.059404
-0.013530,-0.086196,0.005797,0.666116,0.074637,0.653463
-0.016110,-0.070545,-0.000742,0.628483,-0.061200,0.518768
-0.021838,-0.077592,0.007582,0.993687,0.156183,0.606029
-0.009207,-0.065447,-0.012001,0.826936,0.398181,0.325147
-0.025491,-0.079388,0.009460,0.670774,-0.306930,0.285183
-0.014098,-0.074431,0.006594,0.786542,0.148289,0.407858
-0.004940,-0.065490,-0.012441,0.585217,1.001598,0.568422
-0.020098,-0.069317,-0.023788,0.609136,0.311061,0.198323
-0.013346,-0.069235,-0.012615,1.325128,0.225905,-0.034773
-0.026522,-0.074983,-0.002433,0.019059,-0.210492,0.427569
-0.013307,-0.059496,-0.023824,0.197732,0.088187,0.434524
-0.015017,-0.065999,-0.003729,0.316113,-0.389073,0.693863
-0.019166,-0.073289,-0.013429,0.381223,0.334951,0.368859
-0.002675,-0.048825,-0.018960,0.418381,0.858132,1.034131
-0.013881,-0.069275,-0.017558,0.591277,-0.013096,0.740264
-0.006217,-0.058160,-0.033836,0.428586,0.832989,0.794985
-0.013257,-0.070423,-0.035204,0.120427,1.594738,0.924596
-0.016536,-0.067617,-0.022334,0.316477,0.664813,0.653706
-0.028951,-0.075219,-0.019862,0.341529,0.127563,0.548353
-0.018874,-0.078305,-0.026204,0.278119,0.128551,0.584410
-0.019563,-0.078577,-0.017870,0.084032,0.205620,0.751431
-0.021926,-0.083868,-0.013872,0.198779,0.156439,0.405176
-0.007241,-0.069015,-0.021986,0.460045,0.661166,1.013084
-0.020354,-0.075268,-0.005141,0.452377,0.267333,0.990776
-0.005915,-0.072084,-0.002403,-0.129320,-0.300542,1.182629
-0.018631,-0.081423,-0.008978,0.420833,-1.050911,0.510946
-0.014160,-0.078236,-0.000877,0.230780,0.052858,1.178184
-0.021936,-0.078932,0.003489,0.450992,-1.423658,0.944963
-0.013310,-0.086009,-0.010274,0.596896,0.234531,1.323547
-0.013142,-0.088434,0.004786,0.655767,-0.184383,1.137876
-0.022054,-0.100441,0.012545,0.648617,-2.304917,1.070127
-0.011816,-0.095997,-0.001848,0.868780,0.405908,0.683255
-0.014321,-0.102726,-0.002784,0.684826,-0.368443,1.236540
-0.007149,-0.088923,-0.006582,0.552360,-1.199513,0.879322
-0.019277,-0.106780,0.007182,0.522378,-0.533454,1.105186
-0.007959,-0.090656,-0.014771,0.731821,-0.375378,1.082728
-0.016842,-0.102949,-0.005003,0.685190,-0.102362,1.163952
-0.008885,-0.092321,0.003134,0.498088,0.217942,1.003043
-0.010484,-0.086406,0.004461,0.648923,-0.657941,1.034545
-0.020416,-0.107144,0.001864,0.658855,-0.530493,0.840819
-0.016983,-0.105933,0.009827,0.570019,-0.986371,0.464448
-0.014738,-0.115048,-0.006496,0.833819,-0.053719,0.923707
-0.013579,-0.109977,0.004228,0.406003,-1.287512,0.423027
-0.017849,-0.113893,0.000469,0.818707,-0.435729,0.684903
-0.011761,-0.109074,-0.019065,0.728758,0.070459,0.794973
-0.031941,-0.107686,0.008665,0.243437,-1.095171,0.229641
-0.005563,-0.090440,-0.012280,0.509422,0.124553,0.906392
-0.013586,-0.088608,0.001651,0.841208,-0.087532,0.579907
-0.004802,-0.103212,-0.015333,0.854850,0.122285,0.464993
-0.013211,-0.101613,-0.001989,0.794371,-0.358648,-0.131417
-0.019225,-0.104062,-0.002807,0.691565,-0.822483,0.329247
-0.006410,-0.104577,-0.024277,0.923423,0.464525,-0.439628
-0.011252,-0.109114,0.002002,0.672812,0.647511,-0.054811
-0.013385,-0.093883,-0.014463,0.429702,-0.403164,-0.252920
-0.011104,-0.093361,0.003118,0.111519,-1.075811,0.284412
0.005331,-0.084961,0.002015,-0.038925,-0.192330,0.192255
-0.000548,-0.081702,-0.003480,0.210875,-0.375375,-0.415571
0.011328,-0.073365,-0.009894,0.089562,0.425589,0.137687
0.013202,-0.072948,-0.015815,0.590679,1.391499,-0.193852
0.018904,-0.068818,-0.012661,0.243177,0.690383,-0.081757
0.002515,-0.071966,-0.002449,0.455810,-0.191962,-0.871341
0.024025,-0.067706,-0.012214,0.294262,0.341375,-0.296901
0.013616,-0.065588,-0.005771,0.670629,0.366577,-0.420341
0.023627,-0.062093,-0.003811,0.848528,0.645174,-0.157210
0.027760,-0.052403,-0.015017,0.502250,1.338839,-0.004912
0.017030,-0.063740,-0.008380,0.349335,0.278418,-0.341516
0.021950,-0.056086,-0.023772,-0.006826,0.771935,-0.572452
0.009861,-0.071264,-0.010297,0.100152,-0.119391,-1.310587
0.024727,-0.049068,-0.014046,0.270234,0.528175,-0.736377
0.023211,-0.040711,-0.002935,0.078271,0.305911,0.029905
0.039012,-0.034747,-0.029762,0.436421,1.905040,-0.798172
0.010251,-0.029094,0.000584,0.032120,-0.557501,-0.891811
0.031505,-0.037872,-0.001336,0.251892,-0.032662,-0.900821
0.026824,-0.032682,-0.008180,0.401627,0.706454,-0.572101
0.044832,-0.021331,-0.018523,0.361299,1.959357,-0.338139
0.032113,-0.027020,-0.008955,0.347283,0.111624,-0.322511
0.029805,-0.039332,-0.025593,0.577411,0.136583,-0.608030
0.035743,-0.021010,-0.013271,0.051352,0.172011,-0.395877
0.025830,-0.037044,-0.024015,-0.069196,0.452797,-0.252703
0.036577,-0.020596,-0.005331,-0.117037,0.229706,-0.174880
0.036426,-0.029360,0.001989,0.190287,0.665903,-0.257256
0.035697,-0.024108,0.001359,0.056354,0.248879,-0.183319
0.039143,-0.014632,0.001999,0.365166,0.391645,-0.597163
0.038241,-0.040140,0.020505,0.041810,-1.798381,0.038354
0.046440,-0.020271,-0.013032,0.517044,-0.232665,0.259006
0.022577,-0.017097,0.010165,-0.108096,-0.234762,-0.549180
0.039508,-0.023317,-0.004655,0.102449,-0.178636,0.165246
0.034023,-0.023005,0.005347,0.163171,-0.637373,0.344471
0.035667,-0.038262,-0.010484,0.355794,-0.208453,0.154802
0.038438,-0.026439,-0.012451,0.599670,1.147778,0.014838
0.032467,-0.056946,0.003105,0.246437,-0.157533,0.140231
0.035464,-0.041124,-0.004320,0.429922,-0.338467,0.175911
0.024711,-0.050726,0.015371,0.337787,-0.910600,0.183878
0.035549,-0.057294,0.015480,0.381076,1.176158,0.200152
0.020621,-0.043727,0.032703,0.001698,-2.900752,0.163228
0.028174,-0.056033,0.010881,0.500993,-0.925256,0.129012
0.018674,-0.052807,0.015050,0.406935,-1.265477,0.047256
0.020194,-0.077238,0.011688,0.707632,-0.790105,0.390524
0.025459,-0.061581,-0.004776,0.913234,0.177735,0.686659
0.002984,-0.083947,0.025659,0.504390,-0.600865,0.395329
0.011916,-0.071080,-0.004064,0.547610,0.660464,0.053141
0.005000,-0.071149,0.016176,0.924267,-0.302955,0.157441
0.005548,-0.087574,0.000909,1.071487,0.048657,-0.089631
-0.015847,-0.093483,0.036740,0.627449,-4.561702,-0.515682
-0.004812,-0.097602,0.028692,0.729126,-0.139827,0.005520
-0.002376,-0.093962,0.008649,0.822199,-0.023839,-0.149785
0.006647,-0.101003,0.010733,0.665118,-0.246398,0.497647
-0.004362,-0.104909,0.009880,0.762318,-0.435145,0.518647
-0.005255,-0.100070,-0.008797,0.807057,-0.164147,0.137123
-0.016592,-0.111969,0.018221,0.466908,-0.588645,0.485613
-0.009013,-0.109875,0.000896,0.627616,-0.873636,0.256266
-0.020876,-0.110269,0.000998,0.856166,-0.176663,0.452332
-0.007484,-0.111723,-0.001730,0.825285,0.342543,0.315839
-0.008603,-0.116890,-0.001287,1.011438,0.001803,-0.035819
-0.010310,-0.121452,-0.007405,0.789624,0.524706,0.245260
-0.008810,-0.115967,-0.011394,1.340946,1.628626,0.223750
-0.021979,-0.132754,-0.001822,0.743145,0.973966,0.075348
-0.020226,-0.116883,-0.028334,0.611907,0.061130,-0.062676
-0.031803,-0.119273,-0.000667,0.477826,-0.614714,0.542268
-0.022432,-0.112757,-0.014000,0.076968,0.278493,0.192212
-0.025445,-0.113673,-0.013035,0.091932,-0.440515,0.823395
-0.009762,-0.116755,-0.004139,0.047685,0.117020,0.893312
-0.017984,-0.114687,-0.012549,0.516378,0.126034,0.128129
-0.018050,-0.114796,-0.021415,0.377216,0.805919,0.674156
-0.013303,-0.108286,-0.037187,0.264753,0.465073,0.314115
-0.023157,-0.118380,-0.036153,-0.011822,0.909696,0.211713
-0.014347,-0.103816,-0.041471,0.209906,0.612458,0.574987
-0.016596,-0.108992,-0.012828,0.390181,0.018915,0.700580
-0.009522,-0.108149,-0.033829,0.146624,0.589878,1.298217
0.000079,-0.098278,-0.031820,0.135152,0.659446,1.215539
-0.023705,-0.102115,-0.006962,0.057424,-0.274877,0.959669
-0.000771,-0.094848,-0.005508,0.353001,-0.139634,0.755397
-0.005294,-0.088841,-0.011696,0.477028,0.261884,1.197794
-0.000833,-0.099368,-0.016140,0.679699,0.372308,1.364512
0.002065,-0.088822,-0.014837,0.713885,-0.439228,1.195782
-0.006148,-0.088273,0.004021,0.291600,-0.824400,1.136924
0.011345,-0.086452,0.016366,0.208141,0.170983,1.327348
-0.005767,-0.074530,0.005120,0.352240,-1.994553,1.338830
-0.000909,-0.092068,0.002435,0.649773,-1.425506,1.329571
0.010268,-0.070936,-0.024619,1.276912,0.279025,1.406970
-0.009824,-0.090702,0.014764,0.604610,-1.570419,1.287385
0.007304,-0.072508,-0.002593,0.389791,-0.124485,1.276592
0.011883,-0.064991,0.002590,0.939727,0.550203,0.972438
0.007153,-0.091027,-0.006040,1.463056,0.364503,1.328110
-0.006962,-0.074392,0.025554,1.178675,-2.580579,0.492775
-0.004286,-0.084390,0.019849,1.355507,-0.614832,0.656503
0.005295,-0.072498,0.006821,1.299535,0.089553,0.578486
-0.005357,-0.075912,0.029985,1.171694,-0.356005,0.679592
-0.000479,-0.068306,0.016868,0.719951,-2.138776,1.200049
0.002262,-0.068579,0.017659,0.691263,-0.213144,0.933498
0.008899,-0.069120,0.002846,0.998847,0.244362,0.787705
-0.001385,-0.056854,0.009525,0.416214,-0.744141,0.836531
0.006615,-0.069495,0.000699,1.301937,0.012731,0.577120
0.000801,-0.064489,0.014561,1.390547,-0.123855,0.381871
-0.014344,-0.066146,0.007730,0.737906,0.184812,0.191017
0.003106,-0.058518,-0.006293,1.234956,1.280992,0.258914
0.002600,-0.065300,0.008462,0.780867,0.083021,0.500337
0.000230,-0.064820,0.006939,1.076939,-0.413908,0.679001
0.010819,-0.067489,-0.003486,1.283641,2.405982,0.592797
-0.017291,-0.081472,0.018542,0.942166,-0.040813,0.479258
0.001267,-0.064591,0.016317,0.802482,-0.106724,0.519888
-0.006305,-0.065927,0.009253,0.571559,-0.468252,0.209586
-0.006118,-0.074248,-0.004330,1.118787,0.240499,0.216610
0.001336,-0.059519,-0.011879,1.075646,1.663501,0.329112
-0.025301,-0.072482,0.016382,0.513591,-0.224078,-0.047948
-0.008140,-0.060156,-0.003736,0.725295,0.197420,0.204583
-0.009837,-0.060294,0.000331,0.832795,0.287832,0.242915
-0.010979,-0.070144,-0.014673,0.827133,0.217302,-0.313350
-0.007487,-0.068405,-0.007061,1.013861,1.497184,-0.012836
-0.020564,-0.072721,-0.019879,0.124924,0.782699,0.570516
-0.010782,-0.064876,-0.019360,0.412118,0.193580,0.080789
-0.022553,-0.077822,-0.001776,0.146181,0.351714,-0.211735
-0.012857,-0.059857,-0.010793,0.004757,0.272411,0.080835
-0.015719,-0.072971,-0.003322,0.271761,-0.128723,0.056243
-0.009295,-0.075731,-0.013977,0.211134,0.072363,-0.165732
-0.002123,-0.063993,-0.017653,0.346131,1.047723,0.000704
-0.021388,-0.073601,-0.025213,0.298522,0.766178,-0.042023
-0.009026,-0.069977,-0.018375,0.508923,1.250512,-0.430497
-0.024608,-0.077005,0.002777,0.539532,0.487374,-0.017057
-0.002074,-0.077645,-0.029601,0.236678,1.841695,-0.047984
-0.006082,-0.068684,-0.028722,0.055396,1.244872,-0.030637
-0.011170,-0.088687,-0.024313,0.412991,1.526952,0.269989
-0.003952,-0.067781,-0.044563,0.059226,1.008829,-0.232720
-0.014862,-0.075183,-0.001054,-0.258947,0.369505,-0.176075
-0.005373,-0.073772,-0.006303,-0.267833,0.130573,0.270701
-0.000124,-0.072751,-0.016744,0.165646,0.226782,0.072646
0.006204,-0.089583,-0.016632,0.213832,0.339523,0.048917
0.004885,-0.066206,-0.030665,0.011391,1.470806,-0.063077
-0.002649,-0.082601,-0.023273,0.324578,1.903520,-0.175714
0.003125,-0.067279,-0.035497,0.112201,-0.196837,-0.051890
-0.005724,-0.065135,-0.002071,-0.193695,0.429341,0.218681
0.011220,-0.067266,-0.036619,-0.274273,2.065915,0.019953
-0.003269,-0.071261,-0.018582,0.054175,0.028769,0.094451
0.002662,-0.076857,-0.013787,-0.311551,0.182794,-0.043490
0.013839,-0.059168,-0.017204,-0.207370,0.203818,0.452726
-0.000564,-0.075856,-0.004674,-0.134753,-0.713893,0.247442
0.018458,-0.059979,-0.024842,-0.063537,-0.969231,0.083573
-0.008527,-0.072015,0.009489,-0.379180,-1.166036,-0.141251
0.007406,-0.068159,0.005629,-0.357722,-1.615378,0.268466
0.025607,-0.045914,-0.024422,0.143595,2.092257,0.428350
0.007747,-0.061883,0.012890,-0.017442,-1.658822,0.437397
0.014138,-0.050470,-0.004757,0.255299,-0.964054,0.584568
0.002321,-0.064893,0.014173,0.039036,-0.781324,0.280887
0.004110,-0.049462,0.003857,-0.066245,-2.690751,-0.317246
-0.000121,-0.055557,0.015368,0.013499,-1.150070,0.030532
0.013954,-0.054320,0.005065,0.208915,-1.328044,0.231837
0.016370,-0.050522,-0.004648,0.370444,-0.214969,0.582244
0.010947,-0.054989,0.005521,0.541006,-0.614294,0.245253
0.016659,-0.039408,-0.000072,0.480228,0.680841,0.080733
-0.001165,-0.054930,0.013261,0.466229,-0.487914,-0.359695
0.010173,-0.029245,0.001286,0.612698,-0.418021,0.395512
-0.005114,-0.047650,0.033999,0.479395,-1.721552,-0.280476
0.002216,-0.039194,0.045094,0.505277,-1.773270,0.007013
0.009953,-0.042762,0.016415,0.889046,-0.052603,0.006567
0.011886,-0.054159,0.020820,0.991721,-0.549833,0.104167
0.019721,-0.042076,0.013756,0.870231,0.676909,-0.076804
-0.006505,-0.042303,0.021677,0.576568,-1.681047,-0.001620
0.008702,-0.035525,0.009240,0.670538,-1.481521,-0.021767
-0.003184,-0.049288,0.023584,0.774348,-0.855008,0.112215
0.006503,-0.039539,0.010179,0.581823,-0.302600,0.021370
-0.000948,-0.041298,0.022829,0.827884,-0.373343,-0.183730
0.001701,-0.047775,0.007723,0.819488,-0.275884,-0.265091
0.008131,-0.039697,0.003003,0.966669,0.205173,-0.252983
-0.004776,-0.048887,0.002885,1.204429,-0.045067,-0.097146
0.009516,-0.029400,-0.014249,1.449279,0.174092,0.074450
-0.014213,-0.050161,0.023364,1.108809,0.448602,-0.254824
-0.001496,-0.047049,0.020646,0.868327,0.018875,0.035130
0.000092,-0.047023,0.010221,0.910389,0.269972,-0.484319
0.000217,-0.062608,0.012141,1.282075,0.087350,0.149159
0.002252,-0.053115,0.009640,0.840929,-0.110157,-0.341799
-0.007812,-0.059273,0.011649,0.508927,0.181586,-0.098688
-0.003518,-0.054842,0.003663,0.674578,0.126004,0.050968
-0.016861,-0.053782,0.017610,0.231511,-1.227572,0.299353
0.001054,-0.052029,0.006417,0.160420,-0.017622,0.284520
-0.004382,-0.063586,-0.001763,0.380669,-0.046238,0.223861
0.004616,-0.064879,-0.014302,0.256402,0.466222,0.029678
0.006135,-0.056457,-0.006969,0.638425,1.068484,0.276767
0.003956,-0.068333,-0.018992,0.648995,0.204175,0.326244
0.006552,-0.063389,-0.024376,0.714237,0.940091,0.107285
0.002118,-0.066741,-0.018664,0.228390,1.688015,0.359278
0.006976,-0.073368,-0.020548,0.413693,0.789273,0.232704
-0.018161,-0.081331,-0.003237,-0.047200,-1.701178,0.286772
0.004415,-0.080195,-0.015421,-0.185394,0.342639,0.855396
0.000306,-0.074622,-0.019439,-0.176594,-0.436044,0.676637
0.003201,-0.085070,-0.015979,0.114768,-0.105464,0.911050
0.013744,-0.071349,-0.023552,0.501732,1.142854,1.121283
0.005489,-0.094152,-0.011236,0.356303,1.691182,1.029438
0.001911,-0.080566,-0.026545,0.428733,-0.598486,1.049431
-0.004572,-0.088411,-0.006683,0.202193,-0.060727,1.023115
0.002968,-0.083747,-0.004044,0.269601,-0.605730,1.545713
0.003375,-0.084508,-0.009920,0.038071,-0.130121,0.987616
0.002656,-0.094100,-0.014102,0.403570,-0.084210,1.434248
0.003936,-0.083363,-0.003476,0.489478,-0.158541,0.728861
-0.016422,-0.099769,0.005737,0.466002,-0.391124,0.892159
-0.020705,-0.090450,0.025370,0.171912,-4.289374,1.000309
-0.001398,-0.086826,0.005685,0.641826,-0.510155,0.950767
-0.008304,-0.105907,0.012962,0.656426,-1.861217,1.042522
-0.004821,-0.091448,-0.007648,0.723116,-0.107925,0.843536
-0.022097,-0.094520,0.006663,0.555734,-0.465343,0.697967
-0.008452,-0.091782,0.002839,0.580868,-0.082578,0.562231
-0.008419,-0.082234,-0.002216,0.946207,-0.042542,1.324135
-0.007904,-0.101466,0.000768,0.956041,0.245636,0.446076
-0.009460,-0.097221,-0.005423,0.936047,0.425408,0.473615
-0.014643,-0.111959,-0.004248,0.913563,0.159859,0.489056
-0.007339,-0.094641,-0.013251,1.057406,0.674293,0.245804
-0.023600,-0.096466,-0.008308,0.717204,0.116091,0.363969
-0.019717,-0.092262,-0.018408,0.331081,0.020300,0.484004
-0.028363,-0.101013,-0.007537,0.065479,-0.323499,0.010483
-0.012568,-0.093916,-0.010205,-0.144022,0.510801,0.641686
-0.008810,-0.079716,-0.020627,-0.103442,0.138084,0.600225
-0.012729,-0.088631,-0.030432,0.033321,0.155014,0.635072
-0.010546,-0.078659,-0.021021,0.070754,0.033085,0.386355
-0.018742,-0.090184,-0.016140,0.213891,0.956454,-0.113423
-0.007392,-0.078052,-0.016780,0.103073,-0.021991,0.628307
-0.006637,-0.070814,-0.007041,0.195447,0.834591,0.607072
0.000808,-0.081164,-0.036596,0.321414,1.658213,0.914427
0.000082,-0.076486,-0.021842,0.189230,0.411422,0.600741
-0.016921,-0.072153,-0.011085,-0.134746,-0.261123,0.572610
-0.002491,-0.069705,-0.010891,-0.350100,0.042847,0.445288
-0.009312,-0.068054,-0.007721,-0.055223,-0.187387,0.532998
0.004307,-0.063143,-0.012267,0.205101,0.191548,0.907278
0.001973,-0.067066,-0.006920,-0.089849,-0.252868,0.232540
-0.006371,-0.072882,-0.011167,0.135503,0.272358,0.421434
0.016875,-0.063222,-0.019344,0.336271,1.354624,0.648428
0.000775,-0.060012,0.007559,0.139449,-0.591799,1.064953
0.017171,-0.056325,0.012312,-0.072439,-0.156922,0.910469
0.013685,-0.060320,0.000456,0.187251,-1.053146,0.884505
0.017128,-0.066557,0.006952,0.403465,-1.024316,0.870315
0.023250,-0.041078,-0.003709,0.287930,-0.127610,0.926204
0.014683,-0.062661,0.004287,0.546560,-0.151972,0.812094
0.028571,-0.051632,-0.020299,1.014455,-0.031090,0.867131
0.005892,-0.070378,0.013231,0.676948,0.089609,0.412825
0.020693,-0.052446,-0.003227,0.786148,0.034464,0.826300
0.006401,-0.057878,0.017183,0.842954,-0.532466,0.708165
0.023621,-0.051723,0.030835,0.619519,-0.696283,0.537994
0.019721,-0.052439,0.015171,0.982835,-0.408049,0.189881
0.029661,-0.061705,0.008971,0.881293,-0.099312,0.559185
0.020532,-0.054822,0.023384,0.573167,-1.630658,0.163904
0.018897,-0.069419,0.017840,0.794952,-1.162898,0.474160
0.024461,-0.046731,0.007674,0.766418,-0.331111,0.573405
0.010626,-0.063547,0.017574,0.822721,-0.670309,0.107958
0.036961,-0.047121,-0.009450,1.074878,0.401135,0.201701
0.016642,-0.053312,0.029016,0.833090,-0.321514,0.115432
0.027008,-0.057786,0.015243,0.694995,0.433454,0.322869
0.030498,-0.045250,0.000886,1.184390,2.061963,-0.021216
0.022278,-0.054750,-0.003227,0.757992,0.583540,-0.109848
0.020736,-0.059358,0.018086,0.974820,0.349666,-0.728759
0.014098,-0.062352,-0.003135,0.439401,0.005053,-0.281772
0.020342,-0.055613,-0.024034,0.713098,0.093203,-0.273635
-0.000095,-0.065116,0.016215,0.361007,-0.285640,-0.415926
0.024652,-0.050811,0.001126,-0.119125,0.354626,0.044194
0.013636,-0.050749,0.003715,0.055970,0.232221,-0.206582
0.022052,-0.055094,-0.001083,0.440275,0.597999,-0.077454
0.022662,-0.046163,-0.008508,0.116455,0.113882,-0.199314
0.014446,-0.057300,-0.008121,0.516151,0.738225,-0.347283
0.023493,-0.043228,-0.038198,0.092943,1.578995,0.128585
0.014906,-0.048654,-0.005590,0.043789,0.305957,0.247741
0.017499,-0.052360,0.000781,-0.031875,0.070889,0.183648
0.015750,-0.048402,-0.009729,-0.150551,-0.101206,-0.072057
0.016908,-0.059477,-0.029506,0.106867,0.722551,0.092252
0.016721,-0.046668,-0.020171,0.210960,-0.111227,0.018896
0.012529,-0.063419,0.000607,0.306985,0.528362,0.067889
0.013777,-0.051632,-0.013471,0.461361,-0.135232,0.379705
0.009024,-0.054730,0.015191,0.293983,-0.070522,-0.010321
0.015818,-0.056982,-0.002538,0.217085,-0.897063,0.113804
0.017854,-0.052787,-0.008991,0.395249,-0.101475,0.091290
0.017309,-0.060012,-0.007947,0.435462,0.067784,0.249618
0.009057,-0.052912,0.000531,0.314557,-0.383401,0.289053
0.013403,-0.064886,-0.014620,0.968511,0.250284,-0.133800
0.011473,-0.063481,0.002527,0.910960,-0.188348,-0.341953
0.002912,-0.076302,0.008042,0.937252,-0.609521,-0.398013
0.007681,-0.057484,0.011403,0.983889,-1.594791,-0.440022
0.004694,-0.075817,0.011288,0.865166,0.042391,-0.347083
0.017502,-0.067459,0.001388,1.155121,0.033019,-0.032281
-0.002990,-0.077776,0.020971,0.813484,-0.973064,-0.222567
0.008594,-0.070453,0.016366,0.400987,-1.485118,-0.430969
0.004524,-0.065155,0.018651,0.715238,-0.878228,0.168056
0.008197,-0.073187,0.001950,0.433014,-0.320542,-0.426899
-0.014085,-0.072590,0.033461,0.194948,-3.787355,-0.311456
0.016406,-0.079585,-0.004865,0.702049,0.494048,-0.137256
0.013734,-0.073118,0.000925,0.778113,0.121146,-0.342018
0.021556,-0.073223,-0.017890,0.838136,1.093650,-0.185160
0.019892,-0.065175,-0.009414,0.587525,0.637159,0.139056
0.016518,-0.084062,-0.005807,0.777650,0.553355,-0.398046
0.016780,-0.067949,-0.023634,0.396674,0.448116,-0.211016
0.009474,-0.075583,-0.012713,0.077782,0.050872,0.497233
0.014289,-0.068786,-0.030973,0.281158,0.219577,0.185217
0.006283,-0.073260,-0.010648,-0.057327,0.124727,0.303431
0.012520,-0.066071,-0.009155,-0.476642,-0.149701,0.198396
0.003276,-0.068930,-0.012155,-0.098721,-0.331630,0.542530
0.012073,-0.072442,-0.003404,-0.228046,-0.072380,0.330882
0.016541,-0.067610,-0.005239,0.119909,0.821162,0.202936
0.017003,-0.074303,-0.020624,0.144274,0.420203,0.306093
0.016009,-0.058318,-0.027228,-0.225141,1.329257,-0.104800
0.017145,-0.068342,-0.037151,0.252746,1.165293,0.609741
0.006500,-0.064893,-0.005390,0.009054,-0.222312,0.488639
0.000279,-0.075639,-0.029969,0.419891,0.121665,0.590070
0.010882,-0.054743,-0.027051,0.099613,0.420472,0.442038
-0.009489,-0.069009,0.002015,0.008060,-0.448898,0.656759
0.002597,-0.057625,-0.019488,0.413569,-0.106074,0.510218
-0.012680,-0.071989,0.011439,0.328471,-0.189606,0.347185
-0.006837,-0.059953,-0.002314,0.208098,-1.443563,0.534278
-0.011114,-0.059815,0.029591,0.588165,-1.320744,0.676699
-0.010759,-0.064279,0.017909,0.467240,-1.722406,0.892392
-0.010769,-0.060323,0.014590,0.532911,-1.066013,0.633785
-0.002251,-0.068671,0.002622,0.707970,0.162058,0.694366
-0.013060,-0.060963,0.025829,0.550190,-0.361618,0.181862
-0.011711,-0.072908,0.001854,0.831052,-0.593713,0.497350
-0.010838,-0.062375,-0.003824,0.785646,0.106214,0.038754
-0.008770,-0.067519,0.002721,1.016310,0.347572,0.490523
-0.020065,-0.074586,-0.002111,0.971101,-0.076929,-0.130905
-0.026006,-0.072422,0.000847,1.097235,0.060388,0.092780
-0.011974,-0.062848,-0.031288,1.130427,0.406216,0.020944
-0.020981,-0.079998,0.001460,1.127286,0.235562,0.336117
-0.016628,-0.063862,-0.019462,0.389177,0.613200,0.537934
-0.021618,-0.069770,-0.014669,0.118930,0.645558,0.470401
-0.010132,-0.073729,-0.027208,0.477898,1.178387,0.271758
-0.005836,-0.070266,-0.020128,0.658393,1.032528,0.185811
-0.014459,-0.077576,-0.021540,0.401338,0.700647,0.224064
-0.018273,-0.062480,-0.026125,0.221835,0.284021,0.332667
-0.019113,-0.081492,-0.002433,-0.095137,0.313701,0.355638
-0.014836,-0.072787,-0.024625,-0.022185,0.457596,0.264596
-0.023955,-0.072472,0.005317,-0.465403,-0.011005,0.408432
-0.010155,-0.073470,-0.015454,0.070285,0.204474,0.611386
-0.005832,-0.065004,-0.005840,-0.134963,0.111397,0.690112
-0.003446,-0.070217,-0.011502,0.109566,1.033336,0.903707
-0.006896,-0.060888,-0.001612,0.150606,0.214873,0.776006
-0.008074,-0.070000,0.002504,-0.112449,-0.316514,1.029174
0.000450,-0.059729,-0.034049,-0.155120,0.601908,0.638804
-0.009259,-0.081978,-0.017811,0.107058,0.099393,1.148337
-0.003600,-0.066967,-0.011689,0.127343,-0.013053,0.899498
-0.015703,-0.079453,-0.022419,0.417954,-0.130354,1.332813
-0.004352,-0.068431,-0.016327,0.297685,-0.461162,1.052582
-0.011488,-0.072672,0.007822,-0.064804,-0.116473,1.095660
-0.001171,-0.069974,-0.008584,0.405405,0.004245,1.198680
-0.011695,-0.074087,0.023889,0.213878,-0.473241,0.932070
0.001412,-0.068313,0.031166,0.014103,-0.287980,1.371090
-0.012112,-0.072521,0.019681,0.261864,-0.933527,0.858947
-0.000384,-0.083914,0.014731,0.552078,-1.091636,0.689882
0.003496,-0.072862,0.018884,0.304103,-0.364816,0.804843
-0.003541,-0.082913,-0.002876,0.677926,-0.985505,1.139324
0.002324,-0.066012,0.007060,0.446889,-0.370071,1.114840
-0.009443,-0.085103,0.001936,0.492613,-0.781485,0.705270
0.006326,-0.068746,-0.008321,0.989840,0.059643,0.981924
-0.021070,-0.083150,0.015046,0.558741,-0.755577,0.543705
0.001573,-0.073286,0.000128,0.596981,-0.143031,0.557285
-0.019825,-0.083376,0.010845,1.036539,-0.249592,0.493953
-0.005166,-0.088634,-0.003247,1.204705,0.227894,0.348164
-0.010947,-0.071730,-0.003969,1.009318,-0.370685,0.367891
-0.014147,-0.083343,-0.002488,1.082415,0.847011,0.076197
-0.010471,-0.079165,-0.002639,0.889584,0.142902,0.175570
-0.019911,-0.086370,0.008157,1.327137,-0.143671,-0.039709
-0.016402,-0.082286,0.003410,0.399835,-0.467411,-0.020684
-0.020068,-0.078846,-0.000365,0.297383,-0.232097,0.022293
-0.016875,-0.088415,-0.015802,0.682069,0.233429,0.443164
-0.008567,-0.067417,-0.014121,0.404473,0.513013,0.515292
-0.021316,-0.086557,-0.005367,0.376520,-0.018069,0.058879
-0.009525,-0.068556,-0.022436,0.312840,-0.159804,0.215057
-0.017804,-0.073276,0.003916,0.047370,-0.361241,0.028602
-0.004211,-0.067650,-0.003608,0.081885,0.174341,0.098262
-0.008035,-0.071625,-0.022429,0.329958,0.058845,0.066173
-0.008685,-0.071950,-0.025593,0.609451,1.328312,0.081242
-0.014652,-0.063865,-0.022485,0.746729,0.203332,-0.189937
-0.015375,-0.068454,-0.025849,0.406108,1.422849,0.069934
-0.009571,-0.058045,-0.014282,0.001311,-0.143320,0.070426
-0.010704,-0.055196,-0.025367,0.171056,-0.146776,0.444312
0.000463,-0.063655,-0.017446,0.281257,0.282225,0.293583
-0.000512,-0.047187,-0.018425,0.257965,-0.296738,0.595160
-0.006305,-0.053430,-0.006198,0.481748,-0.578105,0.131545
0.001034,-0.048326,-0.008581,0.609281,-0.293619,0.077093
-0.007290,-0.052288,0.013087,0.699643,-1.046683,0.005871
0.006313,-0.048894,0.004894,0.545700,-0.500521,0.319715
-0.003810,-0.046284,0.010034,0.403895,-1.299618,0.016404
0.005348,-0.051645,-0.000709,0.599893,-0.621729,0.291932
0.010350,-0.036283,0.011432,0.594625,-0.398644,0.328554
0.002534,-0.048832,-0.005374,0.772881,-0.382813,0.025129
0.008984,-0.037681,0.000433,0.738622,-0.020166,-0.440279
-0.005005,-0.055895,0.027851,1.130696,-0.027611,0.045956
0.002902,-0.047476,-0.009221,1.080823,-0.226185,-0.362609
-0.008885,-0.052679,0.025537,0.899520,-0.449122,-0.359491
0.010658,-0.039788,0.030480,0.806969,-0.054212,-0.079880
-0.038082,-0.049843,0.079806,0.101743,-9.533565,-0.567020
0.016327,-0.041840,0.016182,0.119347,-0.324616,-0.036069
0.005233,-0.043622,0.010471,0.500386,0.000027,-0.229375
0.018530,-0.047916,0.004845,0.550775,0.178914,-0.328367
0.018595,-0.031704,-0.018257,0.255759,-0.284077,-0.291620
0.011262,-0.050758,-0.007136,-0.182722,0.123316,-0.279005
0.022285,-0.044164,-0.018116,0.712671,0.572163,-0.406318
0.006414,-0.039047,-0.003618,-0.266303,-0.570457,-0.228269
0.020483,-0.038781,-0.007740,-0.037977,0.284096,-0.536152
0.021097,-0.034221,-0.013498,0.163040,1.243346,0.107163
0.028351,-0.048185,-0.016537,0.305980,1.277897,0.054060
0.027553,-0.034944,-0.015401,-0.206943,0.058891,0.108365
0.023069,-0.052360,-0.037292,-0.394023,0.254715,-0.016906
0.024238,-0.039211,-0.020181,0.074906,-0.118757,0.121767
0.012415,-0.045589,-0.008023,-0.164925,-0.183582,0.026711
0.024018,-0.049380,-0.016842,0.024229,-0.247866,0.326647
0.022534,-0.040721,0.000164,0.074493,0.414278,0.260201
0.025026,-0.050220,0.003381,0.021442,-0.686856,-0.049051
0.012966,-0.044725,0.012532,-0.180687,-1.364065,0.033585
0.028692,-0.038177,-0.014525,-0.049688,-0.119076,0.561650
0.022882,-0.037888,-0.010455,-0.004292,-0.752055,0.711992
0.017854,-0.053644,0.002117,0.399185,-0.585950,0.167580
0.023099,-0.039647,-0.026867,0.441400,-0.069491,0.353550
0.005095,-0.051280,0.010169,-0.089501,-0.426581,0.188371
0.019055,-0.052101,-0.004599,0.254055,-0.005966,-0.235631
0.015444,-0.045270,-0.003325,0.096909,-0.077930,0.215868
0.026825,-0.056197,-0.007563,0.385514,0.165430,0.150325
0.017601,-0.043649,-0.006969,0.324798,0.239097,0.094782
0.011125,-0.056857,0.001116,0.597349,-0.048093,0.152084
0.021392,-0.050637,-0.005633,0.700848,-0.154536,-0.009169
0.002899,-0.073315,0.022570,0.418000,-1.506937,-0.147980
0.014384,-0.062539,-0.004231,0.843863,-0.790384,-0.132963
0.006913,-0.059378,0.011767,0.511845,-0.160812,-0.128387
0.009316,-0.063557,0.009607,0.553105,-1.074790,0.010713
0.010153,-0.061814,0.017702,0.724386,-0.561210,0.101521
0.006060,-0.064282,0.007477,0.766657,-0.339560,-0.064347
0.005361,-0.067817,0.017272,0.695986,-0.302082,-0.199807
0.011345,-0.066501,0.001218,0.673301,0.201005,-0.161566
0.006690,-0.077720,0.007162,0.852851,-0.014993,-0.309335
0.008853,-0.075518,-0.010435,0.844674,1.228253,-0.833787
0.002462,-0.066041,-0.007960,0.508766,0.349056,-0.592196
0.006240,-0.079224,-0.009910,0.685519,0.544735,0.062106
-0.000449,-0.076480,-0.015828,0.589537,0.570778,-0.236097
0.000769,-0.080960,-0.013091,0.433316,0.457402,-0.121337
0.009175,-0.066265,-0.010790,0.247822,0.342008,-0.425287
-0.006561,-0.081600,-0.020217,0.328609,0.414997,0.058216
0.001432,-0.071408,-0.028708,0.165653,0.334383,0.224639
-0.015214,-0.081649,-0.006171,-0.116010,0.184648,0.112100
0.006851,-0.067712,-0.032871,0.143568,0.586474,0.227580
-0.012680,-0.076309,0.003889,0.022890,0.190379,0.038869
-0.000554,-0.074080,-0.009230,-0.179213,0.318378,0.124511
-0.008757,-0.082483,-0.004021,0.001636,-0.446919,-0.235398
-0.004874,-0.075052,-0.008948,0.004879,0.162193,0.368403
0.011591,-0.059480,-0.012004,0.273172,1.083025,0.470405
-0.007096,-0.076204,-0.020007,0.277479,-0.283903,0.674287
0.017020,-0.064459,-0.034751,0.209755,0.890297,0.997916
-0.004720,-0.064459,-0.016596,0.202403,0.862350,0.746665
0.004018,-0.065408,-0.017095,0.142098,-0.464785,0.899613
-0.002914,-0.060944,-0.006923,0.073738,-0.271785,0.962203
0.004422,-0.065969,-0.004366,0.226266,0.147626,0.796486
-0.001185,-0.058640,-0.007796,0.103385,-0.052245,1.147920
0.006460,-0.075951,-0.022964,0.153577,-0.582441,1.175614
0.004179,-0.057504,-0.008288,0.269414,-0.674280,1.037367
0.009090,-0.071992,-0.002071,0.671421,0.066264,0.913344
0.006306,-0.069465,0.000272,0.711985,-0.702569,0.947790
0.004698,-0.066104,0.009473,0.769677,-0.252566,1.067415
0.008755,-0.058354,-0.008850,0.722078,-0.534376,0.895441
-0.012660,-0.070105,0.020407,0.442684,-1.635887,0.850160
0.006168,-0.059949,-0.003854,0.960603,-0.388351,0.917641
-0.011321,-0.069429,0.021286,0.632077,-0.693755,0.851873
0.003411,-0.055899,0.005258,0.748216,-0.295605,1.245960
-0.010930,-0.068720,0.017226,0.853031,-0.520436,0.898970
-0.005590,-0.063885,0.007356,0.865521,-0.439163,0.765361
-0.008780,-0.055344,0.006348,0.818224,-0.303910,0.496697
-0.006036,-0.072478,0.012155,0.880564,0.336983,0.426581
0.003785,-0.060767,-0.008856,0.973421,1.078302,0.112708
-0.003758,-0.065365,-0.015224,0.868390,0.440120,0.456953
-0.000705,-0.060264,-0.013544,0.495797,0.642358,0.543400
-0.009437,-0.072232,-0.010704,0.179892,0.390359,0.417098
-0.004697,-0.053289,-0.021842,0.043234,0.098826,0.419369
-0.016973,-0.055360,-0.015461,-0.128447,0.006832,0.370658
-0.004188,-0.061810,-0.008544,-0.281241,0.701698,0.942472
-0.004864,-0.054602,-0.019491,-0.025710,0.538679,0.331761
0.001780,-0.061561,-0.021398,0.150957,0.259212,0.521913
0.002462,-0.052390,-0.013954,-0.030187,0.027899,0.634770
0.005709,-0.060425,-0.015543,0.550213,1.896033,0.751303
-0.002094,-0.049357,-0.030970,0.107895,-0.367609,0.507975
-0.013247,-0.055177,0.000381,0.080395,-0.423548,0.323220
0.002072,-0.054523,-0.007583,-0.297335,0.059049,0.332903
-0.007280,-0.045326,-0.013366,0.078035,0.237023,0.376862
-0.001385,-0.047230,-0.004100,0.116117,-0.232264,0.120178
0.001044,-0.040731,-0.022022,-0.003107,0.143207,0.319659
0.002239,-0.051871,-0.030186,0.436083,0.281657,0.439812
0.002462,-0.049117,-0.002715,0.301001,-0.526075,0.427257
-0.002970,-0.060665,-0.008781,0.432843,0.168991,0.456448
0.003293,-0.041784,-0.028078,0.716052,0.627574,0.922547
-0.013280,-0.051671,0.010819,0.180191,-0.614241,0.248922
0.006342,-0.053335,-0.004540,0.202472,-0.047916,0.747013
-0.010169,-0.047935,-0.003696,0.553893,-0.252589,0.070075
0.006989,-0.048779,-0.006565,0.419211,0.046615,0.521670
0.003801,-0.046636,0.003171,0.258194,-1.379949,0.591208
-0.009325,-0.062575,0.003535,0.655645,-0.282892,0.635291
0.009733,-0.054303,-0.005925,0.742938,0.195940,0.553641
-0.009584,-0.062802,0.001713,0.743618,-0.222066,0.286890
0.001589,-0.055744,0.005350,0.714785,-0.751273,0.497846
-0.006738,-0.062037,0.021857,0.870697,-0.649196,0.106914
0.003178,-0.063376,0.001352,0.900426,0.733370,-0.025161
-0.000357,-0.051133,0.006663,0.933819,-0.215898,-0.366351
0.005236,-0.072711,-0.003174,1.039635,0.288075,0.451771
0.009250,-0.065477,-0.000969,0.275096,-0.067161,0.327882
-0.003118,-0.077047,-0.010235,0.641239,0.103841,-0.100201
0.010747,-0.065736,-0.033251,0.319720,0.319829,0.217779
-0.011216,-0.072800,0.005544,0.055908,-0.525678,0.049393
0.020237,-0.061292,-0.013773,-0.210449,-0.060934,0.361957
0.014076,-0.067817,-0.007359,-0.233922,0.057533,0.440102
0.011203,-0.061627,-0.016478,0.126647,0.561544,0.286221
0.010465,-0.062533,-0.010379,-0.177743,-0.172862,0.570579
0.015441,-0.074940,-0.007533,0.019627,-0.130321,0.474042
0.013888,-0.054461,-0.016376,-0.093437,-0.099975,0.175442
0.006122,-0.058229,-0.008928,-0.057747,-0.363555,0.508064
0.011453,-0.055003,-0.033176,0.320505,-0.469020,-0.115763
0.003966,-0.062989,-0.019081,0.115832,0.989279,0.767827
-0.001037,-0.051743,-0.018247,0.076492,-0.524440,0.242948
-0.006788,-0.053020,0.001277,0.022279,-0.259558,0.548566
0.006208,-0.047187,-0.009414,-0.030929,0.159012,0.296586
0.001277,-0.039342,-0.004976,0.141093,-0.014944,0.438598
0.009821,-0.053624,-0.012227,0.381201,0.065437,0.407152
-0.006095,-0.046593,0.013376,0.407946,-0.859085,-0.096732
-0.009890,-0.061151,0.024913,0.576903,-0.971660,-0.031136
0.003460,-0.047000,-0.002209,1.106787,0.349633,0.000461
-0.019579,-0.058242,0.025915,0.353280,-1.098775,-0.381464
-0.000745,-0.049193,0.011498,0.578964,0.000182,-0.220582
-0.010336,-0.042956,0.017150,0.692989,-0.209651,-0.217779
-0.009981,-0.041449,0.009863,0.331488,-0.385071,-0.267370
-0.005094,-0.044171,-0.007619,0.506642,0.044731,-0.406985
-0.002665,-0.050775,-0.007642,0.893793,0.511014,-0.492880
-0.010211,-0.045355,0.005662,0.514034,0.145275,-1.068905
-0.002649,-0.050099,0.000207,0.751840,0.189513,-0.214069
-0.004503,-0.038420,-0.014282,0.509747,0.372269,-0.520108
-0.009666,-0.052846,-0.013708,0.328268,1.380368,-0.833019
-0.006217,-0.042116,-0.035346,0.481010,0.456710,-0.780960
-0.024401,-0.046222,-0.010179,-0.054287,0.035432,-0.738902
-0.002186,-0.038525,-0.019035,0.070659,1.064880,-0.068677
-0.021572,-0.041305,-0.002019,-0.168851,-0.213344,0.037099
-0.014833,-0.038581,-0.018523,0.015478,-0.666321,-0.264229
-0.006798,-0.045122,-0.009687,0.171574,1.472608,-0.281107
0.008026,-0.031445,-0.032985,0.365382,0.900111,-0.142463
-0.011068,-0.040327,0.003489,0.212578,-0.567959,-0.287422
0.005909,-0.030181,-0.022432,0.277219,-0.188532,0.090613
-0.012827,-0.041108,-0.005636,0.068870,0.776583,0.562549
-0.001089,-0.033887,-0.011348,-0.072068,-0.375099,0.190826
-0.019842,-0.038190,0.008974,-0.015006,-0.922718,-0.002553
-0.000800,-0.038039,-0.006828,0.029661,-0.211585,0.348025
-0.005035,-0.038259,-0.011400,0.291413,0.343554,0.197860
0.000752,-0.041108,-0.024034,0.054142,0.106300,0.312752
0.003929,-0.040271,-0.011078,0.251016,0.301086,0.351570
-0.008281,-0.050811,0.006551,0.643320,-0.320358,0.283020
-0.009919,-0.047181,0.007228,0.709539,-1.937888,0.284179
-0.008183,-0.044410,0.014088,0.687380,-0.698836,0.340410
-0.008091,-0.039555,0.020567,0.243716,-2.803129,0.157585
0.000887,-0.046954,0.013658,0.783864,-0.299012,0.496218
0.007455,-0.057008,0.006151,0.765705,-0.172373,0.681009
0.000460,-0.044804,0.006670,0.807983,-0.681784,0.337532
-0.003893,-0.061495,-0.002505,0.987335,-0.113394,0.673854
-0.002475,-0.054635,-0.003578,1.026098,-0.630775,-0.068460
-0.020735,-0.063954,0.024224,0.706375,-3.347538,0.104853
0.006293,-0.055367,-0.020607,1.110758,0.220670,0.129615
-0.017994,-0.071352,0.012854,0.934505,-0.504490,-0.176994
0.000276,-0.061751,-0.005479,0.416270,-0.290557,0.449936
-0.011898,-0.064640,0.004680,0.488750,-0.396337,0.226887
-0.003226,-0.058397,-0.005869,0.197144,-0.240982,0.241241
-0.004516,-0.062047,-0.010740,0.307572,-0.073985,0.165404
-0.009617,-0.079053,-0.012283,0.260177,-0.118098,0.056818
-0.008386,-0.063287,-0.023224,0.181175,-0.550441,0.226946
-0.022087,-0.064738,-0.010225,0.044715,-0.303378,-0.157992
-0.006916,-0.063921,-0.008633,0.079124,0.279599,0.253905
-0.013901,-0.067348,-0.012286,0.454330,0.982661,0.301773
-0.015250,-0.073506,-0.014312,-0.118547,0.181116,0.119775
-0.012332,-0.055072,-0.008495,0.071844,0.102528,0.361040
-0.011774,-0.068254,-0.036810,-0.320037,0.778448,0.642634
-0.013970,-0.054986,-0.022511,0.171479,0.007292,0.851929
-0.022711,-0.075521,-0.018428,0.318663,-0.133873,0.446922
-0.013126,-0.067748,-0.047189,0.324293,0.362911,0.193170
-0.028593,-0.070309,-0.000056,-0.012272,-0.105825,0.685854
-0.013385,-0.061961,-0.013396,0.045194,-0.097927,0.787557
-0.019809,-0.067453,0.014314,0.318703,-0.874099,0.293353
-0.013897,-0.065411,-0.001166,0.509672,-0.451410,0.922561
-0.024427,-0.059086,0.021798,0.255670,-1.481560,0.645171
-0.014134,-0.074980,-0.006867,0.727133,0.040723,0.446912
-0.022186,-0.061567,0.008216,0.553341,-0.556454,0.667069
-0.021342,-0.078843,-0.016856,0.855624,-0.590752,0.696338
-0.015801,-0.057307,-0.012378,0.754430,0.358650,0.681406
-0.032148,-0.079975,0.007868,1.104889,-0.105290,0.133265
-0.028918,-0.071763,0.010021,0.956507,-3.026978,-0.002053
-0.031468,-0.077586,0.016478,0.828971,-0.035600,0.211089
-0.017570,-0.070781,0.007018,0.809345,-0.784052,0.444040
-0.037593,-0.073676,0.028048,0.573079,-2.359753,0.402950
-0.019304,-0.062280,0.014288,0.374343,0.008828,0.440817
-0.026144,-0.064492,0.023128,0.537635,-0.747003,0.426902
-0.017767,-0.060527,0.009949,0.312548,-0.363571,0.541955
-0.030447,-0.068021,0.013786,0.606694,-0.858471,0.221445
-0.012483,-0.062887,-0.000223,0.570774,0.170439,0.521522
-0.018874,-0.062733,0.003725,0.959970,0.043159,-0.019345
-0.009565,-0.056654,0.012148,0.831449,0.203345,0.406325
-0.012814,-0.054770,-0.001619,0.903072,0.151748,0.012238
-0.011508,-0.071060,-0.002318,0.896845,-0.004719,0.085831
-0.009236,-0.056755,-0.002117,0.671227,0.304618,0.091391
-0.005425,-0.067883,-0.010209,0.496263,0.560468,0.222856
-0.004309,-0.052203,-0.007113,0.317528,0.221461,-0.034891
-0.009873,-0.061735,-0.012549,0.446531,0.341542,0.475407
-0.003765,-0.051874,-0.017867,0.153567,0.048696,0.565018
-0.003072,-0.058495,-0.006916,0.028634,0.056430,0.850268
0.000624,-0.052406,-0.026769,0.413818,-0.040415,0.103756
-0.014442,-0.060212,0.000413,0.268396,-0.382721,0.164580
0.007754,-0.043616,-0.020368,0.615527,0.150691,0.184928
-0.011268,-0.050673,0.008038,0.043224,-0.472696,-0.027827
0.003280,-0.052078,-0.016754,0.405553,0.217446,-0.106188
-0.004477,-0.045152,-0.020443,0.198103,-0.109974,0.441844
0.004330,-0.052419,-0.020995,0.187107,0.379211,0.043629
0.005279,-0.044587,-0.030412,0.049218,1.153555,0.511346
0.016800,-0.035758,-0.009418,0.050981,1.312730,0.524887
0.002594,-0.045533,-0.013353,0.321975,0.005578,0.347254
-0.000062,-0.049071,-0.020312,-0.194894,0.172483,0.221812
0.006434,-0.035987,-0.025728,-0.088608,0.269437,0.168561
0.008771,-0.045746,-0.009565,-0.062165,-0.103015,0.309582
0.006546,-0.046166,-0.009972,0.018468,-0.072633,-0.046734
0.005233,-0.041502,-0.010005,-0.140536,-0.661167,0.476737
0.011105,-0.031658,-0.013330,-0.012065,0.407450,0.582785
0.004691,-0.045503,-0.018231,0.396208,1.027861,0.191673
0.005390,-0.032557,-0.015329,0.109382,-0.199502,0.171840
-0.000715,-0.046813,-0.010235,0.147845,0.289017,-0.048089
0.008292,-0.037757,-0.031997,0.381575,0.329988,0.237128
-0.007385,-0.043337,-0.000141,-0.043980,0.187806,-0.383522
0.005384,-0.034609,-0.012684,0.507765,0.825948,0.305721
-0.009240,-0.045034,-0.000174,-0.066659,-0.552528,-0.417955
0.002495,-0.040212,-0.021221,-0.017123,-0.001394,0.027111
-0.009197,-0.034057,-0.019189,-0.022559,-0.069636,-0.039148
0.008735,-0.036332,-0.007186,-0.084384,0.217233,0.084203
-0.009207,-0.039066,0.007897,-0.172307,-0.255455,-0.135580
0.005433,-0.037540,0.008331,-0.197477,-0.412181,0.149057
-0.005015,-0.045710,0.008642,0.229962,-0.478207,-0.324582
0.004652,-0.034822,0.012424,-0.316597,-1.340681,0.308390
0.004806,-0.036549,0.003952,0.120201,-0.159397,0.101301
0.003237,-0.038495,-0.008869,0.060464,-0.841314,0.456129
0.007274,-0.025182,0.005232,0.055967,-1.670724,0.427963
0.005571,-0.044246,-0.003640,0.224316,-0.695587,0.514879
0.011916,-0.026242,-0.018254,0.621751,-0.192402,0.468708
-0.002287,-0.039532,-0.005433,0.390795,0.003599,0.623081
0.012503,-0.033831,-0.027100,0.644337,-0.064834,0.350927
0.001133,-0.050647,-0.004586,0.308265,0.051276,-0.032747
0.009155,-0.033004,-0.031315,0.789618,0.337272,0.119784
0.000900,-0.051645,0.003463,0.330910,-0.327455,-0.002775
0.015671,-0.039601,-0.017699,0.786611,-0.003787,0.365994
-0.009266,-0.050689,0.031557,0.262626,-2.425405,-0.117582
0.011742,-0.045182,-0.012949,0.713925,-0.691471,0.348354
0.002206,-0.053857,0.017702,0.409262,-0.908814,0.385052
0.014384,-0.042004,0.007339,0.079997,-1.232236,0.484697
-0.002993,-0.048845,0.016589,0.212838,-1.499998,0.188666
0.019239,-0.041850,0.008373,0.227228,-1.289298,0.288643
0.011594,-0.040773,0.009223,0.379976,-0.311860,0.449338
0.019761,-0.035347,0.004651,0.086044,-0.055515,0.391383
0.019078,-0.032695,-0.004008,0.324313,-0.250068,0.667059
0.016810,-0.053933,-0.003079,0.683214,0.451871,0.037963
0.013091,-0.038623,-0.003729,0.666264,0.345727,0.563111
0.018474,-0.056834,-0.007494,0.963656,-0.103750,0.274269
0.013816,-0.045763,0.004047,0.636975,-0.864110,-0.219918
0.006194,-0.059591,0.013953,0.849841,-0.616135,0.280365
0.020791,-0.038948,-0.007474,1.014061,-0.842630,0.108431
-0.000922,-0.062240,0.016484,0.759738,-0.113637,0.300883
0.016721,-0.043422,0.003742,0.847756,-1.011062,0.229589
0.000864,-0.061446,0.024749,0.512094,-1.370154,-0.142745
0.014522,-0.042526,0.002865,0.599184,-0.698764,0.222085
0.004711,-0.042060,0.025921,0.490066,-1.215098,0.533214
0.012155,-0.040665,0.006847,0.646149,-0.329112,0.188995
0.004212,-0.039572,0.024375,0.566389,-0.895986,0.277867
0.014410,-0.038617,0.010579,0.530377,0.103155,0.340213
0.005771,-0.038131,-0.002915,1.025724,-0.013936,0.153987
0.013258,-0.050755,0.007129,1.084236,0.283358,0.214355
0.009401,-0.027748,0.011515,0.921857,-0.614071,0.274328
-0.007405,-0.052416,0.023991,0.925439,-2.463892,-0.012632
0.000125,-0.041820,0.010323,0.890369,-1.114754,-0.183303
-0.027309,-0.054481,0.039422,0.660109,-3.811418,-0.111020
0.007593,-0.037465,-0.002754,0.962638,0.219711,0.149487
-0.004802,-0.040566,0.023161,0.451376,-0.362794,0.029255
0.010169,-0.033099,0.019497,0.363958,-0.253337,0.386056
0.001284,-0.040120,0.023266,0.591677,-0.012850,0.238723
0.003929,-0.038134,0.011984,0.303643,-1.238903,0.240000
-0.014826,-0.039404,0.009949,0.439346,-1.453213,0.090846
-0.002012,-0.046370,0.013845,0.418847,-0.880188,0.329923
-0.003873,-0.037553,0.003991,0.674585,-0.026475,0.392647
0.002187,-0.045710,0.001372,0.673370,0.086198,0.290602
-0.002908,-0.028362,-0.002869,0.642640,0.202478,0.211269
-0.012053,-0.047361,-0.000965,1.040478,-0.364628,-0.021161
-0.008724,-0.040291,-0.005255,1.096217,-0.441664,-0.379744
-0.020820,-0.044620,0.008514,0.926420,0.064068,-0.289976
0.008614,-0.034786,-0.012490,0.903646,0.171853,0.307687
-0.017646,-0.054382,0.018395,1.072108,-0.421267,-0.360896
-0.000699,-0.038702,0.013543,0.620267,-1.864745,0.859423
-0.009322,-0.041174,0.011124,0.624239,-0.412329,0.298483
-0.012640,-0.053765,0.009578,0.958548,-0.305449,0.031697
-0.001247,-0.042542,-0.006677,0.883010,-0.281353,0.168125
-0.016011,-0.056391,0.012532,0.816793,-0.542274,-0.019867
-0.001112,-0.034993,-0.008860,0.953713,-0.224961,0.355585
-0.028032,-0.045667,0.007165,0.539263,-0.590309,0.136318
-0.008911,-0.049537,0.002078,0.527299,-0.556379,0.562480
-0.014938,-0.042575,0.003519,0.747307,-0.194473,0.590771
-0.012214,-0.057950,0.016688,0.552606,-0.405738,-0.050020
-0.010608,-0.047588,0.017236,0.710413,-0.992887,0.441217
-0.007976,-0.051654,0.012417,0.998325,-0.332083,0.816154
-0.015073,-0.058078,0.019343,0.621048,-1.933535,0.084593
-0.008905,-0.061190,0.009335,0.480721,-1.956778,0.728231
-0.008938,-0.062247,0.010034,0.383685,-0.276337,0.145949
-0.000771,-0.056427,-0.004432,0.981663,-0.060258,0.948745
-0.003479,-0.052341,-0.011105,0.758842,-0.586078,0.411830
-0.018503,-0.072820,0.007402,0.658238,-0.916866,0.475532
0.001917,-0.046678,-0.023772,0.979126,0.280463,1.119815
-0.025993,-0.078538,0.014794,0.955502,-0.180280,-0.038137
-0.014501,-0.069557,-0.010868,1.231549,-0.502428,0.289519
-0.016550,-0.056040,0.009200,0.921201,-0.739575,0.636319
0.006615,-0.047167,-0.006450,0.862389,-0.084482,0.672285
-0.009069,-0.063882,0.011035,0.936428,0.052080,0.740933
-0.007592,-0.060021,-0.008679,1.063974,-1.210700,0.435168
-0.023252,-0.074701,0.017978,0.603156,-0.575614,0.207360
-0.000938,-0.055741,-0.013987,1.029190,-0.051136,0.376363
-0.014764,-0.065690,0.010303,0.720805,-0.515818,0.750206
-0.016520,-0.060074,-0.014906,0.889102,-0.311683,0.524164
-0.022402,-0.070479,0.019678,0.443399,-0.880999,0.421086
-0.000197,-0.063054,-0.004845,0.917876,0.059128,0.383591
-0.030316,-0.069445,0.017613,0.753124,-0.594645,-0.038331
-0.020574,-0.057579,0.008816,0.372548,-0.644568,0.428987
-0.016005,-0.064653,0.002238,1.296892,1.649341,0.208961
-0.014813,-0.075104,0.012640,0.615100,0.259009,-0.001498
-0.022277,-0.072226,0.017603,0.843040,-0.268811,0.065217
-0.014081,-0.064794,0.017712,0.319589,-0.451610,0.386647
-0.016537,-0.050424,0.009873,0.641051,-0.553349,0.574786
-0.012135,-0.057077,0.003886,0.458853,-0.234687,0.855300
-0.009460,-0.054635,0.003935,0.377101,-0.048963,0.360817
-0.022908,-0.064167,-0.002121,0.424184,0.012163,0.067472
-0.017193,-0.048352,0.005560,0.366111,-0.422245,0.484568
-0.027726,-0.069173,-0.002052,0.654385,-0.280401,0.002289
0.001786,-0.026370,-0.019114,0.580678,0.080871,1.290863
-0.039100,-0.062661,0.001979,0.628266,-0.331745,-0.425734
-0.029551,-0.053910,0.003758,0.656948,-1.233306,-0.403394
-0.036087,-0.070282,0.006880,0.519023,-0.039322,-0.684807
-0.020663,-0.062726,0.000696,0.567620,0.232861,-0.717274
-0.037744,-0.069770,0.015437,0.620297,-0.177720,-0.325384
-0.013963,-0.025595,0.011291,0.330267,-0.355040,0.951409
-0.034472,-0.064256,0.019031,0.561091,-0.977932,-0.224810
-0.018004,-0.056900,-0.001569,0.485356,-0.291676,-0.174710
-0.023997,-0.052974,0.004185,0.688266,-0.346306,-0.588025
-0.027405,-0.055045,0.016412,-0.053089,-0.519619,0.008552
-0.008810,-0.029265,0.002514,0.421548,-0.289759,0.366742
0.001727,-0.015538,-0.012677,0.169969,0.094979,0.578561
-0.006341,-0.020360,0.004828,0.627117,-0.091549,0.868275
-0.015985,-0.057724,0.003207,0.662561,0.307063,-0.715213
-0.021916,-0.045703,0.003010,0.824891,0.166910,-0.524969
-0.008557,-0.038860,-0.006089,0.713603,0.169526,0.255185
-0.004316,-0.022759,0.010142,0.886729,-0.557091,0.151154
0.002551,-0.030269,-0.011702,0.821320,0.607203,-0.011727
-0.024391,-0.060195,0.005619,1.001644,0.654923,-1.107057
-0.013494,-0.054382,-0.005127,0.779209,0.271380,-0.828762
0.000174,-0.013217,0.004812,0.361529,-0.251699,-0.064686
-0.022186,-0.065884,-0.008935,0.565693,0.214285,-1.066811
-0.019881,-0.057780,-0.005511,0.644669,-0.027798,-1.516751
-0.015522,-0.046839,0.005997,0.219724,-0.194825,-0.726665
0.007245,-0.014218,-0.008971,0.365970,-0.417847,0.380370
-0.015765,-0.040655,0.008357,0.196176,-0.706160,-0.902765
-0.006217,-0.047995,-0.002350,0.629202,0.207395,-0.917614
0.007238,-0.012981,0.005583,0.651234,0.418844,0.309276
0.001054,-0.036227,-0.007044,0.666444,0.439841,-0.581607
0.023069,0.000727,-0.014748,0.561387,0.218943,0.586038
-0.002914,-0.057914,0.001293,0.863217,0.460882,-0.379960
0.008233,-0.029295,-0.036028,0.438210,0.891321,-0.497498
-0.001296,-0.025382,-0.003562,0.321250,0.059384,-0.075840
0.009460,-0.013083,-0.016793,-0.310173,0.073488,0.568178
-0.004447,-0.025694,0.005911,-0.125956,-0.460883,-0.288588
0.014305,-0.028901,-0.009959,-0.036070,0.088230,0.468278
0.012635,-0.024719,-0.015759,0.181231,-0.022136,0.204261
0.008788,-0.031563,-0.010363,0.322809,0.187501,-0.014349
0.009089,-0.030076,-0.010366,0.321211,0.187182,-0.117855
0.010777,-0.042135,-0.020939,0.490289,1.548150,0.036483
-0.012204,-0.065431,-0.043604,0.422411,0.006454,-1.518894
-0.014101,-0.055331,-0.004320,0.249706,0.128853,-0.591543
0.005308,-0.043786,-0.030701,-0.119992,1.380024,-0.755235
-0.013976,-0.041423,-0.016619,-0.023872,0.755100,-0.703347
-0.010234,-0.051891,-0.013695,-0.207222,0.168128,-0.516595
-0.017580,-0.051832,-0.027350,-0.429256,-0.030782,-0.791487
-0.014787,-0.070850,-0.021526,-0.143711,0.629665,-0.859098
-0.007812,-0.046366,-0.024661,-0.203008,0.843594,-0.663668
-0.007067,-0.059710,-0.014066,0.067212,0.080017,-0.571612
-0.003134,-0.040717,-0.024152,-0.040803,0.262360,-0.331925
-0.007825,-0.036490,-0.013202,-0.347123,0.601324,0.092710
-0.000174,-0.044354,-0.007094,-0.073411,-0.096466,0.038705
-0.007388,-0.050269,-0.020266,-0.214490,0.259297,0.169668
0.005853,-0.047420,-0.031551,0.091949,1.115019,0.376675
-0.014889,-0.051714,-0.015595,0.179846,0.224960,-0.291788
-0.006180,-0.056079,-0.017492,0.243062,0.007416,0.341004
-0.004812,-0.041423,-0.022121,-0.054103,-0.032114,-0.050331
-0.012348,-0.049478,-0.006929,-0.262732,0.305547,0.164304
-0.003328,-0.047821,-0.017387,-0.233534,0.181205,-0.144951
-0.011406,-0.041797,-0.004930,-0.364477,-0.781459,-0.192116
-0.004313,-0.058114,-0.008476,-0.110522,0.049044,0.257460
0.003191,-0.038869,-0.015920,-0.085030,0.262573,0.117109
0.005906,-0.054612,-0.029326,-0.283470,0.390579,0.210505
0.006332,-0.038177,-0.013465,0.060194,-0.134513,0.278110
-0.002389,-0.056719,-0.009549,0.100795,-0.333924,0.645694
-0.001162,-0.052291,-0.027793,0.375755,0.100020,0.309598
-0.001135,-0.050840,-0.021064,-0.024515,0.902452,0.240240
0.012428,-0.039848,-0.034420,-0.164173,1.486151,0.169277
-0.010444,-0.047315,-0.010580,0.001770,0.601616,-0.093341
-0.000623,-0.047299,-0.021651,-0.118682,0.300919,-0.043107
-0.012506,-0.049248,-0.012549,-0.004499,-0.012964,0.009520
0.000204,-0.042385,-0.020863,-0.154861,0.246092,0.222321
0.003417,-0.044443,-0.017108,-0.115514,0.432567,0.268433
0.004405,-0.049268,-0.012132,-0.112731,0.492341,0.378782
0.010235,-0.042063,-0.030146,0.204330,0.241943,0.333727
-0.002228,-0.050420,0.005675,-0.303227,-0.367054,0.018318
0.009027,-0.046255,-0.013498,0.072999,-0.436277,0.247376
0.001458,-0.047663,0.001559,-0.140448,-0.077303,0.140835
0.010619,-0.046380,-0.008325,0.151712,-0.920050,0.696709
0.011049,-0.034287,0.003781,0.179767,-0.245000,0.705818
0.010652,-0.046403,-0.015795,-0.037635,0.061091,1.092506
0.018251,-0.029879,-0.033921,0.668253,0.507538,0.912296
-0.008800,-0.046051,-0.010271,0.202514,-0.643695,0.662828
0.012516,-0.036703,-0.024175,0.382691,-0.761101,0.806520
0.008023,-0.035630,0.003729,0.136823,-0.892924,0.558302
0.008725,-0.039043,-0.003900,0.159492,-0.081430,0.806727
0.012772,-0.035426,-0.016944,0.117762,0.171246,0.276436
0.013350,-0.045247,-0.027399,0.231643,0.168656,0.641013
0.002383,-0.028139,-0.017417,0.221822,-0.332155,0.505162
0.001651,-0.046944,-0.008085,0.481377,0.145600,0.424759
0.014197,-0.031251,-0.011699,0.358558,-0.348965,0.793344
-0.003643,-0.040937,0.006213,0.203256,-0.619119,1.016067
0.008098,-0.040120,-0.007767,0.624547,-0.315888,0.406991
-0.006870,-0.038223,0.023863,0.275417,-1.763433,0.492948
0.018760,-0.035676,0.009424,0.537290,-0.223687,0.755754
0.005036,-0.036696,0.003866,0.459506,-1.487166,0.469312
-0.007037,-0.051490,0.009276,0.649504,-1.445358,0.714336
0.006027,-0.033378,0.009266,0.484840,-0.383394,0.452775
-0.005508,-0.051113,0.007283,0.888912,-0.299324,0.419103
0.004553,-0.032396,-0.018113,1.084259,0.055218,0.689767
-0.015191,-0.050043,0.009758,0.581045,-0.270416,0.017631
-0.004142,-0.045687,-0.011417,0.890257,0.303584,-0.216610
-0.008816,-0.047299,0.012155,0.789332,-0.088457,-0.014648
0.001714,-0.044446,0.001917,0.531339,0.143109,0.235589
-0.004316,-0.040399,0.011029,0.815644,-0.818885,-0.155255
-0.000453,-0.050450,0.000459,1.210157,0.252582,0.187905
0.005627,-0.037520,0.003771,0.978348,0.818323,0.134762
-0.017738,-0.059513,0.025705,0.907520,-0.622169,0.248610
-0.010625,-0.048201,0.007218,0.611368,-1.494611,0.472594
-0.009299,-0.048825,0.012089,0.541065,-0.537597,0.269897
-0.002104,-0.060209,0.008468,0.708666,-0.334171,0.351722
-0.003239,-0.049078,0.013297,0.706270,0.430247,0.351068
-0.004785,-0.067502,-0.003063,0.784809,-0.340883,0.609265
0.004179,-0.042175,-0.004133,0.795835,-0.101410,0.563140
-0.023272,-0.059322,0.004159,0.931002,0.056830,0.288912
-0.007444,-0.060172,-0.002071,0.897213,-0.981182,-0.263069
-0.011898,-0.052101,0.013336,0.514185,-0.140185,0.272877
0.000690,-0.056463,0.000413,0.735661,0.240456,0.259876
-0.007323,-0.055872,0.009342,0.519887,-0.311092,-0.224225
-0.006423,-0.062654,-0.001333,0.585450,-0.627850,0.385478
-0.003512,-0.051251,0.006850,0.895493,-0.223858,0.288617
-0.013215,-0.056053,0.007799,0.730537,0.013761,0.328081
-0.004664,-0.057970,-0.010077,0.866496,-0.150105,0.193048
-0.019195,-0.060245,0.017475,0.684412,-0.165043,0.004357
-0.003463,-0.048218,-0.012506,0.629448,-0.403735,0.104859
-0.015411,-0.057750,0.020479,0.485743,-0.616759,0.282925
-0.001903,-0.049321,-0.001848,0.492492,0.269279,-0.126458
-0.007628,-0.047578,0.013340,0.328432,-0.344139,0.388258
-0.004887,-0.055570,0.003709,0.694660,0.031270,0.107331
-0.005225,-0.051014,0.006213,0.759272,-0.329296,-0.308991
0.003378,-0.050591,0.009814,0.480872,0.143742,0.156932
-0.003916,-0.052751,0.007339,1.019211,-0.310156,0.476887
-0.004703,-0.057986,0.029158,0.711689,-1.778644,0.212989
0.003920,-0.050105,0.001158,0.899389,0.300124,0.102693
0.009805,-0.045562,0.007280,0.596693,0.236074,0.346962
0.014302,-0.038873,0.009949,0.787074,-0.158754,0.230518
0.002827,-0.056526,0.011734,0.879475,-0.064387,0.187206
0.001389,-0.048402,-0.011003,1.021913,-1.226915,0.085483
-0.014853,-0.044637,0.044976,0.332962,-2.087062,-0.063799
0.010714,-0.033539,0.018870,0.339845,-1.418570,0.403597
-0.008760,-0.046199,0.028413,0.304063,-1.558113,0.162351
0.012589,-0.040048,0.027323,0.492449,-0.878750,0.305705
0.008879,-0.031162,0.011183,0.594684,-0.354528,0.588707
0.014548,-0.031110,0.014042,0.573784,-0.121239,0.545700
0.010915,-0.027666,0.009824,0.675284,-0.533562,0.542736
0.012690,-0.042707,0.005406,0.964946,0.060116,0.242882
0.009716,-0.026518,-0.004405,0.813806,0.376192,-0.058449
0.001612,-0.037642,0.006013,1.080484,-0.040340,0.234479
0.011322,-0.030076,0.006768,0.990792,0.693941,0.017556
-0.014255,-0.037176,0.020364,0.667419,-2.630775,-0.201901
0.014368,-0.026268,0.004188,1.138449,1.238239,0.266670
0.008177,-0.038151,0.003784,0.970201,0.131184,-0.289953
0.001500,-0.028697,-0.007533,0.670492,-0.774851,-0.489647
-0.004864,-0.026596,0.005143,0.289532,0.051148,0.227875
0.005177,-0.021029,-0.007996,0.566465,0.050305,-0.287544
-0.005613,-0.026439,0.002718,0.350927,0.087695,-0.463092
0.009611,-0.018101,-0.019390,0.293891,0.207077,-0.264478
-0.010471,-0.034990,0.011140,0.409328,-0.218839,-0.476012
0.011827,-0.017320,-0.006086,0.821625,0.142219,-0.270521
-0.005731,-0.034796,0.013412,0.786601,0.119790,-0.418838
0.013895,-0.015502,-0.014630,0.220916,0.189749,-0.206743
-0.011715,-0.028681,-0.009217,0.234223,0.726654,-0.274568
0.009851,-0.021899,-0.028249,0.552462,0.423751,-0.364323
-0.018138,-0.034471,0.005458,0.536427,-0.365397,-0.598535
0.013977,-0.015190,-0.018605,0.485621,1.008668,-0.126583
-0.000702,-0.024840,-0.005515,-0.008172,0.847405,-0.406316
0.013754,-0.025149,-0.023411,0.105541,0.923784,-0.000274
0.000778,-0.021095,-0.004070,0.194374,0.146418,-0.583498
0.005101,-0.024784,-0.027323,-0.308466,0.154762,-0.144459
-0.003371,-0.033404,0.013599,0.154830,-0.003623,-0.289484
0.009992,-0.022080,-0.016665,-0.677041,0.119400,-0.049435
-0.012840,-0.028293,0.002005,-0.325564,-0.591924,-0.353009
0.019560,-0.021538,-0.012437,0.217144,1.689288,0.242830
0.000585,-0.025713,0.004424,0.235122,-0.398178,0.128154
0.009027,-0.022710,-0.013747,-0.156867,0.105840,0.084550
0.000214,-0.030013,-0.007163,0.541479,-0.002618,-0.318966
0.007087,-0.038039,-0.014706,0.327424,0.701937,-0.167114
0.013061,-0.031960,-0.005886,0.834755,1.101696,0.023573
0.006762,-0.034300,-0.017079,-0.138472,1.190896,0.092008
0.005810,-0.024148,-0.018382,-0.261169,0.584082,0.147498
-0.002632,-0.048418,-0.033140,0.144107,0.855549,-0.216410
0.005164,-0.037701,-0.039419,-0.166645,0.446331,-0.094871
-0.013963,-0.046399,-0.002311,0.255946,0.427834,-0.041843
0.007888,-0.032042,-0.026191,0.101819,0.238956,0.100470
-0.011682,-0.044797,0.002363,-0.208581,-0.408419,-0.140034
0.003667,-0.039683,0.000010,0.031092,-0.202312,0.032009
-0.003226,-0.042342,-0.012352,0.081087,-0.190984,0.170918
0.008584,-0.039135,-0.014578,-0.085539,-0.069531,0.354482
0.000279,-0.047121,-0.010179,0.144760,0.432410,-0.020455
0.004038,-0.057576,0.000620,0.840016,0.442947,0.126730
0.005656,-0.036788,-0.028114,-0.056995,1.158639,0.409476
0.000010,-0.056394,0.008393,1.089971,-0.016142,0.354997
-0.003939,-0.041193,-0.024336,-0.663508,0.209033,0.302964
-0.001434,-0.047226,-0.024852,0.021271,0.058491,0.607926
-0.003669,-0.044062,-0.025232,-0.436356,0.017589,0.638003
-0.006673,-0.056532,0.007274,0.211180,-0.426056,0.354830
0.003513,-0.045946,0.009840,0.411619,-0.435096,0.154654
-0.001985,-0.054881,-0.033140,-0.138977,0.572140,0.662578
-0.001818,-0.040520,-0.001914,0.103592,-0.029754,0.467982
0.001277,-0.054067,-0.019226,0.173895,0.441394,0.368675
0.003371,-0.031993,-0.027071,-1.001005,-0.237050,0.711444
-0.012880,-0.052012,-0.013547,-0.056755,0.056866,0.589009
-0.009991,-0.040376,-0.004930,0.520743,-0.541276,0.551533
-0.019583,-0.051251,0.002823,0.105548,-0.436793,0.374219
-0.010283,-0.048103,-0.046263,-0.056197,0.012363,0.501978
-0.042320,-0.049731,0.008061,-0.215005,-2.738448,0.245216
-0.006345,-0.041285,-0.011397,-0.256124,0.059640,0.301214
-0.017390,-0.034520,-0.008833,-0.320483,-0.301701,1.061745
-0.008682,-0.050345,-0.002439,0.594497,0.557684,0.558124
-0.003275,-0.038459,-0.015441,0.024761,0.953287,0.386417
-0.013579,-0.050653,0.002196,0.189509,-0.374633,0.350267
-0.012634,-0.035869,-0.004317,0.484354,-0.407963,0.509341
-0.017134,-0.046954,0.018306,0.246118,0.076827,0.260919
-0.006390,-0.034458,-0.010048,-0.250281,-1.041891,0.573194
-0.010228,-0.036243,0.012227,0.048545,-0.587096,0.965281
-0.004585,-0.038535,-0.012477,-0.431124,-0.476011,1.029716
-0.005107,-0.033844,0.005675,0.406876,-0.414597,0.919058
-0.000771,-0.047758,-0.010340,0.888150,-0.506292,0.838694
-0.003046,-0.030624,0.008688,0.083391,-1.329570,0.456897
-0.011248,-0.053578,0.008550,0.644367,-0.232950,0.417485
-0.001201,-0.037868,-0.017062,0.593472,-0.300952,0.368698
-0.010411,-0.044400,0.005337,0.688755,0.181888,0.169145
-0.001388,-0.036424,-0.018037,1.016182,-0.215832,0.341119
-0.013855,-0.045907,0.018490,0.503993,-0.113565,0.310481
0.001363,-0.037287,-0.004034,0.664751,-0.426552,0.332014
-0.021381,-0.053411,0.022941,0.571822,-1.052536,0.050462
0.006214,-0.028477,0.000315,0.588398,-0.065060,0.694969
-0.018821,-0.042047,0.023121,-0.119896,-1.376387,0.635196
-0.001802,-0.028622,0.012332,-0.005395,-1.276710,0.777802
-0.006965,-0.037914,0.007513,0.448349,-0.321231,0.817683
0.002397,-0.028579,0.008948,0.135093,-0.346624,0.739410
-0.002711,-0.028835,0.005675,0.585509,-0.375044,0.519592
-0.005087,-0.035127,-0.005351,0.500583,-0.230321,0.748765
-0.002406,-0.034517,0.000446,0.362609,0.361923,0.690364
0.005213,-0.042405,-0.005879,0.467509,0.495833,0.636939
0.001474,-0.029734,-0.006529,0.757883,-0.248463,0.544364
0.003486,-0.046035,-0.003749,0.899872,0.074060,0.397584
0.006001,-0.032301,0.000262,0.768623,0.451855,0.398936
0.003509,-0.043757,0.007139,0.550239,-0.085270,1.249620
0.011046,-0.025480,-0.005370,0.746231,0.063296,0.887642
0.001809,-0.041436,0.022077,0.352207,-0.790732,0.886359
0.006638,-0.029432,0.005225,-0.085451,-0.588057,1.115942
0.003358,-0.034615,0.005176,0.420176,-0.641108,0.843756
0.002676,-0.042733,0.005925,0.334199,-1.409182,1.023630
-0.001004,-0.038498,-0.001632,0.361788,-0.389926,0.580822
0.000706,-0.045707,-0.000112,0.449344,-0.263575,0.789779
-0.000922,-0.034586,-0.011686,0.394389,-0.050319,0.933527
-0.009181,-0.046403,-0.006329,0.453112,-0.158278,0.364267
-0.000745,-0.036496,-0.017909,0.591618,-0.370671,0.675737
-0.006656,-0.033135,0.007841,0.176741,-0.227629,0.680070
0.000174,-0.042549,-0.017620,0.442786,-0.332648,0.598351
-0.024903,-0.049895,0.007664,0.149802,-0.834073,0.424598
-0.001040,-0.044541,-0.014735,0.604800,0.100687,0.379478
-0.021782,-0.048382,0.011147,0.311541,-0.138229,0.250044
-0.010904,-0.038928,-0.004875,0.628631,-0.462865,0.716719
-0.025727,-0.051750,0.021628,0.553249,-0.793154,-0.152140
-0.011718,-0.049422,0.018362,0.633663,-2.072875,0.058524
-0.009958,-0.046793,0.022136,0.399303,-0.128887,0.275562
0.006247,-0.043100,0.021040,0.267605,-0.169402,-0.055442
-0.075545,-0.055449,0.088688,-0.636539,-13.701454,-0.133115
-0.001076,-0.042454,0.010842,0.351376,-1.425158,0.440101
-0.011994,-0.043616,0.009706,0.487400,-1.586841,0.272838
-0.000420,-0.049176,0.013116,0.492780,0.130035,0.452003
-0.001247,-0.039109,0.014633,0.628270,-0.320004,0.158176
-0.005878,-0.044863,0.011357,0.623855,-0.455598,0.306663
0.001674,-0.037786,0.012716,0.423747,-0.377036,0.320075
0.003253,-0.055360,0.001060,0.757040,0.408655,0.393694
-0.005084,-0.037130,0.013110,1.198232,0.394071,-0.005756
-0.005787,-0.058702,0.002071,1.187997,0.126510,-0.414574
0.010274,-0.042195,-0.000965,0.840062,0.185856,-0.282370
-0.009880,-0.054484,0.005232,0.775185,0.005240,-0.432171
-0.000597,-0.043596,-0.010770,1.212990,0.140263,0.160162
-0.012519,-0.048297,0.022215,0.728998,-0.030824,-0.371804
-0.001628,-0.049111,0.009237,0.325435,-1.180551,-0.494350
-0.014902,-0.051024,0.025961,0.570390,-1.246048,-0.305919
-0.002163,-0.042805,0.017111,0.272699,-1.640499,-0.208725
-0.008038,-0.038325,0.024309,0.483343,-0.367652,-0.013043
0.008600,-0.041975,0.039169,0.276107,-0.148677,-0.472016
-0.004549,-0.040366,0.003066,0.379956,-0.212484,-0.676831
0.009986,-0.034267,0.004930,0.776708,0.254180,-0.201540
0.014873,-0.042372,0.006913,0.746733,0.207126,-0.469390
0.000749,-0.043015,-0.000368,1.050883,0.264041,-0.233163
0.013554,-0.040612,0.004306,0.649901,-0.009626,-0.372171
0.007796,-0.034198,0.002058,1.103527,0.526022,-0.306089
0.017463,-0.028730,-0.009651,0.757972,0.777269,-0.564755
0.004750,-0.040744,-0.011252,0.787675,0.396536,-0.423108
0.013386,-0.024450,-0.008498,0.577185,0.133800,-0.351200
0.004021,-0.039716,0.006998,0.225994,-0.943483,-0.219915
0.013619,-0.031566,0.006886,0.073469,0.143821,0.012925
0.013731,-0.039884,-0.001110,0.267451,0.164238,-0.165955
0.020309,-0.034349,0.019077,-0.115170,0.099426,0.115872
0.010038,-0.027496,0.006798,0.081018,-0.455191,-0.123349
0.017598,-0.033079,-0.016609,0.056682,-0.092097,-0.177283
0.020043,-0.027033,-0.011436,0.087199,-0.248712,0.234581
0.023854,-0.036838,0.001316,0.055090,0.051979,0.214329
0.011558,-0.034497,-0.008863,-0.018059,0.182751,-0.264540
0.025269,-0.029406,-0.013511,0.099272,0.359678,0.111716
0.021884,-0.024358,-0.012913,0.466278,0.716180,0.084068
0.021605,-0.039585,0.000315,0.498295,0.210875,-0.237099
0.021264,-0.029016,-0.014889,0.761448,0.916097,-0.643796
0.015595,-0.039578,-0.019370,0.066782,1.725645,0.066878
0.020453,-0.026058,-0.030140,0.073567,1.590421,0.031270
-0.003870,-0.031139,-0.008860,-0.166671,0.129086,0.147652
0.010590,-0.035928,-0.005301,-0.120921,0.187163,-0.341566
-0.004122,-0.034875,-0.009608,-0.017905,-0.044410,-0.255090
0.012510,-0.041082,-0.004382,0.066759,0.441742,-0.027062
0.007937,-0.027712,-0.010717,0.099594,0.382051,-0.390793
0.003020,-0.044965,0.005970,0.064931,0.189418,-0.202952
0.006729,-0.031661,-0.014617,0.163535,0.089861,-0.133600
-0.011445,-0.043294,0.018608,0.174285,-0.710315,-0.284918
0.009306,-0.035863,-0.002886,0.219787,0.373484,-0.169635
0.001688,-0.040363,-0.000824,0.485598,0.146103,-0.079440
0.004760,-0.047236,-0.004418,0.382911,0.654805,-0.582116
0.008768,-0.031970,-0.004182,0.441765,0.559798,0.057283
0.012099,-0.040734,-0.010717,0.354498,0.317334,0.119555
0.010232,-0.041899,-0.014036,0.203801,0.955657,0.102860
0.002787,-0.046465,-0.022629,0.277948,0.934282,0.271938
0.004140,-0.038147,-0.041123,0.657959,0.662545,-0.149911
-0.007539,-0.056726,-0.017190,-0.005792,0.175221,0.185023
0.001560,-0.045982,-0.014627,0.269516,0.123634,0.047344
-0.006994,-0.046691,-0.001431,-0.006544,-0.351302,0.061885
0.003132,-0.041899,-0.008718,-0.274128,0.321851,0.083277
-0.004474,-0.051586,-0.003762,-0.199358,-0.332021,0.044108
0.004471,-0.044167,-0.009536,0.010308,-0.149261,0.141990
0.004954,-0.041955,-0.015142,-0.025008,0.387441,0.079936
0.011476,-0.041075,-0.029828,-0.110538,0.976517,0.442563
0.010235,-0.035469,-0.007405,0.085889,0.232834,0.318204
0.000470,-0.046567,-0.007382,-0.029170,-0.066652,0.139446
0.007340,-0.039007,-0.028055,-0.216873,0.861644,0.742630
0.017778,-0.047364,-0.039636,-0.044138,1.710365,0.364940
0.008574,-0.038272,-0.031929,-0.050555,1.792931,0.239754
-0.003761,-0.058078,-0.006719,-0.106665,0.021239,0.052718
0.001379,-0.048937,-0.029857,-0.088753,0.068768,-0.010069
-0.010198,-0.054162,-0.012582,-0.257178,-0.006695,0.543442
0.005302,-0.039158,-0.020719,-0.377660,0.039141,0.837273
-0.002626,-0.042559,-0.012795,-0.052712,-0.486246,0.490162
0.004514,-0.057944,-0.016094,0.142495,0.101386,0.323673
0.011903,-0.033279,-0.000099,0.003815,0.204123,0.754884
-0.000433,-0.057353,-0.018448,0.496066,1.559993,0.539175
0.012779,-0.046005,-0.026076,0.584226,2.002361,0.550434
-0.004618,-0.056867,-0.003837,0.043464,1.070362,0.238684
0.004990,-0.049216,-0.010248,0.017352,-0.548822,0.489216
-0.001034,-0.047847,0.004523,-0.146113,-0.779624,0.550992
0.008594,-0.049984,-0.007008,0.040976,-0.029124,0.462107
0.004209,-0.039122,-0.000939,-0.112678,-0.473615,0.403026
0.006506,-0.052800,-0.011459,0.017894,-0.090414,0.709826
0.013166,-0.039434,-0.020200,-0.398887,0.710088,0.694622
0.010015,-0.051835,-0.034873,0.319566,1.529749,0.934276
0.010832,-0.034044,-0.029591,0.098852,1.108320,0.552321
-0.007943,-0.051198,-0.014627,0.130728,-0.085762,0.302052
-0.004414,-0.044692,-0.025147,0.285232,-0.041453,0.557284
-0.016087,-0.046268,-0.008219,-0.346719,-0.012321,0.306666
-0.007651,-0.044056,-0.025613,-0.228703,0.198894,0.552840
-0.016156,-0.042428,-0.006056,-0.234024,-0.487516,0.638275
-0.006374,-0.040343,-0.018622,0.047777,-0.060711,0.475351
-0.015696,-0.049278,0.001982,-0.126619,-0.070555,0.600881
0.000204,-0.038879,-0.009237,0.156055,-0.596927,0.354160
-0.035115,-0.044203,0.036113,-0.333984,-4.207349,0.372565
-0.003650,-0.036326,-0.004113,0.030656,-0.033348,0.653102
-0.016540,-0.045218,0.001421,0.211512,-1.160584,0.128437
-0.003082,-0.036782,0.002120,0.278969,-0.815691,0.808525
-0.005741,-0.044666,0.008829,0.078642,-0.422557,0.420676
0.004008,-0.031257,-0.013248,0.118113,0.244668,0.439008
-0.003840,-0.042667,-0.015280,0.178339,-0.460377,0.339488
0.003339,-0.034655,0.005537,-0.336006,-0.110564,0.723773
-0.000295,-0.027568,0.010064,0.158382,-0.874119,0.517891
-0.005028,-0.042132,-0.011134,0.202682,0.121970,0.765696
-0.004474,-0.028333,-0.014935,0.354370,0.045657,0.463144
0.001409,-0.042598,-0.017506,0.469741,0.240551,1.142034
-0.003203,-0.028796,-0.003746,-0.048658,-0.520196,0.834506
0.005896,-0.030834,-0.020476,0.470171,0.629799,0.786661
-0.001605,-0.021568,0.000203,0.125502,-0.304563,0.636007
0.001871,-0.030913,-0.011354,-0.152320,-0.024758,0.988498
0.005374,-0.026048,-0.018283,0.213044,1.051724,0.424818
0.004018,-0.039381,0.001625,0.283292,-0.424622,0.571015
0.007360,-0.026202,0.000804,0.045706,-0.373780,0.795740
0.002495,-0.028648,-0.002157,0.306958,-0.346808,0.822443
0.003916,-0.022385,0.009735,-0.018686,-1.172804,1.162152
-0.014879,-0.041659,0.008967,0.178034,-0.044072,0.279077
0.003224,-0.022415,-0.008190,0.057447,-0.065890,0.538026
-0.001877,-0.022477,0.007979,0.400790,-0.018673,0.466610
0.003989,-0.026580,0.000036,0.231843,0.426479,0.565031
-0.007999,-0.025904,0.018135,0.095651,-0.744988,0.419300
0.004366,-0.034300,0.011301,0.429118,-0.348174,0.696568
-0.007034,-0.034376,0.037492,0.147245,-3.029597,0.289257
0.002902,-0.030391,0.005662,0.654591,0.041196,0.672304
0.005256,-0.026609,0.006679,0.392420,-0.077832,0.368829
-0.009860,-0.041945,0.036668,0.226719,-1.996788,0.273255
0.013091,-0.025868,-0.002931,0.999888,-0.087394,1.085461
-0.015315,-0.041344,0.014193,0.697572,-0.492335,0.204947
0.004097,-0.030722,0.015608,0.602952,-0.347599,0.301700
-0.008495,-0.034267,0.011702,0.751354,-0.144403,0.533191
0.010793,-0.027860,0.013461,0.784704,-0.059578,0.640704
0.002466,-0.034907,0.010369,0.998223,-0.202965,0.026556
0.002797,-0.042011,0.008921,1.068238,-0.118321,0.276655
0.006930,-0.033627,-0.001878,1.016523,0.172257,-0.196420
-0.010119,-0.051484,0.007352,1.240776,-0.440128,-0.050430
-0.003916,-0.040218,0.011298,0.732523,-1.659534,0.128312
-0.009706,-0.045497,0.009033,0.730114,-0.918313,-0.138216
0.003900,-0.032492,-0.009391,0.830957,-0.135173,0.624738
-0.003561,-0.042920,0.013812,0.761560,-0.544585,-0.000304
0.004300,-0.038777,0.003072,0.604984,-0.353727,0.199285
-0.003124,-0.037704,-0.004399,0.749185,0.434675,-0.126537
-0.001460,-0.048533,-0.007461,0.879077,0.103385,0.411114
0.000119,-0.033621,0.008025,1.089058,0.260748,0.034890
-0.013382,-0.049048,0.003177,1.149242,0.702870,-0.381418
-0.006285,-0.037274,-0.022341,1.315310,-0.038522,-0.307261
-0.018709,-0.047089,0.017147,0.933822,0.041951,-0.138491
-0.009440,-0.043058,-0.007021,0.670807,-0.542842,-0.410737
-0.018365,-0.037947,0.011951,0.679154,-0.443430,-0.216115
-0.010247,-0.041348,0.007356,0.590482,0.238480,-0.216873
-0.027516,-0.041807,0.015096,0.207031,-2.117244,-0.316997
-0.001720,-0.037031,-0.004468,0.423980,0.027659,0.091240
-0.006568,-0.030194,-0.002446,0.414711,0.108722,-0.219430
-0.003193,-0.046455,-0.013199,0.881165,0.642870,-0.439849
-0.008646,-0.036562,0.000262,0.516535,0.157913,-0.386073
-0.010999,-0.047581,-0.007540,0.686946,0.389013,-0.745825
0.011194,-0.033992,-0.037765,1.114980,4.788136,-0.199719
-0.015375,-0.042290,-0.002442,0.286249,0.737037,-0.172816
-0.008193,-0.034625,-0.034180,0.435154,0.490496,-0.114956
-0.021381,-0.037445,0.003184,0.078284,-0.042835,-0.123596
-0.006121,-0.032886,-0.010606,-0.127226,-0.173121,0.142361
-0.012401,-0.034796,0.011823,-0.246221,-0.492342,-0.233850
0.002728,-0.029061,-0.005994,-0.216942,-0.234778,0.039437
0.000716,-0.026393,-0.004655,-0.068887,0.341463,0.036584
0.000493,-0.038640,-0.017647,0.168627,0.286437,-0.013933
0.004248,-0.027378,-0.021497,0.181576,0.987743,-0.139026
-0.000114,-0.044377,-0.011856,0.524469,0.444276,-0.292356
0.002702,-0.032400,-0.026713,-0.126622,1.239552,0.044659
-0.012388,-0.042434,-0.028344,0.068007,1.987928,0.052386
0.001881,-0.031615,-0.031499,0.249791,0.618413,-0.188765
-0.015033,-0.042572,-0.019928,0.015908,-0.017872,-0.414252
-0.005691,-0.029048,-0.017253,-0.366946,0.372676,0.007052
-0.009876,-0.025861,0.000118,-0.346677,-0.610664,-0.005940
0.001914,-0.033069,-0.010658,-0.275435,-0.082532,0.312542
0.000680,-0.020327,0.001060,-0.062746,-0.129957,0.113022
0.009756,-0.028103,-0.023332,-0.045329,1.311394,0.783881
0.000394,-0.025687,-0.003260,0.139889,-0.502071,-0.101961
0.008105,-0.035997,-0.012132,0.355719,0.505625,0.280351
0.008029,-0.019835,-0.021822,0.123611,1.149980,0.274272
-0.001096,-0.038804,-0.026621,0.247333,1.316879,0.320712
0.005439,-0.027867,-0.020601,0.017592,-0.075022,0.392555
-0.000124,-0.033414,-0.002423,0.177210,0.166818,0.408931
0.009270,-0.031054,-0.022265,0.395062,0.395315,0.219915
-0.004122,-0.035820,0.009200,0.049326,-0.713722,0.250868
0.004645,-0.031648,-0.014807,0.414852,-0.248355,0.392410
-0.014672,-0.041801,0.030950,-0.029554,-2.292539,0.832960
0.007389,-0.021922,0.035388,-0.467549,-0.997610,0.950241
0.006546,-0.030132,0.000925,-0.131421,-0.745188,0.970478
0.010855,-0.027673,0.007060,0.032766,-1.008157,0.921234
0.000759,-0.029488,0.009818,0.146818,-0.896387,0.599861
0.006139,-0.036493,0.001457,0.189552,-0.265279,0.925708
0.002282,-0.029239,0.007727,0.417905,-0.437233,0.263187
-0.000935,-0.042828,-0.002416,0.656873,-0.336820,0.450178
0.003526,-0.034914,-0.012378,0.810327,0.134709,0.453277
-0.015319,-0.043603,0.017082,0.658826,-0.170223,0.291026
-0.005091,-0.033814,0.015109,0.372430,-0.182916,0.400695
-0.009148,-0.039030,0.017292,0.524722,-0.368745,0.479969
0.000867,-0.042670,0.011488,0.486301,-0.177182,0.767964
-0.005842,-0.033125,0.017761,0.370221,-1.976483,0.452292
0.002075,-0.048011,0.008015,0.319596,-0.415086,0.735534
0.001697,-0.032022,0.008521,0.462703,0.611421,0.403538
-0.011511,-0.055209,0.007277,0.721264,0.039200,0.569452
-0.007405,-0.043816,0.002941,0.664406,-0.119837,0.290763
-0.016376,-0.050013,0.015391,0.704701,-0.635659,0.483127
-0.001483,-0.037579,-0.011531,0.907175,0.231334,0.692832
-0.013838,-0.049728,0.016898,0.944411,-0.070506,0.498262
-0.009007,-0.047568,-0.003076,0.932755,-0.364674,0.197286
-0.023892,-0.053073,0.021913,0.818621,-0.317200,-0.222292
-0.006420,-0.044548,0.005626,0.888757,0.082702,0.240207
-0.025951,-0.060274,0.023440,0.806887,-0.892966,0.052993
-0.013313,-0.047161,0.009069,0.269545,-1.030776,-0.376107
-0.016359,-0.052922,0.014419,0.293622,-0.284918,0.303532
-0.006125,-0.038331,0.010684,0.293953,-0.293652,0.045181
-0.019136,-0.047620,0.018523,0.543166,-1.280757,0.412725
-0.009184,-0.040770,0.006529,0.398847,-0.560885,0.603606
-0.023896,-0.053384,0.002550,0.467630,-0.670217,0.143217
-0.006922,-0.053164,-0.001097,0.287792,-0.276918,-0.013752
-0.012621,-0.043150,0.006358,0.362448,-0.350734,0.101199
-0.004510,-0.054829,0.004854,0.370802,0.310602,-0.211351
-0.023971,-0.047913,0.012027,0.543957,-1.812669,0.105870
-0.004559,-0.047030,-0.017647,0.522887,0.624055,0.091040
-0.013060,-0.049143,0.003981,0.624531,0.251712,0.017523
-0.001322,-0.047929,0.000646,0.090889,0.418066,0.110127
-0.006085,-0.044322,-0.004727,0.202856,0.675087,0.074145
-0.009016,-0.057418,-0.016606,0.291114,0.578390,-0.100838
-0.010346,-0.045546,-0.003240,0.480136,0.237866,0.283643
-0.000285,-0.052344,-0.014328,0.064281,0.272811,0.238687
0.002295,-0.039555,-0.017243,-0.042710,0.411760,0.386368
-0.012069,-0.054569,-0.014262,0.030508,0.140342,0.183237
0.001730,-0.042405,-0.014279,0.220584,0.236156,-0.037894
-0.007943,-0.053424,0.000765,0.044629,0.052812,0.181819
0.008134,-0.040284,-0.020079,0.659600,0.295499,-0.018603
-0.009404,-0.040757,-0.003883,-0.030450,0.196176,0.038987
0.001297,-0.042677,-0.023269,0.098077,0.013889,0.254354
0.004957,-0.041771,-0.004967,0.124580,1.059415,0.185374
0.000542,-0.044348,-0.009303,0.206191,0.076751,0.171975
0.010642,-0.030489,-0.020250,-0.203034,0.673265,0.280371
0.008279,-0.040566,-0.027218,0.208656,1.063619,0.380472
0.002088,-0.033601,-0.032267,0.093065,-0.058098,0.154716
0.000903,-0.048704,-0.010603,0.068804,0.023884,0.147212
0.005617,-0.025635,-0.031968,-0.010913,-0.139361,0.245124
0.000834,-0.041748,-0.003736,-0.252973,0.139482,0.347700
0.005932,-0.032705,-0.012112,-0.319528,-0.244921,0.463141
-0.000262,-0.031448,0.005065,-0.180589,-0.266864,0.265679
0.004176,-0.034251,-0.006552,-0.240608,-0.112491,0.104380
0.000631,-0.028126,0.000072,-0.176413,-0.632945,0.258310
0.016324,-0.034461,-0.002449,0.055678,0.839682,0.315654
0.006772,-0.023908,-0.009756,0.026231,0.320955,0.549597
0.002420,-0.031914,-0.017867,0.041741,0.013440,0.081925
0.003943,-0.025103,-0.003552,0.065509,-0.100645,0.407293
0.015684,-0.028838,-0.017932,0.243850,1.112738,0.141931
0.010081,-0.019789,-0.025104,-0.020547,1.315806,0.496280
0.002420,-0.036440,-0.009966,-0.066042,0.124911,0.540836
0.003089,-0.024135,-0.028669,-0.075022,-0.109892,0.113216
-0.009778,-0.039486,-0.015162,-0.136519,0.315138,-0.017786
0.003365,-0.025969,-0.035739,0.069090,0.447526,0.222928
-0.011734,-0.032787,0.000975,-0.048277,-0.253403,-0.244698
0.000460,-0.024955,-0.021080,-0.009794,-0.272356,0.346391
-0.001293,-0.028937,-0.007136,0.080736,-0.115603,0.225062
0.000220,-0.034241,-0.012181,0.106946,-0.095147,0.582303
0.003365,-0.022447,-0.007419,-0.108661,0.038150,-0.117733
-0.000955,-0.028540,-0.002479,0.005998,0.197653,0.148325
0.000933,-0.019480,0.000371,0.006412,-2.406814,0.452125
-0.009919,-0.029931,0.021706,0.291367,-0.762831,0.287037
0.013153,-0.017225,-0.001438,-0.045073,-0.753033,0.387956
0.002223,-0.020891,0.009351,0.244287,-1.103814,0.837631
0.015031,-0.033719,0.001254,0.626983,0.113488,0.393225
0.010379,-0.021243,-0.005196,0.715221,0.272916,0.209743
-0.000544,-0.037917,0.004306,0.465316,-0.041380,0.316813
0.010114,-0.025044,-0.012579,0.682029,-0.301419,0.306726
-0.009368,-0.029058,0.023056,0.131735,-0.541992,0.191600
0.005210,-0.028113,0.014436,0.447210,0.189880,0.341431
-0.000203,-0.022044,0.018624,0.559493,-0.510983,0.230153
0.015057,-0.036588,-0.003460,1.007421,0.470601,0.046451
0.007340,-0.024118,0.005475,0.649983,0.067787,0.042355
0.008187,-0.036309,0.010556,0.643090,-0.108391,0.211673
0.006349,-0.036811,-0.001205,0.844192,-1.222894,-0.384297
-0.007050,-0.033755,0.019881,0.233445,-0.614583,0.069510
0.012707,-0.030630,0.013100,0.587085,0.047948,0.110754
-0.002468,-0.022247,0.027103,0.369121,-1.911051,0.609212
0.016166,-0.011520,0.020292,-0.112708,-1.442319,0.862216
0.008364,-0.023859,0.019087,0.473348,-0.248351,0.071989
0.013990,-0.037251,0.021273,0.410388,-0.462376,-0.094480
0.010511,-0.023754,0.007697,0.612511,-0.177336,0.280368
0.007087,-0.041505,0.003955,0.606136,-0.138393,0.332716
0.015323,-0.028129,0.019540,0.958604,0.370395,0.268961
0.003171,-0.046081,0.013632,1.078853,-0.319265,0.108450
-0.000426,-0.031267,0.003249,0.918306,0.187911,-0.107732
0.013790,-0.044059,-0.002954,0.895440,0.296038,-0.375030
0.005367,-0.039185,0.011258,0.754827,0.231574,-0.408921
-0.003495,-0.054330,0.001598,1.081975,0.119236,-0.373793
0.007248,-0.035925,0.003387,0.391304,-0.369907,-0.406033
-0.001332,-0.042451,0.002957,0.467319,-0.701242,-0.168161
0.012388,-0.024318,0.001112,0.515629,-0.258790,0.191351
-0.007083,-0.041840,0.009217,0.174482,-0.250160,-0.480869
-0.000328,-0.035206,-0.013553,0.636246,-0.378789,-0.048740
-0.005035,-0.033568,0.002537,0.131026,-0.427461,0.357383
-0.001037,-0.038741,-0.007140,0.600910,0.195605,-0.471360
-0.009873,-0.032065,0.001493,0.389505,0.686694,0.116482
-0.003177,-0.029958,0.003781,0.332890,0.205505,-0.200211
-0.016313,-0.037773,0.003578,0.228652,-0.668188,-0.381907
0.001894,-0.033371,0.001480,0.294488,0.810786,-0.397650
-0.010953,-0.030762,-0.009155,0.068476,0.737867,-0.165138
-0.007740,-0.034855,-0.021303,-0.229642,0.372853,0.115609
-0.006578,-0.030837,-0.012621,-0.373875,0.120224,0.078839
-0.003627,-0.033138,-0.016258,-0.343020,0.327300,0.419845
-0.004972,-0.026334,-0.019203,-0.188893,0.630715,0.049914
-0.011091,-0.034005,-0.013327,-0.192179,0.229339,0.290536
-0.006587,-0.024896,-0.005735,-0.298825,-0.230025,0.246782
-0.010549,-0.032039,-0.006280,-0.008359,-0.061183,-0.211112
0.007389,-0.018357,-0.020808,0.126349,2.025850,0.463711
-0.007375,-0.036020,-0.008768,0.088502,-0.564943,0.237542
0.000732,-0.022395,-0.035063,0.364381,0.679965,0.347920
-0.019451,-0.031582,0.000364,0.079541,-0.511865,0.414957
-0.001759,-0.027840,-0.014896,0.229043,-0.271982,0.564095
-0.021010,-0.033082,0.004175,-0.042684,-0.771700,0.123664
-0.005416,-0.027854,0.006135,0.290418,0.095540,0.425090
-0.009693,-0.017904,0.016583,0.483606,-0.381211,1.080951
-0.001125,-0.024351,0.002153,0.498791,-0.277732,0.858037
-0.005783,-0.029144,0.004457,0.552596,-0.353094,0.417288
-0.007628,-0.039217,-0.008262,0.435453,-0.631793,0.498686
-0.012417,-0.026583,0.017561,0.292397,-3.038174,0.177532
-0.023456,-0.034277,0.018244,0.542828,-1.694482,0.295732
-0.003252,-0.018220,-0.000164,0.603294,0.090816,0.346971
-0.015417,-0.030292,0.028396,0.310641,-1.643046,0.406626
-0.005478,-0.027351,0.012378,0.124478,-1.436430,0.628237
-0.008997,-0.025651,0.009483,0.420091,-0.455440,0.525602
-0.006194,-0.035315,-0.000903,0.544820,-0.098206,0.815034
-0.003551,-0.032616,-0.008597,0.960603,0.103936,0.646484
-0.019675,-0.033877,0.007690,0.550522,-0.255395,0.388750
-0.002511,-0.026022,-0.004356,0.759475,0.334554,0.456208
-0.020233,-0.045612,0.019881,0.833271,-0.334522,0.366128
-0.010983,-0.033224,0.007694,0.984811,0.241753,0.119318
-0.014951,-0.035049,0.017882,1.007601,-0.383542,-0.424179
-0.006341,-0.042014,0.004877,0.944168,-0.268899,0.545041
-0.005248,-0.038134,0.004438,1.190781,-0.413491,0.172503
-0.003948,-0.051966,0.001267,0.957327,0.178520,0.265676
-0.005636,-0.035347,-0.012927,0.971343,-0.001535,0.342327
-0.026610,-0.040310,0.033362,0.279543,-1.547127,-0.060189
0.000073,-0.042172,0.017265,0.488185,-0.194887,0.585979
-0.008544,-0.042181,0.017705,0.488969,-0.727978,0.568014
-0.002898,-0.040025,0.009194,0.599719,-0.117894,0.609908
-0.006660,-0.031707,0.019579,0.556719,-0.825883,0.548966
-0.006647,-0.046964,0.002337,0.609740,-0.429782,0.312247
-0.003656,-0.032183,0.006519,0.622598,-0.017117,0.592859
-0.015929,-0.056673,-0.003119,1.087361,-0.281996,-0.326348
-0.004178,-0.037753,-0.017604,1.127174,0.480160,0.243923
-0.021490,-0.051924,0.008912,0.414461,-0.310987,0.012294
-0.003272,-0.043544,-0.024802,0.280141,0.886026,0.293232
-0.016963,-0.040635,-0.005400,0.146441,0.231344,0.307136
-0.012719,-0.044715,-0.008554,0.186634,0.417307,-0.071100
-0.007973,-0.031356,-0.006411,0.304972,0.157693,-0.021095
-0.013307,-0.045267,-0.017876,0.160837,0.276087,-0.126819
-0.015122,-0.044473,-0.004176,0.774289,0.165830,-0.218891
-0.027566,-0.040904,-0.006056,-0.101433,0.203545,-0.454459
-0.015473,-0.031297,-0.020263,-0.080087,0.016436,-0.014012
-0.009476,-0.029777,-0.003165,0.175549,-0.222312,0.233199
-0.011370,-0.035971,-0.009309,0.023812,0.569734,-0.020809
-0.011462,-0.029295,-0.010563,0.234935,0.064475,0.072753
-0.017144,-0.039221,-0.030527,0.249069,1.147328,-0.151999
-0.005980,-0.021538,-0.047789,0.270615,1.679103,-0.055883
-0.022317,-0.039503,-0.016373,0.148420,0.234344,0.432768
-0.015900,-0.038410,-0.025042,0.177177,0.387769,0.164044
-0.010096,-0.028136,-0.010927,-0.308712,-0.312067,-0.041390
-0.004802,-0.038229,-0.032844,-0.255162,0.647446,0.061774
-0.000974,-0.022477,-0.016386,-0.039854,0.541521,0.242452
-0.017646,-0.045772,-0.023148,0.007593,-0.011546,0.403557
-0.003282,-0.021751,-0.025275,0.096787,0.148069,0.521656
-0.016724,-0.032485,-0.002052,0.035241,0.423153,0.074506
-0.001946,-0.026009,-0.016823,-0.006908,0.379497,0.347703
-0.004513,-0.029994,-0.003503,0.091401,-0.342364,0.248114
0.007163,-0.026491,-0.022347,-0.184633,0.675149,0.661856
0.004376,-0.012042,-0.017315,0.012360,0.214830,0.985507
0.001304,-0.034051,-0.016941,0.085138,-0.105565,0.540924
0.005141,-0.024712,-0.020017,-0.144108,-0.091996,0.372818
-0.005386,-0.042145,-0.023588,-0.136680,-0.011474,0.152490
0.006408,-0.027414,-0.041507,0.219186,0.219330,0.142161
-0.011288,-0.028352,-0.003050,-0.402724,-0.131044,0.375220
0.006014,-0.027154,-0.012910,-0.255661,-0.215176,0.086586
0.001244,-0.015131,-0.004845,-0.024200,-0.421260,0.690725
0.010724,-0.019542,-0.009227,-0.182017,-0.196321,0.862626
0.003595,-0.023787,0.004484,0.113304,0.116508,0.374199
-0.000912,-0.031333,-0.000187,-0.078341,-1.552517,0.618482
0.010281,-0.026564,0.005491,0.179793,-0.420427,0.453779
0.001658,-0.036319,-0.004796,0.249933,-0.268916,0.358555
0.009263,-0.024171,-0.027244,0.317180,-0.765821,0.515788
-0.008143,-0.026698,0.000840,-0.161469,-0.168046,0.616850
0.017509,-0.018538,-0.016324,0.025781,0.776800,0.561925
-0.008475,-0.033109,-0.002639,-0.083993,-0.623685,0.168164
0.008315,-0.024630,-0.017266,-0.115344,-0.475503,0.465717
-0.001001,-0.026600,-0.003220,-0.102303,-0.286657,0.543320
0.004583,-0.019483,0.000909,-0.129353,-0.370494,0.655419
0.002347,-0.020435,0.005964,0.025535,-0.873915,0.647778
0.007202,-0.032078,0.032516,-0.059729,-1.758696,0.548891
0.013833,-0.020238,0.004004,0.312739,-0.380765,0.641518
0.011545,-0.029679,0.009640,0.453480,-1.358945,0.519602
0.015192,-0.014005,-0.006004,0.381401,-0.227780,0.641541
-0.005816,-0.030177,0.007090,0.197949,-0.866067,0.434488
0.004327,-0.023924,0.000620,0.471832,-1.506566,0.368626
-0.004539,-0.021555,0.021989,-0.103767,-1.128780,0.527801
0.011696,-0.025461,0.006217,0.197407,-0.111159,0.587378
-0.000456,-0.022562,0.007001,0.292972,-0.307983,-0.036769
0.005105,-0.027597,-0.000194,0.614352,-0.062063,0.237840
0.008430,-0.024548,0.001073,0.546356,0.192119,0.209437
-0.006167,-0.036733,0.010136,0.761770,-0.086836,-0.071257
0.001405,-0.033421,-0.005078,0.875417,0.021737,-0.234956
-0.024158,-0.035571,0.035716,0.654109,-2.521666,-0.079742
0.001317,-0.034392,0.010234,0.697408,0.152090,-0.297932
-0.001129,-0.027082,0.021841,0.637290,-0.774165,0.115645
-0.010070,-0.047870,0.014262,0.626724,-1.607839,-0.212993
-0.009456,-0.025336,0.001772,0.727659,-0.334985,-0.033952
-0.016303,-0.035646,0.021066,0.502677,-0.222968,-0.019746
-0.001972,-0.024893,0.013783,0.430243,-0.436786,0.394097
-0.007195,-0.037602,0.011744,0.584314,-0.130453,-0.326821
0.001678,-0.032058,-0.004218,0.669796,0.286335,0.201924
-0.001427,-0.027532,-0.001018,0.793708,0.068365,-0.015968
-0.002622,-0.042753,0.008573,1.158416,0.432902,0.034474
-0.008202,-0.028845,0.002238,0.857082,-0.726540,-0.388659
-0.009364,-0.042743,0.013720,0.785449,0.379563,0.117782
-0.003650,-0.035223,-0.000378,0.877420,0.289069,-0.118899
-0.005911,-0.035223,0.016025,0.835982,-0.169780,-0.155488
-0.000439,-0.044699,0.007451,0.676124,-0.291857,0.464299
0.009579,-0.031234,0.004923,0.510023,0.563054,-0.142105
-0.007352,-0.044325,0.003748,0.519073,-0.109790,-0.027663
0.001599,-0.038571,-0.007186,0.549511,0.003405,-0.349680
-0.012995,-0.046724,0.016254,0.148151,-0.705835,-0.083359
0.004960,-0.044243,0.005888,0.112405,-0.281763,0.460022
0.002170,-0.026481,0.003889,0.433483,-0.568248,0.047820
0.008659,-0.048569,-0.000273,0.703861,0.220611,0.087804
0.001133,-0.043179,-0.004169,0.886794,-0.070716,-0.419067
-0.006276,-0.037806,0.010241,0.279655,-0.126832,-0.268253
0.011400,-0.033512,-0.012647,1.237904,1.297250,0.110669
-0.014508,-0.046872,0.014170,0.527042,-0.002818,-0.270331
0.004346,-0.041669,0.003620,0.804901,0.495781,0.009455
-0.002790,-0.038581,0.001221,0.374298,-0.017218,-0.104282
0.006158,-0.053729,-0.008902,0.073652,0.312109,0.183195
0.005334,-0.032196,-0.005623,0.108991,-0.038170,0.111076
0.010652,-0.046327,-0.001779,0.232926,0.091099,0.261130
0.005988,-0.036847,-0.014253,0.255982,0.049750,0.328836
-0.001930,-0.052222,-0.006142,0.285015,-0.019923,0.082982
-0.003154,-0.045464,-0.026289,0.583461,-0.081505,-0.212566
-0.012525,-0.043773,0.004454,0.195306,-0.429361,-0.311397
0.009979,-0.039027,-0.000338,0.491379,0.271662,-0.086287
0.014673,-0.034520,0.002892,0.261401,0.174020,-0.102374
0.014483,-0.041006,-0.009283,0.509705,0.565848,0.469811
0.001776,-0.028927,-0.017545,0.434422,0.329249,-0.113197
-0.008577,-0.046222,-0.000614,0.589740,0.670203,-0.098091
0.006204,-0.040475,-0.010770,0.411977,0.221585,-0.085755
-0.002990,-0.034461,-0.005551,0.184967,-0.086842,0.156282
0.005374,-0.048966,-0.007566,0.064695,0.138477,-0.134509
0.002600,-0.047335,-0.000496,0.485162,0.243696,0.268407
0.003398,-0.047637,-0.010639,0.396933,0.291521,0.065112
0.001130,-0.035574,-0.018260,0.348445,0.064120,0.294830
-0.009863,-0.050089,-0.008758,0.518239,-0.119722,-0.260933
-0.001034,-0.042598,-0.014102,0.603517,0.360656,-0.265738
-0.006663,-0.035643,0.003939,0.411343,0.138793,0.135110
0.008443,-0.033174,-0.011909,0.356389,1.146741,0.109628
-0.007139,-0.036414,-0.003309,0.615826,0.463508,-0.239669
-0.007907,-0.051845,-0.005262,0.557225,0.422461,0.089609
-0.007185,-0.043934,-0.021983,0.894525,0.759876,-0.251785
-0.017229,-0.052308,-0.002715,0.384247,0.130426,-0.310819
0.001927,-0.041016,-0.004612,0.063717,0.954662,0.249194
-0.011127,-0.034080,-0.006982,0.408533,0.285288,-0.096604
-0.009171,-0.045966,0.008078,0.195001,0.110875,-0.049511
-0.003315,-0.037376,-0.016271,0.294984,-0.044269,-0.121826
-0.013868,-0.046271,0.008583,0.005880,-0.172875,0.070958
-0.002235,-0.038131,0.000476,0.181661,0.159337,0.003500
-0.008048,-0.046173,-0.005377,0.779163,0.154164,-0.460183
-0.002422,-0.047437,-0.002682,0.908422,0.637808,0.175858
-0.000597,-0.038774,0.004421,0.872860,-0.149937,0.293140
-0.016038,-0.050253,0.008708,0.701399,0.313681,-0.344034
-0.002806,-0.042569,-0.007494,0.927808,0.151870,-0.011989
-0.011790,-0.047663,0.017301,0.530148,-0.365580,-0.343785
-0.009988,-0.050404,-0.002331,0.661462,-0.341468,0.048079
-0.003788,-0.040694,-0.002222,0.204858,-0.259453,0.084278
-0.019546,-0.048671,0.010674,0.336819,0.010279,0.303755
0.000053,-0.039198,-0.013146,0.295145,-0.097550,0.197076
-0.013257,-0.048641,0.011406,0.107222,-0.456277,-0.113578
0.001770,-0.041929,-0.009401,-0.183842,0.092471,-0.067883
0.002692,-0.036900,-0.008462,0.586130,0.295772,-0.168929
0.005873,-0.045500,-0.010320,0.636410,1.002011,0.095849
-0.002435,-0.047880,-0.003952,1.120051,0.445934,-0.137887
-0.007428,-0.044978,-0.007346,0.314761,0.263144,-0.017970
0.004465,-0.037616,-0.023276,0.055596,1.177067,0.190859
0.003375,-0.036230,-0.013192,0.277567,0.831092,0.090423
-0.004559,-0.043284,-0.007166,0.439779,0.227612,-0.048428
0.000148,-0.036145,-0.023155,0.403511,0.035534,-0.013926
-0.014357,-0.049478,0.008268,0.199774,-0.225519,-0.258901
0.005416,-0.040563,-0.005899,0.078895,0.344411,0.248243
-0.001805,-0.030026,-0.002226,0.284195,-0.088743,-0.133817
-0.004900,-0.047210,-0.003014,0.276323,0.083372,0.339895
0.000467,-0.033463,-0.018901,0.507847,-0.064417,-0.023077
0.001412,-0.036618,0.010474,0.553739,-0.264025,-0.294361
0.007711,-0.045785,-0.009743,0.577809,0.545250,0.114194
0.007215,-0.034008,0.001835,0.755435,0.544535,-0.362153
-0.009489,-0.042687,0.011406,0.497189,0.220095,-0.288446
0.005643,-0.035101,-0.011046,0.739393,0.532912,-0.399780
0.001540,-0.038600,0.000226,0.940357,0.442014,-0.169261
0.010809,-0.036910,-0.002016,0.543809,0.019062,-0.008766
-0.001014,-0.031415,0.013763,0.313677,-0.894122,0.094234
0.007133,-0.040343,-0.008492,0.393999,-0.119434,0.209126
0.002613,-0.029170,-0.004950,0.277738,0.041130,0.210169
0.002594,-0.042743,-0.009427,0.396575,-0.167623,0.337085
0.005787,-0.032705,-0.002620,0.314961,-0.266490,-0.224357
-0.003817,-0.034579,-0.008755,-0.010585,-0.284796,0.154683
0.002554,-0.027066,-0.025830,0.449810,-0.263362,-0.183159
-0.001733,-0.043901,0.008610,0.350992,-0.013690,-0.226221
0.000545,-0.034500,0.002823,0.505024,0.132815,0.093774
-0.009033,-0.033279,-0.001202,0.683218,0.483980,-0.570070
0.006624,-0.036503,-0.000200,0.461456,0.645260,-0.253445
-0.004398,-0.032715,-0.005669,0.607892,0.066306,-0.169464
-0.006538,-0.037885,0.001132,0.463865,0.177453,-0.431420
-0.001536,-0.035981,-0.005705,0.606605,0.379694,-0.060100
-0.012594,-0.038075,0.008954,0.390204,0.284530,-0.216436
-0.003187,-0.032823,-0.011239,0.397042,0.090528,-0.342308
-0.017337,-0.027282,0.015726,-0.093456,-1.165294,-0.380522
0.001757,-0.032406,-0.012487,0.102167,0.264667,-0.423102
-0.001234,-0.022451,-0.005360,0.167478,0.026986,-0.188729
-0.002432,-0.040635,-0.015221,0.387775,0.010666,-0.326355
-0.002219,-0.026544,-0.007327,0.798172,0.181586,-0.102221
-0.013720,-0.041833,0.003798,0.542112,0.480176,-0.476773
0.001540,-0.027975,-0.000834,0.543579,0.407322,-0.289874
-0.008514,-0.034927,0.013084,0.572823,0.004974,-0.400768
-0.003735,-0.030407,0.020640,0.499017,-0.996711,-0.259686
-0.001569,-0.035272,0.011662,0.569294,-0.341602,-0.045007
0.001714,-0.044377,0.003627,0.759314,-0.008540,-0.280030
-0.000348,-0.030614,0.006673,0.530049,-0.378727,0.058928
-0.004359,-0.035610,0.007323,0.229775,-0.621243,-0.165955
0.002617,-0.027972,-0.006033,0.604459,-0.713243,-0.178862
-0.018096,-0.042854,0.013248,0.623060,-0.497032,-0.247449
-0.000154,-0.022011,0.004871,0.574149,-0.302538,0.369876
-0.007054,-0.041912,0.018454,0.656082,-0.665674,-0.346824
-0.002005,-0.040008,0.009834,0.656265,0.030393,-0.440000
-0.004250,-0.022956,0.003830,0.685072,-0.245407,-0.065484
0.003079,-0.036371,-0.000768,0.648329,0.111355,0.036995
0.004717,-0.033778,-0.016212,0.623096,1.036799,-0.493080
-0.017928,-0.043678,-0.011275,0.170632,-0.127938,-0.529604
-0.002481,-0.028008,-0.026667,0.461446,0.044892,-0.199197
-0.009496,-0.044459,0.014219,0.250451,-0.236735,-0.095399
-0.001194,-0.031159,-0.001920,-0.154923,-0.649107,0.069760
-0.005166,-0.034267,-0.001454,0.183864,-0.243674,-0.081672
0.015182,-0.033079,-0.015126,0.363498,2.044491,-0.305617
0.012415,-0.022881,-0.008755,0.237443,0.840932,0.235914
-0.001089,-0.040419,-0.020683,0.321171,0.235844,0.144783
0.001372,-0.029902,-0.015484,0.365304,-0.015725,-0.103491
-0.009112,-0.047542,-0.011121,0.236744,0.410588,-0.310235
0.005315,-0.032679,-0.044149,0.393818,1.837924,-0.300913
-0.013241,-0.032823,-0.015526,-0.131966,0.072464,-0.127515
-0.005764,-0.038896,-0.019534,-0.028238,-0.229701,-0.247813
-0.015394,-0.036050,-0.001044,-0.515319,-0.812668,0.091585
0.006667,-0.023311,-0.011508,-0.350767,0.413559,0.317003
0.001084,-0.025707,-0.002623,-0.279259,-0.373182,0.652481
0.005361,-0.035459,-0.009788,-0.232402,-0.195944,0.280529
0.009460,-0.025582,-0.030002,0.241162,2.544157,0.336179
-0.002005,-0.038315,-0.017689,0.340508,-0.034359,-0.217335
0.011469,-0.033112,-0.055299,0.200952,1.598982,-0.032304
-0.010648,-0.029537,-0.018497,-0.056874,1.039503,0.335630
-0.006312,-0.034537,-0.014988,0.028325,-0.051146,0.035156
-0.012923,-0.032531,-0.008876,-0.446716,0.382967,0.102206
0.000667,-0.031182,-0.015323,-0.641610,0.398168,0.322527
-0.011629,-0.033949,0.000285,-0.246372,-0.767886,0.292854
-0.002337,-0.034353,-0.011098,-0.274923,0.462477,0.279980
-0.005363,-0.031428,0.002100,-0.219180,-0.218064,-0.115593
-0.006443,-0.034701,-0.022797,-0.105385,0.197988,0.455666
-0.008511,-0.032961,0.002741,0.024770,-1.011308,0.156774
-0.010425,-0.033719,-0.012178,-0.123064,-0.790869,0.336668
0.008426,-0.028257,-0.040341,0.114476,1.969500,0.441178
-0.013504,-0.034235,-0.001838,-0.224793,-0.761462,0.283745
-0.005012,-0.029045,-0.003345,-0.409214,-0.457718,0.612619
-0.017416,-0.033145,-0.005643,-0.174726,-0.607860,0.462838
-0.009151,-0.028011,0.003240,-0.192228,-1.057462,0.057733
-0.010763,-0.026242,-0.004510,0.029097,-0.114379,0.169020
0.003457,-0.026265,0.006584,-0.258950,-0.895353,0.346958
-0.013622,-0.038797,0.000138,0.376323,-1.024556,0.430536
-0.015158,-0.029836,0.001539,0.187126,-1.716579,0.591612
-0.003659,-0.032879,0.003791,0.427916,-0.762719,0.691611
-0.004135,-0.036010,0.005170,0.249903,-1.447134,0.796873
-0.006505,-0.035748,0.003496,0.489403,-0.662615,0.456618
-0.001841,-0.035354,0.000781,0.529829,-0.028425,0.602283
-0.009584,-0.034310,0.003456,0.485477,-0.499491,0.185265
-0.000282,-0.042474,-0.001152,1.033119,0.119282,0.681150
-0.005508,-0.031609,-0.003401,0.903965,-0.227518,0.412860
-0.017974,-0.048388,0.017134,0.686001,-0.572115,-0.219174
0.000834,-0.038443,-0.011925,0.862481,-0.052862,0.001607
-0.020331,-0.049997,0.023381,0.910198,0.187333,0.071299
-0.001368,-0.038495,0.000614,0.947900,-0.394742,0.191443
-0.020479,-0.045992,0.032007,0.611316,-1.792886,0.338421
-0.006883,-0.041069,0.014679,0.756715,-1.313207,0.120904
-0.023531,-0.047522,0.025169,0.546960,-2.374872,0.236465
-0.001293,-0.026360,-0.000900,0.660090,-0.943483,0.362895
-0.015210,-0.043041,0.025314,0.627101,-0.934896,0.210878
-0.001198,-0.026872,0.016271,0.370782,-0.638259,0.633240
-0.009824,-0.046304,0.010710,0.677867,-0.666449,0.276846
-0.000528,-0.036319,0.012381,0.495649,0.102525,0.583737
0.003457,-0.025474,0.012243,0.677670,-0.144705,0.703405
-0.003889,-0.041200,0.001713,0.833337,-0.147256,0.244038
0.003765,-0.034842,0.001792,0.834948,0.357541,-0.111408
0.000499,-0.048743,-0.000601,0.577556,0.440800,0.184501
0.004619,-0.037711,-0.006247,1.037695,0.757306,-0.035876
-0.011977,-0.048927,0.001693,0.069937,-0.595597,-0.161002
-0.006745,-0.040090,-0.007103,0.678445,-0.993596,0.111417
-0.015463,-0.040110,0.009906,0.316921,-0.607834,0.475528
0.003319,-0.032685,0.023463,0.420045,-0.338563,0.294371
-0.011130,-0.036096,0.013665,0.317961,-0.711467,0.377541
0.005761,-0.030292,0.010641,0.121642,-0.277053,0.580799
-0.002859,-0.026248,-0.000522,0.195142,-0.128569,0.303663
-0.009384,-0.043629,-0.005909,0.575675,-0.388397,0.234886
0.005219,-0.026071,-0.009585,0.882642,-0.060297,0.511931
-0.020597,-0.038633,0.014751,0.993595,-0.236682,-0.371775
-0.000059,-0.026222,-0.005968,0.697155,0.289588,0.142843
-0.018870,-0.029009,0.010507,0.682121,-0.562717,-0.022881
-0.002698,-0.031015,0.008120,0.324608,0.311820,-0.202125
-0.004116,-0.031888,0.010382,0.494559,-0.134090,0.022955
-0.002576,-0.042969,-0.002672,0.743982,0.194138,-0.142739
0.013531,-0.036319,-0.031712,1.389162,4.939443,-0.327872
-0.021017,-0.043320,-0.001773,0.155694,0.006264,-0.737983
-0.003325,-0.029570,-0.019199,0.506695,0.144937,0.018852
-0.019011,-0.038114,0.010687,0.128811,-0.414974,-0.221429
-0.004769,-0.030880,-0.006175,0.173809,-0.041463,0.015658
-0.008931,-0.021558,-0.003486,0.353658,0.029130,-0.237221
0.004642,-0.030946,-0.020125,0.797325,1.513635,-0.447011
0.003775,-0.016355,-0.000581,0.318240,-0.282062,0.017336
-0.009565,-0.045313,-0.019918,0.900164,0.372036,-0.369683
0.001327,-0.028828,-0.006897,0.615596,0.740930,-0.338060
-0.013940,-0.041161,-0.009352,0.745869,0.844868,-0.336751
0.005256,-0.024151,-0.029716,0.192240,0.536834,-0.172481
-0.013083,-0.026823,-0.006122,0.186558,0.021012,-0.097569
0.009165,-0.016660,0.001700,-0.140198,0.319658,0.523183
-0.001336,-0.024115,0.001756,-0.075764,0.057191,-0.028756
0.005768,-0.030230,-0.016580,0.031588,0.154358,-0.098055
0.008781,-0.022175,-0.012405,-0.241074,0.284661,0.072110
-0.003728,-0.033713,-0.005984,-0.120645,-0.207137,0.006852
0.009181,-0.017730,-0.020831,-0.023649,-0.173400,0.128742
-0.012456,-0.029235,-0.002794,0.174932,-0.748861,-0.450159
0.017962,-0.028714,-0.013632,0.548546,2.412482,0.102059
0.007438,-0.015489,-0.009857,0.297712,0.246653,0.000943
-0.004713,-0.039578,-0.015060,0.379769,0.291961,-0.136187
0.001773,-0.030955,-0.020191,0.532905,0.845951,-0.141682
-0.003505,-0.029002,-0.021710,0.299136,0.967300,0.003156
0.013508,-0.026577,-0.014331,-0.097323,0.713705,-0.029432
0.004658,-0.018492,-0.019068,0.284007,0.462405,-0.322603
-0.000147,-0.038206,-0.031039,0.142751,0.298985,0.260686
0.007862,-0.019510,-0.041375,-0.294095,0.412072,-0.073854
-0.003682,-0.032997,-0.006785,-0.226093,0.309703,-0.086645
0.011686,-0.020169,-0.020246,-0.376747,0.536010,0.333963
0.003326,-0.025927,-0.010875,-0.277010,-0.202184,-0.049918
0.007347,-0.045989,-0.011699,0.084737,0.058232,-0.340591
0.008285,-0.026344,-0.021635,0.217663,-0.004391,-0.235638
0.000726,-0.030125,-0.002728,0.199826,1.121466,-0.071313
0.003710,-0.032580,-0.023923,0.170668,0.234311,-0.010742
0.006125,-0.035377,-0.009165,-0.057950,-0.418841,-0.599218
0.022955,-0.022936,-0.034925,0.290119,1.670591,0.512036
0.016774,-0.016401,-0.024694,-0.023655,0.772799,0.138579
0.000181,-0.038830,-0.009345,-0.162263,-0.313432,0.006205
0.013498,-0.019290,-0.022974,0.110068,-0.080218,0.541752
-0.005767,-0.026728,0.001011,-0.290219,-0.509121,0.070879
0.012303,-0.025365,-0.005679,-0.350740,-0.454403,0.668611
0.007786,-0.024643,-0.001536,0.117434,0.020375,0.332614
0.012050,-0.028480,-0.001596,0.154509,0.314813,0.486649
0.008896,-0.020527,0.006657,-0.067581,-0.496812,0.749911
0.011436,-0.028178,-0.003378,0.309804,-0.357525,0.464503
0.004671,-0.023051,-0.001211,0.301168,-1.444331,0.497757
-0.009446,-0.037629,0.015211,0.165118,-0.988141,0.326148
0.006470,-0.022996,0.006095,0.139308,-1.120600,0.266998
-0.011902,-0.025664,0.017548,0.351596,-1.011226,0.415131
0.006743,-0.034983,-0.007714,0.718185,0.378305,0.290061
-0.003686,-0.024830,-0.003798,0.583697,0.103257,-0.065710
-0.003361,-0.028349,0.006801,0.873353,-0.069504,0.448839
-0.005091,-0.028257,0.018017,0.937915,-1.145028,-0.109406
-0.049998,-0.032406,0.078516,-0.604998,-9.870793,-0.263510
0.010343,-0.016401,0.014636,0.122246,-0.052534,0.466787
-0.006561,-0.026176,0.014508,0.509669,-1.530413,0.272677
-0.002028,-0.033151,0.010215,0.579223,-0.457610,0.399999
0.002157,-0.023462,-0.000155,0.615137,-0.376189,0.248715
-0.013737,-0.032908,0.024057,0.245974,-0.561424,0.009189
-0.008255,-0.018958,-0.014505,0.911472,0.012169,0.217866
-0.016228,-0.034881,0.027257,0.761592,-0.623856,-0.330334
-0.003390,-0.022726,0.005921,0.510880,-0.003084,-0.461090
-0.006210,-0.029436,0.010979,0.793458,-0.042090,-0.274046
0.000263,-0.030804,-0.010632,0.398332,0.352722,-0.173479
-0.002081,-0.022556,0.005787,0.773110,0.019791,-0.052232
-0.005846,-0.036503,-0.006014,0.397938,-0.045339,-0.057267
0.002964,-0.020905,-0.022711,0.454655,0.058264,-0.063173
-0.015601,-0.034458,-0.017020,-0.319062,-0.296794,-0.377719
-0.000482,-0.020498,-0.017693,-0.733748,0.201566,0.114365
0.000109,-0.015725,-0.019436,-0.641958,-0.216016,0.478771
0.010140,-0.030762,-0.010964,0.344486,0.667544,0.189451
0.007445,-0.009659,-0.033166,-0.616214,0.045519,0.500642
-0.012240,-0.039972,-0.004996,0.545211,0.220479,0.220374
0.008650,-0.020320,-0.028141,0.426908,1.242217,0.491983
-0.008058,-0.028586,-0.010691,-0.245571,0.216957,0.637372
0.006779,-0.018879,-0.007412,0.205741,-0.077359,0.361647
-0.004224,-0.028497,-0.010419,-0.136650,-0.055695,0.181494
-0.001027,-0.026084,-0.016298,-0.400781,0.131400,0.542362
-0.003144,-0.033371,0.020554,0.660329,-0.386535,-0.085857
-0.004963,-0.029150,-0.028472,-0.718098,-0.289352,0.324707
0.006989,-0.018318,-0.045268,-0.281360,0.755254,0.580235
-0.003190,-0.023685,-0.013616,-0.335832,0.886781,0.659440
0.012438,-0.023974,-0.019593,-0.191680,1.146609,0.456044
0.006004,-0.027988,-0.001546,0.010840,1.081762,0.379320
0.002223,-0.022890,-0.016143,-0.286523,-0.428669,0.511159
0.005902,-0.014507,-0.032578,-0.436264,-0.012127,0.661121
0.010911,-0.032902,-0.038159,0.189897,0.831298,0.777907
-0.004011,-0.032150,0.005393,0.710265,-0.696621,0.526350
-0.008202,-0.036650,-0.028974,0.318601,-0.415034,0.405123
-0.000978,-0.026370,-0.027405,0.693203,0.351281,0.640668
-0.015959,-0.025369,0.011600,0.376237,-0.210656,0.512682
-0.005386,-0.028008,-0.023460,-0.334804,-0.083127,0.551986
-0.009834,-0.027020,0.005255,0.244418,-0.624322,0.515255
-0.007231,-0.031517,0.013871,0.508267,-1.479955,0.648063
-0.005508,-0.025618,0.021007,0.652688,-0.775915,0.431438
-0.002560,-0.030663,0.005311,0.712431,-0.838009,0.423065
-0.008547,-0.031234,0.023282,0.708991,-1.991595,0.329791
-0.017958,-0.040790,0.010911,1.277066,-0.366762,0.937449
-0.006880,-0.024962,-0.027458,0.457724,-0.030952,0.263745
-0.022852,-0.034418,0.001825,0.216274,-0.174004,0.571319
-0.011518,-0.027417,-0.005820,0.335995,-0.275861,0.486951
-0.022340,-0.033434,-0.017013,-0.113049,-0.335818,0.538538
-0.002399,-0.020629,-0.008666,-0.265456,-0.240546,0.493637
-0.005340,-0.031192,-0.002226,0.468579,0.113209,0.371990
-0.013064,-0.033365,0.003390,0.435866,-1.982063,0.009130
-0.003791,-0.031169,-0.004031,0.742338,0.213813,0.712967
-0.017758,-0.043635,0.012726,0.564338,-0.667486,0.457005
-0.013572,-0.020484,0.003673,0.030561,-1.881742,0.754135
-0.025087,-0.039687,0.004401,0.450312,-0.256141,0.059682
-0.015394,-0.036339,-0.014033,0.628568,-0.345233,0.239265
-0.026505,-0.039664,0.013317,0.604974,-0.722969,-0.028753
-0.011629,-0.032035,0.000702,0.878280,0.014477,0.145354
-0.015965,-0.025963,0.009854,0.724514,-0.317847,-0.011517
-0.016596,-0.038423,0.000203,1.065993,-0.374348,-0.090981
-0.010799,-0.025772,0.000699,0.537602,0.055993,-0.254335
-0.015099,-0.039142,0.003006,0.732878,-0.170840,-0.119050
-0.009788,-0.028901,-0.010527,0.236737,-1.242461,0.026635
-0.030191,-0.034497,0.032847,1.024299,-0.442268,-0.194241
-0.006052,-0.038800,-0.002291,0.313694,-0.157930,0.019328
-0.012680,-0.027568,0.023581,0.844556,-0.677980,0.138369
-0.007566,-0.034543,-0.031453,-0.073453,0.201999,0.129379
0.000165,-0.017153,-0.002652,0.651801,-0.085155,0.335942
-0.011882,-0.039621,-0.013425,-0.077563,0.337196,-0.301980
-0.000689,-0.018499,-0.027399,0.599798,1.007073,0.209788
-0.015795,-0.022851,-0.019587,-0.198084,0.333366,0.054273
-0.005764,-0.037474,0.031928,1.304800,0.537281,-0.236456
0.002882,-0.023839,-0.040322,0.178520,1.088179,-0.189379
-0.010464,-0.027624,-0.055526,-0.883579,1.151559,0.008640
-0.002504,-0.032337,-0.015014,1.165539,0.498794,0.170997
-0.016832,-0.033910,0.017965,0.575065,-0.066094,-0.100927
0.001261,-0.019552,-0.055060,-1.456111,0.086887,0.097477
-0.004086,-0.028392,0.001821,0.497504,0.247113,-0.083435
-0.001697,-0.033181,-0.019235,0.124084,-0.002572,-0.081344
0.001500,-0.016933,0.000200,0.727750,-0.133282,0.132057
-0.000144,-0.023176,-0.038290,-0.597140,-0.129245,0.447152
0.009119,-0.019851,-0.029470,0.190881,0.180076,0.342242
-0.006906,-0.017176,-0.011413,0.069346,0.384257,0.618951
0.000089,-0.022021,-0.035910,-0.940414,-0.069977,0.309886
0.001927,-0.015561,-0.025515,-0.226126,-0.542251,0.598961
-0.002176,-0.033631,-0.009290,0.177489,0.161241,0.582693
0.004307,-0.017573,-0.016751,0.152785,0.181405,0.047856
-0.007822,-0.024860,-0.007333,-0.045490,-0.229799,0.668854
0.002098,-0.021886,-0.017066,-0.291768,-0.330832,-0.030260
-0.003019,-0.010322,0.001582,-0.579930,-1.301571,0.320485
0.006907,-0.021597,-0.013353,-0.447024,0.433880,0.516493
0.018198,-0.012393,-0.007212,-0.037189,0.623221,0.652087
-0.002192,-0.023596,-0.001546,-0.244793,-0.519537,0.147192
0.006017,-0.006262,-0.039130,-0.366460,-0.585425,0.791512
-0.010129,-0.022254,0.004080,0.330254,-0.306372,0.275703
0.005919,-0.011743,-0.013632,-0.043731,0.392230,0.220184
-0.008045,-0.019014,-0.004967,0.063237,-0.896416,0.481906
0.001740,-0.022858,-0.012628,0.083854,0.067025,0.646146
0.004990,0.000313,-0.022196,0.091020,2.444761,0.295479
-0.012289,-0.020658,-0.011922,0.498774,-0.223884,0.363804
-0.002783,-0.007118,-0.023604,0.745308,-0.332431,0.724777
-0.018411,-0.030516,0.021812,0.298214,-0.246011,-0.420230
-0.005826,-0.018354,0.011800,0.046842,0.006241,0.289811
0.000673,-0.007791,0.004395,0.439992,-0.223316,0.659128
0.000975,-0.028520,0.007927,0.481722,-0.053719,0.431110
-0.011327,-0.014829,0.024546,0.075661,-1.868031,0.206443
-0.013668,-0.028021,0.007004,0.425014,-0.140812,-0.094865
-0.001667,-0.025244,-0.000220,0.764199,-0.294673,0.014244
-0.022842,-0.025943,0.016238,0.463806,-0.746113,-0.010250
-0.009998,-0.021154,0.013559,0.282471,-0.457416,0.008480
-0.008475,-0.024949,0.010674,0.554031,-1.065436,0.123024
0.000335,-0.027532,0.003200,0.675110,0.261195,0.297623
-0.003945,-0.022769,0.016845,0.561823,0.205853,-0.320434
-0.004122,-0.039306,-0.007714,0.740687,0.301083,-0.281714
0.001917,-0.021768,-0.025321,0.735307,0.612727,-0.299331
-0.019415,-0.033768,0.010165,0.646103,-0.015430,-0.294719
0.000601,-0.024345,-0.005088,0.221635,-0.132823,-0.384750
-0.015417,-0.037652,0.002025,-0.021299,-0.612065,-0.528311
-0.002120,-0.029820,0.006988,0.068273,0.293218,0.091795
-0.010425,-0.030250,-0.002190,-0.211736,-0.329132,-0.127886
-0.003876,-0.028047,-0.005896,-0.500525,-0.004328,0.178353
-0.005448,-0.021948,-0.026867,-0.150856,0.059633,-0.053086
0.001638,-0.036385,-0.015756,0.168820,0.233406,-0.041669
0.000516,-0.020635,-0.003043,0.049100,-0.036424,-0.236167
-0.002245,-0.034287,-0.006371,0.160243,0.080825,0.095891
0.006854,-0.023619,-0.034243,0.650298,0.351882,-0.048405
-0.012545,-0.032052,0.004040,0.096659,-0.227705,-0.246533
0.007845,-0.020983,0.000065,0.306532,1.053542,-0.037008
-0.002629,-0.024594,-0.005633,0.083946,-0.098452,-0.253613
0.001415,-0.034848,-0.011610,0.577411,0.968012,0.040001
-0.002304,-0.037314,-0.017676,0.550568,0.601295,-0.364576
-0.007631,-0.039480,-0.005029,0.092136,0.640152,-0.467973
0.002787,-0.029675,-0.038815,0.165859,0.513680,0.101629
-0.020321,-0.037140,0.001218,-0.118108,-0.551685,-0.398421
0.002160,-0.032941,-0.014184,-0.026038,-0.026642,0.007607
0.009493,-0.023284,-0.012106,-0.054583,-0.032961,0.350467
0.002866,-0.035144,-0.013875,0.085420,-0.301826,-0.107374
0.005348,-0.022385,-0.016212,-0.015226,-0.045552,0.248784
-0.001447,-0.022999,-0.017276,0.258743,1.449116,0.316609
0.003545,-0.014980,-0.014978,-0.146120,0.481745,0.333727
-0.003512,-0.026806,-0.003096,0.044012,-0.395188,0.021393
0.011194,-0.030430,-0.029992,-0.396334,1.090486,0.572938
-0.000610,-0.020790,-0.008374,0.004094,-0.074280,0.515344
-0.000160,-0.025142,-0.023686,-0.146235,-0.158458,0.831788
-0.000531,-0.015384,-0.032339,0.003786,-0.005326,0.457596
-0.013569,-0.027082,-0.007346,-0.381300,-0.023570,0.056397
-0.001365,-0.015561,-0.016216,-0.409371,-0.041026,0.448326
-0.009853,-0.019447,0.000282,-0.306549,-0.135688,0.483071
-0.004332,-0.028457,-0.011535,-0.133174,-0.076440,0.432732
-0.005829,-0.029449,-0.023178,-0.079926,-0.133085,0.163391
-0.009647,-0.029990,-0.007051,0.027866,0.823647,0.215103
-0.000738,-0.008425,-0.013284,0.208482,-0.809770,0.618459
-0.012237,-0.021128,0.000361,-0.224583,-0.653588,0.219245
0.001172,-0.019014,-0.028892,-0.192301,0.304355,0.476821
-0.010556,-0.019506,-0.008456,0.018238,-0.821432,0.908721
0.003198,-0.025743,-0.011538,0.116213,0.378617,0.591963
0.000368,-0.010122,0.004080,-0.123921,-0.363736,0.476444
-0.008068,-0.031264,-0.001943,0.403235,0.484023,0.878277
-0.005596,-0.018272,-0.008531,0.383091,-0.571376,0.444302
-0.020190,-0.023156,0.020659,0.102958,-1.978144,0.231298
-0.007063,-0.023238,0.002343,0.239901,-0.615049,0.526833
0.002485,-0.023590,-0.007593,0.285261,0.070455,0.385031
-0.007487,-0.034097,-0.014285,0.361683,-0.836062,0.324228
0.003588,-0.016050,-0.018838,0.373631,-0.700510,0.713860
-0.025714,-0.029646,0.024162,-0.366811,-5.170886,0.225620
-0.001326,-0.018640,-0.009404,0.265133,-0.265052,0.467286
-0.005314,-0.013713,0.001821,0.133964,-0.768670,1.078666
-0.008439,-0.020928,-0.021845,0.350185,-0.107755,0.358004
0.003736,-0.015387,-0.040325,0.304818,-0.213656,0.339192
-0.009630,-0.022359,-0.014049,-0.120885,-0.527959,0.445034
0.007806,-0.024965,-0.009309,-0.034392,0.196892,0.659795
0.005019,-0.017520,-0.003099,0.166414,-0.405386,0.520025
0.010783,-0.026465,-0.006877,0.604465,0.200148,0.131860
0.009211,-0.015613,-0.007648,0.585237,-0.567273,0.320029
-0.003945,-0.029833,0.010523,0.326029,-0.292133,0.017014
0.004704,-0.020724,0.002330,0.270723,-1.482571,0.697927
0.003358,-0.014412,0.012992,0.145410,-0.744016,0.806536
0.007770,-0.026531,-0.004435,0.193573,-0.011944,0.659473
0.001169,-0.017127,-0.013511,0.602420,-0.460282,0.215546
0.009621,-0.034244,-0.017844,0.941138,0.619676,0.437560
0.010232,-0.019020,-0.014348,0.709513,-0.296370,0.255001
-0.012814,-0.034763,0.017187,0.437137,-0.832799,0.168115
-0.017905,-0.033512,0.030947,0.126171,-4.450200,0.133462
0.008653,-0.021108,-0.001579,0.598435,-0.106560,0.384362
0.007310,-0.032327,-0.003578,0.506708,-0.580790,0.616545
0.003792,-0.011126,0.000069,0.037211,-2.072064,0.937518
-0.007520,-0.035541,0.003801,0.245308,-0.804075,0.483363
0.011236,-0.016749,0.006453,-0.177989,-0.552111,0.556651
0.004474,-0.015098,0.001372,0.265997,-0.388751,0.853166
0.005876,-0.026419,-0.007954,0.391281,-0.153216,0.573883
0.000837,-0.026997,-0.007455,0.661701,-0.326201,0.080966
-0.000456,-0.031750,0.014337,0.865475,-0.182877,0.182137
0.007662,-0.022500,0.005061,0.824356,-0.035626,-0.023422
-0.006627,-0.023947,0.017380,0.615182,-0.150755,-0.026646
0.004307,-0.024036,-0.000381,0.404539,0.323062,0.184642
-0.004999,-0.021866,0.005124,0.397373,-0.013204,0.116406
0.000788,-0.035948,0.004008,0.721829,-0.826983,0.031053
0.004048,-0.022943,-0.002889,0.662456,0.946190,0.173137
-0.001316,-0.035229,-0.002442,0.333195,-0.224481,0.194194
-0.002278,-0.027647,-0.004533,0.620585,-0.007893,0.007324
-0.023180,-0.029593,0.005225,0.231141,-0.826727,-0.008586
-0.008869,-0.027479,0.004631,0.174837,-0.316272,-0.391840
-0.007470,-0.014960,0.008938,0.342632,-0.319918,-0.032817
-0.005839,-0.033673,-0.001408,0.287024,0.144635,-0.120218
-0.005823,-0.024922,-0.011594,0.617575,0.175090,-0.234815
-0.021943,-0.027899,0.011994,0.616505,0.494970,-0.318301
-0.013382,-0.029892,0.006683,0.500133,-0.964074,-0.702260
-0.008764,-0.019122,0.013356,0.332581,-0.071057,-0.333160
-0.002215,-0.030056,0.005212,0.731827,0.235336,-0.005234
-0.008074,-0.017734,0.018171,0.694552,-0.579093,0.066477
-0.008051,-0.033210,0.005367,0.378732,-0.798179,-0.057261
0.006411,-0.017353,-0.001845,0.577937,1.173982,0.021209
-0.015437,-0.032863,0.017525,0.364165,-0.319341,-0.179292
-0.000351,-0.017412,0.007845,0.161980,-0.394574,-0.319505
-0.010280,-0.018167,0.010533,0.191131,-0.600603,0.095957
0.003513,-0.033076,0.005833,0.433263,-0.165237,0.017530
0.006296,-0.010962,0.002238,0.623986,0.068709,-0.215379
-0.010054,-0.021899,-0.005429,0.906285,0.222580,0.015642
-0.000948,-0.019283,-0.022377,0.965501,0.000776,-0.314457
-0.014557,-0.029695,0.014062,0.607265,-0.122171,-0.480857
0.004622,-0.015203,0.006020,0.485365,-0.096493,-0.293518
-0.009361,-0.017314,0.022301,0.462953,-0.302292,-0.308575
-0.003742,-0.016995,0.020787,0.018675,-0.829468,-0.192800
-0.003134,-0.014960,0.011764,0.255086,-0.497797,-0.110824
0.006985,-0.025067,0.006368,0.173599,-0.046301,0.164504
0.007691,-0.009679,0.008531,0.519414,0.397816,0.406863
-0.003545,-0.017113,0.012312,0.243906,-0.286053,0.108069
0.002492,-0.011766,-0.019587,0.542204,-0.281927,0.261526
-0.004864,-0.014688,0.021020,0.270609,-0.716716,0.202281
0.007740,-0.016017,0.018273,0.303538,0.378683,-0.291309
-0.002901,-0.013598,0.004067,0.483248,-0.027952,-0.099536
0.002531,-0.017809,0.000568,0.616190,0.548644,-0.446020
0.006230,-0.007804,0.008331,0.729067,0.081393,-0.036145
-0.010477,-0.023163,0.019081,0.718336,0.539276,-0.387671
0.007330,-0.019523,0.004746,0.419920,-0.046084,-0.241796
-0.010674,-0.023895,0.020226,-0.015170,-1.072601,0.008227
0.008246,-0.026872,0.002311,0.321785,0.170622,0.132369
-0.004457,-0.010466,0.005360,0.278155,-0.456409,-0.085782
0.000608,-0.026810,0.001503,0.379838,-0.162831,0.189270
0.011971,-0.014839,-0.011761,0.326502,-0.408193,0.530296
-0.011495,-0.029317,0.014003,0.462539,-0.179935,0.131699
0.008006,-0.025900,0.002563,0.133084,0.081668,0.326486
0.003394,-0.013995,0.003791,0.311248,0.654464,0.078520
-0.002655,-0.027394,-0.010786,0.494812,0.095264,-0.238429
0.000716,-0.019746,-0.004034,0.504876,0.337639,-0.260559
-0.010776,-0.029639,0.014305,0.688427,0.315493,-0.277237
0.010658,-0.020137,-0.003155,0.384614,-0.069918,-0.052482
-0.007592,-0.028878,0.002915,0.254403,-0.802877,-0.022365
-0.001884,-0.033273,0.003446,0.226867,0.485654,-0.070345
-0.006236,-0.019880,-0.001635,0.128190,0.268347,-0.248460
-0.004349,-0.035252,0.000046,0.410710,0.104734,0.189618
-0.002996,-0.020215,-0.022327,0.393027,-0.049235,-0.146941
-0.016845,-0.026731,0.000597,0.228961,-0.117920,-0.204524
-0.009755,-0.020022,-0.000351,0.372555,-0.265768,-0.144955
-0.008774,-0.017698,0.006351,0.598754,-0.362603,0.208442
-0.010018,-0.035108,0.009358,0.602857,0.230937,-0.197008
-0.010674,-0.014346,-0.010012,0.508510,-0.062601,-0.134454
-0.009837,-0.031422,-0.005771,0.716131,0.331065,0.053088
-0.005606,-0.028457,0.004356,1.445905,1.578641,-0.137530
-0.023587,-0.035630,-0.001458,0.101963,0.279908,-0.502252
-0.005245,-0.014862,-0.020758,0.123920,0.727764,-0.112042
-0.021552,-0.030795,0.001815,0.008831,-0.285344,-0.311808
-0.016875,-0.031799,-0.003020,0.129405,0.243381,-0.066862
-0.012483,-0.020307,-0.018300,0.003727,-0.032282,0.158034
-0.004204,-0.024456,-0.032802,0.052990,0.215585,-0.002224
0.001464,-0.013237,-0.016668,-0.033388,-0.030046,0.344920
-0.012706,-0.031021,-0.011984,-0.030128,-0.120320,-0.029567
0.006211,-0.015308,-0.025823,-0.349326,0.499503,0.460698
-0.021145,-0.034448,-0.009329,-0.262253,-0.012403,0.389846
-0.008439,-0.026294,-0.018152,-0.080123,-0.390080,0.239852
-0.013707,-0.022910,-0.005856,-0.169038,-0.202870,0.232815
-0.005301,-0.022602,-0.003489,-0.216138,-0.016017,0.589954
-0.009417,-0.018472,-0.016160,-0.083235,-0.615321,0.491103
-0.003732,-0.029902,0.001191,0.042725,-0.431731,0.641567
0.004596,-0.022395,-0.007202,0.278434,-0.001420,0.559096
-0.011199,-0.030965,0.001792,0.346883,0.656354,0.280988
0.002915,-0.017573,-0.022242,0.395541,-0.378549,0.317866
-0.015913,-0.016779,0.021405,0.056062,-1.412537,0.556066
-0.000997,-0.015991,0.009650,-0.198517,-0.671372,0.841320
-0.009985,-0.023229,-0.002101,0.043461,-0.501900,0.343111
-0.005123,-0.023278,-0.004330,0.207162,0.045781,0.846650
0.001395,-0.016431,-0.005741,0.196691,-0.304918,1.112380
-0.003019,-0.026905,-0.008768,0.515416,0.088368,0.932283
0.001530,-0.013742,-0.017259,0.497674,-0.078932,0.504115
-0.010267,-0.023980,0.002527,0.745768,-0.028776,0.506642
0.001986,-0.021728,-0.004878,0.687393,-0.524309,0.665404
-0.018286,-0.025316,0.017354,0.369538,-1.895755,0.351862
-0.000728,-0.016555,0.014180,0.410611,-0.203838,0.163033
-0.010904,-0.022241,0.017663,0.670127,-0.461874,0.328320
0.000444,-0.023101,0.002852,0.589563,-0.008589,0.324664
-0.005898,-0.018794,0.000236,0.615297,0.088072,0.471553
-0.002560,-0.026508,0.008321,0.983692,0.340078,0.194843
-0.012663,-0.017284,0.016711,0.562713,-2.207852,-0.209051
-0.015010,-0.035705,-0.005699,0.775733,0.214105,-0.158295
0.000194,-0.022605,-0.029457,1.111277,0.559778,-0.143248
-0.016451,-0.028389,-0.008521,0.457806,-0.141954,-0.156522
-0.002612,-0.025231,-0.017709,0.638278,0.316921,-0.041587
-0.017252,-0.030184,0.005314,0.238414,-0.319712,-0.554465
-0.003486,-0.019513,-0.011755,-0.103849,0.090528,0.132201
-0.010756,-0.008471,-0.000650,0.169132,-0.479438,0.413851
-0.003157,-0.023721,-0.001500,0.150169,0.155149,0.007150
-0.004007,-0.009780,-0.017325,0.414471,0.288281,0.180893
-0.006177,-0.019805,-0.011479,0.417448,0.725775,0.071499
-0.008665,-0.015436,-0.038940,0.540957,0.694526,-0.009321
-0.014258,-0.027817,-0.018750,0.145863,1.196634,-0.218485
-0.002360,-0.018472,-0.042488,0.438039,1.037042,0.024934
-0.018079,-0.020166,0.003702,-0.204265,-0.144347,0.081222
-0.014521,-0.022913,-0.004310,-0.429263,0.270353,-0.229996
-0.009420,-0.007689,-0.021842,-0.096742,0.371964,-0.054668
0.001740,-0.015111,-0.017466,-0.173896,0.509019,0.259376
-0.002563,-0.008047,-0.003900,-0.167105,-0.061216,0.052684
-0.009384,-0.023284,-0.002190,0.200942,0.107426,0.078323
-0.003584,-0.012544,-0.024622,-0.070417,-0.037954,-0.011071
-0.014065,-0.017655,-0.001376,0.021275,-0.321727,0.120680
-0.009328,-0.018426,-0.006460,0.460018,0.140453,-0.356692
-0.018253,-0.017353,-0.005400,0.230855,0.465474,-0.224521
-0.003226,-0.020790,-0.012825,0.055389,0.655570,-0.143291
-0.003860,-0.004719,-0.008745,-0.137346,0.142836,0.280173
-0.006364,-0.019444,-0.028180,0.603769,0.623651,0.358778
0.003165,-0.002273,-0.028699,0.030259,1.340142,0.315338
-0.000643,-0.018505,-0.024189,0.112165,2.217771,0.142948
0.004622,-0.018423,-0.032769,0.196350,1.256253,0.132910
-0.012365,-0.014816,-0.001920,-0.173436,-0.336692,0.496096
-0.004126,-0.018325,-0.013084,-0.229691,0.107419,-0.361346
-0.015253,-0.020291,-0.000430,-0.387589,-0.025704,0.121369
0.003007,-0.016939,-0.011961,-0.229891,-0.033266,0.195434
-0.005993,-0.019907,-0.014111,-0.101341,0.381201,-0.009790
0.001688,-0.029583,-0.013859,0.071335,0.311006,0.377213
0.005032,-0.010683,-0.013599,0.307907,0.254173,-0.044030
0.002216,-0.021814,-0.017939,0.476870,1.211119,0.093442
0.003335,-0.018876,-0.019491,0.863817,0.582709,-0.439934
-0.021217,-0.029078,-0.001678,0.272220,-0.015554,-0.234296
0.002341,-0.008001,-0.012539,0.287441,0.220880,0.401086
-0.012860,-0.026370,-0.001271,0.064278,-0.360516,-0.097428
-0.004132,-0.031579,-0.012831,-0.023307,0.485812,0.215037
0.001258,-0.017258,-0.015654,0.072126,0.406557,-0.180612
-0.007894,-0.031402,0.002530,0.103253,-0.028533,0.029448
0.002150,-0.015045,-0.023260,0.236931,0.132963,0.167035
-0.017042,-0.025868,0.010005,-0.030371,-0.739483,-0.042287
0.006063,-0.012794,0.003633,0.152920,0.239508,-0.046255
-0.010628,-0.028523,0.001030,0.405179,-0.002198,-0.291762
0.014551,-0.015105,-0.012516,0.255608,1.375313,0.421601
-0.002097,-0.023901,-0.018008,0.498206,1.139493,-0.510405
0.004665,-0.027640,-0.018628,0.555150,0.915673,-0.016933
0.010334,-0.015682,-0.019675,-0.009689,0.895362,0.011191
-0.004428,-0.021262,-0.020384,-0.224810,0.486895,-0.053814
-0.001063,-0.019066,-0.018815,-0.059871,-0.215297,-0.096414
-0.013920,-0.023101,-0.006092,-0.183448,-0.226727,-0.090191
0.012346,-0.016362,0.004441,-0.283254,0.113439,-0.197080
0.004110,-0.019066,-0.007918,-0.153187,-0.226835,0.017451
0.004113,-0.023737,-0.010819,0.047445,0.204625,0.331984
0.001051,-0.024177,-0.016590,0.033219,-0.304432,-0.358553
-0.003512,-0.020002,-0.005918,0.266194,1.294375,-0.107167
0.001392,-0.009311,-0.018733,-0.052203,-0.169599,0.070242
0.001983,-0.013680,-0.003631,0.027777,0.460984,0.034660
0.005561,-0.011077,-0.021353,-0.169028,0.999175,0.011975
-0.000229,-0.013309,-0.008915,-0.076056,0.370930,-0.221531
-0.007067,-0.019716,-0.013816,0.026609,0.175362,0.230546
0.002177,-0.010749,-0.034633,-0.221990,0.245633,0.007459
-0.011511,-0.015879,-0.002344,-0.379485,0.244494,-0.128733
0.001537,-0.010601,-0.012871,-0.328689,-0.114277,0.051755
-0.011019,-0.007693,-0.003535,-0.338467,-0.251036,-0.314486
0.000082,-0.000560,0.005183,-0.489794,-0.211490,0.213888
-0.002616,-0.006002,0.012112,-0.216948,-0.827433,-0.107496
0.012976,0.001377,-0.043351,-0.056801,1.765031,0.336828
-0.001871,-0.002017,-0.005223,-0.167640,0.106287,0.558068
0.005827,0.002729,-0.015346,-0.036500,0.010324,0.399937
0.001674,0.002260,-0.012382,-0.228073,0.410030,0.285823
0.007527,-0.007499,-0.016455,-0.042076,-0.075643,0.357022
0.012205,0.002283,-0.007724,0.021875,0.141825,0.374327
0.003962,-0.006830,0.009512,-0.133939,-0.544992,0.347103
0.010954,-0.009626,-0.016163,0.455407,-0.196663,0.149103
-0.006837,-0.013112,0.011258,0.178461,-0.888804,0.433184
0.014187,-0.003560,-0.001113,0.179209,-0.883214,0.449653
0.003401,0.001232,0.003843,0.169355,-1.649447,0.659157
0.007301,-0.015351,0.009939,0.119479,-1.303396,0.570791
0.009759,0.003858,0.015125,0.047173,-0.498755,0.754867
-0.001815,-0.009905,0.005751,0.103595,-0.351935,0.508799
0.017082,-0.000373,-0.010557,0.341614,-0.126691,0.628506
0.000512,-0.008228,0.004431,0.464821,-0.625733,0.645102
0.012746,0.000418,-0.005544,0.446212,0.171449,0.853173
0.010491,0.000264,-0.017827,0.442792,0.801468,0.192805
0.006148,-0.014615,-0.005869,0.488605,-0.155816,0.284720
0.009080,-0.010079,-0.023365,0.717837,0.011309,0.340085
-0.003758,-0.009432,0.001992,0.151190,-0.053883,0.785390
0.015641,-0.004975,0.007247,-0.116010,-0.217680,0.840079
0.005961,-0.008129,0.000147,0.421381,-0.944826,0.885948
0.003326,-0.009373,-0.004881,0.005630,-1.276861,1.356830
0.009086,-0.012239,-0.014144,0.349699,-0.355648,0.561361
-0.001624,-0.017924,0.002163,0.322881,-0.105299,0.704307
0.001455,-0.015909,-0.011623,0.509672,-0.379196,0.459717
-0.006075,-0.022822,0.000840,0.478984,-0.018144,0.171220
0.006457,-0.018462,-0.007537,0.587961,0.406859,0.200335
0.008689,-0.002943,0.015769,0.268006,-0.742174,0.943548
0.002114,-0.022756,0.007871,0.697175,0.129172,0.653660
0.007750,-0.015036,0.013333,0.458275,0.071437,0.503675
-0.008675,-0.021328,0.027073,0.473575,-1.504380,0.669803
-0.006587,-0.020708,0.008153,0.109654,-1.785255,0.156708
-0.007060,-0.019418,0.017407,0.579584,-0.442547,0.409620
0.008906,-0.023094,0.002990,0.516283,-0.150377,0.787239
-0.005993,-0.031385,0.003128,0.684104,-0.027282,-0.008566
0.002065,-0.014711,0.018378,0.662545,-0.075282,0.706444
0.003283,-0.009117,-0.000414,0.861605,-0.027909,0.738461
-0.021568,-0.033276,0.024664,0.771351,-0.597383,-0.405886
-0.010480,-0.026508,0.022603,0.397964,-0.615548,0.078911
0.007051,-0.024177,0.013277,0.477215,0.458912,-0.423125
-0.025396,-0.049042,-0.007517,0.402074,-0.195767,-0.668589
-0.010802,-0.020550,-0.009286,0.317144,-0.078978,0.357180
-0.022911,-0.022306,0.003670,0.210510,-0.375608,0.442651
-0.011163,-0.022011,0.001864,-0.079050,0.045890,0.022072
-0.008097,-0.019267,-0.011492,-0.147695,0.223949,0.261231
-0.005652,-0.020327,-0.014036,0.072015,0.037828,0.753262
0.006677,-0.003491,-0.017010,0.493854,0.396415,0.418564
-0.011895,-0.028996,-0.002626,-0.189461,-0.184643,-0.465501
0.004960,-0.006249,-0.019334,-0.192829,1.012062,0.090170
-0.016976,-0.009002,-0.001953,-0.106205,-0.218967,0.383216
0.008010,-0.016286,-0.029857,-0.234844,1.570129,0.457606
0.004432,-0.001676,-0.019636,-0.009252,1.262985,0.485355
-0.021175,-0.029974,-0.015431,-0.221048,0.721924,-0.206934
-0.009269,-0.019165,-0.009647,-0.147036,0.336159,0.329883
-0.018076,-0.011609,-0.014272,-0.242512,-0.264613,0.134315
-0.017610,-0.030092,-0.015956,-0.129931,0.306200,-0.071983
0.009145,-0.012971,-0.019698,-0.281566,0.371169,-0.297706
-0.017242,-0.013614,-0.005617,-0.399363,-0.421549,0.608578
-0.009827,-0.010778,-0.024372,-0.218507,-0.297063,0.621738
0.001704,-0.008714,-0.008846,-0.114622,0.223588,0.341099
-0.001500,-0.009593,0.002245,-0.135035,-1.003545,0.412833
0.005919,0.004698,-0.000982,0.091072,0.595088,0.975785
-0.000968,-0.005313,-0.000338,-0.094284,0.291492,0.059922
0.008968,-0.005671,0.016776,-0.468304,-0.876600,0.858569
-0.003554,-0.007932,0.011121,0.021567,-0.472598,0.540606
0.000719,-0.009577,0.001172,0.279192,-0.131585,0.883955
-0.006354,-0.012347,0.003436,0.338466,-0.661088,0.094089
-0.004976,-0.016188,-0.001435,0.459969,0.032245,0.427562
-0.004920,-0.005050,-0.018956,0.817476,-0.104380,0.185314
-0.012315,-0.012685,0.019931,0.368589,-1.022787,0.203289
-0.002215,-0.004492,0.043377,-0.039316,-3.522862,-0.092242
0.006313,-0.001157,0.025097,0.234594,-0.490018,0.750646
-0.000741,-0.010998,0.015503,0.403688,-1.520214,0.628155
-0.006840,-0.003419,0.015401,0.199035,-0.618686,0.665837
0.011427,-0.004890,0.025911,0.423938,-0.374505,0.646241
-0.000377,-0.006426,-0.006260,0.748627,-0.237825,0.100929
-0.008879,-0.023632,0.018424,0.595074,-0.181203,-0.306730
-0.003824,-0.003495,0.016510,0.793327,0.192618,0.397658
0.003394,0.004501,0.021237,0.466275,-0.439836,0.221162
0.005479,-0.010824,0.013599,0.890674,0.222052,0.306102
-0.010940,-0.011898,0.015726,0.605115,-1.749722,-0.409884
-0.005790,-0.023107,0.007845,0.381831,0.096636,-0.165946
0.010567,0.002473,-0.000637,0.345300,-0.615141,0.364450
-0.023459,-0.019490,0.026742,0.002486,-0.772288,0.187530
-0.010809,-0.026468,0.009647,0.133229,-0.241356,-0.685031
-0.017242,-0.017245,0.015680,-0.057048,-0.500492,-0.320556
-0.000200,-0.009777,0.001021,-0.067423,-0.279686,0.728417
0.008554,0.024935,-0.006772,-0.097937,-0.362492,1.402547
0.002390,-0.002654,-0.000729,0.064639,0.115789,1.179083
-0.008757,-0.005914,0.007471,-0.183087,0.182239,-0.036162
-0.008550,-0.025930,-0.018812,0.065771,0.409604,-0.134159
-0.000042,0.005217,-0.011581,0.235106,0.443327,0.352804
-0.008819,-0.020041,-0.012844,0.176170,0.135714,0.308009
-0.011029,-0.010466,-0.030540,0.868764,1.287193,0.020283
-0.028622,-0.017770,-0.004980,-0.219873,0.510758,0.261023
0.000004,0.003769,-0.005879,-0.396645,0.968347,0.678251
-0.019333,-0.012863,-0.013475,-0.109324,-0.185250,0.210520
-0.004346,-0.007847,-0.012835,-0.185910,0.103877,0.509632
-0.010848,-0.010493,-0.024064,-0.379107,0.044836,0.313602
-0.010664,-0.009990,-0.014958,0.018741,0.312775,0.311009
-0.000843,-0.000593,-0.052903,0.043743,0.004262,0.643313
-0.019182,-0.016920,-0.011528,-0.201616,0.041235,0.146883
-0.000610,0.000737,-0.026020,-0.280667,0.182505,0.514090
-0.009620,-0.000189,-0.011797,-0.035397,0.580838,0.366954
-0.000213,-0.014908,-0.000256,-0.104525,-0.776354,0.751621
-0.008649,-0.004187,-0.012178,-0.155793,-0.495453,0.069506
-0.016655,-0.024161,-0.006985,-0.356166,0.045345,-0.437417
0.004327,-0.005129,-0.027763,0.229716,0.666707,0.230596
-0.009082,-0.009708,-0.010980,0.050019,0.614142,0.393674
-0.010976,-0.011760,-0.009270,-0.020445,-0.349050,0.170094
-0.006108,-0.002316,-0.005154,-0.398356,-0.606636,0.212792
-0.004644,-0.013739,-0.008121,-0.343818,0.079699,0.108125
0.003936,0.005545,-0.016557,-0.107942,0.051440,0.943508
-0.008603,-0.023563,-0.018579,0.285258,0.235208,0.236225
0.001120,0.003271,-0.003004,0.166778,-0.514491,0.783155
0.015027,0.007873,-0.012759,0.171587,0.001508,1.259739
0.009582,0.016709,-0.016206,-0.086396,-0.042454,0.942927
0.008259,-0.007273,-0.017397,0.317177,0.575931,0.661038
0.013941,0.021698,0.002934,0.236330,-0.094851,1.394062
0.003844,-0.002953,-0.004054,0.197433,-0.789294,1.062888
0.002919,-0.000915,0.006072,0.240607,-1.649654,0.686661
-0.003200,-0.016861,-0.019258,0.288787,-0.641187,0.644846
0.007537,0.002795,-0.018346,0.116193,-0.204452,0.532127
0.000693,-0.005021,-0.012940,0.706237,-0.103533,0.896862
0.003890,-0.000061,-0.010347,0.631972,-0.020764,0.533515
0.000253,-0.003613,-0.008068,0.333215,0.040139,0.808564
0.008410,0.000983,-0.005495,0.741389,0.144018,0.808325
-0.011859,-0.018512,0.006010,0.752287,-0.232638,0.327746
0.008075,-0.003104,-0.005318,0.777089,-0.898566,0.661603
-0.015850,-0.012249,0.024940,0.361247,-1.803367,0.246043
-0.005274,-0.005969,-0.003834,0.777630,-0.248003,0.316425
-0.009368,0.002713,0.009575,0.136879,-0.635761,0.745771
0.007616,0.008247,-0.005580,0.465530,-0.216515,1.108723
-0.014889,-0.019989,0.008616,0.912279,-0.584982,-0.347892
0.005367,-0.001775,-0.002062,0.843597,0.283509,0.734063
-0.016356,-0.017268,-0.010140,1.033093,-0.188437,-0.493310
-0.025695,-0.046468,-0.012201,1.295336,0.153888,-1.021658
-0.007034,-0.012731,0.002347,0.990572,-0.840986,-0.260375
-0.012591,-0.012827,0.002107,0.923827,0.241979,0.391054
0.007996,0.011411,-0.011226,0.833816,-0.598003,1.015840
-0.025100,-0.017662,0.020453,0.486357,-1.785468,-0.169773
0.001274,0.006011,0.011853,0.508753,-0.150571,0.869887
-0.019734,-0.021118,0.008846,0.427378,-0.488445,0.015770
-0.006906,-0.007394,0.013940,0.005243,-0.532857,0.189161
-0.012131,-0.013411,-0.003660,1.014695,0.125564,-0.100077
-0.012273,-0.021939,-0.008042,0.842905,0.294452,-0.102920
-0.008987,-0.008586,-0.001943,0.919921,0.232821,-0.348709
-0.012827,-0.015121,-0.007258,1.123064,1.120829,-0.071917
-0.017377,-0.023777,-0.027520,1.149957,0.494008,-0.761354
-0.018480,-0.026616,0.000738,0.554592,0.121954,-0.513409
-0.052630,-0.073575,-0.006756,0.927556,0.690364,-2.709987
-0.045461,-0.038462,0.016684,0.276740,-1.682078,-0.986641
-0.010444,-0.010125,0.021756,0.535478,0.057516,-0.051258
-0.021093,-0.012534,0.000610,0.275371,-0.386096,-0.359541
-0.006916,-0.018692,0.003151,0.502930,0.141031,0.062285
-0.006496,-0.005300,-0.017246,0.062916,-0.055144,0.162134
-0.005353,-0.015840,-0.004845,1.058285,1.234536,0.113662
-0.016359,-0.023206,-0.005525,0.977623,0.509452,-0.399305
-0.010894,-0.022881,-0.019380,0.883650,0.643077,-0.352323
-0.009138,-0.017307,-0.036931,0.013942,1.240037,-0.288568
-0.013021,-0.023094,-0.012250,0.296990,0.188689,0.430972
-0.005504,-0.002313,-0.046345,0.022551,0.621928,0.426951
-0.021168,-0.030388,-0.001540,-0.311506,-0.611527,-0.189740
-0.000239,-0.009718,-0.035753,-0.700143,0.205577,0.275289
-0.011101,-0.016411,-0.001339,-0.156834,0.307490,0.389695
0.000142,-0.003800,-0.024871,-0.222584,1.233377,0.623625
-0.016898,-0.016024,-0.015027,-0.548091,-0.855609,0.013594
0.008259,-0.006180,-0.028443,-0.357716,0.147261,0.658179
0.001517,-0.004748,-0.017233,-0.211933,-0.284731,0.173806
-0.003042,-0.033663,-0.011095,0.315237,0.417114,-0.497124
0.001606,0.001869,-0.040620,-0.715948,0.429630,0.158539
0.005951,-0.010621,-0.075250,-1.115414,0.841746,0.358250
-0.001962,-0.010864,-0.024005,0.081619,1.281163,0.650600
-0.004332,-0.027716,-0.010238,0.556896,0.263404,0.030830
0.000933,-0.014891,-0.030284,0.101908,0.616949,0.248114
-0.009000,-0.021427,-0.019672,-0.462169,0.650479,0.126398
0.000621,-0.011881,-0.025078,-0.360168,0.061777,0.066044
-0.012335,-0.019638,0.003650,-0.367524,-0.271985,0.404558
-0.006784,-0.018604,-0.001310,-0.186028,-0.141308,0.081261
-0.009322,-0.015328,0.002773,0.092953,-0.538726,0.213655
0.002232,-0.017494,-0.015208,0.045289,0.569015,0.719975
-0.007628,-0.018183,-0.018983,-0.254470,0.546855,0.074033
0.001199,-0.030982,-0.002383,0.251039,-0.040655,0.192799
0.002974,-0.003186,-0.028869,-0.026646,0.645151,0.890008
0.002633,-0.007168,-0.019971,0.052947,-0.610499,0.991094
0.001753,-0.005356,-0.015749,0.253474,0.154683,0.255690
-0.003167,-0.019664,-0.028413,0.027771,-0.063360,0.533079
0.001970,-0.007371,-0.004638,-0.027584,-0.924166,0.458732
-0.005104,-0.016391,0.002347,0.407641,0.040293,0.474474
0.000053,-0.014034,0.004375,0.397688,-0.723517,0.260525
-0.003994,-0.018755,0.005265,0.477911,0.444089,0.492616
0.007156,-0.012669,0.005616,0.252532,-0.114878,0.519467
-0.005268,-0.006918,0.007989,0.324972,-0.749461,0.638025
-0.005041,-0.012820,0.002265,0.234187,-0.760769,0.531986
-0.004021,0.002644,0.010175,0.117197,-1.276079,0.633663
0.002075,-0.017438,-0.007474,0.597713,-0.216738,0.704957
-0.000499,-0.006304,0.009785,0.376996,-0.436182,0.319802
-0.007116,-0.010253,-0.003191,0.402051,-0.447444,0.107274
0.004090,-0.001246,-0.004960,0.613998,0.581331,0.358854
-0.013425,-0.028776,0.005941,0.928491,-0.237618,-0.097464
-0.008419,-0.023921,-0.003831,0.743260,0.398453,-0.807430
-0.018358,-0.020826,0.011436,1.010710,0.434435,-0.091445
-0.009023,-0.017507,-0.010822,0.591473,-0.644834,-0.213502
-0.021040,-0.022877,0.009877,0.452459,-0.846684,-0.032646
-0.001168,-0.010112,-0.003115,0.357839,-0.136112,-0.000797
-0.012128,-0.020478,0.015155,0.380836,-0.432355,-0.088329
-0.004648,-0.004873,0.020942,0.292000,-0.266447,-0.041463
-0.013284,-0.001200,0.018358,0.323961,-0.481267,0.475675
-0.006482,-0.015580,0.005751,0.420918,-0.302423,-0.151516
-0.008698,-0.009239,-0.003076,0.538666,0.061294,0.093186
0.000893,-0.014675,-0.008403,1.248345,0.410247,0.068643
0.000388,-0.006570,-0.001333,0.796603,0.181074,-0.163451
-0.012135,-0.014862,-0.001129,0.883669,0.797483,0.003198
0.001724,-0.006505,-0.017699,0.895394,0.524338,0.094916
-0.005613,-0.015400,-0.001622,0.510430,0.417652,-0.112042
-0.000147,-0.006531,-0.020089,1.348994,0.401456,-0.114990
-0.011721,-0.018787,0.020699,0.209549,-0.915888,0.080779
0.001244,-0.013522,-0.011998,0.490095,-0.071201,0.162291
-0.010589,-0.019857,0.028038,0.232591,-0.553126,-0.142782
0.001832,-0.009984,0.007152,0.002378,-0.407491,-0.096086
-0.012519,-0.015193,0.009509,0.357616,-0.659053,0.399047
0.002922,-0.010227,0.003374,0.310635,-0.108411,0.405146
-0.005055,-0.010096,0.006722,0.876317,-0.149271,-0.145647
0.008679,-0.013988,-0.002708,0.535685,1.126481,-0.177559
0.002643,-0.001591,0.002245,0.462772,0.309427,-0.427133
0.005725,-0.013966,-0.001924,0.525661,0.835004,-0.239345
-0.009857,-0.003547,0.004996,0.347654,-0.124997,-0.005379
0.005561,-0.012482,-0.014597,-0.282847,0.256724,-0.147331
-0.002642,-0.014543,-0.008817,0.096462,0.025864,0.091453
0.005147,-0.011858,-0.001717,-0.192648,0.225902,-0.489919
-0.010366,-0.009698,-0.000781,-0.369155,-0.213489,0.158024
0.005732,-0.004630,-0.005157,-0.237555,-0.175734,0.056702
-0.011580,-0.009157,-0.006460,0.013400,-0.212780,-0.293095
-0.001063,-0.007256,-0.004159,-0.144150,-0.104761,-0.076545
-0.004293,-0.011868,-0.006529,0.054696,0.916940,0.012884
0.006966,-0.011694,-0.014515,0.023976,0.592498,-0.140740
-0.009568,-0.015423,-0.002935,-0.084489,-0.202768,-0.347373
0.003998,-0.012298,-0.010593,0.124941,0.181806,0.084829
-0.004391,-0.012400,-0.005127,0.353854,0.248452,-0.224180
-0.000502,-0.016496,0.002616,0.135241,0.450342,-0.018502
-0.006453,-0.008878,0.005521,0.152444,-0.946047,-0.019776
0.009565,-0.009580,-0.012257,-0.170180,0.737194,0.122413
-0.002773,-0.008395,-0.007957,0.054293,0.112313,-0.069823
-0.002770,-0.013211,-0.026089,-0.271407,0.355453,-0.202660
-0.005928,-0.013033,-0.018244,-0.264360,-0.050936,-0.311936
0.002150,-0.013933,-0.021444,-0.280408,0.249673,0.494924
-0.005964,-0.008756,-0.019892,-0.118961,-0.440817,-0.000091
-0.000367,-0.023744,-0.021871,-0.115830,0.243322,0.253399
0.001779,-0.000695,-0.024609,-0.681515,0.457524,0.212975
0.000332,-0.010073,-0.022459,-0.102953,0.408067,-0.244331
-0.009427,-0.018679,-0.011187,0.198950,0.037549,-0.398261
-0.000485,-0.020842,-0.015244,0.435518,0.578196,-0.036500
0.008390,-0.009610,-0.017850,0.379146,1.845700,0.031745
-0.010835,-0.032547,-0.019925,0.446373,0.326276,0.049369
-0.003945,-0.008776,-0.021418,-0.142713,0.468028,-0.131773
-0.006331,-0.021994,-0.031190,0.070212,0.589504,0.107832
-0.004030,-0.019707,-0.010268,-0.058003,0.089789,-0.032790
-0.009112,-0.024653,-0.029349,0.147763,0.660539,0.011142
-0.001549,-0.019569,-0.009247,-0.019280,-0.050539,0.063342
-0.007979,-0.020094,-0.009345,0.006402,-0.268929,0.422307
-0.000623,-0.007066,-0.009125,0.037798,0.186621,0.315154
-0.003551,-0.024676,-0.021471,0.064984,0.064652,0.019466
0.000286,-0.008687,-0.016724,0.452741,1.673641,0.004915
0.006848,-0.015384,-0.015858,0.393979,1.317959,0.456188
0.000467,-0.011855,-0.033409,0.289975,0.402845,-0.089390
-0.008632,-0.013549,-0.010140,0.016272,0.707035,-0.108658
0.000939,-0.015495,-0.030963,0.201375,0.914003,-0.279925
-0.010188,-0.016582,-0.017755,-0.177536,1.188234,0.387273
-0.000643,-0.011353,-0.027743,0.093797,0.295979,0.420534
-0.015164,-0.021348,-0.004189,-0.272763,-0.455861,-0.175869
-0.000046,-0.013463,-0.023617,-0.205276,0.308491,0.007734
-0.024089,-0.019707,0.004828,-0.561128,-2.277072,-0.087469
0.001629,-0.010040,-0.012825,-0.389129,0.141642,0.293474
-0.011918,-0.010614,-0.007606,-0.249481,-0.755386,0.219727
0.002951,-0.012072,-0.015480,-0.237693,-0.287665,0.336392
0.003821,-0.006186,-0.018894,0.069307,0.317925,0.037703
0.003401,-0.019595,-0.020164,0.246673,0.770091,0.247454
0.000723,-0.006580,-0.011321,-0.044676,-0.193364,0.339310
-0.005964,-0.009203,-0.023414,-0.051274,0.716479,0.594483
-0.001188,-0.010138,-0.050652,0.097959,0.244507,0.352420
-0.016487,-0.012941,-0.019084,-0.084988,0.240725,0.227484
-0.004575,-0.008119,-0.016803,-0.372769,0.195707,0.148617
-0.014922,-0.011661,-0.017473,-0.323628,-0.686980,0.113619
-0.001926,-0.009790,-0.024980,-0.200142,0.332181,0.622630
-0.007122,-0.008126,-0.016143,0.005844,0.080030,0.261116
-0.005764,-0.024479,-0.012986,0.080572,-0.390389,0.370533
0.001468,-0.002503,-0.015267,-0.177162,-0.217858,0.464640
-0.003151,-0.024811,-0.001599,0.300709,0.239311,0.362980
0.005587,-0.010535,-0.012749,0.458141,-1.901089,0.406137
-0.006994,-0.015997,0.011948,0.002007,-0.833938,0.902511
-0.003975,-0.009925,0.014475,-0.105480,-2.016141,0.975565
-0.011701,-0.011563,0.019836,-0.107975,-1.182107,0.662309
-0.000650,-0.011202,0.002156,0.237719,-0.899830,0.828899
-0.002422,-0.012590,0.008229,0.326709,-0.792517,0.791213
-0.002990,-0.012804,-0.001402,0.528700,0.133406,0.479782
-0.009473,-0.019060,0.006000,0.508569,-0.012479,0.300279
-0.002593,-0.008316,0.000968,0.554293,0.126815,0.510840
-0.023965,-0.016312,0.023939,0.565198,-2.717001,0.070701
-0.012703,-0.019306,0.017679,0.587357,-1.256828,0.188850
0.000066,-0.005658,0.009007,0.456040,0.120112,0.382103
-0.015562,-0.033059,0.006463,0.983912,-0.591481,-0.143894
-0.013934,-0.010647,0.002320,0.761537,-1.534801,0.204530
-0.027621,-0.025228,0.013907,0.169171,-0.436035,0.111522
-0.006381,-0.005979,-0.000099,0.569383,-0.825112,0.467853
-0.021979,-0.023993,0.020850,0.448589,-0.689829,0.031506
-0.003469,-0.014077,0.002842,0.542148,0.169579,0.493693
-0.026430,-0.019785,0.015299,0.458482,-0.797792,0.064406
-0.005672,-0.011402,-0.009244,0.654545,0.235414,0.453867
-0.022616,-0.025835,0.030924,0.673196,-1.033376,-0.226908
-0.020469,-0.023009,0.006620,0.693469,-0.530605,-0.079526
-0.029200,-0.013870,0.010031,0.694073,-1.552864,0.044711
-0.008124,-0.020140,0.001674,0.622223,0.273950,0.001153
-0.007969,-0.019214,0.008475,0.698750,0.094217,-0.502229
-0.010572,-0.023993,0.000193,0.278851,-0.536540,0.189345
-0.009171,-0.020527,-0.003765,0.390001,0.365041,-0.040990
-0.011652,-0.030709,-0.000621,0.419969,0.074375,0.241221
-0.008376,-0.014228,-0.017502,0.206765,-0.158810,-0.004082
-0.018434,-0.022024,-0.004793,0.139242,0.029146,0.080168
-0.004329,-0.020107,-0.030021,0.410404,-0.216420,-0.248378
-0.016756,-0.025464,-0.006752,-0.006455,0.026307,-0.116105
-0.008367,-0.014809,-0.024363,0.475078,0.360538,-0.213154
-0.010339,-0.016106,-0.000745,0.111722,1.256998,0.223725
-0.012315,-0.010496,-0.021116,0.158382,-0.062303,-0.125779
-0.016382,-0.030388,0.006985,0.561081,0.702207,-0.356813
0.005242,-0.009603,-0.015900,-0.069074,1.061046,0.409456
-0.017561,-0.020212,-0.024192,0.268380,0.692786,-0.103665
-0.010113,-0.022845,-0.014496,0.151939,0.234187,0.058484
-0.008918,-0.013726,-0.012854,0.079830,-0.041134,-0.085723
-0.002698,-0.028540,-0.021799,0.081895,0.806575,0.356986
-0.001795,-0.012580,-0.011364,-0.126478,0.633167,0.152756
-0.002301,-0.027424,-0.018451,0.109359,0.846696,0.183040
-0.003121,-0.001942,-0.012798,-0.203989,-0.280014,0.590994
-0.011061,-0.025185,-0.010084,-0.113223,0.175398,-0.065815
0.000056,-0.012771,-0.028219,0.028952,0.270385,-0.089422
-0.011048,-0.014307,-0.011919,0.069277,0.785131,0.450978
0.005495,-0.006432,-0.019718,0.007429,0.507499,-0.089373
-0.015375,-0.013591,-0.009470,-0.043970,0.241402,-0.139729
0.004176,-0.016244,-0.023430,-0.066170,0.800667,0.101015
0.006582,-0.004322,-0.025295,-0.181150,1.435293,0.460928
0.004514,-0.023294,-0.039646,0.243837,2.067117,0.574336
-0.006085,-0.009738,-0.025308,-0.208532,0.019847,0.166631
-0.013165,-0.019624,-0.021783,-0.071405,0.589458,0.108653
-0.000853,-0.011011,-0.031095,-0.227173,-0.030417,0.310996
-0.015420,-0.016033,0.013825,-0.395158,-1.403602,0.394826
-0.001171,-0.014675,-0.012332,-0.188604,0.013745,0.196668
-0.006006,-0.007607,-0.012575,-0.380010,0.323236,0.380790
0.001097,-0.015042,-0.015529,-0.109626,0.031982,0.358939
0.006211,-0.005779,-0.014207,-0.064043,0.888794,0.595022
-0.004805,-0.017327,-0.009477,0.201031,-0.821724,0.637267
0.003591,-0.004702,-0.031157,0.050570,-0.267731,0.650282
-0.006496,-0.004282,0.003564,-0.362226,-0.201485,0.620864
0.005085,-0.004965,-0.005236,-0.246556,-0.534708,0.685926
-0.005875,-0.006761,-0.010097,-0.071891,0.056321,0.163302
-0.006285,-0.015528,-0.014870,0.075025,-0.651487,0.354324
-0.006801,-0.003160,-0.020332,0.060447,0.142695,0.271570
-0.013425,-0.010873,-0.007140,-0.151759,-0.440853,0.331662
-0.000403,0.003159,-0.034492,-0.044775,-0.200832,0.030226
-0.014675,-0.007942,0.008994,-0.097494,-0.986007,0.083332
-0.001083,-0.003875,-0.002977,0.053301,-0.140881,-0.061656
-0.009371,-0.002172,-0.000739,-0.092304,-0.621220,0.238115
0.015037,-0.014799,-0.018247,0.192103,1.648934,0.501827
0.006250,0.010144,0.000036,0.156967,-0.403489,0.804244
-0.004067,-0.016342,0.005652,0.167658,-0.440289,0.246995
0.005203,-0.002067,-0.020630,0.086749,-0.057215,0.381115
-0.012217,0.002667,0.006207,-0.171414,-0.582599,0.518981
0.004356,-0.003524,0.002183,-0.101623,-1.021756,0.654789
0.003165,-0.000744,-0.010347,0.208833,-0.151647,0.447391
-0.001526,-0.009206,-0.014607,0.207806,-0.330573,0.667675
0.002551,0.001091,-0.031984,0.423219,0.120056,0.154193
-0.014613,-0.011468,-0.003316,0.107353,-0.241373,0.503044
0.008108,-0.003563,-0.004730,0.029408,-0.034271,0.317416
-0.001122,0.005611,0.008396,-0.138725,-0.719906,0.731542
0.000430,-0.012580,0.014429,0.033213,-2.473723,0.428589
0.018225,0.004245,-0.001976,0.341086,0.012944,0.851942
0.001484,-0.010549,0.001588,0.202971,-0.470605,0.599575
0.004028,-0.007837,-0.012982,0.342395,-1.484731,0.479395
-0.009489,-0.011747,0.011505,-0.026518,-1.195039,0.204868
0.002777,-0.001262,0.008180,-0.027204,-0.131940,0.707570
-0.000265,-0.005113,-0.000470,0.384434,-0.500518,0.301926
0.008062,-0.015118,-0.005548,0.477767,0.247980,0.802016
0.008958,-0.003997,-0.006024,0.186060,-0.112137,0.721964
0.001051,-0.016910,0.004408,0.754210,0.283404,0.599023
0.004051,-0.012278,-0.005344,0.824891,0.081527,0.447486
-0.018014,-0.019506,0.035424,0.376927,-3.163396,-0.322715
0.002308,-0.011953,0.013129,0.595439,-0.351111,0.308173
-0.003784,-0.010358,0.011987,0.590318,-1.044963,0.397091
0.007603,-0.017655,0.008140,0.472938,-0.410064,0.266059
0.007205,-0.006449,0.003551,0.566494,-0.299436,0.591175
0.005403,-0.025526,0.009365,0.695297,-0.227423,0.431127
0.006421,-0.013644,0.006479,0.687324,-0.532702,0.163562
0.001189,-0.030309,-0.007035,0.831830,0.259908,-0.070089
0.002147,-0.013046,-0.019957,0.988330,0.137056,0.497291
-0.012263,-0.021151,0.013258,0.671585,-0.093473,0.247487
-0.003765,-0.016345,0.008317,0.894167,-1.599534,-0.241773
-0.010523,-0.022828,0.022570,0.539394,-0.391062,0.012133
0.003463,-0.024991,0.002931,0.658816,0.239238,0.027068
-0.002901,-0.018472,0.009266,0.490588,-0.469282,0.155608
-0.002143,-0.026774,-0.000568,0.387943,-0.539346,0.170829
0.004484,-0.016378,0.007622,0.644002,-0.183421,0.103044
0.002387,-0.025040,0.007503,0.654582,-0.157027,0.381562
0.002515,-0.017182,0.007799,0.694394,-0.014862,0.162134
-0.005596,-0.027059,0.013159,0.625673,-0.277857,0.088929
-0.007769,-0.014002,-0.000027,0.402960,-0.503577,0.262360
-0.009036,-0.018574,0.001116,0.620044,-0.154539,0.067281
0.000148,-0.022677,-0.002406,0.552409,0.313159,0.082469
-0.000495,-0.015088,-0.003151,0.766637,0.091411,0.049638
-0.000226,-0.017471,-0.004228,0.960639,0.944556,0.253688
-0.010310,-0.021026,0.014456,0.693469,-0.639648,-0.263270
0.001993,-0.021358,-0.001271,0.821192,0.548191,-0.227633
-0.002786,-0.021522,0.009683,1.163908,-0.103048,0.004557
-0.011869,-0.017451,0.000856,0.114263,-0.722349,-0.227239
-0.001601,-0.013654,-0.019564,0.739698,0.136239,0.031739
-0.022074,-0.021243,0.014167,0.192165,-1.192994,0.366964
-0.003417,-0.011881,-0.001051,0.194564,-0.347606,-0.041656
-0.013622,-0.015567,0.003066,0.491740,-0.367258,0.049815
0.002127,-0.006613,0.004116,0.489075,0.330605,0.155986
-0.007405,-0.020028,0.012896,0.533046,-0.408265,-0.189990
0.002758,-0.014162,0.019330,0.316678,-0.510214,0.187776
0.000444,-0.009626,-0.002807,0.551352,0.071115,-0.131950
-0.000722,-0.025300,0.010028,0.839846,0.253445,-0.154162
-0.002793,-0.011021,-0.030547,0.303814,-0.369411,-0.089892
-0.011921,-0.019743,0.001913,0.196629,-0.051520,-0.183894
-0.000006,-0.009715,-0.001254,0.214669,-0.248703,0.490069
-0.011705,-0.018019,0.004047,-0.041870,-0.388449,0.242324
0.006079,-0.020563,-0.016019,0.142200,0.204691,0.355401
0.005416,-0.011750,-0.005639,0.405139,0.000989,0.308646
-0.007300,-0.025152,0.008711,0.385924,0.164566,0.206614
0.006178,-0.016532,-0.026069,0.436473,0.234571,-0.133423
-0.002192,-0.012823,0.002550,0.496670,0.858142,-0.002789
0.004123,-0.013805,-0.007550,0.431048,0.651591,-0.107899
-0.004615,-0.022270,-0.003811,0.519509,0.523885,0.052750
0.008279,-0.013581,-0.019600,0.229332,0.816800,0.145535
0.005945,-0.003035,-0.019669,-0.050404,0.453306,0.211068
0.004484,-0.024230,-0.022025,0.160342,0.486426,0.032241
0.006555,-0.009390,-0.024435,-0.024036,0.116574,0.045417
-0.004687,-0.016733,-0.012519,0.014766,0.314800,-0.081298
0.007215,-0.004952,-0.022560,-0.209287,0.022401,0.243099
-0.000971,-0.016201,-0.013806,-0.095922,-0.449325,0.355568
0.009713,-0.002155,-0.008111,-0.137589,0.390999,0.302071
0.011561,-0.007463,-0.019698,-0.116223,1.335783,0.154164
0.001271,-0.023826,-0.026801,0.272548,0.174161,-0.286076
0.009277,-0.007391,-0.033074,-0.094592,0.708525,0.380977
-0.008065,-0.012840,-0.006480,-0.230502,0.318027,0.357035
-0.000108,-0.010683,-0.012280,-0.449509,-0.151887,0.255844
-0.003988,-0.013893,-0.017578,-0.277427,0.137486,0.335561
0.005164,-0.006107,-0.021474,-0.079270,0.051316,0.843598
0.015474,-0.003918,-0.018241,-0.405199,1.379846,0.730272
0.002301,-0.018653,-0.010612,-0.145989,0.278060,0.805062
-0.000548,-0.013115,0.005239,-0.005244,-2.021744,0.225925
-0.002708,-0.013565,0.010684,0.235395,-0.283473,0.547548
0.003024,-0.015633,-0.005472,-0.044916,-0.751428,0.227395
-0.007592,-0.012282,0.004920,-0.005615,-0.505875,0.451120
0.012484,-0.007614,-0.006001,0.016246,0.212142,0.493775
-0.003190,-0.009885,-0.008118,0.252050,-0.275976,0.589780
0.008177,-0.008963,-0.020230,0.101790,0.091463,0.484699
0.002856,-0.011497,-0.018828,0.151643,0.111200,0.471973
-0.005655,-0.020022,-0.012602,0.473217,-0.241087,0.092165
0.004442,-0.003695,-0.010924,0.248058,0.545779,0.515449
-0.005248,-0.010667,0.007238,0.426114,-0.284209,0.184359
0.002846,-0.003820,-0.009057,0.400160,-0.732882,0.290129
-0.015384,-0.019257,0.006775,-0.028395,-0.827160,0.486544
0.000742,-0.003396,0.000541,-0.137202,-1.452041,0.840886
-0.010553,-0.007351,-0.008128,0.368776,-0.797319,0.222258
-0.000915,-0.011152,0.005350,0.289817,0.071089,0.323023
-0.003640,-0.004883,0.004418,0.379113,-0.114704,0.440383
-0.001047,-0.016559,0.002770,0.444118,-0.523672,-0.192980
-0.003193,-0.015022,0.005288,0.667386,-0.134996,0.041166
-0.003016,-0.025943,0.007418,0.825219,-0.313219,-0.019060
-0.001398,-0.017786,0.000797,0.771601,-0.038817,0.209257
-0.012680,-0.031937,0.010339,0.669760,-0.603347,-0.068914
0.004727,-0.010204,-0.015300,0.554690,-0.410996,0.207914
-0.002960,-0.019789,0.016100,0.458341,-0.587194,0.306653
0.001602,-0.013096,-0.000604,0.539657,-0.409601,-0.093555
-0.005366,-0.013549,-0.017135,0.237092,-0.249533,-0.199194
0.001238,-0.020488,-0.012575,0.278221,0.320686,-0.028284
0.003069,-0.014606,-0.009959,0.504577,0.069822,-0.317270
0.001195,-0.020790,-0.007973,0.561154,-0.786878,-0.318743
0.003109,-0.015873,-0.009030,1.394775,0.212480,0.355483
-0.006269,-0.028192,-0.011016,0.752989,0.447663,-0.348518
0.007681,-0.016053,-0.019065,1.181465,0.919858,-0.158088
-0.012378,-0.023163,0.015276,0.586776,-0.651507,-0.601608
0.004990,-0.017343,0.007894,0.184658,-0.650004,0.081160
-0.000413,-0.018925,-0.004533,0.410769,-0.122713,-0.014136
0.008597,-0.024417,-0.011065,0.604173,0.376182,0.050328
0.004737,-0.007909,-0.006555,-0.021167,-0.342804,-0.210305
-0.005504,-0.036483,-0.012112,0.284424,0.249762,-0.435631
0.004944,-0.010650,-0.027373,0.439867,0.091854,0.013246
-0.012220,-0.021735,0.004277,0.021488,-1.000391,-0.237047
0.011509,-0.007821,-0.012040,0.012192,0.586077,0.313733
0.010284,-0.007844,-0.009263,0.362737,0.773449,-0.202735
0.010347,-0.012236,-0.021556,0.710872,0.745010,0.393612
-0.000643,-0.009820,-0.001277,0.113045,0.195726,-0.323588
-0.009702,-0.022359,-0.008643,0.333474,0.399641,-0.465787
0.006559,-0.005336,-0.039698,0.465628,1.010500,-0.201902
-0.006436,-0.015791,-0.023942,0.145837,0.857046,0.016984
0.010055,-0.011504,-0.011216,-0.003537,0.749687,-0.032255
0.007977,-0.008743,-0.010356,0.244746,0.288715,0.028371
-0.000774,-0.018535,-0.012657,0.297758,0.248324,-0.024085
0.003624,-0.008730,-0.027901,-0.183970,0.253156,-0.019917
-0.004549,-0.016792,-0.004392,-0.211736,0.295713,-0.140510
0.000450,-0.018328,-0.027418,-0.067995,-0.046721,0.030830
-0.008081,-0.011812,-0.008456,-0.480220,-0.386617,-0.125434
0.004166,-0.002674,-0.021208,-0.230213,0.773721,0.359293
0.008092,-0.005238,-0.018805,-0.064230,0.452420,0.364273
0.002068,-0.013329,-0.029109,-0.324005,0.340095,0.340587
0.004297,-0.001161,-0.021710,-0.113614,0.950713,0.507335
-0.002225,-0.026813,-0.029749,0.031703,1.563446,0.228203
-0.004234,-0.006767,-0.041188,0.184481,-0.209540,0.582315
-0.019589,-0.012314,-0.022935,-0.176998,0.027498,-0.055909
0.003578,-0.012574,-0.021779,-0.260713,0.373159,-0.130919
-0.009955,-0.013644,-0.022465,-0.168470,0.155805,-0.030631
-0.003929,-0.015118,-0.027697,-0.609590,0.402513,0.069083
-0.007638,-0.004932,-0.011935,-0.258753,-0.099040,0.081107
-0.003574,-0.014268,-0.023532,-0.090765,0.076580,0.141454
0.002564,-0.003406,-0.036425,0.326810,1.244702,0.566018
-0.017367,-0.024223,0.005248,-0.100205,-1.255909,0.094663
0.000726,-0.005822,-0.010763,-0.090991,-0.270987,0.550745
-0.014068,-0.013490,0.005255,-0.137507,-0.713588,0.169618
0.004563,-0.015636,-0.018543,-0.045759,0.787025,0.633505
-0.003092,-0.014428,-0.007245,-0.014514,-0.584092,0.493224
0.003687,-0.016523,-0.015589,0.042555,-0.047302,0.510273
0.000023,-0.015958,-0.018605,-0.104269,-0.078282,0.506268
-0.014646,-0.028792,-0.024110,-0.024952,-0.135107,0.411885
0.000214,-0.015922,-0.044221,0.094992,0.110600,0.109621
-0.026630,-0.019273,-0.004386,-0.125923,-1.335817,0.026395
0.000992,-0.007578,-0.007130,-0.732616,-0.191828,0.589031
-0.003935,-0.012823,-0.000319,-0.298126,-0.344474,0.473089
0.004445,-0.021285,-0.013747,-0.186967,-0.330613,0.390861
0.008781,-0.017255,-0.019603,0.064229,0.994839,0.499447
-0.000292,-0.019116,-0.004540,-0.308220,-0.230810,0.261221
-0.003614,-0.006921,-0.019695,-0.031116,-0.456658,0.176885
-0.016609,-0.020399,-0.009982,-0.045822,-0.874112,0.173091
0.004396,-0.016546,-0.021225,-0.048021,0.605302,0.301080
0.001543,-0.015233,-0.015421,-0.120950,-0.515985,0.369361
-0.002868,-0.015321,-0.026467,-0.030086,-0.170482,0.334206
0.004556,-0.006872,-0.026381,0.135382,0.464916,0.493558
-0.009026,-0.029104,-0.002410,-0.172563,-0.158984,0.551815
-0.001936,-0.018298,-0.023834,0.120529,0.240693,0.528142
-0.016116,-0.014599,-0.003723,0.153534,-0.188447,0.315919
0.001130,-0.010148,0.002202,-0.275960,-0.227406,0.487292
0.006487,-0.014448,0.004323,0.276638,-0.037149,0.322547
-0.017488,-0.021239,0.014679,0.251780,-3.159680,0.355712
-0.006003,-0.010036,-0.003762,0.167835,-2.415578,0.280184
-0.009305,-0.010939,-0.000361,-0.226500,-1.367492,0.464115
0.003716,-0.009492,-0.002833,-0.325824,-0.476208,0.563885
0.004865,-0.001857,-0.019728,-0.506692,-0.943605,0.863824
0.007754,-0.021341,-0.022272,0.070367,0.504699,0.387155
0.002328,-0.016726,-0.011023,0.201927,-0.310439,0.493129
-0.009046,-0.015397,-0.000171,-0.111500,-0.475647,0.337236
0.001953,-0.007433,-0.026207,-0.064919,0.017927,-0.003377
-0.005993,-0.010709,-0.012542,-0.352500,-0.077701,0.440898
0.006743,-0.022677,-0.028443,-0.343010,0.154660,0.541042
0.009260,-0.006810,-0.016724,-0.111900,0.015038,0.830540
-0.012926,-0.024706,0.010845,0.086349,-2.037979,0.402271
0.007491,-0.005940,-0.005091,-0.144370,-0.166346,0.371284
-0.004323,-0.003892,0.007756,-0.020448,-1.039793,0.598675
0.002728,-0.011986,-0.004783,0.397826,-0.457308,0.631601
0.003936,0.000441,-0.005800,0.028348,-0.061144,0.467676
-0.013077,-0.019500,0.006519,0.503373,-0.255720,0.302931
-0.001880,-0.012695,-0.012877,0.660559,-0.462245,0.187697
-0.017045,-0.013595,0.012033,0.363180,-0.599727,0.305110
0.007271,-0.009646,0.011291,0.485333,0.433985,0.362527
-0.009125,-0.018128,0.008971,0.736258,-0.477554,-0.032206
0.004071,-0.011215,0.014446,0.506127,0.138665,0.219596
0.003342,-0.014629,-0.005068,0.478459,0.694509,0.388041
-0.008406,-0.024755,0.012046,0.537681,-1.618408,0.295595
-0.002645,-0.014274,-0.004944,0.859265,-0.159666,0.038350
-0.012214,-0.017071,0.020948,0.475859,-0.586495,0.203476
-0.003942,-0.018325,0.004382,0.503330,-0.169333,0.181901
-0.001536,-0.010916,0.002580,0.436536,-0.028477,0.566406
-0.001441,-0.026380,-0.008328,0.705584,0.271843,0.365314
0.005581,-0.008612,-0.011436,0.802846,0.240929,0.136928
-0.011511,-0.018847,0.014127,0.689999,-0.118278,0.058133
0.006598,-0.013037,0.002018,0.872933,0.042719,0.449367
-0.010316,-0.018666,0.008593,0.668890,-0.364605,0.286322
0.008564,-0.019152,0.006328,0.737204,0.308964,0.311951
-0.010260,-0.019372,0.017275,0.665903,-2.221789,0.032753
0.001478,-0.023245,0.008459,0.796219,0.112586,0.048283
-0.001290,-0.019073,-0.005810,0.905704,-0.554642,0.319845
-0.017081,-0.023350,0.017082,0.422746,-1.651311,-0.200159
0.011492,-0.010119,-0.009191,0.552248,-0.494239,0.275697
-0.009381,-0.024056,0.016159,0.455830,-0.282364,0.126628
0.005361,-0.010631,-0.002840,0.526616,-0.521069,0.276668
-0.004424,-0.012186,0.010162,0.539453,-0.211476,0.725023
0.008873,-0.019506,0.002311,0.441400,0.321116,-0.114510
0.011443,-0.003409,-0.012122,0.586258,0.488897,0.732415
0.007642,-0.022323,0.004267,0.768262,-0.157743,0.389354
0.001031,-0.009823,0.005918,0.610370,-1.067638,0.001347
-0.005005,-0.024072,0.010871,0.689346,-0.575798,0.101173
0.012513,-0.007690,0.004451,0.679784,-0.310314,0.412407
0.006749,-0.020612,0.013632,0.519480,-0.397640,-0.055157
0.000716,-0.016388,0.008249,0.538196,-1.150096,0.438381
0.005791,-0.006767,0.013960,0.194886,-1.956703,0.537615
0.006388,-0.017323,0.005721,0.451432,-0.858035,0.253957
0.001760,-0.009088,0.001851,0.404269,-0.716565,0.574149
-0.009020,-0.018210,0.018936,0.389820,-0.846093,0.386167
0.014430,-0.007772,0.015467,0.046293,-0.251542,0.445136
0.001254,-0.010552,-0.007051,0.462398,-0.756410,0.557753
0.009089,-0.023160,-0.004261,0.555462,0.042049,0.307743
0.016724,-0.007292,-0.029526,0.984476,0.772165,0.230583
-0.005347,-0.015633,0.014744,0.589386,-0.410579,0.715842
0.013107,-0.008008,0.014820,0.536237,-0.113709,-0.057192
0.001107,-0.016066,0.000607,0.757906,-0.227912,0.133340
0.006710,-0.026202,0.002117,0.825570,0.139948,0.295825
0.007238,-0.021453,-0.000778,0.735175,-0.336360,0.229447
-0.002950,-0.019263,0.020620,0.597631,-0.755596,0.233146
0.009854,-0.008005,0.012873,0.490581,-0.709974,0.079735
0.002672,-0.015443,0.008258,0.556870,-1.242087,0.356586
0.012598,-0.023048,-0.003470,0.801494,-0.102582,0.169973
0.002009,-0.009659,-0.004261,0.615097,0.153222,0.147346
-0.005760,-0.010828,0.017082,0.462418,-0.168634,0.482923
0.007350,-0.011625,0.011062,0.487647,-0.515240,0.028516
-0.004812,-0.019250,0.018815,0.388996,-0.673992,0.007265
0.009592,-0.019047,-0.000207,0.456230,0.021019,-0.094339
0.001441,-0.010575,0.000410,0.842541,0.134850,-0.075009
0.004333,-0.024748,-0.000325,1.074002,0.070446,-0.034363
0.007471,-0.004686,-0.004189,0.811623,0.243657,0.331311
-0.010697,-0.015925,0.011856,0.809890,-0.529696,-0.255074
0.000834,-0.013943,0.001083,0.866808,0.302626,-0.234119
-0.009732,-0.017753,0.014620,0.660149,-0.120333,-0.317207
0.010567,-0.018502,-0.002991,0.851978,0.538475,0.207711
0.013915,-0.008842,0.002196,0.770179,0.134824,0.003402
-0.000531,-0.033739,0.011692,0.968012,0.025401,-0.197707
-0.000492,-0.017852,-0.000145,0.608614,-1.522856,-0.345124
-0.004267,-0.026294,0.002078,0.604288,0.134847,0.129910
0.003946,-0.013161,-0.015208,0.605745,-0.073394,0.237367
-0.001401,-0.021706,0.006817,0.430000,-0.582911,0.045952
0.007068,-0.019116,0.003026,0.227957,0.085026,-0.115347
0.006483,-0.013870,0.001602,0.582775,0.139488,0.089556
0.002095,-0.031382,-0.009303,0.913632,0.179774,-0.102719
0.009992,-0.013417,-0.015205,0.730022,0.228735,0.143365
-0.010346,-0.030926,0.004224,0.804779,0.308777,-0.359744
0.014922,-0.019736,-0.019777,0.219606,0.778599,-0.058475
-0.001785,-0.020740,-0.008292,-0.033959,-0.220470,-0.155025
0.008000,-0.029711,-0.009306,0.189693,0.219186,-0.021397
0.007455,-0.015525,-0.012654,0.096918,-0.024335,0.459661
0.002662,-0.026695,-0.008613,0.147140,-0.340759,0.267957
0.010048,-0.017186,-0.035316,0.484853,0.032021,0.026829
-0.006640,-0.031175,0.003243,0.205561,-0.377286,-0.274939
0.011492,-0.017602,-0.000532,0.265869,0.649389,0.035383
0.005305,-0.030004,-0.008046,0.718967,0.282081,-0.600239
0.012316,-0.035370,-0.019183,0.075281,0.769027,0.061531
0.004195,-0.023163,-0.021993,0.178310,0.392216,-0.147777
-0.003906,-0.031402,-0.019180,0.259209,0.671302,0.186788
0.004192,-0.022086,-0.017171,0.205318,-0.072295,-0.197526
-0.009240,-0.023399,0.001178,0.159176,-0.119489,-0.223228
0.003660,-0.021065,-0.011443,-0.159890,-0.169008,0.095084
0.004163,-0.023219,-0.003306,0.175753,-0.520177,-0.074704
0.003828,-0.021272,-0.016081,0.342441,0.481893,0.113196
0.007330,-0.012088,-0.013297,0.286512,1.277447,-0.066567
0.005955,-0.027726,-0.014003,0.471838,0.705873,0.008585
0.006680,-0.013345,-0.020171,0.263535,0.369036,-0.649590
-0.007296,-0.022034,-0.014492,0.297718,0.296602,-0.068287
0.000250,-0.016841,-0.044996,0.301500,0.821087,-0.162391
-0.010444,-0.023829,-0.011170,-0.177086,0.720467,-0.062336
0.008397,-0.020530,-0.032503,-0.072633,0.523977,0.054687
-0.015939,-0.019116,-0.001845,-0.301199,-1.490354,0.019804
0.004596,-0.022523,-0.015060,-0.300306,0.212086,0.170662
-0.004572,-0.008149,-0.018139,-0.327458,0.037523,-0.178232
0.006903,-0.016106,-0.019537,-0.115222,0.478026,0.266171
0.003552,-0.007808,-0.023148,0.259855,0.394984,-0.186527
-0.008101,-0.027433,0.000006,0.311012,0.089956,-0.201852
0.006434,-0.019812,-0.036636,0.597667,0.447608,-0.043110
-0.021841,-0.022710,-0.013888,-0.020255,-0.150006,-0.233735
-0.000968,-0.026445,-0.020663,0.231790,0.270671,-0.420755
-0.001539,-0.017189,-0.023030,-0.239443,0.756564,-0.239532
0.010104,-0.022982,-0.033310,-0.132504,1.856305,0.146352
-0.002232,-0.010384,-0.036265,-0.814234,0.981335,0.080647
-0.004625,-0.028874,-0.023732,0.051276,0.427060,0.523504
-0.004103,-0.019818,-0.010136,0.861372,0.285682,-0.200723
-0.016175,-0.024643,-0.012280,-0.367658,0.131506,-0.047946
0.004176,-0.012269,-0.025626,-0.495358,-0.063389,0.168633
-0.013760,-0.014678,-0.007579,-0.200146,-0.250964,-0.193292
0.010816,-0.017790,-0.018559,-0.301711,0.630896,0.117824
0.011587,-0.013319,-0.018221,0.274498,0.986055,0.206601
0.001084,-0.029193,-0.035106,0.355177,0.469341,-0.068500
0.006240,-0.015620,-0.028840,0.201369,0.816967,0.193100
-0.005068,-0.026061,-0.023759,-0.476005,0.739233,-0.119572
0.011417,-0.010371,-0.035395,-0.336042,1.364340,0.644127
0.003129,-0.014146,-0.034275,-0.089350,1.018893,0.345048
0.008564,-0.021328,-0.026453,0.058931,0.303285,0.132527
0.006956,-0.018912,-0.028285,0.078054,1.092846,0.092707
-0.010618,-0.019720,-0.023745,-0.341484,0.123158,0.114808
0.005610,-0.015233,-0.036435,-0.347255,0.126007,0.539890
-0.008058,-0.020649,-0.016521,-0.291299,0.108942,0.047285
0.007987,-0.015728,-0.021927,-0.277253,0.639158,0.167051
0.004294,-0.020924,-0.019610,-0.418405,0.143099,0.296987
0.003667,-0.024450,-0.028557,-0.345863,0.486403,0.091453
0.009641,-0.018348,-0.023627,-0.305226,-0.092685,0.069126
0.003562,-0.027982,-0.017893,-0.182952,-0.006114,0.166017
0.009821,-0.013552,-0.037016,-0.076529,-0.083445,0.160151
0.000394,-0.018715,-0.024166,0.141139,1.508091,-0.194076
0.008246,-0.008632,-0.029316,0.051565,-0.004735,0.462060
-0.010996,-0.020189,-0.006303,0.042157,-0.325023,0.157568
0.015756,-0.014287,-0.031840,-0.355408,0.859406,0.162590
0.006066,-0.014645,-0.032391,-0.039473,1.472716,0.291853
0.005023,-0.021193,-0.035460,0.021577,1.560988,-0.123468
0.003900,-0.008031,-0.019518,0.077401,0.583645,-0.289543
-0.009417,-0.024889,-0.014715,-0.137743,0.141441,-0.311404
-0.006515,-0.014107,-0.014328,-0.323618,0.241891,-0.448715
-0.012007,-0.016930,-0.024527,-0.318031,0.482493,-0.344642
0.029352,-0.019313,-0.048032,0.951767,5.410122,0.298939
-0.005422,-0.024880,-0.005840,-0.182985,-0.432700,0.081061
0.002571,-0.016385,-0.015457,-0.220224,-0.069967,-0.010457
-0.000423,-0.018462,-0.019331,-0.196302,-0.344054,0.049195
0.006473,-0.014806,-0.016455,0.033725,1.336787,0.289191
-0.000745,-0.011438,-0.026424,-0.207456,0.148617,-0.053877
-0.005462,-0.018725,-0.021602,0.205629,1.452257,-0.033099
0.010471,-0.005270,-0.035286,0.108702,-0.219518,0.506623
-0.003591,-0.011451,-0.018162,-0.287048,0.019840,-0.291033
0.005420,-0.013673,-0.025702,-0.245112,0.720145,0.654024
0.000329,-0.016700,-0.034124,-0.131851,0.180821,0.208459
-0.008110,-0.031159,-0.030849,-0.436534,0.072008,0.436103
0.003539,-0.018860,-0.052992,-0.039434,0.462960,0.181064
-0.010329,-0.019277,-0.009871,-0.113253,-0.327501,0.331416
-0.001674,-0.021082,-0.018690,-0.285601,0.050462,0.338247
0.013373,-0.014691,-0.018280,-0.080458,0.291790,0.726930
0.006854,-0.030361,-0.023460,0.245577,0.787084,0.804514
0.008151,-0.010233,-0.012444,-0.151493,-1.142566,0.847084
-0.006115,-0.024118,-0.008791,-0.065362,0.203900,-0.157904
0.012703,-0.022634,-0.030629,0.489117,0.450673,0.651198
-0.011964,-0.018157,0.001638,-0.258934,-1.256697,0.548296
0.001583,-0.022342,-0.021375,0.068013,-0.265505,0.617149
-0.009355,-0.016230,-0.002222,0.086231,0.022890,0.357698
0.007911,-0.012239,-0.010031,0.024094,0.056325,0.213468
-0.000699,-0.012232,-0.005446,0.021957,-0.489778,0.448395
0.009355,-0.022920,-0.026943,0.274528,0.346804,0.873760
-0.003384,-0.010877,-0.018352,0.021265,-0.430688,0.310231
0.003138,-0.028412,-0.002754,0.167169,-0.307376,0.098589
0.007284,-0.004981,-0.013104,0.483442,0.051867,0.563809
-0.012696,-0.027850,-0.004947,0.266460,-0.474764,0.019676
0.010622,-0.003721,-0.007881,0.057211,-0.376856,0.291797
0.000296,-0.017333,0.011813,-0.241875,-0.441569,0.798116
0.011102,-0.010112,-0.017131,-0.131296,0.637264,0.394140
0.002820,-0.005864,-0.000007,-0.281996,-0.959101,0.458289
0.009181,-0.016214,-0.017361,0.110288,0.087790,0.553601
0.009703,-0.002907,-0.010475,0.130829,0.372696,0.629954
0.002354,-0.015846,-0.022495,0.361677,-0.311256,0.697339
0.008151,-0.003104,-0.033077,0.314928,0.311807,0.244129
-0.007523,-0.021535,-0.017332,-0.013181,-0.054911,0.143250
0.008269,-0.016135,-0.045032,0.290346,0.446285,0.341411
-0.007703,-0.015961,-0.010373,-0.275586,-0.219400,0.233425
0.009441,-0.013874,-0.009546,-0.091832,-0.119082,0.184655
0.002571,-0.008707,-0.009040,-0.013559,-0.028691,0.609238
0.011889,-0.017724,-0.008968,0.059866,0.371511,0.402011
0.001372,-0.010821,-0.011292,0.237482,-0.286017,0.231236
0.014138,-0.014871,-0.011315,0.311196,-0.027624,0.317663
0.004655,-0.013995,-0.009989,0.279642,0.360387,0.395056
0.009214,-0.015922,0.000564,0.398460,0.367559,0.715609
0.015001,-0.000977,-0.009739,0.519969,0.455613,0.304155
0.005567,-0.012436,0.002465,0.335414,-0.409814,0.688516
0.007159,-0.005293,-0.008292,0.426803,-0.894634,0.335355
0.001579,-0.021282,0.000515,0.328248,0.428888,0.268711
0.003119,-0.008205,-0.006815,0.408553,-1.307594,0.293514
-0.019826,-0.014491,0.025928,0.014441,-3.075581,0.338036
-0.000124,-0.007614,-0.004697,0.094470,-1.439798,0.846007
0.000348,-0.009387,0.000998,0.468339,-0.210616,0.760473
0.005761,-0.019680,0.008137,0.078642,0.055573,0.295014
0.009503,-0.013631,-0.001001,0.263653,0.051332,0.454127
-0.000370,-0.025329,-0.007254,0.697887,-1.682170,0.283821
0.006992,-0.020038,-0.007747,0.764931,0.114145,0.269490
-0.004014,-0.028375,0.001648,0.983794,0.145617,-0.034819
-0.004631,-0.024456,0.003000,0.779193,-0.448715,-0.154182
-0.019136,-0.029232,0.009824,0.814722,0.021488,-0.153880
-0.009909,-0.019539,0.012187,0.657276,-2.635153,-0.000708
-0.015375,-0.028766,0.018582,0.365336,-0.751890,-0.482449
-0.003728,-0.021148,-0.004596,-0.016966,-0.921947,-0.020360
-0.009817,-0.022680,-0.001379,0.053925,0.116731,-0.463341
-0.009125,-0.032886,-0.001852,0.295332,0.072061,-0.334049
-0.004605,-0.013581,-0.008174,0.215237,-0.087564,0.176265
-0.005448,-0.030614,-0.016327,0.235979,-0.078623,0.239334
-0.001053,-0.019936,-0.027619,0.097785,0.276770,-0.235593
-0.002205,-0.024827,-0.020335,0.120742,-0.028704,0.523081
0.000027,-0.017379,-0.012608,0.208370,-0.091858,-0.178921
-0.002468,-0.034018,-0.021953,0.465500,0.461325,0.298083
0.001885,-0.011661,-0.016842,-0.096040,0.417915,-0.203123
-0.003321,-0.035518,-0.012004,0.319651,0.206220,-0.263825
0.007284,-0.010017,-0.043923,-0.115380,0.929387,-0.074914
0.001517,-0.021157,-0.040062,0.313169,1.570851,0.449892
-0.003525,-0.022828,-0.025377,0.080710,0.100463,0.077447
-0.011107,-0.025799,-0.031997,-0.013027,0.034838,0.056121
-0.000141,-0.017612,-0.039646,0.138723,0.219813,0.236422
-0.014974,-0.025408,-0.008928,-0.205079,0.017195,0.263607
0.002764,-0.019598,-0.012628,-0.121866,-0.045260,0.309742
-0.005964,-0.019940,0.006161,-0.289175,-1.099655,0.676170
0.006769,-0.015932,-0.012024,0.130816,0.524052,0.054014
0.000867,-0.007023,-0.004970,0.088309,0.368983,1.057166
0.017621,-0.008963,-0.011925,0.042745,-0.143540,0.788778
0.006365,-0.009045,-0.007977,0.102823,-0.375641,0.927855
0.013163,-0.012515,-0.017125,-0.144682,-0.575141,0.975024
0.009004,-0.005169,-0.009112,0.069618,-0.683222,0.773006
0.017765,-0.017593,-0.023489,0.411983,0.139505,1.042543
0.001835,-0.013046,-0.018060,0.026740,-0.948778,0.529258
0.010045,-0.023114,-0.028065,-0.008635,-0.267685,0.916133
0.009510,-0.004177,-0.014164,0.285501,-0.245345,0.622401
0.012454,-0.022300,-0.015697,0.421578,-0.099742,0.851181
0.012188,-0.009278,-0.008495,0.127123,-0.222597,0.420688
0.005285,-0.022959,-0.014712,0.461239,-0.224879,0.750262
0.006345,-0.011126,-0.023686,0.467394,-0.082339,0.353976
0.004396,-0.025451,-0.000217,0.296579,0.052287,0.333369
0.008732,-0.004108,-0.011919,0.274456,0.103198,0.583661
-0.001972,-0.025146,-0.015506,0.530013,-0.032108,0.484424
0.006946,-0.008819,-0.018910,0.506846,-0.165283,0.483669
-0.008744,-0.015909,0.001575,0.556230,-0.281560,0.314958
0.006175,-0.015157,-0.017975,0.779636,-0.571468,0.556076
-0.009919,-0.022890,0.023495,0.309804,-2.031080,0.487470
0.013432,-0.011261,-0.014604,0.690239,-0.322124,0.684876
0.000588,-0.025191,0.005770,0.317531,-0.087591,0.915753
0.008226,-0.008740,-0.004694,0.525677,-0.633381,0.708460
0.000929,-0.019034,0.006102,0.266647,-1.118033,0.752510
0.001891,-0.000905,-0.009079,0.337321,-1.455002,0.819071
-0.007172,-0.019447,0.000436,0.397547,-0.430688,0.091890
0.006381,-0.005556,-0.017417,0.715523,-0.036053,0.912211
-0.004933,-0.022096,-0.001238,0.633508,-0.331292,0.166240
0.001845,-0.012370,-0.025150,0.872716,-0.499592,0.168009
-0.009817,-0.033969,0.008567,0.677414,-0.046675,0.031047
0.000302,-0.017041,-0.017276,1.200129,0.123585,0.181441
-0.014091,-0.017704,0.010372,0.614021,-0.282952,-0.013162
0.003129,-0.008845,-0.014466,1.288030,0.145118,0.381558
-0.015831,-0.031605,0.004736,0.615573,0.024603,-0.359009
0.003155,-0.017927,-0.007566,0.594995,-0.047597,-0.024272
-0.014455,-0.027568,0.018674,0.380872,-0.703337,-0.241485
0.001199,-0.021555,-0.014775,0.563494,0.184953,0.018875
-0.009535,-0.024988,0.012660,0.467128,-0.318113,0.003238
0.005193,-0.012042,-0.018136,0.418752,-0.102943,-0.043320
-0.011029,-0.029679,0.012059,0.318201,-0.494157,-0.307320
0.005453,-0.009078,-0.023585,0.518895,-0.056434,0.409521
-0.015187,-0.019677,0.003817,0.178467,-0.014146,-0.306796
0.001218,-0.012442,-0.014624,0.515094,0.176560,-0.101069
-0.008094,-0.028654,-0.007609,0.340804,0.282281,-0.253925
0.000092,-0.018417,-0.024891,0.428986,0.558669,-0.295343
-0.018450,-0.036673,-0.007350,0.696459,0.115408,-0.817697
0.006385,-0.015173,-0.028101,0.349965,0.970631,-0.217730
-0.004516,-0.019838,-0.034348,0.123132,0.842170,0.040152
0.005938,-0.010772,-0.031666,0.097352,1.099628,0.212129
-0.014794,-0.017360,-0.012927,-0.671907,-0.108749,0.309361
0.006920,-0.012800,-0.030383,-0.463807,0.122620,0.313894
-0.001224,-0.014474,-0.020368,-0.195635,-0.533950,0.114693
0.006628,-0.013158,-0.011942,-0.325850,-0.063337,0.212802
0.004428,-0.004571,-0.020942,-0.603688,-0.351617,0.334275
0.010360,-0.013631,-0.015136,-0.194641,0.151115,0.358972
0.010245,-0.004154,-0.015621,-0.075597,-0.294020,0.430591
0.013682,-0.016414,-0.035329,0.028887,0.757906,0.307438
0.014535,-0.001837,-0.033166,-0.255034,1.268759,0.523895
0.015641,-0.021318,-0.027359,0.027157,-0.047348,0.560941
0.005764,-0.002579,-0.018989,-0.145844,-0.152068,0.317380
0.008384,-0.016135,-0.028108,0.066871,0.376897,0.603839
0.008810,-0.004112,-0.025160,-0.157559,-0.131615,0.660530
0.002200,-0.015347,-0.030294,0.146700,0.287999,0.881497
0.017896,-0.007401,-0.025055,-0.197467,0.018596,0.260355
0.006490,-0.017458,-0.015539,-0.287777,-0.167741,0.866326
0.008863,-0.002996,-0.007714,-0.326313,0.277666,0.710600
0.017332,-0.015761,-0.011847,0.044678,1.143980,0.749582
0.006496,0.002624,0.005189,-0.098689,-1.672788,0.252782
0.017886,-0.009544,-0.004084,0.027741,-0.310005,0.600399
0.014318,-0.001581,-0.007103,-0.045228,-0.695334,0.841950
0.016577,-0.005894,-0.011101,0.059604,-0.004476,0.923653
0.005229,-0.009298,-0.010717,-0.066970,-0.524309,0.259852
0.006336,-0.010010,-0.020621,0.278713,-0.013004,0.577074
0.016790,-0.001804,-0.019912,0.123752,0.310855,0.978463
0.004566,-0.012091,-0.021277,0.131978,-0.333600,0.669461
0.014830,-0.005316,-0.031846,0.449685,2.134518,0.610719
0.004547,-0.018321,-0.020588,0.677697,-0.168417,0.817325
0.009582,-0.009377,-0.004523,0.378217,0.259760,0.529124
0.001839,-0.028408,-0.000059,0.635264,-0.325101,0.145870
-0.002589,-0.017346,0.001795,0.530653,-1.228612,-0.086074
-0.007579,-0.018830,0.006217,0.527131,-0.295146,0.208912
-0.001733,-0.008901,-0.002154,0.436309,-1.584599,-0.100583
-0.016152,-0.015321,0.011754,0.252549,-1.320415,0.397750
0.006322,-0.003281,-0.010415,0.361522,-0.229454,0.387112
-0.007658,-0.015938,0.004480,0.116094,-0.492328,0.192605
0.006825,-0.012413,-0.021389,0.206036,-0.205627,0.606172
-0.002878,-0.009432,-0.008049,0.506022,-0.135153,0.198119
-0.002163,-0.009147,-0.002091,0.540451,-0.054169,0.158349
-0.001805,-0.005402,-0.002872,0.701658,-0.158744,0.222117
-0.005908,-0.025047,-0.005610,0.790652,-0.209737,0.253914
-0.005278,-0.007312,0.002576,0.540123,-0.928745,0.323997
0.006857,-0.019647,0.001648,0.708128,-0.395030,0.469748
-0.002330,-0.017885,0.012512,0.593282,-1.445522,0.180762
-0.019284,-0.034556,0.016917,0.495918,-1.879989,-0.039355
0.000965,-0.010296,-0.012598,0.922839,0.012652,0.192011
-0.018033,-0.016362,0.015946,0.556302,-0.833469,0.683759
-0.004129,-0.015098,-0.000663,0.468142,-0.349007,0.038727
-0.014219,-0.015640,0.000180,0.488983,-0.358622,-0.434276
0.006936,-0.007601,0.000170,0.349916,-0.069534,0.687068
-0.009643,0.004547,0.006906,0.603796,-1.327249,0.700004
-0.001316,-0.020773,-0.001271,0.716751,0.154919,-0.033690
-0.002603,-0.024647,-0.005272,0.842406,0.606799,-0.448472
0.012405,-0.006780,-0.005889,0.416956,0.411688,0.374478
-0.006532,-0.024768,-0.004264,0.619817,0.628890,-0.430215
0.002623,-0.027765,-0.001166,0.646838,0.179426,0.049599
-0.006000,-0.015049,0.005094,0.450864,-0.273984,-0.123970
0.006959,-0.017836,0.002301,0.802580,-0.270439,0.252723
0.008807,-0.004414,0.002701,0.483439,-0.017767,0.619854
0.010583,-0.005159,-0.007186,0.298706,0.116367,1.087240
0.002075,-0.012272,-0.005226,0.718300,-0.334016,0.366344
0.008236,-0.022999,-0.006332,0.781264,-0.005855,0.708759
-0.002133,-0.011733,0.005442,0.593600,-0.428416,0.521147
-0.007205,-0.031175,0.002442,0.477881,-0.233984,-0.100218
-0.005846,-0.020094,0.000341,0.477350,-0.612718,0.244970
0.006424,-0.028372,-0.007540,0.894088,0.389046,0.396366
-0.001450,-0.016260,-0.003611,1.036024,0.020178,-0.179525
0.007862,-0.015242,-0.015175,0.689674,0.556532,0.454324
0.006516,-0.010571,-0.019659,0.305212,0.629698,0.267500
0.006992,-0.018948,-0.017594,0.464670,0.307976,0.336606
0.006454,-0.013132,-0.012346,0.269069,0.272663,0.427542
-0.003321,-0.024860,-0.008498,0.337679,0.215520,0.175428
-0.002937,-0.027164,-0.019436,0.443186,0.758248,-0.015364
-0.000052,-0.019969,-0.013872,0.123312,0.047272,0.588927
-0.009847,-0.021725,-0.015608,0.164254,-0.404353,0.211459
0.000969,-0.019001,-0.009720,0.131995,0.251318,0.031079
-0.002104,-0.023347,-0.007435,0.393756,-0.020074,0.021678
0.004445,-0.013713,-0.013258,0.293783,0.965757,0.386689
-0.002747,-0.022011,-0.016051,0.364151,0.240276,-0.286635
0.001274,-0.017278,-0.004376,0.210826,0.574008,0.393441
-0.005905,-0.011635,-0.007927,-0.200287,0.111824,0.641005
-0.001122,-0.015036,-0.020558,0.314406,0.270448,0.455367
-0.021687,-0.023714,-0.001070,-0.214250,-0.609006,0.217124
-0.015503,-0.032117,-0.015914,-0.122664,-0.165247,-0.594701
-0.020879,-0.023353,-0.009158,-0.255986,-0.135541,0.073058
-0.012483,-0.023186,-0.021645,-0.224708,-0.182785,0.073981
-0.027001,-0.024548,-0.002961,-0.156387,-0.817175,0.026168
-0.005002,-0.016283,-0.023837,-0.198577,0.353349,0.202468
-0.003502,-0.008746,-0.003250,-0.464585,0.529019,0.551569
0.007767,-0.006055,-0.030520,0.194663,1.508262,0.348150
-0.018381,-0.010503,-0.005104,-0.356022,-0.469213,0.416985
0.006982,0.006986,-0.037066,-0.168063,1.109439,0.665876
-0.017341,-0.016217,-0.015927,-0.169304,-0.298560,0.262100
-0.001322,-0.009337,-0.032710,-0.107706,0.125512,0.549038
-0.012516,-0.015147,-0.005968,-0.324084,-0.098784,0.159997
-0.001247,-0.001217,-0.018618,-0.226510,-0.168102,0.696118
-0.005025,-0.000343,-0.001034,0.007022,-0.704771,0.832053
0.002692,-0.006216,-0.018723,-0.133128,0.179157,0.748686
-0.012611,-0.014921,-0.004025,0.121451,-0.115452,0.419756
-0.000810,-0.009554,-0.006933,0.180607,-0.687716,0.569898
0.004783,-0.008835,-0.001143,0.265626,-0.074753,0.972437
-0.003594,-0.013083,-0.015897,0.018176,-0.581131,0.841760
0.006464,-0.000609,-0.014384,-0.080323,-0.446538,0.645358
-0.002635,-0.013598,-0.016596,0.320285,-0.171372,0.541843
0.002272,0.000359,-0.037719,0.440895,0.043132,0.351038
-0.008639,-0.016828,-0.003637,0.509048,-0.341582,0.721015
0.012287,0.007114,-0.001648,0.282806,-0.239000,1.444228
-0.014147,-0.026567,0.010202,0.270750,-0.116817,-0.079660
-0.002977,-0.029098,0.019714,0.273284,0.224225,-0.142155
0.009195,0.013732,0.013425,0.239160,-1.673209,1.334575
0.020910,-0.000399,0.007014,0.395975,0.279882,1.523027
-0.000925,-0.008625,0.005117,0.399825,0.199419,-0.027719
-0.002622,-0.010916,0.000151,0.121547,-1.596514,1.338905
0.007622,0.004416,-0.005193,0.209943,-1.736678,1.376905
0.002360,-0.003071,-0.010317,0.350234,-0.617032,1.352504
-0.005898,-0.010962,-0.028426,0.705193,-0.084459,0.488733
-0.011127,-0.027273,0.002829,0.213550,-0.454393,0.559913
-0.002504,-0.014589,-0.009857,0.403265,-0.493014,0.457304
-0.015975,-0.022867,0.004122,0.569596,-0.220644,0.337337
-0.003948,-0.019247,-0.016652,0.577533,0.303843,0.432311
-0.006656,0.002893,0.011232,0.560208,-1.198177,1.185483
0.006460,-0.006416,-0.003542,0.435778,0.042532,0.875720
-0.012752,-0.016657,0.008334,0.581012,-0.493110,0.085807
-0.008688,-0.017363,0.012230,0.336382,-1.235184,0.407296
0.001136,-0.010292,-0.003299,0.591148,0.599292,0.449961
0.007632,-0.007696,-0.010543,0.717312,-0.030053,0.742719
-0.004428,-0.017576,0.003161,0.526891,-0.259590,0.113347
0.000007,-0.022438,0.009916,0.618468,-1.884673,0.925009
0.008223,0.000894,-0.000893,0.597260,-0.786530,1.134944
-0.013087,-0.034773,-0.001625,0.870093,-0.074408,0.005151
-0.005783,-0.020110,-0.008236,0.685453,-0.117438,0.109996
-0.012424,-0.013142,-0.006385,0.688384,-0.466125,0.494244
-0.003843,-0.009032,-0.023312,0.835867,-0.515417,0.265107
-0.020695,-0.026127,0.010920,0.699567,-0.041774,-0.249573
0.008975,0.003888,-0.023778,1.195616,1.092452,0.648785
-0.022573,-0.029875,0.012956,0.777020,-0.159939,-0.538582
-0.004808,-0.013595,-0.022610,0.958470,0.351724,-0.509128
-0.023052,-0.028395,0.017735,0.558715,-0.241793,-0.179191
-0.007766,-0.021417,0.007228,0.678071,-0.497190,-0.621811
-0.016139,-0.015567,0.013648,0.205951,-0.734067,-0.160855
-0.009361,-0.014271,-0.000095,0.528500,-1.326580,0.024662
-0.029328,-0.034258,0.021060,0.420675,-1.003578,-0.595735
-0.000246,-0.005812,-0.010455,0.510348,-0.150052,-0.044817
-0.020390,-0.017849,0.021276,0.285928,-0.681686,-0.236286
-0.013727,-0.009025,-0.006509,0.559109,-0.598371,0.313182
-0.026768,-0.028635,0.011318,0.565634,-0.106304,-0.420434
-0.008744,-0.019621,-0.011003,0.735730,-0.083845,-0.173036
-0.023141,-0.028536,0.011052,0.684376,-0.282377,-0.416596
-0.014912,-0.026442,-0.016028,0.684297,0.138267,-0.370688
-0.031367,-0.029193,0.005166,0.521226,-0.523686,-0.746761
-0.008252,-0.013509,-0.006690,0.579049,-0.349746,-0.313114
-0.012716,-0.013608,0.008209,0.547440,-0.758308,-0.081922
0.005666,-0.011527,0.001592,0.650288,0.405149,0.014926
-0.012729,-0.024903,0.005623,0.903650,0.213028,-0.561628
-0.003728,-0.031589,-0.007960,0.673144,-0.230472,-0.215458
-0.011130,-0.020314,0.010448,0.765715,-0.385981,0.360446
0.003240,-0.009889,0.008065,0.382015,0.264832,0.186421
-0.005764,-0.012935,0.008810,0.570203,-0.585566,0.177975
0.004287,-0.006035,0.001539,0.268554,-0.202095,0.345284
-0.014941,-0.010102,0.000315,0.347592,-1.065636,0.483294
-0.001621,-0.023783,-0.014784,0.291672,-0.029862,-0.000491
-0.009286,-0.021463,0.001218,0.600277,-0.083553,-0.225749
0.000460,-0.015269,0.007668,0.346761,-0.165916,0.429820
-0.008265,-0.017547,-0.012759,0.819110,0.118159,-0.133086
0.006473,-0.008139,-0.024812,-0.051244,1.042261,0.260102
-0.008918,-0.013949,-0.011039,0.029546,-0.122496,0.188121
0.002761,-0.013490,-0.010169,-0.345981,0.306525,0.322491
-0.002150,-0.014931,-0.030254,-0.151821,0.306660,0.491947
0.002932,-0.025802,-0.013071,-0.293409,-0.007870,0.367109
0.007251,-0.006301,-0.020325,-0.096831,0.834722,0.249765
0.005295,-0.016454,-0.017850,0.047830,-0.085736,0.262275
0.004094,-0.012081,-0.023440,0.048630,0.426948,0.528388
0.006549,-0.018210,-0.036606,0.136948,1.477377,0.835123
-0.000049,-0.009045,-0.035309,0.026838,0.455590,0.167871
0.004629,-0.029938,-0.028850,0.333027,0.451494,0.627341
-0.004224,-0.008215,-0.028987,-0.258514,0.432065,0.239885
0.004537,-0.022044,-0.028617,-0.088891,0.649609,0.678061
-0.002035,-0.009738,-0.025068,-0.375674,-0.158137,0.571549
0.003769,-0.020724,-0.026204,-0.036454,0.241234,0.558626
-0.000101,-0.006245,-0.022426,-0.428154,-0.170203,0.649546
-0.001503,-0.017839,-0.028482,-0.045520,-0.163362,0.367802
0.001606,-0.002336,-0.011899,-0.175905,-0.774887,0.453500
0.003605,-0.015246,-0.023233,0.093590,-0.092577,0.651756
0.002292,-0.003632,-0.010826,0.297715,-0.262115,0.923259
-0.002383,-0.014025,-0.014699,-0.095278,-0.663599,0.635478
0.000069,-0.005031,-0.029545,0.276412,-0.090059,0.472275
-0.008616,-0.013339,-0.004819,0.008099,-0.285958,0.443491
-0.008747,-0.005841,-0.013127,0.032179,-0.501227,0.761323
-0.009391,-0.013457,0.007950,0.619125,-0.296685,0.144605
-0.007828,-0.007768,0.004493,0.274692,-0.365108,0.840611
-0.009919,-0.015679,-0.001159,0.552498,-0.298990,0.426495
0.009657,-0.005149,-0.015385,0.099410,0.171180,0.816324
0.001592,-0.003518,-0.001835,0.038924,-0.500850,0.491819
0.001691,-0.009249,-0.008361,0.051624,-0.192826,0.848646
0.002932,-0.004443,-0.006805,0.310713,-0.033473,0.581754
-0.005701,-0.011258,-0.004153,0.176449,-1.200521,0.874669
-0.005878,-0.009613,0.002091,0.336001,-1.324748,0.396142
-0.005337,-0.006153,-0.004924,0.129395,-1.109062,0.937164
-0.005206,-0.000970,-0.008482,0.057221,-0.939039,0.268137
0.005594,-0.003918,-0.025725,-0.056053,-0.006025,0.833865
-0.002701,-0.000196,-0.019304,0.022880,0.043123,0.785656
-0.010743,-0.011254,-0.005443,0.036883,-0.261425,0.725164
0.006647,0.001623,-0.021851,0.616660,0.465930,0.655622
-0.005698,-0.015072,-0.010146,0.580402,0.376018,0.595317
0.005009,-0.002999,-0.026007,0.657552,-0.374440,0.734073
-0.021417,-0.022247,0.012539,0.440846,-0.880864,0.451924
-0.001296,-0.005970,-0.005771,0.490128,-0.786179,0.510220
-0.010526,-0.007637,0.008698,0.294738,-0.782864,0.708144
0.010110,-0.006862,-0.003119,0.341076,-0.366572,0.442858
-0.008603,-0.010250,0.013264,0.268823,-0.937942,0.511451
-0.003614,-0.018062,0.013622,0.115123,-1.751872,0.231843
0.003201,-0.003813,0.001382,0.461344,-0.592187,0.454904
0.009080,-0.013401,-0.001566,0.554438,-0.089934,0.600494
0.001717,0.003077,0.000758,0.442956,-0.239863,0.620372
0.006618,-0.013010,-0.003910,0.689346,0.044193,0.890872
0.005026,-0.012974,0.005777,0.964545,0.275887,0.264169
0.004560,-0.016618,-0.004737,0.817433,0.128666,0.719269
-0.000883,-0.013578,-0.005029,0.736068,-0.454190,0.252644
-0.006791,-0.016450,-0.009854,0.639223,-1.237816,0.381201
0.025774,-0.001699,-0.016078,1.271342,3.712071,0.612478
-0.003203,-0.021495,-0.007550,0.687363,0.287205,0.737719
0.005321,-0.014038,-0.005817,0.596995,-0.076667,0.329666
-0.013559,-0.017616,0.006794,0.461010,-1.427649,0.562801
-0.005192,-0.006206,0.002977,0.238533,-2.122591,1.002199
-0.011698,-0.021161,0.010119,0.370362,-1.845392,0.126224
0.001530,-0.004880,-0.010238,0.858631,-0.168562,0.412456
-0.000525,-0.020842,0.014905,0.640126,-0.089757,0.335312
0.000411,-0.008848,-0.023788,1.082349,-0.346513,0.275043
-0.019609,-0.018101,0.006469,0.306203,-0.659752,0.265803
-0.000039,-0.011947,-0.016655,0.177355,-0.537987,0.397560
-0.012046,-0.015351,0.012775,0.713649,-0.185949,0.169020
-0.007109,-0.013148,0.005560,1.008435,0.149316,0.310378
-0.015555,-0.016493,0.020459,0.883591,-1.267571,-0.133043
-0.005537,-0.016224,0.000147,0.690656,-0.095866,0.116153
-0.010438,-0.013069,0.002544,0.823824,0.140030,0.008082
-0.007759,-0.017071,-0.007858,0.721015,0.476122,-0.023367
-0.010858,-0.017839,0.003407,0.919963,0.384591,0.343620
-0.005061,-0.020937,-0.005157,0.559831,-0.468944,0.011893
-0.010438,-0.009692,-0.015976,0.299868,0.031066,-0.207922
-0.001739,-0.009889,-0.009647,0.147648,-0.158813,0.027774
-0.010369,-0.007233,-0.010504,-0.001151,-0.439629,-0.258846
-0.009981,-0.018430,-0.036957,-0.501907,0.101786,-0.077790
-0.011281,-0.011205,-0.017952,-0.210055,-0.363007,-0.097202
-0.007828,-0.016628,-0.019288,-0.058948,0.182518,0.113744
-0.005396,-0.012804,-0.012073,0.357872,0.101911,-0.120566
0.006798,-0.014369,-0.014643,0.496000,0.418391,0.414905
-0.005265,-0.001000,-0.037197,-0.224403,0.574083,0.194246
-0.004030,-0.021318,-0.019209,0.563694,0.716482,-0.076431
0.003450,-0.004154,-0.037092,-0.565507,1.055184,-0.026669
-0.010976,-0.008188,-0.031318,0.321890,0.457150,0.265416
-0.011662,-0.012242,-0.025236,0.644537,-0.031983,0.052730
-0.020741,-0.017570,-0.023555,-0.254516,0.119232,-0.044489
-0.004598,-0.012012,-0.033278,-0.212556,0.450509,-0.041332
-0.014308,-0.012209,-0.009953,-0.447897,-0.576044,0.051847
-0.005097,-0.004200,-0.039045,-0.015863,0.266049,-0.071602
-0.003390,-0.004332,-0.012789,-0.156161,0.225252,0.102830
0.001688,-0.008175,-0.023299,-0.180205,0.380262,0.050081
-0.004582,-0.004991,-0.020187,0.210760,-0.126954,-0.112387
0.008633,-0.011087,-0.045190,-0.155642,1.573254,0.328599
-0.000732,-0.001528,-0.027376,-0.041138,0.755136,0.273654
-0.006000,-0.016637,-0.021615,0.116042,0.133935,0.455403
0.002505,0.000471,-0.032447,-0.233482,0.137608,0.380849
0.001573,-0.017668,-0.032464,-0.053506,0.279721,-0.046429
0.001212,-0.002493,-0.050888,0.129007,0.413588,0.162751
-0.015375,-0.011901,-0.012201,-0.372480,-0.350186,0.098477
0.002019,-0.002185,-0.023000,-0.381287,-0.401638,0.309817
0.003332,-0.007906,-0.006391,-0.234092,0.136114,0.354698
0.018169,-0.007030,-0.027415,0.106346,1.121558,0.393040
0.006634,-0.006212,-0.016665,0.037011,-0.236147,0.218470
0.014112,-0.014100,-0.050648,0.022466,1.729167,0.872306
0.006336,-0.006498,-0.026552,0.260236,-0.188831,0.573292
-0.008580,-0.015075,-0.015037,-0.004584,-0.113220,0.526173
0.009723,-0.004673,-0.046112,0.270438,0.039216,0.575107
-0.006715,-0.013808,-0.008157,-0.212576,0.088181,0.463009
0.003227,-0.002497,-0.021792,0.050777,0.108023,0.376815
-0.012135,-0.009951,-0.008797,-0.210321,-0.630686,0.545752
0.000014,-0.006107,-0.001681,-0.177756,0.288810,0.633617
-0.000761,-0.001811,-0.000348,-0.004909,-1.821073,0.786969
0.005197,-0.009738,-0.012851,-0.208352,-0.649324,0.671240
-0.004437,-0.010007,-0.013225,-0.025805,-1.212686,0.342560
0.001478,-0.012442,-0.009795,0.292598,-0.595906,1.151303
-0.005015,-0.002786,-0.015296,0.267274,-0.163031,0.495157
-0.007372,-0.017061,-0.011725,0.303633,-0.000192,0.646106
-0.003298,0.002361,-0.019052,0.170905,-0.398841,0.693324
-0.010185,-0.009751,0.000627,0.010098,-0.090824,0.330785
0.001061,-0.008018,-0.030215,0.478436,-0.234903,0.214935
-0.014626,-0.013250,-0.000791,0.066329,-0.536950,0.462933
-0.002081,-0.007414,-0.021008,0.158080,-0.245476,0.543117
-0.011554,-0.014002,-0.003614,-0.088044,-0.299928,0.295329
-0.000095,-0.002838,-0.022383,-0.157546,0.040917,0.782301
-0.013484,-0.008225,-0.005610,0.118799,0.408071,0.703851
0.003358,-0.006258,-0.006102,0.024019,-0.224481,0.347805
-0.002665,-0.005894,-0.003145,-0.218416,-1.164582,0.822016
-0.002507,-0.002822,-0.025498,0.113790,-0.524152,0.727429
-0.004713,0.002151,-0.011075,-0.029600,-0.631461,0.965780
-0.002304,-0.007158,-0.022016,0.313884,-0.682007,0.665250
-0.007973,-0.003879,-0.004428,0.279986,-0.910334,0.438912
-0.005261,-0.009186,-0.018264,0.050751,-0.004469,1.241643
-0.004132,-0.000741,-0.014486,0.121675,-0.154667,0.930290
-0.002271,-0.012761,-0.023043,0.290392,-0.012282,0.712848
-0.001536,0.001560,-0.025331,0.207093,0.147987,0.910497
-0.003535,-0.011402,-0.022813,0.668693,0.255083,0.549872
-0.000416,-0.000311,-0.008620,0.418187,-0.214575,0.590167
-0.014990,-0.024962,-0.001044,0.565680,-0.774129,0.014253
-0.002583,-0.009268,-0.011390,0.819829,0.306151,-0.030772
-0.006194,-0.023275,0.008675,0.496486,0.103066,0.056902
0.000585,-0.009022,-0.015602,0.885836,0.064416,0.591142
-0.006643,-0.018771,0.012805,0.527167,-1.075135,0.194971
0.005397,-0.011303,0.013786,0.415998,-0.294663,0.697579
-0.006338,-0.009872,0.004831,0.489931,-0.250186,0.665575
0.007859,-0.015889,-0.005508,0.756107,0.152894,0.508441
0.001622,-0.008799,-0.002945,0.433024,-0.367218,0.650797
-0.007749,-0.025050,-0.007602,0.847855,-0.248755,0.450759
-0.001362,-0.012597,-0.024235,1.016021,-0.065579,0.436339
-0.016468,-0.011743,0.011564,0.461141,-0.495247,0.318319
-0.000403,-0.007476,0.002639,0.560845,-0.041745,0.152943
-0.008225,-0.007735,0.004644,0.661836,-0.546604,0.247759
-0.002777,-0.018810,0.005518,0.737214,-1.055565,0.038130
-0.003919,-0.013749,-0.000476,0.828065,0.012990,0.204369
-0.003958,-0.028001,-0.001776,0.870307,-0.211778,0.581850
0.001520,-0.014602,0.013530,0.883607,-1.279572,0.415289
-0.015844,-0.024807,0.016189,0.568769,-1.492422,0.158999
0.001070,-0.013772,-0.020893,0.679502,-0.267068,0.284152
-0.010802,-0.014110,0.008531,0.536601,-0.354512,0.435374
0.003880,-0.007056,-0.027661,1.095748,-0.165299,0.599621
-0.014009,-0.021170,0.013632,0.344289,-0.884908,0.166161
-0.007211,-0.013572,-0.008331,0.611463,-0.365692,0.146440
-0.015040,-0.015423,0.011009,0.271035,-0.506200,0.167179
-0.006591,-0.014950,0.001956,0.543547,-0.043750,0.082551
-0.014009,-0.013339,0.007681,0.974419,-0.222955,0.050091
-0.000712,-0.019270,0.001263,0.640644,-0.430235,0.059479
-0.002655,-0.008129,-0.004757,0.960813,-0.107223,0.215034
0.001248,-0.021216,-0.004500,0.776685,0.266942,0.246598
-0.000456,-0.013148,-0.006417,0.784435,0.387198,0.091627
-0.017531,-0.023468,0.017817,0.892197,-0.615591,-0.034455
-0.008790,-0.008481,-0.003358,0.208895,-0.988955,0.085078
-0.017708,-0.016411,0.006269,0.367385,-0.890656,0.161011
-0.006157,-0.015495,-0.013209,0.306578,0.196330,0.046040
-0.010021,-0.008346,0.012161,0.391891,-0.498503,0.594234
-0.010375,-0.016263,-0.005538,0.245596,-0.287576,0.133849
-0.004280,-0.013486,-0.016898,0.044905,-0.028057,0.184034
-0.007726,-0.010913,-0.022633,0.203795,0.116547,0.278385
0.006693,-0.001581,-0.025170,0.311967,1.499350,0.210967
-0.008114,-0.027801,-0.032736,0.483504,1.176893,0.061081
-0.000288,-0.009236,-0.033258,0.242695,0.705834,-0.110916
-0.014780,-0.023636,-0.025068,0.275519,0.319609,-0.104233
-0.006003,-0.010535,-0.055457,0.218802,0.621702,0.085462
-0.011199,-0.010109,-0.017945,-0.131090,0.427933,0.109884
-0.007247,-0.005041,-0.032575,-0.281429,0.127107,0.244395
-0.007868,-0.004443,-0.024041,-0.312992,0.145784,0.249680
0.001586,-0.019756,-0.040702,-0.273715,0.738225,0.255030
0.002551,-0.003908,-0.020289,-0.273196,0.171456,0.424716
-0.010720,-0.017442,-0.026444,-0.233098,-0.122700,0.188265
-0.003121,-0.009167,-0.028751,0.237554,-0.667732,0.352830
-0.015585,-0.010952,-0.012588,-0.267291,-0.721584,0.137207
-0.004257,-0.010401,-0.007642,-0.138876,-0.667680,0.496332
0.001366,-0.006377,-0.026279,0.130964,0.603556,0.535853
0.000539,-0.017035,-0.018907,0.140296,0.063283,0.380288
0.000233,-0.001866,-0.024021,-0.000951,0.178103,0.580799
-0.014734,-0.016368,-0.004970,-0.073663,-0.582550,0.467666
-0.007385,-0.007351,-0.011134,-0.194096,-0.285233,0.219304
-0.003952,-0.008116,-0.004911,-0.062375,-0.693854,0.464026
0.001615,-0.020859,-0.014141,0.481574,-0.038430,0.366630
-0.005169,-0.004118,-0.001106,0.060903,-1.483113,0.556122
0.013107,-0.014103,-0.008410,0.360984,-0.676910,0.944556
0.003119,-0.010526,-0.002725,0.410135,-0.319347,0.302156
-0.006515,-0.013821,0.001332,0.303781,-1.539062,0.980413
0.003125,-0.008251,-0.024517,0.749910,-0.703077,0.383311
-0.004260,-0.017796,0.013947,0.337537,-0.950655,0.700996
0.007498,-0.013696,0.001877,0.541961,0.111686,0.484657
-0.005530,-0.009081,0.000013,0.650045,-1.196976,0.391888
0.007993,-0.016651,0.002737,0.524032,-0.723425,0.584646
0.009152,-0.007151,-0.012135,0.743155,0.097913,0.248840
0.002272,-0.017639,-0.003063,0.711696,0.184628,0.595846
0.003004,-0.015889,-0.012631,1.140139,-0.487789,0.117788
-0.004365,-0.015919,0.008065,0.723073,0.075162,-0.171552
0.003726,-0.019185,-0.012359,0.888836,-0.007443,-0.110564
-0.012470,-0.024174,0.012916,0.437970,-1.109850,0.095986
-0.004175,-0.016424,-0.001195,0.154601,-0.825532,0.236035
-0.012003,-0.009331,0.012296,0.093685,-1.643066,0.289706
-0.004424,-0.013618,0.001040,0.174620,-0.190262,0.590065
-0.003479,-0.009216,0.001693,-0.062618,-0.331410,0.192979
0.003342,-0.011779,-0.015936,0.077664,0.145105,0.177745
-0.004231,-0.008517,-0.015293,0.158766,-0.096466,-0.039838
0.004855,-0.010782,-0.014538,-0.000209,-0.150052,0.185544
-0.007319,-0.012551,-0.008863,0.543524,-0.227206,-0.093427
-0.003617,-0.021600,-0.002492,0.058816,-0.064712,-0.211280
-0.007543,-0.003196,-0.008210,0.198168,0.379753,-0.049137
0.004107,-0.008530,-0.031479,-0.014465,0.825049,0.287733
0.008850,-0.003012,-0.025508,0.213714,1.162020,0.089195
-0.001191,-0.017435,-0.025672,0.371724,0.434967,0.027071
-0.000508,-0.002677,-0.044376,0.229516,0.353759,-0.008484
-0.015138,-0.023340,-0.015582,0.228807,0.168249,-0.218081
0.006030,-0.010434,-0.062232,0.323604,0.828965,0.079347
-0.026335,-0.027273,-0.019843,-0.075508,0.169739,-0.087381
-0.004933,-0.011011,-0.027228,-0.171329,0.053823,0.367138
-0.008780,-0.008832,-0.020749,-0.403056,-0.108720,0.444082
0.006165,-0.010749,-0.032766,-0.260726,0.525575,0.395755
-0.007191,-0.004535,-0.020450,-0.259604,-0.407290,0.465982
-0.000233,-0.013401,-0.021343,-0.152465,0.233455,0.646103
0.004533,-0.009423,-0.024271,-0.021075,-0.218974,0.190957
-0.006558,-0.019260,-0.024051,0.213806,0.459641,0.256110
-0.000722,-0.011517,-0.019130,0.206509,-0.624292,0.440472
-0.008219,-0.006997,-0.007353,-0.000833,-0.496599,0.918132
-0.000131,-0.005362,-0.022833,0.217374,-0.781062,0.410477
-0.024316,-0.017645,0.024490,-0.103878,-4.178638,0.348494
0.001842,-0.004440,-0.008600,0.197272,-0.086297,0.580819
-0.008212,-0.008602,-0.005909,0.069421,-0.731874,0.738848
0.000532,-0.014166,-0.023427,0.458597,0.340026,0.370730
0.004983,0.000398,-0.006217,0.501495,-0.186070,0.656499
-0.001404,-0.020790,-0.003877,0.585598,-0.039815,0.584564
0.006759,-0.014067,-0.012677,0.711102,-0.306976,0.323095
-0.003646,-0.019332,0.009040,0.599686,-0.031681,0.222498
-0.004218,-0.016211,-0.006145,0.769434,-1.021484,0.438131
-0.005206,-0.020327,0.023811,0.309716,-1.410013,0.512229
0.004264,-0.008165,0.013126,0.150809,-1.696310,0.095304
0.000224,-0.012712,0.003266,0.654280,-0.438089,0.633929
0.008223,-0.015446,0.002455,0.686900,-0.233531,0.645033
0.004983,-0.014947,-0.002587,0.718048,0.162039,0.232546
-0.002484,-0.028920,-0.000578,0.592045,-0.426535,0.241986
0.001668,-0.012223,-0.024684,1.016884,0.319786,0.159853
-0.011826,-0.031796,0.006043,1.004558,-0.300109,-0.025316
-0.001848,-0.010942,-0.007294,0.710170,0.214098,0.421417
-0.003098,-0.015544,0.003374,0.576355,-0.255638,0.083910
0.011125,-0.012095,-0.016888,0.147488,0.352030,0.111493
-0.010615,-0.016923,0.003633,0.809657,-0.052908,-0.137116
0.003306,-0.022224,-0.009447,0.145413,0.421945,0.020497
0.004711,-0.010621,-0.012290,0.543533,0.174617,-0.100898
0.002810,-0.023856,-0.020046,0.409059,0.046733,0.491353
-0.001661,-0.017176,-0.029893,0.157312,0.286092,0.099649
-0.010897,-0.019618,-0.022386,0.261313,0.122295,-0.205549
0.000194,-0.014461,-0.026765,0.232109,-0.120697,0.043424
-0.019533,-0.018164,-0.005705,0.217276,-0.535151,-0.074297
0.002525,-0.016010,-0.017377,0.260965,0.998670,0.113895
-0.006361,-0.000045,-0.021733,-0.062608,0.016935,0.089089
0.004192,-0.023005,-0.019061,0.411248,0.925872,0.133058
-0.000810,-0.016670,-0.030707,0.216711,0.936592,0.027357
0.001070,-0.022428,-0.034515,-0.021538,0.956189,0.025972
-0.007503,-0.012941,-0.045176,0.136839,0.726894,-0.065750
-0.009545,-0.022044,-0.013048,0.051831,0.173570,0.366321
-0.002163,-0.007854,-0.033333,-0.066288,0.368475,-0.150138
-0.007782,-0.016263,-0.020742,-0.216876,0.244123,0.536050
0.002068,-0.006396,-0.039193,-0.140162,0.287237,0.308777
-0.015919,-0.017241,-0.008951,-0.147384,-0.553378,0.185459
-0.003036,-0.012459,-0.024221,-0.203933,-0.263920,-0.032003
-0.016313,-0.013496,-0.004327,-0.164846,-0.499103,0.074850
0.002226,-0.010969,-0.023378,-0.013637,0.681173,0.377770
-0.006817,-0.005815,-0.018966,-0.006134,0.538584,0.334494
-0.004654,-0.002270,-0.011738,-0.296669,-0.269175,0.977377
-0.000699,-0.008185,-0.043722,-0.473510,1.032604,0.064783
0.004274,-0.012705,-0.043036,-0.031415,1.787834,0.327267
0.003644,0.000727,-0.046562,-0.513093,0.585582,0.267132
-0.004825,-0.025054,-0.027514,-0.153719,0.109986,0.479267
0.000782,-0.009062,-0.038103,-0.175219,1.327774,0.335840
-0.002524,-0.012577,-0.041832,0.022857,0.544436,0.595353
-0.003751,-0.009931,-0.022600,-0.129225,-0.003051,0.215815
-0.008649,-0.018590,-0.026621,0.010571,-0.004456,0.433158
-0.001273,-0.003705,-0.024861,-0.255041,-0.198107,0.517839
-0.016622,-0.018653,-0.020729,-0.298015,-0.388127,0.089178
-0.006817,-0.008399,-0.032519,-0.069452,-0.234270,0.389932
-0.009909,-0.014199,-0.003073,-0.424490,-0.661604,0.578383
0.002968,-0.008953,-0.020263,-0.413570,-0.051763,0.391754
-0.009804,-0.011733,-0.016678,-0.033473,-0.018548,0.662466
0.001192,-0.007168,-0.009930,-0.516159,-0.022881,0.748407
-0.007224,-0.011497,-0.028820,-0.088175,0.229969,0.403038
-0.000088,-0.020150,-0.027323,-0.143281,0.136163,0.688709
-0.009187,0.000759,-0.019994,-0.341221,-0.752964,0.490200
0.001668,-0.021420,-0.023696,0.100217,0.456664,1.097797
0.000066,0.003300,-0.016813,-0.150410,-0.405281,0.424854
-0.009492,-0.019434,-0.011794,-0.165857,-0.468885,0.812684
0.009135,-0.009587,-0.033681,0.386485,0.465434,0.708637
-0.007326,-0.020714,-0.002190,-0.171303,0.171387,0.576282
0.005784,-0.010677,-0.013425,-0.128917,-0.282968,0.603730
-0.001720,-0.012564,-0.004937,-0.183881,-0.843185,0.854729
0.006601,-0.007496,-0.014256,-0.202598,-0.620780,0.828764
-0.007769,-0.004358,-0.017696,0.121957,-0.765929,1.107890
0.000851,-0.010539,-0.014427,0.034831,-0.033841,0.932115
