0.009176,-0.005823,-0.006970,0.265330,-0.211622,0.272705
0.011175,0.009043,-0.038957,-0.292609,0.689200,-0.157015
-0.007866,-0.003227,0.001667,-0.234589,-0.153270,-0.362667
0.012705,-0.004110,0.015305,0.482190,0.433121,0.192883
0.014212,0.010927,-0.005581,0.176710,0.322155,-0.154104
-0.010226,-0.006785,-0.005082,-0.454929,-0.200245,-0.205343
0.007906,-0.003837,-0.000204,-0.074688,0.166692,-0.199342
0.024105,0.000627,0.003981,0.857705,3.695871,-0.088488
-0.003517,0.000906,0.020957,0.011561,-0.188241,0.017144
0.007072,0.001168,-0.013646,-0.355386,0.869259,0.223285
0.018689,0.000597,-0.017825,-0.418228,0.459925,0.180292
-0.006819,-0.009979,0.017967,-0.055207,-0.110562,-0.751370
0.011638,0.007976,0.006265,0.186242,-0.070750,0.085110
0.006527,0.001690,-0.011595,-0.097662,0.789279,-0.038201
0.004614,-0.004136,-0.019092,-0.460933,0.282011,0.099353
0.003087,0.007172,-0.001675,0.132171,0.011226,0.329278
0.004312,0.007789,0.005533,0.208665,-0.549858,0.207962
0.012830,-0.002508,-0.011965,-0.228996,0.477559,0.318042
0.005648,-0.000614,-0.023359,-0.275675,0.358114,-0.406527
-0.009084,-0.003713,0.013917,-0.101847,-0.774603,-0.203974
0.012387,-0.000516,0.007023,0.406609,-0.335698,0.221946
0.013381,0.013885,-0.005729,-0.468469,0.194727,-0.001290
0.004551,-0.004471,-0.002712,-0.422850,0.617689,-0.145514
0.002552,-0.004310,0.008205,0.088344,-0.206308,-0.347994
0.009587,0.004146,0.011602,0.429379,-0.447462,0.241762
-0.002220,-0.002859,-0.005781,-0.410968,0.048432,0.424682
0.004197,0.003647,-0.009930,-0.544264,0.053806,-0.056179
0.003009,0.007638,0.014885,0.328244,-0.544445,-0.143682
0.015987,0.002544,-0.012156,-0.240606,-0.021543,0.259346
0.012659,0.000896,-0.023825,-0.344137,0.478665,-0.253453
-0.011086,-0.014850,0.007591,-0.346901,-0.653113,-0.894166
0.007010,-0.004175,0.014612,0.250926,-0.516981,-0.184296
0.011422,0.009197,-0.010620,0.089955,0.255961,0.169591
-0.003297,-0.010054,-0.009333,-0.636350,0.091032,-0.237852
0.003665,-0.002495,0.001699,-0.353335,0.204624,-0.398790
0.007788,0.002068,0.005435,0.681973,0.258397,-0.344965
0.000192,-0.007858,0.010802,0.280757,0.038513,0.100876
0.007191,0.001037,-0.007354,-0.366093,-0.077557,-0.050428
-0.001252,-0.004802,-0.014286,-0.148734,0.574368,-0.157212
0.002848,-0.015264,0.011097,0.487002,-0.058030,0.072372
0.014501,0.009191,-0.016610,0.227020,0.001595,0.854993
-0.003307,-0.001011,-0.007619,-0.674482,-0.063965,-0.316099
-0.003385,-0.014282,-0.009773,-0.052742,0.214612,-0.331424
-0.000221,-0.001293,0.003669,0.213460,-0.496193,-0.073963
0.000639,0.007389,0.005067,0.199546,-0.529172,0.377395
0.000819,-0.000315,-0.011782,-0.283015,0.102586,0.447239
0.011353,0.004490,-0.026208,-0.353256,0.243537,0.104759
-0.012704,-0.013386,0.022720,0.148540,-0.731570,-0.104529
0.006990,0.001483,0.005753,-0.054301,-0.280980,-0.130739
0.004469,0.011180,-0.011890,-0.422610,0.114150,0.015247
-0.008513,-0.008029,-0.005716,-0.193125,0.373548,-0.502302
0.003879,-0.001760,0.022215,0.101053,-0.176047,0.043355
0.007151,0.005820,0.003807,-0.004953,-0.177665,-0.146407
-0.002273,-0.002281,-0.011581,-0.429559,-0.149876,0.171091
0.006199,0.001966,-0.027107,-0.205195,0.255121,-0.140876
0.005251,-0.003125,0.011665,0.444620,0.076231,0.144457
0.004719,-0.003824,-0.004268,0.298311,-0.888464,0.346504
0.007476,0.002593,-0.030715,-0.040712,-0.005206,0.037909
-0.008224,-0.001963,0.002277,-0.206196,-0.438685,-0.615198
0.001266,-0.008567,0.004375,0.323258,-0.841033,-0.176447
0.008139,0.001562,-0.006871,0.518704,-0.385345,0.259992
0.000163,-0.001704,-0.000697,-0.293581,-0.597266,0.352695
0.006157,-0.003588,-0.032100,-0.118959,0.993683,-0.302693
0.003672,-0.004934,0.008182,0.173730,-0.863586,-0.505010
-0.000034,0.003033,0.019914,-0.081719,-1.238201,0.525397
0.012853,0.001756,-0.020690,-0.408870,0.843793,0.085685
0.006862,-0.002564,-0.025745,0.105813,1.421805,-0.129853
-0.010932,-0.010675,0.028642,0.344689,-1.659154,-0.635949
0.014238,0.012939,-0.002345,-0.408709,-0.475458,0.137968
0.011927,0.002626,-0.019797,-0.261856,0.971073,0.109246
-0.000888,-0.012926,-0.000385,0.025170,0.385854,-0.586158
0.007542,0.012128,0.020908,-0.037400,-1.161999,0.107815
0.001597,0.002599,0.002845,0.064408,-0.792197,0.208812
0.011661,-0.005341,-0.031552,-0.386421,1.046346,0.196087
0.007404,0.005557,-0.004022,0.023801,0.205967,-0.553390
0.002710,0.000673,0.028819,0.018241,-1.750675,-0.321163
0.015059,-0.003224,-0.016265,-0.386911,0.384567,0.254501
0.002155,0.001940,-0.016587,0.132397,0.296398,-0.507626
0.000619,-0.006417,0.023803,0.410144,-0.345437,-0.449625
0.021249,0.005157,0.006150,0.219083,0.536971,0.592073
0.012518,0.003115,-0.035005,0.074272,0.117042,0.055736
-0.004163,-0.004717,0.013362,0.223029,0.354490,-0.500805
0.007814,-0.007977,0.015745,0.552884,0.316161,-0.060942
0.019766,0.013707,-0.005565,0.177088,0.159346,0.108202
-0.005069,-0.005196,0.000337,-0.331549,-0.534250,-0.487281
0.015574,-0.002669,-0.020050,0.213795,0.661802,-0.467084
0.009524,0.012506,-0.007931,0.756215,0.348401,-0.042481
0.004909,0.012634,0.019231,-0.182566,-0.530055,0.352071
0.007020,0.002455,-0.008027,-0.224607,-0.112095,-0.047579
0.004998,0.002468,-0.025407,0.300251,0.172259,-0.253496
0.001243,0.003640,0.019461,0.532415,0.006742,-0.376368
-0.007249,-0.012710,0.018689,-0.100892,-3.495416,-0.002242
0.007598,0.003965,-0.005177,-0.535608,-0.313118,-0.142802
0.003902,0.000663,-0.012189,-0.043177,0.413397,-0.362877
-0.002082,-0.009848,0.014921,0.465066,-0.077810,-0.341492
0.006186,0.012956,0.000029,-0.184131,0.098933,0.392754
0.007204,0.002232,-0.008831,-0.451391,-0.056711,-0.245224
-0.005128,-0.009614,-0.003234,0.344026,0.962526,-0.553209
-0.003126,0.003072,0.035210,0.263770,-1.565857,-0.166938
0.022319,0.009079,0.009305,0.253125,1.292089,-0.002311
0.008924,-0.005272,-0.008883,-0.144417,2.067270,0.115732
0.008888,0.000906,-0.010219,0.450512,0.739396,-0.469714
0.001840,0.003686,0.020764,0.599213,0.103955,-0.236464
-0.001482,-0.000309,0.007929,0.060509,-0.594948,0.047349
0.004483,0.007034,-0.010255,-0.275380,-0.352235,-0.029115
0.007696,0.003397,-0.008673,0.147080,0.397874,-0.522105
-0.002283,-0.014797,0.016185,0.553528,0.094764,-0.535073
0.010673,0.010080,0.022605,-0.145586,0.184227,-0.019767
0.016303,0.006007,-0.008440,-0.331303,-0.135936,-0.127444
-0.006432,-0.013265,0.005917,0.012457,0.741434,-0.596353
0.009472,-0.000509,0.025441,0.254950,0.189213,-0.040883
0.010910,0.006466,0.009843,0.056704,-0.663594,0.270125
-0.002122,-0.001779,-0.003648,-0.435523,0.040945,-0.323028
0.006898,-0.003906,0.003541,0.015756,0.401334,-0.910765
0.005536,-0.004500,-0.001764,0.450518,0.380461,-0.547179
0.002438,0.004454,0.020636,0.146548,-0.291379,0.419876
0.011625,0.001480,0.001355,-0.514732,0.125960,0.070806
0.010191,0.007047,-0.011165,0.390193,0.640492,-0.469993
-0.006077,-0.017315,0.014573,0.326609,0.078421,-0.808970
0.006987,0.001513,0.030667,-0.294303,-0.542689,0.427065
0.017648,0.004421,-0.007652,-0.149899,0.449438,0.171642
-0.006776,-0.013836,0.011570,-0.427462,-0.288027,-0.448102
0.013903,-0.007950,0.005005,0.435882,0.487642,-0.424222
0.015955,0.003752,0.011031,0.261240,-0.857455,0.004031
0.003189,0.001076,-0.001471,-0.484734,-0.727237,-0.210775
0.010063,-0.004054,-0.000460,0.204115,0.430590,0.008466
0.003150,-0.009529,-0.003661,0.653714,0.546405,-0.890998
0.000468,0.002777,0.017412,0.228845,-0.418544,0.257819
0.016070,0.001001,-0.003658,-0.284400,-0.216339,0.316529
0.008694,-0.007720,-0.011654,0.197104,0.250407,-0.531387
-0.007403,-0.007645,0.022454,0.265402,-0.075115,-0.610097
0.011763,0.012411,0.012873,0.140164,-0.524740,0.291087
0.018541,0.018703,-0.006169,-0.196047,-0.349635,0.231314
-0.003694,-0.012821,-0.000198,-0.095043,0.729279,-0.581894
0.012400,-0.005574,0.005235,0.386018,0.931704,-0.102491
0.006045,0.004392,0.004844,0.278374,-0.537732,-0.362014
0.003028,0.000148,0.003728,-0.120268,0.524849,0.029079
0.004784,0.003223,-0.004455,-0.461389,0.045170,-0.013510
0.003521,-0.008764,0.002195,0.582912,0.403792,-0.700869
-0.001147,-0.009848,0.022024,0.432750,-0.553222,-0.072158
0.014441,0.007819,-0.001554,-0.473698,-0.504678,0.220409
0.018308,0.008606,-0.019476,0.087723,1.455561,-0.197491
-0.008844,-0.015355,0.024283,0.479528,-0.155348,-0.814117
0.012958,0.004464,0.007063,0.001809,0.271425,-0.056750
0.022716,0.005225,-0.015721,-0.073215,1.531658,-0.037036
-0.000595,-0.008410,0.011977,0.431874,0.643460,-0.767454
0.005973,0.000486,0.015400,0.406714,0.156261,0.106555
0.008037,0.006213,0.022861,-0.234806,-2.323077,0.049263
0.004148,-0.002121,-0.001393,-0.061683,0.689795,0.063995
0.007752,-0.004530,0.000107,0.486592,0.617328,-0.145750
0.004476,0.004697,0.017823,0.460516,-0.562758,-0.347000
-0.001311,-0.007281,0.002356,-0.028038,0.203478,-0.436515
0.017419,0.011968,-0.009300,-0.230059,1.181274,0.310978
0.002907,0.001546,0.006695,0.779500,-0.336342,-0.450810
0.004538,0.002622,0.022100,0.152335,0.040643,0.468178
0.008336,-0.003089,0.007358,-0.631849,-0.544510,-0.348224
0.010480,0.001526,-0.009487,-0.274113,0.035411,-0.473055
-0.008158,-0.008968,0.015561,0.260393,0.230998,-1.005053
0.001069,0.000344,0.027027,-0.103968,-1.186759,0.078644
0.017826,0.005232,-0.017500,-0.122435,2.051544,-0.107805
-0.007426,-0.004681,0.006771,-0.040439,0.300921,-0.343517
-0.002739,-0.005331,0.024473,0.421554,-1.849175,-0.420720
0.002671,0.001083,-0.002368,0.115828,-1.293704,0.003736
0.000504,0.002412,0.004739,-0.419801,0.588325,0.071941
0.005234,-0.002971,-0.000447,0.220291,0.498136,-0.044782
0.001617,0.003440,0.006285,0.732775,-0.460572,-0.191337
-0.002289,-0.007694,0.014025,-0.084447,0.566647,0.189466
0.009994,-0.001028,-0.014339,-0.201991,1.364746,-0.280363
0.003475,-0.010406,-0.009871,0.474368,0.598011,-0.820413
-0.009744,-0.010534,0.024141,0.342372,-0.812968,-0.176093
0.013161,0.001946,-0.004869,-0.356105,-0.174173,0.156412
0.015682,0.005600,-0.010856,-0.066325,1.154066,-0.180432
-0.007994,-0.004491,0.014813,0.309596,0.186974,-0.472865
0.009941,-0.002327,0.017639,0.469796,0.612618,-0.188563
0.009721,0.006305,-0.004396,-0.188408,0.094958,0.083341
-0.006967,-0.000424,-0.001209,-0.522049,0.093523,-0.943665
-0.000681,-0.005725,0.020925,0.228074,0.455333,-0.538435
0.003340,0.001713,0.010585,0.367679,0.092749,0.128209
-0.001360,0.005409,0.013175,-0.473416,-0.277569,0.321229
0.017960,0.004828,-0.012320,-0.215085,1.743687,-0.388122
0.005707,-0.003145,0.011031,0.492963,0.012253,-0.430735
-0.006776,-0.009391,0.014337,0.415153,0.294947,0.023722
0.012712,0.002186,0.001683,-0.274897,0.836237,-0.187795
0.007552,-0.001231,-0.012707,-0.200688,0.525407,-0.515845
-0.006008,-0.012917,0.007765,0.578454,0.212613,-0.580059
0.009153,-0.004070,0.005481,0.139934,-0.188218,0.062879
0.011960,0.005271,0.001207,-0.195928,1.031234,0.520030
0.006738,-0.003279,-0.007892,-0.269124,0.504704,-0.070933
0.005891,-0.000040,-0.007298,0.457602,0.419378,-0.401564
0.004627,-0.000171,0.022615,0.384311,0.037079,-0.086312
0.004223,-0.006801,0.002392,0.070202,-0.093756,0.307617
0.011418,0.001858,-0.007583,-0.478402,0.179474,-0.204187
0.003091,-0.001651,-0.007882,0.135910,0.416614,-0.799579
0.000951,-0.012595,0.004942,0.496942,-0.588571,-0.273840
0.015492,0.010287,0.002142,-0.317707,-0.835847,0.273418
0.005214,0.004999,-0.014749,-0.558195,-0.408637,0.036530
0.002109,-0.008892,-0.011237,0.443320,0.644451,-0.491676
0.007945,0.009145,0.004854,0.410499,0.139307,-0.426917
0.013667,0.003935,0.011435,0.060883,-0.354792,0.246587
0.017304,-0.009838,-0.021718,-0.227965,1.775743,0.059944
-0.003185,-0.002728,0.004207,0.354316,-0.677656,-0.607153
-0.013348,-0.008285,0.021003,0.412511,-0.492966,-0.214015
0.016198,0.003177,0.012357,-0.471896,0.623795,0.178443
0.013030,0.004697,-0.004613,-0.332363,0.064838,-0.554056
-0.014608,-0.015201,0.020229,0.370072,-0.087172,-0.620657
0.012462,0.006440,0.010706,0.283193,0.259162,-0.146702
0.010811,0.008593,-0.004911,-0.364754,-0.013057,-0.122976
-0.007354,-0.008157,0.004007,-0.295688,-0.019304,-0.686502
0.011477,-0.000752,0.006452,0.351947,0.184985,-0.318426
0.010411,0.003095,0.007430,0.460694,0.164181,-0.070937
0.000800,-0.010212,-0.007465,-0.209081,0.172374,0.104766
0.002362,0.001047,-0.021714,-0.114629,-0.042727,0.174783
-0.003340,-0.000877,0.008753,0.371191,-0.168136,-0.147112
0.009167,-0.006575,-0.000444,0.464951,0.429080,-0.112952
0.019404,0.001119,-0.037562,0.059504,0.678043,0.192785
-0.013207,-0.004697,0.007575,-0.727795,-0.431096,-0.239733
0.000786,-0.007268,0.012827,-0.012729,-0.323803,-0.509520
0.009078,0.003899,0.011875,0.254343,-0.319673,-0.279217
-0.003983,-0.016048,-0.007446,-0.262053,0.285214,-0.152049
0.001587,-0.008049,-0.015238,-0.313768,0.544566,-0.577355
-0.000254,0.000170,0.009482,0.197386,-0.587146,0.072936
0.014126,-0.006644,-0.007636,0.109578,-0.074702,0.269302
0.008139,0.000617,-0.046894,-0.167896,0.438150,0.084740
-0.013367,-0.019629,0.003853,-0.577295,-0.114157,-0.913283
0.009183,-0.015129,0.016398,0.124867,0.069181,-0.278249
0.004295,-0.001717,0.004552,-0.031793,-0.062918,0.049240
-0.010233,-0.007225,-0.001488,-0.619320,0.061244,-0.355767
0.007689,-0.013865,-0.009924,-0.367078,0.341955,-0.208999
0.006413,-0.003443,0.004552,0.323265,-0.196641,-0.063620
-0.005312,0.001444,0.015948,0.200583,-0.349944,0.071859
0.017491,-0.006673,-0.011233,-0.427127,0.608475,0.040558
0.005956,0.005478,-0.012862,-0.439846,0.310213,-0.128022
-0.007062,-0.014568,0.007772,-0.008449,-0.050769,-0.716760
0.007387,-0.005748,-0.001626,0.419368,0.069151,0.246485
0.003429,0.002294,0.003078,-0.252107,0.111203,-0.258206
0.008681,-0.008239,-0.009625,-0.357011,0.197609,-0.217248
0.004712,-0.001090,-0.012487,0.042337,0.114147,-0.588817
-0.012665,-0.008561,0.019536,0.380435,-0.275905,-0.482643
0.009767,-0.006657,-0.000831,-0.223222,-0.007868,0.109772
0.000077,0.000413,-0.008539,-0.488587,-0.233716,-0.077292
-0.005339,-0.009306,0.003104,-0.150181,0.140429,-0.460221
0.003324,0.002570,0.013611,0.205776,-0.381619,-0.237583
0.004364,0.008452,-0.001242,0.106013,-0.133904,0.087539
0.001059,-0.005400,-0.020779,-0.356128,0.388329,-0.060029
-0.000704,-0.004976,-0.016751,-0.188064,0.221558,0.179802
-0.004968,-0.000181,0.010542,0.132296,-0.288648,-1.241740
-0.000592,-0.005511,0.003213,0.527783,0.247112,-0.258197
0.013273,0.000935,0.005369,-0.453416,-0.283406,0.061195
0.006383,0.002429,-0.004593,-0.067529,-0.085868,-0.100223
-0.014552,-0.008512,0.008675,0.301955,0.056852,-0.273371
0.010017,0.011925,0.012000,0.147388,0.095210,0.479883
0.005086,0.000906,-0.008122,-0.038253,-0.049214,-0.390755
-0.011982,-0.006667,-0.011844,-0.388864,0.038621,-0.712641
0.005901,0.002632,0.017521,0.286521,0.282992,-0.696497
0.002677,-0.000486,0.010884,0.717613,-0.091852,-0.295912
0.005733,-0.011049,-0.001386,-0.277701,-0.321932,0.038313
0.008973,-0.005236,-0.017972,-0.221824,0.232538,-0.132952
0.000389,-0.005288,0.021847,0.368710,-0.106420,-0.160754
0.004374,-0.003004,0.001617,0.358475,-0.045298,0.438787
0.009623,-0.001556,-0.013869,-0.501655,0.005236,0.037387
0.006971,-0.000095,-0.002771,-0.234159,0.205960,-0.216519
-0.004068,-0.008699,0.011261,0.532139,-0.039947,-0.365398
0.009327,-0.007123,0.008576,0.267092,0.075404,0.686815
0.019815,-0.003873,0.000465,-0.438563,0.169233,0.082212
0.000731,-0.014653,0.013533,-0.171707,-0.050500,-0.478415
0.012347,0.002701,0.019162,0.171491,-0.036579,0.491076
0.015380,0.002380,-0.009963,0.138490,0.336082,0.365785
0.011123,-0.019770,-0.003910,-0.521267,-0.159090,0.055086
0.010713,-0.004090,-0.014447,-0.372356,-0.265887,0.264539
0.003744,-0.003782,0.013060,0.351989,-0.435573,-0.377779
0.020996,-0.009700,-0.001406,0.393072,0.415215,-0.139218
0.025116,-0.005196,-0.022981,-0.163596,0.054764,-0.545853
0.040606,-0.004727,0.005448,-0.378737,-0.364781,-1.153494
0.007030,-0.013593,0.005261,0.426369,0.076422,0.147536
0.005983,0.002432,-0.026608,0.345234,-0.010300,0.064142
-0.000802,-0.000102,-0.004964,-0.672089,0.120292,-0.067690
0.008077,-0.007711,0.004079,0.055680,-0.023870,-0.004369
0.012534,-0.003161,-0.008512,0.581980,0.036845,-0.369189
0.008654,-0.003791,-0.004006,-0.403559,-0.300458,-0.448460
0.011290,-0.013593,-0.013246,-0.563877,0.315049,-0.258154
0.005943,-0.007530,-0.017667,0.202287,0.004648,-0.775545
0.004309,-0.004822,0.043705,-0.087365,-3.107392,-0.814422
0.033952,-0.001625,-0.003789,-0.030868,0.253605,-0.420506
0.004781,-0.000493,-0.020720,-0.640722,0.460930,-0.071084
-0.009392,-0.012940,0.020908,-0.367019,-0.169672,-1.181750
0.018052,0.001113,0.015551,0.200560,0.008098,-0.304118
0.015561,0.006788,-0.010915,-0.137288,-0.090162,0.189788
-0.003395,-0.006972,-0.004567,-0.523125,-0.034039,-0.269406
0.012239,-0.001674,-0.008325,-0.277986,0.201768,-0.713897
0.000376,-0.008269,0.015220,0.117351,-0.772082,-0.463963
-0.001662,0.001195,0.006232,-0.245181,-0.402341,0.095496
0.005411,-0.005925,-0.018058,-0.421330,0.141365,-0.052348
0.001482,-0.007602,0.005861,0.113225,-0.006250,-0.485010
-0.004203,-0.008180,0.007099,0.521891,-0.243678,0.067940
0.007378,-0.003296,-0.006536,-0.370137,-0.530153,-0.089705
-0.009189,0.003210,-0.016942,-0.291418,0.700604,0.429169
-0.004764,-0.025265,0.000170,0.601438,0.338666,-0.338058
0.007804,-0.004166,0.003019,0.301305,-0.430334,0.045577
-0.019568,-0.006496,0.002188,-0.455517,-0.564523,-0.080702
-0.001757,-0.002643,-0.018038,-0.172324,0.605278,0.177606
-0.005933,0.000453,0.003643,0.575638,-0.091245,-0.222067
-0.019125,-0.015506,0.033332,-0.012184,-1.781573,0.118115
0.009482,-0.001389,-0.007876,-0.039149,1.048900,0.092873
-0.015983,0.002009,-0.003543,-0.011534,0.011544,0.649647
0.003544,-0.006680,0.013142,0.737380,-0.140971,-0.221919
0.010706,-0.004484,-0.014559,0.401488,0.061539,0.057558
-0.005673,-0.007530,0.011799,-0.959062,-1.168206,-0.173815
0.011238,-0.018359,0.008409,0.197462,0.459305,-0.242483
0.004709,0.003837,0.007404,0.741053,0.085773,0.430453
-0.024094,-0.006506,0.045888,-0.794543,-6.199377,-0.048898
0.007880,-0.001405,-0.011467,-0.717485,0.216480,-0.160071
0.010745,0.001720,0.005507,0.364935,0.353437,-0.231924
-0.004098,-0.009024,0.002481,0.154163,0.382526,-0.184788
0.008632,-0.000450,-0.003615,-0.304623,-0.129000,-0.058595
0.007108,0.004077,-0.009218,-0.390275,-0.098522,-0.488538
-0.005289,-0.006604,0.010690,0.095312,0.018470,-0.544012
0.009629,0.001493,0.003958,0.228684,0.345109,0.065468
0.013444,0.007195,-0.002670,-0.353751,0.245717,0.111593
0.001374,-0.009139,-0.012921,-0.189872,0.571955,-0.474312
0.000074,-0.006782,-0.000428,0.255187,-0.358209,-0.407245
-0.001465,0.000282,0.005845,0.285221,-0.641694,0.133247
0.003074,-0.003089,-0.015648,-0.135502,0.130625,0.040545
0.000639,0.001674,-0.031374,-0.144594,0.339000,-0.184992
-0.002962,-0.001067,0.028862,0.211609,-1.026090,-0.066210
0.015098,0.000029,-0.011069,0.363918,0.335941,-0.026430
0.006278,0.000016,-0.018537,-0.416374,0.069847,0.034610
-0.003740,-0.011952,0.015955,-0.606174,-0.171136,-0.460999
0.006984,-0.000148,0.018748,0.106742,-0.067454,-0.140183
0.010847,0.011006,-0.002578,0.015959,0.009972,0.384699
-0.008335,-0.013281,-0.010593,-0.240005,0.101001,-0.405496
0.006337,-0.010350,0.002044,-0.536701,0.099632,-0.622344
0.002667,0.006509,0.019684,0.417743,-0.123068,0.015703
0.013335,-0.009752,-0.009927,0.376365,0.049755,0.559226
0.006826,-0.000673,-0.028342,-0.008321,-0.008626,-0.010100
0.000596,-0.003759,-0.000756,0.137462,0.227082,-0.550137
0.006757,-0.007018,0.006981,0.352570,-0.056668,-0.083994
0.012843,0.007221,-0.020280,0.422621,0.195656,0.305661
-0.003238,-0.004353,-0.003986,-0.514200,-0.226721,-0.072575
0.007154,-0.010770,0.006836,-0.276995,0.344984,-0.006417
0.005188,-0.005163,0.014629,0.373141,-0.055844,-0.327981
0.000839,-0.017066,0.005372,0.207920,-0.112807,-0.121850
0.006606,-0.010947,-0.014496,-0.462915,0.035263,0.123519
0.006977,-0.002866,-0.005056,-0.042796,0.372435,-0.009591
0.004932,-0.014518,0.011501,0.574683,-0.264338,0.099038
0.012049,0.005245,-0.006894,0.144907,-0.319591,0.450695
-0.006612,0.006821,-0.007130,-0.541874,-0.085150,-0.164516
0.003813,-0.015116,-0.000424,0.161063,0.235646,-0.135817
0.014464,-0.004175,-0.008141,0.690530,-0.096418,0.127421
-0.002470,-0.008439,0.006767,-0.208284,-0.515753,-0.182733
0.003360,-0.014318,-0.016180,-0.267226,0.317366,-0.254622
0.005149,-0.004907,-0.003710,0.212161,0.199933,-0.776293
-0.006514,-0.001379,0.026840,0.115539,-0.816470,-0.576055
0.006577,-0.001661,-0.002660,-0.206150,-0.363172,0.054961
0.007525,-0.000834,-0.018018,-0.557354,0.130346,-0.464632
-0.008368,-0.008128,0.004168,-0.203938,-0.179385,-0.834360
0.013782,0.001890,0.008947,0.214015,0.023525,0.144296
0.004453,0.005793,-0.008246,-0.332232,-0.314169,-0.423924
-0.015022,-0.006792,-0.007432,-0.252301,0.200698,-0.792519
0.002720,-0.005836,0.004670,0.245960,-0.015454,-0.199287
0.007141,0.001861,0.001122,0.283268,0.236684,-0.014098
-0.003271,-0.000975,-0.012018,-0.106062,-0.336381,-0.275416
-0.000431,0.001648,-0.025479,-0.074679,0.564688,-0.459811
-0.000743,0.011603,0.007637,0.249882,-0.130139,-0.346869
-0.005184,-0.005249,0.018499,-0.107887,-1.022512,0.022757
0.003741,-0.000053,-0.018173,-0.307361,0.931714,0.157127
0.002214,-0.010908,-0.008713,-0.058499,0.239159,-0.564359
-0.007036,-0.018989,0.025166,0.313552,-0.906944,-0.271395
0.013365,0.010970,0.015492,-0.552194,-0.683965,0.561094
0.014648,-0.006168,-0.023116,-0.323733,1.101639,-0.051314
-0.007705,-0.019547,0.006853,0.284039,0.335350,-0.937793
-0.000710,-0.007747,0.023137,0.100003,-1.941280,0.060400
0.008612,0.000797,0.009866,-0.229422,-0.949334,0.434303
0.007338,-0.010511,-0.025400,-0.091501,1.098905,-0.067881
0.002979,-0.001825,-0.011565,0.369547,0.589513,-0.600046
0.012314,0.000344,0.015253,0.447915,0.000568,-0.268694
0.002546,-0.014315,0.010198,0.116116,-0.205710,-0.164296
0.002631,0.003578,-0.010213,-0.132013,0.016911,-0.398925
0.001151,0.001845,-0.001570,0.695244,0.655276,-0.750195
-0.006550,-0.010379,0.019861,0.490318,-0.404416,-0.000693
0.006147,-0.000847,0.008612,-0.275669,-1.141176,0.251527
0.018223,-0.008449,-0.014601,0.206850,1.934892,-0.420004
-0.007249,-0.012004,0.019172,0.491614,0.335915,-0.340317
-0.001193,-0.012930,0.019168,0.379296,-1.737513,-0.028403
0.018265,-0.002055,-0.021809,0.276884,-0.039442,-0.244354
-0.005637,-0.008899,-0.008581,-0.200439,-0.305894,-0.148563
0.008891,-0.013974,0.007513,0.740906,-0.305493,-0.350748
-0.011828,-0.005807,0.032725,0.224739,-3.731144,-0.260507
0.008907,-0.000279,0.013710,-0.370915,-0.138296,-0.050966
0.009393,-0.008978,-0.011381,-0.017410,0.708321,-0.312343
0.004407,-0.010107,0.002346,0.682823,-0.063436,-0.240527
0.010496,0.000387,0.004112,0.120210,0.075178,0.081319
0.012288,-0.014469,-0.009989,-0.125369,0.437930,0.162018
0.006114,-0.009289,-0.023431,0.455560,0.329055,-0.537493
0.008970,0.002403,0.017101,0.433075,-0.106397,0.214091
0.008405,-0.006581,-0.011165,0.187621,0.317599,0.119317
0.013220,0.004772,-0.026802,-0.532999,0.612250,0.311536
0.005274,-0.008623,-0.001928,0.024172,-0.248356,-0.323074
-0.002578,-0.012089,0.002556,0.677184,0.214481,0.051072
0.011103,0.002229,-0.000982,-0.491748,0.323383,0.604849
0.001495,-0.001707,-0.000451,-0.643791,0.017715,-0.440490
-0.014290,-0.025777,0.024470,0.360110,-0.333706,-0.466772
0.012751,0.004323,0.000843,0.066305,0.104667,0.048659
0.007801,0.003220,-0.009993,-0.304370,0.149564,-0.260245
-0.010282,-0.016419,-0.001521,-0.206875,0.290351,-0.359299
0.004095,-0.010599,0.024135,0.008462,-0.779773,-0.141112
0.007450,0.002370,0.012134,-0.016419,-0.891776,0.022446
-0.002539,-0.009398,-0.000861,-0.273026,-0.188891,-0.157777
0.003560,-0.002623,-0.005463,-0.309675,0.228336,0.285290
0.001591,-0.001303,0.008323,0.398738,-0.183600,0.025081
0.002142,-0.009920,-0.000224,0.179520,-0.196431,0.318522
0.007053,0.004704,-0.008397,-0.412471,0.371720,0.055014
-0.004593,-0.002849,0.002113,0.056642,-0.412432,-0.480966
-0.000730,-0.017404,0.016986,0.216172,-1.456733,-0.021943
0.014704,0.013592,-0.006313,-0.307584,0.210227,0.660135
0.004837,0.005485,-0.012615,-0.304292,0.795522,-0.102077
-0.003996,-0.016924,0.003085,0.153310,0.123246,-0.542075
-0.003248,0.000085,0.028993,-0.002780,-1.687816,0.047435
0.014244,0.007927,-0.019331,-0.139707,0.575503,0.024215
-0.006510,-0.005721,-0.007652,-0.295997,0.870805,-0.258469
0.005421,0.001122,0.022569,0.236001,-0.022068,-0.391812
0.002602,0.002655,0.007946,0.092151,-0.470613,-0.009125
0.005763,0.012647,-0.000083,-0.717124,0.053931,0.614272
0.005996,0.001319,-0.037280,-0.039852,1.916481,0.229593
0.000416,-0.002180,-0.012911,0.306898,0.347853,-0.522837
0.000209,0.001175,0.022297,0.131790,-1.201330,-0.157780
0.001239,-0.010524,-0.009878,-0.093733,0.404190,-0.055578
0.011763,0.002327,-0.029251,-0.070234,1.182521,-0.332741
-0.002706,-0.004648,0.015797,0.147178,-1.204057,-0.552510
-0.002342,-0.004192,0.017196,-0.024191,-1.365625,-0.293302
0.003527,-0.001421,-0.009294,0.009299,-0.233670,0.246777
-0.006202,-0.004041,-0.005095,-0.276949,0.149850,0.172023
0.006416,-0.015739,-0.001163,0.280560,0.607435,-0.058457
0.015636,0.001290,-0.001416,0.465972,-0.088655,-0.051140
-0.003642,-0.002393,0.010112,-0.199516,-0.695443,-0.149558
0.010184,-0.006099,-0.018724,-0.460427,1.048690,0.076777
0.001302,-0.005570,0.009495,0.184073,-0.655010,-0.237113
-0.008683,-0.005616,0.023751,-0.011620,-1.604193,-0.053481
0.005635,0.002442,-0.000001,-0.349822,-0.552083,-0.148222
-0.004781,-0.007205,-0.004367,-0.454178,0.041474,-0.390840
0.021525,0.005078,-0.000309,0.269830,0.346465,0.676452
0.012278,-0.002278,-0.009602,0.511220,0.055802,0.487019
0.005533,-0.004497,0.006850,-0.324600,-0.472615,0.127635
0.007850,-0.002170,-0.021169,-0.759543,0.384948,-0.207476
0.013785,-0.000647,0.002211,0.184001,0.543171,-0.640059
-0.002073,-0.005393,0.026764,0.097577,-0.408552,0.246908
0.008257,0.001149,-0.002781,-0.234543,0.206278,0.002449
0.007453,-0.006073,-0.015796,-0.361029,0.594341,-0.358587
-0.008578,-0.018116,0.008967,-0.265503,-0.194911,-0.601897
0.007870,-0.010044,0.010697,0.231753,-0.146928,0.016783
0.016998,0.005800,-0.006674,0.097338,-0.033487,0.089555
-0.003212,-0.001760,-0.006520,-0.441166,0.356532,0.070464
0.016204,0.009614,-0.001701,-0.392993,0.312016,0.415317
0.004177,-0.004323,0.003383,0.324981,-0.051938,-0.142477
0.004853,-0.007294,-0.003090,-0.049272,-0.062685,0.218762
0.006485,0.013868,-0.010354,-0.881498,0.167621,-0.308139
-0.007981,0.000259,-0.005456,-0.460733,0.015224,-1.176554
-0.010462,-0.010885,0.015811,0.273467,-0.580525,-0.105534
0.007236,0.004763,0.000977,0.237055,-0.244624,0.454533
0.006239,0.008577,-0.013745,-0.255721,0.136238,0.203675
-0.005585,-0.004103,-0.000438,-0.468315,-0.307404,0.033126
0.002871,-0.001031,-0.008217,-0.108970,0.014761,-0.131888
-0.001052,-0.008226,-0.005115,0.427899,0.193250,-0.460674
-0.012018,-0.009303,0.016172,-0.070546,-0.445853,-0.267227
0.008783,0.004287,-0.003060,-0.655834,0.122891,0.245330
0.004144,-0.006135,-0.007948,-0.057472,0.165274,-0.527370
0.000179,-0.000128,0.018860,0.126601,-0.168944,0.407699
0.019559,0.011216,0.008356,0.003837,0.627090,0.500648
0.004860,-0.000148,-0.010262,-0.480903,0.157715,-0.102586
-0.010554,-0.013481,0.002031,-0.271562,-0.036097,-0.597167
0.007384,0.006778,0.007860,0.355734,0.220925,-0.119290
0.005060,-0.001448,0.005343,0.655825,-0.007215,0.167080
-0.006809,-0.016307,-0.001829,-0.154114,-0.296043,-0.179861
0.008142,0.000348,-0.013328,-0.442873,0.173159,-0.181840
0.011586,0.002934,0.004716,0.401784,0.097203,-0.091055
0.015072,0.014065,0.004739,0.837570,0.130293,0.920281
0.011271,0.019015,-0.013360,-0.302184,-0.226377,0.742452
0.015610,0.005698,-0.010977,-0.470869,0.119983,0.497966
0.003412,-0.006145,-0.006448,0.116642,0.316729,-0.119740
0.016168,0.016744,0.012692,0.552628,0.250112,0.383881
0.010919,0.008160,0.009285,-0.030208,-0.432376,0.450754
-0.005256,-0.005429,-0.002748,-0.500778,-0.159218,-0.176802
0.004023,-0.011554,0.008707,0.112782,0.299444,-0.839487
0.005425,-0.006683,0.011409,0.469986,0.034479,-0.522955
-0.001879,0.005941,0.006715,-0.090129,-0.512136,0.118673
-0.002542,-0.023887,-0.006064,-0.503257,0.171997,-0.904614
0.000954,-0.009418,-0.002351,0.414651,0.139015,-0.554174
-0.004068,0.007261,0.031327,0.357947,-0.741322,0.401114
0.012534,0.012568,-0.004344,-0.068934,0.389274,0.641920
0.014599,0.015404,-0.008384,-0.325447,0.072361,0.004241
-0.012402,-0.011978,0.018387,0.164293,-0.312088,-0.773103
0.019080,0.008879,0.015164,0.588482,0.227913,0.659629
0.015413,0.019228,-0.000185,-0.091540,-0.005626,0.528181
0.008326,0.006771,-0.005118,-0.136894,1.193685,0.404196
-0.004669,-0.035529,-0.016000,0.244742,0.387023,-1.290077
0.013027,0.019583,-0.000989,0.932331,-0.609621,0.378508
-0.004163,-0.002705,0.011310,-0.247972,-0.204036,-0.024969
0.018308,-0.003706,-0.023602,0.239172,2.152170,-0.156070
0.000114,-0.009326,0.005208,0.181165,0.001651,-0.962096
0.008205,0.003821,0.013070,0.417172,-0.334096,-0.334605
0.008448,0.015549,0.014550,-0.110930,0.300813,0.422620
0.008828,-0.004645,-0.016587,-0.118213,1.283873,-0.337083
0.018210,0.011370,-0.002765,0.577837,0.850408,0.043640
-0.002791,0.010773,0.021082,0.537319,-0.148941,0.388785
0.020711,-0.002580,-0.010433,0.098966,1.363902,0.811091
0.002221,-0.007297,-0.006937,0.271093,1.615829,-0.472967
-0.007210,-0.000939,0.023281,0.586194,-0.577578,-0.243915
0.002424,-0.007573,0.010129,0.150595,-0.372071,-0.307660
0.008572,0.005278,-0.011352,-0.273194,-0.225467,0.227237
-0.010518,-0.008948,0.006639,0.081950,-0.045885,-0.647560
0.002451,-0.018342,0.007933,0.491214,0.001270,-0.476393
0.008162,-0.001934,0.006420,-0.188339,-0.553488,0.031899
-0.014244,-0.026384,-0.003421,-0.381376,-0.002173,-1.128387
0.012098,0.013579,0.006758,-0.073615,0.213319,0.026499
0.013427,0.007188,-0.002581,0.456673,0.361193,-0.030412
-0.000766,-0.004963,0.008609,-0.157304,-0.208382,0.287762
0.017527,0.012834,0.000232,-0.410790,0.185103,0.737469
-0.000074,-0.024188,0.006318,0.440366,0.645551,-1.172063
-0.007269,-0.008009,0.020905,0.558655,-0.260767,-0.031721
0.019319,0.010815,-0.001028,-0.517345,0.254773,0.276533
0.005395,0.002406,-0.016187,-0.451942,0.486733,-0.284190
-0.014910,-0.026398,-0.004170,0.380527,0.681700,-1.051004
0.003153,-0.014574,0.022031,0.136379,-0.380500,-0.579360
0.006915,-0.000315,0.003807,-0.172643,0.309642,0.310525
0.016696,-0.010849,-0.020904,0.210405,2.357385,-0.088626
0.002182,-0.010678,-0.001596,0.283948,0.532110,-0.590159
0.005480,-0.000374,0.015276,0.376240,-0.107142,-0.227013
-0.001862,-0.011791,-0.011440,-0.367042,-0.282345,-0.264269
-0.001419,-0.010530,-0.025781,-0.069650,0.095358,-0.832137
-0.013820,-0.026069,0.008123,0.470255,0.226085,-1.469718
0.003429,-0.007888,-0.006310,0.412613,0.270516,-0.097711
0.018886,0.002508,-0.014687,0.309137,2.033776,0.044687
-0.000310,-0.000204,-0.016101,-0.144466,0.983629,-0.274153
0.000353,-0.017049,-0.003779,0.530882,0.727129,-0.712998
-0.004948,-0.005098,0.007253,0.270306,-0.051922,-0.679068
-0.013643,-0.018244,0.014878,-0.171290,-0.210197,-0.209387
0.004620,-0.009358,-0.008778,-0.433094,1.613325,-0.568016
-0.008372,-0.023256,0.002221,0.336828,0.260534,-1.588697
-0.004360,-0.022019,0.012344,0.696478,-0.404262,-0.402466
0.007007,0.005948,-0.005703,0.218752,1.629140,0.185100
0.002464,0.002206,-0.007347,-0.233309,0.761342,-0.203258
0.005290,-0.015109,-0.002906,0.490764,0.962680,-0.493052
-0.004469,-0.013639,-0.005913,0.613110,0.163823,-1.135192
0.000064,-0.004116,0.005300,-0.153989,-0.125757,-0.115204
0.011366,-0.009611,-0.019236,-0.076733,0.919444,-0.419079
0.007069,0.000761,-0.017444,0.829699,0.576813,-0.473052
-0.008168,0.003325,0.009653,0.406422,-0.127503,0.186380
0.006248,-0.002899,-0.008177,-0.103889,-0.148255,0.412573
0.006015,0.002426,-0.019115,0.026634,0.678237,0.093940
-0.006192,0.000167,0.018794,0.219438,-0.284600,-0.580128
0.004098,0.002219,0.006216,0.495061,-0.383271,0.461015
0.013857,0.015467,-0.018642,-0.193857,-0.672424,0.252656
-0.004485,-0.005633,-0.000950,-0.260898,0.047165,-0.431444
-0.006251,-0.009253,0.011251,0.508256,0.360359,-0.205353
0.007739,0.005042,-0.004885,0.259789,0.536528,0.383084
0.000120,0.005974,-0.014401,-0.512316,-0.268474,0.005304
0.004758,-0.005170,-0.010895,-0.097560,0.360431,-0.100603
0.012337,0.009680,-0.003838,0.660952,0.475205,-0.136796
-0.011099,-0.001123,0.003879,0.056970,-0.282073,-0.487052
0.010788,0.001979,0.000810,-0.595398,0.047914,0.347565
0.008727,0.007832,-0.005545,0.083282,0.453626,-0.530229
0.001587,-0.001851,0.004923,0.674344,0.444958,-0.157879
0.013595,0.005655,-0.001107,0.076520,0.539475,0.230562
0.007368,0.006158,-0.011860,-0.421363,0.262191,-0.074603
0.001715,-0.010327,-0.001862,0.039970,-0.036041,-0.204184
0.008254,0.007851,0.015909,0.461564,0.324817,0.097249
0.013023,0.007008,0.006121,0.029975,-0.486021,0.055979
0.001683,-0.007353,-0.011132,-0.377936,-0.187926,-0.036504
0.011628,-0.001372,0.012052,0.042104,0.309078,-0.169052
0.015131,0.005816,0.013201,0.741569,0.054144,0.432376
0.001578,0.004644,0.007046,-0.081322,-0.199487,0.334700
0.008503,0.005951,-0.005171,-0.743157,-0.117186,0.298636
0.013060,0.005429,-0.009248,0.291303,1.177194,-0.431795
-0.007331,-0.008420,0.014859,0.559869,-0.194619,-0.240649
0.009137,-0.003854,-0.000369,-0.292905,0.173319,0.133724
0.006875,0.004612,-0.013905,-0.091409,0.605656,-0.205727
0.005034,0.002540,0.000183,0.170096,0.251678,-0.172463
0.004588,-0.002350,0.021637,0.183994,-0.117905,-0.487386
0.010568,0.008239,-0.000175,-0.140931,0.110592,-0.176454
0.003918,-0.005830,-0.008598,-0.205763,0.986271,-0.042540
0.004755,-0.002905,0.000436,0.118930,0.010822,-0.122402
-0.003674,-0.010573,0.017137,0.477234,0.034715,-0.555254
-0.000179,-0.010021,0.015991,0.073071,-1.040273,-0.046722
0.008379,0.012361,-0.007176,-0.561142,-0.312445,-0.082763
0.000803,0.002816,0.003840,0.225399,0.527225,-0.500096
-0.009822,-0.025117,0.012676,0.773313,0.334956,-0.518093
0.015216,0.012014,0.004460,-0.079284,-0.039005,0.455353
0.007397,0.004073,0.001151,-0.287049,-0.121329,0.037256
-0.001124,-0.006096,-0.001974,0.319112,0.887122,-0.241837
-0.002246,0.000571,0.024460,0.396529,-0.616547,-0.256999
0.008244,0.017699,0.010897,-0.061628,-0.875108,0.520483
0.012062,-0.010842,-0.023989,-0.270466,1.393585,0.050947
0.010095,-0.002531,-0.026759,-0.105149,1.886201,-0.169108
-0.005076,-0.006204,0.014819,0.345529,-0.829012,-0.706909
0.000708,0.002524,0.009367,-0.035824,-0.964091,0.504271
0.013128,0.015660,-0.007055,-0.597686,0.519308,0.320238
0.002661,0.001520,-0.009891,-0.110615,0.708695,-0.419883
-0.014021,-0.007087,0.026968,0.112791,-1.512577,-0.151445
0.013060,0.014571,0.005911,-0.317963,-0.780784,0.709197
0.000921,0.008695,-0.005624,-0.231090,0.585075,-0.007809
-0.015553,-0.014564,0.006390,0.033310,0.115191,-0.811071
0.006294,-0.006854,0.019841,0.095198,-0.259441,-0.260612
0.012698,0.011833,-0.014624,0.056786,-0.044244,0.230749
-0.008060,0.003318,-0.003900,-0.634003,-0.174202,0.129866
0.004735,-0.007369,-0.000595,-0.159178,0.372898,0.072375
0.005500,0.005344,-0.003290,0.532225,0.077137,-0.009752
0.008303,0.010845,0.009505,0.036619,-0.360136,0.620174
0.004725,-0.000086,-0.020572,-0.637009,0.126653,0.404791
0.010201,0.007661,-0.027790,-0.391099,0.789810,0.044963
0.002280,0.005826,0.009229,-0.033435,-0.106019,-0.020903
0.004030,0.000325,0.005366,0.451605,-0.121082,-0.002806
0.010112,0.015030,-0.009540,-0.205303,-0.157284,0.572910
-0.002401,-0.002025,-0.024698,-0.875383,0.209141,-0.263468
-0.004987,-0.006966,0.010976,0.225057,-0.186308,0.109666
0.001906,-0.000506,0.003324,0.311602,-0.414611,0.372120
0.011408,0.008029,-0.014263,-0.280688,0.092653,0.652175
0.003133,-0.007996,-0.023283,-0.201167,0.768340,0.230017
0.003396,0.003072,-0.025039,0.254452,0.284151,-0.089716
0.000429,-0.000089,0.022106,0.312111,-0.661090,-0.365746
0.005188,-0.003535,-0.017109,0.098293,0.037338,0.354169
0.005710,0.006890,-0.011480,-0.203714,0.063200,-0.064890
-0.002076,-0.005196,-0.005095,-0.326872,-0.205904,-0.241633
0.001850,-0.007793,0.006131,0.400799,0.231471,-0.398334
0.016657,0.001408,0.004279,0.090274,0.435376,-0.340372
-0.002532,-0.007264,-0.015097,-0.552112,0.281141,-0.170283
-0.014021,-0.027494,-0.001386,-0.380208,-0.078844,-1.090817
0.014510,0.012824,0.010611,0.352639,0.382384,0.407938
0.004016,0.009535,0.005077,0.551417,0.477746,0.574476
-0.002138,-0.002718,0.001982,-0.051931,-0.324646,0.107142
0.002208,0.018024,-0.019702,-0.574325,-0.165697,-0.246331
-0.011447,-0.019337,0.020143,0.429806,-0.029279,-0.662143
0.006262,-0.008068,-0.000506,0.747001,0.355212,0.084441
0.008743,0.009522,-0.016131,0.020538,-0.497539,0.146538
-0.003070,-0.001389,-0.010364,-0.715361,-0.058749,-0.362621
0.014067,-0.002813,-0.010150,0.433797,1.957049,0.033156
-0.007210,-0.011515,0.013624,0.685931,-1.867103,-0.787565
-0.004196,0.002879,0.014173,-0.049056,-1.245262,-0.018972
0.001699,-0.009467,-0.008499,-0.143666,-0.436883,-0.019071
0.005218,0.000738,-0.018386,0.003322,0.175079,-0.252068
-0.000727,-0.007803,0.013424,0.665409,0.539101,-0.614180
0.002510,-0.005203,0.007877,0.521662,-0.169416,0.089040
0.013060,0.009873,-0.021166,0.149377,-0.395934,-0.069551
-0.002329,0.000200,0.007086,0.127441,0.744693,-0.105954
-0.006504,-0.014850,0.023669,0.612943,-3.019761,-0.395245
0.007978,0.002104,0.017229,0.644008,-1.779357,0.344397
0.002536,-0.005436,0.007348,-0.222516,0.674029,0.066460
0.019920,-0.002902,-0.021422,0.205954,1.762180,0.580532
0.009475,-0.000729,-0.000211,0.642344,0.274684,-0.288868
-0.003317,-0.000545,0.010772,0.027264,-0.726344,-0.236693
0.006718,-0.005636,-0.008972,-0.403474,-0.049900,0.156701
0.007368,-0.003059,-0.005765,0.673172,0.387804,-0.219352
-0.019223,-0.012201,0.027841,0.770402,-0.605918,-0.411943
0.015912,0.003374,-0.009635,-0.585501,0.013028,0.232988
0.004853,0.000384,-0.002919,-0.335790,-0.161873,0.118621
-0.009235,-0.013366,-0.004265,0.342198,0.249049,-0.380001
0.010621,0.003049,0.017888,0.451598,0.037312,-0.025399
0.009052,0.014137,0.001049,-0.019386,0.111849,0.473282
-0.005913,-0.003765,0.005431,-0.167279,0.626985,0.482220
0.015804,-0.001106,-0.006106,-0.245273,1.365908,-0.121171
-0.002893,-0.001110,0.007467,0.784854,-0.247624,-0.393971
-0.006320,-0.003414,0.025943,0.459371,-0.237616,-0.038119
0.017586,-0.007464,-0.011969,0.139766,0.871862,0.547889
0.016076,0.001562,-0.016210,0.022419,0.965569,-0.215344
-0.012081,-0.006887,0.024562,0.528752,-0.469215,-0.318082
0.008172,-0.003361,0.013309,0.104763,-0.263432,0.134265
0.010046,-0.000204,-0.007800,0.220157,0.880143,0.066181
-0.002988,-0.002794,0.008218,0.015208,-0.314123,-0.149348
0.007906,-0.011991,0.009590,0.749141,0.138677,-0.054715
0.014471,0.009932,-0.009878,0.428457,0.142245,0.054771
-0.014208,-0.006634,-0.003621,-0.697436,-0.633287,-0.241322
-0.000714,-0.013544,-0.014634,-0.001027,0.330794,-0.294848
0.009029,0.013573,0.004489,0.820075,0.267870,0.190467
-0.004075,0.009745,0.014452,0.184526,-0.373230,0.108990
0.013010,0.003180,-0.024629,-0.316959,-0.303264,0.201788
0.006652,0.004418,-0.016748,0.020046,0.386182,-0.653258
-0.015452,-0.011820,0.031343,0.660394,-0.288021,-0.934868
0.010804,-0.001776,0.010135,0.196011,-0.030349,0.132260
0.010266,0.017174,-0.002981,-0.402404,-0.359890,0.133188
-0.008756,-0.007665,0.006380,-0.190979,-0.067277,-0.394303
0.001781,-0.010169,0.020255,0.356887,0.353883,-0.705403
-0.000369,0.008619,0.004132,-0.032594,-0.141939,-0.195880
0.001686,0.002343,0.011297,-0.142274,-0.120662,0.186879
0.005792,-0.001376,-0.011309,-0.258984,0.299913,-0.135821
-0.002598,-0.009056,0.003206,0.721753,0.977395,-0.622357
0.007775,0.003082,0.001880,0.235824,-0.031511,0.175128
0.010959,0.017288,-0.005397,-0.583538,-0.105501,0.102721
0.002224,0.002130,0.010017,0.194705,-0.157820,-0.697561
-0.003838,-0.012273,0.004759,0.725997,0.306682,-0.320254
0.002260,0.006204,-0.003753,-0.272990,0.031003,0.128803
0.002753,0.006204,-0.013577,-0.505466,-0.505906,0.078450
-0.010564,-0.015040,-0.006238,-0.211356,0.184772,-0.720929
-0.001528,-0.015664,0.011579,0.581583,0.255331,-0.903353
0.009239,0.024155,0.004640,0.217698,0.282090,1.133787
-0.008089,0.001536,-0.002844,-0.504533,-0.142018,0.182632
-0.005503,-0.001976,0.003242,0.043916,0.223472,-0.049480
0.003294,0.011147,-0.009573,0.241683,-0.100452,0.325716
0.006761,0.017666,0.006140,0.150894,-0.487682,0.492963
0.006879,-0.000745,0.012876,-0.169347,-0.097528,0.299375
-0.001370,-0.021316,0.003334,0.072650,0.430098,-0.827979
-0.026254,-0.039143,0.023423,0.308297,0.065957,-1.708414
0.006823,-0.010859,0.013795,0.188928,-0.016557,-0.605797
0.009800,0.004618,0.003662,0.051164,0.044411,0.040693
0.000212,-0.004340,-0.011749,-0.346865,0.670615,-0.276700
-0.009790,-0.029821,0.009111,0.418823,0.223994,-1.181930
-0.004646,-0.005951,0.020744,0.102688,-0.653258,-0.299729
0.003429,-0.001618,0.002231,0.212138,0.153631,0.180308
0.008320,-0.011725,-0.022325,0.083446,0.417034,-0.668222
0.005874,0.007851,0.009653,0.452369,0.055834,-0.490918
0.009176,-0.007468,0.002228,0.553583,-0.047214,0.096100
0.007742,0.003243,-0.015842,-0.015168,-0.523651,0.330706
-0.002749,-0.005400,-0.001593,-0.211861,-0.016071,-0.725665
0.004702,-0.012736,-0.009120,0.261246,0.508171,-0.459515
0.002818,-0.006030,-0.003392,0.891770,0.277379,-0.448023
-0.007285,-0.010780,0.035975,0.083693,-1.891075,0.251901
0.010033,0.002990,0.005533,-0.255327,-0.200468,0.311379
0.003432,-0.003059,0.010503,0.791609,0.394145,-0.829334
-0.007436,-0.015598,0.018850,0.428470,0.284998,-0.089138
0.017077,-0.004701,0.021469,0.377353,-0.208001,0.192886
0.002756,0.000765,-0.012632,-0.272783,0.251507,-0.338442
-0.007321,-0.016655,-0.017493,0.308513,0.693464,-0.432560
0.004830,-0.002754,0.004745,0.885592,0.275948,0.132686
0.008359,0.009562,0.014307,0.271189,-1.019102,-0.053760
0.017271,-0.004878,-0.029208,-0.210109,1.107137,0.144126
0.003370,-0.004523,-0.041199,0.305940,1.386866,-0.165770
-0.015488,-0.017437,0.018144,0.094932,-1.056052,-0.331116
0.002204,0.003807,0.013329,0.073340,-1.012747,0.123696
0.005365,0.006401,-0.003562,-0.300691,-0.754186,0.214248
-0.006986,-0.012726,-0.011207,-0.185842,0.869564,-0.289376
-0.003533,-0.002895,-0.007659,-0.023975,-0.056497,-0.193103
0.005359,-0.001392,0.019891,0.571423,-0.247522,0.122767
0.010250,-0.000703,-0.011640,0.160705,-0.041382,0.363819
0.003862,0.008725,-0.021209,-0.362758,0.457135,-0.251350
-0.009829,-0.008879,-0.008417,-0.341570,0.130572,-0.650730
0.019224,-0.001789,0.014675,0.146807,0.055027,0.393634
0.017238,0.014357,-0.001563,-0.380733,-0.948487,-0.129922
0.002244,-0.006926,0.003521,0.352071,0.520411,-0.268336
0.004913,0.007874,0.009357,0.014564,0.066023,-0.133612
0.015357,0.008295,0.016067,0.227483,-0.259795,0.278633
0.003573,0.005416,-0.008450,-0.423887,0.009890,0.292406
-0.002095,-0.002167,-0.034407,-0.287699,0.311612,-0.376345
-0.008700,0.006115,0.010756,-0.531650,-0.852735,-0.283110
0.000521,0.003318,0.012899,0.050737,-0.229820,0.203144
0.006002,0.008491,0.000849,0.060102,0.262090,0.081808
0.001013,-0.006966,0.010995,0.104382,0.333128,-0.060157
0.009203,-0.002711,-0.005062,0.600814,0.524662,-0.571696
-0.004758,0.008692,0.021939,0.159573,-0.541064,0.418908
0.015410,0.005511,-0.011739,-0.084936,0.035595,0.456637
0.008021,0.017200,-0.020963,-0.707329,0.450951,0.107441
-0.002493,-0.008748,-0.012996,-0.554696,0.347016,-0.315679
0.008783,-0.002176,0.001863,0.832541,-0.072433,-0.292977
0.001876,0.010766,0.020399,0.285303,0.122724,0.007060
0.013575,-0.002127,-0.020684,-0.601851,0.425417,0.196418
0.007230,0.002947,0.003708,0.230660,0.391017,-0.183695
-0.008417,0.000325,0.022251,0.255206,-0.722993,-0.230690
0.003419,0.009322,0.023603,0.153444,0.056737,0.006237
0.007663,0.006945,0.011153,-0.237034,-0.124030,-0.011177
-0.011089,0.000564,-0.007239,-0.624635,-0.235709,-0.382555
0.012088,0.007664,0.007673,0.357665,0.249741,-0.166121
-0.000556,0.012677,0.008645,0.174967,-0.045731,0.330807
0.008031,-0.004825,-0.015471,-0.119851,0.161132,-0.115332
0.004417,0.003128,-0.041199,-0.235840,0.172932,0.018109
-0.010288,-0.002029,0.012518,0.391749,-0.040883,-0.312140
0.012462,-0.002889,-0.006851,0.307630,0.269475,0.175739
0.009698,0.008728,-0.043720,-0.581983,0.153963,0.085206
-0.000727,0.003213,-0.007124,-0.535658,-0.244154,0.055450
0.006117,-0.009257,-0.003392,0.450567,0.386638,0.247578
0.008392,0.006023,-0.009179,0.302178,0.553071,0.366941
0.005431,0.004464,-0.011545,-0.493875,-0.055611,0.131984
0.005933,-0.006726,-0.011348,-0.273873,0.396762,-0.283383
0.003984,0.005465,0.001095,0.579580,0.066492,0.007878
0.004315,0.007431,0.007637,0.327443,-0.022632,0.237084
0.002940,-0.011298,0.002238,-0.146869,-0.085763,-0.360710
0.003130,0.002645,-0.017299,-0.457732,-0.060869,0.224194
0.004295,-0.004146,0.009768,0.442200,0.129469,-0.254290
0.005546,0.000289,-0.005545,0.449405,0.173566,0.465411
0.001666,0.008331,-0.016587,-0.385200,-0.012910,-0.018546
0.004000,0.002665,-0.016121,-0.920989,-0.315820,-0.151228
0.003009,-0.014427,-0.007052,0.395741,0.273687,-0.005298
0.008408,-0.002245,-0.014069,0.634026,-0.090589,0.259375
0.000012,0.002816,0.001099,-0.153129,-0.259201,-0.072420
0.000153,-0.017817,0.001630,0.276283,0.093573,0.147585
0.012659,0.006552,-0.018855,0.396036,0.095440,-0.434184
0.000485,0.000778,0.013493,0.703243,0.038677,0.007668
0.006071,-0.005347,-0.006707,0.020200,-0.189318,0.665183
0.007972,-0.003470,-0.027659,0.034568,0.067369,-0.391742
-0.004288,-0.009109,0.021988,0.260458,-0.213962,-0.154599
0.002375,0.010622,0.014373,0.217498,-0.079005,0.233480
0.007506,0.010159,-0.006625,-0.363943,-0.298738,0.671994
0.002424,-0.002380,-0.014614,-0.615660,-0.009007,0.149597
0.005802,0.007005,-0.002807,0.652772,-0.009903,0.041877
-0.014858,-0.006805,0.017823,0.135759,-0.342591,-0.058112
0.006895,0.001076,-0.010712,-0.653402,-0.116169,0.187204
0.005182,0.005616,0.011540,0.108600,-0.168934,-0.294274
0.007017,-0.006345,-0.001987,0.074548,0.112470,0.323757
0.009564,0.007349,-0.000671,0.655598,-0.416738,-0.067556
-0.002594,-0.001786,0.001946,-0.500949,-0.053642,0.043410
0.006317,-0.005429,0.017941,-0.247620,0.145327,-0.389313
0.008172,0.001181,0.027493,0.300422,-0.528640,-0.166754
0.007394,-0.004047,0.010651,0.484301,0.013527,0.256654
0.006600,0.012105,-0.032527,-0.224036,0.359745,0.366872
-0.007377,-0.010159,0.010454,-0.141699,0.284226,-0.468118
0.013053,0.003144,0.009022,-0.252144,0.054561,0.008000
0.010706,0.006430,0.016605,0.312577,-0.329153,0.154406
0.002726,0.000417,-0.011243,-0.076267,0.334405,0.204240
0.000265,0.006962,-0.020743,-0.564605,-0.040088,-0.050116
-0.001807,-0.001740,-0.003014,-0.386395,-0.336775,-0.561711
0.011021,0.006102,0.003790,0.170474,0.482331,0.312974
0.015390,0.009713,-0.026346,0.253050,0.438468,0.479338
-0.007626,0.000617,-0.017116,-0.960789,-0.017223,-0.263403
0.007368,-0.008144,0.019159,0.323501,0.191813,-0.378278
0.012561,0.001917,0.007581,0.568082,0.223488,-0.372455
0.001079,-0.005236,-0.008158,-0.118250,-0.366803,-0.083315
0.010283,-0.000154,-0.004330,0.203653,0.084408,-0.431877
-0.003044,0.008390,-0.018583,-0.178919,-0.137130,0.001319
0.006514,-0.002501,-0.007002,0.344528,0.433597,0.138555
0.013421,0.010156,0.002986,0.505355,-0.104795,0.046568
0.001962,-0.005324,-0.000871,-0.595181,0.071915,0.017331
0.010253,0.011058,0.005244,-0.062254,0.265717,0.003932
0.005576,-0.001609,0.032147,0.965808,-0.035618,-0.366602
0.014602,0.000299,0.011927,0.656757,0.195801,0.284923
0.015584,0.008505,-0.012087,-0.551387,0.448828,0.206607
-0.012983,-0.001188,-0.014365,-1.154696,-0.260218,-0.268290
0.012567,-0.002242,0.029164,-0.017810,0.183410,-0.329842
0.003793,0.008439,0.001046,0.039110,0.162766,-0.110710
-0.000274,-0.005593,-0.016732,-0.130116,0.107874,0.309702
0.007785,0.010126,-0.036554,-0.935974,-0.066243,0.189377
0.001492,0.001546,-0.002450,0.300540,-0.089653,-0.066732
0.015948,0.004060,0.005461,0.408477,0.026601,0.685515
0.006219,0.001460,-0.022023,-0.617866,0.537713,0.451913
-0.009957,-0.005462,0.009298,-0.636704,-1.115330,-0.047411
0.007197,0.000965,0.018354,0.376798,-0.306035,0.081493
0.007565,0.007943,0.017035,0.209745,-0.271458,0.159687
0.008792,-0.009355,-0.006628,0.004405,0.719478,-0.362338
0.003074,-0.004051,0.018955,0.423087,-0.209882,-0.309120
0.008244,-0.003210,0.027470,0.544425,-0.434989,0.003214
0.012035,0.001533,-0.027321,-0.548492,0.112837,0.503477
0.006344,-0.000916,-0.048446,-0.008971,0.408509,-0.534440
-0.009199,-0.003283,0.017544,0.213680,-0.497499,-0.228737
0.021361,-0.001425,0.009905,0.251556,0.199224,0.195407
0.005441,0.009644,-0.034769,-0.766918,0.035601,0.243738
-0.010531,-0.011394,-0.002075,-0.715371,0.080046,-0.197705
0.011064,-0.007392,0.010903,0.074758,0.054856,0.308041
0.016509,0.005458,0.004627,-0.003765,0.042426,0.460172
0.009419,-0.003384,-0.019108,-0.858718,-0.247273,0.534857
-0.001531,-0.000332,-0.013548,-0.053658,0.529500,0.280353
-0.006185,-0.012424,0.012574,-0.036894,-0.402115,0.142392
0.011619,0.003217,0.034271,0.717978,-1.059364,0.312810
0.002063,0.005990,-0.006208,-0.107047,0.623217,0.065481
0.009987,-0.007809,-0.028214,-0.244430,1.024968,-0.358498
-0.001560,-0.004136,-0.015235,0.601271,-1.216252,-0.178702
0.002651,0.001342,0.017275,-0.175866,-0.306816,0.433351
0.023767,0.002225,-0.001219,-0.013819,1.828489,0.251760
0.004558,-0.001451,-0.001278,0.597827,0.888041,-0.201995
0.004640,-0.014184,-0.008401,-0.058542,0.028324,-0.767020
0.009935,0.003459,-0.004495,0.316611,-1.097887,-0.028393
-0.000612,0.000879,-0.011572,-0.300491,0.836326,0.308441
0.007263,-0.012405,0.020678,0.603874,0.736431,-0.610894
0.012403,0.005455,0.004877,0.247155,0.154957,-0.178771
-0.001393,-0.009890,0.055174,1.167160,-0.876286,0.127395
0.013565,0.007392,0.001345,-0.980086,0.014344,0.361039
0.010982,0.007520,-0.001629,0.204092,1.096128,-0.123630
-0.001498,-0.013278,0.000839,0.377694,0.101831,-0.472625
0.008500,0.011853,-0.005410,0.075250,-0.407508,0.347121
0.001394,0.000377,0.041453,0.866344,-0.195787,-0.250522
0.002657,-0.008584,0.002044,0.693064,0.673727,-0.402108
0.016398,0.001063,0.016037,0.980704,0.450738,-0.098870
-0.000507,0.005252,0.018571,0.237619,-0.185169,0.116425
0.014327,-0.002078,0.037150,1.109559,0.231235,0.119274
0.014898,0.012128,-0.027265,-0.854750,1.108900,0.023814
-0.013771,-0.006805,-0.003333,0.186567,0.392560,-0.501416
0.012006,0.004999,0.000537,0.300639,-0.280730,0.307926
0.009613,0.002695,0.025156,0.375166,-0.135108,0.450423
0.012108,-0.009024,0.001227,0.268110,0.459515,-0.294989
0.012314,-0.007087,0.001351,0.762330,0.523890,-0.412579
0.005963,-0.005446,0.025379,0.212400,-1.291239,0.407604
0.020110,0.019107,-0.043004,-1.443521,-0.558077,0.594312
0.008356,0.006187,-0.010249,-0.250496,0.391795,-0.165802
0.015410,-0.004999,0.012633,0.923947,0.290929,0.129529
0.015692,0.014479,-0.001081,-0.193060,-0.460700,0.306212
0.000297,-0.008814,0.009357,0.217839,-0.033576,0.255545
0.011710,0.001382,0.010591,0.045708,0.502650,-0.031281
0.020744,0.004513,-0.003828,0.558031,0.380556,0.682446
0.006682,-0.002643,0.001017,0.186873,-0.292800,-0.078158
0.003403,-0.000263,-0.014175,0.193825,0.724365,-0.234970
-0.009478,-0.020611,0.040101,0.495891,-1.984148,-0.503411
0.009501,0.016248,0.014823,0.273614,0.096097,-0.184339
0.000649,0.002189,0.009210,-0.255334,-0.957786,0.303757
0.000278,-0.000788,-0.011808,0.455540,1.118675,-1.142588
0.009173,0.006453,-0.020405,0.694246,1.739564,-0.487029
-0.009442,-0.007238,0.028793,0.302145,-0.521727,-0.372655
0.008684,0.012824,-0.002551,-0.151159,-0.125593,0.140761
0.011747,0.018821,-0.050124,-1.226926,1.115471,0.183078
-0.012885,-0.017043,0.035643,1.149805,0.220862,-0.898269
0.015016,-0.000972,0.009059,0.247680,0.289885,0.340386
0.007174,0.005265,-0.012464,-0.820485,-0.531397,0.395823
0.013729,-0.019288,-0.011979,0.590055,1.078741,-0.038000
0.015656,-0.010451,0.001680,1.308245,2.048255,-0.247729
-0.015074,-0.002931,0.037186,0.119977,-2.521438,0.263478
0.006321,-0.003939,0.009114,-0.098155,-1.031575,0.548207
0.008133,-0.004235,-0.019663,0.056189,0.996739,0.085051
-0.003530,-0.021192,0.012144,0.617085,0.136963,-0.194901
0.012751,0.006854,-0.020825,-0.112450,-0.300418,0.815076
0.005398,-0.012198,-0.005131,0.204962,0.633127,0.492136
0.009629,-0.019859,0.007834,0.394024,0.453311,-0.540535
0.010187,-0.023489,0.015364,0.744818,0.057338,-0.125878
0.007877,-0.017046,0.014970,0.145475,-0.355662,0.954114
0.018958,-0.011856,-0.023461,-0.574804,0.325723,0.740148
0.019332,-0.030586,-0.014106,-0.046627,1.326506,0.712267
0.026669,-0.029030,0.016021,-0.009834,-0.467074,1.075065
0.024463,-0.017650,0.004949,-0.192882,0.185399,1.165270
0.019217,-0.033320,-0.002709,-0.203255,0.351615,1.365761
0.020521,-0.021310,-0.039709,-0.257848,0.144588,0.799498
0.016053,-0.038963,0.024378,-0.112200,-0.887847,1.495687
0.038301,-0.037870,-0.011900,-0.981967,-0.070362,1.597633
0.037363,-0.030780,-0.040418,-1.233310,0.084779,1.375084
0.023662,-0.060991,0.001023,0.001635,-0.220084,1.286777
0.042217,-0.041172,-0.013886,0.469048,-0.247555,2.033909
0.025441,-0.047343,0.017097,-0.605468,-1.442530,1.954562
0.044880,-0.053274,-0.029851,-1.138842,-0.565236,2.353409
0.031169,-0.049243,-0.009487,-0.321449,-0.666739,1.779891
0.019027,-0.049417,0.014937,0.205140,-0.897422,1.787499
0.026744,-0.039685,-0.011532,-0.453006,-0.895364,2.287733
0.026068,-0.044599,-0.009448,-0.678726,-0.538188,2.246617
0.016316,-0.050287,-0.031992,-0.839651,-0.776205,1.690763
0.008234,-0.037328,-0.023178,-0.183429,-0.761637,1.936236
-0.010321,-0.033639,-0.028358,-1.426803,-1.560336,1.949625
-0.000152,-0.047001,-0.029546,-0.549664,0.055608,1.829363
-0.003733,-0.040545,-0.029526,-0.391913,-0.960143,1.510349
-0.028637,-0.037985,-0.006592,-0.298899,-1.332227,1.828187
-0.016945,-0.027487,-0.011765,-0.814451,-0.687270,1.902289
-0.032199,-0.023102,-0.064593,-1.484597,-0.055384,1.453556
-0.044219,-0.031938,-0.017539,-0.486152,-0.380526,1.112349
-0.027613,-0.005830,-0.016617,-0.702592,-0.921239,1.659719
-0.041980,-0.001700,-0.045459,-1.654637,-0.430580,1.040447
-0.038347,-0.003703,-0.045046,-1.427374,0.043430,1.225117
-0.042456,0.017951,-0.026280,-0.307124,-0.646253,1.349873
-0.051332,0.022727,-0.026901,-0.744890,-0.573064,1.371146
-0.046806,0.031626,-0.032513,-1.058018,-0.415366,1.208380
-0.046080,0.040561,-0.041521,-1.025890,-0.507678,0.922312
-0.053817,0.037078,-0.013190,-0.228891,-1.173872,1.131413
-0.038780,0.055883,-0.049484,-0.551577,-0.683732,1.966537
-0.040448,0.066981,-0.041698,-0.460900,-1.062906,2.025378
-0.025631,0.062468,-0.032484,-0.191707,-0.671016,2.342324
-0.017060,0.074839,-0.030173,-0.189886,-1.888121,2.264941
-0.014109,0.057357,0.008117,-0.622468,-2.551239,2.507494
0.007630,0.071655,-0.009139,-0.696730,-1.588103,3.041701
0.004092,0.073720,-0.012606,-0.063249,-1.386180,2.933111
-0.001915,0.067424,0.050332,-0.494437,-3.778904,3.735736
0.019552,0.063925,0.006941,-0.149446,-3.099557,4.235672
0.018518,0.087513,-0.003044,-1.762932,-1.742456,4.665970
0.008753,0.044651,0.017567,-0.110743,-1.963032,3.662026
-0.001478,0.065416,0.061578,0.097456,-4.023951,4.225142
-0.020556,0.062291,0.064213,-1.182882,-4.276367,4.779686
-0.035862,0.049082,0.043846,-0.044034,-2.320385,4.251118
-0.053748,0.059162,0.061249,0.147536,-2.948269,3.715030
-0.077437,0.055814,0.100274,-0.373105,-4.296219,4.136846
-0.099394,0.062406,0.074366,-0.677200,-3.817082,4.058842
-0.116705,0.063853,0.053979,-0.838712,-2.477059,2.854226
-0.173731,0.053687,0.085172,-0.289311,-2.265004,2.314799
-0.206821,0.062704,0.097077,-0.610911,-4.671136,1.972401
-0.231016,0.071199,0.063918,-1.057943,-4.350514,1.028994
-0.274042,0.061352,0.038863,-0.898564,-1.754023,0.552262
-0.301027,0.071455,0.021515,-0.106656,-1.546104,-0.664207
-0.371714,0.069643,0.063261,-0.394808,-3.427305,-1.323201
-0.389141,0.084670,0.028766,-1.161402,-1.533086,-1.509122
-0.420961,0.100380,0.003833,-1.213937,-0.167053,-2.875037
-0.475187,0.090878,0.003977,-0.749581,-0.032365,-4.299541
-0.504574,0.133162,0.001604,-0.992681,-0.522581,-3.928636
-0.556270,0.135447,-0.031112,-1.637290,-0.672283,-4.893113
-0.582877,0.125767,-0.038533,-1.320653,0.260008,-5.701236
-0.616253,0.149728,-0.046707,-0.525840,0.262290,-7.191757
-0.655603,0.154797,-0.048460,-1.079768,-0.271878,-7.232561
-0.670446,0.166889,-0.071148,-1.610853,0.945106,-7.658924
-0.692750,0.188067,-0.073685,-1.616808,0.660590,-8.603913
-0.715041,0.198466,-0.061665,-0.975757,0.248208,-9.004308
-0.708214,0.224200,-0.101717,-1.246985,0.268231,-8.988159
-0.722400,0.232101,-0.113879,-1.562647,1.214236,-10.232657
-0.723467,0.222451,-0.105482,-0.607504,0.534630,-9.961918
-0.704613,0.250542,-0.095513,-0.574315,0.203872,-9.694281
-0.715816,0.260918,-0.093829,-1.290901,-0.376158,-9.899654
-0.701357,0.256066,-0.118405,-1.467542,0.365089,-10.140873
-0.689547,0.269006,-0.095116,-0.633353,-0.174377,-10.879261
-0.678242,0.270824,-0.077555,-0.404492,-0.412215,-10.313585
-0.647190,0.279848,-0.086542,-1.014063,0.302627,-9.746301
-0.634208,0.296690,-0.089664,-0.551680,0.665169,-9.782247
-0.608172,0.273998,-0.045318,0.109016,-0.041576,-9.792254
-0.564568,0.293644,-0.036958,-0.357769,-0.169059,-8.446395
-0.552285,0.289977,-0.039521,-0.711971,-0.249127,-8.237031
-0.517895,0.261364,-0.023589,0.039015,0.431768,-8.235527
-0.490690,0.263488,-0.019630,0.833388,-1.796633,-7.526638
-0.456950,0.266078,0.044128,-0.477936,-1.732199,-6.832165
-0.399566,0.254376,0.015909,-0.454867,0.460378,-6.242454
-0.373510,0.245861,0.038607,0.231701,-0.329613,-5.888338
-0.337699,0.234455,0.081955,0.173818,-1.662184,-4.701026
-0.274846,0.245379,0.052886,-0.391900,0.097268,-3.653704
-0.240945,0.230673,0.053073,-0.334362,0.545577,-3.427780
-0.204904,0.193109,0.090863,0.953771,-0.668219,-2.923658
-0.154250,0.200993,0.081440,0.309580,-1.697060,-1.607058
-0.121438,0.183393,0.087187,-0.134311,-1.687908,-1.280527
-0.085181,0.151829,0.068589,0.416801,-0.966100,-0.947319
-0.040589,0.160042,0.079171,0.764509,-1.905777,0.229206
-0.019706,0.150920,0.091021,-0.150874,-3.065105,1.046387
0.014934,0.124450,0.068914,-0.201308,-2.553714,1.379601
0.042601,0.125632,0.065077,0.160728,-2.224384,1.838411
0.042989,0.098893,0.111651,0.155086,-5.064339,2.562481
0.088319,0.103003,0.081902,-0.873171,-4.331640,3.842752
0.106419,0.095772,0.051845,-0.394040,-3.253418,3.969671
0.102073,0.078371,0.081922,-0.238567,-3.326101,3.904603
0.125916,0.055870,0.077937,-0.120833,-3.486110,4.600373
0.141242,0.061431,0.058131,-0.634252,-5.052519,5.055552
0.140175,0.051925,0.057964,-0.420178,-1.628352,4.878195
0.134231,0.026331,0.064732,0.024917,-3.437714,5.062383
0.135872,0.033500,0.044342,0.061940,-2.995619,5.442545
0.124167,0.021309,0.063793,-1.015064,-4.006508,5.616314
0.126090,0.001076,0.043816,-0.900103,-2.902545,5.114049
0.114740,-0.002035,0.036559,-0.268339,-2.433439,5.179842
0.094891,-0.009244,0.063009,-0.590353,-2.531117,4.943355
0.089229,-0.012237,0.026301,-1.054155,-1.918733,5.433705
0.073486,-0.015605,0.003876,-0.563118,-1.491280,5.140872
0.037386,-0.042009,0.050897,-0.470954,-2.002297,4.287307
0.036670,-0.035746,0.044732,-0.437926,-1.629786,5.388427
0.007388,-0.046585,0.010513,-0.642691,-1.306335,4.769654
-0.023185,-0.047087,0.028592,-1.212936,-1.818379,4.770543
-0.038294,-0.069552,0.044397,-0.238830,-1.359477,4.363452
-0.054916,-0.052283,0.027588,-0.672535,-1.609159,5.074999
-0.078632,-0.057351,0.019986,-1.292584,-1.088030,4.768008
-0.107829,-0.085813,0.012892,-1.228738,-0.886734,4.549651
-0.125486,-0.083276,0.022264,-0.786048,-1.443485,4.710519
-0.141576,-0.080866,0.020186,-0.835449,-1.697244,5.265717
-0.159006,-0.095368,0.005514,-1.506770,-1.721245,5.705144
-0.177030,-0.097006,-0.014552,-1.848675,-1.778579,5.688512
-0.193859,-0.111715,-0.007311,-1.016292,-1.311741,5.538494
-0.210881,-0.122015,-0.014411,-0.779766,-1.236442,6.184196
-0.218710,-0.129607,-0.025981,-1.642036,-1.516841,6.382403
-0.245984,-0.121976,-0.036830,-2.008878,-2.069068,6.412190
-0.254426,-0.133815,-0.040989,-1.262603,-1.403357,7.002471
-0.274407,-0.130123,-0.050829,-0.893988,-1.436401,7.289786
-0.291531,-0.120567,-0.040706,-1.568385,-1.711086,7.502445
-0.302465,-0.132171,-0.067222,-1.838867,-1.588959,7.441812
-0.316825,-0.117121,-0.068180,-1.348563,-1.851449,7.449368
-0.354409,-0.115749,-0.043332,-1.079170,-1.607085,7.359553
-0.358516,-0.111416,-0.056758,-1.664058,-1.409856,8.385085
-0.373983,-0.084549,-0.084481,-1.898542,-1.039371,7.245182
-0.402937,-0.086630,-0.048167,-1.636755,-2.032686,6.949615
-0.402244,-0.071955,-0.051509,-1.264109,-1.332371,7.557962
-0.410982,-0.043443,-0.078241,-1.457688,-1.100408,7.638578
-0.442851,-0.033317,-0.075057,-1.755336,-0.741463,7.050335
-0.450102,-0.007399,-0.067078,-1.480123,-1.046054,6.819592
-0.469127,0.018789,-0.042807,-0.913712,-1.671536,6.399354
-0.478433,0.032887,-0.070015,-0.707920,-0.732683,6.542898
-0.492127,0.075299,-0.082814,-1.323581,-0.587957,6.213481
-0.507023,0.092407,-0.050902,-1.234275,-0.838259,4.948065
-0.513952,0.118916,-0.042811,-0.557171,-0.943301,4.941502
-0.524827,0.150431,-0.057378,-0.384813,-1.076430,4.602899
-0.544597,0.179526,-0.045571,-1.234065,-0.666558,3.724655
-0.538062,0.211274,-0.035901,-0.877980,-0.363015,3.108892
-0.544210,0.248353,-0.024787,-0.206922,-0.814153,2.825184
-0.558308,0.271313,-0.027544,-0.214704,-0.758785,2.431546
-0.547903,0.303491,-0.063112,-0.569424,-0.091652,2.064008
-0.561229,0.335928,-0.022722,-0.595385,-0.430462,1.186490
-0.555777,0.356719,-0.011128,0.338176,-0.817807,0.524117
-0.542267,0.400996,-0.034936,0.294195,-0.495337,0.299981
-0.559769,0.412360,-0.032083,-0.566037,-0.596626,-0.635816
-0.540809,0.441951,-0.013285,0.081076,-0.281666,-1.807513
-0.528202,0.476174,-0.019213,0.777192,-0.613393,-1.706850
-0.529075,0.483937,-0.026267,0.454306,-0.479932,-2.376839
-0.516280,0.512848,-0.035507,-0.277438,-0.108370,-3.205212
-0.491474,0.525217,-0.028509,0.181975,0.332872,-3.366495
-0.498857,0.532572,0.000468,0.644789,-0.651636,-4.109449
-0.482110,0.553528,-0.017631,0.663551,-0.351129,-4.230682
-0.467043,0.561077,-0.023546,0.240602,0.071521,-4.724620
-0.446489,0.554893,-0.018163,0.323681,0.371532,-5.038175
-0.439523,0.565358,-0.011998,0.978885,0.030910,-5.801050
-0.427349,0.553813,0.003068,0.712236,-0.352058,-5.835929
-0.406246,0.568958,0.001545,0.042786,-0.390187,-5.571994
-0.387145,0.562167,-0.024334,0.348920,-0.455153,-6.100828
-0.376980,0.537900,-0.005013,0.485673,-0.336513,-6.620352
-0.331968,0.553994,0.011064,0.576117,-0.411309,-6.503946
-0.314420,0.527731,-0.006999,0.560932,0.098079,-6.271543
-0.298799,0.493498,-0.016866,0.115171,-0.211777,-6.514127
-0.269664,0.481842,-0.021816,0.647228,-0.451493,-6.593233
-0.254725,0.452796,0.021817,0.727766,-0.665984,-6.374284
-0.216173,0.429770,0.009187,0.060630,-0.660689,-5.877745
-0.197020,0.412983,-0.002545,-0.490839,-1.263827,-6.085704
-0.168752,0.374208,-0.000506,-0.210437,-0.582045,-6.341648
-0.143487,0.348762,0.010749,0.120498,-0.599876,-5.846163
-0.116774,0.325293,0.005937,-0.269308,-1.604975,-5.515926
-0.089152,0.279349,-0.016052,-1.064915,-1.034795,-5.606553
-0.070968,0.260911,-0.026218,-0.857130,-1.079811,-5.659983
-0.064849,0.220521,0.002930,-0.565331,-1.427605,-5.331286
-0.029970,0.197970,-0.016830,-1.313146,-1.864070,-4.646141
0.000461,0.169380,-0.029628,-1.927267,-0.169072,-4.748494
0.012666,0.134028,-0.028519,-1.416421,-1.267615,-4.603583
0.030601,0.119015,-0.038819,-0.875374,-1.333891,-4.532902
0.035971,0.096270,-0.022371,-1.864736,-1.379727,-3.988883
0.059906,0.064198,-0.042939,-2.351282,-1.725673,-4.053556
0.071658,0.051071,-0.054598,-1.995249,-1.500672,-4.205936
0.063077,0.017498,-0.022587,-1.771243,-2.569115,-4.466282
0.098721,0.017896,-0.031627,-2.244944,-1.691729,-3.806095
0.107380,0.007917,-0.080608,-2.624155,-0.969740,-4.006943
0.100861,-0.020959,-0.051443,-2.545855,-1.423715,-4.117469
0.119949,-0.029352,-0.054887,-1.898884,-1.550456,-4.323146
0.130023,-0.040263,-0.052198,-1.636856,-1.902892,-3.992145
0.131752,-0.053087,-0.045397,-2.420374,-1.791387,-3.742364
0.161298,-0.051764,-0.063775,-2.054071,0.272183,-3.100391
0.155898,-0.063233,-0.064268,-1.847664,-1.040428,-3.716311
0.144659,-0.097279,-0.028000,-1.191741,-2.778045,-3.767589
0.171690,-0.077348,-0.044363,-1.892581,-1.011578,-2.860208
0.161465,-0.082951,-0.023946,-2.477495,-1.890589,-2.606022
0.175366,-0.102645,-0.035865,-1.918765,-1.047029,-3.293003
0.179532,-0.095959,-0.025226,-1.174945,-1.278273,-2.531599
0.169195,-0.100791,0.012279,-2.098682,-2.189872,-1.982381
0.177779,-0.101638,0.005733,-2.262292,-1.557359,-1.619225
0.185328,-0.103883,0.001936,-1.918654,-1.128138,-1.635936
0.167305,-0.128816,0.026886,-1.248084,-1.438141,-1.593241
0.172435,-0.111321,0.035902,-1.263653,-2.683340,-1.095683
0.174411,-0.103253,0.036332,-1.896743,-2.169435,-0.494353
0.171234,-0.115204,0.011960,-1.512705,-1.468211,-0.221107
0.159735,-0.096957,0.040902,-1.122590,-1.873822,-0.428656
0.134254,-0.112407,0.072846,-1.255191,-2.260802,0.210527
0.145151,-0.082974,0.052242,-1.774597,-2.698998,0.954744
0.132869,-0.074403,0.042838,-1.698152,-1.585929,0.811334
0.114766,-0.081185,0.052055,-0.921045,-1.539279,0.886659
0.087115,-0.071981,0.053536,-0.177347,-2.773499,0.801955
0.047427,-0.060512,0.087177,-1.310631,-4.274420,1.244165
0.045198,-0.040272,0.073096,-1.595655,-2.317447,1.566299
0.012912,-0.041753,0.071386,-0.980326,-1.719823,0.960620
-0.007390,-0.035956,0.075912,-0.227729,-1.169306,0.919766
-0.031385,-0.010297,0.072472,-0.129430,-1.115697,1.516664
-0.072862,-0.003453,0.086885,-0.910220,-1.957282,1.210037
-0.099577,0.005688,0.070361,-0.772594,-0.904062,1.247558
-0.130918,0.015152,0.071527,0.036832,-0.207975,0.875316
-0.153078,0.031383,0.093631,0.097134,-0.725891,0.810933
-0.180017,0.044296,0.076962,-0.061467,-0.770263,1.224776
-0.200522,0.064057,0.056880,-0.557670,0.622570,1.156255
-0.242554,0.060702,0.080281,0.054604,-0.124509,0.616381
-0.257262,0.065183,0.097415,0.443425,-0.660256,1.354214
-0.275125,0.098184,0.079273,-0.143196,-1.117191,1.916640
-0.308905,0.094715,0.053736,-0.469500,0.850962,1.722526
-0.318299,0.100459,0.032774,-0.174727,2.020997,1.468731
-0.348714,0.111974,0.081499,0.427886,-0.749893,1.803788
-0.370503,0.120272,0.085113,0.118719,-1.003280,2.505662
-0.370710,0.130323,0.051760,-0.130191,-0.097114,2.551757
-0.387316,0.143206,0.037665,0.225687,0.357668,2.121363
-0.419572,0.139083,0.057517,0.627468,-0.292442,2.190737
-0.411583,0.159425,0.058860,0.732227,-0.171754,3.179211
-0.425697,0.177652,0.033027,0.262076,-0.465709,3.147502
-0.444696,0.164460,0.019129,-0.044851,-0.011134,3.336600
-0.446124,0.182458,0.030457,0.646046,-0.805399,3.365623
-0.463593,0.181095,0.053719,0.694314,-0.911110,3.505845
-0.465372,0.177888,0.017826,0.365050,-0.381327,4.115233
-0.481867,0.177872,0.002536,0.574916,-0.214836,3.710679
-0.490197,0.187752,0.052479,0.392836,-0.557926,3.804461
-0.478003,0.183327,0.034983,0.279263,-1.407299,4.826380
-0.479477,0.184998,0.010920,0.159720,0.508814,4.213742
-0.490214,0.167595,0.013519,0.318062,1.249519,4.027238
-0.484712,0.174560,0.034064,0.827158,-0.552195,4.722087
-0.476050,0.185244,0.018696,0.293847,-0.572628,5.480990
-0.465031,0.162303,-0.016994,-0.057961,0.928937,5.449420
-0.443560,0.159631,-0.018084,0.972613,3.635359,4.748278
-0.466236,0.143928,0.027785,0.888352,0.145133,5.206930
-0.426239,0.155637,0.014576,-0.164335,-0.156497,5.904613
-0.409518,0.145806,-0.013298,-0.060650,0.050618,6.186313
-0.400245,0.113907,-0.012953,0.834488,1.004620,6.196370
-0.383072,0.119422,-0.032960,1.102216,-0.683013,5.960554
-0.371025,0.116100,-0.005358,-0.054295,-0.992658,6.682966
-0.332614,0.109075,-0.041872,-0.237744,0.449517,6.955478
-0.324405,0.110119,-0.035563,0.530045,-0.662632,6.706230
-0.315296,0.086870,-0.025978,0.600118,-1.117545,6.543815
-0.288147,0.101325,-0.054434,-0.237195,-1.726553,7.245755
-0.276875,0.099907,-0.069021,-0.802444,-2.479449,6.837528
-0.269946,0.076612,-0.061668,0.480296,-2.161315,6.251055
-0.254115,0.099353,-0.071115,0.328615,-2.545452,6.451481
-0.257650,0.098224,-0.063382,-0.827092,-2.930003,6.467453
-0.230405,0.089010,-0.093944,-0.711452,-1.703172,5.940005
-0.234637,0.094265,-0.068978,-0.055847,-2.964846,5.201466
-0.236905,0.077626,-0.059475,-0.119845,-3.397327,5.029296
-0.207714,0.095237,-0.078589,-1.012681,-1.538236,4.675984
-0.206033,0.094235,-0.108935,-0.900494,-0.792797,3.903098
-0.219688,0.078083,-0.090343,-0.053852,-1.781402,3.284929
-0.214253,0.095663,-0.091880,-0.074088,-2.113434,2.841242
-0.223063,0.099491,-0.080023,-1.076892,-2.218547,2.393993
-0.206316,0.090523,-0.108965,-0.898643,-1.096065,1.393886
-0.211676,0.100321,-0.106687,-0.258567,-0.533987,0.538903
-0.234827,0.092545,-0.070573,-0.370331,-0.811980,0.117066
-0.229148,0.099422,-0.115247,-1.110734,-0.928021,-0.489417
-0.229349,0.115010,-0.129362,-0.587638,0.483257,-0.716634
-0.240936,0.115200,-0.098701,-0.400126,0.041273,-1.750527
-0.235539,0.115374,-0.107127,-0.518884,-1.057431,-1.273831
-0.238037,0.129554,-0.126086,-1.086461,-0.913821,-1.806903
-0.249509,0.124427,-0.109592,-1.168413,-1.049103,-2.357526
-0.243824,0.119051,-0.110015,-0.662035,-0.735148,-2.661857
-0.238910,0.130565,-0.113741,-0.516938,-1.355617,-2.107312
-0.250097,0.121283,-0.103083,-1.633279,-2.604838,-2.697491
-0.224491,0.112207,-0.121336,-1.566005,-2.207088,-2.282213
-0.220214,0.117377,-0.103394,-1.196058,-2.750686,-2.439881
-0.226513,0.108668,-0.089086,-1.737207,-4.721338,-1.878985
-0.191847,0.098880,-0.124258,-2.074389,-2.061286,-1.625255
-0.180992,0.101020,-0.113416,-1.863686,-2.707808,-2.032074
-0.186148,0.090142,-0.089641,-1.325951,-3.352820,-1.649111
-0.156528,0.090464,-0.103782,-1.730606,-3.078963,-0.981230
-0.151847,0.087444,-0.120164,-2.032971,-2.954559,-0.929531
-0.154558,0.061053,-0.100401,-1.584715,-3.013078,-1.498266
-0.135773,0.069407,-0.085899,-1.039177,-3.639085,-0.954274
-0.147032,0.076323,-0.077135,-1.512705,-4.314151,-0.757649
-0.139781,0.065527,-0.102925,-1.285344,-2.731346,-0.759763
-0.151384,0.069282,-0.098786,-1.330027,-2.712545,-0.975597
-0.166428,0.067408,-0.043027,-1.037362,-4.105313,-0.726988
-0.160440,0.084641,-0.032497,-1.537589,-4.585986,-0.100154
-0.168866,0.088849,-0.066936,-1.353969,-2.574551,-0.408313
-0.192178,0.070182,-0.033872,-1.215303,-2.722700,-0.750796
-0.196344,0.076576,-0.002276,-0.802198,-4.550319,-0.315542
-0.204031,0.091439,-0.005630,-1.544584,-3.641570,-0.214180
-0.221635,0.074872,-0.021255,-1.492048,-1.624997,-0.707419
-0.247126,0.089545,0.018574,-0.725435,-2.375290,-1.692710
-0.267024,0.084342,0.048136,-0.618654,-2.852672,-1.367056
-0.267474,0.107605,0.044085,-1.523826,-2.951762,-1.065800
-0.301464,0.100469,0.040104,-1.341962,-2.429566,-2.160015
-0.333359,0.107759,0.055741,-0.828143,-2.442935,-2.689562
-0.360676,0.130362,0.044942,-0.348306,-2.526161,-2.968330
-0.400810,0.158325,0.079336,-1.484233,-3.418590,-2.676069
-0.427765,0.164798,0.050565,-1.135001,-2.403572,-3.700122
-0.471799,0.180370,0.042382,-0.406159,-2.342594,-4.911661
-0.521784,0.197314,0.090384,-0.683643,-2.921682,-5.229376
-0.541486,0.230434,0.075492,-1.232299,-2.790745,-5.484133
-0.580773,0.254770,0.047109,-1.470191,-2.346179,-6.350383
-0.628493,0.251093,0.049101,-0.800813,-1.316324,-7.447831
-0.650715,0.277409,0.069987,-0.473022,-1.621397,-8.136858
-0.678787,0.290329,0.068044,-1.039348,-1.672402,-8.327815
-0.700572,0.303760,0.029216,-1.054070,-0.014318,-8.985787
-0.723638,0.316716,0.042651,-0.324935,-0.900110,-10.050499
-0.753971,0.328638,0.057136,-0.216234,0.148468,-9.792694
-0.763936,0.341430,0.039723,-0.788865,0.089637,-10.111744
-0.776095,0.357989,0.016828,-0.800016,1.184904,-10.544228
-0.793075,0.346819,0.018161,0.027106,1.691709,-11.152146
-0.794831,0.364443,0.018043,0.182914,0.386848,-11.121298
-0.811213,0.365185,0.024312,-0.468729,0.296233,-10.596351
-0.801668,0.356936,0.009528,-0.661589,1.123132,-11.101341
-0.785597,0.365884,0.022060,0.282854,0.938265,-10.750198
-0.782397,0.352376,0.027581,0.047690,0.814796,-9.930432
-0.742752,0.359135,0.005172,-0.577791,1.077821,-9.225708
-0.713791,0.357408,0.002313,-0.128495,1.937124,-8.520594
-0.712291,0.329642,0.025976,0.372796,1.113961,-8.554239
-0.668690,0.325398,0.039648,0.018112,-0.436584,-7.224102
-0.630630,0.310309,0.030956,-0.343071,0.933154,-5.850981
-0.596243,0.288759,0.016293,-0.193730,0.841279,-5.161793
-0.572931,0.271376,0.041295,0.111229,-1.366305,-4.712669
-0.546816,0.257389,0.092639,-0.264830,-3.543103,-3.352108
-0.483406,0.233979,0.055462,-0.298544,-0.391030,-1.927633
-0.440068,0.220668,0.041775,-0.404905,-0.073491,-1.477777
-0.430306,0.194701,0.087620,-0.196198,-2.836473,-0.976295
-0.378076,0.179681,0.089272,0.095286,-2.356709,0.377104
-0.336999,0.165674,0.073562,-0.395455,-2.115705,1.308307
-0.305074,0.130080,0.062421,-0.546289,-0.692906,2.034009
-0.277535,0.108494,0.085920,-0.189462,-1.886151,2.352965
-0.244845,0.100692,0.083580,0.190670,-2.528446,4.096164
-0.224664,0.089450,0.078935,-0.632814,-2.702865,4.890734
-0.187635,0.069240,0.073260,-0.940592,-2.309737,5.100663
-0.181093,0.059438,0.095160,-0.560250,-3.665512,5.723897
-0.137726,0.044355,0.069327,-0.290335,-1.972581,7.095406
-0.119709,0.042173,0.045868,-0.826885,-2.072311,7.358740
-0.119955,0.023945,0.068924,-1.305977,-2.744161,7.446848
-0.087833,0.024053,0.061069,-0.793956,-2.361983,8.091240
-0.070931,0.015125,0.072311,-0.547569,-2.640324,8.507812
-0.049054,0.005682,0.051185,-0.665954,-2.276873,8.913942
-0.034782,0.001720,0.025852,-1.166818,-2.346644,8.899860
-0.040267,-0.004116,0.057077,-1.185062,-2.847745,8.630782
-0.018734,0.007474,0.063987,-0.546673,-2.871316,9.261034
-0.012655,0.017403,0.056037,-0.562754,-3.442969,9.631579
-0.012698,0.005616,0.025330,-1.044107,-2.648681,9.330333
-0.011155,0.016218,0.010375,-1.034073,-2.605865,8.877750
-0.032402,0.007349,0.058673,-0.566023,-3.606628,8.441185
-0.016299,0.015795,0.039221,-0.131609,-2.597176,8.944991
-0.024839,0.040236,0.035236,-0.961104,-3.054108,8.459974
-0.041521,0.026279,0.021276,-0.778624,-3.031089,8.393718
-0.057723,0.046630,0.018148,-0.129840,-3.061940,7.261312
-0.082066,0.046729,0.051038,-0.006929,-3.030718,7.299663
-0.083283,0.050562,0.036457,-0.793181,-2.960720,7.120472
-0.097227,0.050208,0.023623,-0.829465,-1.891456,6.615609
-0.121619,0.043633,0.047361,-0.188536,-2.427474,5.771677
-0.136935,0.050477,0.025300,0.215276,-2.179191,5.502622
-0.171243,0.046706,0.045586,-0.995370,-2.111139,5.415525
-0.175658,0.045796,0.021873,-1.124940,-0.936414,4.941896
-0.207576,0.042228,0.040393,-0.633218,-1.240079,3.989246
-0.228055,0.031531,0.052909,-0.205589,-1.447690,4.335803
-0.248288,0.054761,0.033237,-0.781578,-1.538636,3.984138
-0.272690,0.045498,0.013510,-1.042453,-0.855377,3.909784
-0.285157,0.030326,0.011284,-0.876532,-0.816090,3.691846
-0.299100,0.034469,-0.012005,-0.098358,-0.481783,2.938411
-0.322429,0.031016,0.017288,-0.727654,-0.929783,3.682396
-0.324464,0.031554,0.001207,-1.152684,-0.634377,3.699143
-0.341211,0.030323,-0.014250,-1.372994,-1.097552,3.080078
-0.359179,0.008961,-0.025318,-0.594906,-0.816726,2.852362
-0.362645,0.026634,-0.043723,-0.758128,-1.168407,3.230019
-0.387332,0.015910,-0.043067,-1.939812,-1.478797,3.021601
-0.373796,0.024195,-0.064228,-1.613348,-0.998580,3.186015
-0.395568,0.018470,-0.060398,-1.004725,-1.595386,2.627396
-0.411632,0.013921,-0.064711,-1.243988,-1.997954,3.161491
-0.417908,0.033688,-0.110386,-1.720962,-1.774962,3.426768
-0.445582,0.020292,-0.082649,-2.110371,-2.291139,3.000917
-0.440570,0.022764,-0.077719,-1.319195,-2.164233,2.962815
-0.441995,0.042832,-0.097621,-1.907599,-2.141321,3.112736
-0.460360,0.035992,-0.111880,-2.181557,-1.493710,2.662556
-0.469889,0.047615,-0.121793,-1.707360,-1.747166,1.951100
-0.479109,0.059186,-0.078950,-1.475594,-2.298386,2.375598
-0.464617,0.075742,-0.103368,-1.926348,-1.900686,2.808821
-0.470559,0.089663,-0.141054,-2.577216,-1.164494,2.299340
-0.484473,0.079763,-0.117729,-1.697145,-0.930378,1.728708
-0.481476,0.107273,-0.101517,-1.474189,-1.920837,1.621014
-0.493184,0.126761,-0.108801,-1.814046,-2.114701,1.721453
-0.478518,0.136014,-0.127964,-1.815300,0.165005,1.722470
-0.486084,0.157032,-0.129063,-1.827681,-0.323314,0.453351
-0.505966,0.164762,-0.074765,-1.563996,-2.269612,0.211563
-0.484315,0.205934,-0.084438,-1.630101,-2.911208,0.982086
-0.484115,0.237928,-0.122328,-1.609596,0.115985,0.553317
-0.488891,0.246738,-0.108896,-1.429325,-0.915380,-0.233678
-0.489807,0.271950,-0.088587,-0.786968,-2.765169,-0.794755
-0.483596,0.309948,-0.059791,-1.498574,-2.374470,-0.681968
-0.472469,0.332646,-0.095874,-1.351219,-0.754478,-1.153179
-0.482901,0.356427,-0.094328,-1.025680,-1.250954,-1.989584
-0.504447,0.373440,-0.033708,-0.828895,-3.512714,-2.384052
-0.491248,0.413853,-0.052080,-0.857491,-3.299510,-2.224896
-0.483754,0.439775,-0.059298,-1.297039,-2.556593,-2.977787
-0.505080,0.454680,-0.039351,-0.970269,-2.140002,-3.196847
-0.503682,0.474844,-0.010866,-0.680994,-2.873020,-3.949514
-0.499877,0.508840,-0.018770,-0.597630,-2.997592,-3.553800
-0.511619,0.509819,-0.023828,-0.886416,-2.327505,-4.293291
-0.505487,0.538684,-0.016226,-1.178284,-1.785292,-5.152719
-0.503111,0.541757,0.006872,-0.303439,-1.684009,-5.447738
-0.509245,0.550153,-0.001767,-0.354451,-1.482769,-5.061947
-0.505074,0.561428,-0.022341,-0.871885,-1.298214,-5.754597
-0.518111,0.560759,0.010404,-0.711856,-1.273911,-6.786478
-0.494934,0.575458,0.020262,0.011150,-0.989586,-6.193768
-0.489338,0.586198,-0.006737,-0.297140,-1.552915,-6.293335
-0.505353,0.578103,0.003157,-0.952853,-0.791294,-7.204208
-0.491753,0.581747,0.009121,-0.328776,-0.768747,-7.225363
-0.489262,0.588840,0.037846,-0.203774,-2.200370,-7.317134
-0.490831,0.583913,0.015811,-0.657932,-0.840656,-6.897878
-0.469558,0.588876,0.000285,-0.777928,0.213535,-6.997358
-0.473181,0.570895,0.031402,0.230342,-1.168985,-7.470643
-0.475896,0.537549,0.051399,-0.088603,-2.718148,-7.291346
-0.440580,0.545584,0.015466,-0.558665,-1.073922,-6.865436
-0.441532,0.532510,0.002891,-0.544284,-0.387738,-7.012466
-0.433927,0.499033,0.043977,0.371125,-0.910716,-6.702938
-0.411993,0.496981,0.050030,-0.140334,-2.448850,-6.180508
-0.394235,0.481856,0.033207,-0.654479,-1.657891,-5.273343
-0.377977,0.443051,-0.002962,-1.149474,-0.201736,-5.551674
-0.374199,0.411982,0.015591,-0.522955,-1.589324,-6.123727
-0.371180,0.389760,0.075246,-0.489152,-2.870542,-5.253332
-0.338598,0.374024,0.063905,-1.620540,-2.299486,-4.237380
-0.334498,0.351129,0.042431,-1.246306,-1.523662,-4.286938
-0.327510,0.303606,0.049275,-0.485876,-1.237213,-4.629201
-0.297115,0.286980,0.058177,-0.870896,-1.546232,-3.373250
-0.294147,0.255594,0.051888,-1.448970,-2.439653,-3.096034
-0.267983,0.225888,0.038367,-1.046648,-0.898735,-3.307262
-0.268147,0.216309,0.054881,-0.914497,-1.243223,-2.534494
-0.280482,0.178568,0.081873,-1.422113,-4.668398,-2.361229
-0.243598,0.166190,0.039001,-1.944621,-0.832935,-1.488271
-0.220358,0.144089,0.024443,-1.507627,-0.648265,-1.806050
-0.227212,0.104772,0.049984,-0.759691,-2.102638,-1.304345
-0.206516,0.096717,0.043055,-1.297728,-3.698513,-0.531527
-0.199649,0.072033,0.032577,-1.700411,-1.781146,0.184718
-0.166592,0.057846,0.007864,-1.485753,-1.556489,0.693445
-0.157289,0.033602,0.023757,-1.086474,-2.168470,0.533088
-0.153399,0.004290,0.039776,-1.356569,-3.388966,1.408443
-0.120628,-0.003384,-0.004481,-1.711844,-1.682299,2.013217
-0.125535,-0.016626,0.008773,-1.653062,-2.738902,2.157631
-0.129894,-0.028045,0.031983,-0.777045,-3.019807,2.558502
-0.109986,-0.026010,0.024926,-1.802485,-3.472508,3.671788
-0.108821,-0.060302,0.008911,-1.858802,-3.531454,3.394915
-0.107216,-0.082373,0.016680,-1.252250,-3.040181,3.424696
-0.105046,-0.075893,0.009124,-0.722113,-3.237190,4.229278
-0.127563,-0.091016,0.038939,-2.055653,-4.809215,4.345975
-0.114335,-0.102757,0.017727,-1.909062,-3.431559,4.768567
-0.125751,-0.097256,0.029636,-1.468641,-3.633541,4.451699
-0.154000,-0.119317,0.055715,-1.370815,-4.268361,4.723423
-0.147077,-0.106863,0.038144,-2.061528,-3.630997,5.028388
-0.174394,-0.099025,0.035810,-2.052639,-3.105554,4.476895
-0.212713,-0.114446,0.059185,-1.375686,-3.648384,4.328318
-0.213163,-0.104224,0.046396,-1.352042,-3.328953,4.904763
-0.236212,-0.088078,0.020252,-1.774758,-2.744528,4.275880
-0.276018,-0.095161,0.047965,-2.048336,-3.931041,3.374394
-0.288797,-0.091610,0.043406,-0.837681,-2.712216,3.500594
-0.306279,-0.063276,0.026433,-1.310635,-2.231969,3.615498
-0.357081,-0.067901,0.046130,-1.832870,-2.903888,2.646006
-0.374137,-0.045846,0.033017,-1.580779,-2.274936,2.192815
-0.404644,-0.027783,0.043180,-0.782096,-1.514789,2.045715
-0.454130,-0.015467,0.039303,-1.211850,-1.950096,1.880755
-0.470713,0.023689,0.024315,-2.101433,-1.608917,1.465510
-0.511317,0.021740,0.015102,-1.354032,-1.580382,0.694920
-0.548795,0.034380,0.025904,-0.498786,-1.344726,0.267471
-0.565007,0.057187,0.002333,-1.402681,-1.733459,0.228363
-0.605355,0.083778,0.002691,-2.001992,-0.978748,-0.462158
-0.626235,0.088317,0.001647,-0.875958,-0.974851,-0.678967
-0.646231,0.131662,-0.006054,-0.712929,-1.096400,-0.735977
-0.671529,0.154350,-0.001399,-1.326601,-0.767812,-1.160499
-0.682837,0.157173,-0.031178,-1.723887,-0.200856,-1.568335
-0.691654,0.189879,-0.032845,-0.716678,-0.657433,-2.088842
-0.719299,0.207132,-0.003175,-0.669929,-1.133725,-2.000785
-0.708493,0.227283,-0.043825,-1.062151,-0.545705,-1.372582
-0.727249,0.246380,-0.070042,-1.205722,-0.195958,-2.304372
-0.745824,0.255548,-0.002758,-0.491650,-1.643199,-2.351029
-0.725860,0.283901,-0.015399,-0.234757,-0.912725,-1.423379
-0.726323,0.300189,-0.045624,-0.591985,-0.765028,-1.670310
-0.741954,0.309872,-0.040523,-0.479610,-0.410013,-1.581619
-0.724311,0.323635,-0.014129,-0.112033,-0.803521,-1.517490
-0.709944,0.345989,-0.020585,0.291697,-1.081206,-0.562533
-0.721353,0.333023,-0.027675,-0.262917,-1.231420,-0.282328
-0.693341,0.346816,-0.028026,0.399295,-0.296946,-0.351853
-0.686008,0.351667,0.004099,0.319965,-1.941726,0.339537
-0.667531,0.345917,0.010112,0.092528,-2.411607,1.299106
-0.637454,0.359811,-0.018993,0.417631,0.151580,1.649733
-0.632836,0.345999,0.010280,0.023174,-0.600676,1.986091
-0.617211,0.324847,0.042119,0.625078,-2.500896,2.794868
-0.576788,0.344282,0.032062,0.104283,-3.104034,3.817988
-0.554080,0.337054,0.022339,-0.197271,-0.197347,4.563847
-0.541551,0.294487,0.037291,0.570117,-0.835696,4.458758
-0.519336,0.302152,0.050266,0.912193,-3.041044,5.162135
-0.493411,0.303626,0.038443,-0.067109,-3.088876,6.275388
-0.478446,0.276913,0.031268,0.017925,-2.010369,6.141521
-0.451852,0.267338,0.005835,0.598356,-2.094140,6.478854
-0.444900,0.250499,0.070785,0.579186,-3.203069,6.947196
-0.422179,0.255557,0.041594,-0.419292,-3.871321,7.781724
-0.401059,0.256007,0.002812,-0.560719,-2.937208,7.094418
-0.404135,0.220901,0.048159,0.604540,-3.175900,7.241780
-0.370887,0.230404,0.026311,0.229288,-3.162698,7.883221
-0.371252,0.218643,0.009541,-0.826022,-3.577142,7.965870
-0.361582,0.213644,-0.015658,-0.733943,-2.720675,7.540217
-0.374682,0.212275,0.020751,0.193677,-3.833862,7.434141
-0.381132,0.197557,0.005520,-0.227368,-3.989150,6.886746
-0.372312,0.206597,-0.016991,-0.566992,-4.232202,7.231421
-0.387447,0.203738,-0.011913,-1.236314,-4.243457,5.996131
-0.381992,0.202392,-0.016577,0.001349,-3.262852,5.683449
-0.382668,0.222201,-0.033587,-0.825842,-3.338325,5.405561
-0.414810,0.224391,-0.038074,-2.030188,-4.050916,4.035589
-0.407411,0.221069,-0.048158,-1.159580,-2.676851,3.233515
-0.424716,0.234340,-0.051988,-0.507527,-2.798738,2.299250
-0.450654,0.224266,-0.069369,-0.920360,-2.467314,1.020008
-0.465077,0.242644,-0.082715,-1.407132,-2.655975,0.168589
-0.491103,0.264758,-0.074952,-1.338779,-2.397864,-0.838773
-0.512334,0.251136,-0.075684,-0.676842,-1.782282,-1.789787
-0.530752,0.281463,-0.078107,-0.982155,-2.379453,-1.922868
-0.577392,0.277520,-0.097719,-2.074553,-2.359456,-3.164943
-0.570502,0.285021,-0.072756,-1.621147,-1.605861,-3.910871
-0.588395,0.287181,-0.071785,-0.781306,-1.127098,-4.822339
-0.611303,0.280809,-0.076882,-1.070823,-0.965185,-5.018357
-0.619050,0.296608,-0.110734,-1.747912,-0.934428,-5.948804
-0.646231,0.289239,-0.089490,-1.651283,-1.440150,-6.511700
-0.644134,0.284154,-0.072871,-0.943993,-1.235746,-6.419923
-0.637651,0.300770,-0.080023,-1.414682,-1.468478,-6.825803
-0.653768,0.286672,-0.078907,-1.924175,-1.427828,-7.389431
-0.642542,0.290903,-0.080453,-1.943722,-0.987469,-7.404845
-0.638406,0.283924,-0.067429,-1.177831,-1.287783,-7.448813
-0.635291,0.269331,-0.067169,-0.935462,-1.925587,-6.965736
-0.620884,0.266839,-0.101199,-1.763362,-1.545188,-7.108650
-0.626094,0.250847,-0.054122,-1.536739,-1.877295,-7.608122
-0.598954,0.250463,-0.050403,-1.197571,-1.882094,-6.777632
-0.588178,0.258207,-0.073350,-1.199314,-1.784360,-6.073040
-0.589892,0.233198,-0.071525,-1.598377,-1.790347,-5.774646
-0.556155,0.218029,-0.041635,-1.054093,-1.864796,-5.852331
-0.543714,0.211097,-0.038954,-1.249404,-2.636947,-4.791995
-0.520284,0.183190,-0.041074,-0.857685,-2.158866,-4.128758
-0.502444,0.180938,-0.072658,-1.797998,-2.173407,-3.782243
-0.503770,0.156796,-0.039919,-2.290758,-2.588340,-3.545842
-0.468300,0.145241,-0.016512,-1.583760,-2.917214,-2.529316
-0.436907,0.144762,-0.019689,-1.305045,-2.664073,-1.907739
-0.417961,0.121696,-0.028535,-1.412338,-0.477257,-1.466234
-0.410122,0.104834,-0.020109,-0.822677,-2.245884,-1.365342
-0.391724,0.111124,0.004936,-1.960859,-3.473102,-0.213396
-0.356392,0.103965,-0.036682,-2.486588,-2.239210,0.903077
-0.337272,0.105934,-0.044908,-2.667184,-1.141432,0.941443
-0.338312,0.075335,-0.015960,-2.079746,-2.926149,1.015590
-0.304786,0.097836,0.008832,-1.694266,-4.041098,2.135365
-0.288350,0.104165,-0.056140,-3.000792,-2.612834,2.714673
-0.288587,0.077630,0.003314,-0.704355,-2.822263,2.134348
-0.288413,0.110365,-0.000713,-1.135612,-4.052186,3.030316
-0.279455,0.149147,-0.008690,-1.869709,-4.147364,3.643849
-0.277630,0.166269,-0.040779,-2.900546,-4.857565,3.368295
-0.270189,0.175614,-0.051204,-1.130600,-2.128924,3.063825
-0.308501,0.169945,0.017924,-0.591745,-4.322436,2.818262
-0.285797,0.185582,0.002034,-1.061248,-3.538209,2.962709
-0.295979,0.213631,-0.040559,-2.036887,-4.062825,2.722398
-0.340275,0.222218,0.021952,-0.861453,-4.482100,2.158852
-0.329177,0.241023,0.039877,-0.275925,-4.175196,2.494996
-0.347648,0.277573,0.009718,-1.964372,-4.095334,2.580720
-0.379494,0.270578,0.061886,-1.570066,-4.171562,1.093358
-0.384237,0.286110,0.068766,-0.085892,-2.914083,1.411665
-0.406732,0.303573,0.077130,-0.088701,-3.182386,0.878797
-0.448402,0.307972,0.062214,-1.680933,-3.147993,0.921317
-0.451251,0.296864,0.101919,-0.099871,-2.368332,-0.020897
-0.466987,0.318827,0.107282,0.527521,-1.690932,-0.021131
-0.499618,0.318305,0.117885,-0.069017,-2.232094,-0.280418
-0.513657,0.321823,0.123845,0.114925,-1.391971,-1.044462
-0.538472,0.340133,0.134192,0.350961,-1.483544,-0.849846
-0.581971,0.340474,0.123008,-0.516193,-2.421248,-1.509181
-0.592616,0.345989,0.131004,-0.061887,-2.277618,-1.243339
-0.606557,0.347715,0.123563,-0.149965,-2.039008,-1.498835
-0.642716,0.325158,0.114011,-1.014789,-2.583289,-2.073459
-0.639427,0.324994,0.129219,0.185402,-1.645582,-1.349431
-0.668450,0.314540,0.105959,0.022859,-1.803076,-1.998642
-0.697690,0.314106,0.072167,-1.837259,-1.887688,-1.646827
-0.710131,0.311202,0.087584,-1.563973,-2.183035,-1.767208
-0.731906,0.311609,0.074382,-1.317699,-2.120298,-2.143714
-0.743254,0.290752,0.074947,-0.726138,-2.621726,-1.920393
-0.760674,0.298285,0.047335,-1.181983,-2.194714,-1.468821
-0.781435,0.281981,0.042362,-2.165067,-2.250932,-1.842163
-0.780848,0.257317,0.064506,-0.613104,-2.341764,-1.696120
-0.774358,0.275827,0.007240,-1.631451,-1.998263,-1.056025
-0.803995,0.241515,0.006771,-1.465064,-1.876111,-1.915912
-0.799955,0.257133,-0.064701,-2.495598,-1.372617,-1.806193
-0.809323,0.261653,-0.015419,-2.101607,-1.925774,-1.709880
-0.788377,0.283225,-0.069247,-2.485800,-1.549820,-1.344870
-0.796564,0.283875,-0.098970,-2.948913,-1.412919,-1.650462
-0.786063,0.283701,-0.102787,-2.347869,-0.983836,-1.698907
-0.780772,0.296611,-0.104363,-1.714342,-1.307234,-1.763223
-0.785857,0.275475,-0.092021,-1.392322,-2.264229,-1.657529
-0.769786,0.288208,-0.147100,-1.958769,-1.305350,-1.577115
-0.775724,0.292245,-0.136659,-1.938070,-1.293754,-2.140714
-0.756892,0.301709,-0.123513,-1.235021,-2.140813,-1.646293
-0.740214,0.335180,-0.108200,-1.607312,-2.169672,-1.073836
-0.745844,0.325096,-0.090160,-1.188331,-1.593795,-1.411014
-0.714683,0.341758,-0.092448,-1.245173,-1.021439,-1.410256
-0.704892,0.344541,-0.068420,-1.148243,-1.861825,-1.218039
-0.681226,0.338905,-0.050731,-1.116794,-3.385504,-0.823500
-0.659555,0.349498,-0.057581,-0.680968,-2.384800,-0.491126
-0.654227,0.327207,-0.063664,-0.771521,-1.097917,-0.568923
-0.632406,0.347985,-0.041481,-0.578625,-3.277564,-0.159738
-0.614539,0.351736,-0.013400,-0.837534,-2.844768,0.591245
-0.578242,0.366547,-0.047649,-1.564587,-1.372026,1.072034
-0.567092,0.364147,-0.010521,-0.381111,-2.107197,0.212551
-0.543399,0.343330,0.005448,0.399354,-2.438287,0.825629
-0.508999,0.356420,0.021335,0.101723,-3.150090,1.619730
-0.498574,0.339821,0.015302,-0.738683,-1.591474,1.998264
-0.475174,0.311290,0.034251,0.248920,-2.980250,1.906741
-0.463465,0.312869,0.064381,0.310128,-4.029905,2.232086
-0.450473,0.290778,0.066006,-0.302509,-2.208763,2.902020
-0.428110,0.302598,0.064417,-0.282588,-2.257635,3.213382
-0.427982,0.300757,0.072377,0.067503,-2.202857,2.893160
-0.428081,0.279953,0.087847,0.026069,-3.766125,3.154502
-0.409220,0.287893,0.092557,-0.572730,-4.625307,3.753853
-0.406538,0.279969,0.058446,-1.691877,-4.041052,4.078768
-0.389466,0.230752,0.092521,0.318590,-2.744749,3.786813
-0.386141,0.239720,0.078988,-0.276414,-3.373834,3.839942
-0.408035,0.227860,0.107752,-0.310571,-4.144896,4.043240
-0.399297,0.237698,0.061988,-1.181330,-4.290482,3.287337
-0.420544,0.226748,0.042907,-1.155290,-3.747268,2.922884
-0.412098,0.208212,0.060534,-0.034991,-3.283823,2.453873
-0.421844,0.241056,0.027214,-0.738788,-2.888857,3.224002
-0.455765,0.217747,0.034790,-1.304851,-4.003485,2.538461
-0.455902,0.218889,0.020974,-1.374147,-3.278204,2.127460
-0.469072,0.209502,0.004824,-0.884469,-2.958379,1.227806
-0.486137,0.180787,0.036838,-0.267364,-3.339159,1.478890
-0.492305,0.189932,0.011632,-1.096436,-3.462378,1.199840
-0.524515,0.190447,-0.025515,-1.913967,-2.617932,0.201695
-0.536588,0.173444,-0.000795,-0.684776,-2.235436,0.038276
-0.546022,0.179110,-0.010656,-0.767201,-2.010769,0.052420
-0.580087,0.169134,0.001145,-2.105336,-3.399037,-0.703703
-0.583813,0.158361,-0.008949,-1.602998,-1.635705,-1.179907
-0.595002,0.143367,-0.001921,-0.983967,-1.465806,-1.404379
-0.619237,0.135020,-0.007948,-1.859606,-3.754824,-0.898697
-0.618377,0.134472,-0.020277,-1.960321,-2.678463,-1.032958
-0.620044,0.132719,-0.046877,-2.371719,-1.254295,-1.327003
-0.634917,0.106689,-0.014982,-1.346029,-1.860010,-1.781771
-0.657989,0.110786,-0.007009,-2.218429,-5.265540,-1.235016
-0.656128,0.113861,-0.023529,-2.527028,-2.672666,-1.069019
-0.649445,0.109564,-0.038993,-2.058177,-2.031783,-1.012594
-0.666622,0.082694,-0.015954,-1.426593,-2.265480,-1.435838
-0.631165,0.092552,-0.025745,-2.358950,-2.357322,-0.374599
-0.622956,0.093953,-0.035947,-2.309024,-2.768126,0.037761
-0.649176,0.087648,-0.081044,-3.455157,-2.752610,-0.216816
-0.639640,0.092128,-0.049172,-2.209570,-2.616701,-0.192148
-0.641941,0.102599,-0.025036,-2.537715,-6.197526,0.398487
-0.614096,0.112437,-0.055376,-2.721102,-2.485137,1.356477
-0.608139,0.113776,-0.104179,-2.442498,-1.049140,0.574361
-0.630774,0.119665,-0.041780,-2.102464,-3.182491,0.878455
-0.615764,0.133855,-0.060568,-2.449985,-4.052758,1.608109
-0.599663,0.157721,-0.058494,-2.739385,-3.697434,1.589898
-0.613486,0.157111,-0.078569,-2.643511,-3.405234,1.654834
-0.599197,0.187618,-0.087501,-2.474095,-2.936456,1.934379
-0.599066,0.217137,-0.062952,-2.217024,-3.144740,2.446026
-0.587574,0.230913,-0.074555,-2.777222,-5.007872,2.459188
-0.581026,0.271340,-0.109890,-2.957963,-3.193054,2.476956
-0.592465,0.264289,-0.067593,-2.031189,-2.891136,1.799710
-0.580353,0.297031,-0.069116,-1.562362,-3.302921,2.194098
-0.590404,0.324646,-0.038254,-2.031327,-5.859868,2.539869
-0.576686,0.357474,-0.075687,-2.364002,-3.255982,2.576567
-0.574769,0.383235,-0.068118,-1.685831,-2.968060,1.640257
-0.589645,0.393587,-0.037437,-1.030266,-2.929314,2.125789
-0.576670,0.448746,-0.040907,-1.083188,-3.222366,2.857217
-0.585953,0.468066,-0.026034,-1.353399,-3.805718,2.292004
-0.585103,0.481616,-0.023211,-0.859592,-3.039321,1.630684
-0.582634,0.509073,-0.001911,-0.175374,-2.889642,2.151003
-0.592399,0.528223,0.039178,-0.412245,-3.834899,2.082537
-0.591132,0.547334,0.028500,-1.054093,-4.292875,2.249925
-0.607889,0.557677,0.038968,-0.512107,-3.751016,1.389092
-0.606475,0.571535,0.055210,0.438287,-3.177653,1.583845
-0.614070,0.604428,0.060166,0.243652,-4.397279,1.852693
-0.634362,0.606326,0.081486,-0.469090,-4.683143,1.387469
-0.632179,0.623598,0.073253,-0.111974,-3.443708,0.747065
-0.660031,0.625502,0.104587,0.322233,-3.837436,0.420324
-0.651887,0.622721,0.109255,0.558986,-3.179744,0.367139
-0.666717,0.644487,0.100708,-0.013567,-3.608069,0.750698
-0.702657,0.627977,0.097396,-0.018041,-3.243955,-0.318465
-0.723717,0.630481,0.092301,0.492920,-2.802388,-0.883931
-0.752333,0.646319,0.125001,0.461172,-4.103800,-0.618563
-0.750905,0.634587,0.099851,-0.053570,-3.113468,-0.815935
-0.760011,0.640099,0.073401,-0.058805,-1.118544,-1.430267
-0.810882,0.603171,0.115945,0.526536,-3.345540,-2.119724
-0.803917,0.607251,0.100813,0.002232,-2.721896,-1.556470
-0.820001,0.593974,0.081482,-0.630868,-2.203347,-1.873104
-0.847432,0.556712,0.066764,-0.596469,-2.379482,-2.727851
-0.855592,0.554591,0.078508,0.109092,-2.243826,-2.468591
-0.868863,0.539646,0.054238,-0.681684,-2.078027,-2.286557
-0.884999,0.514270,0.031350,-1.233527,-1.845121,-3.085611
-0.896708,0.516023,0.026616,-0.864398,-2.003473,-2.671859
-0.914758,0.482391,0.037974,-0.615126,-2.328263,-2.629699
-0.913386,0.462010,0.031750,-1.904579,-2.288848,-2.326067
-0.917601,0.436207,-0.009901,-1.653548,-2.373626,-2.763314
-0.924510,0.392137,-0.011549,-0.935367,-2.366149,-3.134275
-0.914725,0.383392,-0.031601,-0.991704,-2.536061,-2.869428
-0.912716,0.370811,-0.039558,-1.816019,-2.146918,-2.107445
-0.909289,0.328129,-0.058757,-1.899196,-2.121059,-2.500162
-0.915378,0.320658,-0.063802,-1.205410,-2.027490,-2.067891
-0.918874,0.294451,-0.053140,-1.243686,-2.529834,-2.059160
-0.889887,0.268481,-0.072628,-1.783953,-2.216174,-1.520750
-0.882360,0.236707,-0.083017,-2.551354,-2.845034,-2.319069
-0.875805,0.201637,-0.051433,-1.946857,-2.771445,-1.953933
-0.846014,0.187168,-0.060519,-1.661675,-2.162090,-1.494033
-0.846703,0.177304,-0.069214,-2.474768,-2.938879,-1.071826
-0.844533,0.148711,-0.080309,-2.877707,-2.425193,-0.958355
-0.820096,0.160511,-0.076853,-2.308115,-2.297943,-0.793107
-0.808344,0.143745,-0.053022,-2.290699,-2.657465,-0.804283
-0.774850,0.132322,-0.076219,-2.686374,-2.132065,-0.497434
-0.755116,0.136444,-0.065266,-3.238729,-2.740275,-0.672118
-0.753403,0.112148,-0.054821,-2.745671,-2.835787,-0.964393
-0.722492,0.111022,-0.052080,-2.286205,-3.417918,-0.374325
-0.707560,0.125212,-0.076098,-2.911372,-2.915117,-0.198809
-0.692373,0.120180,-0.079239,-2.832705,-2.762766,-0.343690
-0.671785,0.153323,-0.063569,-1.646149,-3.631539,-0.893062
-0.663655,0.155896,-0.031834,-2.297414,-3.797584,-0.799860
-0.635609,0.167073,-0.061665,-2.769367,-3.677660,-1.191031
-0.624659,0.181007,-0.057411,-2.447366,-3.087284,-1.516331
-0.620221,0.178489,-0.028453,-1.993142,-3.986429,-1.437080
-0.606360,0.217406,-0.046484,-1.769320,-3.680316,-1.315906
-0.612051,0.237816,-0.028460,-2.615443,-4.366434,-1.544485
-0.606061,0.255292,-0.039400,-2.588708,-3.571496,-2.032436
-0.585858,0.283291,-0.015895,-1.719381,-3.964572,-2.707887
-0.582345,0.309038,0.001131,-1.894361,-4.109140,-2.859460
-0.567535,0.311727,-0.028844,-2.069892,-3.354419,-3.324277
-0.560258,0.337418,-0.017421,-1.538075,-2.943533,-3.477951
-0.572537,0.357172,0.028996,-1.300407,-3.868606,-2.970601
-0.556023,0.373246,0.013076,-1.617277,-3.315929,-2.694141
-0.551353,0.392078,-0.003415,-1.887825,-2.982880,-3.453389
-0.552347,0.393775,0.043002,-1.250609,-3.758316,-3.936873
-0.523744,0.407498,0.038581,-1.042906,-3.087997,-3.513773
-0.516956,0.433331,0.017790,-1.819922,-3.334117,-3.572676
-0.540415,0.432612,0.038226,-1.362090,-2.688957,-3.766357
-0.542132,0.447200,0.055187,-0.832870,-3.297876,-3.887420
-0.533030,0.471657,0.070056,-0.739816,-4.646551,-2.945380
-0.530608,0.467629,0.047246,-1.388865,-1.964050,-3.087221
-0.517176,0.434021,0.049019,-0.813283,-2.390931,-3.875504
-0.508346,0.447964,0.068326,-0.285782,-3.140785,-3.006551
-0.524926,0.449704,0.081479,-0.849485,-4.195961,-2.958979
-0.534146,0.440874,0.066902,-0.543155,-3.300465,-2.308097
-0.542772,0.456633,0.060150,-0.247736,-3.128771,-2.145896
-0.563869,0.443996,0.104738,-0.143348,-4.434118,-1.730904
-0.547473,0.436515,0.080603,-0.879040,-4.739273,-0.772858
-0.539375,0.423573,0.056601,-1.003317,-2.903251,-1.179943
-0.563744,0.387039,0.065182,-0.979801,-3.100210,-1.511035
-0.564072,0.379329,0.094799,-0.573327,-4.770548,-0.536279
-0.573509,0.373033,0.073956,-0.816001,-5.046476,0.511916
-0.600661,0.364961,0.062493,-1.335096,-3.699856,0.968030
-0.617576,0.347834,0.051999,-1.058048,-3.083207,0.890883
-0.618048,0.343425,0.067880,-1.055169,-4.152826,1.547466
-0.629990,0.325257,0.063153,-1.363948,-4.810705,1.632317
-0.633194,0.281223,0.028796,-1.497606,-2.205454,1.934256
-0.654684,0.269327,0.017107,-1.633075,-2.341344,2.379036
-0.679312,0.264112,0.050831,-1.163142,-3.733406,2.838000
-0.695612,0.252810,0.046301,-1.440564,-4.446227,4.076005
-0.702693,0.250165,0.004141,-2.031599,-2.353925,4.075909
-0.705269,0.236890,0.008005,-1.992670,-1.715530,3.625316
-0.728128,0.203639,0.024453,-1.654595,-4.265437,3.621735
-0.724173,0.199855,0.012052,-2.229859,-4.343526,4.176257
-0.754516,0.204299,-0.012802,-2.054255,-2.503148,4.598556
-0.785738,0.186761,-0.011545,-1.361188,-2.186947,5.093439
-0.793951,0.200042,0.003583,-1.208334,-3.518695,5.534661
-0.791844,0.207897,-0.005125,-1.836439,-3.047747,5.788141
-0.815300,0.179566,-0.039797,-2.206104,-2.532211,4.828287
-0.808719,0.178095,-0.006845,-1.459546,-2.297914,4.342647
-0.823135,0.182934,-0.016144,-1.149759,-2.784972,4.853627
-0.846493,0.195620,-0.027747,-1.991741,-4.065123,6.007956
-0.866368,0.215952,-0.076226,-1.680503,-2.472411,6.029343
-0.890747,0.219165,-0.011158,-1.362534,-2.878350,5.802100
-0.880972,0.209134,-0.006178,-1.158596,-3.551805,5.766220
-0.866650,0.209633,-0.029920,-2.265815,-3.797138,5.228035
-0.880210,0.190618,-0.012724,-1.717050,-2.972816,4.369844
-0.886545,0.199907,-0.020352,-1.002805,-2.116247,4.748516
-0.906450,0.236680,-0.007032,-0.908645,-3.541593,5.516711
-0.920423,0.263636,-0.015835,-1.650597,-2.605649,6.298053
-0.909253,0.266468,-0.044928,-1.708286,-1.014710,5.883986
-0.906952,0.265339,-0.008896,-1.105341,-2.493435,4.411740
-0.920112,0.266859,0.013211,-1.285728,-4.467225,4.296966
-0.891272,0.290030,-0.019807,-1.675951,-2.814566,4.825048
-0.907530,0.302572,-0.038090,-1.424946,-2.427081,4.440799
-0.944658,0.308740,0.001991,-0.990226,-4.000360,4.429986
-0.932312,0.337382,0.009196,-0.931838,-3.898700,4.413905
-0.919416,0.354566,-0.006796,-1.347727,-4.189429,3.867218
-0.931272,0.348181,-0.015228,-1.792215,-3.399116,2.512352
-0.908344,0.354382,-0.005896,-1.069041,-3.392925,1.847835
-0.914597,0.372409,0.004286,-1.006002,-5.122301,2.366339
-0.926086,0.392636,-0.023917,-0.961469,-3.675842,2.699775
-0.944983,0.426011,-0.038898,-0.843590,-3.464400,2.495331
-0.954948,0.435727,0.004365,-1.024896,-4.310278,1.308499
-0.931666,0.440024,-0.002804,-0.993023,-5.145166,1.047217
-0.902790,0.441452,-0.048348,-1.268328,-3.100089,0.078242
-0.912670,0.447574,-0.035136,-1.642644,-2.611131,-0.549184
-0.928623,0.442699,-0.008906,-0.345661,-3.093429,-0.597203
-0.920010,0.491634,-0.035986,-0.627507,-2.623594,0.352170
-0.930540,0.512333,-0.042256,-2.031160,-3.527417,0.349797
-0.915336,0.493613,-0.049769,-1.271308,-2.107132,-0.983937
-0.896698,0.479804,-0.031473,-0.685679,-2.918731,-2.040058
-0.905810,0.487698,0.014793,-1.852687,-7.710861,-1.987047
-0.869142,0.501944,-0.045896,-1.808909,-2.644385,-1.594126
-0.881540,0.509540,-0.078218,-0.917727,-2.440286,-2.374004
-0.884937,0.515514,-0.027170,-0.780725,-2.873381,-1.639575
-0.856147,0.507544,-0.029297,-1.009169,-3.044698,-1.595655
-0.837089,0.509737,-0.052812,-1.820847,-3.665988,-2.424829
-0.822846,0.506362,-0.059472,-1.717405,-2.335819,-3.245622
-0.817532,0.500680,-0.038970,-1.011582,-3.091118,-3.261250
-0.812687,0.515336,-0.032852,-1.294128,-3.707314,-2.415611
-0.804314,0.533616,-0.046520,-1.493103,-3.946069,-1.852709
-0.819955,0.514844,-0.034253,-1.501259,-4.155104,-2.743980
-0.797526,0.511660,-0.015399,-0.837357,-4.060340,-2.917404
-0.769796,0.507994,-0.019472,-1.236971,-4.148736,-2.473034
-0.787577,0.495389,-0.023293,-1.922475,-5.823722,-2.884044
-0.759289,0.485863,-0.054079,-2.036645,-2.664162,-2.988691
-0.770728,0.489563,-0.049641,-1.266283,-3.029720,-3.243744
-0.791115,0.483999,0.015794,-1.389204,-5.679869,-2.637753
-0.759525,0.487308,-0.027875,-2.007635,-3.860604,-1.903977
-0.753026,0.467498,-0.045794,-2.226222,-2.952071,-2.907595
-0.760795,0.427656,0.010762,-1.229703,-3.358148,-3.628510
-0.745338,0.422417,0.009049,-1.586406,-5.198693,-2.842356
-0.735895,0.422394,-0.030892,-1.999560,-4.178209,-2.389924
-0.748194,0.412970,-0.015425,-2.073582,-3.357252,-2.789515
-0.734844,0.385723,-0.020496,-1.826168,-3.224809,-2.685445
-0.726490,0.392970,-0.019331,-1.586255,-3.751003,-2.355232
-0.722643,0.382759,-0.012189,-2.653792,-3.923771,-2.879371
-0.710597,0.380431,-0.039902,-2.674931,-2.379157,-2.777573
-0.721028,0.387341,-0.027478,-2.036188,-4.017343,-2.894060
-0.717588,0.388802,0.001877,-2.542117,-4.502340,-2.218242
-0.715780,0.367853,-0.043605,-2.622816,-3.910352,-2.368847
-0.711217,0.377093,-0.051003,-2.701174,-3.632576,-2.558286
-0.704314,0.389740,-0.027577,-2.202326,-3.992925,-2.266336
-0.722860,0.396443,-0.029878,-2.069121,-4.162805,-2.222115
-0.714270,0.416804,-0.050724,-2.860353,-4.310491,-2.309353
-0.722115,0.420254,-0.062991,-2.934408,-4.097980,-2.993827
-0.719781,0.401259,-0.044632,-1.829237,-4.595840,-3.233110
-0.708755,0.432688,-0.057890,-1.407326,-4.453537,-2.953049
-0.730826,0.434946,-0.054992,-2.172157,-5.215259,-2.884453
-0.744465,0.440661,-0.060030,-2.013789,-3.822416,-3.276390
-0.748539,0.450042,-0.047967,-1.358539,-3.883505,-2.974461
-0.754394,0.455967,-0.014519,-1.661692,-4.872901,-3.188644
-0.738639,0.450055,-0.039374,-2.083085,-3.554313,-3.707991
-0.748059,0.453371,-0.051942,-1.552797,-2.648833,-4.702433
-0.773029,0.452724,0.026718,-1.585181,-4.860897,-4.503960
-0.761967,0.462338,0.009666,-1.484929,-3.107993,-3.404944
-0.767281,0.476092,0.011051,-1.765486,-2.980881,-3.200734
-0.780890,0.457815,0.023117,-2.054396,-2.759493,-3.832098
-0.761872,0.442663,0.050683,-1.525969,-2.604497,-4.158398
-0.739617,0.444872,0.052029,-1.079512,-3.217410,-3.551576
-0.751325,0.428657,0.039513,-1.483751,-1.671936,-3.489666
-0.754440,0.428273,0.047404,-1.323026,-2.328125,-2.949479
-0.760050,0.438176,0.083091,-0.461508,-3.586753,-2.153530
-0.761012,0.421039,0.069025,-0.778128,-4.327261,-1.433313
-0.739738,0.421616,0.051057,-1.599056,-2.703334,-1.913061
-0.742482,0.397300,0.071697,-1.507246,-3.556922,-2.313003
-0.746211,0.377346,0.103609,-1.033581,-5.607022,-1.283000
-0.748266,0.389291,0.072955,-0.982972,-5.687199,-0.370252
-0.761189,0.381482,0.057245,-1.312191,-3.133104,0.498974
-0.771223,0.357162,0.066685,-1.194666,-4.029456,-0.089387
-0.767534,0.353896,0.091891,-1.009714,-5.512386,0.550751
-0.764580,0.354943,0.084400,-1.768043,-6.027364,0.719406
-0.773153,0.332593,0.054422,-1.745138,-3.436542,0.709920
-0.799144,0.348615,0.053969,-1.875191,-3.646234,1.168959
-0.821776,0.334576,0.094244,-1.412962,-4.885207,1.213059
-0.829198,0.323012,0.089321,-1.694165,-6.063980,2.352561
-0.829247,0.310378,0.036867,-1.778346,-3.481502,1.656782
-0.842246,0.290502,0.046718,-1.913724,-3.239192,0.942182
-0.860102,0.281354,0.070736,-1.519063,-4.599467,0.939799
-0.879478,0.308126,0.051018,-1.540819,-4.551675,1.881432
-0.913300,0.298837,0.043623,-1.976386,-3.858359,2.243728
-0.900269,0.274363,0.017498,-1.850146,-1.841980,1.700429
-0.905350,0.266065,0.019008,-1.671132,-2.830854,1.070338
-0.919921,0.244447,0.048573,-1.959665,-4.209468,1.662008
-0.913704,0.272039,0.000130,-2.491643,-1.238976,2.432202
-0.924139,0.272410,0.002477,-1.995969,-1.428868,2.378176
-0.959015,0.261476,0.031195,-1.249578,-3.479952,2.623329
-0.940489,0.253470,0.019178,-2.123747,-3.615671,3.229507
-0.941848,0.248664,-0.005036,-2.350593,-3.585158,2.944821
-0.944044,0.235758,-0.009228,-1.451534,-3.161228,3.307560
-0.959511,0.246675,0.002714,-1.295470,-6.558794,3.544309
-0.960220,0.278124,0.011694,-2.095193,-4.670565,4.473600
-0.963243,0.270768,-0.007226,-2.448994,-3.953132,4.165435
-0.948869,0.276427,-0.026359,-2.028120,-3.681386,3.320949
-0.955050,0.254671,-0.000651,-1.793954,-4.424297,3.269346
-0.937266,0.285671,-0.010213,-2.061053,-4.725930,4.340698
-0.954078,0.305792,-0.027823,-1.841576,-4.680691,4.274208
-0.972299,0.301781,-0.017332,-1.360745,-4.091947,3.727334
-0.970093,0.324085,-0.016288,-1.050830,-3.958368,3.923456
-0.966013,0.327259,0.000052,-2.012026,-4.940743,3.538032
-0.975867,0.315085,-0.031000,-1.708601,-4.231165,2.827069
-0.985363,0.340684,-0.030199,-1.205974,-3.473558,2.121029
-1.007605,0.363950,0.014527,-0.832459,-4.155636,2.597192
-1.002822,0.387213,-0.003336,-1.270018,-3.313910,3.514053
-1.000466,0.392176,-0.009060,-1.319783,-3.133449,2.941497
-1.013487,0.371198,0.019835,-1.207783,-2.568826,1.740140
-0.986670,0.363337,0.022700,-0.733244,-2.793247,1.797813
-0.990930,0.396489,0.027939,-1.197220,-4.747995,2.713636
-0.989335,0.406881,0.005779,-1.490092,-1.569718,2.940692
-0.970661,0.408608,-0.013882,-1.821094,-0.830805,2.558114
-0.965875,0.412317,0.021010,-0.923163,-3.188013,2.676351
-0.958355,0.407699,0.045832,-1.407414,-4.054704,2.946690
-0.931141,0.408457,0.014731,-1.710492,-3.175359,2.516776
-0.930064,0.424787,-0.017959,-1.007965,-2.810532,1.965473
-0.938339,0.435458,0.037081,-0.814875,-5.780121,2.997682
-0.903640,0.433397,0.005500,-0.639413,-5.018723,3.469379
-0.886043,0.449313,-0.030846,-1.555361,-4.476901,3.009847
-0.881871,0.451926,-0.028673,-1.276790,-4.979879,2.652439
-0.882455,0.456650,-0.017276,-0.780662,-4.593625,2.308790
-0.871433,0.489638,-0.015386,-1.344264,-5.722482,3.066955
-0.883457,0.501120,-0.031663,-2.050572,-5.607183,2.856274
-0.888318,0.505637,-0.037670,-1.596611,-5.436824,1.527503
-0.871285,0.502732,-0.016456,-1.536132,-5.119527,1.320674
-0.864875,0.512861,-0.006822,-1.416783,-5.945382,1.342075
-0.891659,0.514660,-0.024064,-2.103912,-6.477810,0.955341
-0.883814,0.524655,-0.024120,-1.737194,-4.563847,0.759931
-0.878970,0.539581,-0.029763,-1.065532,-3.920430,-0.004818
-0.913875,0.513275,0.001020,-1.828778,-6.905485,-0.150828
-0.883414,0.536164,-0.030741,-2.136572,-3.938142,-0.347223
-0.878142,0.553245,-0.051407,-1.753754,-2.442282,-1.021895
-0.912299,0.536892,0.001109,-0.970063,-4.556054,-1.795166
-0.894259,0.538658,-0.011473,-1.367641,-3.274242,-1.704242
-0.878300,0.539387,-0.019420,-1.975772,-3.499710,-2.067132
-0.890435,0.522761,-0.018504,-2.113976,-3.184195,-2.733828
-0.877919,0.533328,-0.018950,-1.609340,-2.349080,-2.070011
-0.874141,0.540608,-0.019942,-1.383203,-2.992980,-2.032319
-0.883949,0.538661,-0.015553,-1.927484,-3.941690,-1.460235
-0.847402,0.525968,-0.023290,-2.049075,-3.052366,-2.686430
-0.841215,0.522456,-0.026132,-1.257509,-3.826742,-2.486315
-0.831043,0.528834,-0.006891,-2.050710,-4.848483,-1.851022
-0.832884,0.530465,-0.021596,-2.026561,-5.305494,-1.516775
-0.868200,0.536275,-0.047731,-1.416323,-4.928548,-1.496697
-0.860109,0.535487,0.001371,-1.547640,-5.837442,-2.124922
-0.838858,0.508630,-0.020621,-2.028192,-6.302886,-2.028819
-0.811332,0.510610,-0.044009,-2.813611,-4.225017,-3.134954
-0.846332,0.508013,-0.020848,-1.957055,-5.992272,-3.038382
-0.884363,0.526500,0.008720,-1.709333,-6.177326,-2.586657
-0.894210,0.533807,-0.022203,-2.119346,-5.848386,-1.933196
-0.889667,0.526736,-0.055753,-2.382656,-4.356091,-3.807048
-0.910875,0.497316,-0.007685,-2.317917,-5.285750,-4.091071
-0.904674,0.481042,-0.012363,-1.821977,-4.384776,-3.720401
-0.923256,0.507459,-0.018261,-2.699550,-4.138951,-3.129139
-0.959422,0.499325,-0.024370,-2.131074,-3.058281,-3.092409
-0.965232,0.475937,-0.011119,-1.736817,-2.701752,-3.754841
-0.949119,0.469261,0.022697,-2.773286,-6.082237,-3.691719
-0.935739,0.452419,-0.030229,-2.896227,-1.488409,-4.162254
-0.959310,0.431148,-0.014207,-2.395162,-1.698485,-3.853711
-0.983581,0.453174,0.004762,-1.877666,-2.889517,-2.589788
-0.984996,0.465982,-0.015510,-2.043111,-3.040447,-2.692361
-0.977242,0.431999,-0.015514,-2.879404,-2.064697,-2.590855
-0.928275,0.409845,-0.040217,-2.589279,-0.599180,-3.203508
-0.961497,0.414756,-0.025210,-1.751306,-4.724496,-3.130468
-0.983551,0.449737,-0.011043,-2.481126,-5.130100,-1.340574
-0.980390,0.469848,-0.050170,-2.279453,-2.958196,-0.538044
-0.985701,0.477300,-0.081865,-2.046925,-4.016720,-1.759903
-0.997961,0.447328,-0.017372,-2.296748,-6.938375,-2.761929
-0.960607,0.459610,-0.043267,-2.602340,-5.525168,-1.805945
-0.984710,0.484577,-0.047728,-2.645471,-5.883728,-1.723234
-1.031245,0.525404,-0.043342,-2.410961,-5.847119,-1.169826
-1.032982,0.541550,-0.021576,-1.710219,-5.552885,-1.126672
-1.026660,0.534023,-0.034181,-2.335166,-5.794580,-1.990265
-1.024447,0.493341,-0.037303,-2.530668,-5.137013,-2.992896
-1.035522,0.518120,-0.044032,-2.080836,-4.839059,-3.353354
-1.075423,0.550889,0.000977,-1.584092,-5.867217,-2.401815
-1.084286,0.562587,-0.016702,-1.449824,-3.391580,-1.887972
-1.075289,0.558136,-0.023421,-2.245227,-3.497747,-2.482048
-1.061279,0.515084,0.019040,-2.049942,-3.168036,-3.567501
-1.033300,0.483543,0.019451,-1.123152,-1.956107,-3.168014
-1.042445,0.506825,0.006630,-1.363591,-1.935579,-2.184924
-1.080085,0.512149,0.056874,-1.891778,-2.479761,-1.132167
-1.051829,0.501068,0.044762,-1.374738,-1.440597,-0.653223
-1.017180,0.470098,0.041410,-0.624711,-1.105059,-0.953874
-0.988449,0.457917,0.076710,-1.926072,-2.095171,-0.406943
-0.978772,0.447712,0.050995,-2.005071,-2.178607,0.078710
-0.983866,0.486392,0.050959,-1.532534,-2.401563,1.378811
-0.971285,0.488867,0.087151,-0.954267,-3.521439,2.174790
-0.940328,0.454037,0.049984,-1.943788,-3.662154,2.363961
-0.908633,0.436348,0.025592,-1.905774,-4.307593,1.775794
-0.912401,0.449661,0.074527,-1.398132,-6.016755,3.201794
-0.905597,0.477556,0.053588,-1.098416,-6.104777,4.885876
-0.912372,0.489208,0.042707,-1.440570,-6.231102,4.377219
-0.900138,0.457300,0.052003,-2.388220,-7.095791,3.781578
-0.852349,0.433200,0.051583,-1.825600,-6.989099,3.549497
-0.843411,0.445667,0.043882,-1.642023,-6.662483,3.731462
-0.896412,0.468417,0.041985,-2.068895,-6.636739,4.118465
-0.911275,0.485496,0.044798,-1.775264,-6.119374,4.096038
-0.912244,0.486267,0.044906,-1.503462,-6.072974,3.263888
-0.891128,0.452497,0.052925,-1.812924,-6.013539,2.224330
-0.894522,0.450705,0.045481,-2.507612,-4.813696,1.474732
-0.955854,0.482328,0.026912,-1.830363,-3.990388,0.998476
-1.004332,0.501012,0.054639,-0.522285,-3.685263,0.449582
-1.029830,0.533977,0.033106,-0.875929,-3.333260,0.034090
-1.022652,0.513351,0.047942,-2.014068,-3.073321,-1.337657
-1.016425,0.490160,0.042887,-1.775389,-1.640711,-1.954398
-1.039415,0.516321,0.038354,-0.839825,-2.033550,-2.951607
-1.083748,0.540913,0.051865,-0.497480,-1.243733,-2.668664
-1.078151,0.544750,0.036198,-1.052773,-0.501931,-2.932917
-1.070323,0.523493,0.030769,-1.726106,-0.831711,-4.364992
-1.062189,0.500149,0.043248,-1.189146,-1.494606,-4.713443
-1.058306,0.524695,0.043055,-1.016749,-1.891151,-4.802482
-1.087372,0.563191,0.018190,-1.252815,-1.669537,-4.420837
-1.091018,0.562952,0.009521,-1.960282,-1.682165,-4.753949
-1.067572,0.541557,0.017915,-1.156508,-2.819454,-5.290480
-1.044240,0.508007,0.033395,-1.234571,-3.762206,-5.045770
-1.030457,0.531082,0.012988,-1.951318,-3.355115,-4.422267
-1.052148,0.550183,-0.019449,-1.671700,-3.455571,-4.405547
-1.058985,0.553866,-0.006920,-1.712468,-4.100632,-3.703765
-1.022652,0.543076,-0.018156,-1.065007,-4.304665,-4.147849
-0.996704,0.502043,-0.012688,-1.387336,-4.517600,-4.379211
-0.978503,0.486451,-0.029349,-2.001802,-4.614370,-3.926802
-0.985550,0.509113,-0.038425,-1.669481,-4.339886,-3.299383
-1.007303,0.493932,-0.007409,-0.780134,-4.015479,-3.148683
-0.963069,0.468030,-0.025089,-0.892128,-3.774634,-2.989957
-0.924215,0.424456,-0.035652,-1.594369,-3.053098,-3.644452
-0.929562,0.382664,-0.010360,-1.330599,-2.878387,-3.670816
-0.916458,0.390197,0.018223,-0.778851,-2.862670,-2.170288
-0.923883,0.392882,-0.004797,-0.859090,-2.073362,-1.356552
-0.913760,0.342457,-0.001153,-1.194548,-1.150790,-1.882230
-0.875395,0.305008,0.018128,-1.759114,-1.462569,-1.833170
-0.854853,0.273316,0.042884,-0.985972,-1.747426,-1.094699
-0.849240,0.281331,0.040691,-1.361775,-1.274295,0.859639
-0.845196,0.298669,-0.005998,-1.132947,1.234275,1.376754
-0.838979,0.255640,0.039572,-1.710813,-2.064224,1.194235
-0.776797,0.198112,0.036621,-1.174850,-2.210079,1.877374
-0.727954,0.202323,0.017475,-1.587489,-2.690503,2.844887
-0.746631,0.193434,0.009164,-2.081847,-3.102403,2.936880
-0.729550,0.225914,-0.009983,-1.530581,-2.927469,3.903473
-0.716607,0.227719,-0.003241,-1.067393,-3.944467,4.399141
-0.678481,0.179379,-0.018842,-1.113117,-4.413123,4.137568
-0.640579,0.171317,-0.047344,-2.083294,-4.773361,4.205604
-0.646914,0.170286,-0.035281,-1.809152,-4.673956,4.722647
-0.666927,0.177445,-0.023894,-0.772765,-5.501826,5.566746
-0.664925,0.194310,-0.024235,-0.783433,-5.294373,6.220138
-0.644738,0.165330,-0.016833,-1.563461,-5.300849,6.005188
-0.616256,0.132217,-0.023959,-2.182152,-5.121063,5.464039
-0.618885,0.141315,-0.026815,-1.275411,-4.591333,5.518537
-0.645329,0.157728,0.016648,-1.348517,-4.380657,6.224383
-0.646238,0.168136,-0.011309,-1.578124,-2.895567,6.605720
-0.635439,0.148176,-0.001613,-2.276466,-3.152637,6.045897
-0.624531,0.112062,0.006026,-1.916087,-2.641266,5.470276
-0.610866,0.131718,0.009508,-1.371078,-2.577991,5.698835
-0.629967,0.155446,0.002520,-1.467345,-2.357339,5.965297
-0.625808,0.165871,-0.028686,-1.788305,-1.816199,5.930834
-0.607479,0.169764,-0.051266,-1.268721,-0.117846,5.254639
-0.615918,0.154235,0.011333,-0.929787,-2.512362,4.766012
-0.602152,0.167890,-0.011151,-1.191804,-2.127814,5.216103
-0.603796,0.208983,-0.036203,-1.464289,0.258886,5.276558
-0.621600,0.226219,-0.041589,-1.193311,-1.940679,5.500798
-0.614956,0.226245,-0.034785,-0.564291,-1.995191,4.559443
-0.609370,0.219641,0.002950,-0.935387,-4.128815,4.755064
-0.617513,0.239529,0.007562,-1.898342,-6.953662,5.451263
-0.627233,0.283603,-0.025371,-1.602060,-4.410021,5.532548
-0.652655,0.283281,-0.009313,-0.698900,-4.501480,5.185545
-0.631211,0.293401,0.005848,-0.904932,-6.569068,4.895515
-0.614818,0.286166,0.008570,-1.843801,-7.373906,4.847313
-0.609983,0.288359,-0.021238,-1.580865,-5.142734,5.236781
-0.647919,0.318833,-0.016449,-1.073915,-4.808493,5.126231
-0.673147,0.331556,0.021259,-0.783032,-5.332367,5.778848
-0.643989,0.326054,0.009942,-1.511491,-5.163105,6.369957
-0.625040,0.313135,-0.019121,-1.896754,-3.226643,5.138445
-0.666294,0.277481,0.023997,-1.110262,-6.071766,4.329327
-0.683536,0.314356,0.032840,-1.158281,-7.184575,5.508500
-0.699243,0.357083,0.003518,-1.232030,-4.023442,6.530204
-0.712310,0.339969,-0.008962,-1.522707,-3.848308,5.971490
-0.698120,0.307712,-0.014690,-1.272742,-3.136665,4.384533
-0.695422,0.292400,0.022615,-1.581456,-3.691358,3.951055
-0.716361,0.319132,0.002471,-1.738891,-3.940311,4.678856
-0.766077,0.372678,-0.030413,-1.434064,-2.297372,5.428439
-0.820883,0.384121,0.016172,-0.809512,-3.058927,4.148481
-0.810852,0.380156,0.013260,-1.162741,-4.066170,3.409223
-0.802498,0.384712,0.000084,-2.001798,-4.850649,2.353916
-0.836918,0.389458,-0.033574,-2.106167,-3.175959,1.463012
-0.892460,0.427039,-0.007688,-0.917310,-3.533446,1.053208
-0.946076,0.474519,-0.001442,-0.787822,-5.233937,1.499603
-0.965193,0.491870,-0.028115,-1.459976,-4.713076,0.853503
-0.982819,0.493794,-0.050606,-1.902229,-4.340890,-1.279022
-1.007776,0.501478,-0.004455,-1.592265,-4.477784,-2.620959
-1.053060,0.524573,-0.023431,-0.869338,-4.297004,-2.500833
-1.090201,0.579728,-0.050331,-1.512275,-3.998010,-3.231055
-1.128034,0.575645,-0.036511,-1.863509,-2.840718,-4.507967
-1.147555,0.568840,-0.038645,-1.234335,-2.485860,-6.008508
-1.150726,0.588515,-0.041058,-1.245994,-3.490844,-6.047122
-1.192830,0.615802,-0.034276,-2.260363,-2.934224,-7.070624
-1.216890,0.641448,-0.049947,-1.996832,-1.448170,-7.846609
-1.237297,0.653363,-0.063201,-1.152845,-1.360932,-9.308447
-1.282939,0.642131,0.029571,-2.467133,-11.087292,-10.364437
-1.217100,0.661927,-0.071899,-2.201945,-0.358426,-10.315299
-1.242434,0.681231,-0.079439,-1.573463,0.539399,-10.247511
-1.288027,0.701395,-0.043844,-1.085089,-0.077588,-11.088026
-1.256309,0.701389,-0.054368,-0.904906,-0.143397,-10.719739
-1.232088,0.707812,-0.077821,-1.487050,-0.385838,-11.411126
-1.231599,0.678979,-0.061501,-1.598190,-0.690291,-12.315621
-1.215072,0.698937,-0.063303,-0.665961,-0.171531,-12.194779
-1.223081,0.738588,-0.052149,-0.455501,-0.737761,-11.329499
-1.205881,0.746312,-0.068912,-1.258491,-0.647754,-10.687962
-1.168330,0.735162,-0.084038,-1.295526,0.127634,-11.609694
-1.158709,0.691311,-0.029664,-1.258848,-2.213440,-12.082876
-1.116103,0.697056,-0.022729,-1.203070,-3.666556,-11.275580
-1.092686,0.706591,-0.046795,-1.224859,-1.223785,-10.690190
-1.084916,0.699137,-0.047353,-1.252615,-0.643552,-10.058678
-1.037561,0.686174,-0.031539,-1.331581,-2.071790,-10.318177
-0.985823,0.665081,-0.001238,-1.241153,-3.949821,-10.197182
-0.956297,0.658697,-0.024344,-1.632199,-1.765791,-9.485746
-0.917187,0.662314,-0.034362,-1.111368,-0.917780,-9.609625
-0.875162,0.659816,-0.006986,-0.537713,0.589388,-9.125481
-0.849749,0.617069,0.036368,-1.156134,-5.566691,-8.875164
-0.752727,0.583920,-0.030610,-1.505379,-0.624504,-8.206383
-0.712707,0.572372,-0.029549,-0.811777,0.497466,-7.854701
-0.700425,0.550757,0.019503,-0.359542,-1.873252,-7.474992
-0.659230,0.556114,0.027023,-0.476889,-2.416279,-6.486150
-0.592127,0.528148,0.023209,-0.854192,-1.740382,-5.899994
-0.534435,0.469294,0.025556,-1.470710,-0.977596,-6.229490
-0.480058,0.448851,0.041049,-1.064570,-1.713197,-5.555453
-0.451740,0.444160,0.069692,-0.394664,-2.619461,-3.747764
-0.427342,0.424485,0.061971,-0.238935,-3.170983,-2.698663
-0.372548,0.407613,0.041998,-0.836717,-1.696669,-2.603491
-0.319708,0.359923,0.073447,-1.072048,-2.735814,-2.489251
-0.270015,0.313450,0.097963,-0.676983,-4.824987,-1.441141
-0.239396,0.323520,0.076713,-0.796342,-5.224201,-0.227652
-0.223043,0.306951,0.081440,-1.256603,-4.159867,0.352890
-0.183854,0.275160,0.070092,-0.885060,-4.161708,0.730723
-0.124133,0.231770,0.077287,-0.284026,-4.888171,1.349753
-0.098406,0.195837,0.091609,-1.164067,-6.130478,2.342065
-0.074047,0.162369,0.058978,-1.099928,-4.610191,2.956013
-0.075980,0.160104,0.055259,-0.388703,-5.088862,3.675216
-0.055648,0.133395,0.103954,-0.820727,-5.881151,4.254711
-0.015839,0.078325,0.073404,-1.383728,-5.750224,4.556786
0.015948,0.040778,0.042782,-1.620861,-3.823036,4.753067
-0.013870,0.019018,0.090624,-1.501978,-5.807588,5.244996
-0.027872,0.020801,0.091710,-1.286535,-6.428776,6.885106
-0.032849,0.010110,0.055604,-1.332758,-5.635733,7.062305
-0.033984,-0.054814,0.074034,-2.001588,-4.980135,6.662600
-0.012409,-0.115956,0.077757,-1.599039,-5.574932,6.748641
-0.033515,-0.121664,0.080209,-1.731692,-6.540964,7.654925
-0.078970,-0.114948,0.070873,-2.088050,-5.760547,9.049315
-0.118770,-0.141454,0.040124,-1.916441,-4.301753,8.899917
-0.122951,-0.165537,0.045356,-1.969164,-4.694622,8.326889
-0.133409,-0.198936,0.067282,-2.241508,-5.634650,8.516697
-0.168705,-0.203941,0.036556,-2.300985,-5.820058,9.322230
-0.228518,-0.191140,0.003176,-2.504109,-4.350934,9.181258
-0.300843,-0.200994,0.036894,-2.509381,-5.873857,8.871575
-0.324815,-0.223945,0.032108,-2.292359,-6.663379,8.770381
-0.356372,-0.218867,0.001535,-2.965975,-6.377065,8.934069
-0.427007,-0.207601,-0.003546,-3.467587,-5.455363,8.842481
-0.496864,-0.175145,-0.007974,-2.885204,-4.857907,8.688750
-0.572741,-0.155877,-0.001908,-2.592436,-5.814229,8.241099
-0.617260,-0.158775,-0.014598,-3.621914,-5.071803,7.808719
-0.637507,-0.183738,-0.063066,-3.411267,-2.847692,7.151027
-0.711430,-0.147428,-0.062856,-2.888096,-4.154198,6.967678
-0.814141,-0.090828,-0.019348,-2.982193,-4.823379,7.493316
-0.850294,-0.055355,-0.057664,-2.941058,-3.758047,7.311399
-0.891840,-0.047576,-0.107435,-2.974168,-1.845764,5.409074
-0.928482,-0.059245,-0.053203,-2.959768,-3.296100,4.612488
-0.959327,-0.025839,-0.080017,-2.771333,-2.723429,5.083639
-1.037682,0.056018,-0.127819,-2.239933,-0.628150,4.853748
-1.116185,0.106755,-0.098881,-2.176424,-0.808970,4.848596
-1.134763,0.131160,-0.099557,-1.682811,-1.055852,4.424692
-1.143787,0.144362,-0.098244,-2.013155,-2.409838,3.868811
-1.167919,0.164910,-0.113170,-2.481425,0.134146,2.491692
-1.225474,0.238594,-0.095313,-1.830225,-0.716527,3.037275
-1.293387,0.321469,-0.066096,-0.897284,-1.805528,3.413979
-1.322250,0.372915,-0.078041,-1.077562,-1.384746,3.430758
-1.317277,0.398091,-0.090665,-1.523770,-0.841828,2.246378
-1.305861,0.419696,-0.083355,-1.185541,-0.690064,1.711921
-1.348982,0.454152,-0.053662,-0.729532,-3.320574,2.051512
-1.355153,0.543286,-0.066060,-0.295049,-2.390912,2.822644
-1.388887,0.578356,-0.047475,-0.467974,-2.651932,2.541352
-1.361783,0.593226,-0.052051,-0.362017,-1.513756,1.767284
-1.347882,0.615057,-0.016686,0.139339,-3.904119,1.479013
-1.345187,0.655241,-0.032832,-0.279471,-2.646903,2.123615
-1.371874,0.706309,-0.024734,0.864672,-2.195154,1.550224
-1.380119,0.747014,0.019168,1.482220,-2.133562,1.373589
-1.341859,0.750999,0.014672,1.268232,-2.269114,1.529308
-1.311972,0.757459,0.011251,0.723573,-2.942893,0.734184
-1.342148,0.761267,0.030690,1.249692,-2.225773,0.227322
-1.343707,0.821920,0.052370,1.452839,-2.042018,1.138694
-1.330256,0.864995,0.076001,1.227355,-1.971069,1.259930
-1.323940,0.832916,0.057593,1.159987,-1.279515,-0.571917
-1.274201,0.827644,0.071474,1.309279,-1.421923,-1.483157
-1.256923,0.844319,0.098413,1.402700,-1.604607,-0.949607
-1.271464,0.879339,0.083806,1.266800,-2.079839,-0.195743
-1.263675,0.908274,0.061489,1.209010,-0.713980,-0.906486
-1.241013,0.896874,0.081541,1.382598,-0.015924,-2.018944
-1.182559,0.839116,0.087620,1.643263,-1.924845,-3.282459
-1.138929,0.850799,0.044105,1.319641,-0.786056,-3.098767
-1.153536,0.880002,0.049954,0.727621,-1.166444,-2.911589
-1.145871,0.898995,0.040494,1.528782,-0.880672,-3.607818
-1.107247,0.898548,0.024732,1.989849,-0.899152,-3.940913
-1.052378,0.845609,0.036592,0.705579,-2.295242,-4.654288
-0.988879,0.808225,0.002152,-0.034263,-1.674773,-5.306622
-0.964326,0.809545,-0.005263,0.236033,-1.915539,-5.463995
-0.963479,0.794236,-0.002830,0.954884,-1.332165,-5.004138
-0.901815,0.763010,-0.016853,0.668514,-1.074316,-4.358547
-0.835323,0.702521,-0.031502,-0.661369,-1.666803,-5.092263
-0.791739,0.637722,-0.029664,-0.979979,-2.339772,-5.553598
-0.733850,0.625889,-0.037119,-0.506205,-1.717270,-4.830023
-0.720122,0.621015,-0.038941,-0.532464,-2.128323,-3.841733
-0.668352,0.571591,-0.072684,-1.260128,-1.088119,-3.710192
-0.599368,0.504452,-0.075766,-1.399412,-2.490265,-4.312924
-0.537875,0.423005,-0.053682,-1.122909,-2.888470,-3.762825
-0.480235,0.384794,-0.094945,-1.614218,-2.496787,-2.805366
-0.471064,0.382601,-0.103385,-2.350547,-3.000520,-2.066006
-0.440347,0.343553,-0.081510,-1.537058,-3.306446,-2.034457
-0.377675,0.261088,-0.082282,-1.713406,-4.029915,-1.482789
-0.295874,0.218171,-0.117076,-2.625058,-3.403701,-1.327032
-0.271410,0.177744,-0.120933,-3.321217,-3.932233,-1.004420
-0.260880,0.161440,-0.114558,-2.405965,-3.906108,0.010619
-0.243102,0.138105,-0.117174,-1.874853,-4.943936,-0.019933
-0.185965,0.069486,-0.113337,-3.021973,-4.441772,0.490347
-0.140181,-0.005846,-0.126559,-3.362221,-5.089259,0.375943
-0.126513,-0.020932,-0.104576,-3.180994,-5.429333,0.880776
-0.155402,-0.009116,-0.092346,-3.014538,-6.202049,2.494800
-0.132116,-0.018881,-0.114785,-3.326836,-4.945036,2.725349
-0.108368,-0.066726,-0.117433,-3.757141,-4.784190,1.970625
-0.083185,-0.149611,-0.075894,-3.748853,-7.652138,1.957363
-0.062945,-0.160006,-0.095421,-4.230888,-7.064805,3.173192
-0.091424,-0.154186,-0.100227,-4.420633,-4.884983,3.475963
-0.106638,-0.163482,-0.071670,-4.292979,-5.185458,4.273832
-0.091841,-0.197465,-0.068144,-4.109054,-8.457041,3.938608
-0.073863,-0.238811,-0.063772,-5.878935,-10.579495,3.365991
-0.036938,-0.240406,-0.107327,-5.496193,-4.338175,3.533664
-0.084330,-0.216707,-0.082387,-4.329680,-5.871323,3.877085
-0.125026,-0.178624,-0.066989,-4.352053,-7.143032,4.480075
-0.122144,-0.179802,-0.108436,-4.734766,-6.310399,4.140851
-0.117985,-0.191645,-0.108535,-4.788391,-5.874780,2.917420
-0.132530,-0.175647,-0.104153,-4.215907,-6.122164,2.401893
-0.170051,-0.105114,-0.127724,-3.704126,-5.079586,2.896453
-0.237916,-0.037230,-0.134761,-4.250068,-5.725422,3.000961
-0.287129,-0.011866,-0.160509,-3.448316,-4.092846,1.709927
-0.329706,0.016304,-0.129089,-2.869586,-5.974326,0.348935
-0.372824,0.049168,-0.099633,-3.064927,-7.109525,-0.477335
-0.437842,0.127073,-0.129624,-3.930759,-6.549840,-0.396868
-0.521321,0.202743,-0.135004,-3.190051,-4.753194,-2.067609
-0.594182,0.244007,-0.077178,-2.161646,-3.905117,-2.674350
-0.647354,0.274527,-0.052861,-2.468128,-4.685841,-3.766947
-0.682877,0.327988,-0.083109,-3.250553,-4.362515,-4.452407
-0.769126,0.379086,-0.046063,-2.470212,-3.585151,-5.674556
-0.860260,0.447016,-0.004153,-1.487467,-3.390703,-5.741647
-0.904221,0.524173,-0.021179,-1.731414,-2.676280,-6.325043
-0.949421,0.550823,-0.002384,-2.569657,-0.738542,-7.998941
-0.976251,0.563966,0.015295,-1.440032,-0.441400,-9.060413
-1.028120,0.623647,0.040488,-0.715211,-1.104416,-9.115267
-1.116195,0.698497,0.071727,-1.157345,-4.710952,-8.202793
-1.127559,0.743466,0.019743,-0.559289,1.077982,-8.768667
-1.151793,0.756356,0.038738,-0.134160,1.006264,-10.241370
-1.162592,0.764690,0.094605,0.462160,-1.669055,-10.731064
-1.169577,0.794465,0.080757,0.080518,-2.371966,-9.686261
-1.212905,0.844073,0.054547,0.677823,-0.097194,-9.234989
-1.253522,0.881141,0.102047,1.345244,-0.096668,-9.086072
-1.244141,0.874918,0.124161,1.816392,-0.635750,-8.252640
-1.229633,0.888609,0.112731,1.204040,-1.739850,-8.003766
-1.249035,0.871383,0.123054,0.839292,-1.598364,-7.958632
-1.270361,0.878539,0.133453,1.934212,-0.444105,-7.623958
-1.305342,0.910523,0.161741,1.820695,-3.776032,-6.811992
-1.303747,0.908711,0.162923,0.726534,-3.655921,-6.133498
-1.282099,0.863439,0.131484,0.735787,-0.712733,-6.030577
-1.291891,0.851826,0.132278,1.507459,-1.678351,-5.734347
-1.334470,0.855115,0.208326,1.052592,-4.509654,-4.672284
-1.325234,0.852499,0.173417,1.110438,-1.656194,-3.843970
-1.300297,0.830096,0.119017,0.845250,0.088671,-4.125472
-1.289609,0.774351,0.161738,0.690992,-0.323902,-4.670668
-1.271379,0.722068,0.172829,1.048387,-1.286398,-3.647163
-1.270492,0.733471,0.158147,0.502498,-2.412901,-2.544924
-1.263100,0.720840,0.126452,0.715295,1.280744,-2.486184
-1.232987,0.664999,0.128667,1.430063,2.221619,-2.494872
-1.168533,0.616534,0.118157,1.069848,1.570236,-2.387991
-1.109505,0.572579,0.099956,-0.109473,0.864502,-1.598770
-1.102162,0.544682,0.055403,0.188878,2.587391,-1.123365
-1.090322,0.556554,0.073306,0.530340,1.448448,0.265951
-1.042051,0.527836,0.068041,0.734606,0.088645,1.265166
-0.964500,0.462975,0.034412,0.009299,1.707727,1.688017
-0.864464,0.401941,0.008379,-0.473328,2.037517,1.484091
-0.817745,0.363773,0.030828,0.212554,-0.146026,2.106856
-0.802177,0.353906,0.029571,0.129771,-1.845627,3.932733
-0.726284,0.345473,0.004148,-0.446743,-1.290990,5.711892
-0.650436,0.283314,-0.023149,-0.668524,-0.625866,5.557031
-0.583625,0.205425,0.022779,-1.133042,-3.698737,5.887454
-0.498508,0.173175,0.010752,-1.110898,-5.159793,7.559126
-0.441873,0.165678,-0.030098,-1.130176,-2.937296,8.977091
-0.421781,0.141647,-0.010242,-1.151328,-3.824733,9.413344
-0.341802,0.087346,-0.012934,-1.101750,-4.209802,9.867879
-0.261385,0.046466,-0.013190,-1.201704,-5.738920,10.576848
-0.226611,0.005239,-0.014857,-1.871364,-5.786118,11.305423
-0.174939,-0.017440,-0.032182,-1.573190,-4.031500,11.737659
-0.155480,-0.025682,-0.008896,-0.985988,-6.241464,11.858522
-0.110882,-0.058723,-0.012054,-1.701744,-5.616196,12.715085
-0.043907,-0.114935,-0.035517,-1.753399,-5.387541,12.372171
-0.011368,-0.147884,-0.017933,-1.364910,-4.645795,11.894984
-0.010837,-0.157912,0.012462,-1.031877,-6.036725,12.591311
0.011622,-0.139107,-0.008611,-1.456539,-5.450751,13.665982
0.037964,-0.167050,-0.054063,-2.026065,-4.134598,13.285495
0.047965,-0.221151,-0.019870,-1.983265,-4.743467,12.070761
0.071336,-0.253339,-0.004856,-1.680253,-4.678938,12.839033
0.055062,-0.241975,-0.028023,-1.987539,-5.180042,12.651572
0.023458,-0.218027,-0.017723,-2.505557,-4.819144,12.075779
0.015344,-0.256516,0.003403,-1.683178,-4.803228,11.854048
0.025510,-0.260468,-0.012684,-2.437233,-5.616107,12.072189
0.002178,-0.272101,-0.017024,-3.235052,-5.520726,11.787765
-0.032527,-0.272292,-0.048046,-2.636496,-4.292746,10.963754
-0.077467,-0.250073,-0.026395,-2.696611,-6.318949,10.535881
-0.077674,-0.245543,-0.028968,-3.200137,-5.618569,10.738394
-0.085958,-0.267355,-0.071594,-3.735122,-5.438698,10.098056
-0.112533,-0.253864,-0.095782,-3.849177,-4.407349,8.957881
-0.175027,-0.218371,-0.072270,-3.366504,-5.037873,9.057698
-0.227507,-0.173090,-0.089799,-3.478363,-6.636131,8.307666
-0.240328,-0.138437,-0.149319,-3.947545,-4.361316,8.056736
-0.281165,-0.151915,-0.156022,-4.238619,-4.490602,5.523181
-0.317813,-0.134012,-0.145262,-3.026388,-4.844816,4.969197
-0.390441,-0.058385,-0.169276,-3.253421,-5.850506,5.430794
-0.463570,0.010126,-0.193291,-3.864414,-4.718423,4.624162
-0.516657,0.025816,-0.202288,-2.850830,-3.140092,2.744659
-0.540461,0.048068,-0.207661,-2.543870,-3.534438,1.672647
-0.577898,0.087802,-0.181415,-3.537533,-4.676418,0.550616
-0.640832,0.143731,-0.214344,-2.884551,-2.993219,0.596447
-0.723644,0.225878,-0.215260,-2.247978,-2.435602,-0.273726
-0.781806,0.267699,-0.170622,-2.063873,-2.747115,-0.735970
-0.785627,0.281509,-0.180128,-2.372931,-2.087660,-1.271304
-0.813350,0.303760,-0.196757,-2.766058,-2.319489,-3.061983
-0.876193,0.344564,-0.154538,-2.048353,-1.798757,-3.157044
-0.938854,0.415728,-0.140594,-1.380896,-1.307635,-2.820789
-0.976543,0.493210,-0.146316,-1.336186,-1.668798,-2.498813
-1.016625,0.516196,-0.127701,-2.057236,-1.903312,-3.893328
-1.008455,0.524055,-0.112799,-1.300502,-1.425826,-4.950461
-1.052318,0.570646,-0.069464,-1.150154,-5.151229,-4.910055
-1.101558,0.639866,-0.072707,-1.018508,-2.880675,-3.773374
-1.125070,0.687021,-0.084655,-0.615897,-1.736883,-4.208094
-1.138610,0.710094,-0.060171,0.033201,-1.920269,-5.059550
-1.148300,0.701799,-0.008506,-0.415748,-5.161011,-5.954825
-1.121857,0.732276,-0.024334,-0.810244,-4.065947,-4.936432
-1.171940,0.791272,-0.034723,-0.178198,-2.344574,-5.188633
-1.224322,0.843180,-0.002778,0.804098,-2.360185,-5.542770
-1.231313,0.885704,0.015174,0.589853,-3.195018,-5.606873
-1.229324,0.884004,0.024923,-0.326016,-3.724672,-6.528608
-1.219106,0.872771,0.010765,-0.222835,-2.349097,-7.209829
-1.270650,0.920833,0.031461,0.902972,-2.625022,-8.105355
-1.327045,0.974376,0.055400,0.593976,-2.660246,-7.384036
-1.343704,1.002989,0.035850,0.398701,-1.788677,-8.893595
-1.363372,0.988618,0.035830,0.368374,-1.587296,-10.378849
-1.356368,0.978121,0.057675,0.757258,-1.415706,-11.510683
-1.367994,1.026606,0.047243,0.003226,-1.410487,-11.148066
-1.414687,1.059897,0.033916,0.293850,-0.215614,-12.457957
-1.431811,1.056933,0.023839,0.754674,1.267092,-13.686630
-1.414916,1.056247,0.040521,1.222228,0.894582,-14.621994
-1.397743,1.040330,0.046636,0.401540,-0.381374,-14.787343
-1.386182,1.048303,0.003124,0.159112,1.733419,-14.506809
-1.416896,1.064945,-0.011903,0.619346,2.232970,-15.648478
-1.416508,1.064443,0.022021,0.693746,1.616974,-16.463928
-1.362493,1.039500,0.021844,0.277385,0.267190,-16.519414
-1.300290,1.002680,-0.020674,-0.102593,1.890106,-16.108570
-1.282368,0.975518,-0.021504,-0.110215,2.516690,-16.150289
-1.269724,0.958466,-0.003937,1.044901,2.128552,-15.677332
-1.214996,0.959277,-0.001967,0.745687,0.055935,-14.820667
-1.121135,0.881805,-0.031585,-0.401338,2.006491,-14.474480
-1.016071,0.794121,-0.044012,-0.408914,2.115081,-14.885846
-0.955871,0.756159,0.006511,0.044454,-1.016122,-13.469827
-0.915349,0.740371,0.006278,-0.159868,-0.562161,-10.698220
-0.849861,0.724103,-0.033541,-0.243869,1.427460,-9.772260
-0.762299,0.653379,-0.008686,-0.288182,-0.174495,-9.309992
-0.677103,0.543798,0.030943,-0.694961,-3.382573,-8.499083
-0.570319,0.482729,0.027358,-1.294249,-3.386547,-7.442664
-0.506068,0.459994,0.008671,-1.139932,-2.367485,-5.629755
-0.485838,0.411250,0.019523,-1.018170,-2.232528,-3.417512
-0.397521,0.351831,0.047923,-0.774012,-3.304260,-1.543897
-0.288675,0.271717,0.029154,-1.285619,-3.697631,-0.212691
-0.211630,0.166344,0.034799,-1.918158,-4.050489,0.922448
-0.139617,0.119897,0.047148,-1.905215,-3.877905,2.384626
-0.079797,0.083206,0.058417,-0.950482,-3.902100,4.314672
-0.015442,0.005183,0.053907,-1.349292,-3.873031,5.385957
0.095702,-0.079583,0.041384,-2.605983,-4.081607,6.863948
0.157549,-0.156802,0.041499,-2.523945,-4.743615,8.540889
0.180280,-0.204700,0.080008,-1.986094,-5.319667,10.510672
0.220021,-0.212030,0.061354,-2.157674,-5.478330,12.927936
0.270692,-0.263935,0.032791,-2.687351,-5.294139,13.493647
0.341704,-0.364456,0.014097,-3.959959,-5.659458,14.202260
0.386499,-0.416286,0.032344,-3.563535,-7.019510,15.810289
0.381123,-0.421479,0.049971,-3.314254,-7.866691,18.000900
0.363073,-0.419385,0.010870,-3.499406,-6.883555,19.698347
0.381747,-0.437934,-0.007787,-4.496808,-7.217989,19.681910
0.429073,-0.515173,0.008340,-4.378916,-8.458213,19.029757
0.470819,-0.564675,0.010070,-4.132205,-9.071142,20.136604
0.440305,-0.530423,-0.031466,-4.204464,-9.548166,21.146478
0.347366,-0.490233,-0.022988,-4.602493,-9.407418,21.387462
0.312435,-0.471247,-0.018619,-4.054001,-9.393048,21.084952
0.309576,-0.493105,-0.020145,-4.017740,-9.947461,19.972681
0.278688,-0.510088,-0.030462,-4.930123,-10.560778,18.604816
0.202095,-0.467449,-0.071650,-5.326825,-9.279964,17.764293
0.082697,-0.371809,-0.076705,-4.439822,-8.683122,16.650699
-0.027219,-0.320705,-0.019170,-3.824207,-9.954926,15.587465
-0.077092,-0.306052,-0.042216,-3.792696,-7.985105,13.616973
-0.145265,-0.285326,-0.055740,-4.119528,-6.665246,11.581639
-0.266666,-0.240232,-0.057030,-4.107206,-6.367588,9.113348
-0.385169,-0.138286,-0.034742,-2.647883,-4.687253,7.665660
-0.499244,-0.082324,-0.028141,-2.605419,-3.386134,5.731986
-0.583996,-0.052109,-0.045177,-3.048561,-2.704988,3.832759
-0.652294,-0.018539,-0.046746,-3.176714,-2.004165,1.474485
-0.763917,0.046735,-0.008545,-2.477026,-1.767819,0.164183
-0.888882,0.145133,-0.007032,-1.755343,0.215334,-0.335227
-0.974012,0.227417,-0.015678,-2.177327,0.635289,-2.232046
-1.047240,0.254310,-0.003461,-2.069640,0.908464,-4.507522
-1.077058,0.275269,-0.017441,-1.020907,1.239901,-6.146993
-1.136785,0.340862,-0.029848,-0.642150,1.126112,-6.787635
-1.253479,0.428388,-0.009205,-1.005598,0.618614,-6.982594
-1.330348,0.506845,-0.022377,-0.004537,1.201943,-7.162992
-1.364061,0.567022,-0.013062,0.803429,1.087392,-7.698424
-1.372199,0.570462,0.004296,0.206619,0.241278,-9.186492
-1.373938,0.592730,-0.023877,0.134258,0.593710,-9.769115
-1.419768,0.660877,-0.012477,0.204528,-0.081697,-9.450457
-1.481376,0.728121,0.025691,1.418420,-0.566175,-8.809493
-1.522790,0.759389,0.041135,1.637818,-1.601053,-8.327103
-1.512822,0.761887,0.032781,0.458802,-2.783544,-8.905666
-1.501484,0.769397,0.018775,0.714218,-1.618518,-8.802056
-1.544126,0.773957,0.044253,1.159406,-1.747833,-9.200130
-1.563302,0.815637,0.063888,1.266318,-1.242193,-8.028418
-1.586998,0.838916,0.062510,0.676208,-2.083561,-7.533847
-1.587884,0.803637,0.053979,0.783284,-0.438370,-8.544457
-1.565705,0.781007,0.065924,1.255056,-0.973949,-8.172054
-1.576947,0.785691,0.083340,1.509717,-2.707894,-7.513935
-1.571072,0.815401,0.075935,0.650231,1.372301,-6.454666
-1.554745,0.805590,0.064404,0.348164,1.877889,-6.630184
-1.521228,0.790549,0.059608,0.721666,1.013117,-7.529310
-1.472182,0.754725,0.067818,0.533497,1.631729,-7.290666
-1.440880,0.747740,0.041640,0.258872,2.645910,-5.899758
-1.433485,0.790359,0.002740,0.845017,4.676840,-5.108914
-1.420329,0.796372,0.013930,1.293241,1.455422,-4.933369
-1.359374,0.748574,0.011146,1.087927,-0.660207,-5.262393
-1.231513,0.721549,-0.038117,0.361590,2.060386,-4.670585
-1.173437,0.704398,-0.057946,0.475644,1.788639,-4.290885
-1.143875,0.699393,-0.055628,1.388152,1.482949,-3.054071
-1.080931,0.741854,-0.061478,1.436240,0.782815,-1.365509
-0.995696,0.706814,-0.059689,0.481021,-0.940823,-0.711308
-0.892382,0.639308,-0.083729,0.382364,-1.055114,-0.537333
-0.793311,0.602019,-0.075671,0.404826,-1.796466,-0.048170
-0.738406,0.584635,-0.043506,0.389001,-2.667185,1.626768
-0.673820,0.586956,-0.072723,-0.059567,-2.772508,3.306015
-0.582027,0.546001,-0.071906,-0.166193,-2.984705,3.487542
-0.512620,0.466238,-0.051407,-0.314494,-4.142733,3.132276
-0.402885,0.417907,-0.028289,-0.194642,-5.858601,4.611884
-0.350116,0.431641,-0.050875,-0.768097,-5.533987,5.681316
-0.324395,0.422145,-0.054978,-0.571111,-4.358687,6.362800
-0.240355,0.374214,-0.052609,-0.340455,-3.980308,6.313191
-0.167649,0.324663,-0.015386,-0.257803,-6.155074,6.258409
-0.123861,0.271241,-0.006149,-0.757695,-6.896429,7.210958
-0.078110,0.249311,-0.022184,-0.947019,-5.168560,7.463241
-0.053686,0.234090,-0.032566,-0.293683,-4.147564,7.231672
-0.021912,0.196887,0.006062,-0.387216,-4.625976,6.853441
0.044502,0.136838,-0.004701,-0.734800,-6.220240,7.071446
0.088273,0.107214,-0.022184,-1.028890,-5.066033,7.163306
0.072685,0.093011,-0.006792,-0.995140,-4.666600,7.600527
0.062779,0.081417,0.007237,-0.144929,-4.118921,8.046975
0.081462,0.057183,0.007188,-0.597443,-4.602155,7.444589
0.105145,-0.020483,0.021161,-1.760155,-5.347791,6.794225
0.126123,-0.089407,0.003823,-1.887067,-4.493093,6.394428
0.094687,-0.095306,0.007936,-1.508648,-5.835006,6.871288
0.055305,-0.079163,0.020426,-2.366634,-5.588610,8.588669
0.049052,-0.108770,-0.014706,-2.540265,-2.826264,8.249957
0.062529,-0.172561,-0.011539,-3.091721,-4.502914,6.925573
0.080832,-0.237554,0.015446,-3.165973,-5.897560,6.611081
0.065421,-0.245875,-0.018796,-4.102853,-5.911494,7.770113
0.021390,-0.215581,-0.063378,-4.119092,-4.005260,7.708885
-0.013177,-0.220846,-0.054273,-3.558369,-4.254722,7.627050
-0.023484,-0.266521,-0.068906,-4.057198,-5.359988,7.204302
-0.001101,-0.287562,-0.114355,-5.183741,-6.618859,6.495804
-0.039620,-0.277005,-0.172198,-5.405525,-5.294133,6.126555
-0.120966,-0.251317,-0.162921,-4.384720,-4.994108,5.799935
-0.164458,-0.199192,-0.178756,-4.114434,-6.156419,5.764076
-0.181179,-0.193881,-0.223269,-4.781708,-6.170147,5.715508
-0.208735,-0.215269,-0.260246,-4.805598,-4.363053,3.637829
-0.263013,-0.186574,-0.251751,-4.229947,-5.665971,2.847771
-0.353786,-0.120046,-0.248524,-3.529799,-7.044664,2.806532
-0.450700,-0.068908,-0.226860,-4.091178,-9.367412,2.370678
-0.460875,-0.050349,-0.286266,-4.058183,-3.280245,1.152015
-0.512383,-0.050914,-0.282671,-3.957646,-3.590932,-0.956024
-0.594960,-0.016997,-0.206089,-3.894967,-5.526605,-1.579735
-0.668063,0.065773,-0.222448,-3.697759,-4.334368,-1.124656
-0.749674,0.150303,-0.238437,-3.558258,-1.418906,-1.558945
-0.810675,0.166754,-0.187599,-3.682528,-1.240424,-3.278409
-0.832897,0.162990,-0.172404,-3.469261,-2.213998,-4.275854
-0.864858,0.207302,-0.146171,-3.569740,-2.589673,-4.332201
-0.928492,0.278577,-0.151180,-3.483895,-1.401624,-4.215922
-0.982084,0.338620,-0.141507,-2.522134,0.022626,-4.763047
-1.013198,0.384718,-0.089382,-2.338468,-2.332780,-5.109615
-0.993231,0.409153,-0.082764,-2.326638,-1.867219,-5.004399
-1.001158,0.426117,-0.095661,-2.633208,-1.106989,-5.988570
-1.020433,0.490804,-0.080453,-1.841510,-0.349429,-5.690132
-1.074002,0.550071,-0.039505,-0.028459,-1.708710,-4.821603
-1.103695,0.597168,-0.009254,-0.360898,-2.781709,-4.446352
-1.077859,0.615133,-0.022318,-0.635845,-1.581627,-5.143749
-1.072427,0.639570,-0.014496,-0.539440,-1.076985,-6.348746
-1.123258,0.670619,0.041834,0.162756,-3.961562,-6.503057
-1.166383,0.763794,0.081381,0.345742,-4.364580,-5.264608
-1.196047,0.824572,0.063639,0.119126,-2.912331,-5.299455
-1.234658,0.824080,0.097445,0.080793,-3.407230,-7.266654
-1.222477,0.840321,0.111405,0.498930,-3.098169,-8.176750
-1.236532,0.894232,0.118567,-0.012517,-3.414567,-8.211226
-1.306373,0.943239,0.141899,0.082845,-3.637267,-8.707420
-1.352051,1.003944,0.125378,0.402082,-2.037699,-9.866027
-1.361931,1.030772,0.134592,0.595525,-1.306670,-11.423660
-1.370771,1.047243,0.132285,0.396084,-1.069721,-12.130589
-1.383927,1.081594,0.108759,-0.016012,-0.704313,-13.044480
-1.433308,1.142260,0.104604,0.906172,0.739129,-14.353783
-1.475015,1.155773,0.103727,2.147252,1.871954,-15.907490
-1.474896,1.193233,0.112583,1.267913,0.233916,-16.735502
-1.434001,1.180805,0.054468,1.474451,2.755084,-17.470046
-1.446132,1.157218,0.070394,1.498206,2.376294,-17.997334
-1.431053,1.165237,0.062556,2.813495,4.043487,-17.881257
-1.422522,1.187541,0.051619,2.475775,4.284063,-17.961145
-1.374900,1.172750,0.055426,1.936326,4.162442,-18.163212
-1.321675,1.100254,0.036736,2.062463,4.790402,-18.680428
-1.245776,1.060307,0.062648,2.014461,3.967761,-17.776479
-1.201285,1.043543,0.060859,1.345513,2.846733,-15.821612
-1.169958,1.022323,0.053765,0.862059,3.389130,-14.687443
-1.079586,0.964801,0.053729,0.632926,3.579163,-14.173281
-0.982055,0.881407,0.076326,1.255161,1.935496,-13.217413
-0.896501,0.811291,0.084020,0.352451,-0.739619,-10.943718
-0.810908,0.782665,0.045277,-0.191961,-0.362828,-8.658831
-0.764580,0.746926,0.040964,0.396183,0.092653,-7.844644
-0.687324,0.668098,0.052026,1.034814,-0.753123,-6.380494
-0.556056,0.585535,0.062503,0.096129,-2.816775,-4.781946
-0.442648,0.493955,0.053299,-0.369206,-3.726805,-2.219127
-0.388849,0.397897,0.047164,0.100370,-2.885729,-0.629909
-0.315096,0.362289,0.071169,0.726692,-3.058734,2.143452
-0.214121,0.281860,0.073339,0.317290,-3.085905,3.914311
-0.103933,0.155243,0.051885,-0.642960,-2.059106,5.259904
0.005218,0.031698,0.062106,-0.696796,-2.480161,6.469070
0.079132,-0.037056,0.073821,-0.594882,-3.287710,9.180672
0.090656,-0.069542,0.102493,-1.203394,-4.545802,12.549322
0.146146,-0.120033,0.073670,-1.907697,-4.516894,14.701898
0.241534,-0.221135,0.028917,-2.004729,-3.755132,15.991723
0.323634,-0.344706,0.076782,-2.219640,-4.637881,17.435530
0.377545,-0.421607,0.060412,-2.508031,-5.410649,20.151150
0.422084,-0.450486,0.048310,-3.327919,-5.105015,22.428593
0.433399,-0.486130,0.031734,-2.944083,-5.093595,23.628066
0.485744,-0.574815,0.037074,-3.304242,-6.763220,24.845722
0.586065,-0.665509,0.037901,-3.966077,-10.728954,26.505606
0.627276,-0.702400,-0.013705,-4.542417,-9.093824,27.793161
0.610142,-0.705046,-0.010603,-4.398883,-8.750317,28.089578
0.599494,-0.718540,-0.021383,-3.791871,-8.815775,28.808314
0.613378,-0.718763,-0.033157,-4.966735,-10.578700,28.942960
0.627621,-0.766762,-0.068850,-6.128928,-11.248515,29.211589
0.554843,-0.757712,-0.096843,-6.327210,-11.542237,28.732309
0.468991,-0.679633,-0.072297,-4.853898,-11.825092,28.466120
0.392559,-0.615704,-0.110196,-5.406739,-11.623363,27.590563
0.335838,-0.634808,-0.141418,-6.531096,-12.666436,24.879668
0.315829,-0.647639,-0.160726,-6.211117,-10.808051,22.761871
0.220730,-0.584911,-0.181461,-5.575204,-10.241036,21.074537
0.074195,-0.478715,-0.148804,-4.947165,-10.452199,20.170697
-0.050423,-0.394313,-0.142114,-4.795212,-9.475847,18.910804
-0.113104,-0.364364,-0.158287,-5.249544,-7.297139,14.619503
-0.163509,-0.371894,-0.184858,-5.097928,-5.483884,10.516574
-0.277820,-0.321998,-0.139964,-4.423991,-5.025472,8.115087
-0.425976,-0.197357,-0.166378,-3.644409,-3.178516,7.088125
-0.585992,-0.068698,-0.185685,-3.405549,-1.577510,5.767218
-0.705965,0.007884,-0.160775,-3.158099,-0.112486,2.601375
-0.783257,0.027333,-0.134952,-2.618073,0.181808,-0.919866
-0.857414,0.095824,-0.128558,-2.485265,0.884236,-3.939791
-0.988678,0.209262,-0.135214,-2.491535,1.463160,-5.351715
-1.139031,0.330204,-0.127835,-1.950202,3.140653,-5.826526
-1.222198,0.424662,-0.092477,-1.286467,2.659342,-6.931299
-1.261567,0.474959,-0.076203,-0.580040,2.301963,-8.378127
-1.299089,0.497716,-0.064724,-0.836287,2.060488,-10.701589
-1.332504,0.547124,-0.070009,-0.964315,1.891895,-11.026256
-1.396938,0.648843,-0.055356,-0.083936,1.409301,-11.574244
-1.453948,0.722311,-0.024806,1.017821,0.274227,-11.278668
-1.452149,0.756077,-0.033072,0.242785,-0.113484,-10.842652
-1.446897,0.793353,-0.041911,0.532890,0.189117,-11.976453
-1.477916,0.834836,0.003111,0.764830,-2.306022,-12.016631
-1.515050,0.901384,0.017560,1.776898,-1.595469,-10.718811
-1.548295,0.966268,0.010690,1.521160,-2.015172,-10.824976
-1.561359,0.960777,0.025530,0.775219,-2.513049,-10.702827
-1.545406,0.942832,0.029607,1.581921,-2.456584,-11.258661
-1.533449,0.950792,0.041249,1.963659,-2.213956,-10.782087
-1.562761,0.975413,0.069272,1.491628,-1.999403,-8.894764
-1.591344,1.004315,0.070132,1.265563,-1.037796,-9.608797
-1.566450,0.993352,0.077839,1.676009,-0.449964,-9.441064
-1.550488,0.936516,0.109094,1.763144,-0.230691,-10.476804
-1.507711,0.934553,0.092899,0.718962,0.795403,-10.175696
-1.521727,0.949649,0.073017,0.432628,1.950736,-9.511587
-1.570140,0.983038,0.091927,1.490814,2.062998,-9.361609
-1.570993,0.996969,0.074868,2.026340,2.723628,-10.033814
-1.533101,0.967447,0.080832,1.217505,2.760123,-10.055280
-1.475822,0.926790,0.044253,0.632407,3.394969,-10.526667
-1.454263,0.949150,0.025211,1.123207,4.122528,-10.607225
-1.475573,0.962018,0.044903,1.816349,3.000561,-10.409094
-1.415337,0.979349,0.013158,1.618149,3.057242,-9.771480
-1.321469,0.942290,-0.011233,0.776851,3.047881,-8.933492
-1.246783,0.858588,-0.024311,1.232276,2.571048,-9.517108
-1.158952,0.848458,-0.006313,1.154827,1.839599,-8.897616
-1.104769,0.843019,-0.039032,1.343977,0.960897,-8.471030
-1.036248,0.817259,-0.053656,0.856456,1.516427,-7.361837
-0.921966,0.768633,-0.061573,0.647339,1.084730,-6.749401
-0.832221,0.699678,-0.044163,0.961606,-0.557424,-7.108980
-0.778474,0.663161,-0.030679,0.567126,-2.181551,-5.666777
-0.713817,0.649260,-0.046976,-0.033123,-2.472759,-4.322818
-0.641915,0.638057,-0.056331,-0.272715,-1.391232,-3.626772
-0.579447,0.557893,-0.032323,0.159283,-2.398908,-3.887114
-0.486902,0.492172,-0.009888,-0.288911,-5.072011,-3.248241
-0.422067,0.461350,-0.026231,-0.687546,-4.314686,-2.275882
-0.377183,0.419515,-0.033459,-0.886659,-2.916437,-1.181434
-0.325852,0.405440,-0.049907,-0.696484,-2.795794,-0.589373
-0.246555,0.336877,-0.016265,-0.477992,-2.459298,-0.559606
-0.158924,0.255295,-0.008548,-1.528129,-6.040136,-0.321580
-0.070475,0.216641,-0.031837,-1.838175,-4.656444,0.341271
-0.041488,0.178853,-0.039144,-1.364079,-1.647587,0.760009
0.009334,0.151438,-0.028499,-0.713914,-2.371581,0.929923
0.064482,0.110904,-0.013292,-1.510335,-6.218510,1.440420
0.130745,0.036176,-0.044297,-2.051231,-2.433892,2.148884
0.188992,-0.002048,-0.066477,-1.594733,-1.684626,2.420504
0.198793,-0.014702,-0.050997,-0.866787,-3.107441,3.500712
0.200953,-0.056609,-0.037618,-1.199048,-3.630875,4.097214
0.264914,-0.082541,-0.059669,-2.295753,-2.537843,5.270248
0.328026,-0.160889,-0.064823,-2.482583,-3.582587,5.201237
0.361418,-0.230815,-0.062006,-2.247140,-3.603831,6.271793
0.380351,-0.235982,-0.051181,-2.535138,-4.712314,7.706111
0.390875,-0.237662,-0.055468,-3.427420,-5.979450,9.335715
0.420400,-0.294347,-0.059833,-4.037559,-5.843747,9.187547
0.490848,-0.377445,-0.069963,-3.621989,-6.005644,9.520737
0.523988,-0.407161,-0.071765,-4.101524,-6.757903,10.733609
0.505885,-0.415495,-0.061862,-4.373910,-8.658369,12.005869
0.499474,-0.390627,-0.108778,-4.939475,-7.466887,12.721207
0.485458,-0.396811,-0.140713,-4.987996,-7.148185,12.201266
0.480213,-0.439191,-0.103306,-4.311882,-8.805521,11.610125
0.495230,-0.445089,-0.130806,-4.622693,-9.875314,12.149982
0.427776,-0.399102,-0.148269,-5.109384,-9.952004,12.552381
0.350127,-0.356720,-0.176915,-4.707016,-7.452533,11.525205
0.298323,-0.335177,-0.159889,-4.130419,-9.132216,10.893656
0.254667,-0.334202,-0.151436,-4.016578,-10.140508,9.561923
0.205240,-0.335466,-0.170954,-4.202059,-9.145700,8.914625
0.117878,-0.269485,-0.190957,-4.116988,-6.338644,8.219875
-0.012120,-0.213251,-0.156882,-3.087234,-6.337538,6.609188
-0.118753,-0.190204,-0.114958,-3.085715,-7.193660,5.327443
-0.163135,-0.162543,-0.096951,-4.091267,-6.458443,4.580237
-0.239160,-0.143154,-0.124258,-4.017694,-4.454570,3.678205
-0.371350,-0.093934,-0.091824,-3.690474,-3.340869,2.179805
-0.476946,-0.009184,-0.044294,-2.880129,-2.271217,1.932834
-0.560166,0.044598,-0.051886,-2.416495,-1.171955,0.795480
-0.623629,0.039737,-0.043854,-3.274005,-0.896322,-1.123960
-0.671910,0.057357,-0.038829,-3.468070,-0.480674,-2.656997
-0.766674,0.123456,-0.017956,-2.180261,-0.249216,-2.281429
-0.886312,0.210555,-0.004754,-1.637004,-0.043233,-2.185956
-0.959694,0.287440,-0.027613,-1.822997,0.615933,-2.161175
-0.996123,0.315649,-0.020021,-1.673738,0.250630,-3.660528
-1.036070,0.318456,0.007129,-1.244290,-0.949974,-5.301387
-1.076415,0.378042,-0.000956,-0.457001,-1.211699,-5.501785
-1.165369,0.455294,0.010362,-0.533564,-1.066356,-4.641075
-1.244833,0.516223,-0.003684,0.082100,-0.912246,-4.578106
-1.295390,0.559551,0.013940,0.230532,-2.090996,-5.213331
-1.314369,0.581363,0.049610,0.474007,-2.679540,-6.037726
-1.344856,0.599275,0.018023,0.192324,-2.218660,-6.275520
-1.408447,0.667186,0.026367,-0.546878,-2.135145,-7.298431
-1.480454,0.737909,0.046557,0.269868,-2.134094,-7.424353
-1.528883,0.783555,0.068756,0.755472,-2.084611,-7.583614
-1.565794,0.816251,0.034445,0.674258,-1.468209,-8.319512
-1.610510,0.839842,0.060002,-0.348001,-1.373750,-9.154502
-1.649742,0.871662,0.046820,0.622983,0.075216,-9.987737
-1.696514,0.926068,0.068037,1.278332,0.426378,-10.929667
-1.737971,0.942976,0.060081,0.927728,1.611719,-12.263066
-1.729111,0.957754,0.042605,0.350527,2.690364,-13.648968
-1.736677,0.972699,0.059336,1.070642,3.162264,-13.447029
-1.758456,0.994963,0.061312,1.860501,3.547038,-12.905519
-1.757767,1.040435,0.052679,1.507672,4.189437,-12.912130
-1.724703,1.034648,0.018125,1.573216,7.023793,-14.389388
-1.666985,0.985773,0.043800,1.712611,5.468951,-15.074029
-1.595963,0.954534,0.053473,1.717239,3.691757,-14.590449
-1.549972,0.977616,0.021785,1.765068,5.510845,-12.804028
-1.540112,0.979162,0.014435,2.253583,6.746922,-11.948989
-1.487563,0.974405,0.029400,2.662805,4.339842,-11.833752
-1.385755,0.937219,0.058656,1.799343,2.963194,-10.740114
-1.265887,0.877186,0.033575,1.263472,2.137283,-9.981052
-1.181617,0.852647,0.025451,1.026798,2.376855,-9.148729
-1.144542,0.826919,0.056168,1.561002,0.638371,-7.286128
-1.063374,0.818394,0.053178,1.835276,-0.701041,-5.173228
-0.934613,0.761579,0.049849,1.401623,-1.101679,-3.412884
-0.810573,0.653025,0.033132,0.534335,-1.049803,-2.842472
-0.705329,0.611088,0.058331,0.345237,-2.518960,-1.706126
-0.622516,0.567199,0.075879,0.560962,-3.834850,0.110358
-0.534366,0.548121,0.051179,0.545085,-2.601349,2.701143
-0.414954,0.460730,0.011681,0.195029,-1.263059,3.338313
-0.315007,0.356598,0.049531,-0.315734,-3.178070,4.314602
-0.204100,0.268513,0.058748,0.339742,-4.623298,6.498251
-0.117582,0.229662,0.038285,-0.051432,-4.709744,8.222203
-0.059200,0.197760,0.017107,-0.790647,-2.378740,9.376001
0.036933,0.125976,0.006741,-1.080614,-2.722664,10.281198
0.134707,0.047411,0.028192,-0.186849,-4.009767,11.658532
0.200549,-0.018835,0.029479,-1.074706,-5.019603,13.519546
0.254440,-0.047094,-0.011293,-1.401279,-4.363430,15.266107
0.299341,-0.077351,-0.013380,-1.140502,-3.755276,15.922698
0.388991,-0.157820,-0.010712,-1.151377,-3.950443,16.812354
0.491505,-0.231271,-0.026379,-2.370744,-5.730030,18.092974
0.543262,-0.309045,-0.023812,-3.109709,-6.666320,18.726008
0.564378,-0.334829,-0.034197,-2.971423,-6.164819,19.656623
0.582228,-0.330371,-0.029146,-2.105627,-7.259607,20.856884
0.612627,-0.382034,-0.031522,-2.991111,-8.559302,21.455431
0.676316,-0.444774,-0.072435,-4.116488,-8.226788,21.394515
0.681492,-0.483619,-0.075720,-4.002312,-9.326155,21.025261
0.639703,-0.483231,-0.067143,-3.522498,-9.806346,21.941281
0.599979,-0.425950,-0.083683,-4.217430,-10.119954,22.902689
0.572131,-0.433781,-0.108715,-4.843128,-10.667468,22.007512
0.565740,-0.509196,-0.124189,-4.641770,-10.406451,19.820769
0.565957,-0.517136,-0.125255,-4.505205,-10.434234,19.028152
0.481851,-0.476798,-0.130842,-5.002730,-11.798225,19.493192
0.413990,-0.420097,-0.172047,-5.388181,-8.634437,18.523094
0.339134,-0.400934,-0.196281,-5.302092,-7.753151,16.221167
0.305929,-0.429642,-0.159488,-5.238938,-8.467518,13.819765
0.246608,-0.418442,-0.154604,-5.442650,-9.225447,11.973116
0.134310,-0.338637,-0.169920,-5.414883,-7.942289,10.890465
0.000885,-0.238916,-0.212509,-4.893797,-4.424218,9.216036
-0.128233,-0.200239,-0.212151,-4.612262,-3.971107,6.902351
-0.194873,-0.191829,-0.189591,-4.253757,-4.024262,3.682710
-0.275742,-0.156655,-0.192572,-4.214545,-3.985333,1.822143
-0.410063,-0.094751,-0.202022,-3.944253,-2.996830,-0.133442
-0.547492,0.022140,-0.217292,-3.990444,-1.382327,-0.348357
-0.670052,0.103075,-0.189726,-3.309013,-1.204218,-2.164077
-0.753636,0.120571,-0.161352,-2.714990,-1.181760,-4.672604
-0.786506,0.147257,-0.155556,-3.497031,-0.282346,-6.702229
-0.863844,0.201181,-0.159609,-3.483458,0.488889,-7.832821
-0.996625,0.284594,-0.142396,-2.850033,0.894362,-8.307359
-1.088983,0.391572,-0.114112,-1.703195,0.005993,-8.354717
-1.142992,0.437618,-0.111026,-1.926473,0.785188,-8.764488
-1.174261,0.436460,-0.112306,-2.212521,0.380552,-10.272083
-1.204715,0.483878,-0.113918,-1.500754,0.015437,-11.690226
-1.279099,0.562850,-0.062502,-1.289759,-1.371804,-10.970385
-1.327548,0.642062,-0.103230,-1.199682,-0.519056,-10.192701
-1.366806,0.685502,-0.106460,-0.887375,-0.254934,-10.811714
-1.377657,0.691006,-0.041941,-0.549156,-1.500958,-11.504562
-1.366684,0.710205,-0.020014,-0.546244,-2.897658,-10.611426
-1.384426,0.774902,-0.044343,-0.272502,-0.898690,-10.312459
-1.443451,0.800495,-0.022676,-0.104707,-1.066908,-9.925093
-1.430574,0.821431,0.012554,0.577282,-0.635957,-9.634755
-1.410419,0.820318,0.028553,0.489355,-1.240766,-10.088972
-1.414903,0.798870,0.039346,0.052945,-1.613132,-10.262541
-1.418514,0.842753,0.032558,-0.156681,-0.326452,-9.641625
-1.480762,0.891041,0.063229,0.511610,-0.896651,-9.664662
-1.513925,0.922806,0.098387,0.878534,-0.922110,-9.725532
-1.491355,0.936897,0.086104,0.470195,-0.165163,-10.465345
-1.475257,0.935095,0.069124,-0.365103,0.142910,-11.421509
-1.514827,0.950007,0.077376,-0.463442,0.351013,-12.012477
-1.553567,1.033706,0.097524,0.396134,0.523916,-11.297481
-1.572523,1.090049,0.068878,1.161752,2.746310,-11.141605
-1.560335,1.090223,0.065431,0.454765,2.116975,-12.603124
-1.498468,1.073634,0.048596,-0.090468,2.121065,-14.192927
-1.450899,1.074687,0.057445,0.971506,2.611451,-14.606662
-1.447941,1.095669,0.061647,1.790497,2.159656,-13.601146
-1.425236,1.136492,0.019792,1.654765,2.943312,-13.922333
-1.359804,1.109977,0.021345,1.582925,3.343642,-14.815829
-1.274848,1.051989,0.027227,1.714252,2.900132,-15.060540
-1.196355,1.036293,0.041036,1.814967,2.023396,-14.749393
-1.163426,1.035945,0.009387,1.765570,2.930268,-14.328821
-1.137524,1.041420,0.019713,1.579873,3.286704,-13.777131
-1.063607,1.016545,0.052781,1.534825,2.173656,-13.493816
-0.976353,0.959382,0.071760,1.563306,1.087327,-12.381967
-0.902390,0.871156,0.067519,1.119406,0.556566,-12.277102
-0.833695,0.862149,0.064279,0.395208,0.550326,-10.551926
-0.786247,0.846118,0.093805,0.601477,0.199601,-9.942977
-0.707741,0.786650,0.092495,1.213868,0.451903,-8.708372
-0.583471,0.718066,0.089363,0.218387,-0.327643,-7.489107
-0.492974,0.632634,0.096755,-0.773763,-1.209907,-7.113781
-0.408626,0.574946,0.106347,0.172029,-1.147527,-5.839937
-0.343955,0.565893,0.098630,0.277559,-1.408485,-3.799161
-0.257640,0.506976,0.104669,-0.759733,-1.570591,-2.551399
-0.150780,0.393243,0.067683,-0.773674,-1.782285,-1.907719
-0.035997,0.297034,0.059007,-0.185054,-2.194202,-1.324482
-0.006005,0.243022,0.100750,-1.009875,-8.831709,0.464938
0.094812,0.197632,0.038784,-0.946176,-2.316387,2.438943
0.165286,0.163140,0.035577,-1.052356,-2.519271,4.107110
0.223848,0.073943,0.045231,-0.725379,-3.732135,4.640131
0.343273,-0.029290,0.025717,-1.375207,-3.662725,6.392485
0.395999,-0.082114,0.005970,-2.122903,-4.545625,8.112055
0.439087,-0.127710,-0.011142,-2.220273,-4.396153,10.285796
0.501181,-0.187306,-0.008397,-1.895263,-4.719903,11.761638
0.567555,-0.263045,0.006091,-2.695383,-5.352432,13.660056
0.668527,-0.365884,-0.030469,-3.778647,-5.549056,15.613446
0.715830,-0.427440,-0.048227,-4.069737,-6.757365,17.048402
0.723396,-0.459145,-0.029192,-3.738168,-7.219470,18.787055
0.771786,-0.486642,-0.051145,-3.949383,-6.877915,21.039890
0.807909,-0.542768,-0.094965,-4.680329,-8.271672,21.610905
0.833709,-0.624967,-0.076744,-5.719431,-9.730709,21.832852
0.840664,-0.662702,-0.082400,-5.048687,-10.254415,23.005504
0.808559,-0.626983,-0.120319,-4.786096,-10.384879,24.933654
0.770496,-0.630741,-0.132920,-5.798784,-10.587655,25.318565
0.780658,-0.671312,-0.151787,-5.851861,-10.649772,24.936057
0.779929,-0.685239,-0.154170,-4.987372,-11.231729,25.457623
0.699926,-0.677769,-0.136623,-5.620298,-12.180160,25.365920
0.639320,-0.616535,-0.171892,-5.813755,-10.632871,25.666392
0.564372,-0.600119,-0.157230,-5.170213,-10.130004,24.148561
0.485501,-0.642266,-0.127350,-4.857105,-10.556147,21.709632
0.460476,-0.596137,-0.131788,-5.099260,-10.133146,21.867155
0.345433,-0.561915,-0.143391,-5.276935,-9.382997,20.347554
0.202177,-0.477901,-0.134029,-4.663113,-7.942276,19.247933
0.075160,-0.404640,-0.100339,-3.911543,-7.419679,16.936908
-0.028237,-0.356903,-0.092126,-3.996959,-6.500511,15.001173
-0.138888,-0.355843,-0.108771,-4.375096,-5.349671,12.026365
-0.271301,-0.266436,-0.105607,-3.906810,-4.202348,10.101835
-0.444516,-0.178040,-0.056702,-3.006995,-3.694561,8.427406
-0.574152,-0.076776,-0.061307,-2.313853,-2.224055,7.438384
-0.691096,-0.019215,-0.075290,-2.731825,-1.519894,4.037880
-0.796987,0.016396,-0.036827,-2.966553,-0.840787,0.894158
-0.881011,0.079163,-0.021652,-2.228949,-0.218492,-0.729375
-1.011252,0.212883,-0.031631,-1.394242,0.548873,-0.583602
-1.179798,0.295357,-0.014772,-1.775816,-0.183732,-3.188197
-1.273309,0.380658,-0.035110,-1.865787,2.240214,-5.150241
-1.344222,0.437218,-0.017378,-1.000478,1.383636,-7.454554
-1.408246,0.497900,-0.007905,-0.419558,1.245176,-9.040419
-1.485252,0.561658,-0.038264,-0.377720,1.664566,-10.140727
-1.583443,0.661615,-0.046684,-0.150799,2.115511,-10.952099
-1.669122,0.754367,-0.030938,0.327931,1.768971,-11.199209
-1.716307,0.786374,-0.008043,0.858186,0.903841,-13.762660
-1.725737,0.862894,-0.015671,0.584930,0.527523,-14.237938
-1.792512,0.890119,-0.026093,0.269586,0.718367,-15.701319
-1.850867,0.968990,-0.012648,0.530805,1.225839,-15.696035
-1.898902,1.062355,0.010946,1.453426,0.787531,-16.154209
-1.924078,1.084971,0.003935,1.265244,0.995838,-16.324643
-1.907597,1.113115,-0.019197,0.368095,1.399227,-17.394131
-1.930092,1.124905,-0.003044,1.119399,1.745494,-18.481548
-1.983635,1.175015,0.024965,1.759773,1.378058,-17.999968
-1.977605,1.255015,0.008133,1.441304,2.893507,-17.805859
-1.952472,1.264665,-0.008381,1.386268,4.007626,-19.214656
-1.916539,1.196811,0.012495,1.515432,3.929419,-20.476891
-1.842116,1.215261,0.025937,2.189017,4.056062,-19.165484
-1.804608,1.248558,0.002133,2.685040,5.044006,-17.601746
-1.793398,1.252471,0.012354,2.762052,5.432700,-16.980053
-1.718860,1.223382,0.014186,2.959767,6.150188,-17.749009
-1.607569,1.158019,0.036825,2.994698,5.272464,-17.365317
-1.518166,1.123980,0.042057,2.557182,4.273664,-15.614496
-1.438711,1.097983,0.024630,2.355349,5.253256,-14.655603
-1.380605,1.106511,0.022464,3.357995,5.013040,-12.755130
-1.285329,1.052508,0.074707,3.482036,3.794987,-11.802283
-1.139999,0.978436,0.064338,2.757992,3.057669,-9.759589
-1.022501,0.880807,0.065464,1.577014,2.305413,-9.369896
-0.919166,0.819753,0.082126,1.799035,1.377763,-7.708501
-0.836698,0.789660,0.122175,2.155462,0.093687,-4.928648
-0.717552,0.733527,0.104003,1.861447,0.191832,-3.557945
-0.572386,0.653793,0.078666,0.775702,-0.646690,-2.187921
-0.459914,0.571351,0.125933,0.058332,-2.939341,-0.198025
-0.332109,0.516410,0.120356,0.786653,-2.763032,2.229889
-0.243115,0.461885,0.105700,0.633763,-3.002203,3.041966
-0.144527,0.413863,0.088878,-0.509641,-3.788853,4.755008
-0.018770,0.248037,0.073266,-0.901656,-4.026472,3.451356
0.134805,0.195269,0.046281,-0.149732,-4.522720,6.575975
0.187554,0.139727,0.066777,-0.618096,-6.332979,8.114850
0.255779,0.123695,0.019828,-0.658847,-5.318045,10.675584
0.340141,0.098000,-0.025837,-1.059285,-5.028032,11.775521
0.397121,-0.019281,0.033188,-1.458475,-9.336784,10.493641
0.508425,-0.129755,-0.015635,-1.274836,-7.067578,11.407059
0.580679,-0.158513,-0.052950,-2.312146,-6.581541,12.935121
0.594389,-0.187434,-0.066457,-2.577833,-5.778601,14.552540
0.581056,-0.270063,-0.044885,-2.249004,-6.503560,13.900656
0.675456,-0.325871,-0.043713,-2.651523,-7.281134,14.996196
0.756863,-0.376358,-0.063362,-4.078855,-7.811924,15.827299
0.755833,-0.466576,-0.074581,-4.773265,-7.581040,14.760170
0.751047,-0.447381,-0.071660,-4.731824,-7.553966,15.860062
0.734202,-0.435186,-0.091725,-4.045857,-6.627275,16.476615
0.732206,-0.490213,-0.093285,-5.066140,-8.351025,16.689473
0.755528,-0.563832,-0.132867,-5.560472,-7.908358,16.150383
0.743865,-0.582053,-0.152283,-5.482058,-8.632018,15.919011
0.650595,-0.601616,-0.132323,-4.798221,-9.022923,14.029808
0.645021,-0.537874,-0.168580,-5.347229,-8.426882,15.434109
0.631389,-0.548319,-0.190576,-5.715853,-7.568186,15.325884
0.570132,-0.611371,-0.208666,-5.778325,-6.928275,12.718334
0.541145,-0.556203,-0.197568,-5.585918,-8.308281,13.395181
0.460834,-0.521498,-0.191587,-5.059612,-8.635783,11.943698
0.406529,-0.488621,-0.216895,-5.645028,-6.725962,11.364103
0.361356,-0.483172,-0.242741,-5.502712,-6.656925,9.433988
0.275714,-0.514004,-0.218500,-4.837089,-7.000301,6.624830
0.183251,-0.442060,-0.212752,-4.307415,-6.693200,7.326720
0.066245,-0.354898,-0.207471,-4.911285,-6.462254,7.518687
-0.020628,-0.289462,-0.219570,-4.828095,-4.912707,5.349130
-0.112789,-0.291202,-0.188232,-4.089090,-4.743947,2.864319
-0.168400,-0.252338,-0.166470,-4.020934,-4.586554,1.071876
-0.276340,-0.184102,-0.158687,-4.464588,-4.759437,0.714471
-0.407306,-0.102107,-0.166417,-4.156929,-3.140046,0.891522
-0.537313,-0.000860,-0.140578,-3.037837,-2.676500,-0.018235
-0.617021,0.034443,-0.092050,-3.057896,-2.581926,-1.035432
-0.647022,0.041871,-0.100348,-3.689500,-1.474435,-2.662285
-0.714943,0.095319,-0.090074,-3.653268,-1.661216,-4.405317
-0.815467,0.148153,-0.074522,-2.282624,-0.999837,-5.393091
-0.916192,0.266442,-0.057316,-0.995130,-0.502243,-4.562942
-1.000118,0.339148,-0.028821,-1.347963,-0.827112,-4.539592
-1.030618,0.360162,-0.035950,-2.054413,-0.592894,-5.933412
-1.073795,0.384032,-0.022968,-1.709382,-0.701333,-7.117500
-1.115266,0.443940,-0.010232,-0.180377,0.033999,-6.631326
-1.195124,0.531145,0.003915,0.226422,-0.425992,-6.049203
-1.274507,0.577874,0.016956,-0.507390,-1.267806,-6.050760
-1.294851,0.619183,0.008881,-0.319785,-0.265668,-7.105458
-1.305014,0.656140,0.038663,0.426972,-0.675343,-7.011607
-1.358032,0.686135,0.044233,1.090740,-0.488578,-6.587806
-1.415507,0.788590,0.035239,0.561234,-0.586789,-5.698627
-1.474548,0.828865,0.079378,0.110650,-1.115928,-6.614458
-1.465620,0.845028,0.073125,0.450727,-1.160300,-7.889016
-1.465748,0.855358,0.098607,1.122065,-0.779908,-8.013713
-1.484626,0.886167,0.077927,0.945748,-0.694903,-7.678521
-1.547868,0.972804,0.074652,0.847249,-1.341320,-8.043739
-1.621585,1.033841,0.104902,1.126404,-1.149156,-9.131406
-1.625898,1.061403,0.112291,2.151394,0.495569,-11.110783
-1.613432,1.093975,0.101850,1.831678,0.617757,-11.936904
-1.654708,1.116903,0.120704,1.099688,-2.475658,-12.670096
-1.687306,1.194795,0.059401,1.794702,1.790543,-13.146875
-1.742602,1.250820,0.105044,2.543422,1.092788,-14.335834
-1.728478,1.256843,0.102529,2.925006,2.691982,-15.554883
-1.694114,1.265243,0.097156,2.367487,2.692301,-16.168472
-1.668583,1.221928,0.088385,2.191552,3.083127,-17.166878
-1.658450,1.233137,0.075167,3.203836,4.260137,-17.826261
-1.658063,1.254358,0.126304,3.438776,4.571569,-18.360308
-1.591210,1.237467,0.112951,3.231182,5.095597,-18.422313
-1.503772,1.180933,0.100274,2.577415,4.857282,-18.618605
-1.435507,1.122066,0.092895,2.482225,5.298294,-18.759201
-1.387331,1.116273,0.103954,3.109768,5.485829,-18.107712
-1.362709,1.126140,0.128024,3.103738,4.908711,-17.304623
-1.272931,1.057973,0.105214,2.767104,4.565989,-16.281666
-1.166163,0.972892,0.068067,2.862334,5.208372,-16.207150
-1.081637,0.875499,0.126668,2.793738,3.036117,-15.070692
-1.000896,0.834015,0.115134,2.621939,2.221865,-12.536159
-0.947008,0.831770,0.093033,2.164672,1.562643,-10.773866
-0.856285,0.741405,0.101377,1.406459,1.436742,-10.169475
-0.687676,0.618638,0.104259,1.004741,2.161702,-9.432702
-0.539441,0.504793,0.112908,0.724007,0.068767,-6.847134
-0.464716,0.424117,0.127003,-0.316270,-3.095786,-4.020932
-0.365009,0.410942,0.079194,-0.980720,-0.436581,-0.840218
-0.268603,0.328214,0.052561,-0.728169,0.056005,0.103069
-0.103881,0.173913,0.067968,-0.782454,-2.429224,1.213861
0.060015,0.047152,0.059670,-2.107246,-5.535920,3.017724
0.181747,-0.047520,0.002845,-2.216272,-2.909583,5.144650
0.222197,-0.092673,-0.028742,-1.954934,-2.310367,8.018092
0.279882,-0.104956,-0.036380,-1.794308,-3.524406,10.287358
0.393983,-0.206742,-0.030455,-2.346696,-5.765711,12.597093
0.529420,-0.328766,-0.076528,-3.147267,-5.653799,14.619697
0.626951,-0.412951,-0.117621,-4.179639,-4.891912,16.043669
0.678515,-0.479700,-0.102387,-3.007914,-5.142658,18.257590
0.724121,-0.522624,-0.111253,-2.778645,-6.203273,20.922506
0.829415,-0.586871,-0.134473,-4.025374,-7.014511,23.374744
0.931880,-0.702883,-0.127671,-5.421412,-7.833564,24.698609
1.025863,-0.783102,-0.167786,-5.559258,-7.553047,26.666461
1.024550,-0.760854,-0.156823,-5.379692,-9.581775,27.447605
1.040210,-0.781422,-0.121159,-5.444083,-11.194466,29.347301
1.105104,-0.818526,-0.160703,-6.542236,-10.851934,30.197137
1.149959,-0.872742,-0.180584,-6.564603,-12.057777,29.829604
1.129486,-0.902278,-0.164904,-6.109417,-12.932117,31.315883
1.066401,-0.825413,-0.169831,-5.803189,-13.037677,32.189222
1.013324,-0.781707,-0.184750,-6.170467,-14.285243,31.972182
0.979006,-0.808574,-0.212854,-6.342513,-13.282438,29.892034
0.993193,-0.833836,-0.205833,-6.245008,-13.813534,27.918223
0.883474,-0.773967,-0.164993,-6.002430,-14.333278,26.897804
0.752324,-0.650098,-0.180233,-5.534902,-12.886826,26.635913
0.634294,-0.555714,-0.193360,-5.596927,-11.818993,24.829619
0.541365,-0.541839,-0.147300,-5.417473,-11.200142,21.565533
0.500252,-0.546405,-0.125754,-4.727971,-10.430174,18.302637
0.369634,-0.487833,-0.131440,-4.827061,-9.168805,16.013650
0.174208,-0.363770,-0.126207,-4.649219,-6.916071,13.995493
-0.014139,-0.243305,-0.107639,-3.715936,-4.869021,11.991529
-0.153196,-0.184414,-0.064455,-3.016839,-4.549610,8.923768
-0.267441,-0.155401,-0.046359,-3.488309,-4.167341,5.339037
-0.386761,-0.092611,-0.058648,-3.727274,-1.982422,1.697315
-0.550309,0.030330,-0.050271,-2.759949,0.406888,-0.501979
-0.753958,0.155929,-0.007206,-1.660155,1.353503,-1.838238
-0.882537,0.254218,-0.012304,-1.825177,1.591378,-3.529436
-0.984802,0.306137,-0.016124,-2.072705,2.034455,-6.678721
-1.098368,0.339559,0.001365,-1.567578,3.094180,-10.457812
-1.200649,0.437845,0.015318,-0.848307,3.255384,-11.543989
-1.330932,0.570157,-0.006851,-0.444367,3.666978,-11.609093
-1.451191,0.662324,-0.016837,0.054225,4.507725,-12.362949
-1.517650,0.726965,-0.030193,0.043209,4.194312,-14.695971
-1.558976,0.767540,-0.027885,1.048804,5.453081,-16.511140
-1.627572,0.813047,-0.000667,1.127504,0.772337,-17.636611
-1.681066,0.922737,-0.035290,1.205343,2.752537,-16.617293
-1.765218,0.999999,-0.011273,1.080958,1.221263,-16.922939
-1.807391,1.051704,-0.011414,1.573009,1.175680,-17.715245
-1.822694,1.075104,-0.001764,2.169313,0.910738,-18.343835
-1.834783,1.103576,0.024312,1.547921,-0.504735,-18.241955
-1.860974,1.136821,-0.000805,1.181033,0.377916,-17.797129
-1.910069,1.186500,-0.010895,1.939588,1.211379,-18.776997
-1.953844,1.198301,0.030148,1.960133,0.923657,-18.725020
-1.923773,1.199381,0.046826,2.282580,1.619258,-18.221953
-1.904840,1.212149,0.041624,1.552956,0.633746,-17.635565
-1.920858,1.217116,0.032285,1.677962,3.390610,-17.984374
-1.919818,1.241340,0.047276,2.034812,3.699464,-18.186536
-1.902585,1.224849,0.081144,2.842633,2.358116,-17.930821
-1.876372,1.212684,0.085920,2.428665,3.601037,-17.698306
-1.812364,1.175951,0.053703,2.624466,5.695485,-17.357861
-1.775194,1.154250,0.065300,2.976438,6.045084,-16.744208
-1.753490,1.145562,0.100077,3.405000,6.120393,-15.914398
-1.663374,1.113860,0.097238,3.349353,6.558996,-15.227097
-1.554059,1.065247,0.069193,2.667160,7.213531,-14.797435
-1.456190,0.980494,0.081991,2.432814,5.932228,-13.627719
-1.369044,0.955771,0.124600,2.750485,4.712704,-11.916005
-1.292081,0.935837,0.127975,3.193056,4.535114,-9.710918
-1.184013,0.893572,0.088956,2.695153,5.231687,-8.172812
-1.051265,0.804273,0.074835,1.789959,3.417999,-8.288538
-0.919721,0.705780,0.123196,1.749532,1.204881,-6.322342
-0.795776,0.641989,0.120668,1.943531,0.447832,-4.221093
-0.711316,0.635293,0.113801,1.551533,-0.005098,-2.406658
-0.637924,0.581681,0.121174,0.687490,-2.266327,-0.625490
-0.492331,0.518080,0.101174,0.164092,-2.699326,0.478358
-0.347523,0.434894,0.095748,0.647152,-3.392124,1.360293
-0.247740,0.353922,0.090345,0.586014,-3.652812,2.438830
-0.160089,0.329662,0.078006,-0.420799,-4.534216,4.156135
-0.078616,0.277583,0.050837,-0.796799,-4.120284,4.546179
0.021719,0.176257,0.037022,-0.631784,-5.206863,5.229547
0.149337,0.093914,0.034110,-0.574702,-5.342030,6.388734
0.233203,0.030523,0.023232,-0.965896,-6.137033,7.303647
0.273862,-0.000617,-0.015008,-1.706024,-5.699724,8.149891
0.313567,-0.017131,-0.041104,-1.941624,-4.572919,8.473321
0.384418,-0.091836,-0.009668,-1.689109,-5.660167,8.581539
0.488826,-0.177974,-0.050308,-2.108408,-4.435142,9.430039
0.542678,-0.242090,-0.076410,-3.304170,-5.304403,9.831655
0.551005,-0.274475,-0.076219,-3.552904,-5.399118,10.379905
0.564949,-0.284923,-0.083500,-3.105567,-4.372220,11.713691
0.610388,-0.320130,-0.098395,-3.293709,-4.449581,11.671481
0.666994,-0.392853,-0.123818,-4.389042,-5.043463,11.682883
0.702211,-0.452721,-0.136662,-4.806509,-5.644516,11.551154
0.720990,-0.459746,-0.135477,-4.639122,-5.517742,11.859901
0.705566,-0.445631,-0.148607,-4.125735,-5.411650,13.009466
0.702792,-0.477635,-0.171689,-4.483232,-6.099469,13.394809
0.759814,-0.522969,-0.188731,-5.651888,-6.569931,13.462951
0.768963,-0.569271,-0.176370,-5.390445,-8.172335,13.270867
0.759700,-0.562056,-0.192972,-4.712468,-8.198585,13.902431
0.745972,-0.527226,-0.220335,-4.750462,-6.794975,14.719449
0.728914,-0.537323,-0.217430,-5.662556,-8.152401,14.253395
0.730850,-0.569822,-0.211639,-5.158144,-8.823663,13.776539
0.727052,-0.563658,-0.210917,-4.963732,-9.458057,13.577358
0.675347,-0.529061,-0.220870,-5.597974,-8.573045,13.800496
0.587375,-0.493407,-0.224700,-5.408703,-8.529169,13.633683
0.543374,-0.463087,-0.189358,-4.745056,-8.753849,13.236818
0.505035,-0.465480,-0.172572,-4.789599,-8.412918,11.549667
0.440883,-0.464269,-0.199888,-4.600619,-7.996531,10.222901
0.338152,-0.386311,-0.200978,-4.826162,-7.409684,9.521217
0.203339,-0.300580,-0.151968,-3.906127,-6.887084,8.847725
0.106251,-0.253520,-0.137693,-3.185931,-6.438039,8.469789
0.031507,-0.207112,-0.155861,-3.718470,-5.591814,6.490785
-0.062929,-0.205097,-0.117102,-4.197624,-5.336739,3.843447
-0.167386,-0.144917,-0.097033,-3.070734,-4.313005,3.461388
-0.280525,-0.057292,-0.080588,-2.232130,-3.371349,3.176269
-0.393549,0.005097,-0.055898,-2.394532,-2.526033,2.573508
-0.461515,0.022829,-0.078635,-2.850433,-0.617647,0.879516
-0.528129,0.049696,-0.051575,-2.145992,-0.665498,-1.195197
-0.632570,0.111294,-0.004619,-1.792500,-1.334305,-1.161584
-0.728788,0.200012,-0.021274,-1.844497,-0.687126,-0.699642
-0.831857,0.280123,-0.027790,-1.543068,0.910699,-1.590558
-0.931843,0.292410,0.020708,-1.393083,-2.485807,-3.447037
-0.954554,0.324630,0.019884,-0.677515,0.442469,-3.557440
-1.021198,0.384105,0.006859,-0.706105,0.315695,-3.949430
-1.145901,0.449730,0.005166,-0.908691,-0.109860,-4.166808
-1.223291,0.520546,0.025162,0.303189,-0.223702,-4.006187
-1.280878,0.595678,0.035636,0.781640,-0.352587,-4.185137
-1.313971,0.603933,0.036089,-0.087458,-1.507828,-5.355787
-1.330801,0.617916,0.019920,-0.389068,-0.506911,-6.361346
-1.388529,0.686148,0.023728,0.648366,0.291263,-7.068768
-1.479636,0.750001,0.056677,1.171157,-1.523544,-6.714732
-1.523746,0.829315,0.035591,0.718843,-0.459214,-7.039432
-1.554315,0.858854,0.031862,0.363066,-1.231782,-8.939394
-1.608380,0.879917,0.042497,0.869694,-0.448667,-10.231931
-1.653136,0.967296,0.030936,1.361335,-0.669241,-11.072335
-1.729709,1.030020,0.048681,1.591066,-1.303871,-12.292861
-1.772958,1.086895,0.016999,1.473938,1.569418,-13.540379
-1.799339,1.131818,-0.026690,2.200394,5.737041,-14.885258
-1.858548,1.154868,0.040623,2.002431,1.409527,-16.243420
-1.883064,1.196541,0.033194,2.757362,2.189943,-16.510227
-1.911353,1.253695,0.013053,2.798333,3.629052,-17.630357
-1.918659,1.245739,0.026400,2.417541,4.866213,-19.816701
-1.848438,1.233137,0.030772,2.643491,6.756894,-20.873117
-1.817842,1.227012,0.051763,3.306628,5.759909,-20.882108
-1.800813,1.215488,0.061505,3.367606,6.256651,-20.320039
-1.782487,1.226021,0.054799,3.155236,7.080844,-20.254220
-1.711626,1.199115,0.077839,3.439564,7.428944,-21.188818
-1.604497,1.119391,0.092042,3.560669,6.039616,-21.322816
-1.502341,1.055997,0.082286,3.154241,6.018855,-20.145532
-1.451742,1.026399,0.091625,2.595495,5.266996,-18.502995
-1.400884,1.014294,0.095876,3.210000,5.525127,-16.921864
-1.332780,0.997104,0.103143,3.581405,3.822704,-15.585451
-1.198978,0.911635,0.124436,2.599670,3.416430,-14.069612
-1.034945,0.809670,0.105543,1.194781,2.322633,-12.667099
-0.928383,0.725866,0.108136,1.559840,0.916128,-11.627325
-0.835763,0.659025,0.116713,2.094041,-0.185649,-8.659059
-0.725988,0.624297,0.106869,1.725013,-0.471624,-6.651416
-0.605516,0.516229,0.107194,0.091964,-1.254308,-4.793887
-0.435322,0.386822,0.091192,-0.303333,-2.397424,-2.792994
-0.316497,0.301896,0.101203,0.027464,-3.199796,-0.557446
-0.231531,0.232019,0.092692,-0.372711,-3.358085,1.433470
-0.104974,0.171360,0.032387,-1.050922,-2.373150,3.214754
0.024387,0.066837,0.019572,-1.658704,-2.451321,4.276348
0.150295,-0.081841,0.014301,-1.782400,-4.185624,6.277932
0.262916,-0.143243,-0.008151,-1.776357,-4.437531,9.496917
0.316492,-0.165695,-0.035901,-2.150558,-4.520029,13.010635
0.382636,-0.222898,-0.071798,-2.511373,-3.522916,14.703069
0.504214,-0.308501,-0.077936,-2.811975,-4.968367,16.260233
0.646393,-0.452015,-0.096137,-3.256562,-5.557519,17.263457
0.737799,-0.562640,-0.114187,-4.119272,-7.129721,19.691350
0.797517,-0.582135,-0.150281,-4.613065,-6.501206,22.302190
0.826908,-0.592655,-0.152871,-4.324148,-6.654096,24.787739
0.933872,-0.671007,-0.163801,-3.992895,-6.574506,26.106308
1.061054,-0.776084,-0.177985,-5.494715,-9.223382,27.082583
1.141818,-0.853786,-0.185190,-6.469730,-9.432368,27.949682
1.151528,-0.861539,-0.190737,-5.968827,-10.362814,29.514519
1.118066,-0.809362,-0.206722,-4.813836,-10.801870,31.513526
1.111735,-0.808351,-0.190993,-5.276055,-12.941518,32.316886
1.157948,-0.874571,-0.195418,-6.737049,-15.734108,31.661573
1.171288,-0.879793,-0.252240,-6.697604,-13.950323,30.485019
1.081713,-0.832578,-0.210156,-6.109460,-14.682756,30.481422
0.999396,-0.759557,-0.208281,-5.349346,-14.024956,30.558024
0.940414,-0.726559,-0.227228,-6.387309,-14.412533,29.697794
0.894240,-0.747350,-0.208190,-6.781943,-14.724063,27.124611
0.837815,-0.719213,-0.179196,-6.167329,-13.871587,25.002387
0.713132,-0.613981,-0.178720,-5.306559,-12.851303,24.132113
0.565717,-0.533735,-0.175940,-5.779021,-12.124545,21.731582
0.472227,-0.470768,-0.184888,-5.621372,-9.678131,18.809427
0.358605,-0.463182,-0.133954,-4.874880,-9.446926,14.809776
0.243848,-0.402848,-0.123178,-4.404582,-7.814156,11.979411
0.064046,-0.290273,-0.134121,-4.564397,-6.449075,10.037180
-0.121149,-0.179530,-0.130727,-3.888038,-3.609057,7.705173
-0.265229,-0.107894,-0.119695,-2.842013,-1.890737,4.515501
-0.397652,-0.066840,-0.068230,-2.785677,-2.585800,0.822413
-0.510483,0.010927,-0.069451,-2.995799,0.233165,-2.107278
-0.672557,0.111111,-0.069664,-2.983457,0.772515,-4.856200
-0.873888,0.243754,-0.047997,-1.822672,3.023046,-5.585083
-1.028544,0.347876,-0.035254,-0.867706,2.321602,-7.153205
-1.127109,0.424446,-0.012566,-1.426272,2.602668,-9.124834
-1.194156,0.458015,-0.023264,-1.536132,3.477490,-12.256715
-1.279979,0.526740,-0.065610,-0.770566,3.508489,-14.536791
-1.387321,0.601376,-0.003625,0.042372,3.016534,-15.328238
-1.464511,0.726762,-0.015507,0.687509,3.375852,-14.197778
-1.550127,0.793070,-0.014742,0.246245,2.058032,-14.982689
-1.580460,0.823272,-0.014060,0.413038,2.743087,-16.608886
-1.591597,0.879379,-0.008299,1.025610,1.791061,-17.593093
-1.643998,0.939887,-0.000047,1.541783,0.540856,-17.309783
-1.703469,1.009488,0.006748,1.281348,0.479133,-16.655869
-1.749525,1.061581,-0.015576,1.137413,0.322791,-17.189385
-1.773631,1.080074,0.002234,1.641697,0.042809,-17.577333
-1.781138,1.080579,0.016529,1.864342,-0.630413,-17.918037
-1.783147,1.119542,-0.001977,1.655769,-0.422789,-17.536746
-1.833198,1.165115,0.024299,1.284932,-0.173685,-17.458139
-1.864693,1.174014,0.021975,1.898472,0.683110,-17.893043
-1.864154,1.196883,0.046990,2.613506,1.493019,-18.724353
-1.855889,1.192005,0.091234,1.689188,-0.395463,-18.366026
-1.844860,1.195409,0.056802,1.786709,2.412650,-18.272943
-1.863682,1.213886,0.020308,2.252730,4.485762,-19.146666
-1.887417,1.235773,0.071553,3.017813,5.173298,-19.192479
-1.842132,1.226855,0.083078,3.024897,5.568005,-18.704012
-1.791245,1.207393,0.056086,2.676666,5.701170,-18.406751
-1.745885,1.167850,0.050430,2.623658,7.322796,-18.601665
-1.695992,1.166678,0.065027,3.012693,7.668867,-17.441444
-1.649342,1.144085,0.098318,3.929865,6.274596,-16.998961
-1.546765,1.086852,0.103967,3.231457,5.968108,-16.413458
-1.387282,1.035482,0.077842,2.299419,7.359579,-15.559301
-1.284938,0.958768,0.092186,3.009381,6.058687,-14.539094
-1.215193,0.906649,0.137770,3.435724,4.334485,-12.489364
-1.117583,0.883751,0.119398,3.590606,3.814901,-10.444988
-1.008751,0.824756,0.133565,2.279321,1.962694,-9.336362
-0.869171,0.719005,0.127505,2.130187,1.176363,-8.511636
-0.745315,0.645242,0.141603,2.619457,-0.122642,-7.393025
-0.657257,0.607337,0.155337,1.920331,-1.335995,-4.933025
-0.565283,0.594561,0.142115,0.988896,-2.948093,-2.548188
-0.492344,0.525000,0.141170,1.087209,-2.906248,-1.982083
-0.356090,0.432865,0.137520,0.900540,-3.595301,-0.040159
-0.242610,0.340461,0.164882,-0.210109,-6.186982,0.605362
-0.145013,0.258801,0.154986,-0.575503,-6.413986,1.637472
-0.054125,0.214133,0.102930,-0.961331,-4.233718,3.132047
0.043081,0.157337,0.092449,-1.423744,-3.859359,3.707412
0.121649,0.067076,0.105657,-1.569304,-5.173303,4.062158
0.217680,0.010595,0.100622,-2.308880,-6.340712,5.894014
0.287229,-0.036025,0.031300,-2.168509,-5.177977,6.502019
0.316813,-0.090333,-0.013764,-2.294095,-2.646738,7.181071
0.382308,-0.139104,-0.021809,-2.598039,-3.870782,7.411511
0.472739,-0.211383,-0.044380,-2.400164,-4.190032,8.045642
0.523206,-0.279648,-0.064773,-2.852041,-4.730613,8.870859
0.551783,-0.308281,-0.100624,-3.803291,-4.379192,9.998913
0.578890,-0.328835,-0.146775,-3.414575,-3.271514,11.212090
0.612062,-0.379020,-0.146312,-2.927547,-3.629323,11.503851
0.698909,-0.454431,-0.135963,-4.371816,-5.567031,12.683773
0.772645,-0.531670,-0.173241,-4.791597,-5.336528,12.758704
0.809081,-0.593452,-0.185216,-5.071432,-4.881648,13.715734
0.822473,-0.594329,-0.178273,-4.745404,-5.316341,15.382878
0.846395,-0.593958,-0.161737,-5.076470,-7.252100,16.922691
0.901773,-0.645853,-0.207953,-5.713404,-6.211590,17.891685
0.944458,-0.702604,-0.222041,-6.413273,-6.422178,17.733349
0.941583,-0.710619,-0.187901,-5.919903,-8.457241,18.319859
0.910820,-0.698221,-0.195533,-5.856768,-10.704021,19.758902
0.900496,-0.660749,-0.231111,-6.203325,-9.489565,20.312268
0.871408,-0.683713,-0.236461,-6.236720,-9.183658,19.312709
0.874184,-0.704973,-0.219104,-5.714622,-11.130557,19.596470
0.826491,-0.655819,-0.231206,-5.256627,-12.029417,19.618516
0.742175,-0.589192,-0.183604,-6.671890,-11.951105,19.950138
0.684581,-0.560966,-0.241976,-5.348562,-9.378835,18.877245
0.625090,-0.542493,-0.207126,-4.541019,-10.643654,16.737451
0.552013,-0.531667,-0.171892,-4.526061,-10.727454,16.003424
0.461631,-0.467627,-0.188777,-4.640546,-9.375805,15.213003
0.326920,-0.384013,-0.177607,-2.847744,-7.451952,13.854558
0.203586,-0.320856,-0.122705,-2.669649,-6.749185,12.915110
0.105690,-0.284788,-0.105453,-3.219717,-6.408425,10.900455
0.033165,-0.254018,-0.104714,-3.468532,-5.299670,8.799174
-0.092369,-0.201851,-0.063729,-3.328700,-3.935640,6.875662
-0.248413,-0.127208,-0.030341,-2.166346,-2.958333,6.560931
-0.363446,-0.032070,-0.008437,-2.124554,-1.890477,6.079099
-0.471724,0.023368,-0.024380,-2.020422,-1.129323,3.866151
-0.579572,0.020239,0.003515,-1.764668,-0.243577,0.965438
-0.679338,0.095555,0.063406,-1.969696,-2.877520,0.281136
-0.807248,0.207046,0.053322,-1.822652,-1.820949,-0.210990
-0.946145,0.295229,0.045461,-1.654749,0.134465,-0.646559
-1.052381,0.362834,0.030325,-0.443438,0.766922,-2.012026
-1.113940,0.415485,0.054550,-0.391024,0.617584,-3.507481
-1.175843,0.457477,0.041348,-0.538983,-0.312731,-5.209374
-1.263858,0.527025,0.020094,-0.362030,1.527928,-5.840070
-1.358396,0.637837,-0.003484,0.524625,1.219957,-5.809151
-1.461264,0.708597,0.026485,1.030101,-0.100223,-6.764385
-1.497699,0.745905,0.035482,1.081362,-0.983025,-7.476994
-1.519288,0.803932,0.003718,0.330439,-1.328804,-9.341394
-1.568672,0.851350,0.013789,0.280073,-0.216642,-11.030544
-1.654613,0.917583,0.017124,1.746342,-0.167806,-12.588174
-1.744142,1.026199,0.017114,1.593245,-1.315819,-13.243423
-1.814406,1.106937,0.010536,1.188882,0.374210,-14.269725
-1.874806,1.157920,-0.008539,1.294202,1.455104,-16.212043
-1.947935,1.222798,0.017668,1.654755,-0.165511,-18.144196
-2.040415,1.309917,0.030568,2.012212,-2.110159,-19.402927
-2.109031,1.369743,0.014777,2.185663,0.833082,-20.742212
-2.129907,1.410231,-0.020378,2.478138,3.805070,-22.476827
-2.127304,1.406965,-0.019830,3.542071,4.826880,-23.834982
-2.117795,1.406483,0.016884,3.568009,5.158291,-24.159967
-2.087383,1.413442,0.013618,3.308992,6.195892,-24.048505
-2.037717,1.431551,-0.026280,4.710681,13.635514,-24.997862
-1.996949,1.401920,0.043193,4.599498,9.953936,-26.099025
-1.898774,1.340309,0.061279,4.678684,9.150267,-25.733462
-1.818230,1.305541,0.056624,4.074683,8.206474,-24.194300
-1.765950,1.278090,0.060038,3.840149,8.904866,-23.174997
-1.699140,1.236738,0.080360,5.134411,9.416978,-22.604265
-1.595950,1.201701,0.100714,5.221488,7.622765,-21.125880
-1.475628,1.119923,0.115935,4.350874,6.087034,-19.661350
-1.361285,1.039713,0.114602,3.412471,5.110489,-17.528189
-1.259650,0.978446,0.115147,3.647661,4.990910,-15.468339
-1.172384,0.932226,0.165033,4.108177,2.723517,-13.059786
-1.034387,0.842442,0.193440,3.186229,-0.120371,-11.068502
-0.836104,0.735473,0.165923,1.766594,-0.298308,-9.108827
-0.672813,0.615507,0.167636,1.089106,-0.482427,-6.846264
-0.562844,0.503237,0.202128,1.329984,-1.980016,-4.627218
-0.448609,0.461918,0.205700,0.985361,-2.656389,-0.869276
-0.319799,0.378449,0.194011,0.250814,-2.809219,1.941033
-0.170632,0.223734,0.143586,-0.450826,-2.075561,3.247074
-0.006527,0.094396,0.158098,-0.710828,-3.683079,4.301343
0.106616,0.008120,0.152892,-1.225153,-5.396387,6.584604
0.204994,-0.054400,0.076503,-1.744750,-4.355149,9.354017
0.285643,-0.097594,0.032462,-2.193699,-3.023893,10.992130
0.378484,-0.200699,0.048602,-1.405822,-4.823644,13.736512
0.482284,-0.312827,0.014944,-1.841184,-6.704343,15.664102
0.594386,-0.394750,-0.055454,-2.436504,-5.901118,17.405184
0.659884,-0.471050,-0.076413,-3.134232,-4.897483,19.210840
0.755820,-0.556187,-0.098727,-3.147644,-5.438346,19.984695
0.858928,-0.626382,-0.114762,-3.749180,-7.286142,21.975347
0.956607,-0.709894,-0.135142,-5.600922,-7.180353,24.706796
1.039055,-0.800486,-0.171705,-5.736627,-6.177381,25.553002
1.070080,-0.807438,-0.171909,-5.215038,-7.838573,26.923457
1.097820,-0.836599,-0.147586,-6.028325,-10.319381,27.869280
1.184572,-0.916044,-0.203496,-7.410605,-10.076756,28.050002
1.216572,-0.937508,-0.242849,-7.699174,-10.538244,28.436619
1.167956,-0.942235,-0.222875,-7.071736,-12.471627,29.234716
1.111774,-0.872017,-0.242406,-6.572733,-12.770746,30.804511
1.080121,-0.831663,-0.273920,-7.306979,-13.144264,30.482624
1.078031,-0.874663,-0.298877,-7.868841,-13.738245,28.237636
1.084563,-0.908150,-0.295177,-7.776545,-14.239381,25.954117
1.038910,-0.850602,-0.305396,-6.954009,-14.115124,25.569626
0.923388,-0.767074,-0.293910,-7.322617,-13.736613,25.508562
0.847383,-0.679521,-0.296221,-7.530201,-12.431545,24.127233
0.797320,-0.676899,-0.276993,-6.192427,-11.683691,20.812969
0.750220,-0.663004,-0.251958,-6.003099,-11.361145,17.687102
0.644191,-0.581682,-0.269752,-6.314498,-10.567248,15.374771
0.452749,-0.463914,-0.255805,-6.020746,-8.109654,13.260454
0.279830,-0.363727,-0.231157,-4.504736,-6.934265,10.623764
0.130272,-0.278502,-0.206328,-4.010785,-5.959102,8.568181
-0.003595,-0.203479,-0.188170,-4.850120,-6.005322,5.280510
-0.151991,-0.132522,-0.182918,-4.101035,-3.251488,1.900506
-0.324808,-0.026972,-0.121776,-3.082557,-3.679810,-0.781156
-0.488888,0.114810,-0.087780,-2.762418,-2.145996,-1.653958
-0.614618,0.195029,-0.081911,-2.612082,1.047820,-3.924453
-0.706986,0.258715,-0.066122,-2.403076,2.403375,-7.205175
-0.809556,0.322142,-0.026490,-1.444368,1.979415,-9.921953
-0.936619,0.405276,0.008077,-1.089448,-0.562348,-10.803343
-1.029660,0.529664,-0.005387,-1.054953,3.592953,-11.612608
-1.153637,0.619485,0.000675,-0.345730,3.665124,-13.288739
-1.227279,0.661599,0.026902,0.630753,3.150900,-14.204104
-1.276864,0.727313,0.028628,1.210943,2.618807,-15.627919
-1.358406,0.785495,0.043166,0.421208,1.595179,-16.294459
-1.432967,0.874229,0.045425,1.187654,1.775939,-15.570357
-1.514223,0.961962,0.055981,2.304720,1.339523,-16.459910
-1.568144,1.017035,0.091146,1.839996,0.046941,-16.131998
-1.577364,1.016079,0.081784,1.355055,-0.188905,-15.974628
-1.595014,1.044906,0.086012,1.456167,-0.365996,-16.050345
-1.673290,1.069911,0.118259,2.198963,-1.392326,-15.838395
-1.701874,1.124111,0.104630,1.802478,-0.605788,-15.350034
-1.717938,1.144593,0.097340,1.045311,-0.244352,-15.365849
-1.719645,1.129727,0.093457,1.049989,0.036342,-16.520894
-1.717869,1.152941,0.108608,1.555602,-0.761727,-15.636201
-1.763531,1.206182,0.120018,1.601783,-0.266660,-15.228657
-1.813080,1.221087,0.096033,1.704313,0.924665,-15.865296
-1.841023,1.263306,0.073949,1.743013,2.209569,-16.791496
-1.852662,1.244701,0.085425,2.463935,2.401375,-17.938348
-1.849065,1.259456,0.062224,2.715832,2.701669,-17.489366
-1.875610,1.285998,0.050227,2.675632,3.909340,-17.551427
-1.888287,1.288112,0.024913,3.075059,6.146305,-17.796813
-1.870302,1.285167,0.042805,3.685523,5.997926,-18.468544
-1.801755,1.240818,0.055259,3.444488,6.527501,-18.315076
-1.711281,1.181767,0.049646,2.949850,6.854918,-17.523798
-1.644694,1.143878,0.051343,2.936409,7.739846,-17.289106
-1.603975,1.117694,0.098203,3.729958,6.551384,-16.282174
-1.488371,1.085030,0.111034,3.161079,6.924558,-14.832911
-1.371339,1.004978,0.088113,2.539956,6.449320,-14.711157
-1.268520,0.913283,0.090607,2.536520,5.440949,-14.011917
-1.183731,0.880012,0.103957,3.272294,3.679008,-12.399950
-1.122428,0.856838,0.112442,2.685680,2.935277,-10.930036
-1.025701,0.801818,0.095659,2.446131,2.607030,-9.659846
-0.905072,0.724835,0.106278,2.571484,0.501901,-9.038527
-0.783969,0.645344,0.147833,2.398611,-1.507280,-6.808666
-0.684689,0.570810,0.139325,1.725006,-1.743208,-5.092322
-0.602161,0.537975,0.129242,1.117634,-2.051189,-3.725608
-0.521338,0.464889,0.173456,0.870916,-3.115339,-2.864619
-0.370408,0.372718,0.185398,0.389205,-3.671003,-0.743280
-0.230340,0.271064,0.144577,-0.292268,-3.496141,0.215635
-0.145689,0.155620,0.150279,-1.036065,-3.488257,0.586541
-0.053797,0.099884,0.156122,-0.524566,-3.160003,2.378476
0.034491,0.062944,0.133342,-0.814960,-3.562289,3.513385
0.134260,-0.036947,0.108254,-1.729844,-3.803430,4.446146
0.224239,-0.137338,0.065503,-2.174385,-3.438442,5.268446
0.288949,-0.171672,0.078026,-1.865005,-4.087413,7.033349
0.344021,-0.226797,0.045284,-1.875742,-4.414689,8.843055
0.387734,-0.260268,-0.015356,-2.154428,-4.011480,10.073853
0.459051,-0.364036,-0.034352,-3.354467,-3.749621,10.865410
0.584608,-0.486744,-0.051394,-3.334093,-3.614565,11.474304
0.652919,-0.548450,-0.072405,-3.587317,-4.480941,13.441436
0.704712,-0.599262,-0.087557,-4.375210,-4.906831,15.139063
0.765621,-0.627957,-0.132040,-4.857338,-4.078711,16.708425
0.849038,-0.694680,-0.132946,-4.829834,-5.462580,17.961296
0.932989,-0.786312,-0.116744,-5.755725,-7.489394,19.528835
0.999170,-0.836790,-0.167556,-6.459197,-7.311824,20.913347
1.017250,-0.843932,-0.206716,-6.121198,-7.338428,22.072360
1.005318,-0.852818,-0.176018,-6.274898,-9.784232,23.439273
1.044638,-0.877669,-0.221513,-6.522410,-11.025765,24.722416
1.061008,-0.909177,-0.281122,-7.076998,-10.937139,25.330003
1.048751,-0.896970,-0.273238,-7.166619,-11.676542,25.864219
1.031065,-0.867664,-0.262022,-6.911658,-13.408701,26.071002
1.003424,-0.833701,-0.285028,-7.154959,-13.451898,26.695951
1.015205,-0.821146,-0.320843,-7.543853,-11.634238,26.068181
0.972736,-0.846847,-0.291298,-6.962464,-12.962854,25.157518
0.922331,-0.783079,-0.258417,-6.517494,-13.458866,25.334389
0.820707,-0.696134,-0.263653,-6.116524,-12.929544,24.878130
0.723698,-0.659600,-0.273182,-6.159002,-11.752386,22.957247
0.660928,-0.610810,-0.243125,-5.858223,-11.157966,20.203479
0.558476,-0.555402,-0.199557,-5.485104,-11.355303,18.538068
0.438234,-0.479670,-0.207579,-5.139891,-9.406230,16.994806
0.254992,-0.353496,-0.217692,-4.062253,-6.189047,15.155006
0.092557,-0.260514,-0.134709,-3.141697,-6.841993,12.951759
-0.020428,-0.203029,-0.112592,-3.100538,-6.395548,10.968704
-0.128522,-0.152919,-0.100828,-3.490672,-4.896918,7.500738
-0.275844,-0.097380,-0.047885,-2.691737,-3.558215,4.589238
-0.426101,0.003850,-0.005026,-1.963613,-2.150552,3.355631
-0.573594,0.152538,0.004736,-1.783929,-0.734577,3.039984
-0.737227,0.230453,0.036789,-1.964444,-0.394454,0.579199
-0.830662,0.301971,0.038023,-1.478308,1.309666,-3.367310
-0.941943,0.370020,0.078275,-0.934553,1.551992,-5.980970
-1.061358,0.457017,0.088142,-0.567944,1.493565,-6.986226
-1.205746,0.596744,0.075551,-0.672030,1.174945,-7.296052
-1.362817,0.698805,0.094139,0.481051,1.018310,-8.764601
-1.451561,0.755326,0.090276,1.713806,1.499112,-10.471297
-1.501110,0.819550,0.086675,1.170513,1.104188,-12.273790
-1.561257,0.877669,0.074931,0.784449,0.786832,-14.226577
-1.631269,0.958643,0.056132,1.853001,3.445102,-14.917499
-1.732817,1.051622,0.073197,2.740536,1.401393,-15.843493
-1.811727,1.131401,0.092062,2.198776,1.686736,-16.332098
-1.845953,1.174336,0.059864,1.879943,1.347456,-17.278570
-1.895065,1.221550,0.058174,2.339632,0.705182,-18.641663
-1.955419,1.278140,0.090847,2.734923,0.367071,-19.296831
-2.023166,1.334867,0.058003,2.196193,1.137075,-19.789096
-2.083247,1.390356,0.047210,1.914865,1.421357,-21.542481
-2.119420,1.420890,0.054852,2.877801,2.168784,-22.272308
-2.142922,1.442202,0.061430,3.342807,2.416825,-22.077069
-2.159498,1.479671,0.052308,2.765128,3.076710,-22.460698
-2.183142,1.496786,0.051770,2.765876,3.715095,-23.346612
-2.172927,1.491492,0.050942,3.474197,5.504834,-24.776990
-2.113255,1.457843,0.071090,4.189112,6.007343,-24.981381
-2.056243,1.413560,0.057438,3.991460,5.701705,-24.249860
-2.033423,1.377745,0.051300,3.619487,7.010873,-23.525996
-1.988132,1.366536,0.077044,4.390230,7.951051,-22.630025
-1.908727,1.329562,0.079280,4.996457,8.661276,-22.786987
-1.815597,1.245676,0.088457,3.995579,7.369751,-22.034930
-1.684136,1.178058,0.084745,3.065934,7.721869,-20.577739
-1.597364,1.109941,0.096562,4.407315,7.674871,-19.154296
-1.532136,1.060701,0.130932,4.607849,6.435324,-17.196602
-1.406960,0.989433,0.124561,3.990764,5.816269,-14.880124
-1.261410,0.890631,0.120366,3.180938,4.447969,-13.840321
-1.107437,0.779166,0.176135,2.610388,1.910940,-11.944270
-0.965997,0.668479,0.164653,2.801498,1.718595,-10.023108
-0.866995,0.633019,0.171011,2.133857,0.181801,-7.108507
-0.742817,0.575530,0.162815,1.238660,-0.247883,-4.985404
-0.606488,0.450101,0.156315,1.534815,-0.350272,-2.585599
-0.464503,0.365273,0.189950,0.824840,-4.308676,-0.466604
-0.335256,0.246334,0.170482,-0.135663,-3.677726,1.305089
-0.171768,0.166393,0.116273,-0.520821,-1.737092,2.997699
-0.058445,0.105629,0.113220,-0.538247,-2.877077,4.005942
0.052144,-0.013560,0.121636,-1.064074,-5.355751,5.561120
0.199361,-0.108757,0.081906,-1.858306,-5.405263,7.480195
0.272579,-0.149062,0.031524,-2.271729,-5.798440,9.620013
0.332398,-0.204995,0.033729,-2.333051,-5.871149,10.973026
0.430274,-0.271002,0.006646,-1.727596,-5.900681,11.756610
0.541483,-0.332052,-0.038176,-3.160298,-5.990942,13.169460
0.647325,-0.456260,-0.062466,-4.482415,-6.964953,13.863261
0.716109,-0.523317,-0.093317,-3.467534,-6.120243,14.435149
0.771959,-0.550827,-0.109795,-3.466831,-5.793723,16.728004
0.811749,-0.599866,-0.137033,-4.665433,-6.826286,18.878265
0.909710,-0.673626,-0.177318,-5.214828,-6.742377,19.171191
1.003641,-0.770553,-0.160978,-5.481241,-7.437906,18.863052
1.054157,-0.821927,-0.171344,-5.471597,-7.858862,20.042753
1.060112,-0.804438,-0.198405,-6.038960,-8.567025,20.890269
1.041205,-0.803463,-0.201556,-6.924946,-8.272656,22.249914
1.070445,-0.837148,-0.235532,-6.562768,-8.740364,22.636055
1.086893,-0.882396,-0.228167,-6.636718,-10.206534,22.420909
1.057308,-0.886725,-0.243883,-7.764954,-11.137930,22.380321
1.048850,-0.850858,-0.273760,-7.912244,-10.656688,21.781777
1.007829,-0.821543,-0.274518,-6.867756,-10.738998,21.530630
0.995139,-0.805518,-0.277229,-6.785636,-11.196344,21.835479
0.969749,-0.778815,-0.305990,-7.741899,-11.797693,21.078036
0.904449,-0.737562,-0.288540,-7.883763,-11.918848,20.118649
0.836794,-0.673245,-0.291974,-6.737634,-10.501678,18.513477
0.775363,-0.620595,-0.282579,-5.796746,-10.603654,16.983757
0.710542,-0.588263,-0.261129,-6.173540,-10.797905,15.125011
0.636254,-0.524945,-0.277525,-6.595737,-9.526381,12.993452
0.519084,-0.435009,-0.267122,-5.240616,-7.527211,11.546686
0.328006,-0.327759,-0.218572,-4.134605,-8.906686,9.865951
0.205558,-0.220836,-0.194032,-4.213206,-8.725292,9.056766
0.110850,-0.160390,-0.198634,-3.860331,-6.061652,6.295733
-0.000231,-0.112230,-0.176800,-3.383012,-3.451415,2.663610
-0.125036,-0.033195,-0.126664,-2.538240,-4.017665,0.647687
-0.276773,0.077580,-0.080243,-2.309894,-3.598406,0.730347
-0.421463,0.187608,-0.069976,-1.966978,-1.578610,0.170300
-0.548418,0.266882,-0.070862,-1.394816,0.575910,-2.358730
-0.653627,0.312465,0.006525,-1.065827,0.777944,-5.319926
-0.725273,0.363491,0.036753,-0.806036,0.381298,-6.963467
-0.844829,0.460274,0.050693,-0.881758,0.649673,-7.900774
-0.997544,0.543930,0.060901,-0.328156,1.596374,-8.149080
-1.098548,0.633744,0.086869,0.946960,2.081732,-8.611345
-1.198203,0.679140,0.119696,1.327624,0.852485,-9.628948
-1.248077,0.705104,0.102861,1.104986,1.799475,-10.161177
-1.308030,0.753806,0.080242,1.532310,2.369509,-10.583516
-1.410321,0.810530,0.145296,1.641491,0.584625,-10.956862
-1.470242,0.861916,0.136952,2.520646,1.337025,-10.109725
-1.513875,0.908041,0.131352,1.723371,0.795334,-10.382453
-1.554748,0.908195,0.141646,1.517014,0.469966,-10.788051
-1.557958,0.916375,0.158242,2.492423,0.590145,-10.475192
-1.623555,0.970115,0.149406,2.582844,0.224479,-9.651134
-1.703541,1.007657,0.171920,1.312942,-1.995027,-9.865727
-1.716868,1.035669,0.136486,1.339684,0.277106,-10.727318
-1.736464,1.044535,0.136138,1.798801,0.153515,-12.401776
-1.782947,1.055068,0.133863,1.971057,-0.327821,-12.385824
-1.831084,1.124538,0.117428,1.516906,-0.349416,-11.669206
-1.908983,1.192862,0.095653,1.797833,0.298822,-12.399362
-1.975334,1.217267,0.096053,2.409834,0.584132,-13.658369
-1.957799,1.214106,0.068917,2.526744,1.932085,-14.608530
-1.938442,1.198425,0.042858,2.144846,2.695205,-15.518257
-1.964856,1.194464,0.048720,2.330487,2.884392,-16.159810
-1.955446,1.222121,0.046150,3.322378,4.732336,-16.072258
-1.945943,1.223868,0.045490,3.572450,5.764590,-16.954000
-1.869492,1.171230,0.034895,2.901825,6.219959,-17.210893
-1.792630,1.121259,0.016303,2.287474,6.537214,-17.890869
-1.729318,1.086471,0.065966,2.972765,6.856812,-17.171732
-1.680331,1.072701,0.053221,3.506549,7.683195,-16.832567
-1.604241,1.057290,0.037117,3.188871,7.786605,-17.044291
-1.534469,0.996011,0.055462,2.448347,5.839473,-17.201640
-1.417628,0.935154,0.072137,2.931705,5.733141,-16.195512
-1.333637,0.905908,0.074307,3.099362,4.953103,-14.378911
-1.295258,0.876894,0.088375,2.602887,3.895781,-13.399959
-1.176080,0.831580,0.068589,2.510887,4.012767,-13.155225
-1.047224,0.755519,0.099368,2.757664,1.935709,-11.835961
-0.886329,0.641822,0.093050,2.183284,0.828372,-10.208059
-0.777555,0.578730,0.087427,1.725495,0.439170,-8.256749
-0.688345,0.520953,0.126836,1.243417,-0.748843,-6.938841
-0.561889,0.462430,0.143225,1.574441,-1.407283,-5.136632
-0.414317,0.378948,0.128159,0.589595,-1.789139,-3.110205
-0.295756,0.247680,0.134353,-0.911792,-2.662944,-2.316133
-0.152146,0.150316,0.132015,-0.724516,-2.600768,-0.633453
-0.061747,0.108360,0.122818,-0.606266,-3.577063,1.204564
0.018000,0.059927,0.108425,-1.225501,-3.965635,3.462822
0.149287,-0.045472,0.057068,-1.838510,-2.452080,4.395153
0.265578,-0.141401,0.046501,-2.156676,-3.957553,5.840504
0.355336,-0.227812,0.063140,-2.370602,-6.113698,7.822677
0.446414,-0.255105,-0.004573,-2.267576,-4.117763,10.739667
0.525878,-0.296444,-0.062508,-2.622982,-2.905184,11.964866
0.609324,-0.414395,-0.029336,-2.694966,-5.088849,12.976344
0.769458,-0.530837,-0.071131,-3.379896,-6.028525,14.836613
0.867203,-0.618445,-0.122928,-4.327772,-5.821213,16.517626
0.925279,-0.668630,-0.126713,-4.386928,-5.001253,18.611751
0.989142,-0.706158,-0.133865,-4.200338,-5.769469,21.244197
1.072181,-0.757030,-0.153678,-4.826703,-7.350849,23.100571
1.159166,-0.856123,-0.162025,-6.405106,-8.805560,24.523066
1.215200,-0.928567,-0.188797,-6.258358,-8.960557,25.461465
1.215758,-0.909673,-0.186030,-6.097193,-10.274993,27.296680
1.208619,-0.887284,-0.207533,-6.633882,-11.347444,29.386713
1.217606,-0.933789,-0.236721,-7.515614,-11.875566,29.298689
1.263419,-0.962770,-0.247569,-7.472394,-12.853391,30.004126
1.257163,-0.956573,-0.261365,-7.532042,-12.898058,30.207591
1.193087,-0.922970,-0.273408,-7.631947,-13.830143,30.801313
1.140965,-0.865340,-0.299254,-8.077978,-14.366986,30.447425
1.122015,-0.854820,-0.277945,-7.449962,-14.613185,29.285589
1.080545,-0.862836,-0.274298,-6.862524,-14.917743,27.279447
1.017972,-0.789907,-0.280663,-7.444362,-14.612299,26.405133
0.871270,-0.685732,-0.273060,-6.916792,-13.875099,24.775066
0.726038,-0.599722,-0.262120,-6.165610,-12.737964,22.684731
0.598998,-0.522010,-0.241428,-5.165195,-11.681488,20.038054
0.469690,-0.457474,-0.218089,-5.478812,-10.714968,17.089613
0.312950,-0.404161,-0.214646,-5.031124,-9.099204,13.569321
0.138889,-0.273887,-0.187264,-4.546905,-7.319994,11.277776
-0.039036,-0.171212,-0.145515,-3.145659,-6.307684,9.447601
-0.200870,-0.107759,-0.128751,-3.243209,-4.050670,6.728185
-0.325334,-0.026933,-0.109359,-3.975535,-2.347019,2.769258
-0.466685,0.045442,-0.054411,-3.178890,-0.872055,-0.944799
-0.639696,0.150365,-0.009471,-2.321675,0.160554,-2.882879
-0.809763,0.304161,-0.010078,-2.438651,1.726890,-4.554574
-0.972404,0.395459,-0.019942,-2.432175,2.869054,-7.398640
-1.111255,0.463198,0.032433,-1.374774,2.997568,-10.765696
-1.216559,0.555953,0.044923,-0.450308,3.776103,-12.694696
-1.346891,0.647432,0.014783,-0.285556,3.950798,-14.341724
-1.485712,0.738080,0.018909,0.382354,4.271580,-15.778499
-1.594351,0.859625,0.045671,1.206837,3.553626,-16.612707
-1.670034,0.945514,0.048294,1.814465,3.912728,-17.162152
-1.727634,0.992406,0.039831,1.495668,3.099510,-19.288136
-1.769702,1.054445,0.051878,1.106621,2.725352,-20.189206
-1.836303,1.124584,0.087374,2.504693,1.641290,-20.598189
-1.896411,1.191644,0.086616,2.482631,1.409136,-20.367657
-1.950893,1.253918,0.070900,1.761293,1.266925,-20.836630
-1.990230,1.280782,0.064857,1.722169,1.136855,-21.542263
-2.031339,1.293600,0.101837,2.194161,0.426004,-21.846204
-2.042010,1.363365,0.093352,1.734971,0.559586,-20.999867
-2.090124,1.403030,0.063291,1.842874,1.260990,-22.187743
-2.116850,1.428085,0.087345,2.226083,1.781434,-23.706974
-2.102420,1.453212,0.085559,2.476257,1.857645,-23.428597
-2.095688,1.465711,0.078154,2.406485,1.517421,-23.145487
-2.104793,1.466374,0.050460,2.788857,4.286784,-22.917656
-2.101120,1.455687,0.047834,3.780235,4.886764,-23.505367
-2.087193,1.447067,0.070985,4.327457,4.026109,-24.196642
-2.030804,1.411413,0.059293,4.051187,5.679247,-24.046230
-1.960340,1.364353,0.030706,4.160059,8.290620,-24.036425
-1.922575,1.337371,0.050877,4.106142,8.036776,-23.591904
-1.880301,1.313422,0.103356,4.189138,6.438790,-22.180313
-1.794931,1.270925,0.091018,4.099045,8.162762,-20.840831
-1.665954,1.200172,0.099690,3.251979,8.509279,-20.262002
-1.540811,1.114346,0.117379,3.513786,7.519917,-18.906402
-1.441688,1.027955,0.155383,3.770755,6.253729,-17.344078
-1.323983,0.970158,0.141364,3.425545,6.142235,-14.822549
-1.215042,0.903259,0.138961,2.764702,5.421162,-14.088338
-1.073113,0.795490,0.178019,3.086679,3.518655,-12.273541
-0.923151,0.723706,0.165585,2.556352,1.141461,-10.017800
-0.800687,0.656307,0.158725,2.170905,0.324410,-7.513973
-0.701501,0.584996,0.141452,1.662788,1.101077,-5.094896
-0.582053,0.524941,0.176824,1.540966,-1.395542,-2.822221
-0.396254,0.422539,0.143291,1.696731,2.678043,-0.876079
-0.255730,0.276106,0.156095,-0.135341,-3.901440,0.268256
-0.107606,0.185077,0.132052,-0.889524,-3.186003,2.009137
-0.002457,0.116608,0.116519,-0.430521,-3.850228,3.686286
0.095981,0.041933,0.120661,-0.722947,-5.615943,5.809095
0.220897,-0.015319,0.065963,-1.718737,-5.344308,7.993620
0.330284,-0.126640,0.050503,-2.309582,-5.216096,9.314530
0.433799,-0.222212,0.042707,-1.853812,-6.391186,10.196003
0.510992,-0.269055,-0.006684,-1.931928,-6.632717,11.951995
0.571465,-0.317091,-0.037486,-3.032595,-6.388291,13.446311
0.675745,-0.403993,-0.080598,-3.166915,-4.942022,14.604392
0.768093,-0.509110,-0.086057,-3.561576,-6.035507,15.510369
0.841337,-0.569724,-0.090603,-3.905513,-6.740132,17.580189
0.891437,-0.616656,-0.135454,-4.560802,-6.402645,18.572643
0.941130,-0.665404,-0.150763,-5.118449,-6.404529,18.674296
0.998704,-0.732379,-0.149168,-5.073293,-7.177001,19.763861
1.084208,-0.790461,-0.162002,-5.880372,-7.669662,21.200863
1.123509,-0.825173,-0.204763,-6.498911,-8.206948,21.622983
1.097584,-0.848265,-0.225294,-6.349291,-8.055438,22.866036
1.109348,-0.838329,-0.214009,-6.057811,-8.607225,24.325379
1.123676,-0.865596,-0.234124,-6.048128,-9.401408,24.851821
1.157498,-0.925701,-0.271245,-6.701684,-9.499763,24.982214
1.157452,-0.926693,-0.300784,-7.166471,-9.402330,24.645374
1.113517,-0.902071,-0.253428,-6.706309,-10.534864,24.954736
1.087556,-0.888984,-0.272644,-6.280708,-10.522269,25.627238
1.080286,-0.862514,-0.290582,-6.714013,-10.120341,25.873925
1.050668,-0.888314,-0.265540,-7.482829,-10.964272,24.515183
1.023513,-0.882803,-0.226968,-6.674322,-11.110813,23.979343
0.949543,-0.806480,-0.247513,-6.399217,-10.776425,23.630109
0.834149,-0.747629,-0.220916,-6.891094,-11.082519,22.568039
0.761633,-0.704278,-0.233376,-6.184484,-9.671129,21.231966
0.664082,-0.643119,-0.215375,-5.562258,-9.650404,19.566735
0.549023,-0.578196,-0.180000,-5.556146,-10.227319,17.675463
0.422015,-0.465861,-0.197577,-5.219335,-8.869886,16.915626
0.270708,-0.366721,-0.180158,-4.481995,-7.193473,14.473559
0.119263,-0.307237,-0.125538,-3.959946,-7.912186,12.201513
0.015495,-0.223118,-0.098093,-3.949997,-7.487573,10.453647
-0.088348,-0.159871,-0.134358,-3.387269,-4.032866,7.893138
-0.241559,-0.087927,-0.092996,-2.891710,-3.247441,6.055136
-0.384513,0.006660,-0.032116,-2.366959,-4.112380,4.573587
-0.512994,0.121404,-0.031667,-1.782912,-1.480731,3.185256
-0.652809,0.175249,-0.015080,-1.645719,-0.485433,0.112723
-0.757923,0.241601,0.025802,-0.893847,-0.030386,-2.494819
-0.886151,0.322188,0.052685,-0.371198,0.605623,-3.604040
-1.046656,0.424416,0.058003,-0.413223,0.597846,-4.441291
-1.196956,0.538685,0.056897,-0.216553,1.633902,-5.790620
-1.311828,0.626122,0.071970,0.555910,2.336738,-7.324085
-1.401626,0.666280,0.093581,1.019072,2.397164,-8.456932
-1.474598,0.723988,0.069304,0.626266,1.246098,-9.559504
-1.554538,0.784132,0.073611,1.345543,4.377619,-10.578686
-1.642593,0.836776,0.086688,1.966994,2.806681,-11.323896
-1.704247,0.919392,0.082697,2.042092,2.727948,-11.933420
-1.741562,0.961519,0.097166,1.139557,2.673814,-12.674595
-1.767995,1.003360,0.083297,1.199386,2.249195,-13.982389
-1.824946,1.067374,0.094573,1.844421,1.804651,-14.271116
-1.880790,1.125148,0.086340,1.687340,1.760200,-15.113128
-1.933086,1.203185,0.052961,1.333588,1.722271,-16.812267
-1.979286,1.278849,0.047309,2.005496,1.289396,-17.884963
-2.035813,1.318940,0.036940,2.864297,1.368103,-19.044675
-2.097867,1.409138,0.024171,2.856468,0.233554,-19.352897
-2.168578,1.484237,0.007263,2.963453,2.117792,-20.137177
-2.183559,1.518565,-0.000211,3.478825,2.965471,-22.200240
-2.173633,1.520906,0.018016,4.033334,1.947019,-24.256573
-2.148633,1.507943,0.012915,3.808191,2.949680,-24.529488
-2.114815,1.503039,0.000767,3.536661,4.141822,-25.287200
-2.101744,1.504129,0.032564,5.005598,5.610030,-25.158705
-2.058567,1.495312,0.046846,5.252914,7.252962,-25.388515
-1.965437,1.445324,0.043308,4.122406,7.093807,-26.096553
-1.888106,1.364057,0.079398,3.625885,7.176616,-26.092528
-1.800180,1.323670,0.100816,4.278391,8.222972,-25.501229
-1.746476,1.296928,0.113447,4.689260,8.639720,-24.409683
-1.703584,1.250761,0.121892,4.119869,8.081492,-23.702097
-1.598667,1.189005,0.123934,3.633641,8.330380,-22.607639
-1.475057,1.115271,0.150679,4.196402,7.284809,-21.277544
-1.368217,1.021958,0.167843,4.240023,6.167122,-18.881306
-1.256837,0.967335,0.155770,3.513373,5.227669,-17.831331
-1.141601,0.881795,0.168595,3.361692,4.565007,-16.415137
-0.966712,0.763745,0.196466,3.314759,3.510521,-14.438925
-0.773367,0.650429,0.180336,2.468708,2.011970,-12.176442
-0.633089,0.552254,0.184610,1.001938,0.745871,-9.745704
-0.513713,0.482292,0.181616,0.807978,-0.140738,-6.750105
-0.401499,0.442604,0.178482,1.369673,-1.316373,-4.341235
-0.261585,0.355790,0.162014,-0.120272,-1.813859,-2.277911
-0.084885,0.183337,0.118961,-0.820061,-2.017639,-1.481789
0.075921,0.080147,0.106823,-1.271606,-3.411444,0.112815
0.181925,0.015417,0.082963,-0.877510,-4.154175,2.825674
0.260592,-0.044717,0.032009,-1.657024,-4.134211,5.216093
0.384165,-0.103269,-0.005292,-1.797230,-4.653483,8.119529
0.498532,-0.225927,0.008799,-1.935151,-6.517593,10.329724
0.649928,-0.354573,-0.043017,-2.270156,-6.449715,12.271342
0.751497,-0.446724,-0.088820,-3.341909,-6.454931,13.843013
0.828667,-0.521876,-0.100860,-4.172342,-6.524840,15.675510
0.945935,-0.597815,-0.109795,-4.063113,-6.391839,18.406480
1.058093,-0.703762,-0.142738,-4.624130,-7.352792,20.842678
1.204811,-0.838106,-0.175470,-5.810840,-7.226015,23.523580
1.263862,-0.905813,-0.201595,-6.655533,-7.609397,25.291865
1.315761,-0.962366,-0.177880,-6.305237,-8.672326,27.565735
1.422207,-1.039241,-0.196809,-6.685468,-9.035577,29.663378
1.503142,-1.118062,-0.246775,-7.656588,-10.068399,30.701679
1.543244,-1.175022,-0.253753,-8.739845,-11.764054,31.613904
1.536216,-1.153161,-0.245189,-7.864711,-12.522245,34.005508
1.493738,-1.098190,-0.256665,-7.349289,-13.274807,35.117074
1.465109,-1.100997,-0.289023,-8.290660,-14.474410,35.371387
1.482686,-1.161725,-0.321473,-8.475819,-14.798544,34.093057
1.484203,-1.166826,-0.305123,-8.287643,-16.681417,33.005893
1.386747,-1.121000,-0.305727,-7.846983,-16.855790,33.803034
1.288478,-1.021145,-0.328711,-7.803737,-15.544915,33.359158
1.198358,-0.960124,-0.309761,-7.750161,-14.686928,31.643939
1.140883,-0.968744,-0.282474,-7.325597,-16.421582,28.709651
1.060125,-0.903417,-0.237741,-7.462527,-17.026598,25.701611
0.887606,-0.804372,-0.235197,-7.449942,-13.865130,23.409688
0.701597,-0.688591,-0.233878,-6.636659,-11.558492,21.503566
0.521411,-0.596479,-0.188905,-5.823333,-10.719461,18.535271
0.362285,-0.545716,-0.165019,-5.805198,-10.700371,14.925726
0.219089,-0.463510,-0.186000,-6.016269,-6.972798,11.119704
0.028021,-0.347768,-0.171902,-5.452868,-4.322879,7.657914
-0.208672,-0.212111,-0.118221,-4.572193,-4.078882,4.647721
-0.395880,-0.068751,-0.079160,-3.925789,-3.672136,2.457062
-0.545310,0.052283,-0.087619,-4.229549,-0.514020,-0.678351
-0.716062,0.125826,-0.086739,-3.415177,1.738592,-5.825429
-0.875684,0.248793,-0.060680,-1.674267,3.169752,-8.701825
-1.071580,0.400540,-0.016715,-1.186887,2.750594,-10.578901
-1.227322,0.533873,-0.046851,-1.179869,4.604945,-12.231307
-1.362450,0.634591,-0.066204,0.005878,6.111915,-15.554592
-1.476101,0.714092,-0.027957,1.134170,6.070258,-19.112965
-1.558073,0.793471,-0.016604,1.522709,4.549672,-19.555902
-1.651547,0.924178,-0.033682,1.599945,5.385249,-20.382533
-1.763324,1.024433,-0.010446,2.380958,5.680849,-21.758734
-1.847214,1.112980,0.028839,3.292609,5.162434,-22.525552
-1.904873,1.174700,0.048658,3.462479,3.701588,-22.951807
-1.945053,1.221629,0.073352,2.184694,2.176639,-23.528617
-1.994864,1.278369,0.047811,2.296475,3.542879,-23.214223
-2.065558,1.353879,0.098019,3.197349,3.270482,-23.307307
-2.129736,1.417433,0.129458,2.997196,0.997528,-22.714285
-2.143907,1.453304,0.116384,2.182262,0.556638,-22.339772
-2.132392,1.481116,0.096437,2.138051,1.849101,-22.887300
-2.149927,1.511281,0.137372,2.073649,1.286432,-22.743267
-2.149576,1.546840,0.139831,3.192842,1.736458,-21.935363
-2.156160,1.596543,0.119499,3.192711,2.005358,-21.640374
-2.143319,1.580817,0.119969,3.664719,2.707337,-22.622641
-2.099742,1.546525,0.102716,4.902681,4.063063,-22.821340
-2.072123,1.530631,0.128113,5.633158,2.440816,-22.418538
-2.045663,1.529581,0.091963,5.769576,6.225704,-22.077368
-2.052077,1.492447,0.091809,6.320697,6.426152,-22.411524
-1.980310,1.463020,0.127584,6.432684,7.695875,-21.312041
-1.896483,1.395257,0.143245,6.478418,7.692911,-20.212728
-1.835371,1.312385,0.174352,5.752569,7.492213,-18.965082
-1.763383,1.252697,0.190101,5.335890,8.053674,-17.956552
-1.673835,1.193883,0.239650,5.572672,7.895857,-16.667567
-1.570944,1.090190,0.283756,5.281149,6.887066,-15.503468
-1.425739,0.994277,0.279065,3.642668,7.017070,-13.140819
-1.334792,0.907890,0.286011,3.134717,6.699137,-11.697618
-1.277983,0.838765,0.310199,3.234162,5.244026,-9.653385
-1.169502,0.798542,0.311112,2.989867,4.627459,-7.078724
-1.034603,0.719997,0.277880,1.831006,2.652905,-5.278741
-0.872293,0.605177,0.286822,1.271501,1.265567,-3.726915
-0.716141,0.494647,0.243080,1.146664,0.894569,-1.365719
-0.584636,0.411887,0.266408,1.351150,-3.110402,0.673135
-0.426988,0.331687,0.201311,0.642051,-1.598905,2.642595
-0.247261,0.232134,0.153450,0.003903,-1.766674,4.054970
-0.068752,0.104759,0.115892,0.065498,-3.035940,4.834758
0.069826,-0.002416,0.098285,-0.057232,-4.335303,6.823135
0.170439,-0.021349,0.050736,-0.639182,-5.662147,9.273383
0.256285,-0.052129,-0.004495,-0.448177,-4.149382,10.945197
0.323930,-0.150142,-0.029592,-0.351568,-5.264804,11.177206
0.457137,-0.251478,-0.059272,-1.340780,-6.916941,12.498372
0.547007,-0.328750,-0.081464,-2.348676,-7.123563,13.717434
0.605166,-0.403169,-0.115379,-2.232917,-4.926270,15.163905
0.635866,-0.408553,-0.115727,-2.731549,-6.340820,16.725201
0.696936,-0.490315,-0.106043,-3.223317,-7.695128,17.527190
0.829435,-0.637844,-0.141950,-4.946965,-6.941765,17.905900
0.921606,-0.726457,-0.165183,-5.329457,-6.323160,18.547617
0.940588,-0.775710,-0.132267,-5.583561,-7.592624,19.499033
0.954522,-0.788626,-0.153301,-5.993980,-7.214195,20.829718
1.016462,-0.812447,-0.193717,-7.068516,-6.805761,22.333583
1.095670,-0.923036,-0.226985,-6.954747,-4.642260,22.273406
1.138066,-1.000242,-0.243620,-7.064613,-7.451118,21.890936
1.144687,-0.993546,-0.252706,-7.128417,-7.928446,23.528889
1.135316,-0.971629,-0.298165,-6.925802,-6.465201,24.720099
1.152374,-0.984207,-0.316681,-7.212816,-7.861531,23.861860
1.178440,-1.039274,-0.315614,-6.938909,-9.265804,23.576001
1.230661,-1.029026,-0.322428,-7.532945,-9.750101,24.650311
1.189853,-0.984375,-0.348757,-7.924406,-10.073930,24.477604
1.132926,-0.933441,-0.347568,-7.038751,-9.440229,24.688321
1.106063,-0.905655,-0.335542,-6.735733,-10.582636,23.927444
1.106752,-0.906784,-0.320547,-7.626561,-11.959425,22.664214
1.077318,-0.893343,-0.373454,-8.077893,-10.446129,21.876749
0.947603,-0.780496,-0.339622,-6.808314,-10.973384,20.537414
0.815514,-0.667042,-0.300462,-6.290986,-11.060783,20.380108
0.714917,-0.600749,-0.274377,-5.948073,-11.402553,18.972217
0.647608,-0.543576,-0.298650,-6.103152,-10.336867,16.599120
0.536622,-0.498551,-0.253093,-6.305612,-10.019354,13.952575
0.392349,-0.402526,-0.212824,-4.588457,-9.320969,12.259344
0.238212,-0.253759,-0.220335,-4.560389,-8.229588,11.825383
0.087633,-0.185993,-0.154397,-4.228778,-7.383004,9.567294
-0.007101,-0.125117,-0.151279,-4.170662,-5.766462,6.796460
-0.098389,-0.067986,-0.121438,-3.530318,-4.627207,3.846070
-0.245882,0.011954,-0.068102,-2.825480,-3.785495,1.457865
-0.388396,0.144608,-0.073820,-2.976544,-2.005550,0.884396
-0.547512,0.262487,-0.045509,-1.267333,-0.820035,-1.318456
-0.701498,0.346655,-0.015875,-1.206207,-0.256917,-2.952973
-0.800539,0.436440,-0.022423,-1.025739,1.095970,-5.806797
-0.941132,0.518488,0.006607,-0.720614,1.006543,-8.032779
-1.096999,0.627970,0.008950,-0.339575,1.830067,-9.214736
-1.249216,0.752585,0.035285,1.277537,1.753783,-9.840654
-1.371572,0.852030,0.034140,1.361729,2.623750,-10.832271
-1.454230,0.888314,0.035295,0.411476,2.851177,-12.970078
-1.502518,0.945047,0.078518,1.563037,2.820076,-14.474680
-1.574384,1.009058,0.107259,1.917498,2.332634,-15.028239
-1.644868,1.083386,0.113325,1.853730,3.134590,-15.236120
-1.718588,1.163937,0.107089,1.437326,2.939737,-16.250782
-1.775555,1.213357,0.155652,2.716101,1.922326,-17.516708
-1.804670,1.236659,0.143763,2.782571,2.210944,-18.299839
-1.861538,1.300805,0.123593,3.001910,1.587061,-19.017516
-1.969235,1.382423,0.132203,2.118809,0.513080,-19.655301
-2.040503,1.440587,0.124371,2.982596,0.871745,-21.077491
-2.093613,1.506660,0.132288,3.195967,0.999902,-22.090081
-2.146382,1.536126,0.113506,2.175901,0.644840,-22.953822
-2.169306,1.560754,0.096358,3.002884,1.160698,-23.525233
-2.215605,1.613762,0.102680,4.039583,2.254453,-23.947092
-2.249444,1.631054,0.106091,3.976761,3.341924,-25.080459
-2.205124,1.630657,0.072869,3.568412,5.046478,-26.356097
-2.142302,1.582031,0.084223,3.573855,5.337246,-27.732512
-2.104088,1.537216,0.113200,4.186210,6.026844,-27.980950
-2.063208,1.530615,0.093102,4.370703,7.070245,-26.342100
-2.042076,1.510247,0.101357,5.135891,8.425025,-26.611877
-1.985335,1.471544,0.098466,4.301269,8.223005,-26.709280
-1.871816,1.385410,0.109629,4.738697,9.353348,-27.207616
-1.781187,1.309635,0.121554,5.215015,9.264985,-26.021604
-1.730188,1.260946,0.127545,4.663716,8.390524,-24.694402
-1.664851,1.225105,0.123251,4.879156,9.046513,-23.272980
-1.559252,1.160907,0.157057,5.576040,8.206714,-21.729419
-1.429527,1.038853,0.151379,4.690593,6.664057,-20.212802
-1.246911,0.917774,0.166658,3.645458,5.429621,-18.270373
-1.100518,0.826243,0.173253,3.002061,5.061565,-15.966653
-0.992237,0.722038,0.192051,3.673957,3.808287,-13.917933
-0.844104,0.627924,0.198662,2.892805,2.908378,-11.771199
-0.677313,0.526457,0.198383,0.496495,-0.560509,-8.791003
-0.510361,0.369097,0.186711,0.390466,-1.207839,-6.300474
-0.391058,0.311625,0.162657,0.067644,-1.357702,-3.706433
-0.299859,0.242937,0.211943,-0.027792,-3.776150,-0.549321
-0.156278,0.141900,0.145322,-1.402835,-3.843141,1.494726
0.022316,0.000850,0.118114,-1.744783,-3.981519,2.478291
0.164446,-0.157357,0.081738,-2.909214,-4.381244,4.166005
0.321386,-0.240304,0.059362,-2.906083,-4.744994,6.326554
0.388397,-0.276779,0.037796,-2.204524,-5.475438,10.835212
0.474337,-0.312305,-0.023195,-2.879840,-5.111353,13.097665
0.631934,-0.432472,-0.089493,-4.020536,-5.373938,14.448463
0.796991,-0.601288,-0.069943,-3.351480,-6.304562,15.243883
0.938343,-0.704015,-0.124264,-4.894459,-8.804523,18.297019
1.008718,-0.740394,-0.181408,-4.860351,-6.361420,20.641664
1.047622,-0.777709,-0.221825,-5.909349,-5.398261,23.206176
1.166223,-0.877239,-0.196373,-4.932338,-7.255717,24.928985
1.305300,-0.994639,-0.217446,-5.839154,-9.341933,26.354958
1.391379,-1.061056,-0.234085,-6.853415,-9.218684,28.332139
1.403317,-1.059425,-0.275988,-6.994937,-8.907014,29.693475
1.410387,-1.032676,-0.256235,-6.263308,-10.862402,30.813462
1.449839,-1.086689,-0.269423,-7.702503,-13.166969,32.176543
1.526497,-1.149176,-0.356917,-9.529590,-12.458773,33.331929
1.501275,-1.161082,-0.340029,-7.936508,-13.179232,32.889505
1.437481,-1.102027,-0.290795,-7.211969,-14.069377,33.661794
1.415613,-1.078670,-0.324923,-7.579054,-13.626753,33.926844
1.459437,-1.077403,-0.364696,-7.740349,-8.243800,33.013535
1.404059,-1.096526,-0.284155,-7.614868,-14.677527,31.299265
1.308835,-1.037990,-0.262626,-7.137034,-15.154160,31.016358
1.172857,-0.895595,-0.274019,-7.532778,-14.923809,31.326427
1.076855,-0.841366,-0.294541,-8.111357,-13.598098,28.678986
1.016212,-0.850146,-0.290119,-7.864317,-12.307439,24.982568
0.923717,-0.807461,-0.222760,-6.833385,-12.858961,21.745056
0.754815,-0.691791,-0.198021,-5.980549,-11.553874,20.102337
0.511468,-0.523280,-0.182314,-5.794812,-11.494872,19.462014
0.354378,-0.424479,-0.179412,-4.421644,-7.157619,16.760965
0.225424,-0.375459,-0.181264,-4.369296,-6.932191,12.388612
0.113988,-0.312282,-0.112726,-4.101550,-6.341421,8.871413
-0.033656,-0.232006,-0.110081,-4.453710,-3.984502,5.266946
-0.242235,-0.078746,-0.066808,-3.105006,-1.869857,4.304221
-0.441384,0.068573,-0.051030,-2.636083,-1.328006,2.611081
-0.625444,0.157006,0.008556,-1.756216,-1.814364,0.009396
-0.727944,0.230283,-0.023736,-1.836833,0.574200,-3.717514
-0.857181,0.306009,-0.027954,-1.699443,2.466870,-8.102741
-1.045560,0.408838,0.031087,-0.275266,2.516205,-10.467958
-1.226974,0.571191,0.053070,0.297933,1.579482,-9.609413
-1.398622,0.706640,0.037616,1.326032,3.292436,-11.154434
-1.522209,0.782120,0.038663,1.192174,4.815234,-13.205333
-1.586785,0.812020,0.052974,1.602666,4.353431,-15.506452
-1.658519,0.881214,0.084020,2.167521,2.615337,-17.047470
-1.749778,0.983820,0.073296,1.008085,3.317983,-17.027678
-1.846830,1.049124,0.078124,2.184396,4.872604,-17.778458
-1.906905,1.119624,0.097057,2.003094,3.854996,-18.519332
-1.944768,1.159374,0.138951,3.083413,2.980682,-18.518121
-1.991152,1.201445,0.138282,3.035410,2.223552,-18.217434
-2.049622,1.272261,0.143425,2.756331,2.784941,-17.995220
-2.110091,1.333452,0.113115,2.859150,2.917502,-19.136836
-2.153219,1.377246,0.151963,3.213213,2.127852,-19.555499
-2.132349,1.379153,0.129550,3.317999,2.056541,-19.644830
-2.138491,1.387034,0.086094,3.183573,1.975203,-20.029414
-2.183644,1.430162,0.112567,3.759841,2.163936,-18.612497
-2.207944,1.475664,0.116437,5.001919,2.973848,-18.867848
-2.194049,1.491370,0.096168,5.227557,3.489165,-19.632945
-2.156268,1.464159,0.118406,4.188091,3.196496,-20.460566
-2.106152,1.408042,0.090056,3.950255,4.620611,-20.685751
-2.097641,1.388718,0.125424,5.208443,4.803479,-20.067947
-2.096367,1.404625,0.122923,5.990592,6.629558,-19.185292
-2.057224,1.352346,0.153496,5.350855,6.619206,-19.565897
-1.945523,1.275802,0.148598,4.778588,7.158290,-19.457684
-1.846935,1.210088,0.165614,5.016214,7.229253,-18.759880
-1.796047,1.170403,0.211352,4.667868,6.700860,-17.065602
-1.717771,1.140536,0.192396,4.089739,7.890704,-15.384520
-1.626109,1.081597,0.196226,3.961127,7.675954,-15.346909
-1.487790,0.947755,0.221964,4.155670,6.312715,-14.966370
-1.316062,0.836710,0.213640,3.667477,5.442324,-13.443520
-1.214845,0.763949,0.177569,2.843776,4.134243,-11.367444
-1.160275,0.727179,0.206569,2.641531,3.527531,-9.743601
-1.036976,0.677791,0.187219,3.428489,3.124854,-7.701141
-0.878152,0.593166,0.164718,2.545737,1.549534,-6.504768
-0.710223,0.457677,0.163803,0.824762,-0.034381,-4.579725
-0.602375,0.383501,0.135016,0.739888,-0.556948,-2.819748
-0.474491,0.323708,0.131907,0.984183,-0.709732,-1.560103
-0.353894,0.231878,0.115032,0.274527,-1.798947,0.064980
-0.159098,0.150684,0.059713,-0.679038,-2.085927,2.919213
-0.001485,-0.014666,0.027043,-1.892975,-3.621514,2.979743
0.144268,-0.071941,0.027476,-1.563093,-4.048231,5.108073
0.181655,-0.087389,0.007595,-1.585391,-4.665270,7.560516
0.308574,-0.150631,-0.054420,-2.505760,-5.048265,8.269815
0.436727,-0.247477,-0.122771,-3.035831,-5.434637,8.945926
0.550336,-0.353575,-0.112421,-2.832940,-6.813718,10.278394
0.659076,-0.440553,-0.140115,-3.210201,-6.976724,12.042951
0.707249,-0.426245,-0.188045,-3.757567,-6.176416,13.977927
0.753148,-0.455354,-0.226630,-3.745294,-6.123615,15.276343
0.852153,-0.568106,-0.214357,-3.697472,-6.840611,15.345961
1.005439,-0.689221,-0.233681,-5.013129,-8.568256,15.785630
1.072460,-0.746838,-0.260699,-5.307928,-8.209427,17.416263
1.060785,-0.721520,-0.264638,-5.565869,-7.174133,18.844156
1.068259,-0.745420,-0.241529,-4.892017,-9.907150,20.523321
1.140380,-0.793806,-0.266610,-5.396879,-8.735923,20.885324
1.233086,-0.884592,-0.265892,-6.863837,-9.990225,21.147310
1.262891,-0.974465,-0.293310,-7.250744,-9.823976,21.336216
1.221348,-0.931734,-0.292440,-6.446258,-9.011599,22.030181
1.217262,-0.908701,-0.272781,-6.404495,-9.154746,23.409665
1.233979,-0.976461,-0.273303,-6.963866,-10.129161,23.804646
1.282966,-0.971324,-0.293113,-8.484701,-10.293811,23.337382
1.256060,-0.978555,-0.300892,-7.710551,-9.870971,22.676118
1.166889,-0.921854,-0.230924,-6.939503,-11.223188,23.317913
1.137164,-0.845167,-0.255352,-7.355175,-10.630888,23.421699
1.100571,-0.840909,-0.275562,-7.277102,-10.671416,22.200082
1.031088,-0.841763,-0.258936,-7.191772,-11.419927,19.863546
0.938547,-0.782708,-0.247562,-5.961163,-11.276859,19.233990
0.802572,-0.647839,-0.249817,-5.326162,-11.839068,18.795740
0.653109,-0.549540,-0.239842,-6.169670,-11.034651,17.788719
0.576001,-0.507105,-0.263558,-5.623669,-8.558196,15.108204
0.480650,-0.470384,-0.214846,-4.269352,-9.454850,11.476166
0.349657,-0.389117,-0.151052,-4.394088,-9.413882,10.241870
0.187669,-0.278771,-0.159977,-4.204045,-7.652673,9.783778
0.008845,-0.169798,-0.138884,-3.021668,-6.148528,7.688336
-0.128528,-0.107779,-0.071775,-2.605592,-5.806679,5.717421
-0.231052,-0.089345,-0.059919,-2.933078,-5.330236,2.324195
-0.349443,0.000866,-0.059722,-3.769174,-3.863998,-0.479399
-0.540914,0.116684,-0.027508,-2.848969,-1.693219,-2.381449
-0.740513,0.250736,0.006239,-1.421063,-1.335559,-2.597825
-0.924937,0.389619,0.012095,-1.140017,-1.190324,-4.052344
-1.045875,0.456686,0.016684,-1.442356,1.219780,-6.948724
-1.131530,0.495379,0.003557,-1.082263,3.048538,-10.124617
-1.264078,0.575320,0.027224,-0.008919,1.905911,-12.118264
-1.434467,0.686457,0.085805,0.054678,-2.667865,-12.182110
-1.538070,0.805439,0.021857,0.710847,4.892394,-12.349014
-1.621989,0.877107,0.021515,1.414704,5.460922,-15.129862
-1.686689,0.895161,0.081646,1.676275,2.904720,-17.409901
-1.704759,0.976011,0.051652,1.457759,3.112705,-18.036857
-1.793270,1.066291,0.002635,0.981363,4.352541,-18.569979
-1.927519,1.155389,0.066104,2.400252,3.921967,-19.601188
-1.997503,1.231109,0.102670,3.231280,3.044165,-20.644939
-2.032146,1.293567,0.062300,2.319652,3.122146,-21.498810
-2.074989,1.310439,0.072593,2.299120,2.592373,-23.987096
-2.144242,1.393205,0.066905,2.487299,2.162974,-24.151905
-2.251453,1.511679,0.096893,3.390987,2.323016,-23.768612
-2.315378,1.595348,0.092685,2.853369,2.571356,-24.279120
-2.326568,1.625100,0.058791,3.284203,3.090604,-25.637059
-2.290231,1.593539,0.079756,3.196962,3.929530,-26.828309
-2.248164,1.577882,0.104939,4.222563,3.608540,-26.906779
-2.233895,1.603328,0.084059,4.402956,3.877664,-26.371075
-2.222081,1.589065,0.087341,4.292807,7.446872,-27.187263
-2.124593,1.550943,0.087834,4.908330,7.395866,-27.128491
-2.025135,1.479767,0.128372,5.439579,6.925388,-26.530036
-1.959782,1.420922,0.136486,4.917041,6.851451,-25.550185
-1.901742,1.393288,0.128969,5.374380,8.194825,-25.419704
-1.851599,1.368403,0.149553,6.143071,9.043263,-25.153872
-1.758650,1.291676,0.183386,6.494246,8.501057,-23.808268
-1.621960,1.213462,0.193174,5.160090,7.479300,-21.641673
-1.540555,1.121239,0.192521,5.185118,6.458823,-19.206864
-1.463201,1.044495,0.212534,4.860669,6.481156,-18.220220
-1.345046,0.983632,0.269271,4.876792,6.073435,-16.252131
-1.175656,0.888278,0.239876,3.321163,4.358325,-14.959087
-1.006991,0.732060,0.276581,2.685651,3.025068,-12.878237
-0.865449,0.626582,0.275655,2.202863,2.313235,-10.310806
-0.764170,0.574309,0.285423,2.344363,1.580730,-6.962667
-0.667370,0.514112,0.305026,1.413608,0.180488,-3.267452
-0.499766,0.418869,0.259765,0.431598,-0.110671,-0.938164
-0.294781,0.240304,0.199036,-0.043413,-0.354342,-0.654021
-0.128427,0.076011,0.209330,-0.241131,-2.166038,1.561026
0.007023,0.009164,0.161548,-0.926320,-2.231624,4.040502
0.113230,-0.034371,0.082989,-1.062883,-2.865188,6.519744
0.220697,-0.105409,0.079674,-1.102505,-3.771991,8.981501
0.371105,-0.220994,0.049725,-1.155477,-5.847890,12.005380
0.526200,-0.334094,-0.025220,-2.116699,-6.196511,14.600508
0.613070,-0.417008,-0.062630,-2.774598,-6.567279,16.049705
0.712761,-0.484416,-0.115717,-2.579802,-5.743925,17.593918
0.826484,-0.567603,-0.149762,-2.899088,-6.738126,20.294139
0.938084,-0.681084,-0.157118,-4.876898,-8.913661,22.499568
1.078063,-0.792349,-0.216842,-5.181052,-7.078814,24.790574
1.132023,-0.847054,-0.209506,-4.683001,-8.744707,26.533384
1.188878,-0.883423,-0.199471,-5.985302,-10.789564,28.559863
1.308399,-0.966364,-0.248311,-6.886945,-9.282318,29.777517
1.416821,-1.054327,-0.279094,-7.420771,-9.994827,30.678239
1.437264,-1.120577,-0.246332,-7.349686,-11.870232,31.859417
1.408697,-1.106442,-0.256074,-6.958344,-12.465758,34.284206
1.374839,-1.055325,-0.300190,-7.561463,-13.608355,34.873494
1.382966,-1.104049,-0.323994,-8.049391,-12.785080,33.686027
1.410016,-1.193788,-0.298253,-8.002803,-15.453781,32.876219
1.397530,-1.166150,-0.300177,-8.439771,-15.153156,33.206294
1.294100,-1.080107,-0.318926,-8.147897,-14.763206,34.180350
1.205153,-1.011560,-0.323400,-7.820969,-13.031512,33.443186
1.193284,-1.018151,-0.288041,-7.928420,-13.032284,31.674165
1.233621,-1.045067,-0.301145,-7.939613,-10.964144,29.607602
1.118661,-1.020298,-0.267326,-8.403415,-13.912187,27.290276
0.966618,-0.888166,-0.276215,-7.575220,-11.646320,27.229951
0.807512,-0.770547,-0.237210,-6.326777,-10.364902,25.230212
0.684936,-0.735819,-0.223781,-6.211748,-9.980460,23.078632
0.614156,-0.698599,-0.228711,-7.054799,-9.758629,18.848718
0.464979,-0.629802,-0.228971,-5.732325,-7.297217,15.582664
0.262394,-0.482870,-0.184599,-4.295782,-5.976955,13.657592
0.051530,-0.325579,-0.149076,-4.107482,-9.126530,12.355255
-0.083296,-0.224132,-0.149257,-3.979798,-4.412775,10.234989
-0.187146,-0.190641,-0.135891,-3.112503,-1.658330,5.895445
-0.303052,-0.127451,-0.086582,-2.800454,-2.057793,2.311783
-0.459513,-0.010957,-0.046589,-2.358747,-2.318793,0.260419
-0.641262,0.143994,-0.048302,-1.597418,1.237965,-0.509791
-0.818080,0.275292,-0.063798,-0.908051,2.325985,-2.812869
-0.952237,0.343442,0.012282,-0.230125,1.809332,-6.112770
-1.037278,0.396020,0.004604,-0.278925,2.462849,-8.768892
-1.157337,0.492744,0.009535,-0.194035,3.105645,-10.601011
-1.328349,0.621533,0.054691,0.481024,2.659447,-10.932241
-1.466506,0.751869,0.070115,2.211017,3.326284,-11.576623
-1.567057,0.834902,0.066672,1.688630,2.920283,-12.639698
-1.616202,0.852857,0.084519,1.088692,3.074009,-15.056063
-1.641129,0.904526,0.091097,1.677627,2.914781,-15.957812
-1.713638,0.983554,0.095879,2.094759,2.756889,-15.814712
-1.825431,1.086225,0.095790,2.161996,2.438483,-14.989504
-1.880996,1.161639,0.091172,2.290753,2.446777,-15.627995
-1.906698,1.186550,0.108556,2.525878,1.713527,-16.437078
-1.876664,1.191618,0.106987,2.623576,1.611978,-17.067546
-1.905132,1.247557,0.071950,2.216271,1.462003,-16.959928
-1.974897,1.308338,0.092209,2.049947,1.959168,-17.670669
-2.022243,1.368515,0.084056,3.462892,1.957277,-17.998618
-2.010876,1.411722,0.076641,3.254936,1.360284,-18.868711
-2.013512,1.414824,0.051799,2.965055,2.073023,-19.452214
-2.041941,1.447819,0.039835,3.267764,2.305245,-19.466890
-2.087281,1.509112,0.061338,4.682682,2.073410,-19.413810
-2.109162,1.540912,0.053952,4.693717,3.442003,-20.384979
-2.068677,1.491160,0.035377,4.100883,4.536180,-22.287680
-1.995314,1.441333,0.053303,3.857589,4.724960,-23.010834
-1.957340,1.420876,0.085671,4.522164,5.109885,-21.980246
-1.959302,1.431400,0.089491,4.575149,6.188212,-20.561163
-1.921577,1.437482,0.083025,3.880851,7.922169,-21.591629
-1.814402,1.381064,0.121672,3.735633,7.951898,-22.802727
-1.682790,1.279623,0.121863,3.939335,7.618731,-21.929990
-1.577525,1.248929,0.115131,3.299072,7.439658,-21.294874
-1.534857,1.232832,0.113529,3.143019,7.430490,-19.861081
-1.472763,1.187666,0.131014,4.147320,7.662017,-19.236403
-1.337103,1.113007,0.130745,4.496571,6.383908,-19.091068
-1.176070,0.994028,0.112347,3.736789,4.681645,-17.897902
-1.056681,0.896930,0.101131,3.045025,4.126388,-16.780676
-0.973284,0.877124,0.126396,3.428309,2.767065,-14.713125
-0.890054,0.848813,0.136361,4.298506,2.092846,-12.845928
-0.748457,0.756524,0.128674,3.205737,1.393437,-11.290575
-0.547026,0.597926,0.121971,1.226860,-0.412252,-9.913994
-0.398079,0.470062,0.133670,1.242865,-2.099362,-8.659734
-0.317000,0.392274,0.143484,1.235056,-2.637055,-6.273822
-0.224786,0.370128,0.103097,0.493423,-2.150575,-3.294833
-0.112267,0.271162,0.096217,-0.680512,-1.931590,-2.610999
0.071572,0.104946,0.103642,-1.254528,-3.532776,-1.158737
0.214982,-0.020703,0.094596,-1.747740,-4.684052,0.166034
0.298376,-0.097597,0.054300,-2.404412,-4.362846,1.912806
0.333130,-0.130435,0.031317,-3.016639,-4.109497,3.639026
0.428580,-0.185974,0.005107,-3.014049,-4.867465,5.591101
0.576290,-0.313034,-0.031791,-3.189636,-5.785967,7.183854
0.687492,-0.459595,-0.075727,-4.095957,-5.892360,9.212331
0.763852,-0.512422,-0.128528,-4.745059,-5.455930,10.938867
0.808345,-0.545627,-0.147855,-3.818932,-5.050546,12.412411
0.875737,-0.608332,-0.173120,-4.715461,-7.027956,13.632677
1.052493,-0.758307,-0.223194,-5.919111,-5.788681,14.747824
1.176950,-0.872368,-0.260069,-6.755805,-6.695258,15.781574
1.179891,-0.900912,-0.222639,-6.006004,-8.564685,18.558341
1.210339,-0.875234,-0.264464,-5.904777,-7.300752,21.669860
1.266492,-0.920981,-0.306147,-6.769854,-6.984069,22.216592
1.360704,-1.062973,-0.307319,-7.754516,-9.117385,21.340645
1.456912,-1.135223,-0.304293,-7.850728,-10.485263,23.062013
1.410666,-1.099076,-0.326945,-7.593227,-10.795197,25.335441
1.326186,-1.031163,-0.341013,-7.885620,-10.632999,27.090866
1.330617,-1.046856,-0.336008,-7.991679,-11.193468,27.632324
1.391398,-1.101926,-0.329023,-7.945315,-12.385765,27.130544
1.413903,-1.142733,-0.336605,-8.560388,-13.634982,27.033504
1.308674,-1.055446,-0.359310,-8.414674,-13.485011,27.573483
1.170727,-0.954262,-0.301122,-8.020640,-13.545001,27.781263
1.137390,-0.924375,-0.290300,-7.066258,-13.543058,27.543731
1.126814,-0.941509,-0.283420,-7.440049,-13.831564,25.338202
1.046844,-0.930986,-0.265741,-7.656742,-13.838342,22.706914
0.881701,-0.803394,-0.239691,-6.693547,-12.245739,22.008494
0.695311,-0.647655,-0.210537,-5.099516,-11.309293,21.324223
0.542005,-0.581951,-0.178188,-4.932916,-11.378516,19.548258
0.460466,-0.546146,-0.183194,-5.271277,-10.054426,15.854370
0.345748,-0.505936,-0.157561,-5.056018,-7.763055,12.296859
0.151290,-0.401761,-0.097033,-3.666516,-8.347647,10.755516
-0.042591,-0.223242,-0.068331,-2.687857,-6.670915,10.493817
-0.230369,-0.129200,-0.056285,-3.144168,-3.471556,8.642641
-0.354948,-0.077541,-0.032533,-2.950157,-1.809034,4.634524
-0.469170,-0.033721,0.044483,-2.086587,-2.304199,0.242858
-0.628112,0.057915,0.065224,-2.129232,-1.540212,-1.992152
-0.817230,0.225645,0.072200,-1.654273,0.930699,-2.782256
-1.027795,0.368267,0.085257,-0.369294,2.586000,-4.044326
-1.184837,0.452868,0.107588,0.320779,2.318038,-6.693312
-1.290548,0.538465,0.104407,-0.157787,1.911537,-9.385049
-1.387583,0.611650,0.084545,-0.422792,3.751547,-11.998279
-1.516560,0.700017,0.080987,1.134118,5.060465,-13.314585
-1.663925,0.825363,0.091806,2.136696,3.675499,-14.389685
-1.769469,0.924020,0.124436,2.269001,3.656172,-14.866920
-1.811599,0.979182,0.066485,1.479666,5.293977,-17.163657
-1.859240,1.025907,0.073257,1.712247,5.253462,-19.624092
-1.961817,1.107049,0.133269,2.733072,2.025322,-19.604175
-2.024124,1.253462,0.112107,2.442865,2.126149,-19.218696
-2.126497,1.352408,0.095134,2.486439,3.226629,-20.465430
-2.186720,1.393471,0.082746,2.904526,4.174905,-21.914791
-2.191358,1.435217,0.086045,2.833606,2.187087,-23.204258
-2.217351,1.503095,0.064210,3.047155,1.546181,-22.443859
-2.273852,1.575289,0.035955,3.560728,4.320970,-22.395069
-2.302262,1.608530,0.017084,4.160331,4.220725,-24.055918
-2.295542,1.609341,0.074120,4.282720,1.214163,-24.896327
-2.212444,1.578194,0.036913,4.628991,4.136104,-23.800577
-2.174049,1.568517,0.038440,4.124694,4.273956,-23.672696
-2.191256,1.572446,0.040787,4.683644,5.651589,-23.872945
-2.156600,1.573090,0.089511,5.789700,6.347833,-24.366492
-2.067350,1.528137,0.078997,5.867353,7.016331,-23.933226
-1.986596,1.425908,0.069390,5.044311,7.266903,-23.273354
-1.942851,1.379508,0.084351,5.339780,7.570538,-21.932900
-1.916030,1.362186,0.159591,6.224814,6.192676,-21.005421
-1.841391,1.336731,0.158757,6.606551,8.068838,-18.840606
-1.710700,1.260017,0.168585,5.291663,8.782319,-18.705785
-1.575756,1.091690,0.193010,3.594721,6.680748,-17.646628
-1.423792,0.988632,0.248358,4.498981,5.713338,-15.327691
-1.354890,0.925294,0.257011,4.871268,5.168185,-12.668855
-1.253440,0.870237,0.264275,4.106125,5.059743,-10.024511
-1.097376,0.779780,0.242929,2.714339,4.340735,-7.920127
-0.930235,0.618438,0.286546,2.063337,1.798631,-6.845880
-0.763159,0.479883,0.281563,2.060294,0.963802,-3.592631
-0.644511,0.440946,0.253075,1.658310,0.762829,-0.392832
-0.545060,0.359250,0.261849,0.656166,-0.000246,1.095034
-0.391668,0.255636,0.209123,0.009483,-0.441268,3.212040
-0.189986,0.101237,0.215550,0.076143,-2.259391,4.842256
-0.022069,-0.038461,0.172691,-0.819775,-3.623759,6.751154
0.082756,-0.075382,0.121361,-1.010295,-4.228942,9.668345
0.161610,-0.100748,0.071189,-1.426386,-3.150576,12.650876
0.285108,-0.184982,0.039785,-1.056272,-4.296163,13.788379
0.438989,-0.345608,-0.001166,-1.828629,-6.443623,14.730166
0.584526,-0.475114,-0.030583,-3.429602,-7.767640,16.939896
0.703878,-0.529488,-0.093383,-3.020430,-5.123757,18.670365
0.740057,-0.551936,-0.121812,-3.172518,-7.030720,19.920441
0.808519,-0.618655,-0.123437,-3.729788,-7.765007,22.651682
0.990206,-0.720293,-0.171105,-5.243310,-7.836036,23.334662
1.109647,-0.846132,-0.187934,-6.417684,-9.470877,23.445912
1.152493,-0.909036,-0.221946,-5.793128,-8.392147,24.462161
1.140886,-0.885127,-0.224940,-5.793863,-10.430846,26.210463
1.170172,-0.895956,-0.237689,-6.356253,-11.456438,28.060453
1.245727,-0.984729,-0.280272,-7.526738,-10.694672,27.896364
1.292997,-1.060291,-0.322487,-7.659027,-11.212247,27.247816
1.260715,-1.052174,-0.288741,-7.090696,-11.373448,28.233524
1.231970,-1.011402,-0.328964,-6.928504,-11.098340,29.211210
1.227687,-1.002583,-0.358880,-7.705812,-11.130810,29.485629
1.269997,-1.073634,-0.328629,-9.224235,-12.841164,27.558702
1.302825,-1.124144,-0.328678,-8.381817,-11.787064,27.340379
1.261647,-1.048264,-0.322294,-8.185658,-11.531084,27.216027
1.160650,-0.980751,-0.331928,-8.368204,-10.957832,27.339680
1.146811,-0.948632,-0.337075,-8.301239,-10.128869,25.350780
1.100768,-0.941486,-0.326495,-7.785033,-10.328848,23.484804
1.035989,-0.935302,-0.309768,-7.453205,-10.794196,21.346514
0.918970,-0.800128,-0.334609,-7.212921,-10.183899,19.910199
0.745352,-0.663707,-0.319540,-6.656833,-8.961433,18.904236
0.643482,-0.583234,-0.313881,-5.863701,-8.569431,17.149664
0.530283,-0.512442,-0.288143,-5.558057,-8.972761,14.286773
0.452135,-0.459506,-0.267310,-5.533560,-8.460340,10.325372
0.273984,-0.352387,-0.268002,-5.096326,-7.382472,9.287315
0.140083,-0.200968,-0.216274,-4.149300,-6.534832,7.029087
-0.025194,-0.084195,-0.171889,-3.332518,-6.382783,5.543674
-0.155510,-0.025186,-0.166010,-2.907249,-5.159943,3.607268
-0.221582,0.045869,-0.173264,-2.825037,-2.032023,-1.260159
-0.378686,0.102166,-0.085922,-2.606482,-3.519473,-3.802352
-0.519647,0.244840,-0.038583,-1.962419,-3.331186,-5.116690
-0.701846,0.400366,-0.041767,-1.481916,-1.316823,-5.957088
-0.870803,0.494972,-0.017779,-0.926505,0.856470,-8.261268
-0.975332,0.565948,0.003436,-0.501160,1.604088,-11.599646
-1.083502,0.625587,0.043957,0.284360,0.896384,-13.695770
-1.203941,0.718720,0.067565,0.776779,0.850834,-14.343565
-1.340087,0.847930,0.046915,0.820185,3.484908,-15.207253
-1.455648,0.928819,0.049915,1.647859,4.825629,-16.914008
-1.547396,0.955065,0.106918,2.150104,3.267029,-18.731056
-1.554118,1.006738,0.116476,1.489031,2.583189,-19.263878
-1.610094,1.078065,0.098206,1.178532,3.665412,-18.814615
-1.720272,1.141272,0.105336,1.971182,4.646044,-19.781981
-1.769180,1.216407,0.130899,2.631913,3.093434,-20.543603
-1.802431,1.258202,0.126534,2.485284,2.234916,-21.278827
-1.802888,1.270757,0.116512,1.643384,2.236012,-21.509746
-1.812174,1.292549,0.080494,1.991861,3.972491,-22.287629
-1.906813,1.377305,0.092784,3.103701,2.161645,-22.654446
-1.987787,1.462783,0.123146,3.870423,1.803334,-22.691492
-2.022358,1.505642,0.075045,3.202657,1.528670,-23.238462
-1.991365,1.529798,0.014570,4.024448,8.912192,-24.191577
-2.047351,1.513031,0.089869,3.742825,1.719317,-25.093582
-2.083224,1.535411,0.082851,4.367561,1.079839,-24.434015
-2.100329,1.578591,0.050650,4.681110,2.949532,-24.239042
-2.046592,1.556668,0.056286,4.300534,5.821649,-25.985171
-1.963835,1.471449,0.061190,4.241414,6.159631,-25.822956
-1.905648,1.411620,0.092577,3.770968,4.515728,-25.022801
-1.868822,1.381060,0.124315,3.891575,5.502684,-23.961208
-1.812942,1.367248,0.105986,4.056183,8.200307,-23.198582
-1.740708,1.324773,0.101584,4.055950,9.684891,-23.995443
-1.647740,1.211496,0.149911,4.068325,7.186063,-23.593756
-1.536478,1.157063,0.160871,3.490534,5.879978,-21.887940
-1.477644,1.106570,0.126504,4.018448,8.126386,-20.199604
-1.448982,1.065549,0.120849,4.153117,8.817766,-19.044034
-1.342850,1.009665,0.155239,4.583792,5.954253,-18.672861
-1.188894,0.897931,0.167049,3.667959,3.709627,-16.904888
-1.020581,0.779415,0.146219,3.035408,3.910174,-14.819220
-0.943079,0.707297,0.154031,3.185638,3.576367,-12.683023
-0.849976,0.662501,0.199378,3.066647,2.113056,-11.054091
-0.705923,0.576600,0.189767,2.087404,1.092861,-8.084243
-0.516565,0.465719,0.156588,0.399857,-0.905257,-6.467079
-0.365475,0.286035,0.155344,0.404705,-1.102161,-5.019148
-0.249132,0.221400,0.169097,0.024179,-2.202145,-2.129844
-0.129661,0.175620,0.132665,-0.276864,-1.579614,-0.311833
-0.037992,0.099494,0.080415,-0.998258,-2.720757,2.234610
0.109008,-0.022153,0.060222,-1.533302,-3.671971,2.318668
0.251850,-0.176963,0.070647,-1.774696,-5.776119,4.126188
0.346312,-0.233434,0.032259,-2.011271,-5.855462,7.879561
0.392024,-0.220823,-0.015691,-2.367107,-6.303105,10.652071
0.436058,-0.293267,-0.047068,-2.253528,-4.722864,11.959944
0.592275,-0.410381,-0.066687,-2.635784,-6.798842,12.553749
0.737556,-0.573892,-0.107737,-4.045614,-6.937738,14.069773
0.872491,-0.675195,-0.166319,-4.392640,-4.381450,16.155816
0.889517,-0.670892,-0.175989,-4.520035,-5.708868,18.549916
0.920260,-0.701520,-0.170189,-4.178106,-6.229388,21.421694
1.076829,-0.798280,-0.181782,-5.403929,-6.507476,23.170346
1.219861,-0.963840,-0.206174,-6.769706,-8.119478,23.829135
1.291458,-1.059011,-0.214101,-6.743279,-7.767581,24.638654
1.276241,-1.037193,-0.202202,-6.311461,-10.103643,27.097196
1.267644,-1.003508,-0.240321,-6.693658,-9.908847,30.289075
1.300426,-1.062149,-0.264940,-7.376488,-8.978955,31.027189
1.375177,-1.168316,-0.262117,-7.245459,-11.161409,30.311661
1.386327,-1.165982,-0.262287,-7.440364,-12.549473,31.598686
1.326396,-1.112305,-0.275952,-7.522789,-12.365414,34.109979
1.279195,-1.057133,-0.300472,-7.783825,-11.887015,34.621358
1.276864,-1.096326,-0.271554,-7.417751,-13.376533,33.685509
1.321867,-1.152761,-0.251889,-7.796476,-14.394880,32.916104
1.289282,-1.101637,-0.247024,-8.372310,-14.679730,33.171745
1.161687,-0.987201,-0.243994,-8.162077,-14.444546,33.575168
1.041507,-0.910481,-0.213533,-7.040139,-13.616587,32.494903
0.988958,-0.895818,-0.210875,-6.478091,-13.655557,30.246635
0.929507,-0.878362,-0.206200,-7.315589,-14.466726,27.134566
0.780934,-0.810468,-0.208052,-6.978131,-13.106776,24.791212
0.584486,-0.645850,-0.182534,-5.544175,-11.163542,23.957304
0.384300,-0.490019,-0.151715,-4.090909,-10.446264,22.403660
0.241655,-0.444259,-0.149033,-4.076962,-9.276121,19.204401
0.141446,-0.418410,-0.143148,-4.520705,-8.004649,14.103095
-0.014198,-0.337120,-0.077647,-4.119397,-7.279535,11.020523
-0.197466,-0.206666,-0.056938,-2.650247,-4.742151,9.436957
-0.412676,-0.041090,-0.043365,-2.596306,-3.159754,8.657346
-0.603100,0.067159,-0.007482,-2.945844,-1.003687,5.035567
-0.706060,0.108760,0.010756,-2.269225,0.481330,0.135517
-0.808666,0.173280,0.023094,-0.841066,3.604688,-3.382886
-1.009561,0.293555,0.061079,-1.217348,2.331982,-5.639593
-1.219710,0.452425,0.048553,-0.453079,4.274879,-7.135684
-1.415540,0.600542,0.078302,0.871185,4.279281,-9.106651
-1.546851,0.689772,0.083921,1.811764,5.294824,-11.782553
-1.630651,0.743371,0.071855,1.721083,4.506760,-14.094701
-1.710490,0.801313,0.085782,1.541150,5.063616,-16.553232
-1.826761,0.897212,0.085428,2.529807,5.325082,-17.780367
-1.930706,1.022460,0.107850,3.294316,6.212229,-18.763607
-2.021091,1.098685,0.123905,3.038680,4.808321,-19.869662
-2.041482,1.147131,0.119467,2.247793,4.477323,-20.985656
-2.083618,1.196893,0.139742,2.771269,2.947106,-21.777922
-2.162259,1.283063,0.153223,3.509667,2.186352,-21.699863
-2.242817,1.399088,0.119749,3.352960,2.045660,-21.547178
-2.285725,1.453120,0.123005,2.586330,2.407040,-22.865048
-2.264497,1.445823,0.098656,3.197569,2.176587,-24.253540
-2.253074,1.466236,0.096989,3.679024,1.795522,-24.173967
-2.288557,1.500049,0.096227,3.407494,0.652597,-23.229832
-2.309043,1.561664,0.074146,3.752258,2.649983,-23.192193
-2.281572,1.568527,0.063724,4.758798,3.291503,-24.707617
-2.234315,1.513113,0.078764,5.019489,3.602159,-24.882459
-2.151003,1.470366,0.064515,4.380491,3.643538,-24.259366
-2.141507,1.456084,0.060846,3.859168,4.339822,-23.991867
-2.130012,1.446660,0.080954,5.447428,5.807701,-23.465055
-2.102331,1.432345,0.070765,6.104352,7.473407,-23.595755
-2.008956,1.355802,0.114162,4.612421,6.678260,-22.825218
-1.888451,1.256321,0.091057,4.083601,7.649458,-21.829860
-1.818338,1.203257,0.134198,5.186277,7.966564,-20.862416
-1.763180,1.182397,0.155212,4.932856,8.491731,-19.720327
-1.652769,1.123432,0.138341,4.020260,8.718827,-19.288013
-1.485082,1.007742,0.163983,4.188469,8.110664,-18.211082
-1.332081,0.879523,0.183097,4.540842,6.814094,-16.718462
-1.219769,0.814354,0.185752,3.644969,4.748532,-13.829136
-1.146150,0.783742,0.197208,3.228677,5.404268,-11.585211
-1.038614,0.735608,0.171526,3.109207,5.286536,-10.280043
-0.852431,0.598701,0.176706,3.065478,2.773709,-8.732169
-0.674986,0.484150,0.190663,1.242819,-0.576945,-6.280071
-0.525283,0.381968,0.145601,0.302598,0.237750,-3.504050
-0.421404,0.338068,0.131996,0.355714,-0.645610,-1.539715
-0.307110,0.262904,0.135327,0.900005,-1.775267,0.294620
-0.092514,0.168606,0.087302,-0.827128,-3.288071,2.529414
0.090476,0.017735,0.058758,-1.999516,-4.816341,3.916539
0.247514,-0.105600,0.033555,-1.518409,-5.278354,5.232864
0.329772,-0.113100,0.000626,-1.160164,-5.547475,8.381651
0.398241,-0.133300,-0.006901,-1.612018,-6.347185,10.779727
0.555473,-0.262287,-0.074509,-2.853968,-6.372532,11.964115
0.699267,-0.390233,-0.121773,-3.152729,-7.177402,12.741031
0.810686,-0.504216,-0.104353,-3.688019,-8.447578,14.044265
0.890442,-0.523241,-0.156849,-3.933315,-7.729081,16.140371
0.923789,-0.519834,-0.193606,-4.561239,-7.430130,17.900363
1.022495,-0.611755,-0.192106,-4.980196,-7.926851,18.451642
1.153668,-0.736514,-0.204142,-5.239318,-8.799005,19.006350
1.232791,-0.808594,-0.232240,-6.113770,-9.419022,20.782655
1.224943,-0.818372,-0.258792,-6.477845,-9.161084,21.530595
1.221640,-0.799882,-0.281089,-5.781082,-8.906971,22.515116
1.269101,-0.838185,-0.261427,-6.139987,-9.646403,23.166318
1.351897,-0.964293,-0.301158,-6.922540,-10.002685,23.167780
1.380973,-0.992469,-0.311862,-7.999639,-10.638822,23.415323
1.315416,-0.946847,-0.312811,-7.436465,-10.009519,24.444437
1.290772,-0.931551,-0.313083,-6.354287,-9.901550,24.430056
1.309049,-0.948002,-0.323334,-7.080317,-10.525502,24.663327
1.338453,-1.008717,-0.306935,-8.703289,-11.935848,23.047811
1.337878,-1.003347,-0.316441,-7.972493,-10.968618,22.801444
1.224660,-0.883686,-0.307890,-6.729290,-10.413394,23.097140
1.133343,-0.814568,-0.283646,-7.140855,-11.116682,23.018503
1.083680,-0.811137,-0.312597,-7.624095,-10.928362,21.406450
1.053015,-0.804323,-0.325973,-6.775976,-10.963954,18.108291
0.935277,-0.743243,-0.269003,-6.358814,-11.405540,16.541152
0.765667,-0.596157,-0.283807,-5.752755,-9.878980,16.766429
0.612059,-0.463077,-0.287247,-5.481041,-9.531370,15.399478
0.470632,-0.418338,-0.224100,-4.818803,-9.794270,12.631981
0.417023,-0.390384,-0.202048,-4.503734,-8.917209,9.129702
0.298602,-0.325700,-0.196366,-4.545418,-7.627868,6.762213
0.105917,-0.211806,-0.158297,-4.411098,-6.850862,5.802909
-0.056722,-0.078995,-0.117542,-2.677471,-5.046968,5.104417
-0.194574,-0.002432,-0.075028,-2.408052,-4.438034,3.604401
-0.314003,0.023584,-0.066365,-2.753391,-3.115900,-0.505898
-0.401634,0.062809,-0.029766,-2.899289,-1.549967,-4.235683
-0.550253,0.158191,-0.002499,-1.883174,-0.662202,-5.552637
-0.766040,0.304456,0.037724,-1.498745,-1.052435,-5.098054
-0.935375,0.442391,0.028770,-1.118957,1.039669,-6.423838
-1.055082,0.498347,0.031652,-0.476193,2.612003,-9.080160
-1.160954,0.538113,0.070598,-0.459456,1.904664,-11.917121
-1.229537,0.605472,0.059306,0.188507,2.038883,-12.761931
-1.365322,0.699760,0.047414,0.070076,3.079281,-13.639411
-1.505692,0.794767,0.043524,0.875196,4.214551,-13.663401
-1.591754,0.872443,0.071779,2.002716,3.820718,-14.174288
-1.629243,0.910194,0.082332,1.420553,3.475408,-15.836407
-1.638329,0.940258,0.047279,1.089122,3.364032,-16.553447
-1.724618,1.012462,0.046885,1.614135,2.911394,-16.742867
-1.807834,1.103977,0.100996,2.431570,2.410329,-16.724119
-1.881791,1.178094,0.080852,2.152225,2.388504,-16.915667
-1.911014,1.216574,0.050299,1.803643,2.215329,-17.870608
-1.950538,1.238845,0.068060,1.351096,0.151257,-19.413745
-1.980228,1.298021,0.067299,2.245380,0.885499,-18.964852
-2.055803,1.397102,0.053404,2.998742,1.655457,-18.666791
-2.128138,1.441188,0.047315,2.604666,1.908645,-19.982938
-2.111795,1.458352,0.033785,2.751007,2.803831,-20.946078
-2.089599,1.450011,0.059316,3.632335,2.589869,-21.169383
-2.079699,1.451639,0.057432,3.068080,2.961267,-20.959034
-2.075241,1.483295,0.044752,3.233174,4.525322,-20.838615
-2.048506,1.487408,0.055423,4.015211,6.226879,-21.810079
-1.982128,1.442652,0.091077,4.397556,6.382414,-22.519328
-1.883823,1.395201,0.069902,3.800822,6.393157,-21.745266
-1.833467,1.346828,0.079674,3.857487,6.890854,-20.934280
-1.825159,1.315323,0.101357,4.557267,7.692730,-21.031607
-1.766965,1.312014,0.135088,5.350254,7.787799,-20.334565
-1.664231,1.254394,0.127935,4.773166,7.982018,-19.814931
-1.571518,1.153331,0.135475,4.204021,6.834731,-19.445704
-1.469441,1.087197,0.147748,4.607934,6.935269,-17.553682
-1.411319,1.051477,0.197283,5.063232,5.896932,-15.666807
-1.334612,1.014950,0.216942,4.592734,5.198232,-14.054807
-1.171638,0.903127,0.208769,3.420004,5.167417,-13.437253
-0.994351,0.755020,0.234276,2.787475,3.398639,-12.478019
-0.867222,0.650432,0.273639,2.637829,1.652717,-10.026796
-0.768493,0.595536,0.261504,2.037763,0.208825,-7.088191
-0.661813,0.568381,0.231362,1.374448,2.378162,-4.721406
-0.543376,0.480067,0.236958,0.427419,0.032397,-2.890160
-0.359107,0.317596,0.228936,0.336177,-2.315553,-1.908342
-0.186181,0.195991,0.200746,-0.657919,-3.116307,-0.069754
-0.101629,0.114698,0.157681,-1.232618,-3.158424,2.188898
-0.017175,0.066505,0.116230,-0.469411,-2.798055,3.921237
0.114014,0.005271,0.078430,-0.426510,-3.719025,6.241750
0.252783,-0.105045,0.052978,-1.704980,-5.377201,9.021659
0.403358,-0.224992,-0.008374,-2.720796,-4.270941,10.265478
0.484759,-0.305530,-0.022788,-1.768459,-5.175994,11.507294
0.565080,-0.341279,-0.055418,-2.296432,-5.485459,14.559035
0.687036,-0.429616,-0.102823,-3.398944,-5.422587,16.133868
0.825535,-0.570282,-0.155254,-4.117749,-5.604146,16.768021
0.948607,-0.690806,-0.153356,-4.103907,-6.269850,19.064709
1.030222,-0.744904,-0.169526,-4.719180,-6.626487,22.391293
1.063594,-0.746490,-0.212496,-4.848935,-6.670137,24.525214
1.138454,-0.812966,-0.226663,-6.261184,-6.692080,25.537256
1.259855,-0.953005,-0.233340,-6.500172,-8.484508,25.659683
1.332984,-1.018683,-0.250316,-6.851288,-11.196199,27.461263
1.325021,-1.000735,-0.266368,-7.181429,-9.364451,29.925235
1.294241,-0.967457,-0.275975,-6.875440,-9.571776,31.132514
1.302172,-0.981628,-0.284874,-6.608699,-10.341570,31.192797
1.370227,-1.090322,-0.274761,-7.965928,-12.319400,30.706110
1.424984,-1.126390,-0.302763,-8.818410,-13.213438,31.012010
1.351668,-1.073910,-0.309394,-7.965682,-12.909580,31.469549
1.250122,-1.004221,-0.279317,-7.067637,-13.104087,32.288917
1.248927,-0.963732,-0.281398,-7.951722,-14.286668,32.746945
1.281926,-0.998578,-0.292676,-8.198706,-13.173576,29.740735
1.225084,-1.013549,-0.264713,-7.825542,-14.388318,27.192573
1.094653,-0.905783,-0.247901,-6.830566,-13.152008,27.218086
0.932129,-0.762544,-0.249309,-6.601445,-12.853466,27.175437
0.798892,-0.698609,-0.244096,-6.230224,-10.256834,24.357748
0.732147,-0.700549,-0.230028,-5.926579,-10.354622,20.264607
0.616700,-0.659725,-0.188488,-5.383579,-11.319468,16.576029
0.429778,-0.529245,-0.173665,-5.312264,-9.290327,15.294372
0.223241,-0.362572,-0.169729,-4.828446,-7.230095,14.131492
0.064561,-0.271901,-0.124865,-3.692910,-5.509838,11.507824
-0.038872,-0.230493,-0.095435,-3.266597,-4.677024,8.205438
-0.127576,-0.196320,-0.089877,-3.760413,-3.711902,3.903215
-0.276891,-0.109207,-0.057614,-3.786092,-2.302824,1.525524
-0.486652,0.026929,-0.048975,-2.397506,-0.407951,0.314850
-0.669839,0.173680,-0.027419,-0.893368,0.409303,-1.108577
-0.817332,0.266317,0.008028,-1.724396,-0.447849,-3.627074
-0.909174,0.307026,-0.010140,-1.563583,2.064282,-8.024629
-1.037183,0.389885,-0.010961,-0.602344,1.608411,-10.953539
-1.222149,0.517867,0.061049,0.079930,-0.666549,-11.626803
-1.381150,0.676038,0.035784,0.782204,1.832283,-11.297010
-1.503943,0.782245,0.017419,1.194636,3.063938,-12.847085
-1.581730,0.796543,0.059152,1.535941,3.318557,-15.593023
-1.601474,0.831547,0.055797,1.752388,4.029546,-18.093993
-1.645741,0.931750,0.066193,1.143299,3.454306,-18.075730
-1.782290,1.028589,0.069495,1.116392,2.884428,-18.587707
-1.867145,1.136378,0.079592,2.016594,3.869110,-19.036021
-1.928470,1.190787,0.099316,2.670633,1.616255,-19.537795
-1.934661,1.224711,0.095314,2.081137,1.772643,-20.220188
-1.942943,1.287094,0.066921,1.394224,2.573703,-21.160653
-2.021275,1.356514,0.061758,2.280837,2.414426,-22.427715
-2.098583,1.429844,0.075633,3.488570,2.532705,-22.955899
-2.116584,1.484244,0.052114,3.404941,2.079026,-23.827341
-2.129845,1.500108,0.038948,2.817634,2.453188,-23.826590
-2.124061,1.518733,0.055988,4.273313,2.569662,-23.981580
-2.140588,1.574626,0.065172,4.947637,3.081433,-24.355411
-2.166677,1.570349,0.055932,4.843804,4.291783,-25.470104
-2.110242,1.557334,0.053926,4.703811,5.395952,-26.466170
-2.037710,1.508235,0.083944,5.291443,5.496930,-26.392430
-2.012360,1.452280,0.112659,5.547775,5.480344,-24.721861
-1.988464,1.459983,0.115163,5.070735,6.639921,-23.239056
-1.943517,1.435789,0.128628,5.326739,8.366562,-23.749192
-1.857993,1.336928,0.174398,4.942205,8.328039,-24.324275
-1.705071,1.240388,0.201048,4.579436,7.458630,-23.106249
-1.608676,1.177575,0.193302,3.730411,7.481955,-20.733918
-1.575756,1.134342,0.214165,3.569584,7.336235,-18.918610
-1.496524,1.115051,0.244724,4.513180,7.478860,-16.844997
-1.352819,1.028520,0.233013,4.304440,6.699619,-15.966946
-1.165133,0.872873,0.227255,2.964333,5.263796,-15.111297
-0.999327,0.725413,0.201183,2.607594,3.945779,-14.377924
-0.905288,0.673895,0.219981,3.191609,2.861655,-12.446838
-0.850242,0.672601,0.222735,3.262546,1.575852,-9.030658
-0.704695,0.577775,0.187393,1.971425,0.921672,-6.559533
-0.541042,0.498094,0.169478,1.074007,-0.596511,-4.279518
-0.405629,0.354356,0.177474,0.830460,-2.705333,-2.811411
-0.262045,0.240242,0.157523,0.694656,-3.632898,-1.394975
-0.143336,0.206029,0.087565,0.288622,-1.853754,-0.209504
-0.013295,0.116172,0.061374,-0.941551,-1.355932,1.102628
0.139358,-0.038671,0.051238,-0.962506,-3.631469,2.306764
0.274289,-0.109585,0.034698,-1.413710,-4.888167,5.344766
0.342928,-0.167168,-0.001750,-2.335539,-4.982271,7.977249
0.396544,-0.217882,-0.027701,-2.509771,-4.584627,9.263714
0.514725,-0.282970,-0.056236,-2.222564,-4.021551,9.687027
0.656381,-0.425480,-0.088269,-3.072210,-5.818440,11.022687
0.781948,-0.551286,-0.139951,-4.762531,-5.795643,12.719230
0.832809,-0.585686,-0.176655,-4.682607,-5.903947,15.115258
0.845910,-0.593948,-0.161356,-3.979808,-5.757737,16.709995
0.939223,-0.649983,-0.204169,-4.426360,-5.268332,18.442883
1.095496,-0.771259,-0.241181,-6.043621,-6.704074,18.951828
1.230211,-0.890077,-0.247720,-6.737515,-8.056038,19.266062
1.253713,-0.923046,-0.260860,-6.033514,-7.899075,20.928346
1.248189,-0.870619,-0.270569,-5.870928,-7.962289,23.915436
1.271497,-0.881067,-0.289899,-6.836231,-8.579019,25.267631
1.348054,-0.993851,-0.307920,-7.215970,-9.595170,24.326744
1.431201,-1.067355,-0.303000,-6.809739,-10.079711,24.532701
1.396732,-1.043712,-0.312331,-6.758516,-11.473976,25.574976
1.330283,-0.976261,-0.311924,-7.359846,-11.268160,27.653570
1.319559,-0.959940,-0.330349,-7.050460,-9.826480,28.230058
1.339345,-0.998631,-0.316845,-7.167022,-12.811927,27.394800
1.344528,-1.037550,-0.263984,-7.502231,-12.591722,26.190067
1.259819,-0.967116,-0.250704,-7.651405,-14.449030,26.767261
1.153829,-0.850681,-0.276129,-7.384615,-12.437618,26.510254
1.078300,-0.808508,-0.255936,-6.926456,-11.741508,25.269368
1.030711,-0.837958,-0.226250,-6.175007,-11.130964,23.462657
0.965682,-0.793330,-0.217489,-6.962366,-11.993277,21.293675
0.811099,-0.696590,-0.222944,-6.359956,-9.290094,20.706668
0.615361,-0.584455,-0.190048,-5.074750,-9.591632,18.945331
0.495759,-0.492980,-0.164871,-4.187639,-8.487407,17.385236
0.396081,-0.438659,-0.151758,-4.509840,-8.361098,14.190357
0.293160,-0.394087,-0.137276,-4.749192,-6.469551,10.660226
0.140592,-0.318390,-0.106710,-3.398216,-5.081595,8.715734
-0.073610,-0.168304,-0.077102,-2.297076,-4.594373,8.666494
-0.244943,-0.050845,-0.029379,-2.545084,-5.428079,7.205450
-0.357899,-0.011265,-0.044468,-2.469329,-0.979588,3.835912
-0.476326,0.045465,-0.015136,-2.077179,-1.333681,-1.249708
-0.615662,0.113129,0.036989,-1.369325,-3.162567,-3.873354
-0.794667,0.268727,0.028100,-0.974487,0.505561,-4.294407
-1.007566,0.424114,0.039116,-0.654607,1.885744,-4.463008
-1.176644,0.521163,0.056037,0.648366,2.500436,-7.092504
-1.289337,0.580037,0.110598,0.476245,1.097437,-10.218562
-1.358012,0.628709,0.089531,0.186317,1.573554,-12.455907
-1.448144,0.712877,0.080504,0.546171,2.219344,-13.440073
-1.618126,0.818555,0.093109,1.382828,3.228943,-14.750208
-1.727926,0.919658,0.113864,2.031923,3.305962,-14.785437
-1.758460,0.990509,0.067542,1.760722,6.550672,-16.916515
-1.810916,1.017172,0.086967,1.373378,4.067603,-18.254979
-1.880179,1.092311,0.096874,1.958347,2.464555,-19.451209
-1.976860,1.205476,0.100747,2.674972,2.367159,-19.601021
-2.071906,1.303336,0.083626,2.471360,3.026105,-20.442919
-2.126480,1.362577,0.049396,2.453309,3.809389,-21.673831
-2.131299,1.385269,0.058902,3.171490,2.877715,-23.416786
-2.162817,1.418428,0.049334,3.213873,1.673169,-22.845737
-2.222886,1.506548,0.021837,3.100402,2.527148,-23.044128
-2.290356,1.567126,0.032298,4.069831,3.580265,-24.352581
-2.275549,1.581539,0.029013,5.084308,4.256165,-25.535330
-2.202603,1.556829,0.038305,4.847362,4.743857,-25.671715
-2.146378,1.516405,0.034186,4.442837,5.818474,-25.493019
-2.152152,1.496619,0.033536,5.252441,6.937336,-24.915798
-2.159219,1.542688,0.063176,6.215272,6.568636,-24.665450
-2.107360,1.513428,0.107748,5.538686,7.276786,-24.918969
-1.978675,1.418881,0.095262,5.008900,9.293733,-24.478248
-1.892593,1.350071,0.100140,5.064144,8.637032,-23.763526
-1.866137,1.302298,0.172376,5.164097,7.168712,-23.177715
-1.819556,1.298881,0.188943,5.860168,8.268345,-21.096619
-1.701523,1.252989,0.181239,4.948520,8.587687,-20.019624
-1.538999,1.101846,0.203671,4.100158,7.844182,-19.372305
-1.371956,0.971300,0.237198,4.297285,6.364006,-17.960105
-1.290144,0.903895,0.272290,4.087343,1.114128,-15.235023
-1.203737,0.870011,0.252199,3.707503,4.306637,-12.505638
-1.053310,0.818542,0.230580,3.139155,5.562662,-11.124471
-0.885695,0.684468,0.243815,3.210769,2.398221,-10.026032
-0.712596,0.517148,0.265719,2.103707,0.007969,-7.810276
-0.584886,0.447426,0.224662,1.016613,0.071928,-4.874844
-0.498994,0.434913,0.220431,1.115172,-0.013133,-1.613989
-0.390575,0.325395,0.214575,1.438476,-1.313153,-0.602427
-0.191702,0.215948,0.177937,-0.169584,-1.954216,1.542852
-0.004012,0.045028,0.128575,-1.499339,-2.825024,2.758217
0.132688,-0.082468,0.106642,-0.998445,-3.432324,4.159760
0.208437,-0.081040,0.095882,-0.890847,-4.131907,7.328159
0.282590,-0.110770,0.047125,-1.860709,-4.510441,10.274665
0.435555,-0.247424,0.005901,-2.774096,-4.635590,11.796287
0.589577,-0.383343,-0.041934,-2.953688,-5.938981,12.834102
0.700645,-0.500205,-0.058586,-3.563860,-6.257613,14.662917
0.782654,-0.532127,-0.119580,-4.483836,-5.824473,16.993540
0.844833,-0.554493,-0.181999,-4.799081,-5.168310,18.412792
0.952031,-0.657802,-0.172887,-5.084345,-7.091934,19.816863
1.111876,-0.783972,-0.207257,-5.644050,-7.966303,20.875023
1.207526,-0.849037,-0.261762,-6.578038,-7.810374,22.997747
1.213835,-0.846105,-0.263295,-6.570974,-8.753632,23.932044
1.257537,-0.851876,-0.291055,-5.731172,-8.415800,25.886931
1.339296,-0.915979,-0.333835,-6.372676,-9.328525,26.515380
1.417861,-1.024174,-0.329111,-7.820877,-10.860248,26.400329
1.438219,-1.048973,-0.342970,-7.652531,-11.631982,27.417518
1.385286,-0.970054,-0.346991,-6.536157,-11.402819,29.003770
1.333683,-0.947283,-0.358620,-7.004794,-12.349563,29.417727
1.406806,-1.007421,-0.368579,-8.143623,-11.958044,28.610772
1.448838,-1.070109,-0.353546,-8.524402,-12.938048,27.239214
1.391106,-1.064503,-0.310795,-7.985347,-13.603648,27.794653
1.286859,-0.931836,-0.325881,-7.684377,-12.651078,28.866640
1.196658,-0.860391,-0.309417,-8.209886,-12.364695,28.444117
1.169584,-0.902747,-0.289909,-7.789258,-12.175613,25.470917
1.162950,-0.898555,-0.270080,-7.487884,-12.189249,22.787871
1.042580,-0.828787,-0.257531,-7.479977,-11.683960,21.712950
0.854401,-0.678432,-0.261703,-6.821145,-10.036360,21.123345
0.703606,-0.552117,-0.255903,-6.000562,-9.378654,19.616861
0.584959,-0.517438,-0.200584,-5.188585,-9.340401,16.580582
0.530845,-0.489694,-0.196836,-5.649824,-7.926612,12.746563
0.392838,-0.391057,-0.192207,-5.358898,-7.259322,10.311537
0.180103,-0.253201,-0.149257,-4.365842,-6.002496,8.856662
0.017143,-0.098057,-0.099872,-3.011427,-4.623268,8.130673
-0.112165,-0.027110,-0.091135,-2.770890,-4.070233,5.650902
-0.219147,-0.009355,-0.075205,-3.338830,-2.842388,0.753215
-0.318122,0.048675,-0.027803,-2.505055,-2.056247,-2.274263
-0.507657,0.205481,0.000551,-1.581708,-1.105949,-2.890658
-0.719443,0.361859,-0.003700,-1.006714,-0.063269,-2.794297
-0.895907,0.472878,-0.009100,-0.935367,1.190350,-5.090212
-1.014488,0.510268,0.051668,-0.520720,0.893601,-8.787846
-1.094258,0.533708,0.066688,0.295170,1.378177,-10.326415
-1.207726,0.620549,0.048884,0.505977,1.870766,-11.368460
-1.375714,0.740840,0.080412,0.285217,2.228712,-11.239092
-1.521425,0.829801,0.090926,1.186804,2.826635,-10.991296
-1.585948,0.869006,0.105628,1.724661,2.820588,-12.351802
-1.622682,0.872125,0.119283,0.819949,2.573270,-13.383099
-1.642688,0.890303,0.093617,0.279423,2.981129,-13.552483
-1.729272,0.969781,0.096559,1.434342,2.899652,-13.042616
-1.813578,1.052167,0.121610,1.444249,2.085595,-12.063761
-1.855814,1.089071,0.081843,0.868375,2.953297,-11.756541
-1.856001,1.100648,0.085454,0.288404,1.842710,-12.324916
-1.853043,1.113699,0.086416,0.737011,1.993430,-12.331353
-1.895469,1.153476,0.063691,1.071623,1.029578,-12.033757
-1.944160,1.243920,0.030805,0.540646,1.755818,-12.259564
-1.963891,1.293547,0.010765,1.144411,1.850408,-13.662121
-1.939263,1.298448,-0.000497,1.893437,1.280757,-14.830003
-1.920911,1.352500,-0.006970,1.310637,0.484113,-15.204769
-1.976962,1.427474,-0.043352,1.569447,0.810994,-15.507283
-2.051621,1.509627,-0.055530,3.134720,1.630737,-16.404072
-2.061337,1.568324,-0.039823,4.024228,1.388391,-18.572442
-2.041331,1.568146,-0.054939,3.700367,1.952839,-20.571822
-2.005060,1.525770,-0.077322,4.407006,3.373981,-22.525257
-2.008565,1.546476,-0.042568,5.204265,3.991827,-23.092187
-2.042870,1.585849,0.019480,5.307674,4.715214,-22.545093
-2.018262,1.591409,0.021657,4.819540,6.547658,-23.923550
-1.916250,1.523124,0.024056,4.543543,8.055883,-26.001022
-1.826298,1.433320,0.119289,4.073934,6.934513,-25.963322
-1.745898,1.387839,0.151516,3.884669,6.612083,-25.338860
-1.703879,1.388791,0.148910,4.084609,9.769276,-24.715013
-1.656291,1.350396,0.198183,3.859174,9.645334,-25.332292
-1.515326,1.246418,0.238265,3.359902,7.647131,-25.025408
-1.387062,1.172025,0.228893,2.797696,5.953747,-23.917472
-1.276338,1.119791,0.207216,2.389194,7.850422,-22.317836
-1.203829,1.081738,0.221206,3.303747,7.020891,-21.496136
-1.104033,1.057267,0.239046,3.876647,3.957290,-19.478836
-0.937026,0.934951,0.215534,2.950740,3.691633,-18.547261
-0.719253,0.784477,0.161049,2.584689,4.007869,-17.378551
-0.569012,0.662071,0.185877,2.984362,0.766899,-16.498738
-0.470483,0.605728,0.211408,2.963614,-1.144829,-13.320945
-0.354485,0.566454,0.170495,1.879701,-0.821194,-10.165396
-0.182597,0.478143,0.162611,1.114187,-1.250205,-8.765009
-0.026153,0.293995,0.175465,0.518290,-3.127743,-6.382258
0.143067,0.149669,0.171332,-0.372291,-4.818373,-3.996697
0.245131,0.084953,0.115731,-1.000392,-4.032659,-1.847173
0.310898,-0.009326,0.096719,-1.383140,-3.260570,-0.706595
0.474275,-0.130678,0.082657,-1.645230,-3.932472,1.104109
0.603157,-0.277600,0.082224,-3.382686,-8.600175,4.424594
0.715209,-0.404922,0.024181,-4.070695,-6.658606,8.114486
0.752892,-0.455675,-0.020329,-3.644710,-5.554732,10.646407
0.802171,-0.501790,-0.035159,-3.385059,-5.971565,13.383585
0.935300,-0.643808,-0.062170,-5.321665,-8.215942,14.587790
1.145823,-0.826663,-0.137788,-6.982428,-6.795566,15.560818
1.285983,-0.967762,-0.174922,-6.634210,-5.744640,17.840833
1.299690,-0.993323,-0.171899,-6.261430,-7.274519,21.811731
1.372915,-0.970927,-0.214994,-6.940071,-5.269061,25.935243
1.489287,-1.080334,-0.256793,-7.667892,-6.304513,26.874387
1.645951,-1.272291,-0.255260,-7.932450,-9.683576,27.228915
1.756422,-1.348798,-0.280045,-8.415740,-10.723220,28.755599
1.721369,-1.301610,-0.328862,-8.410932,-10.186731,31.783942
1.639817,-1.244728,-0.341053,-7.873636,-11.238713,34.262869
1.669871,-1.265263,-0.363232,-7.617924,-12.495027,35.759728
1.725413,-1.329192,-0.380806,-8.358193,-14.777579,36.279528
1.703877,-1.348654,-0.376694,-9.442658,-16.629059,35.821891
1.616725,-1.283684,-0.383367,-8.527563,-15.054916,36.599158
1.516824,-1.208326,-0.364027,-7.780300,-15.516614,37.436527
1.473548,-1.198968,-0.312791,-8.795903,-17.181014,37.595665
1.464669,-1.225959,-0.308153,-9.353851,-17.616734,36.432097
1.363586,-1.180836,-0.305025,-8.725645,-15.858069,34.616380
1.197521,-1.062881,-0.231426,-7.652596,-15.083936,33.812199
1.053573,-0.953648,-0.205422,-7.468504,-14.550937,33.428854
0.933938,-0.906131,-0.213803,-7.735232,-14.135488,30.673614
0.808598,-0.901122,-0.170579,-7.605100,-12.539002,26.282587
0.646321,-0.832316,-0.148620,-6.111278,-10.904023,23.318773
0.427320,-0.662587,-0.127524,-5.208670,-8.945618,22.671432
0.196338,-0.517582,-0.098494,-5.096821,-8.360819,21.104770
0.015892,-0.424827,-0.080152,-4.326059,-6.161054,17.595897
-0.107324,-0.349967,-0.031260,-3.625006,-4.657924,13.043967
-0.258093,-0.263748,-0.017785,-3.323635,-3.044651,8.948235
-0.466682,-0.139711,0.000383,-3.387446,-2.075814,6.294574
-0.695520,0.058733,0.014823,-2.452158,0.407262,4.857001
-0.906749,0.182806,0.037334,-0.908664,2.209192,2.110262
-1.075187,0.290847,0.069964,-0.348510,2.283779,-1.341939
-1.193046,0.372061,0.068182,-0.943803,2.761321,-6.255063
-1.340441,0.473239,0.048878,-0.490502,5.766875,-10.813058
-1.563624,0.649743,0.084299,0.810719,4.949926,-11.919187
-1.760285,0.833205,0.111865,1.958348,2.999301,-12.272646
-1.908953,1.001670,0.092790,2.650623,4.774906,-14.376742
-2.001639,1.068726,0.097619,2.147347,6.389396,-19.026433
-2.041826,1.116220,0.139782,3.217717,5.682598,-23.835794
-2.148158,1.250721,0.145404,3.013293,3.271194,-24.053815
-2.302803,1.420634,0.126727,3.436429,4.299858,-24.479036
-2.440524,1.571078,0.107141,4.207923,6.362581,-25.634128
-2.545743,1.685438,0.146639,4.717617,2.755855,-26.492082
-2.562227,1.740632,0.137832,4.903665,2.735028,-27.831413
-2.570181,1.774320,0.116145,4.319923,3.538506,-29.013626
-2.578502,1.827443,0.123458,5.273780,4.993548,-29.894866
-2.588201,1.852891,0.135866,6.417745,5.176508,-31.188078
-2.581893,1.845020,0.160628,6.291430,2.890681,-31.885022
-2.522497,1.853161,0.141722,5.936694,4.228809,-29.577129
-2.481644,1.836348,0.133673,6.113582,5.766566,-29.551986
-2.493063,1.847292,0.186218,7.589136,5.335099,-28.355061
-2.466554,1.837635,0.187689,7.227956,5.712835,-29.090688
-2.397200,1.776801,0.176876,6.435159,6.370137,-29.737913
-2.337994,1.683862,0.175905,6.835058,7.339480,-29.753799
-2.295703,1.642490,0.207662,7.523740,7.310411,-26.844488
-2.277141,1.620596,0.232888,7.451421,6.897471,-25.031942
-2.226956,1.568754,0.242059,6.808552,8.076906,-24.019489
-2.088322,1.442380,0.247849,6.990252,9.388007,-24.856284
-1.878922,1.306090,0.293206,6.259381,8.338222,-23.137299
-1.728366,1.183211,0.291168,5.778205,7.692172,-19.442111
-1.642675,1.122831,0.294142,5.507112,7.506111,-16.952150
-1.560118,1.036785,0.304081,5.629787,8.246156,-15.164743
-1.378649,0.897527,0.306602,5.466778,7.225827,-13.218854
-1.156175,0.755493,0.281383,3.752725,5.199260,-10.671340
-0.996015,0.571811,0.276682,2.192094,3.060190,-9.209958
-0.883460,0.484905,0.248887,2.316196,3.154787,-5.977781
-0.785331,0.461715,0.256308,2.162338,2.481766,-1.674387
-0.629990,0.335977,0.227833,0.814452,0.208766,0.469276
-0.398269,0.164962,0.143064,-0.299076,-0.283071,2.761826
-0.230166,0.038874,0.126691,-0.932123,-1.447647,4.236446
-0.078100,-0.109161,0.128198,-1.030787,-3.578563,5.974795
0.061013,-0.126213,0.048579,-2.099683,-3.817817,10.251898
0.218278,-0.198296,-0.028952,-2.605234,-2.995763,13.303191
0.398375,-0.390138,-0.072956,-3.107457,-3.883465,15.055462
0.579054,-0.530426,-0.070531,-3.900973,-6.954685,16.736852
0.736289,-0.614230,-0.120847,-4.453319,-7.924212,19.237156
0.858770,-0.651801,-0.224224,-4.687977,-4.169763,20.056939
0.990297,-0.708637,-0.249493,-5.299761,-5.920074,21.246101
1.133523,-0.834206,-0.243998,-5.710670,-8.322326,23.182497
1.277110,-0.933294,-0.301578,-6.416992,-10.025774,24.856625
1.321712,-0.962826,-0.352187,-6.204027,-9.587959,25.895226
1.347315,-0.960961,-0.330464,-5.788546,-10.118637,26.953236
1.431244,-1.009463,-0.354455,-6.044963,-11.749917,27.643726
1.523382,-1.082011,-0.390227,-7.620396,-13.126592,27.242124
1.555963,-1.143386,-0.400879,-8.053593,-12.905017,27.295659
1.534562,-1.110526,-0.387988,-7.442094,-12.335609,28.679846
1.509277,-1.061850,-0.390614,-7.325626,-12.081834,30.074681
1.537792,-1.102631,-0.375876,-8.389754,-12.761959,29.390133
1.639170,-1.191359,-0.387742,-9.633190,-12.639980,27.355410
1.670504,-1.224827,-0.360472,-9.129126,-12.107040,25.969319
1.586917,-1.182808,-0.309555,-8.994359,-15.298811,26.184815
1.528243,-1.073510,-0.320042,-9.581075,-11.808289,26.585213
1.480405,-1.026968,-0.339392,-9.132556,-10.731751,25.053536
1.461557,-1.052794,-0.310946,-8.499948,-11.072954,21.329281
1.412714,-0.991951,-0.327381,-8.131793,-10.587924,18.459360
1.241086,-0.846936,-0.334478,-7.825401,-10.940688,17.714686
1.051597,-0.707951,-0.349669,-7.193535,-8.114978,16.107994
0.918570,-0.604793,-0.327418,-6.078911,-9.189556,14.132420
0.824222,-0.559545,-0.327404,-5.157288,-7.411164,10.540444
0.723570,-0.496768,-0.314527,-5.722924,-7.332914,7.224137
0.577065,-0.370191,-0.293146,-5.559715,-7.081312,5.430170
0.394049,-0.219402,-0.243148,-4.160510,-6.739410,3.826341
0.271739,-0.134236,-0.218946,-3.940705,-6.424841,1.853539
0.180923,-0.062629,-0.196639,-4.131240,-4.387028,-1.221410
0.082076,-0.018536,-0.163191,-4.183057,-2.888949,-4.662518
-0.062368,0.064835,-0.131623,-3.401824,-2.283953,-7.053133
-0.266138,0.220183,-0.100772,-2.533570,-2.976814,-7.693887
-0.450165,0.348680,-0.097283,-2.155137,-0.908658,-8.762933
-0.588031,0.461692,-0.094696,-2.141571,0.139631,-11.241529
-0.737995,0.511096,-0.054995,-1.431071,-0.249387,-14.564774
-0.838582,0.593249,-0.030672,-0.534710,0.619369,-16.132128
-0.982028,0.733895,-0.029513,-0.234915,0.531823,-16.256067
-1.149958,0.855447,-0.030380,0.466667,2.991216,-16.841709
-1.249140,0.944089,-0.021350,0.802168,3.238892,-18.747197
-1.315340,0.975787,0.029032,1.485450,3.474831,-20.706975
-1.346015,1.019398,0.015650,1.294366,3.187729,-21.109888
-1.419545,1.087230,0.027063,1.476351,3.613185,-21.044976
-1.545482,1.158097,0.034905,2.622874,4.411737,-21.822882
-1.614243,1.237805,0.048238,3.174468,4.243371,-21.849928
-1.639366,1.289727,0.064181,2.634257,3.603551,-22.214082
-1.643699,1.275241,0.059303,2.282275,3.139992,-22.898477
-1.708275,1.339291,0.070568,3.198784,3.232724,-22.383801
-1.833641,1.404579,0.119838,4.051102,0.935087,-22.404662
-1.898535,1.461313,0.101902,4.480123,3.599172,-22.187569
-1.952399,1.483794,0.105211,4.024287,2.585782,-23.249284
-1.988165,1.483338,0.133512,4.109959,2.212976,-23.719625
-2.013541,1.505199,0.154303,4.598431,2.987533,-22.320275
-2.091043,1.561654,0.183379,5.160674,2.559296,-21.344987
-2.112911,1.554009,0.176630,5.004187,5.546633,-21.758985
-2.048125,1.509387,0.180307,4.781923,7.028913,-22.034792
-1.972590,1.415263,0.189406,4.730976,5.901441,-22.266150
-1.911582,1.345485,0.229665,5.207202,5.933796,-20.440106
-1.894720,1.336367,0.241288,5.084068,5.501309,-18.226783
-1.876070,1.334765,0.242167,4.617214,8.190623,-18.094934
-1.779234,1.230183,0.251191,5.544952,8.931785,-18.410966
-1.658713,1.147804,0.247954,5.526777,9.213018,-17.514662
-1.625153,1.063481,0.266415,4.826758,5.218353,-15.887841
-1.574968,1.039851,0.221534,4.854278,7.885679,-14.317059
-1.579176,1.034514,0.222650,5.294295,7.274124,-13.732913
-1.472073,0.912653,0.256062,5.319347,4.741940,-12.545069
-1.324764,0.812992,0.247938,3.979102,3.127759,-10.873363
-1.193270,0.717164,0.211004,3.523348,4.200591,-8.536566
-1.152741,0.644720,0.210397,3.273785,4.037119,-6.918598
-1.071032,0.642249,0.230932,3.162602,1.095283,-5.309667
-0.937571,0.550567,0.241921,1.875644,-0.089174,-3.456626
-0.731686,0.376181,0.187134,0.822766,-0.116829,-1.806805
-0.578935,0.241056,0.142043,0.037482,-0.433650,-0.927469
-0.512886,0.178857,0.165319,-0.028872,-1.252109,1.398466
-0.416379,0.138755,0.139362,0.016114,-1.181090,3.683249
-0.302133,0.089125,0.081115,-0.686889,-1.789992,4.499473
-0.163864,-0.048124,0.041217,-1.690744,-2.557475,4.902840
-0.053196,-0.175447,0.019126,-1.619965,-3.773455,6.428272
0.030821,-0.217442,-0.005026,-0.780682,-4.343279,9.096404
0.053197,-0.230332,-0.052297,-1.231541,-3.979319,11.688826
0.159430,-0.286452,-0.113212,-2.289812,-3.022751,13.516616
0.300762,-0.419132,-0.138743,-3.305086,-4.046704,13.705837
0.455867,-0.586149,-0.130580,-3.549657,-4.961175,15.590485
0.559235,-0.660854,-0.156347,-4.180808,-4.806490,18.125801
0.604647,-0.662702,-0.184379,-4.768495,-4.113032,20.816145
0.706829,-0.741074,-0.201687,-5.134333,-3.792889,22.584917
0.862361,-0.871229,-0.202800,-5.373570,-5.598562,23.849308
1.005843,-0.980140,-0.196616,-6.333585,-6.676666,26.020404
1.056744,-1.021923,-0.239202,-7.189691,-7.031451,27.591880
1.069900,-0.990067,-0.249076,-7.002562,-7.537807,29.159376
1.090819,-1.011025,-0.233153,-6.390781,-8.671958,30.505974
1.211337,-1.114681,-0.255437,-7.076673,-10.046607,31.835574
1.294596,-1.177786,-0.290789,-8.179123,-11.779846,32.176570
1.263436,-1.161804,-0.291902,-8.023322,-12.636970,33.853068
1.230424,-1.065267,-0.275092,-7.416638,-13.000254,35.334480
1.235850,-1.026085,-0.285849,-7.221222,-13.654306,35.386479
1.308212,-1.095922,-0.287398,-8.393847,-14.737287,34.020410
1.350112,-1.118919,-0.299707,-9.038787,-15.652415,32.648448
1.272820,-1.064053,-0.266532,-7.912021,-15.734075,32.914066
1.122649,-0.927067,-0.244060,-6.438314,-15.389889,34.387701
1.060795,-0.826112,-0.258237,-6.809502,-14.912698,33.471238
1.045472,-0.867586,-0.255043,-7.739148,-14.465410,29.105447
1.016957,-0.895929,-0.239622,-7.309316,-14.365873,25.875389
0.863307,-0.778562,-0.208341,-6.015898,-13.648030,24.448205
0.635929,-0.590118,-0.182672,-5.447337,-12.129830,24.522071
0.479415,-0.483386,-0.186706,-5.188602,-10.035066,22.779980
0.371594,-0.441265,-0.173816,-4.922606,-8.978302,18.032005
0.288197,-0.438968,-0.105124,-4.827990,-8.440277,13.190222
0.157608,-0.364804,-0.094854,-4.323919,-6.730219,10.585806
-0.050817,-0.195437,-0.105965,-4.153183,-4.559884,9.698550
-0.268337,-0.046913,-0.079639,-3.776530,-2.647821,7.762604
-0.411222,0.019652,-0.047993,-2.486456,-1.965356,4.145806
-0.514524,0.090874,-0.024268,-2.473990,-1.755786,-0.651107
-0.644505,0.171517,-0.022991,-2.680980,-0.007386,-4.490727
-0.815405,0.303488,-0.036013,-2.161604,1.778366,-6.838147
-1.045970,0.491319,-0.024340,-0.796136,2.096470,-8.421571
-1.236361,0.617411,0.022638,0.056454,1.144330,-9.930115
-1.345174,0.717085,-0.000474,-0.208002,2.970412,-12.494920
-1.427626,0.804155,-0.012136,0.278501,3.789567,-16.874014
-1.562426,0.873579,0.010769,0.730867,3.316309,-20.512071
-1.667536,1.032259,0.022799,1.700565,4.020851,-21.309423
-1.807723,1.150633,0.031514,1.914012,3.800317,-22.810097
-1.902723,1.234703,0.036198,2.165108,4.226896,-24.909743
-1.970476,1.320956,0.030923,2.360393,3.632141,-26.173447
-2.063513,1.409050,0.052515,3.106475,2.954262,-27.478601
-2.172786,1.518007,0.070722,3.376570,1.434894,-28.125361
-2.255785,1.635541,0.058436,2.706241,2.424184,-29.089371
-2.295992,1.675709,0.041627,3.053605,3.615013,-31.182543
-2.289135,1.671231,0.045267,3.603101,4.280248,-32.707266
-2.288081,1.716109,0.062582,4.104559,3.441060,-31.793127
-2.323492,1.778183,0.063705,3.901045,3.404077,-31.045535
-2.309572,1.792675,0.049032,4.304693,5.892999,-31.845859
-2.283000,1.791733,0.055709,4.899572,6.856174,-33.299169
-2.229139,1.730578,0.106357,4.998373,4.772667,-33.558711
-2.153948,1.699231,0.095429,5.341841,5.061190,-31.493463
-2.155208,1.718325,0.091234,5.471924,6.596435,-30.970278
-2.170262,1.696933,0.100691,6.162103,9.024398,-31.221795
-2.098921,1.644768,0.140606,7.198801,8.990691,-30.938537
-1.985247,1.550424,0.156069,6.280865,7.378184,-29.557978
-1.889994,1.463863,0.154733,5.504332,8.160356,-27.700425
-1.809791,1.423516,0.183898,5.562431,8.647729,-25.565064
-1.728343,1.366394,0.256666,6.841108,8.712193,-23.471717
-1.584907,1.258392,0.257168,6.056530,7.832523,-21.733024
-1.392015,1.101928,0.262052,5.014983,6.585134,-20.434885
-1.223192,0.925783,0.301714,3.826485,5.039923,-18.678892
-1.104125,0.826863,0.309631,4.214190,5.299614,-15.116134
-1.012007,0.775549,0.313265,3.697272,4.283059,-11.912495
-0.902485,0.669611,0.318021,2.248000,2.037225,-8.695948
-0.702246,0.513111,0.293469,1.218766,1.193061,-6.338969
-0.532590,0.355317,0.295028,0.896631,-0.364502,-4.335167
-0.419418,0.277655,0.301773,0.193674,-2.230768,-0.566501
-0.310257,0.234061,0.243057,-0.342499,-2.311982,2.183083
-0.167094,0.125419,0.195386,-1.309666,-2.278911,4.096358
0.015167,-0.014811,0.178738,-1.476673,-4.810889,5.631754
0.203300,-0.178099,0.128956,-2.056857,-6.050272,7.643002
0.340562,-0.255194,0.092666,-3.271008,-7.877267,10.199097
0.434174,-0.296063,0.013930,-3.206432,-5.914986,13.374702
0.534554,-0.332705,-0.051292,-3.025311,-5.734902,14.241363
0.702749,-0.458373,-0.071076,-3.468499,-6.753967,15.371053
0.836381,-0.592632,-0.135444,-4.425385,-8.214574,17.246579
0.955727,-0.641934,-0.190172,-4.670735,-9.147974,18.286853
0.964379,-0.629668,-0.247543,-5.228533,-8.213385,18.911652
0.990458,-0.642210,-0.281076,-4.622657,-8.082022,20.536506
1.107707,-0.735668,-0.330959,-4.312023,-8.916116,20.634386
1.197009,-0.850681,-0.318109,-6.111141,-11.463984,20.956924
1.215046,-0.882002,-0.350588,-6.290434,-11.043668,22.326949
1.172666,-0.834925,-0.362041,-5.756257,-10.433354,22.523207
1.150215,-0.834407,-0.327706,-5.726403,-10.770953,23.436598
1.226587,-0.907759,-0.344345,-6.995282,-10.791606,23.805179
1.280928,-0.991232,-0.353667,-7.829898,-11.501601,22.420305
1.228419,-1.013224,-0.340803,-7.989628,-10.549086,22.979235
1.163669,-0.972502,-0.310365,-7.149038,-9.487050,23.915098
1.139445,-0.956743,-0.299458,-7.667082,-9.237381,24.153527
1.171692,-1.028373,-0.291390,-8.820718,-9.886474,22.839296
1.188826,-1.079270,-0.301762,-9.074464,-9.287711,21.609177
1.126561,-1.029164,-0.272814,-8.103121,-8.495084,21.115112
0.994732,-0.902077,-0.240098,-7.930077,-8.933693,22.406697
0.919348,-0.822889,-0.275864,-7.685490,-8.701507,21.747088
0.867390,-0.829791,-0.273934,-7.605966,-8.910867,19.322415
0.845319,-0.838037,-0.266299,-6.358584,-8.008558,16.030673
0.723931,-0.733931,-0.239744,-5.993607,-10.982447,15.641555
0.549154,-0.576952,-0.244795,-5.587687,-7.892875,15.574012
0.417000,-0.440793,-0.239980,-4.837496,-6.726605,15.195417
0.320736,-0.391714,-0.203433,-4.060707,-7.524720,12.536721
0.265821,-0.387965,-0.171288,-4.273330,-8.283351,9.536229
0.184498,-0.333874,-0.173110,-4.010978,-6.168476,7.775238
0.014356,-0.213372,-0.125603,-3.646893,-5.644333,7.700961
-0.147809,-0.114012,-0.091916,-2.212337,-4.900352,7.472305
-0.272417,-0.043502,-0.040972,-2.143232,-4.769901,6.178417
-0.378420,-0.018464,0.002028,-3.050383,-4.917460,3.129180
-0.456096,0.023029,-0.000874,-3.341722,-3.334967,0.706275
-0.629685,0.133109,0.032820,-2.331962,-2.189754,-0.034743
-0.835306,0.268402,0.079726,-1.153078,-1.708923,0.142058
-0.985632,0.402942,0.084548,-1.321680,0.244016,-0.551918
-1.092420,0.458419,0.074432,-1.086382,0.976738,-2.901703
-1.172036,0.477959,0.100881,-0.617903,1.734581,-5.223991
-1.259982,0.581383,0.124787,-0.080538,1.338663,-5.935215
-1.397559,0.699324,0.107059,0.293627,2.709015,-5.821540
-1.512159,0.789568,0.096125,0.842568,4.991215,-6.858465
-1.550639,0.846709,0.082799,1.500083,5.024752,-8.273456
-1.588708,0.867375,0.119880,2.309102,3.320290,-9.742588
-1.611607,0.921949,0.093982,2.147403,3.670224,-10.079918
-1.675286,1.030575,0.070910,2.362068,4.169877,-10.858632
-1.774321,1.130604,0.087131,3.239342,4.340675,-12.340228
-1.848349,1.192172,0.105671,3.880330,3.694019,-13.804916
-1.854054,1.251440,0.093775,3.456275,3.686036,-14.256764
-1.895699,1.318947,0.081157,3.079064,2.360728,-14.941012
-2.017992,1.402918,0.108096,3.805828,1.637479,-15.704144
-2.091233,1.508475,0.124384,5.300364,2.167514,-16.803289
-2.124688,1.578565,0.115626,4.451897,2.368823,-17.755332
-2.131335,1.554833,0.127975,3.604050,1.412327,-19.806705
-2.090360,1.555913,0.136742,4.398547,2.539956,-20.079088
-2.094358,1.585803,0.151142,5.067511,3.463073,-19.751964
-2.112258,1.641607,0.175360,4.622922,4.333362,-19.367246
-2.047672,1.616260,0.154992,3.789442,6.091265,-21.116031
-1.917553,1.550700,0.167252,4.470567,6.605938,-23.048980
-1.845792,1.481618,0.210174,4.813500,5.822515,-22.343383
-1.773346,1.456429,0.205361,5.000842,6.956591,-21.433129
-1.753891,1.501490,0.182673,5.738031,8.965728,-22.354527
-1.722806,1.460509,0.206123,6.284708,8.444832,-22.994622
-1.621661,1.376206,0.194907,7.015294,8.272986,-23.269259
-1.514069,1.317768,0.173453,6.503473,7.448878,-22.264516
-1.487895,1.263277,0.187160,5.700845,6.675066,-20.883991
-1.419377,1.220060,0.205621,6.602685,7.541459,-19.426535
-1.318193,1.152123,0.216765,6.802730,6.677801,-18.253084
-1.151071,1.009084,0.245988,5.073716,5.245141,-16.899384
-0.945728,0.831258,0.251545,3.411023,3.941341,-15.339713
-0.823152,0.726716,0.281307,3.207250,2.811152,-13.713412
-0.744166,0.646283,0.293282,2.539185,2.112918,-9.749439
-0.614789,0.580962,0.274723,1.454996,1.990431,-6.526803
-0.446544,0.436607,0.242446,0.041871,1.006799,-5.237020
-0.283788,0.237087,0.249212,-0.843445,-1.457534,-3.423733
-0.117956,0.109738,0.228227,-0.638339,-2.017268,-1.455329
-0.026566,0.046738,0.163100,-1.304884,-2.693017,0.819010
0.051628,-0.016130,0.127253,-2.335008,-3.451490,2.953694
0.192038,-0.145718,0.075928,-1.853559,-3.946094,5.176199
0.346434,-0.268149,0.034573,-2.534311,-8.389794,8.635462
0.474712,-0.361709,-0.020106,-3.834074,-6.767980,10.880621
0.554971,-0.441846,-0.083490,-3.349740,-5.450688,12.205453
0.666928,-0.505759,-0.102751,-3.225677,-6.602224,13.385575
0.833794,-0.623218,-0.167356,-4.601472,-6.977597,15.181042
0.988285,-0.794092,-0.212319,-6.043647,-8.118703,16.974633
1.097971,-0.892253,-0.264487,-6.493036,-7.829681,19.500523
1.134915,-0.892654,-0.265402,-5.798446,-8.093813,22.199470
1.182911,-0.942215,-0.283505,-6.442030,-8.431027,23.476744
1.316355,-1.035079,-0.329587,-8.209141,-9.911696,24.129417
1.419368,-1.167663,-0.362681,-8.915269,-10.806873,24.803317
1.426179,-1.217093,-0.370792,-8.061556,-11.041918,26.446050
1.366472,-1.135544,-0.393982,-7.737008,-11.546330,29.526209
1.310283,-1.107841,-0.406797,-8.580568,-12.124450,30.623011
1.373115,-1.194310,-0.444007,-9.010453,-12.113976,29.723800
1.440674,-1.264121,-0.441843,-9.255717,-13.063431,28.242967
1.397753,-1.253066,-0.409098,-9.515794,-14.754034,29.161967
1.306698,-1.148681,-0.438958,-9.388350,-13.961759,30.979120
1.247739,-1.074123,-0.437714,-9.066048,-13.102446,31.094544
1.244227,-1.123314,-0.389488,-8.965093,-13.476001,28.637259
1.289318,-1.163028,-0.376910,-8.984525,-13.545332,27.164221
1.217101,-1.083308,-0.372380,-9.172491,-13.989203,26.205246
1.023988,-0.954570,-0.345908,-8.555277,-13.239878,25.438964
0.877388,-0.853812,-0.332798,-7.135019,-11.921110,24.914126
0.776132,-0.793366,-0.347332,-6.057943,-11.552725,22.093874
0.679969,-0.760998,-0.278063,-7.331437,-13.228912,18.306170
0.553549,-0.673951,-0.286157,-6.670836,-9.858182,15.328744
0.319561,-0.497930,-0.259960,-4.872080,-8.998253,14.020563
0.124019,-0.345612,-0.178703,-4.292654,-9.070220,13.169239
-0.013554,-0.250263,-0.169851,-4.095888,-6.161668,10.954656
-0.110426,-0.215302,-0.161139,-3.934612,-4.872845,6.042063
-0.234958,-0.150352,-0.066421,-3.229174,-4.716355,1.830668
-0.399024,-0.007044,-0.046999,-2.630661,-2.520798,0.397852
-0.587065,0.176612,-0.034788,-2.609679,-0.704339,-0.439067
-0.791591,0.307394,0.003889,-1.830311,0.560936,-3.260302
-0.915460,0.407351,0.030490,-0.584507,2.091783,-7.324230
-1.043101,0.494470,0.059116,-0.441787,2.764341,-11.054068
-1.204489,0.614082,0.062546,-0.256054,3.416778,-12.961444
-1.395908,0.783798,0.054271,1.233658,4.183824,-14.239577
-1.598352,0.931576,0.112928,2.516598,4.210336,-15.584923
-1.696422,1.020553,0.108198,2.484913,5.349263,-17.429288
-1.764739,1.069849,0.112025,2.038459,5.741022,-21.211492
-1.826416,1.128093,0.143412,2.919468,5.279922,-22.477001
-1.922631,1.264714,0.154336,3.491751,4.686421,-22.127604
-2.036952,1.378382,0.165493,3.355484,5.264520,-22.901331
-2.095944,1.448803,0.167863,3.310600,5.902331,-23.424454
-2.104340,1.481057,0.180172,3.097635,5.065779,-24.595514
-2.098458,1.519458,0.199128,3.317933,4.086421,-23.427028
-2.131647,1.573057,0.171851,3.229927,4.054299,-22.624643
-2.180408,1.653290,0.165234,3.417033,4.697200,-23.654112
-2.195536,1.665897,0.196036,4.238266,4.227838,-24.914627
-2.143618,1.676368,0.165660,4.528850,3.675111,-24.933288
-2.115763,1.664033,0.146507,4.635891,2.845557,-24.609623
-2.139341,1.680544,0.135245,4.904962,3.131116,-23.731801
-2.186999,1.753726,0.136663,6.544877,3.706872,-23.185961
-2.172973,1.765211,0.159161,6.617633,4.298377,-23.940591
-2.086267,1.704020,0.142601,6.163997,4.446813,-24.238534
-2.014661,1.619169,0.136591,5.897443,4.980337,-24.810594
-1.995232,1.572489,0.172783,6.072679,5.282285,-23.542892
-1.974517,1.569919,0.215862,6.523187,5.614917,-21.796782
-1.903793,1.541109,0.217457,6.327610,7.149959,-20.960433
-1.756536,1.420486,0.223641,5.438765,8.778863,-20.857442
-1.614384,1.289493,0.247774,4.953906,6.509385,-20.441864
-1.522863,1.198760,0.301425,4.552665,5.300946,-17.965088
-1.440047,1.141731,0.274073,4.683398,8.280677,-16.048674
-1.367177,1.073794,0.262148,4.641826,8.102628,-14.281917
-1.213818,0.909860,0.287839,4.286397,5.865319,-13.896306
-1.035365,0.761799,0.281576,3.419755,3.028659,-11.878505
-0.913747,0.666033,0.268673,2.147298,2.596808,-10.147699
-0.846034,0.627330,0.205286,1.976011,3.516013,-7.215662
-0.772074,0.582121,0.234687,2.211716,1.040326,-5.440301
-0.626671,0.475632,0.239778,1.078579,-1.715543,-2.180094
-0.383653,0.300038,0.166973,-0.117991,-1.664977,-0.321824
-0.232171,0.145707,0.123983,-1.176747,-2.502478,0.169122
-0.099351,0.053947,0.108267,-0.402922,-2.864035,1.797166
0.042638,0.014341,0.073083,-0.947896,-3.652034,4.783496
0.147807,-0.083844,0.041883,-2.409217,-5.250411,6.763657
0.321908,-0.223518,-0.010534,-2.680691,-5.576015,8.509349
0.425935,-0.355315,-0.036948,-2.623911,-6.498009,9.278859
0.507142,-0.394208,-0.060880,-2.980634,-6.862869,11.526757
0.570221,-0.422263,-0.137821,-3.541103,-7.225483,11.814889
0.667542,-0.490912,-0.186164,-4.213600,-7.465482,12.983821
0.776611,-0.618845,-0.200066,-4.642450,-7.939440,14.148054
0.836128,-0.688804,-0.245682,-4.856022,-8.543707,15.984768
0.836935,-0.713271,-0.247799,-5.496744,-9.344153,18.026489
0.863425,-0.737712,-0.300186,-5.513442,-7.892520,18.453962
0.979718,-0.821195,-0.315952,-5.393971,-7.397903,18.363771
1.081178,-0.992791,-0.295529,-6.576768,-9.329135,17.097927
1.167569,-1.046659,-0.317012,-7.476281,-9.139230,18.836648
1.133100,-0.989062,-0.338496,-7.368167,-8.464879,21.598313
1.049427,-1.012102,-0.330654,-6.774472,-8.130037,21.821340
1.135404,-1.045701,-0.341073,-6.976309,-7.852783,23.582732
1.242983,-1.162657,-0.342077,-8.195827,-8.694719,22.019853
1.269416,-1.254792,-0.349292,-8.794094,-8.607350,21.527473
1.212679,-1.191825,-0.341171,-8.409117,-8.377070,23.183149
1.144293,-1.106252,-0.327575,-7.212825,-8.593580,25.418618
1.112106,-1.127397,-0.318601,-7.766583,-10.972334,25.181445
1.170687,-1.143531,-0.337967,-8.513488,-10.292856,24.592899
1.153996,-1.166977,-0.316674,-8.589618,-9.865157,22.539809
1.084612,-1.053766,-0.297334,-7.493979,-9.905541,24.211909
0.964370,-0.913166,-0.292138,-7.020888,-10.491798,24.466745
0.879036,-0.870957,-0.287385,-7.313570,-11.631792,23.954476
0.856121,-0.877630,-0.292581,-7.069787,-10.397776,21.492754
0.792025,-0.839416,-0.281608,-5.726689,-10.180180,19.299338
0.651218,-0.701094,-0.225715,-5.630287,-11.800910,19.722760
0.507257,-0.556367,-0.231954,-5.110079,-10.327581,19.537914
0.381809,-0.465933,-0.227172,-4.634953,-9.343854,17.157820
0.292336,-0.456988,-0.143998,-3.873562,-9.779391,13.442219
0.234752,-0.394038,-0.120443,-3.678306,-8.297777,11.994372
0.069481,-0.286367,-0.105285,-3.761979,-8.297905,11.182072
-0.142321,-0.153809,-0.087205,-2.629292,-5.882369,10.216415
-0.285692,-0.030238,-0.048164,-1.986466,-4.116437,8.686302
-0.381670,0.012732,0.009781,-1.625332,-2.654268,5.831510
-0.479720,0.032755,0.027624,-2.279719,-3.955187,1.907159
-0.616916,0.131764,0.019526,-1.932758,0.060968,0.217684
-0.813747,0.343474,0.067630,-0.726486,0.226737,1.780999
-1.013559,0.435878,0.108658,0.553649,-0.282638,-1.230938
-1.118125,0.544977,0.104666,0.593842,1.273031,-3.158996
-1.178794,0.568696,0.105549,-0.245133,4.372345,-7.171289
-1.249948,0.623394,0.126222,0.530248,3.476318,-9.486041
-1.384130,0.763371,0.148218,1.704881,3.075138,-8.840814
-1.567615,0.912883,0.148162,2.170639,3.984935,-9.063724
-1.676737,1.022920,0.134477,2.519333,5.732669,-10.733916
-1.718348,1.058196,0.125378,2.616046,5.550181,-14.033100
-1.716031,1.072416,0.150935,2.699056,3.886996,-16.328286
-1.760045,1.173279,0.143166,2.600011,1.839993,-17.325167
-1.889354,1.291781,0.127673,2.930221,4.256215,-18.070578
-1.960251,1.450835,0.113834,3.792166,4.966784,-18.777485
-2.029054,1.503939,0.149613,4.757147,2.497209,-20.449429
-2.062010,1.518050,0.148707,4.343846,-0.355365,-21.454325
-2.079230,1.621545,0.092761,4.406557,2.250405,-21.332902
-2.195372,1.688779,0.097005,4.278056,2.561137,-22.985489
-2.247057,1.734284,0.117304,5.625138,3.830866,-25.176783
-2.200499,1.726416,0.127827,5.609222,2.970126,-26.792505
-2.121330,1.671655,0.114576,4.493426,4.492934,-26.371505
-2.068595,1.657393,0.096949,4.604727,6.253585,-25.802964
-2.059443,1.706636,0.123015,5.497560,6.353965,-24.272983
-2.095343,1.674960,0.197290,5.967415,5.845939,-26.385295
-1.989567,1.635643,0.170075,5.503823,6.130523,-27.411040
-1.857297,1.543856,0.132396,4.439292,8.300815,-28.136225
-1.815811,1.458211,0.136959,5.330195,8.868384,-27.407855
-1.836680,1.456205,0.169379,5.752986,7.286706,-26.115562
-1.807424,1.494649,0.179985,6.279916,8.591475,-23.820172
-1.724552,1.398247,0.166448,5.516050,8.239949,-23.383420
-1.555356,1.247649,0.144279,4.408704,7.544266,-23.877585
-1.414687,1.117254,0.170689,4.422293,6.234521,-22.655551
-1.332501,1.061390,0.215255,4.985247,5.607470,-19.538034
-1.236148,1.046087,0.198678,4.795788,5.713489,-16.524153
-1.083672,0.908642,0.190082,3.717029,5.359164,-15.438116
-0.866549,0.704891,0.183937,2.454649,3.433952,-14.276919
-0.677621,0.508112,0.198048,2.049469,1.417202,-12.594565
-0.560215,0.467876,0.179591,1.625824,0.419965,-7.865107
-0.521610,0.412760,0.148546,0.787207,0.356679,-4.765059
-0.421059,0.358547,0.128854,0.179621,-0.204539,-3.469392
-0.215145,0.116927,0.124436,-0.152797,-2.194113,-2.018216
-0.041015,-0.052680,0.093506,-1.110645,-3.676800,1.108368
0.090072,-0.168504,0.040649,-2.167807,-4.356649,2.116492
0.146540,-0.204368,0.020508,-2.323568,-4.385980,5.061970
0.232711,-0.240688,-0.002079,-2.109937,-4.730935,9.500871
0.410057,-0.394116,-0.053035,-2.935362,-5.908188,12.035510
0.581273,-0.561990,-0.085430,-4.875263,-6.995374,14.430526
0.706229,-0.670692,-0.134962,-5.148277,-6.394015,16.890406
0.824085,-0.683887,-0.145249,-4.852083,-5.866747,20.830219
0.913646,-0.799452,-0.193002,-5.734080,-6.276684,20.650995
1.077903,-0.947973,-0.247126,-7.330255,-6.856826,22.484871
1.211577,-1.085851,-0.265248,-7.959268,-7.806313,23.863557
1.263708,-1.099845,-0.275998,-7.053338,-8.789295,27.570446
1.267431,-1.050201,-0.315962,-6.831488,-9.317830,30.320456
1.331307,-1.108674,-0.348484,-7.977217,-9.868377,29.215810
1.469852,-1.240405,-0.396021,-8.540916,-11.147734,28.618773
1.519138,-1.291093,-0.413861,-8.160380,-13.206404,29.973967
1.431398,-1.225516,-0.410362,-7.043051,-13.885898,32.527894
1.312485,-1.112866,-0.430076,-7.139493,-13.626651,34.880748
1.326725,-1.088100,-0.455659,-8.045649,-12.980290,34.268130
1.395518,-1.236217,-0.428632,-8.968746,-14.090663,30.154723
1.466914,-1.276348,-0.379674,-9.179351,-14.640961,29.936434
1.347158,-1.193703,-0.373198,-8.623237,-13.937226,30.630416
1.189236,-1.069042,-0.358328,-8.754692,-12.422046,31.966697
1.137456,-1.014646,-0.321348,-8.628065,-12.500489,31.272885
1.163164,-1.057678,-0.270786,-8.580729,-12.857816,27.832261
1.125977,-1.104506,-0.276107,-8.687175,-11.883246,23.453874
0.965397,-0.934469,-0.275979,-8.499384,-10.197987,22.694321
0.704863,-0.770199,-0.239419,-7.385390,-10.233207,21.982325
0.570520,-0.644406,-0.219652,-6.103352,-8.515737,20.834936
0.473990,-0.619440,-0.221812,-5.989310,-8.122974,16.727973
0.405101,-0.618094,-0.214823,-6.076895,-7.045182,11.866118
0.266398,-0.475774,-0.193553,-6.039584,-5.730628,8.927729
0.047463,-0.290135,-0.154788,-4.501837,-5.038529,7.673183
-0.115051,-0.100344,-0.121950,-2.996593,-4.637990,8.251638
-0.224458,-0.031544,-0.130888,-2.803405,-3.656866,4.570049
-0.297006,-0.000647,-0.101376,-3.445480,-2.994788,-0.386505
-0.400032,0.042051,-0.081583,-2.052121,-1.765650,-4.440638
-0.580770,0.225297,-0.035825,-0.495740,-1.054959,-5.218841
-0.815353,0.415701,-0.008447,-0.328195,-0.914895,-5.631452
-0.975227,0.544261,-0.014716,-0.360176,0.912662,-8.287106
-1.110326,0.637023,0.011688,-0.175368,1.370296,-11.414147
-1.209564,0.698782,0.056962,0.895849,1.346505,-13.574690
-1.343110,0.792066,0.076634,2.230445,1.705072,-15.203537
-1.509355,0.925527,0.105378,2.271761,2.948049,-16.527140
-1.624622,1.013752,0.119109,2.190084,4.177368,-18.081298
-1.691593,1.056542,0.136752,2.287684,4.482532,-21.739410
-1.717236,1.152209,0.193627,2.264684,3.525820,-19.718636
-1.805156,1.211234,0.174730,2.445133,4.245708,-19.942509
-1.917780,1.323890,0.160156,2.824172,5.230620,-20.433875
-2.007472,1.374282,0.183034,3.025396,5.500692,-22.697006
-1.994457,1.382863,0.189691,3.681847,5.595206,-24.290637
-1.965431,1.385449,0.174602,3.268033,4.825826,-25.422222
-1.998445,1.424392,0.159020,2.964490,4.342103,-23.985594
-2.069028,1.531544,0.150594,3.643780,5.185771,-23.542193
-2.130400,1.601164,0.155022,4.912141,4.664999,-24.292099
-2.115786,1.590316,0.145231,6.277559,5.234184,-25.388437
-2.028897,1.585970,0.115104,5.544351,4.303643,-25.822871
-2.031198,1.560232,0.131474,4.893185,3.090733,-25.341741
-2.068092,1.606534,0.121413,5.742866,4.394704,-24.829658
-2.110544,1.625842,0.149632,6.957907,5.266976,-25.245842
-2.047498,1.601112,0.149494,6.432477,6.104135,-24.503387
-1.930666,1.488134,0.166350,4.886932,4.687041,-24.677736
-1.839605,1.413721,0.179148,4.826082,5.741022,-23.823359
-1.807414,1.395927,0.220773,5.593995,6.240668,-21.486242
-1.773959,1.403975,0.233400,6.022028,7.169720,-19.984123
-1.661841,1.311995,0.249927,4.169860,6.666079,-20.525622
-1.480158,1.161551,0.229727,3.256466,6.775548,-19.544249
-1.383047,1.026019,0.235612,3.250604,5.557600,-19.210883
-1.326107,1.008415,0.252356,4.358003,5.015630,-15.435631
-1.267276,0.997343,0.227636,4.215690,5.659349,-13.079095
-1.141131,0.890070,0.200073,3.276962,5.265371,-13.786990
-0.951863,0.713612,0.193111,3.111012,3.609496,-12.978741
-0.786382,0.592175,0.208667,2.460978,1.724540,-11.056059
-0.723011,0.561740,0.162851,2.593112,0.918715,-7.535274
-0.690288,0.562827,0.144748,1.848242,0.841709,-4.716683
-0.568805,0.548617,0.113161,1.136071,0.235314,-1.751454
-0.370487,0.305185,0.092012,0.965043,-0.458107,-1.668067
-0.170061,0.126712,0.062027,-0.163757,-1.426085,0.104725
-0.038389,0.021221,0.038072,-1.523944,-2.555240,1.580556
0.036076,-0.012175,0.013789,-1.849151,-2.567736,3.300730
0.125335,-0.064064,-0.007409,-1.135428,-1.861040,5.129418
0.296098,-0.183594,-0.050577,-1.427781,-3.466681,7.591630
0.458887,-0.318246,-0.053183,-3.434194,-5.932659,10.228301
0.546124,-0.388563,-0.104629,-4.140381,-5.939082,12.299146
0.593651,-0.411316,-0.147245,-3.516771,-5.039333,13.665679
0.633086,-0.495416,-0.150855,-3.303320,-6.050784,12.893553
0.787029,-0.582657,-0.203581,-4.102105,-6.871190,16.678735
0.897792,-0.714942,-0.224415,-5.315166,-10.003864,17.943615
0.946950,-0.751233,-0.247201,-5.426007,-8.718638,20.089275
0.956689,-0.720440,-0.272276,-4.864812,-7.653877,22.461536
1.025827,-0.780512,-0.254508,-4.996471,-8.859802,22.488733
1.178263,-0.933415,-0.269381,-6.431553,-10.026063,22.866440
1.303055,-1.040826,-0.288448,-8.159543,-10.016832,24.302775
1.291970,-1.050953,-0.289771,-6.664491,-9.635075,25.939448
1.207713,-1.010615,-0.277321,-5.688573,-9.528182,27.855132
1.236126,-0.970740,-0.290986,-6.507584,-10.121604,30.340710
1.319950,-1.109275,-0.315374,-8.251707,-10.878948,28.043769
1.405119,-1.216795,-0.322350,-8.299424,-10.133378,27.061093
1.311986,-1.187991,-0.300902,-7.561555,-11.025988,27.618379
1.193366,-1.033930,-0.259054,-7.023159,-11.440944,31.440009
1.145262,-0.980209,-0.274071,-7.148808,-11.908039,32.233730
1.181339,-1.045786,-0.288235,-7.874069,-11.547611,29.532794
1.193448,-1.104115,-0.255874,-8.435543,-11.765308,25.943606
1.112437,-1.018965,-0.216885,-7.221954,-11.945616,26.168643
0.917253,-0.859422,-0.227047,-6.500116,-11.954679,27.478017
0.774372,-0.758477,-0.224641,-6.117935,-10.687763,27.093494
0.714169,-0.777725,-0.227385,-6.350490,-9.743809,23.335681
0.684131,-0.789490,-0.199842,-6.016521,-9.743228,19.139118
0.554843,-0.725600,-0.172073,-5.473192,-10.645994,16.844266
0.373790,-0.522706,-0.179104,-4.586330,-8.799553,17.615504
0.174969,-0.396283,-0.134732,-4.402067,-7.715436,16.498563
0.060872,-0.353883,-0.105814,-3.772985,-6.209608,13.612125
-0.018288,-0.339217,-0.060575,-3.853989,-6.976031,9.870379
-0.131814,-0.307237,-0.047623,-3.790996,-6.250071,7.006156
-0.302547,-0.169351,-0.053922,-3.974235,-4.475962,5.597568
-0.502677,-0.013543,-0.039052,-3.030530,-2.827312,4.769791
-0.681219,0.065009,-0.001665,-1.933169,-1.863841,2.393659
-0.782469,0.149275,-0.000139,-1.885505,-1.331025,-0.380369
-0.912811,0.185130,0.015505,-2.588859,-1.336081,-4.316272
-1.042954,0.289649,-0.014388,-1.807521,0.858462,-5.917563
-1.223215,0.461958,0.009712,-0.729493,0.814152,-6.933295
-1.389793,0.595934,0.042884,-0.464928,0.254254,-8.419672
-1.471699,0.682121,0.011090,-0.137870,2.663527,-10.653876
-1.536550,0.734410,-0.004485,-0.063808,3.562666,-14.186142
-1.627904,0.809906,0.005392,0.937198,3.568354,-16.323041
-1.747657,0.952374,0.022769,1.051794,2.656092,-17.398620
-1.873631,1.087325,-0.009875,1.770264,4.534113,-18.717039
-1.944817,1.169556,-0.024284,2.411514,5.242010,-21.427633
-1.984397,1.225670,-0.008949,2.733587,3.904186,-24.862417
-2.038668,1.318202,0.032476,2.966151,2.823733,-24.095029
-2.118839,1.438572,0.010102,3.177596,3.275238,-24.596699
-2.222111,1.548987,-0.004239,3.582465,5.795553,-25.701713
-2.279705,1.598401,0.035482,4.198529,4.463474,-27.367006
-2.234784,1.613172,0.059234,4.391562,3.877510,-28.489400
-2.223539,1.633575,0.035049,4.011781,4.037128,-27.773894
-2.262107,1.655335,0.059369,4.307818,4.346856,-28.072127
-2.259390,1.706429,0.087709,5.002417,5.585989,-28.555801
-2.208650,1.699808,0.130361,5.074969,5.660448,-28.290219
-2.103684,1.643272,0.125798,4.555077,4.949728,-27.962625
-2.020477,1.609403,0.112823,4.696868,6.190808,-27.440182
-2.015081,1.607076,0.171848,5.132481,5.914473,-26.876652
-1.994109,1.610057,0.213118,6.064312,5.531435,-26.388235
-1.913873,1.583646,0.188608,6.138397,6.606204,-26.837286
-1.786219,1.476310,0.198918,5.015334,6.917218,-26.867808
-1.666722,1.396760,0.205709,5.345419,7.170544,-25.279606
-1.617138,1.376032,0.239085,6.398464,6.595454,-23.172726
-1.582492,1.374702,0.281862,6.678653,6.308953,-21.243744
-1.448197,1.322922,0.258534,5.870242,7.201993,-20.353014
-1.261558,1.162755,0.254729,4.985448,6.277511,-20.727751
-1.059852,1.003455,0.287889,4.815838,4.314849,-19.143150
-0.953931,0.934790,0.288145,4.665535,3.718240,-16.451824
-0.917007,0.904263,0.294444,3.994010,3.544701,-13.077630
-0.806152,0.836208,0.279417,3.774458,3.182665,-10.406672
-0.635311,0.707051,0.284708,3.217110,1.035622,-8.576354
-0.456044,0.533383,0.288755,1.944887,-0.879073,-5.865097
-0.336415,0.415990,0.248148,0.605803,-1.465090,-3.652050
-0.235027,0.329895,0.191277,0.467724,-0.863035,-1.741225
-0.123631,0.241771,0.208923,-0.062386,-1.742262,0.457054
0.078413,0.095696,0.173115,-0.976213,-2.762345,3.957361
0.254808,-0.083686,0.110965,-2.022447,-4.507900,5.961559
0.372723,-0.187254,0.078430,-2.735856,-4.622464,8.802520
0.463745,-0.245566,0.066166,-2.832464,-4.957771,10.921213
0.585822,-0.304004,-0.002568,-2.776909,-5.107116,13.884852
0.727262,-0.449974,-0.062348,-3.909065,-6.178283,15.562719
0.893380,-0.625640,-0.137630,-5.284337,-6.783020,18.054011
1.000995,-0.714535,-0.162101,-5.242844,-7.872117,19.650210
1.028397,-0.750796,-0.186860,-4.774620,-7.910758,22.221700
1.101785,-0.753925,-0.254675,-5.663012,-7.760990,24.159906
1.239940,-0.878897,-0.317459,-6.834222,-7.884354,23.998524
1.350368,-1.031885,-0.313428,-7.570093,-11.065128,24.924533
1.386317,-1.055295,-0.323843,-7.092619,-12.069187,26.512913
1.336211,-1.011547,-0.359283,-6.868760,-11.946223,28.513475
1.312902,-1.006413,-0.385294,-7.622316,-11.864103,29.643309
1.381151,-1.101827,-0.411622,-8.086493,-12.806321,28.154471
1.434983,-1.183586,-0.383987,-7.979436,-13.836107,27.959051
1.378301,-1.179148,-0.410565,-7.984750,-13.601856,28.354987
1.265812,-1.089813,-0.438745,-8.274255,-12.314707,29.087918
1.187822,-1.071763,-0.393605,-8.563841,-12.248382,28.885022
1.215007,-1.140747,-0.363052,-8.338406,-12.283862,27.540047
1.227411,-1.168379,-0.358023,-9.072527,-11.641925,25.373648
1.134827,-1.148819,-0.324887,-9.569695,-11.403557,23.882037
1.011417,-1.010647,-0.321447,-9.176981,-9.471360,24.081272
0.902525,-0.944122,-0.289551,-7.989808,-9.103320,23.574551
0.853016,-0.957449,-0.281946,-7.652718,-8.541885,21.468170
0.801075,-0.952223,-0.306968,-7.859834,-7.580173,17.760854
0.686971,-0.883344,-0.277761,-8.184329,-7.191132,15.452291
0.521306,-0.729851,-0.279189,-6.702640,-6.033049,14.892806
0.378776,-0.585092,-0.255956,-5.144105,-5.747995,14.422335
0.238675,-0.489287,-0.220761,-5.203800,-6.106037,12.116103
0.166464,-0.425487,-0.211104,-5.534164,-5.589621,8.396378
0.068421,-0.371185,-0.197853,-4.748952,-5.534808,4.613755
-0.080995,-0.244650,-0.146375,-3.345658,-5.631039,4.297372
-0.234065,-0.079356,-0.131958,-2.420525,-4.012758,3.916611
-0.394163,0.044132,-0.111975,-2.336590,-3.894577,2.125596
-0.520954,0.098864,-0.073416,-2.461415,-3.376175,-2.340093
-0.610932,0.185422,-0.029904,-1.334114,-2.750483,-4.082893
-0.745502,0.279867,-0.006753,-0.365985,-2.219703,-6.101455
-0.934571,0.418692,0.035128,-0.318794,-1.826572,-6.678880
-1.076034,0.554788,0.037416,-0.013357,0.920986,-8.409877
-1.206596,0.622741,0.073302,0.816204,1.299248,-10.430509
-1.277051,0.661599,0.114615,1.539601,2.295779,-12.478231
-1.357149,0.729910,0.124791,0.865765,1.934859,-13.610861
-1.477742,0.834252,0.132580,1.159048,3.365063,-13.891367
-1.609732,0.921591,0.153975,1.895210,4.672149,-15.716516
-1.687530,0.999608,0.170026,2.798888,4.708985,-16.640334
-1.728911,1.036664,0.182919,2.479901,5.228082,-16.199496
-1.760433,1.084137,0.167495,2.238031,4.512065,-16.656530
-1.827355,1.156653,0.154805,2.803726,5.332736,-17.464684
-1.912199,1.216998,0.189701,3.218544,5.653414,-17.883784
-1.900002,1.265542,0.167669,3.008025,5.812192,-18.974716
-1.884016,1.293692,0.141426,2.691713,5.010368,-19.065177
-1.897254,1.320677,0.123153,2.743976,4.353864,-19.038343
-1.955984,1.404274,0.136210,4.284834,3.871736,-18.408670
-1.983806,1.507339,0.115794,5.416527,7.807862,-18.577924
-2.016289,1.529105,0.124220,4.534756,3.243507,-19.482400
-1.943563,1.533050,0.074497,3.821183,3.925509,-19.964482
-1.921413,1.486876,0.060123,4.655264,3.558431,-20.568578
-1.942637,1.503610,0.099742,5.442241,2.072304,-19.320736
-1.945917,1.554921,0.128520,5.855290,2.183562,-18.325984
-1.894917,1.542048,0.116023,5.365760,4.020408,-18.553863
-1.764030,1.427717,0.113962,4.528680,4.732579,-19.151890
-1.650714,1.348259,0.162874,4.199625,4.564245,-19.188373
-1.589690,1.309378,0.196591,4.666303,5.267793,-17.550333
-1.588301,1.306106,0.212747,4.660315,5.600380,-16.181251
-1.515392,1.272133,0.216903,3.970062,6.259946,-16.383521
-1.388936,1.165430,0.203458,3.893601,7.132658,-16.627014
-1.301794,1.042559,0.244629,3.974089,4.730580,-16.104648
-1.217369,0.987447,0.228135,3.652118,4.714562,-14.245703
-1.196582,0.979667,0.208762,3.848868,5.404671,-12.689186
-1.138581,0.913424,0.227091,4.105735,5.101322,-12.411944
-0.972463,0.810710,0.228037,3.948188,3.437073,-11.109653
-0.801760,0.685131,0.218570,2.875573,2.073420,-8.899580
-0.708595,0.592946,0.177027,2.065638,1.734391,-6.317933
-0.625736,0.554358,0.179040,2.134763,2.043820,-4.355263
-0.498640,0.464048,0.183438,0.984721,1.027285,-3.066203
-0.281500,0.320484,0.158432,0.788757,0.814622,-2.049410
-0.079801,0.126197,0.122457,-0.812134,-0.950968,-0.772082
0.043307,0.007116,0.083924,-1.341283,-1.492909,0.311938
0.093069,0.025629,0.058151,-1.073751,-2.358652,3.819454
0.128736,0.027405,0.057324,-0.754025,-3.561980,7.208159
0.285312,-0.091492,-0.019476,-1.789056,-3.976155,8.417123
0.417023,-0.241046,-0.077079,-2.972680,-5.492428,9.021960
0.511731,-0.377159,-0.069960,-3.598671,-7.411519,9.946043
0.563118,-0.396296,-0.107799,-2.664233,-7.213794,12.628956
0.587926,-0.384312,-0.160532,-3.463214,-6.634562,15.712939
0.699224,-0.501715,-0.205682,-4.378893,-6.535800,17.004491
0.885886,-0.670281,-0.223430,-5.436002,-7.478264,17.332673
1.011348,-0.808964,-0.214932,-5.543453,-8.613350,18.545816
1.070166,-0.836163,-0.228508,-5.722766,-8.498682,21.173574
1.087635,-0.814748,-0.264011,-6.453154,-7.689183,23.272218
1.150503,-0.902107,-0.271393,-7.257660,-8.397080,24.639028
1.291927,-1.043702,-0.259875,-8.051656,-9.556021,24.786741
1.352544,-1.134212,-0.288422,-7.641505,-10.360553,25.500294
1.297757,-1.097350,-0.327194,-7.671572,-9.679995,27.804882
1.242881,-1.041240,-0.360278,-7.680514,-9.186480,28.149391
1.255437,-1.073221,-0.335266,-7.800352,-10.742550,27.922717
1.326285,-1.147043,-0.350227,-7.920893,-11.675258,27.632884
1.316257,-1.128697,-0.368215,-8.257852,-12.073467,28.113718
1.189827,-1.051330,-0.376996,-7.947721,-11.325291,28.757397
1.107832,-0.947776,-0.357537,-7.473523,-11.614444,29.262577
1.099550,-0.978033,-0.321703,-7.191010,-12.069164,27.388393
1.129059,-1.038886,-0.299028,-7.839423,-12.487317,25.119202
1.069319,-1.005615,-0.300925,-8.067267,-11.976937,23.496559
0.890876,-0.860141,-0.280978,-7.375644,-11.292509,24.009309
0.739221,-0.723575,-0.250346,-6.028995,-10.576898,23.679424
0.653132,-0.682988,-0.232591,-6.203889,-10.338620,21.236263
0.604992,-0.709280,-0.215634,-6.670669,-9.527995,16.791650
0.504168,-0.662466,-0.209434,-6.456368,-9.023862,13.163170
0.296866,-0.506441,-0.139554,-5.058808,-10.029552,12.220771
0.099526,-0.329528,-0.124405,-4.056492,-7.647808,12.385839
-0.071722,-0.216356,-0.129345,-3.679797,-6.437655,10.361426
-0.182456,-0.207490,-0.118589,-4.156584,-5.424797,5.702661
-0.259895,-0.188317,-0.079328,-4.157355,-4.666531,0.997844
-0.413717,-0.063066,-0.050711,-2.833039,-3.322323,-1.005003
-0.625746,0.105599,-0.039794,-2.411295,-2.151162,-1.983608
-0.825912,0.267069,-0.027127,-2.413216,-0.529434,-3.266364
-0.973047,0.370453,-0.024406,-2.017656,-0.022997,-7.059629
-1.074137,0.423202,-0.000904,-0.807057,0.913965,-10.259395
-1.165014,0.513636,0.019799,-0.925208,1.668509,-12.873844
-1.327508,0.649250,-0.020949,-0.032280,3.240967,-14.895416
-1.487668,0.779783,-0.005020,0.174940,4.497524,-17.281804
-1.601507,0.895437,0.025471,0.639402,4.595110,-19.698167
-1.690743,0.987588,0.014754,1.590793,4.437140,-21.171130
-1.784962,1.066022,0.000935,1.676957,4.930943,-22.660387
-1.894885,1.203553,-0.019673,2.390864,5.526640,-24.074667
-2.016853,1.320716,0.043898,3.115256,4.990529,-25.769277
-2.067826,1.399373,0.029374,3.697416,5.284963,-27.276718
-2.087692,1.452388,-0.005801,3.355300,5.724163,-28.616331
-2.113111,1.489601,0.019162,2.723254,4.603736,-28.743637
-2.161684,1.562858,0.042664,4.361682,4.850605,-27.928749
-2.208889,1.663623,0.062401,4.897084,5.053762,-27.709070
-2.217309,1.675505,0.067486,4.041763,5.360125,-29.060187
-2.142630,1.645727,0.052111,4.214255,5.889487,-30.000701
-2.080395,1.615052,0.106120,4.307978,4.288615,-29.670074
-2.083868,1.632906,0.100202,5.290727,4.659209,-27.732286
-2.101642,1.693030,0.112239,5.499421,5.521863,-26.427684
-2.090229,1.681069,0.132511,4.899739,4.739078,-27.037184
-1.988158,1.604079,0.140829,5.437045,5.965748,-27.375311
-1.880576,1.527999,0.148365,5.920187,6.908759,-27.166960
-1.858197,1.488416,0.185024,5.180378,4.680237,-24.996917
-1.832800,1.497393,0.216397,5.532987,5.728244,-22.932450
-1.776188,1.456793,0.204318,5.669589,6.681529,-22.480188
-1.623643,1.335215,0.240841,6.400342,7.075081,-21.349859
-1.444261,1.208155,0.250147,5.348101,5.524595,-19.604512
-1.323189,1.102503,0.266238,4.516715,5.427395,-17.463867
-1.249380,1.043698,0.265407,4.872807,6.127004,-15.830088
-1.169685,0.982424,0.264527,5.831437,6.478757,-13.651414
-1.017751,0.858017,0.308732,4.319838,4.163083,-11.926377
-0.843227,0.679892,0.297467,2.489102,2.102555,-9.705012
-0.731499,0.586116,0.272924,2.883851,2.499642,-7.441240
-0.707774,0.569615,0.310669,2.878077,1.674644,-4.255609
-0.619391,0.502712,0.289546,1.753242,-2.026551,-1.949828
-0.431875,0.376683,0.222174,1.121448,-0.118775,0.087753
-0.260276,0.163892,0.212918,0.513715,-0.498520,1.601357
-0.065870,-0.007002,0.179194,-0.207118,-2.073706,3.833970
0.019592,-0.035149,0.154992,-0.922138,-3.255643,7.262640
0.097234,-0.073668,0.103576,-1.266994,-3.115628,10.883232
0.245515,-0.173789,0.014127,-2.508649,-3.407423,12.223462
0.420640,-0.343373,0.046780,-2.682365,-5.010060,13.981208
0.577761,-0.496499,-0.004337,-3.485134,-6.228761,16.518786
0.667936,-0.546454,-0.085423,-3.840786,-6.241421,17.709706
0.710706,-0.555583,-0.122498,-4.916074,-5.845027,19.411436
0.802256,-0.630908,-0.151650,-4.352617,-6.970437,21.392824
0.958363,-0.744071,-0.177312,-5.460361,-8.783003,22.641132
1.049125,-0.855404,-0.206476,-6.489172,-10.309764,23.439622
1.081454,-0.870507,-0.270690,-6.402559,-9.837874,25.043180
1.079928,-0.854229,-0.287208,-5.297963,-9.538348,24.951064
1.124897,-0.901280,-0.298611,-5.904544,-10.848717,26.555975
1.229459,-0.978214,-0.362136,-7.802755,-12.323586,26.903055
1.254409,-1.044040,-0.361161,-7.298251,-11.395676,26.014747
1.207004,-1.024933,-0.349243,-6.277662,-11.307595,27.125187
1.173786,-0.983807,-0.368422,-6.510824,-11.084688,27.833054
1.179189,-1.035141,-0.345668,-7.659795,-12.884193,27.071148
1.249111,-1.118715,-0.370720,-7.993494,-10.184900,26.736283
1.233733,-1.138915,-0.351895,-7.480659,-10.177695,25.364818
1.103059,-1.068924,-0.252365,-8.191422,-17.783689,25.688883
1.064569,-0.985701,-0.298506,-7.673539,-11.066586,26.855964
1.058182,-0.977432,-0.328882,-8.240390,-9.079644,24.982410
1.042567,-1.029620,-0.287753,-8.089729,-8.747851,22.135115
0.988912,-1.017376,-0.271754,-7.210354,-9.182912,21.246524
0.858163,-0.874187,-0.274616,-6.888931,-8.389120,21.269548
0.724266,-0.738362,-0.280656,-6.719836,-6.670534,21.282462
0.663229,-0.702850,-0.282652,-5.254438,-5.615516,19.506355
0.610946,-0.678776,-0.241565,-5.564589,-9.697077,15.569397
0.554905,-0.616072,-0.212726,-6.086063,-10.238561,13.003768
0.430684,-0.478915,-0.232398,-5.532825,-6.273376,13.048326
0.261137,-0.313900,-0.220889,-3.617726,-6.434212,12.050632
0.124311,-0.210119,-0.154305,-3.064349,-7.026856,10.864269
0.053650,-0.183443,-0.126972,-3.092125,-8.066546,7.586493
-0.025348,-0.129440,-0.130163,-3.234140,-7.141574,3.893136
-0.167970,-0.024195,-0.095287,-2.566148,-5.661116,2.186841
-0.348087,0.112732,-0.050373,-0.940008,-4.563292,1.194929
-0.517993,0.266124,-0.027587,-0.645150,-3.890155,0.680927
-0.663888,0.332406,-0.000910,-1.048752,-3.482562,-1.723180
-0.744426,0.368270,0.012761,-0.731610,-1.397377,-5.072054
-0.851272,0.436029,0.052479,0.147552,-0.645331,-7.513081
-1.022284,0.540277,0.108562,0.955347,-0.148849,-8.586954
-1.164417,0.685072,0.131402,0.793161,1.682587,-8.978047
-1.293965,0.770198,0.104817,1.103486,3.932321,-10.574788
-1.382899,0.783712,0.114635,1.666664,4.717926,-13.249478
-1.452976,0.829853,0.150893,1.813487,3.488322,-14.660491
-1.537466,0.898506,0.161718,1.773051,4.622837,-14.348523
-1.639402,0.987545,0.134133,2.206680,6.123587,-14.475863
-1.715043,1.053890,0.129337,2.574747,6.733897,-16.427911
-1.733910,1.076473,0.177461,2.829684,5.705684,-17.874210
-1.735361,1.103655,0.145674,2.947842,5.248499,-17.486909
-1.787375,1.171729,0.115515,2.554422,4.795007,-17.472424
-1.874103,1.265683,0.131188,2.814108,4.285944,-17.687671
-1.913837,1.318651,0.125575,3.835094,4.112707,-18.624726
-1.904929,1.337611,0.112344,4.123286,3.727158,-20.231835
-1.888553,1.353498,0.111382,3.183376,2.447719,-20.754350
-1.905175,1.376035,0.079936,3.532959,2.495249,-20.100633
-1.974083,1.456625,0.085749,4.553068,1.554837,-19.884386
-2.002263,1.492864,0.118114,5.083579,1.339407,-19.520111
-1.942463,1.460541,0.093962,4.824152,2.415161,-19.880076
-1.863468,1.383069,0.064725,4.338220,2.767718,-21.799958
-1.826075,1.331233,0.106189,4.021789,2.202446,-21.885508
-1.806360,1.335835,0.131802,4.982920,3.292980,-20.854720
-1.791048,1.341940,0.124423,5.147016,4.791758,-20.574541
-1.717042,1.276567,0.138666,3.942200,5.489568,-21.307971
-1.601736,1.165975,0.142821,3.176526,6.074676,-20.537641
-1.510852,1.096512,0.170541,3.345220,5.102802,-19.773176
-1.502613,1.053348,0.188099,3.694652,5.677465,-19.186492
-1.456649,1.039903,0.131812,3.600870,7.648926,-19.271175
-1.359410,0.974875,0.137300,3.295626,6.541783,-18.881401
-1.221833,0.864181,0.140422,3.330049,5.838288,-17.664221
-1.136441,0.794462,0.103100,2.868049,5.095679,-16.261177
-1.099694,0.747202,0.104318,2.097500,3.963038,-14.121587
-1.014298,0.702534,0.087177,2.851338,4.870225,-13.513297
-0.856052,0.621599,0.100652,2.652774,3.765606,-11.819595
-0.687013,0.464235,0.092222,1.160200,1.260804,-11.102726
-0.523035,0.368700,0.056152,0.228572,0.895954,-9.018360
-0.455968,0.326878,0.046098,0.427252,0.666092,-6.507306
-0.364579,0.278305,0.058338,0.474122,-0.852817,-4.075240
-0.190202,0.207732,-0.000664,-0.510646,-1.415968,-2.413872
-0.003129,0.047628,-0.023411,-1.671637,-1.975877,-1.602320
0.128221,-0.119376,-0.038642,-2.175376,-3.363124,-1.085065
0.211575,-0.144398,-0.035231,-1.787599,-4.276432,2.305812
0.243533,-0.134492,-0.061186,-2.195114,-5.068531,5.494413
0.338024,-0.211166,-0.123982,-2.573119,-3.979375,6.824122
0.474245,-0.331546,-0.145141,-3.253073,-6.024610,8.602828
0.603531,-0.461397,-0.122846,-4.172733,-8.745797,10.800124
0.709071,-0.529671,-0.183342,-4.426817,-6.957098,12.716816
0.757894,-0.540540,-0.229256,-4.787810,-4.945002,14.322343
0.818176,-0.627531,-0.160305,-5.957575,-15.571490,15.130286
1.044080,-0.775546,-0.221181,-5.460693,-7.474718,17.618382
1.168455,-0.861641,-0.248793,-6.647097,-9.096112,20.306212
1.204404,-0.874331,-0.253556,-7.194782,-8.733760,22.520471
1.222047,-0.877870,-0.281877,-6.365471,-7.349523,23.536708
1.304138,-0.910743,-0.278125,-6.501974,-9.466226,24.041310
1.419476,-1.022435,-0.279382,-7.578843,-10.887381,23.849841
1.473768,-1.075804,-0.339868,-7.634405,-9.566984,25.498327
1.381541,-0.995808,-0.342523,-6.835227,-10.669014,27.356436
1.278177,-0.889315,-0.305563,-5.788920,-12.653041,29.610223
1.280111,-0.914613,-0.307487,-6.459568,-13.402786,28.947312
1.370361,-0.976527,-0.333743,-7.645441,-11.924162,27.039716
1.380750,-1.004660,-0.319267,-7.402367,-12.635565,25.851028
1.223390,-0.919261,-0.269433,-6.304719,-13.339120,27.014473
1.107195,-0.771092,-0.237827,-5.477079,-12.764519,29.714703
1.055411,-0.757713,-0.253825,-5.608350,-12.093073,28.622637
1.054469,-0.832880,-0.214229,-7.029203,-12.526903,24.125405
1.038037,-0.860177,-0.182189,-6.641018,-11.946791,21.668769
0.883969,-0.734870,-0.155392,-5.529072,-11.046763,21.542169
0.685260,-0.559729,-0.128863,-5.456856,-9.943910,22.155334
0.532102,-0.496880,-0.132841,-5.030280,-8.836080,20.945121
0.452575,-0.462756,-0.105778,-5.003466,-8.788032,17.644062
0.356675,-0.448254,-0.054893,-4.432781,-8.390292,13.484540
0.212123,-0.351192,-0.068269,-4.233901,-7.255596,11.578781
-0.002109,-0.184116,-0.069625,-3.472639,-5.807414,10.940672
-0.212523,-0.056012,-0.052248,-3.152273,-4.762571,9.717324
-0.343000,-0.008590,-0.015195,-2.219200,-4.343621,6.363115
-0.433670,0.035365,-0.001984,-1.782400,-2.853732,2.031504
-0.567578,0.123905,0.001575,-1.713659,-1.621396,-0.918424
-0.763690,0.257448,0.006236,-1.383925,-0.502151,-2.380177
-0.936665,0.404377,0.027808,-0.852919,0.721227,-4.915300
-1.108067,0.493052,0.052613,0.320392,1.849913,-7.315423
-1.233890,0.551621,0.053795,0.288437,2.387914,-9.859417
-1.351083,0.622751,0.043511,-0.040470,2.867619,-13.016255
-1.504346,0.717788,0.062375,1.387325,4.025388,-14.796692
-1.680321,0.834360,0.082884,2.315933,4.484660,-15.930061
-1.792984,0.945651,0.073033,1.951779,5.705585,-17.840899
-1.868185,0.997951,0.065887,1.236375,6.717639,-21.487887
-1.937720,1.040580,0.069721,1.674056,5.990632,-22.352843
-2.036640,1.139729,0.101833,2.383971,5.265207,-22.247517
-2.154394,1.257040,0.091484,3.024243,5.609354,-22.404429
-2.245905,1.329031,0.085943,2.367021,6.211914,-23.759200
-2.238887,1.360250,0.091389,2.271791,5.969572,-25.566150
-2.197263,1.361858,0.088645,2.679525,5.363716,-26.458196
-2.204314,1.394499,0.064574,2.610013,5.096427,-25.282689
-2.248183,1.480295,0.049738,2.862196,5.483380,-24.801464
-2.246627,1.521815,0.039891,4.140472,7.530246,-25.134268
-2.213406,1.487572,0.071349,4.750241,4.849216,-26.095129
-2.101291,1.428012,0.044243,4.637653,4.082180,-26.152273
-2.055540,1.418904,0.015899,4.777354,3.797130,-25.073483
-2.082949,1.442127,0.040094,4.893858,4.075973,-23.806481
-2.071979,1.462120,0.060737,5.919091,4.910119,-23.190787
-1.988447,1.413051,0.085809,5.812579,4.431425,-23.230482
-1.858705,1.309556,0.099017,5.246920,4.706982,-21.827838
-1.780895,1.223103,0.129531,4.493535,3.784863,-19.786899
-1.762323,1.189783,0.166021,4.901135,4.645561,-18.426639
-1.692614,1.178865,0.209635,5.623632,6.052023,-17.501375
-1.568121,1.058147,0.232455,4.788058,5.922725,-16.436737
-1.368828,0.908182,0.236732,3.245940,4.995899,-15.414317
-1.227794,0.792417,0.262653,2.812536,4.714581,-14.234232
-1.192630,0.720361,0.297998,3.465065,4.370795,-12.134753
-1.137419,0.726548,0.301209,3.788694,4.672970,-9.372199
-1.022090,0.666417,0.259042,3.132108,3.928638,-7.318809
-0.837499,0.510649,0.257470,1.481741,4.259012,-6.167348
-0.689162,0.387177,0.234926,1.108463,2.208995,-4.198423
-0.613220,0.325815,0.230531,1.607403,-0.396765,-2.339139
-0.510831,0.299040,0.216903,1.412407,1.757663,0.414304
-0.370428,0.229879,0.158836,0.220990,0.331214,2.213707
-0.150071,0.071708,0.094999,-0.453281,0.225989,4.071800
0.008838,-0.072857,0.126104,-0.962676,-3.186699,5.089778
0.132832,-0.127211,0.086580,-0.840208,-3.751400,8.676577
0.225039,-0.133353,0.036828,-1.441830,-3.207690,11.024829
0.334673,-0.205688,-0.008342,-2.433422,-4.397689,12.038217
0.520013,-0.350092,-0.054256,-2.896935,-4.768982,13.589500
0.667722,-0.468050,-0.100414,-3.529976,-6.130009,14.812992
0.732797,-0.501564,-0.100844,-3.933007,-8.276093,17.054171
0.780156,-0.479296,-0.169687,-4.345311,-7.907249,19.525412
0.863838,-0.506310,-0.221772,-4.848108,-6.581597,19.380705
0.981133,-0.641265,-0.215614,-5.090312,-9.561204,19.750542
1.094400,-0.725508,-0.221638,-5.867715,-12.649141,20.947268
1.112660,-0.714056,-0.264395,-5.781505,-12.172262,22.849626
1.081231,-0.679906,-0.320600,-5.246337,-9.106763,24.373696
1.101982,-0.682873,-0.328885,-5.548275,-10.441606,24.261444
1.208878,-0.799964,-0.314698,-6.138031,-11.681889,23.215631
1.289892,-0.899297,-0.332715,-6.564593,-11.539923,23.441493
1.259940,-0.858359,-0.351553,-6.662357,-10.852177,24.623396
1.172191,-0.805055,-0.340153,-6.949072,-10.118703,25.943623
1.167657,-0.825682,-0.327263,-6.477336,-9.589341,26.015905
1.248376,-0.920860,-0.319175,-6.340764,-9.881409,24.523414
1.279060,-0.983311,-0.297098,-7.264813,-9.487989,23.216637
1.217718,-0.942717,-0.288724,-7.400607,-8.366363,23.554283
1.098493,-0.823076,-0.270389,-7.539313,-7.986867,24.498137
1.043762,-0.790218,-0.260679,-6.394944,-7.108050,24.408015
1.016219,-0.822816,-0.256021,-6.547239,-7.309622,22.150351
1.006339,-0.827448,-0.249552,-7.222722,-7.508015,19.838788
0.891893,-0.739518,-0.237604,-7.010352,-7.414207,18.636594
0.721006,-0.620730,-0.231462,-5.432191,-7.544956,18.204511
0.621053,-0.492366,-0.206896,-4.622732,-7.396656,17.924199
0.543315,-0.459716,-0.191485,-4.606750,-8.813757,16.026311
0.476271,-0.435597,-0.187694,-5.065064,-9.529519,12.853897
0.382685,-0.353483,-0.198871,-4.629366,-7.682477,11.067702
0.221659,-0.227047,-0.162803,-3.355830,-7.088267,10.341415
0.079710,-0.132732,-0.126306,-2.365098,-7.081473,10.143919
-0.034355,-0.066558,-0.124261,-2.525229,-6.952936,7.501582
-0.136285,-0.044783,-0.093061,-3.139091,-6.891495,3.816425
-0.229621,0.006181,-0.075973,-2.818626,-5.145658,0.910243
-0.402734,0.131179,-0.041543,-1.680874,-4.379554,0.579156
-0.603044,0.260754,-0.002929,-1.378043,-3.962615,0.259583
-0.744570,0.352475,0.009640,-1.570870,-2.812639,-2.156933
-0.865137,0.405092,0.013956,-1.038042,-0.680394,-5.806672
-0.996881,0.426327,0.048067,-0.279270,-0.495681,-8.562797
-1.114580,0.551719,0.060636,-0.866882,-0.610632,-9.313494
-1.301469,0.673009,0.040166,-0.240987,1.929298,-9.640900
-1.443145,0.752923,0.048221,0.816250,5.033286,-11.313164
-1.510947,0.798267,0.066856,1.288277,5.007296,-14.542744
-1.531535,0.830690,0.075876,0.787368,5.120501,-16.132298
-1.589710,0.889495,0.039109,0.657567,5.611993,-16.716449
-1.707103,1.010155,0.027946,1.526897,6.120915,-17.771164
-1.808432,1.104978,0.075932,2.347389,5.406161,-18.483234
-1.832971,1.162260,0.043882,2.623317,5.048014,-19.460877
-1.827286,1.198301,0.020928,2.015150,4.105203,-20.761284
-1.858259,1.213948,0.008776,2.053174,4.466599,-22.333185
-1.934760,1.317319,0.006807,3.002179,4.097949,-22.889461
-2.006625,1.423420,0.039375,4.198302,3.197789,-22.968855
-2.038731,1.462317,0.027253,4.178657,2.423866,-24.205570
-2.006294,1.483532,-0.027649,3.867239,7.295076,-24.824113
-2.038130,1.491160,0.039119,3.550920,1.682373,-24.894321
-2.068503,1.535745,0.068851,4.086896,0.350665,-24.278802
-2.092540,1.593562,0.074983,4.178696,1.479912,-24.261527
-2.063494,1.557725,0.091658,3.712410,2.366147,-25.559964
-1.943836,1.478391,0.088313,2.779331,3.810013,-26.991120
-1.868490,1.411604,0.118193,3.246967,3.411768,-26.508358
-1.833273,1.414456,0.154694,4.130619,4.858729,-24.668836
-1.828537,1.426936,0.131014,4.267096,6.080922,-24.297005
-1.748718,1.376449,0.146586,3.704972,6.970489,-25.090035
-1.618319,1.263122,0.145293,3.916623,7.148601,-25.596842
-1.497828,1.180359,0.161941,4.026821,6.215660,-24.595677
-1.466431,1.139732,0.168569,4.292036,6.430584,-22.662973
-1.455638,1.135088,0.144082,4.425073,7.666628,-21.172165
-1.368417,1.093765,0.118121,5.136361,7.502743,-20.790232
-1.219618,0.943823,0.183967,4.429895,5.937772,-19.966885
-1.043246,0.809611,0.159893,3.792840,5.306523,-18.119207
-0.923745,0.726004,0.159394,3.056448,4.661495,-16.656442
-0.870393,0.680253,0.184311,2.855064,3.687720,-14.190082
-0.758501,0.639393,0.187659,2.658436,3.118401,-11.196141
-0.578561,0.513981,0.195104,2.125664,2.448984,-9.161264
-0.418850,0.340799,0.191172,0.920048,-0.050267,-6.666084
-0.264169,0.233342,0.141318,-0.351552,-0.430446,-4.431107
-0.172444,0.157928,0.140921,-0.972176,-0.763876,-3.046138
-0.050065,0.075388,0.131336,-0.321101,-0.979837,-0.394728
0.115567,-0.052795,0.083005,-1.537871,-2.887889,2.774652
0.263089,-0.186098,0.070217,-3.132400,-5.351821,5.147129
0.392473,-0.267923,0.018873,-2.820930,-4.705224,8.378703
0.442511,-0.302618,0.007299,-2.254631,-5.774984,10.183653
0.520571,-0.365080,-0.006375,-3.010113,-7.957628,12.922536
0.702165,-0.480415,-0.087997,-4.588089,-8.238532,14.878652
0.882679,-0.637204,-0.138750,-5.320021,-7.451279,16.412838
0.971981,-0.740979,-0.156163,-4.748495,-7.245545,19.190681
0.996797,-0.735963,-0.174003,-4.724143,-11.789110,22.195683
1.088541,-0.750045,-0.222701,-5.512155,-8.501767,24.859377
1.246321,-0.903016,-0.275184,-6.243098,-8.444758,25.043647
1.400478,-1.039274,-0.305192,-6.523763,-9.451081,25.291556
1.437592,-1.066282,-0.253789,-6.785928,-10.937980,27.987497
1.396985,-1.003295,-0.290487,-6.399375,-11.155921,31.166609
1.369232,-0.967966,-0.331885,-6.597979,-9.833278,32.011320
1.416141,-1.072922,-0.334088,-7.309789,-11.314180,31.260213
1.492392,-1.156854,-0.329164,-7.334686,-13.286574,30.528111
1.433164,-1.136729,-0.311002,-7.148260,-14.631593,31.765189
1.301062,-1.050621,-0.314672,-6.916480,-12.965243,33.667508
1.239238,-0.997153,-0.320564,-7.198074,-11.152382,33.330618
1.253566,-1.064910,-0.264178,-7.154720,-12.791832,31.902428
1.294767,-1.118272,-0.239524,-7.856925,-13.641770,30.356089
1.226003,-1.055049,-0.226965,-8.134462,-12.322598,29.847945
1.063073,-0.935220,-0.212352,-7.646097,-9.898553,29.804233
0.955353,-0.856806,-0.163286,-6.411618,-10.200110,29.138209
0.898829,-0.851557,-0.136501,-6.865228,-10.419105,26.736556
0.852750,-0.857863,-0.152884,-7.271092,-9.964799,23.150507
0.702431,-0.769339,-0.154518,-5.788684,-8.805140,20.275105
0.483207,-0.601153,-0.120401,-4.907842,-7.980657,19.317676
0.327284,-0.458341,-0.121546,-3.976739,-6.855155,18.760220
0.200546,-0.367952,-0.136032,-4.215050,-6.945110,15.982967
0.084180,-0.354606,-0.108358,-4.278424,-6.834745,10.752336
-0.025883,-0.274008,-0.085312,-3.109972,-5.422246,7.839503
-0.211197,-0.117045,-0.045906,-2.882604,-7.437686,7.149099
-0.399612,0.045806,-0.037992,-2.523098,-3.239720,6.442781
-0.537419,0.143035,-0.041708,-2.091176,-1.700644,3.073000
-0.653400,0.182717,-0.012248,-0.959860,-1.127173,-1.666920
-0.770396,0.223180,0.024742,-0.469750,-0.442378,-5.528764
-0.918493,0.355505,0.035029,-0.700042,0.137531,-6.970638
-1.132062,0.524048,0.040173,-0.041720,1.415502,-7.893651
-1.334447,0.645768,0.059723,1.177354,2.969217,-9.682065
-1.468049,0.736695,0.095026,1.661353,2.190541,-12.763927
-1.542019,0.783295,0.115961,1.101405,2.729235,-15.127612
-1.619153,0.826601,0.083974,1.529832,5.075210,-16.633540
-1.745071,0.949420,0.099900,2.139492,5.996787,-18.203973
-1.886163,1.030716,0.142125,3.136743,6.305487,-19.762568
-1.941915,1.132268,0.133473,3.040101,6.341951,-20.101629
-1.981610,1.164918,0.131943,2.165830,5.317191,-21.148468
-2.018140,1.188312,0.122083,2.804481,5.734677,-21.422755
-2.084708,1.272937,0.116604,3.762933,5.418283,-21.408648
-2.129563,1.340558,0.135853,3.525629,5.433205,-21.496487
-2.119866,1.362150,0.116555,2.952466,5.777201,-22.530610
-2.088082,1.357827,0.100140,3.039572,4.583707,-23.637317
-2.066701,1.359620,0.117317,4.117811,3.832632,-22.670159
-2.094132,1.438831,0.102956,4.771288,3.506939,-20.652920
-2.144849,1.482442,0.114993,4.223173,2.643106,-21.346152
-2.087734,1.488521,0.072318,4.081759,4.193267,-22.391080
-2.008716,1.441303,0.075177,4.544166,3.277077,-23.156528
-1.962874,1.385521,0.085139,5.294269,2.426594,-21.803634
-1.956535,1.417131,0.076398,4.842855,2.473995,-19.466410
-1.982115,1.422541,0.110637,4.984584,4.068961,-19.175734
-1.899687,1.371837,0.113818,5.395755,5.031231,-19.517064
-1.758200,1.260920,0.146619,4.672772,3.849511,-19.802179
-1.638231,1.139565,0.150837,3.707220,2.641137,-18.093474
-1.558385,1.102696,0.158012,3.584438,5.223448,-16.295731
-1.557978,1.088359,0.193003,4.382736,5.524004,-14.985981
-1.445118,1.033880,0.211148,4.823663,5.926802,-14.233596
-1.279732,0.883935,0.206409,3.139044,4.745167,-14.126602
-1.129072,0.727635,0.198084,2.660018,4.614231,-13.420376
-1.058191,0.674413,0.197861,2.984595,3.995347,-11.719795
-1.046952,0.685173,0.214611,3.213493,3.371986,-9.337959
-0.959028,0.656695,0.185526,2.655580,3.696954,-6.814103
-0.825105,0.543933,0.166123,1.446662,1.931540,-6.179579
-0.664495,0.412662,0.177014,1.013669,0.578250,-4.450301
-0.532065,0.293851,0.151106,1.319806,0.219047,-2.487103
-0.437465,0.272265,0.112944,0.422082,0.524839,-1.489017
-0.312522,0.218312,0.101246,-0.800314,0.101664,0.305380
-0.118117,0.061086,0.075666,-1.380941,-1.039013,1.903825
0.067518,-0.065590,0.071684,-1.546320,-3.064917,3.900443
0.177776,-0.164536,0.027365,-1.791236,-3.757764,7.081035
0.239817,-0.159271,-0.019279,-2.420857,-3.614962,8.070589
0.337696,-0.193641,-0.051112,-2.260273,-4.349040,9.388281
0.470737,-0.310427,-0.087852,-2.610559,-5.727595,9.622852
0.632420,-0.432258,-0.133337,-3.880527,-7.152856,11.163011
0.673046,-0.495931,-0.162245,-4.706224,-7.927180,13.048377
0.693240,-0.474723,-0.183854,-4.466731,-7.552013,15.867306
0.732166,-0.476177,-0.191961,-3.632818,-8.230549,17.334140
0.839739,-0.605791,-0.215575,-4.486905,-8.995466,17.342840
1.022626,-0.749500,-0.254308,-6.215220,-9.589554,17.489598
1.078004,-0.818999,-0.264661,-7.063192,-9.878081,18.070048
1.046197,-0.785452,-0.235332,-5.731307,-9.832845,20.443325
1.036258,-0.736944,-0.248918,-6.025036,-9.044699,23.219676
1.135667,-0.823752,-0.299632,-7.598446,-9.672341,22.301648
1.238364,-0.986646,-0.299701,-7.936117,-9.713739,20.902422
1.277869,-1.019641,-0.279766,-7.606163,-10.144949,21.660119
1.190805,-0.944122,-0.292026,-6.933280,-9.294309,23.233352
1.124868,-0.884687,-0.324289,-7.163474,-8.739865,24.078446
1.152867,-0.929322,-0.346909,-7.272241,-8.917879,23.129160
1.202839,-0.998348,-0.285114,-7.710361,-10.101027,20.967407
1.188337,-0.955397,-0.287437,-7.285892,-9.711759,21.089687
1.047195,-0.801871,-0.305323,-7.201639,-9.313422,21.626700
0.920641,-0.701806,-0.297731,-7.050388,-8.897708,21.347478
0.909622,-0.701317,-0.271912,-6.428428,-9.072209,19.091839
0.920086,-0.734975,-0.270477,-6.151521,-9.261159,16.499244
0.845168,-0.701228,-0.274304,-6.237324,-9.604204,14.552063
0.687588,-0.538055,-0.273228,-5.490540,-8.726621,14.518244
0.520265,-0.403258,-0.216281,-4.607594,-8.618484,14.155890
0.443007,-0.343665,-0.190914,-4.067574,-8.652848,12.136797
0.398198,-0.322743,-0.166998,-4.207892,-7.783311,8.311723
0.292392,-0.301506,-0.155296,-4.069209,-7.321120,5.894851
0.131785,-0.171406,-0.129726,-3.314895,-6.286919,4.305571
-0.079187,-0.025531,-0.071016,-2.443887,-5.709847,4.117074
-0.204156,0.057840,-0.046992,-1.768765,-4.479724,3.068289
-0.295802,0.098493,-0.036210,-2.321639,-3.851646,-0.402141
-0.400833,0.102504,-0.013252,-2.780619,-2.772580,-3.925726
-0.530529,0.220498,0.013454,-2.344022,-2.161558,-5.058726
-0.723736,0.373548,0.054665,-0.729017,-1.431668,-5.488855
-0.884937,0.481839,0.067407,-0.476715,-0.036409,-6.423677
-0.979031,0.552714,0.076191,-0.943481,0.587510,-9.173687
-1.060702,0.577033,0.083885,-1.241353,1.500028,-11.946095
-1.132167,0.632434,0.066380,-0.146062,2.242184,-14.053734
-1.267125,0.747346,0.088129,0.864925,3.149026,-14.506415
-1.394539,0.841591,0.067135,1.330854,3.868543,-14.975339
-1.480572,0.918197,0.049781,1.045548,4.017966,-16.720495
-1.539275,0.948642,0.044049,1.068994,3.802891,-18.982349
-1.584573,1.010808,0.053004,2.085732,3.718227,-19.411664
-1.675519,1.126405,0.060951,2.708332,3.438579,-19.411741
-1.767007,1.216348,0.033470,2.525717,3.898570,-19.867663
-1.817163,1.270577,0.023744,2.903949,4.578074,-21.451532
-1.843675,1.273817,0.040744,2.981546,3.723734,-22.796978
-1.852462,1.285791,0.052971,3.460565,2.667518,-23.289515
-1.901180,1.353087,0.044374,3.395254,3.010447,-21.401667
-1.975367,1.424300,0.032561,3.587159,4.431287,-21.228233
-1.989120,1.432976,0.032282,3.917943,4.136196,-22.998860
-1.942575,1.402413,0.079936,4.181608,3.792101,-23.796502
-1.877540,1.364835,0.085195,3.517272,3.251933,-22.313203
-1.887821,1.380099,0.077596,3.089390,2.410956,-21.286204
-1.928060,1.392710,0.096431,3.744417,4.695172,-20.724992
-1.873992,1.367015,0.125158,3.947554,5.716082,-21.571369
-1.762885,1.298776,0.139178,3.622891,5.144774,-21.486766
-1.664717,1.202355,0.131943,3.108651,4.976185,-20.568335
-1.624280,1.189727,0.103685,3.801787,6.112739,-19.035840
-1.653261,1.202181,0.141485,4.286068,6.148209,-18.253523
-1.575697,1.185292,0.154333,5.179404,6.742970,-17.305997
-1.454739,1.101744,0.156253,3.977020,5.532194,-17.278072
-1.316210,0.975236,0.142585,3.508229,4.703129,-16.840265
-1.235154,0.917176,0.148818,3.977382,4.993963,-15.442558
-1.216349,0.893044,0.189645,4.746332,4.439300,-13.309205
-1.104558,0.867293,0.185880,4.269394,4.362353,-11.476126
-0.971600,0.750182,0.170236,2.988689,3.008045,-10.287907
-0.807872,0.595179,0.173384,2.395772,2.227153,-9.585205
-0.708000,0.520526,0.197927,2.655505,1.113262,-6.679105
-0.664429,0.505407,0.209799,2.235954,-0.198499,-3.099670
-0.538361,0.452944,0.147794,1.526481,1.879511,-1.558382
-0.394734,0.316381,0.156351,0.223360,1.113800,-0.814397
-0.210560,0.104828,0.157494,0.553098,-0.870283,-0.216561
-0.067948,-0.005180,0.159512,-0.504924,-2.326211,2.511160
-0.019092,-0.008584,0.102470,-1.182692,-2.005310,7.093738
0.016089,-0.025836,0.070276,-0.638014,-1.634634,9.045566
0.134717,-0.146935,0.092163,-1.258867,-3.463021,10.842026
0.317565,-0.297481,0.064033,-2.437712,-5.064963,12.366994
0.453937,-0.435465,0.012584,-3.632122,-6.674296,14.027637
0.533185,-0.499909,-0.049901,-3.959946,-3.914231,15.955915
0.571852,-0.499358,-0.062994,-3.056349,-4.076643,19.140679
0.683114,-0.579752,-0.074571,-3.830808,-5.511988,21.518594
0.854309,-0.717164,-0.133603,-5.425649,-6.789746,23.570265
0.981195,-0.821326,-0.174269,-5.764082,-6.145918,24.261365
1.005630,-0.866768,-0.166014,-6.013409,-7.908909,25.147979
1.043847,-0.831233,-0.186046,-5.142198,-8.233838,26.982613
1.113947,-0.862150,-0.240111,-6.227707,-9.225495,28.314675
1.185333,-0.981549,-0.259373,-6.748035,-10.826108,29.251622
1.215046,-1.018269,-0.276136,-7.019621,-11.325465,29.965731
1.163069,-0.971774,-0.286692,-5.926536,-11.658101,31.596589
1.130612,-0.942763,-0.291386,-6.046565,-11.770885,31.756902
1.177154,-0.976090,-0.319097,-7.165269,-11.720536,31.238899
1.215968,-1.050798,-0.335650,-8.151823,-12.274405,29.824883
1.189522,-1.056510,-0.284034,-7.551698,-12.829006,29.697175
1.093320,-0.947671,-0.258450,-7.057989,-12.438599,30.919164
1.006073,-0.862455,-0.271898,-6.898926,-11.225718,31.415892
1.005538,-0.906834,-0.269719,-7.713177,-10.586319,28.752252
1.012743,-0.971925,-0.257663,-8.333315,-10.608206,25.516813
0.941639,-0.934249,-0.210143,-7.425947,-10.805707,24.227104
0.780415,-0.797679,-0.222780,-6.800669,-9.008966,24.277096
0.631261,-0.659909,-0.232696,-6.485188,-7.400788,23.923651
0.539041,-0.624186,-0.224182,-6.494582,-7.576395,21.111671
0.499123,-0.612658,-0.202084,-5.736306,-7.044736,16.944952
0.420683,-0.554362,-0.174761,-5.288447,-7.163051,14.043887
0.254959,-0.417313,-0.191088,-5.125431,-5.849232,13.216211
0.081190,-0.239835,-0.191800,-4.224855,-5.260337,12.617528
-0.070912,-0.134758,-0.140653,-3.547002,-5.001667,10.462983
-0.131683,-0.095821,-0.133970,-3.067576,-3.934202,6.846800
-0.197509,-0.054705,-0.135165,-3.246804,-3.592953,2.386246
-0.348238,0.029460,-0.121372,-2.873305,-3.069707,-0.743320
-0.514776,0.216841,-0.085935,-1.684721,-2.204594,-1.363017
-0.706458,0.363822,-0.059380,-0.688889,-2.095348,-2.947278
-0.855123,0.462594,-0.044780,-0.777239,-0.929708,-4.998556
-0.947376,0.529307,-0.032947,-0.742550,-0.410650,-8.456089
-1.070405,0.614184,0.009351,0.256335,-0.749719,-11.345366
-1.200760,0.718017,0.030585,1.423461,0.776907,-12.284734
-1.348880,0.837114,0.027440,1.163154,2.304977,-14.138990
-1.472769,0.899792,0.069771,0.894782,2.653017,-16.522052
-1.517289,0.947276,0.083531,1.445992,3.476285,-18.200476
-1.577492,1.015275,0.126576,2.189129,3.109298,-19.775151
-1.678230,1.107124,0.128093,2.288275,3.995143,-19.532377
-1.768064,1.204787,0.140550,2.101317,4.810041,-20.005929
-1.823472,1.257352,0.132426,2.691926,5.450891,-21.764260
-1.832912,1.252386,0.145322,3.083620,5.250189,-23.014712
-1.814245,1.264829,0.122588,2.804386,4.617959,-23.474608
-1.860101,1.321415,0.131543,2.389647,4.317954,-22.657711
-1.914024,1.396911,0.126389,3.042458,4.728656,-22.406169
-1.933581,1.455378,0.125966,4.014122,4.577782,-23.786914
-1.914326,1.445232,0.125070,3.754743,3.821607,-24.191186
-1.861732,1.427448,0.105444,3.036894,3.166541,-24.614282
-1.871044,1.448150,0.088251,3.390055,2.514343,-24.238361
-1.930893,1.498723,0.101312,4.626598,3.233929,-23.635670
-1.911884,1.529243,0.096089,5.327310,3.146248,-23.464635
-1.850450,1.493445,0.091018,4.436515,2.997419,-23.867951
-1.772975,1.390018,0.081830,3.976945,3.109403,-24.023039
-1.715818,1.360499,0.109938,5.011274,3.227817,-22.966333
-1.729377,1.351863,0.139309,5.163159,3.903274,-21.906745
-1.662951,1.328430,0.138482,4.662682,5.080146,-21.022777
-1.546454,1.252622,0.132137,3.344114,5.256853,-21.356593
-1.427577,1.110144,0.158669,3.214477,5.181482,-21.146751
-1.331257,1.049820,0.180116,3.135459,4.683007,-19.503880
-1.290200,1.029672,0.188926,2.800040,5.197513,-17.164652
-1.220872,0.968556,0.157825,2.726901,6.877475,-16.582113
-1.082845,0.878305,0.159086,1.966843,5.749304,-16.535543
-0.963502,0.735917,0.173177,2.332149,2.301714,-15.553900
-0.843769,0.662544,0.159503,1.322471,0.239834,-13.382502
-0.783831,0.643808,0.107814,1.328261,2.812931,-11.199299
-0.721570,0.610560,0.085812,1.986301,3.482230,-9.285521
-0.578492,0.529349,0.087955,1.784674,0.779910,-8.439981
-0.398427,0.390292,0.066695,0.255955,-0.309718,-6.338267
-0.265081,0.281216,0.015000,-0.027074,-0.144930,-4.712219
-0.170406,0.223577,-0.003582,0.503024,-1.118461,-3.121107
-0.086014,0.171757,0.027302,-0.204762,-1.641682,-1.595440
0.086340,0.068701,-0.022387,-1.387854,-2.355304,0.005180
0.259338,-0.063860,-0.057782,-1.960304,-3.188285,1.178838
0.346601,-0.177616,-0.043677,-1.656009,-4.308026,3.110147
0.382426,-0.182064,-0.062062,-1.353992,-5.480831,6.134255
0.416645,-0.183489,-0.081307,-2.764170,-5.486782,7.889445
0.528763,-0.276973,-0.126375,-3.156277,-4.972871,8.694448
0.662766,-0.436086,-0.123900,-3.994257,-6.750531,8.936451
0.753909,-0.542742,-0.138930,-3.988007,-7.498953,10.988728
0.766954,-0.539072,-0.179728,-4.609586,-7.186356,14.242383
0.765444,-0.525197,-0.175267,-5.219155,-7.213752,15.890226
0.873794,-0.617162,-0.200926,-4.795520,-6.550492,16.509807
1.037519,-0.760883,-0.214088,-5.102529,-7.882177,16.964031
1.132555,-0.872992,-0.190379,-6.908737,-8.960865,17.935578
1.154298,-0.865130,-0.230710,-6.655622,-7.663695,20.091028
1.114905,-0.812365,-0.226447,-5.511147,-6.933244,22.359089
1.152351,-0.862311,-0.222682,-5.836154,-7.817208,22.845066
1.273178,-0.986331,-0.255923,-6.983570,-8.375735,21.986097
1.312534,-1.045671,-0.265816,-7.542264,-9.374732,22.142836
1.231885,-0.988796,-0.263410,-5.932471,-9.070440,24.413817
1.129644,-0.883433,-0.268258,-4.746808,-9.012025,25.782301
1.102028,-0.881300,-0.254672,-6.096078,-9.979655,26.309250
1.156195,-0.952716,-0.255739,-7.223247,-10.934093,24.599486
1.153093,-0.961598,-0.251603,-6.977599,-11.160726,23.437989
1.012595,-0.896359,-0.206834,-5.704424,-11.166447,24.597804
0.892957,-0.746273,-0.211961,-5.672633,-10.551840,26.291619
0.811723,-0.725305,-0.194321,-6.282175,-10.552707,25.323468
0.809310,-0.785055,-0.180978,-6.542732,-10.489408,22.448565
0.760067,-0.792615,-0.146352,-5.605622,-10.173431,19.740260
0.609643,-0.686086,-0.117348,-6.187884,-10.123902,19.770443
0.442688,-0.534756,-0.131827,-5.800015,-8.306784,20.094112
0.315848,-0.463497,-0.087468,-4.472213,-7.529607,18.352886
0.232507,-0.447607,-0.088880,-4.148995,-7.630132,15.537631
0.156991,-0.423908,-0.087524,-3.942713,-6.672011,11.638994
0.006807,-0.328362,-0.070521,-4.321349,-6.085952,10.085504
-0.196915,-0.167523,-0.066063,-2.867981,-4.537376,10.059146
-0.387122,-0.025810,-0.071591,-1.536703,-3.634798,8.558968
-0.516949,0.036829,-0.022883,-2.190660,-3.032891,5.215052
-0.596890,0.058171,-0.041560,-2.851910,-1.686970,1.438227
-0.709468,0.125402,-0.045203,-2.033447,-0.766958,-2.127518
-0.886874,0.257721,0.017357,-0.426665,-0.219792,-2.142218
-1.060229,0.428237,0.003708,-0.356099,0.698676,-2.888094
-1.210732,0.524330,0.018292,0.168720,1.891367,-4.939782
-1.294674,0.563152,0.031950,-0.124930,2.660291,-8.586566
-1.364147,0.625528,0.034557,0.480722,1.967798,-10.515168
-1.490061,0.716852,0.064778,0.439311,2.068529,-11.810388
-1.623240,0.853687,0.050099,1.334977,4.137348,-12.771321
-1.748163,0.952919,0.044079,1.439299,4.689779,-14.790702
-1.798565,0.994868,0.076969,2.689849,4.417803,-16.872314
-1.842356,1.065667,0.060343,2.418102,3.323825,-17.586252
-1.925168,1.150311,0.065221,2.106218,3.045888,-18.354409
-2.010229,1.247567,0.070552,3.906294,4.862238,-18.797500
-2.081521,1.344359,0.073670,4.209515,3.385942,-19.543389
-2.096088,1.360598,0.081285,3.680823,4.322937,-21.019138
-2.045594,1.354309,0.049147,2.799426,4.731190,-21.594244
-2.060766,1.354036,0.110630,4.654748,4.164671,-21.005516
-2.081501,1.411236,0.111484,4.940629,4.186062,-20.214025
-2.081137,1.441575,0.121154,4.926308,3.571833,-20.248740
-2.007863,1.414899,0.067565,3.656569,5.945846,-20.601126
-1.922470,1.340532,0.109045,3.952671,5.298750,-20.592778
-1.886583,1.320952,0.143872,4.162343,3.353164,-20.335041
-1.901709,1.341753,0.185660,5.213501,3.432398,-18.553179
-1.882979,1.368328,0.165969,4.822816,4.344092,-18.096017
-1.819983,1.333911,0.139857,4.550236,5.261412,-18.050788
-1.730743,1.210869,0.180802,4.846059,3.381357,-18.412315
-1.642366,1.161590,0.186215,4.652050,2.907343,-16.329032
-1.614203,1.154565,0.165595,4.977589,5.045969,-14.553219
-1.564829,1.103537,0.209035,6.369573,6.294980,-14.728405
-1.435254,1.024699,0.203061,5.322846,5.625208,-13.855364
-1.258932,0.903886,0.203868,3.827804,4.248406,-12.700589
-1.134186,0.789062,0.200727,2.560649,3.443654,-11.462769
-1.056920,0.754104,0.196463,3.296923,3.774485,-10.390310
-1.009637,0.729739,0.249215,4.066910,3.092614,-7.684965
-0.907392,0.634427,0.246655,3.370436,-0.290801,-6.127239
-0.727557,0.532464,0.181186,1.260627,2.421021,-4.289802
-0.619627,0.371096,0.164528,1.614155,3.177807,-3.699878
-0.526836,0.299575,0.163996,1.450076,-0.304811,-2.835830
-0.460895,0.260002,0.157014,0.847414,-2.777369,-0.749178
-0.320824,0.176667,0.103465,0.120009,-1.723589,2.096424
-0.160276,0.068281,0.062411,-0.396627,-0.774242,3.478630
-0.039463,-0.049286,0.043314,-1.220046,-2.117382,5.752957
0.065313,-0.112194,0.041860,-2.004529,-5.381793,7.842915
0.171782,-0.154354,-0.034726,-2.750341,-2.978146,9.396401
0.294591,-0.272659,-0.055080,-2.513388,-2.273265,10.397907
0.449450,-0.394395,-0.090396,-2.402948,-4.737648,11.727700
0.539829,-0.505572,-0.102324,-4.231823,-6.432144,13.334409
0.648238,-0.517018,-0.156284,-5.647473,-5.236975,16.317669
0.692551,-0.527482,-0.177190,-4.264677,-5.131340,17.324316
0.778954,-0.584180,-0.220912,-4.772408,-6.719298,18.248982
0.909152,-0.697178,-0.239195,-5.079080,-8.462240,18.126381
0.998678,-0.768883,-0.283262,-7.404740,-8.597519,18.969955
1.022587,-0.764356,-0.292781,-6.104409,-8.132644,20.781950
0.986917,-0.713025,-0.305872,-5.241781,-8.866410,21.694929
0.984294,-0.742029,-0.312000,-5.250279,-10.885399,22.242959
1.070185,-0.798169,-0.356434,-7.120908,-11.156922,22.128379
1.130632,-0.876176,-0.342149,-6.516128,-10.671761,21.215769
1.129433,-0.879612,-0.357245,-6.007994,-9.583882,20.757278
1.050524,-0.821832,-0.337754,-5.713103,-11.030866,21.628959
1.040263,-0.801044,-0.306101,-6.105800,-10.798089,22.427392
1.083085,-0.852989,-0.319920,-6.867671,-10.112174,22.004941
1.088209,-0.871863,-0.359861,-8.279779,-9.477515,20.784498
1.025338,-0.869509,-0.248111,-6.828787,-9.439862,19.715626
0.964622,-0.798090,-0.236080,-6.291829,-7.904833,19.745555
0.904445,-0.747583,-0.239297,-6.791840,-8.066316,19.492904
0.853046,-0.762065,-0.237735,-7.139588,-7.260421,17.540157
0.804433,-0.724399,-0.245386,-6.448904,-6.836737,15.579581
0.687246,-0.647708,-0.173576,-5.924564,-7.774090,15.207427
0.593739,-0.520641,-0.189693,-5.857523,-7.108224,14.994389
0.504746,-0.441791,-0.194085,-5.568839,-6.144218,13.232550
0.428222,-0.428589,-0.164123,-4.093233,-6.256964,10.223851
0.362035,-0.364453,-0.159311,-4.156794,-8.270598,8.288618
0.251266,-0.276290,-0.135628,-4.390303,-7.983933,7.146342
0.103514,-0.129374,-0.155159,-3.696708,-5.413971,6.683195
-0.049760,-0.028708,-0.111843,-2.358980,-5.670934,4.685840
-0.158080,0.027093,-0.088292,-2.043071,-6.651145,2.410381
-0.228610,0.097298,-0.082430,-2.536235,-6.781809,-0.674598
-0.361381,0.151534,-0.082518,-2.506975,-3.741888,-3.098679
-0.516253,0.287676,-0.057168,-1.974577,-3.841910,-4.119975
-0.703149,0.418882,0.007700,-0.921321,-4.996692,-5.132815
-0.847714,0.506733,0.005294,-0.632989,-3.217758,-6.490812
-0.940105,0.553991,-0.003549,-0.637867,-0.300921,-9.613172
-1.047654,0.585873,0.038105,-0.560070,-0.628528,-12.501707
-1.156030,0.675881,0.062067,-0.074663,0.551593,-13.537213
-1.301472,0.790353,0.049820,0.258196,1.612018,-14.279894
-1.428433,0.861716,0.067164,0.685714,3.489113,-16.493540
-1.492034,0.930155,0.069472,0.876180,4.383685,-18.491959
-1.552116,0.968625,0.092925,1.170694,3.716024,-19.091576
-1.617384,1.037162,0.085438,1.373056,4.159751,-19.113491
-1.706177,1.131027,0.056427,1.750858,5.790699,-19.779266
-1.778470,1.182827,0.066925,1.851068,5.986476,-21.953548
-1.774127,1.216000,0.069846,2.250836,4.479401,-22.796442
-1.760997,1.225758,0.037560,1.649611,4.082538,-23.414417
-1.794189,1.253134,0.032068,3.096969,5.411177,-22.764147
-1.863787,1.351512,0.027128,3.200113,5.107229,-22.611652
-1.951572,1.402331,0.111326,3.400778,-3.538069,-23.003977
-1.904131,1.425419,0.059789,3.842027,2.303463,-23.198120
-1.857507,1.420670,0.032443,3.229005,3.334191,-23.861261
-1.883137,1.403388,0.067831,3.484829,2.376776,-23.995939
-1.921791,1.460381,0.098105,4.521534,0.951374,-22.610498
-1.942020,1.512204,0.108132,4.330082,0.835511,-20.943571
-1.890191,1.462577,0.069183,3.247942,4.433020,-21.909011
-1.796001,1.371768,0.107118,3.828109,3.600846,-23.282786
-1.713034,1.296623,0.185286,3.515283,1.695273,-22.164806
-1.664372,1.293564,0.179535,3.322758,3.384718,-20.811128
-1.625537,1.279357,0.155455,3.418182,6.837846,-19.743413
-1.570294,1.199847,0.190748,3.815757,6.332866,-19.617724
-1.418921,1.100021,0.222299,3.819417,4.789546,-18.364103
-1.307958,1.001955,0.231457,3.647611,4.613413,-16.966304
-1.242670,0.924066,0.189632,3.085442,6.477950,-16.237982
-1.207982,0.892476,0.181518,3.131921,5.838219,-14.867402
-1.126377,0.823906,0.226612,3.629388,3.403874,-13.322826
-0.984953,0.713294,0.192836,2.679388,3.491690,-11.562776
-0.873097,0.602200,0.175380,2.250925,3.973949,-9.725885
-0.832106,0.544156,0.190975,1.973654,1.992909,-7.841826
-0.727252,0.551581,0.206550,1.480570,1.784688,-4.269431
-0.608244,0.471588,0.156965,0.563023,1.530857,-3.304398
-0.432725,0.294179,0.143422,0.604294,1.611917,-2.560727
-0.265331,0.139897,0.131874,0.416935,-0.160429,-0.828251
-0.141648,0.046056,0.122280,-0.585639,-1.602942,1.805739
-0.048811,0.021441,0.075311,-0.832902,-2.077386,5.140069
0.031060,-0.007018,0.023856,-1.731561,-2.839522,7.047004
0.155780,-0.141812,0.035282,-1.356178,-4.278172,8.121931
0.301261,-0.254071,-0.013341,-2.402465,-4.934607,9.844041
0.397259,-0.323994,-0.040477,-3.013993,-5.829968,12.109443
0.411443,-0.357612,-0.084255,-3.108087,-6.537589,13.556540
0.472260,-0.373664,-0.123966,-3.612500,-5.993174,15.206259
0.574101,-0.484646,-0.109382,-3.098982,-7.036405,17.289804
0.696483,-0.610626,-0.143992,-4.681314,-8.295561,19.012157
0.779017,-0.680930,-0.175949,-4.904142,-8.275407,20.481091
0.812832,-0.691768,-0.180660,-4.725381,-7.283697,22.368114
0.851910,-0.736784,-0.200581,-5.392868,-6.652130,23.212326
0.973600,-0.824553,-0.181950,-6.169972,-9.565927,24.627866
1.082600,-0.901240,-0.233491,-7.963611,-8.471513,25.761640
1.098976,-0.956228,-0.225498,-6.373128,-7.514462,27.104202
1.064080,-0.911518,-0.212759,-5.986667,-8.385401,28.269279
1.061487,-0.898841,-0.214971,-6.121917,-9.423128,29.220539
1.127257,-0.966811,-0.269368,-7.679644,-8.819993,28.784109
1.169814,-1.028662,-0.278122,-8.000167,-8.726138,28.149461
1.114932,-0.982829,-0.241247,-5.922253,-9.617241,28.533524
1.005610,-0.883594,-0.236057,-5.879072,-9.688933,30.084883
0.969809,-0.813310,-0.230730,-5.844141,-10.435399,30.334576
0.976410,-0.854275,-0.227362,-5.855429,-10.654699,27.713109
1.008873,-0.901037,-0.217879,-6.198811,-10.774308,25.840371
0.932205,-0.838864,-0.189929,-5.634885,-11.533197,26.413387
0.791799,-0.704179,-0.186709,-6.273392,-10.534903,26.778632
0.697806,-0.653626,-0.175421,-5.053940,-9.294154,25.265188
0.663055,-0.651030,-0.164835,-5.165858,-9.437525,22.856789
0.620124,-0.674732,-0.105518,-5.491925,-10.333502,19.784279
0.508212,-0.580277,-0.097650,-4.741264,-8.350421,18.269320
0.319554,-0.415186,-0.074818,-3.297546,-7.366237,17.348521
0.136204,-0.294022,-0.035008,-3.481517,-8.803702,16.221812
0.039569,-0.231278,-0.047147,-3.884342,-9.086580,13.517851
-0.034664,-0.233526,0.002192,-2.906060,-7.193683,9.335871
-0.167819,-0.199126,-0.024980,-2.504214,-5.149082,5.449496
-0.332795,-0.032775,-0.001432,-1.614493,-4.071608,4.431147
-0.524049,0.128649,0.022759,-1.854200,-3.258247,4.085830
-0.659726,0.212672,0.047545,-0.660062,-2.090270,1.541713
-0.761888,0.265907,0.021821,-1.058800,-0.426655,-3.218256
-0.861540,0.293256,0.041213,-1.120385,0.525607,-7.363978
-0.980646,0.415721,0.053385,-0.610422,1.671003,-8.952101
-1.166774,0.569218,0.021364,-0.854032,1.900272,-10.344794
-1.322828,0.689746,0.034402,1.300061,5.762910,-12.177078
-1.434769,0.765770,0.046649,1.371136,4.285179,-15.432632
-1.502876,0.790205,0.050631,1.550518,5.143058,-18.202644
-1.585580,0.871498,-0.001711,0.130164,4.661921,-20.962306
-1.705373,1.007227,0.013214,1.921148,6.279559,-22.017055
-1.870283,1.121157,0.033322,3.243957,5.810200,-23.444225
-1.930755,1.239102,0.027279,3.401681,5.422038,-24.990425
-1.975941,1.278497,0.046242,2.622283,5.145768,-26.610086
-1.984584,1.325981,0.042116,3.296492,6.707667,-26.855072
-2.048870,1.405735,0.048353,3.436724,4.675438,-27.379304
-2.089911,1.460469,0.048550,3.793483,4.568184,-27.318504
-2.069602,1.503840,0.023853,4.175171,6.935862,-28.295965
-1.999519,1.467694,0.023508,3.152721,5.891630,-29.445531
-1.935216,1.445403,0.055810,4.425076,5.450402,-28.452544
-1.906088,1.484910,0.060110,4.052956,5.414531,-26.906791
-1.910003,1.504122,0.042720,3.731717,5.498007,-26.824635
-1.846048,1.500049,0.070857,4.925586,5.484381,-27.049485
-1.746229,1.422908,0.100845,5.097769,4.234186,-27.070741
-1.657292,1.356081,0.082667,5.203664,4.364305,-25.426714
-1.634919,1.351000,0.081971,5.440426,4.646966,-24.587942
-1.670001,1.346608,0.136775,6.152472,4.962267,-24.029898
-1.590491,1.321130,0.147620,6.410534,6.466802,-22.860053
-1.472106,1.224455,0.157563,5.459602,5.373586,-21.673647
-1.332967,1.092353,0.130345,2.944733,5.248532,-20.883601
-1.231481,1.010030,0.217818,5.574163,5.651547,-18.820229
-1.189495,0.967965,0.291401,5.291939,5.513563,-16.837953
-1.063800,0.889518,0.305587,4.316960,5.830115,-14.482972
-0.904569,0.741552,0.291384,3.183908,5.571196,-13.695137
-0.756823,0.577256,0.310245,2.471606,4.911101,-12.249051
-0.646799,0.517930,0.332612,2.183228,3.973644,-8.608700
-0.602529,0.494605,0.293193,1.589980,3.471746,-5.823149
-0.486268,0.414349,0.257349,1.458620,4.071224,-3.797540
-0.322393,0.312836,0.220848,1.340738,3.233395,-2.941811
-0.123644,0.118562,0.210604,0.523795,0.907305,-1.894959
0.021384,0.023430,0.162050,-0.511167,-0.162845,0.871343
0.084695,-0.003010,0.120005,-0.572598,-0.498189,4.300630
0.146481,-0.031338,0.094090,-0.406093,-1.552389,7.391580
0.298464,-0.103958,0.036825,-0.290210,-2.074724,9.843415
0.485370,-0.266873,0.019126,-2.539993,-3.929423,10.691613
0.656693,-0.408920,-0.049779,-3.184046,-3.380057,11.091220
0.763202,-0.463245,-0.058737,-3.007530,-4.211102,12.532565
0.821019,-0.490115,-0.104757,-2.960535,-4.316593,15.941715
0.937860,-0.541626,-0.169670,-4.074598,-4.417751,19.301426
1.048682,-0.660257,-0.175615,-4.863696,-6.184320,19.968225
1.163052,-0.762511,-0.185446,-4.448330,-7.795695,21.197287
1.240150,-0.781691,-0.220683,-5.137139,-7.997742,21.470421
1.242789,-0.780256,-0.245754,-5.900300,-8.413804,21.662759
1.281371,-0.815851,-0.288892,-6.080079,-9.058324,23.272607
1.309354,-0.851745,-0.282360,-5.347642,-9.332172,24.807496
1.310854,-0.883817,-0.296435,-5.591764,-10.177271,26.048275
1.322516,-0.880545,-0.342861,-6.250333,-9.632095,25.861974
1.346393,-0.925639,-0.339986,-6.787983,-9.379114,25.271107
1.410889,-0.980308,-0.318253,-6.323488,-8.935600,25.039871
1.442867,-1.014239,-0.309748,-6.450010,-8.926823,26.250403
1.426323,-1.020623,-0.314757,-6.523162,-8.456033,26.487083
1.393371,-0.980058,-0.327907,-6.680571,-7.504756,26.107435
1.375531,-0.994065,-0.272529,-6.537782,-7.810433,25.562612
1.384853,-0.994833,-0.266499,-6.274941,-7.200244,24.539335
1.332731,-0.963121,-0.267152,-6.464725,-6.873563,23.521449
1.222021,-0.930648,-0.279730,-6.440376,-5.908641,22.253751
1.123929,-0.842751,-0.264411,-6.087038,-5.703666,22.134371
1.026053,-0.795877,-0.241897,-5.224580,-6.504170,21.260527
0.969257,-0.763690,-0.254626,-5.225063,-6.154410,20.290587
0.890941,-0.705682,-0.245540,-5.525166,-4.998500,18.703519
0.757317,-0.628053,-0.196412,-4.917305,-5.684637,16.586239
0.677740,-0.502368,-0.175089,-4.305977,-5.591840,15.396873
0.599293,-0.426212,-0.153232,-4.427273,-6.038534,14.417121
0.516523,-0.382605,-0.170993,-4.308107,-4.574757,12.567012
0.418467,-0.334895,-0.145420,-3.386875,-3.853644,9.578204
0.291748,-0.269095,-0.090307,-2.667752,-5.036524,7.915677
0.183668,-0.142419,-0.106125,-2.394361,-3.772906,7.292341
0.074494,-0.048236,-0.104898,-1.889591,-1.928846,4.757409
-0.048995,0.033888,-0.087816,-1.255289,-1.817982,1.706933
-0.180040,0.138995,-0.048020,-0.524904,-3.141526,-0.764531
-0.323912,0.224374,-0.017585,-0.597059,-2.202194,-2.229109
-0.462481,0.348214,-0.030771,-0.469379,0.512759,-3.549491
-0.625463,0.455573,0.002960,0.902345,0.893259,-5.612724
-0.774266,0.513741,0.042779,1.468950,-0.202668,-7.944440
-0.872611,0.597194,0.039290,1.769450,0.892471,-10.482155
-0.982573,0.637525,0.046711,1.539781,3.964476,-12.799588
-1.080406,0.690402,0.072383,2.075958,5.504198,-13.953607
-1.203888,0.784612,0.115603,2.849109,4.206979,-14.571850
-1.306107,0.844385,0.145073,2.812980,4.300361,-15.866547
-1.343225,0.908714,0.110227,1.846407,6.805836,-17.456979
-1.371953,0.930358,0.123645,2.545750,8.147049,-19.985734
-1.430373,0.944552,0.160733,3.058276,6.946944,-20.946071
-1.472806,1.014609,0.165014,3.012801,5.689511,-19.949580
-1.545945,1.085976,0.134234,3.560482,7.102607,-19.926262
-1.594942,1.118702,0.112984,3.553973,8.436908,-21.257591
-1.578306,1.130062,0.135639,4.308898,6.685616,-22.475586
-1.544911,1.154122,0.117553,4.204828,5.206658,-22.742839
-1.564852,1.185204,0.073847,4.082216,5.768257,-22.610609
-1.581851,1.253643,0.042664,5.013644,6.984498,-21.869823
-1.601576,1.274594,0.090650,5.774506,4.926157,-22.043822
-1.538399,1.250278,0.080366,5.387418,3.236135,-21.640770
-1.454335,1.209904,0.037567,5.339833,4.009274,-22.659599
-1.415950,1.160628,0.060199,4.813021,4.886601,-23.167270
-1.374004,1.156683,0.091809,5.337131,3.569828,-22.460092
-1.351139,1.135393,0.121561,6.025068,3.378734,-21.270381
-1.292065,1.100271,0.101023,5.597586,5.331673,-20.133711
-1.199756,1.029747,0.103271,5.082145,6.261515,-20.474932
-1.135069,0.942914,0.162194,5.147991,4.792441,-21.291227
-1.085222,0.884706,0.205273,5.132839,3.666525,-20.555402
-1.040351,0.852282,0.178009,4.541538,5.158285,-19.292584
-1.001254,0.800472,0.210771,4.390076,6.893024,-18.499898
-0.941096,0.736616,0.225837,3.755614,6.047931,-17.102532
-0.888078,0.672382,0.241258,3.756520,4.463104,-15.726381
-0.805000,0.580014,0.244143,2.874388,4.834972,-14.503185
-0.672406,0.516738,0.182398,2.499136,8.118765,-13.799727
-0.556030,0.393525,0.180697,1.767497,6.208409,-12.692133
-0.396950,0.263632,0.192875,2.296810,5.572171,-10.953877
-0.251177,0.196529,0.141022,1.267550,5.167214,-8.576125
-0.141717,0.075578,0.152258,1.108141,4.233830,-7.379445
0.007145,0.013921,0.141938,1.089668,3.743565,-5.261337
0.135682,-0.059645,0.106028,0.247565,2.317083,-2.691026
0.239364,-0.152059,0.046318,-0.963188,0.961981,-0.043696
0.335313,-0.223623,0.014353,-0.723229,1.081731,1.743707
0.442215,-0.295981,-0.019774,-0.682914,0.036954,3.288443
0.560019,-0.382693,-0.043444,-1.489511,-1.093715,5.421796
0.693220,-0.441584,-0.112070,-2.703780,-3.121080,7.274671
0.807104,-0.545581,-0.112323,-2.801048,-3.401278,9.299536
0.909379,-0.605279,-0.119560,-2.886194,-4.311692,12.463932
1.008242,-0.656354,-0.114210,-3.615391,-6.984211,14.513599
1.120479,-0.748561,-0.151216,-4.697355,-6.433651,15.355664
1.272768,-0.842944,-0.167855,-4.974481,-6.096748,15.755405
1.382870,-0.916011,-0.186191,-4.713770,-7.188762,16.405477
1.420090,-0.939970,-0.216386,-5.053102,-7.656605,19.615372
1.419900,-0.928216,-0.252657,-5.491531,-8.451792,22.068781
1.427853,-0.970260,-0.256015,-5.625651,-8.547423,23.347719
1.499266,-1.051842,-0.246190,-5.176824,-12.403789,22.599898
1.579466,-1.110398,-0.268055,-6.038201,-11.853816,22.712009
1.600214,-1.133306,-0.299990,-6.253611,-7.178472,22.852784
1.576922,-1.091356,-0.275995,-5.537347,-7.996967,25.151487
1.529792,-1.059710,-0.256661,-4.926673,-8.994084,26.476031
1.528854,-1.072423,-0.261821,-5.700557,-8.088577,27.307296
1.573117,-1.114639,-0.283154,-6.454762,-6.927165,24.901973
1.569969,-1.161095,-0.239488,-5.807797,-7.148759,23.386797
1.548791,-1.127355,-0.237380,-5.458926,-6.615691,23.982131
1.479506,-1.049390,-0.244447,-5.977240,-5.981462,24.730094
1.375915,-0.987070,-0.228452,-5.512292,-6.168492,25.208364
1.330102,-0.938326,-0.196849,-4.811843,-5.578208,23.687053
1.282943,-0.899599,-0.195706,-4.773780,-6.042508,21.261664
1.216359,-0.862380,-0.206680,-4.922350,-5.934086,18.964345
1.104323,-0.750744,-0.194630,-4.452761,-6.112126,17.341562
0.941553,-0.629123,-0.150061,-3.349737,-6.700385,17.404808
0.791135,-0.498350,-0.135228,-2.302932,-6.577169,16.781441
0.650437,-0.401916,-0.147963,-2.945633,-6.747924,14.838275
0.555919,-0.364256,-0.139721,-2.848657,-5.487639,10.984847
0.475211,-0.300245,-0.109329,-2.233459,-4.987120,7.986756
0.360653,-0.214908,-0.069589,-1.413808,-4.898842,6.015740
0.196078,-0.108242,-0.064376,-1.095993,-4.335582,5.539433
0.038548,0.020692,-0.031782,-1.210642,-3.344978,4.535018
-0.107216,0.101211,-0.004436,-0.442128,-2.468252,2.975114
-0.212382,0.138525,0.019457,0.487157,-0.886905,-0.224944
-0.293642,0.182024,0.033631,0.049063,-0.059803,-3.824423
-0.418132,0.243777,0.052768,0.072135,1.190754,-6.438646
-0.595764,0.322322,0.064079,1.344782,2.293403,-7.948932
-0.786244,0.467108,0.091927,2.474695,3.383970,-7.416391
-0.956245,0.552343,0.108841,2.729297,3.412849,-8.453559
-1.057357,0.583838,0.089606,2.495663,5.006272,-10.796510
-1.127618,0.609467,0.109849,2.803969,6.088814,-15.372730
-1.194153,0.648702,0.136985,2.731654,6.397921,-17.188438
-1.281827,0.725590,0.133387,2.911210,6.825343,-16.744277
-1.400438,0.832319,0.111471,2.983995,7.324366,-15.508966
-1.513797,0.875594,0.114769,4.146017,7.304277,-15.261819
-1.535950,0.898332,0.109380,4.740374,7.505684,-15.886005
-1.522981,0.882976,0.113781,4.003008,7.263827,-17.988499
-1.498596,0.859819,0.089045,3.414565,7.062778,-19.131036
-1.507333,0.888803,0.088815,3.814136,6.242090,-18.860065
-1.558500,0.931717,0.116017,4.709605,5.425780,-16.995640
-1.581270,0.978479,0.092308,4.983550,4.663031,-14.837447
-1.560204,0.976152,0.071182,4.472331,4.870730,-14.512426
-1.508879,0.925835,0.087650,4.444847,3.776060,-15.418592
-1.452681,0.896937,0.093040,4.769388,2.928531,-15.897870
-1.424143,0.884733,0.112895,4.707176,1.588808,-15.592429
-1.415891,0.867844,0.076040,4.339851,3.013373,-14.286825
-1.420112,0.873851,0.072971,4.309367,2.771605,-12.247817
-1.402676,0.835499,0.106796,4.493269,1.292505,-11.707133
-1.335750,0.801506,0.106192,4.565621,2.784436,-11.250640
-1.254425,0.752027,0.089462,3.750657,2.941445,-12.321374
-1.203252,0.683903,0.102703,3.187755,3.245034,-12.172753
-1.141571,0.653124,0.108789,3.280284,3.546739,-11.922929
-1.129620,0.637056,0.114786,3.798253,3.728829,-8.911784
-1.086446,0.594686,0.093220,3.806525,4.494993,-7.416563
-0.979694,0.541353,0.064965,3.028052,5.785060,-7.558701
-0.900312,0.456594,0.112160,2.357492,-0.693333,-8.499449
-0.730433,0.329495,0.067502,2.967635,6.376940,-8.668511
-0.644331,0.296056,0.039920,2.099828,5.841860,-7.660147
-0.597812,0.269268,0.061896,1.621823,4.885817,-5.123293
-0.526052,0.252032,0.055735,2.502015,4.718202,-2.269934
-0.425399,0.204476,0.054274,2.400293,4.929109,-1.957184
-0.297528,0.103492,0.026813,1.192136,3.677299,-2.031298
-0.161379,0.009860,-0.001035,0.381190,3.012300,-2.304416
-0.055816,-0.039823,0.017593,0.894248,1.837788,-0.208219
0.008392,-0.073872,0.001374,0.827211,0.858985,2.955890
0.079207,-0.099347,-0.016886,-0.000413,-0.601323,5.092704
0.186205,-0.159865,-0.024521,-1.086677,-1.158815,6.891172
0.336373,-0.269124,-0.023749,-1.397527,-2.226333,6.351822
0.478841,-0.354911,-0.038054,-1.520513,-3.181191,6.443587
0.580616,-0.409442,-0.033603,-2.816118,-4.131841,7.532707
0.655951,-0.417858,-0.064970,-3.072358,-4.937617,9.700139
0.670975,-0.446281,-0.078464,-2.423866,-5.746190,11.298606
0.719877,-0.464955,-0.075467,-2.262735,-6.426140,13.327299
0.812169,-0.524193,-0.115018,-3.520670,-6.605562,13.215945
0.898616,-0.604820,-0.154299,-4.194968,-6.777614,11.429055
0.960647,-0.661159,-0.167868,-3.449192,-6.659207,11.153441
0.999574,-0.631371,-0.186795,-3.045596,-6.452876,13.302641
0.974939,-0.644268,-0.168091,-3.489241,-6.613738,14.503550
1.006106,-0.634539,-0.185416,-4.377521,-6.303896,16.083697
1.050451,-0.664186,-0.189814,-3.687772,-5.746800,15.532984
1.093668,-0.749989,-0.181943,-3.738758,-5.023797,13.668969
1.159297,-0.764484,-0.198214,-4.817532,-4.660911,13.234481
1.153041,-0.800145,-0.199859,-5.416012,-3.886288,12.645993
1.121040,-0.782843,-0.200289,-4.777854,-3.633609,13.053733
1.088140,-0.720785,-0.184943,-4.118113,-3.568601,14.905837
1.078116,-0.720752,-0.210185,-4.653203,-2.929979,15.064080
1.078181,-0.720417,-0.209700,-5.148753,-3.040289,12.698301
1.076166,-0.718297,-0.196120,-4.980065,-3.328201,10.999183
1.051177,-0.676347,-0.193133,-4.376178,-4.185607,10.494809
0.990678,-0.610554,-0.204434,-4.488264,-3.680368,10.917820
0.927038,-0.532708,-0.212916,-4.215674,-3.327479,11.990925
0.871654,-0.480881,-0.214052,-3.300097,-4.417406,10.702796
0.817349,-0.446744,-0.157450,-3.518599,-6.050098,9.200954
0.819867,-0.400386,-0.183565,-3.802963,-4.537170,7.754100
0.772284,-0.347581,-0.176370,-3.750411,-4.478811,5.894363
0.722910,-0.285107,-0.171945,-2.985623,-4.478667,4.639071
0.633861,-0.185235,-0.133934,-1.805560,-4.460288,5.424867
0.528422,-0.129762,-0.114722,-1.597956,-4.865502,4.755289
0.450526,-0.055782,-0.129437,-1.514274,-4.136784,3.111266
0.364313,-0.008646,-0.070744,-1.437228,-4.336311,1.273242
0.304914,0.030487,-0.041097,-0.715246,-3.602450,-1.524422
0.221809,0.101503,-0.033508,-0.698568,-2.664457,-2.872814
0.103737,0.149600,-0.026727,-0.480395,-1.564794,-4.150579
-0.016594,0.218732,0.008977,1.008818,-0.480621,-5.128792
-0.133190,0.288260,0.056611,0.956598,-0.272209,-5.618032
-0.207852,0.331946,0.056480,0.995435,0.592726,-7.219858
-0.285439,0.370456,0.054645,0.632641,2.096073,-9.615886
-0.356313,0.392452,0.092945,1.293615,3.483261,-11.126311
-0.440167,0.424482,0.119437,1.703263,3.726430,-13.342051
-0.515374,0.493794,0.122913,2.215658,4.225420,-13.720164
-0.603744,0.531059,0.123993,1.966187,4.978257,-13.957785
-0.697779,0.593436,0.107220,2.159282,5.520706,-15.260640
-0.788742,0.624747,0.171506,2.512561,3.519699,-15.760707
-0.819951,0.673918,0.141439,3.075611,5.459019,-15.715893
-0.861448,0.688548,0.113545,2.670414,5.843658,-17.108754
-0.916298,0.676984,0.120931,2.415890,5.657606,-17.749457
-0.932552,0.702596,0.119424,3.437575,4.720093,-17.276901
-0.972913,0.733215,0.145559,3.450958,4.088982,-16.478104
-0.995920,0.745524,0.107666,3.318597,4.350500,-15.227994
-1.002156,0.754459,0.096861,2.731053,4.585723,-15.689699
-1.000761,0.711449,0.120340,3.102117,3.735197,-15.731169
-0.945318,0.685590,0.121479,2.928266,3.140403,-15.343325
-0.920069,0.648919,0.104679,2.394919,2.805575,-14.881977
-0.907156,0.614259,0.072127,2.396957,3.596029,-14.305682
-0.905318,0.617680,0.069925,3.311891,3.391881,-13.077853
-0.912093,0.597522,0.115278,2.838005,2.051487,-11.637666
-0.855540,0.579137,0.077596,2.511475,3.030652,-10.426124
-0.816541,0.543907,0.034875,2.167022,3.541970,-11.598262
-0.786411,0.502000,0.061843,2.074852,3.121979,-11.602006
-0.746950,0.478448,0.062861,2.466456,3.222848,-10.361007
-0.725069,0.464452,0.045763,2.939869,5.004759,-9.308171
-0.727377,0.429786,0.051064,2.655919,3.833457,-7.503968
-0.660687,0.392721,0.042687,2.038883,4.601147,-6.603837
-0.601003,0.335987,0.048599,2.354164,4.218500,-6.606960
-0.526314,0.258873,0.061413,2.421458,4.293938,-6.379748
-0.426042,0.220636,0.050844,1.222360,4.719519,-5.296186
-0.366706,0.171908,0.052489,1.152979,4.216203,-4.158189
-0.315102,0.131508,0.058696,1.300515,4.180103,-1.953400
-0.243709,0.094725,0.063892,1.521016,3.886554,-0.379206
-0.154043,0.043515,0.051195,1.101865,4.045254,1.233806
-0.085765,-0.039537,0.038052,0.169446,2.729416,2.109301
0.013283,-0.104047,0.025487,0.171347,2.463969,2.834700
0.075357,-0.152968,0.045779,0.472192,0.986734,4.336582
0.143901,-0.199592,0.021220,0.168639,0.880255,6.976245
0.216847,-0.227375,-0.004445,0.047819,1.003514,8.931219
0.273025,-0.277708,0.010854,-0.567595,-0.897372,10.243796
0.371013,-0.335748,0.011330,-0.311138,-1.399431,11.593016
0.453369,-0.388864,0.002165,-0.671333,-2.084295,12.620300
0.517551,-0.440980,0.001584,-1.861467,-3.645095,14.340104
0.582960,-0.495793,-0.006674,-2.172281,-3.749492,15.289876
0.650985,-0.531103,-0.006448,-1.920179,-3.814718,16.430844
0.701492,-0.588283,-0.017880,-1.868307,-4.131237,17.640655
0.755262,-0.609691,-0.036653,-3.038119,-4.826598,18.748713
0.787525,-0.624567,-0.053672,-3.437444,-5.224469,19.557553
0.799831,-0.657792,-0.062239,-3.009174,-4.993582,19.750220
0.824160,-0.650511,-0.065886,-2.522434,-4.851413,20.597188
0.840746,-0.670570,-0.076813,-2.896833,-5.704778,20.346269
0.881275,-0.707586,-0.115920,-3.518307,-4.560983,20.339328
0.882203,-0.714374,-0.149703,-3.317060,-3.749489,20.187177
0.859226,-0.706342,-0.122977,-3.093040,-4.383764,20.285824
0.859213,-0.681159,-0.125311,-3.060328,-3.910401,20.718294
0.861419,-0.645630,-0.143539,-3.650077,-4.371445,20.652711
0.851779,-0.661566,-0.165853,-4.082059,-3.722583,19.256739
0.873567,-0.647760,-0.175211,-3.629082,-2.497245,17.896230
0.834277,-0.625167,-0.137082,-3.083009,-5.157908,17.065126
0.796141,-0.583999,-0.152762,-2.846694,-5.027887,16.637911
0.777947,-0.519827,-0.183371,-2.873400,-3.581428,16.126217
0.734149,-0.492511,-0.171860,-2.585218,-2.239971,14.266409
0.700993,-0.443941,-0.141999,-1.867917,-2.868539,13.213591
0.668815,-0.393407,-0.150136,-1.962733,-3.213221,11.587929
0.609190,-0.331159,-0.135310,-1.960544,-1.272424,10.672379
0.546088,-0.275430,-0.143004,-1.498787,-1.318860,8.944648
0.482452,-0.214409,-0.104304,-0.259453,-1.609080,8.119322
0.405574,-0.162045,-0.063231,-1.023034,-3.891110,7.081676
0.384362,-0.102527,-0.087455,-1.077700,-1.180486,5.644136
0.318891,-0.069509,-0.054795,-0.901288,-0.601165,3.696365
0.263014,-0.023670,-0.015668,-0.334769,-1.409068,2.118406
0.194680,0.030142,0.011757,-0.089715,-2.344091,0.629234
0.113758,0.084227,0.025110,-0.338931,-0.866222,0.136987
0.051267,0.154967,0.035115,-0.290387,-0.268034,-1.888408
-0.037342,0.200872,0.059953,0.881210,-0.016583,-2.976588
-0.091893,0.243980,0.056838,1.164179,0.636215,-4.691861
-0.146746,0.298088,0.045372,0.727053,1.058366,-6.680762
-0.231174,0.318127,0.073552,0.558185,1.490460,-8.701177
-0.293199,0.376289,0.078994,1.256392,2.422843,-9.772783
-0.371784,0.446477,0.093483,2.322016,2.742060,-10.522547
-0.447391,0.483057,0.075144,2.158826,3.337038,-12.040549
-0.492508,0.524357,0.057603,2.123737,3.826308,-14.030191
-0.553473,0.548079,0.090210,2.484172,3.930056,-15.884005
-0.574973,0.574105,0.093164,2.894571,4.424007,-16.812197
-0.627774,0.610015,0.079624,2.679395,5.045796,-17.706627
-0.701846,0.626605,0.074418,2.416419,5.769702,-18.795613
-0.718301,0.661507,0.084512,2.958418,5.444648,-19.234726
-0.736312,0.683391,0.076385,3.166085,5.316932,-19.845230
-0.757533,0.678031,0.068129,2.303752,5.490031,-20.626927
-0.749349,0.677620,0.044250,2.203530,6.132782,-21.161600
-0.748398,0.684234,0.062697,2.768710,5.457273,-21.261862
-0.749067,0.677128,0.064630,3.048902,4.785902,-20.283794
-0.740480,0.678480,0.024575,2.777838,5.056316,-20.100240
-0.732015,0.651840,0.032226,2.110187,4.640861,-19.961783
-0.678235,0.620135,0.020731,2.446584,4.674447,-19.487778
-0.630141,0.597519,0.027690,3.013314,3.926212,-19.567524
-0.592623,0.556498,0.008169,3.116802,4.331751,-18.368474
-0.538400,0.533485,-0.009202,2.327274,3.760426,-17.257764
-0.503038,0.483526,0.002513,1.899287,3.507610,-16.368521
-0.433625,0.439486,0.007966,2.228506,3.414651,-15.124252
-0.375736,0.376351,0.021758,2.664588,3.017637,-13.873257
-0.301697,0.318574,0.008819,1.917308,3.588761,-12.012841
-0.229060,0.272127,-0.000963,1.281368,3.108314,-11.186311
-0.165801,0.198935,0.004850,1.368094,3.121113,-10.560751
-0.086684,0.147463,0.018423,1.661390,3.203013,-8.617457
-0.009606,0.094495,0.016566,1.257092,2.628760,-6.752520
0.060569,0.031482,0.002142,0.325201,2.831365,-5.378010
0.122040,-0.001527,-0.017004,0.676077,2.991319,-4.382392
0.179479,-0.052697,0.016467,0.783187,2.976751,-2.293059
0.244229,-0.118831,0.003515,0.637437,1.072773,-1.403483
0.331962,-0.157685,-0.015822,-0.339883,1.577389,0.337591
0.372979,-0.239195,-0.002407,-0.955143,-0.007218,0.387910
0.461030,-0.275807,-0.020592,-0.572640,0.773829,2.101605
0.507359,-0.310204,-0.009802,0.151482,-1.685210,3.861683
0.543948,-0.349771,-0.001544,-0.662218,-3.130569,5.452358
0.616198,-0.369075,-0.055852,-1.082190,-1.047662,6.964819
0.656811,-0.416591,-0.031335,-1.603339,-1.366419,8.052568
0.732498,-0.465523,-0.044288,-0.993012,-1.989114,8.042543
0.774832,-0.505056,-0.046113,-1.614650,-3.644120,9.431791
0.815055,-0.531368,-0.070340,-2.025710,-2.296190,10.596700
0.841800,-0.540313,-0.076088,-1.958794,-1.577342,10.797448
0.836407,-0.570101,-0.069470,-1.434585,-3.093691,12.128176
0.880972,-0.572901,-0.062771,-2.048598,-3.644307,12.655264
0.912454,-0.588959,-0.088059,-2.690095,-3.490423,13.176126
0.923178,-0.617086,-0.107819,-2.509016,-1.703483,12.846399
0.906713,-0.637010,-0.100670,-1.694577,-4.256567,12.636464
0.892934,-0.652441,-0.070114,-1.703693,-3.856096,13.190422
0.888706,-0.632491,-0.075566,-2.531025,-5.637210,14.238763
0.861028,-0.623625,-0.096964,-2.503843,-3.603486,13.908185
0.863050,-0.642751,-0.098947,-1.969731,-2.541233,12.919249
0.846356,-0.628187,-0.090921,-1.799235,-2.621089,12.750465
0.821032,-0.620979,-0.071128,-2.380331,-2.543459,13.202371
0.788250,-0.610462,-0.083739,-2.244927,-2.602106,12.699320
0.753118,-0.587012,-0.081786,-1.727540,-1.585909,12.267678
0.691231,-0.586911,-0.036498,-1.497641,-1.928317,12.035440
0.691129,-0.553886,-0.057069,-1.237541,2.896693,12.727558
0.637672,-0.527127,-0.068719,-2.581975,-1.502910,11.714005
0.613313,-0.506855,-0.091299,-2.243030,0.249676,11.155038
0.545104,-0.467236,-0.061727,-1.585079,-0.248119,10.803526
0.487342,-0.438587,-0.022272,-1.228143,-2.117868,10.598326
0.456547,-0.388201,-0.043723,-1.644412,-1.143276,10.873948
0.424126,-0.363452,-0.070527,-1.617224,0.443862,9.844403
0.370806,-0.329662,-0.045207,-1.079810,-0.033346,9.047642
0.325778,-0.280531,-0.028975,-0.394791,-0.970876,9.005566
0.268620,-0.229088,-0.032829,-0.459160,-1.044068,8.892484
0.222981,-0.187966,-0.043766,-0.594022,-0.586348,8.692230
0.165778,-0.147231,-0.061691,-0.262618,-0.457959,6.957946
0.103107,-0.106213,0.001745,-0.085103,-1.543543,6.392101
0.054376,-0.050428,0.003449,0.529717,-1.165190,6.070466
0.001404,0.008734,-0.006014,0.362631,-0.442922,5.013551
-0.091050,0.040764,0.010710,0.042189,-0.670940,4.136193
-0.118675,0.084677,0.025878,0.541675,-0.243980,3.352529
-0.176232,0.117885,0.045156,1.384815,0.008469,2.542950
-0.236511,0.151212,0.032820,1.591444,0.774813,1.640494
-0.293898,0.212413,0.050975,1.178996,0.579695,0.896393
-0.349676,0.260097,0.077021,1.389072,1.444916,-0.365841
-0.397636,0.283481,0.087391,2.196332,2.092676,-1.797632
-0.438535,0.333699,0.082549,2.154878,2.709098,-3.088387
-0.491468,0.364712,0.085904,1.784852,3.840863,-4.041090
-0.541377,0.399187,0.073959,1.925678,3.492862,-5.430386
-0.597605,0.422939,0.086632,3.050688,3.604547,-6.658679
-0.627702,0.451217,0.095823,3.180672,3.785333,-7.618482
-0.681055,0.500579,0.066134,3.089269,3.387653,-8.157617
-0.724337,0.526953,0.070240,2.777024,4.796229,-9.632887
-0.740500,0.542505,0.071290,3.657308,5.298143,-10.861501
-0.773508,0.565702,0.105890,3.386904,3.394109,-11.551520
-0.798829,0.558612,0.091812,3.307830,3.289272,-11.890823
-0.797273,0.569556,0.064266,2.999173,5.578828,-12.209124
-0.821789,0.560401,0.076926,3.284194,4.665562,-12.633347
-0.808949,0.548988,0.088641,3.708659,4.350993,-12.621037
-0.779472,0.555445,0.070657,3.283412,3.062557,-12.614196
-0.770085,0.522545,0.079703,2.405311,3.962411,-13.071637
-0.734884,0.496600,0.060504,2.457850,4.856104,-13.506562
-0.705782,0.485066,0.081505,2.868634,3.861483,-12.814102
-0.679010,0.460832,0.078193,2.695177,3.821739,-12.267181
-0.635376,0.431313,0.052781,1.827970,3.904053,-11.928803
-0.579979,0.389573,0.033270,2.020488,4.313172,-11.894458
-0.533844,0.344397,0.044680,2.493674,3.265756,-11.471544
-0.469548,0.316201,-0.009090,2.506299,3.478498,-11.275128
-0.440721,0.284029,0.007634,1.309279,2.727896,-10.658777
-0.380859,0.258331,-0.005233,1.269338,3.307489,-9.730660
-0.324956,0.224742,0.001644,1.976011,2.725500,-9.172801
-0.268137,0.168888,-0.005850,1.569120,2.008333,-8.406612
-0.188390,0.135673,-0.040135,0.847158,2.498415,-7.468424
-0.134473,0.076294,-0.035011,0.823222,2.394722,-7.603816
-0.059886,0.028268,-0.035116,1.319127,2.101226,-6.358798
0.011005,-0.004415,-0.044718,1.214844,2.179335,-4.992527
0.061269,-0.064635,-0.045479,0.129053,1.523770,-4.363987
0.130505,-0.097134,-0.057834,-0.536701,1.610213,-3.760788
0.186957,-0.138969,-0.030295,0.309048,0.888093,-3.513727
0.268325,-0.193576,-0.043457,0.068955,0.962057,-2.280522
0.328131,-0.219970,-0.076748,-0.153959,1.135353,-1.410015
0.369887,-0.272377,-0.041517,-1.272112,0.381278,-0.383739
0.443253,-0.313116,-0.053948,-1.020720,0.480234,0.785229
0.498083,-0.350089,-0.037808,-0.661549,-0.562918,1.641225
0.562454,-0.405867,-0.068886,-0.874644,-0.711196,2.801244
0.626318,-0.441574,-0.089979,-1.457622,-0.095000,2.799989
0.660176,-0.471795,-0.041606,-1.768390,-2.051310,3.642511
0.711812,-0.486983,-0.040838,-1.543776,-2.051481,5.350450
0.765673,-0.500920,-0.066175,-1.948720,-1.667189,6.413939
0.808769,-0.551572,-0.084721,-2.250590,-2.119775,6.689498
0.861787,-0.577273,-0.101221,-2.224324,-2.647506,6.900811
0.898497,-0.615622,-0.066490,-1.802018,-2.852878,7.251143
0.939869,-0.628795,-0.091049,-2.167767,-2.243713,9.108391
0.956705,-0.631562,-0.102804,-2.727764,-2.999646,9.351332
0.956757,-0.650882,-0.079728,-2.644013,-4.005155,9.954323
0.989244,-0.641310,-0.083601,-2.500363,-3.170103,10.666389
1.009575,-0.647242,-0.100322,-2.601853,-3.416351,11.145685
1.009165,-0.670331,-0.097755,-3.094202,-3.359053,10.572427
1.021943,-0.658642,-0.106680,-2.775652,-3.037312,10.847991
1.003516,-0.658146,-0.075156,-1.825438,-3.473423,10.407724
0.998756,-0.647760,-0.079229,-1.961069,-3.317583,11.593836
0.993370,-0.621012,-0.103529,-2.402465,-3.015060,12.074503
0.963217,-0.617194,-0.095300,-2.944943,-2.234588,11.217076
0.941556,-0.600369,-0.084287,-2.196285,-2.756345,10.901344
0.927294,-0.549359,-0.065899,-1.797987,-2.433632,10.669757
0.884120,-0.533591,-0.076620,-1.997809,-2.491551,10.479213
0.839551,-0.486497,-0.091496,-2.295763,-2.655272,9.854865
0.789750,-0.452025,-0.058970,-2.146674,-2.351361,9.498407
0.754132,-0.420960,-0.043090,-0.834224,-1.908133,8.778258
0.709019,-0.377612,-0.045148,-1.076422,-1.913520,7.993389
0.657468,-0.344758,-0.040191,-1.318226,-1.465628,7.289032
0.594288,-0.282996,-0.060667,-1.078146,-0.663945,6.246941
0.512046,-0.224631,-0.001938,-0.205375,-2.418231,5.760874
0.458982,-0.169650,0.004860,0.054505,-0.875104,5.324118
0.387346,-0.102941,0.019746,-0.305260,-1.929184,4.639402
0.313990,-0.073550,0.010795,-0.224321,0.425145,2.679311
0.255809,-0.023246,0.031527,0.412140,0.434208,1.458435
0.181934,0.021884,0.065782,1.106494,-1.271035,0.500424
0.099529,0.058759,0.076007,0.553984,-3.894331,-0.430021
0.041315,0.130982,0.057599,0.836694,0.448919,-0.934666
-0.046596,0.167115,0.071727,0.999286,1.557996,-2.695703
-0.106881,0.225362,0.098068,1.891859,1.731975,-3.484374
-0.168249,0.290913,0.097222,1.728693,2.132659,-4.737896
-0.257043,0.320980,0.105382,1.864638,2.020649,-5.747038
-0.321474,0.369166,0.085014,2.174421,3.689542,-6.958742
-0.396018,0.404892,0.107154,2.901160,3.026818,-8.465600
-0.470303,0.416420,0.140976,2.553441,-0.392101,-8.967404
-0.500619,0.457411,0.101531,2.813252,2.958487,-9.229921
-0.567167,0.473095,0.123481,2.654474,3.475750,-10.487468
-0.602601,0.490439,0.119132,3.404321,4.627998,-11.036831
-0.649619,0.527327,0.121344,3.479174,4.635800,-10.827816
-0.700549,0.530593,0.132068,2.959948,3.581474,-11.113356
-0.703983,0.538537,0.096168,2.757398,5.782047,-11.315482
-0.725768,0.540027,0.110456,3.048219,5.386191,-12.012948
-0.754339,0.517608,0.142657,3.199142,3.571545,-11.659098
-0.737378,0.518967,0.115088,3.245956,5.195055,-11.035477
-0.740254,0.495255,0.095104,2.790154,5.271920,-11.144831
-0.727551,0.462256,0.088835,2.911863,5.708891,-11.184752
-0.715511,0.457428,0.081187,3.393384,4.643005,-10.604068
-0.710807,0.443766,0.112721,3.080223,4.412446,-9.224925
-0.686550,0.427114,0.082145,2.684167,3.667343,-8.373594
-0.637917,0.397093,0.059733,2.668901,4.816429,-7.981962
-0.595088,0.326603,0.070388,2.745030,4.246378,-7.898800
-0.538164,0.289702,0.075574,2.462757,1.898483,-6.563601
-0.491025,0.255633,0.037422,2.351916,3.702514,-4.583406
-0.441223,0.203593,0.030680,2.285112,4.858940,-3.942387
-0.384424,0.169292,0.025891,2.966950,3.430112,-3.178775
-0.319346,0.115765,0.051179,2.235186,2.998629,-1.748635
-0.241018,0.065813,0.019234,1.168532,2.506837,-0.503213
-0.179931,0.013898,0.011678,1.203220,2.829396,-0.238095
-0.130360,-0.058625,0.030811,2.270545,2.370426,0.944097
-0.074956,-0.073320,0.023997,1.698242,0.902310,2.477266
-0.019374,-0.122038,0.022736,0.735824,1.780070,3.783308
0.058354,-0.177590,-0.015806,0.048672,2.841489,4.460448
0.106209,-0.228944,0.021092,0.494240,0.460832,4.133417
0.153397,-0.267703,0.032709,0.492163,-0.273509,5.407845
0.203448,-0.278837,0.003009,-0.485183,-0.714846,6.753626
0.252599,-0.309991,-0.007511,0.011673,0.799606,7.200079
0.297791,-0.367719,0.005051,0.761546,0.300298,7.514988
0.379596,-0.390913,-0.005036,0.219432,-0.054357,8.597289
0.413737,-0.429416,-0.002016,-0.837609,-1.290684,8.687213
0.478230,-0.467653,-0.028578,-0.903737,0.124812,8.440516
0.515040,-0.474008,-0.010094,-0.645241,-1.464164,8.863250
0.547076,-0.497132,-0.006526,-1.079879,-2.493852,9.766066
0.603140,-0.492222,-0.042472,-2.000534,-1.436575,10.218266
0.631606,-0.511480,-0.074325,-1.541744,0.066706,9.574511
0.659132,-0.539098,-0.061300,-1.594164,-1.126539,9.636458
0.697228,-0.535304,-0.073117,-1.170907,-2.400105,9.646379
0.713296,-0.546592,-0.074831,-1.910204,-2.103609,10.000364
0.747371,-0.553613,-0.107353,-2.173482,-0.445453,9.763314
0.755951,-0.545358,-0.102922,-1.527508,-1.445825,9.318822
0.759785,-0.544452,-0.070051,-1.678188,-2.955655,8.831866
0.790965,-0.517658,-0.100188,-2.092537,-2.216896,9.302962
0.808358,-0.510528,-0.134555,-2.575656,-0.616753,8.196826
0.799207,-0.504748,-0.096140,-1.692398,-1.785977,7.763078
0.804213,-0.473548,-0.086618,-1.971215,-3.060394,7.880875
0.801872,-0.447876,-0.102469,-2.172494,-2.353337,7.449621
0.805201,-0.449298,-0.145692,-2.237710,0.225904,6.429229
0.795609,-0.428228,-0.121031,-2.080149,-0.541746,5.650154
0.776194,-0.395190,-0.079351,-1.236674,-2.316899,4.919702
0.742250,-0.352761,-0.087429,-1.893470,-2.709780,4.926509
0.737648,-0.313017,-0.098077,-2.051661,-1.261378,4.233605
0.716036,-0.277790,-0.105935,-1.393473,-0.647142,3.152697
0.687597,-0.258699,-0.073826,-1.193471,-1.141290,2.121698
0.676906,-0.217922,-0.062541,-1.215627,-1.443360,2.015097
0.652478,-0.174728,-0.071174,-0.968654,-1.130691,1.697529
0.595853,-0.157144,-0.082308,-1.087475,-0.312094,0.209523
0.578548,-0.104326,-0.042633,-0.549463,-0.329488,-0.464518
0.546745,-0.073895,-0.021668,-0.241502,-0.861768,-1.207453
0.528773,-0.048564,-0.045200,-0.595345,-0.135325,-2.077103
0.486193,-0.008948,-0.073836,-0.566532,0.417382,-2.949587
0.449965,0.030139,-0.004403,0.174377,-0.088481,-3.539777
0.416300,0.065018,-0.015438,0.824769,0.378022,-3.428343
0.371777,0.105264,-0.021819,0.444780,0.352156,-4.228518
0.326742,0.124618,-0.009215,0.255456,0.865592,-4.933249
0.289556,0.133470,0.006403,1.060004,0.991080,-6.256362
0.255605,0.172623,0.019228,1.303328,0.875475,-6.707150
0.202266,0.202536,0.028609,1.006438,1.065703,-6.523588
0.163251,0.220521,0.012259,0.949554,1.897003,-7.243753
0.119614,0.252938,0.019185,0.978101,1.656102,-8.043064
0.077431,0.262280,0.075640,1.355873,1.545743,-8.123219
0.054513,0.270841,0.049062,1.191502,1.989916,-8.632719
0.017333,0.297776,0.030427,1.034093,2.079398,-9.117290
-0.038846,0.296805,0.054881,1.032392,2.499576,-9.475813
-0.065539,0.316624,0.065569,1.972548,1.774706,-9.960173
-0.097401,0.329800,0.072718,1.722722,2.504152,-9.969696
-0.139252,0.322168,0.049984,1.609514,3.143978,-10.463829
-0.160815,0.332409,0.043406,1.559401,2.967810,-10.949821
-0.206700,0.331832,0.078124,1.844943,2.273495,-11.422040
-0.229523,0.334822,0.068586,1.908994,2.520151,-10.741006
-0.244379,0.346987,0.035508,1.553975,3.829683,-10.806455
-0.283588,0.327226,0.060701,1.505221,3.911924,-11.105587
-0.286411,0.327771,0.057340,1.837128,3.280770,-11.230865
-0.305373,0.311054,0.070437,2.169038,2.948525,-10.804860
-0.301651,0.285966,0.044424,1.591431,3.920035,-10.647999
-0.307960,0.288474,0.028458,1.286784,4.505950,-10.835662
-0.317814,0.270355,0.064453,1.458725,3.625357,-10.048343
-0.297410,0.246652,0.064220,2.111924,3.900015,-8.968056
-0.290028,0.228530,0.019457,1.319694,4.006140,-9.089325
-0.279741,0.199060,0.045963,1.131571,3.814606,-8.262258
-0.256445,0.167578,0.058108,1.531146,3.443865,-7.802010
-0.223348,0.149315,0.041555,2.300566,3.644698,-7.088204
-0.206683,0.122681,0.038719,1.251233,3.663171,-6.052226
-0.166805,0.085980,0.027572,1.362832,4.926086,-5.390396
-0.133393,0.066387,0.039090,1.612554,3.597322,-4.788179
-0.124626,0.014804,0.075896,1.607105,1.995617,-4.154490
-0.063323,-0.005301,0.026997,1.368554,3.805672,-2.718330
-0.031260,-0.038204,0.032902,0.580457,2.934953,-2.254048
-0.005522,-0.082426,0.069232,0.974487,1.928406,-1.446967
0.047171,-0.115637,0.076319,1.699098,1.224031,-0.327480
0.084522,-0.153044,0.058003,1.129477,1.568014,0.735858
0.108464,-0.196126,0.070036,0.593475,1.552374,1.735877
0.163031,-0.222130,0.069541,0.649260,1.360436,2.762559
0.201836,-0.251514,0.084272,1.223099,0.843879,3.507431
0.233613,-0.301880,0.080156,0.301374,0.425910,4.943713
0.289369,-0.337402,0.042644,-0.568810,1.249142,4.929689
0.331436,-0.360583,0.072117,0.047822,0.144841,6.081232
0.355723,-0.400530,0.090860,0.541846,-0.519665,7.326266
0.398703,-0.419700,0.036684,-0.826278,0.598074,8.824986
0.437374,-0.444781,0.038935,-0.662156,0.677650,9.190089
0.452027,-0.502722,0.073148,-0.069341,-0.333157,9.264084
0.507142,-0.512980,0.058236,-0.457292,-0.622176,10.869125
0.533786,-0.530702,0.023574,-0.635345,-0.882158,11.815421
0.545694,-0.556453,-0.011568,-1.269272,-0.688596,11.861608
0.572328,-0.563871,0.014189,-0.061673,-0.682832,12.339959
0.588970,-0.581498,0.020678,-1.087251,-1.979172,13.520988
0.628852,-0.598947,-0.015803,-0.931086,-0.430688,13.557122
0.642884,-0.612619,-0.040940,-1.263393,-0.245457,13.888967
0.637665,-0.633912,-0.009261,-0.800875,-2.627420,13.590788
0.638545,-0.615592,-0.000739,-1.131045,-5.497069,14.648793
0.667486,-0.599725,-0.044573,-1.489261,-0.833082,15.654962
0.671225,-0.617608,-0.076616,-1.683197,0.043867,15.040713
0.669689,-0.615189,-0.042144,-1.281719,-2.166789,13.890593
0.672938,-0.610334,-0.036255,-1.199582,-1.724983,14.240773
0.678256,-0.572123,-0.076780,-1.782150,-1.975512,14.731254
0.655600,-0.547380,-0.079905,-1.953188,-0.680803,14.219859
0.611228,-0.552363,-0.048213,-1.046349,-2.927238,13.088855
0.604430,-0.504567,-0.052487,-0.895517,-3.167510,12.759504
0.583790,-0.472009,-0.062019,-1.736527,-2.648980,12.243940
0.564522,-0.458147,-0.091272,-0.932458,0.004711,10.721271
0.526755,-0.406787,-0.066621,-0.577764,-2.024509,9.697100
0.485163,-0.367141,-0.045627,-0.391955,-0.201361,8.724620
0.452637,-0.311977,-0.055861,-0.953804,-1.250277,8.665200
0.409151,-0.266994,-0.089211,-1.522253,-1.068650,7.013242
0.356462,-0.239490,-0.058008,-0.610300,-0.503454,5.064830
0.339587,-0.194094,-0.030213,0.274757,0.213690,4.275531
0.306890,-0.130146,-0.045683,-0.201807,0.469336,3.499787
0.240841,-0.095798,-0.037854,-0.242017,-0.111659,2.382827
0.197749,-0.055516,-0.046283,0.881430,1.876087,1.235711
0.138882,-0.002367,-0.018996,1.116220,-0.406917,0.337073
0.123156,0.055795,-0.012914,0.891376,1.823795,-0.586758
0.097589,0.065064,-0.034568,0.799911,2.139254,-2.067746
0.105211,0.107825,-0.086890,2.839824,12.923916,-3.070838
-0.004393,0.138292,0.011566,1.555508,1.674237,-4.295737
-0.023159,0.198899,0.015111,1.821175,1.806309,-4.089759
-0.045460,0.250273,-0.026254,1.572787,3.815493,-4.819528
-0.102814,0.257481,0.012952,1.598751,3.120105,-5.999510
-0.106208,0.292180,0.048349,2.182929,2.737182,-6.945628
-0.125456,0.327164,0.035975,1.801989,2.065444,-7.234135
-0.160562,0.335843,0.016687,1.417370,2.958419,-8.518797
-0.166073,0.365506,0.017987,1.897984,4.238297,-9.285500
-0.198225,0.384600,0.050273,2.564723,2.373462,-9.209542
-0.232126,0.396489,0.060596,1.993395,1.019853,-9.684370
-0.224110,0.419138,0.012141,2.182788,5.246258,-9.970110
-0.239285,0.427032,0.021299,2.145601,3.248041,-10.836064
-0.260243,0.410538,0.059953,2.409447,2.429493,-11.496681
-0.246831,0.428989,0.050759,2.313439,2.048258,-10.968392
-0.257650,0.420297,0.027686,2.196716,3.337776,-11.123573
-0.273875,0.403228,0.021364,2.460292,3.252896,-11.947120
-0.268045,0.401311,0.038912,2.746793,1.922589,-11.819696
-0.246883,0.395081,0.053339,2.180484,2.283008,-11.187340
-0.233491,0.356388,0.035312,2.094221,3.146003,-11.683523
-0.218103,0.340596,0.011025,2.070092,3.904923,-11.863498
-0.219600,0.319099,0.050063,2.199437,2.166432,-11.915420
-0.193278,0.296834,0.050995,1.996326,1.347697,-10.662692
-0.163352,0.281495,0.015978,2.151398,3.546116,-10.032851
-0.160257,0.231441,0.023764,1.603431,3.669972,-10.451837
-0.110636,0.190309,0.028704,1.789424,3.618435,-9.956900
-0.071972,0.176333,0.033611,1.472374,2.406503,-8.955988
-0.043018,0.125730,0.029393,1.185023,2.778495,-8.452139
0.002191,0.076297,-0.002095,1.213426,3.796346,-7.636661
0.046832,0.038697,0.015223,1.284208,3.168570,-7.209940
0.083317,-0.009998,0.024775,1.470759,1.736817,-6.176495
0.133233,-0.022528,0.003925,0.408493,0.905946,-4.982618
0.177017,-0.070546,-0.022331,0.558845,3.082232,-4.183852
0.219994,-0.128839,-0.006897,0.793198,1.434764,-3.819020
0.276597,-0.160535,0.007043,0.690317,-0.759907,-2.680130
0.314666,-0.200915,-0.016512,-0.363047,0.321814,-1.233230
0.365206,-0.250654,-0.040047,-0.040544,1.346479,-0.663803
0.392263,-0.285067,-0.015231,0.828153,-0.230860,-0.254978
0.416507,-0.318541,0.024811,0.217570,-1.196842,0.911189
0.467011,-0.345382,-0.020805,-0.756739,-0.774205,2.284106
0.498125,-0.386101,-0.022138,-0.704509,-0.240917,2.211937
0.517272,-0.428654,-0.002394,-0.734606,-0.550340,2.648318
0.563603,-0.457546,0.012778,-0.770598,-1.635891,3.590659
0.585054,-0.484347,-0.010163,-1.356056,-2.393908,4.418074
0.606213,-0.512612,-0.032756,-1.414871,-0.704522,4.677670
0.633352,-0.543760,-0.013846,-1.115020,-0.458317,5.470508
0.654560,-0.562611,-0.024025,-0.854359,-0.305427,5.449836
0.655567,-0.579164,-0.006480,-1.917823,-3.032680,6.120852
0.692452,-0.580500,-0.041885,-1.889581,-0.248234,6.634804
0.700858,-0.599374,-0.030278,-1.293861,-0.405292,6.029286
0.694110,-0.621665,-0.022919,-1.188649,-1.439280,6.791758
0.721827,-0.608978,-0.038445,-1.820114,-1.163410,7.132797
0.723238,-0.601199,-0.056744,-2.173695,-0.808021,7.322850
0.706826,-0.624813,-0.038671,-1.232239,-0.906363,6.800339
0.727880,-0.601402,-0.024042,-1.210913,-1.034059,7.347636
0.724144,-0.590623,-0.045144,-2.099991,-1.055018,7.712016
0.702575,-0.587688,-0.050744,-2.026143,-0.412162,7.604296
0.688947,-0.561314,-0.048161,-1.613682,-0.695325,7.166818
0.669367,-0.540667,-0.026113,-1.111124,-1.317849,6.892619
0.662375,-0.522969,-0.035386,-1.219038,-1.886502,7.643171
0.650125,-0.485923,-0.061340,-1.912958,-0.824801,7.143934
0.606587,-0.470003,-0.032182,-1.303478,-1.218273,6.326822
0.594763,-0.448835,-0.017198,-0.605396,-1.248396,5.811948
0.569955,-0.395400,-0.005273,-1.195634,-2.096214,6.165830
0.545277,-0.380731,-0.019988,-1.158372,0.347236,5.734625
0.512827,-0.325993,-0.014624,-0.676999,0.102248,4.945446
0.466545,-0.283931,0.010437,-0.050808,-0.316075,4.202861
0.427297,-0.242277,0.017189,-0.429080,-3.042026,4.032111
0.418956,-0.179501,0.006173,-0.383529,0.932170,3.444221
0.370268,-0.164848,0.012676,0.135460,1.569823,2.396137
0.327386,-0.134620,0.030719,0.813087,0.995725,1.256526
0.282466,-0.080180,0.034534,0.957146,0.642787,0.915659
0.237838,-0.039156,0.023150,0.601944,1.465474,0.482694
0.191329,0.007530,0.024870,1.261704,1.665335,-0.885028
0.131382,0.036927,0.081683,2.005905,1.344746,-1.410115
0.119030,0.073477,0.077018,2.101601,2.218265,-1.415489
0.084137,0.125753,0.057800,1.613469,2.510740,-2.047685
0.029235,0.142573,0.097937,1.479644,2.105956,-2.889297
0.011989,0.178177,0.106107,2.234743,3.467686,-2.698125
-0.024863,0.213299,0.120120,2.212307,2.682349,-2.847779
-0.048703,0.223137,0.120110,1.899639,4.176223,-3.705616
-0.066031,0.249918,0.125047,1.972223,3.806610,-4.393579
-0.085325,0.273004,0.129360,2.963881,3.705091,-4.590638
-0.120926,0.295705,0.133785,2.608465,3.401922,-4.110632
-0.137421,0.307942,0.117307,1.966577,3.138171,-4.525677
-0.158606,0.335068,0.117343,2.690237,3.689861,-4.997709
-0.185978,0.328395,0.131681,3.069486,2.941462,-5.046877
-0.168564,0.334700,0.119749,2.934437,3.027291,-4.942534
-0.170632,0.340294,0.093624,2.215938,3.087825,-4.979993
-0.192661,0.331113,0.099083,2.656129,3.281319,-4.987228
-0.184261,0.339677,0.114563,3.162294,3.876592,-4.811628
-0.185124,0.351959,0.104482,3.212118,2.832153,-3.911780
-0.186047,0.313250,0.097212,2.360519,3.132493,-4.162705
-0.165282,0.291993,0.086984,2.677938,3.339152,-4.545821
-0.153567,0.277816,0.094241,3.206453,3.117594,-4.260400
-0.142548,0.246734,0.100520,2.961750,2.483913,-3.798100
-0.131627,0.232472,0.078528,1.794417,2.728694,-2.851382
-0.120043,0.214921,0.057911,1.757496,3.497077,-3.375229
-0.109599,0.161729,0.060196,2.558312,3.473289,-3.685658
-0.072832,0.159096,0.065730,2.410888,3.027580,-2.418498
-0.054949,0.127385,0.047161,1.644751,2.859269,-1.912372
-0.043028,0.092732,0.033815,1.571123,3.063276,-2.126212
-0.014204,0.077954,0.038177,1.906988,3.255450,-1.680837
0.014904,0.044569,0.037990,2.496672,3.253159,-1.215130
0.042917,-0.007113,0.020107,1.605569,3.115080,-0.691186
0.081403,-0.030382,0.007037,0.808054,2.516475,-0.458368
0.116309,-0.064648,0.002188,1.552554,2.833906,-0.735188
0.132291,-0.101418,0.017570,2.210693,2.399919,-0.780692
0.177293,-0.120978,-0.001754,1.487050,2.162057,0.511878
0.203779,-0.163039,-0.022958,0.694105,1.513385,0.712768
0.227885,-0.209738,-0.016193,0.720637,1.468983,0.680500
0.278067,-0.238184,-0.009957,1.032035,1.775353,1.427886
0.303112,-0.258266,-0.018022,0.230641,1.241363,2.053720
0.306496,-0.305343,-0.026795,-0.299456,1.104738,2.127179
0.350458,-0.333322,-0.024068,-0.060291,0.743532,2.568366
0.374404,-0.354300,-0.029760,0.216008,0.578579,2.649512
0.397981,-0.378068,-0.013771,-0.920096,-0.149564,3.074582
0.442829,-0.416096,-0.052054,-1.315998,1.086044,3.481508
0.467004,-0.436109,-0.055120,-1.227605,0.231770,3.217069
0.469814,-0.462614,-0.033863,-0.648497,-0.339673,3.519851
0.508275,-0.464961,-0.062387,-0.888545,-0.214041,4.507013
0.534501,-0.488178,-0.083441,-1.458091,0.027671,4.366420
0.555322,-0.512875,-0.085226,-1.428822,0.424617,3.977039
0.576618,-0.519670,-0.068972,-1.302645,-0.730976,3.902525
0.607253,-0.519827,-0.095720,-0.956318,-0.212452,4.408490
0.605806,-0.537648,-0.111256,-1.490315,0.366445,4.497044
0.615591,-0.530203,-0.116298,-1.418718,0.109230,3.904863
0.639204,-0.526228,-0.078405,-0.850617,-0.268080,4.261159
0.644095,-0.540283,-0.107222,-1.087596,-0.430409,5.052332
0.656139,-0.525926,-0.139212,-1.791534,0.396503,4.861911
0.641338,-0.537625,-0.095733,-1.976660,-0.232866,4.574021
0.664171,-0.536742,-0.072500,-1.136107,-0.304767,4.671947
0.677849,-0.505460,-0.084941,-1.426360,-0.507888,5.230142
0.667670,-0.513335,-0.088535,-2.120828,0.057561,4.746589
0.679910,-0.494835,-0.091056,-2.147019,0.137502,4.983102
0.692570,-0.480487,-0.082111,-1.228826,-0.353174,4.871273
0.677330,-0.459046,-0.073869,-1.435501,-0.562915,5.154481
0.693178,-0.443583,-0.105538,-1.921443,0.070497,4.925472
0.688999,-0.425474,-0.095270,-1.717758,-0.311802,4.744760
0.655754,-0.395403,-0.047019,-1.243997,-1.484233,4.391092
0.671648,-0.360744,-0.063185,-0.942079,-0.960198,5.157515
0.651674,-0.325231,-0.081399,-1.211600,-0.677958,4.658547
0.615883,-0.308944,-0.057437,-1.011854,-0.701657,3.525475
0.612856,-0.258630,-0.035202,-0.799198,-1.228469,3.977945
0.586987,-0.220938,-0.040752,-0.302873,-1.330736,3.370561
0.542290,-0.190365,-0.036836,-0.780593,-1.010531,2.563989
0.531757,-0.141638,-0.023165,-0.738666,-0.508778,2.414479
0.488987,-0.100899,0.001371,0.058533,-0.550094,1.562347
0.448498,-0.065544,0.006291,0.533492,0.157321,1.280367
0.414144,-0.024645,0.002891,-0.180429,-0.013566,-0.137493
0.376393,0.017479,0.018512,0.316693,0.188304,-0.765228
0.333796,0.044323,0.032791,0.880816,0.925680,-1.593970
0.295769,0.080265,0.049406,1.181058,1.062936,-2.166852
0.256905,0.135647,0.051917,1.208056,1.399261,-2.346364
0.210849,0.153339,0.047040,1.318017,2.655597,-3.016531
0.165831,0.202569,0.062946,1.814102,2.039057,-4.670888
0.122644,0.212495,0.085743,2.406112,2.474509,-5.210210
0.097474,0.238407,0.085008,2.056598,2.816437,-5.806378
0.063629,0.289153,0.070703,1.694184,3.486747,-6.165113
0.013250,0.296325,0.102743,2.315258,2.940503,-7.181994
-0.018810,0.312235,0.109889,3.323252,3.536371,-7.383957
-0.043257,0.344160,0.104778,2.710522,3.247798,-7.484689
-0.064849,0.358505,0.096739,2.105730,4.431715,-8.211067
-0.084324,0.344229,0.106147,2.796739,4.117493,-9.136302
-0.106333,0.363284,0.108477,2.970698,3.428152,-8.803473
-0.135606,0.378396,0.106360,2.497948,3.430541,-8.779400
-0.163792,0.369658,0.104285,2.637524,3.543021,-8.452105
-0.176885,0.369281,0.119719,3.123292,3.573951,-9.153586
-0.182590,0.357999,0.120218,2.855448,3.120548,-8.745158
-0.188358,0.331297,0.113729,2.376075,3.963311,-9.183360
-0.176649,0.338590,0.099165,1.964152,4.788283,-8.650860
-0.200089,0.311073,0.118111,2.807958,3.221637,-8.543455
-0.201947,0.288474,0.127322,2.486683,3.460294,-8.018498
-0.185997,0.272134,0.115134,1.688381,1.643349,-7.336895
-0.165157,0.233230,0.082152,1.403531,3.517057,-7.850294
-0.175714,0.188527,0.100051,2.176653,3.871314,-7.723103
-0.131128,0.162829,0.105487,2.140173,3.620513,-6.838396
-0.101741,0.144542,0.085063,1.576867,3.812099,-5.790361
-0.097949,0.104585,0.068835,1.040356,3.241618,-5.357958
-0.066520,0.058194,0.058141,1.641002,3.993815,-5.140594
-0.025489,0.010166,0.061748,2.069338,4.674556,-4.414153
0.003508,-0.025301,0.054176,1.487489,3.548841,-3.260030
0.047351,-0.059521,0.028235,0.986517,3.594536,-3.013238
0.070302,-0.104497,0.023698,1.265223,3.387762,-2.434064
0.104059,-0.151232,0.043091,1.597294,2.006912,-1.490223
0.152442,-0.166856,0.021305,1.220572,2.401668,-0.135228
0.174953,-0.228110,0.033368,0.141372,1.420259,0.344298
0.226126,-0.261384,0.007411,0.215177,2.496225,0.693515
0.269576,-0.288589,0.020363,0.759977,2.248027,1.315007
0.304268,-0.322175,0.030437,-0.045520,1.292851,2.997645
0.348354,-0.340783,0.018981,-0.691878,0.751977,3.872443
0.384001,-0.367112,0.000350,-0.128641,1.543967,3.827734
0.405964,-0.406599,0.010920,0.302421,0.468247,4.784133
0.459635,-0.418534,0.002776,-0.704414,-0.344094,5.605417
0.496891,-0.434878,-0.023900,-0.749022,-0.058351,5.825919
0.505921,-0.476187,-0.008890,-0.266202,-0.462452,5.390242
0.552505,-0.489983,-0.005473,0.167208,-0.623824,6.346463
0.586909,-0.487810,-0.035655,-0.291936,-1.278995,7.340147
0.593382,-0.500119,-0.035281,-0.807646,-1.192414,7.322045
0.621624,-0.519798,-0.035376,-0.359361,-0.379535,6.848091
0.643258,-0.522594,-0.028568,-0.095718,-0.379564,7.212216
0.628648,-0.530981,0.000180,-1.126131,-3.774239,7.459938
0.662589,-0.541554,-0.038035,-0.766941,-0.571072,7.577936
0.670791,-0.537930,-0.042722,-0.451413,-0.118535,6.848073
0.653060,-0.558511,0.013181,-0.153433,-0.911122,7.342090
0.687328,-0.549888,-0.003369,-0.472020,-0.170489,8.272310
0.685323,-0.540237,-0.015478,-0.889376,0.205199,8.078226
0.664263,-0.536660,-0.006182,-0.806396,-0.049961,6.948912
0.689019,-0.524751,0.000780,-0.501861,0.948773,7.238988
0.696499,-0.512173,0.009292,-0.254004,0.255417,7.553754
0.666478,-0.508493,0.005927,-1.026857,-0.923858,6.930340
0.679982,-0.487850,-0.020992,-0.683347,0.997090,6.913127
0.666823,-0.479696,-0.013997,0.207625,1.297391,6.144422
0.653066,-0.471986,0.009876,0.006598,0.525998,6.374619
0.662523,-0.436608,-0.000460,-0.815675,-0.446579,6.283738
0.662122,-0.419818,-0.028158,-0.383936,0.592149,6.101719
0.624299,-0.403245,-0.000113,0.277406,-0.620886,5.194245
0.614110,-0.371064,0.010253,-0.055830,-2.846632,5.890394
0.607506,-0.342467,-0.009402,-0.553415,-1.325816,5.403079
0.590982,-0.342257,-0.023625,0.065062,0.917458,5.126392
0.561158,-0.311766,-0.001685,0.313349,-1.595583,4.437027
0.541066,-0.274448,0.017130,0.148413,-1.535925,4.727249
0.525356,-0.265382,-0.005502,-0.143458,-0.084854,4.549370
0.506955,-0.218893,-0.016223,-0.021985,0.989793,3.929509
0.466381,-0.189863,0.004309,0.642679,0.718857,3.049686
0.439826,-0.167756,0.015627,0.732089,0.299881,2.964145
0.415404,-0.119773,-0.000319,0.133330,0.419082,2.314690
0.379110,-0.103584,-0.002279,-0.037190,0.750264,1.173625
0.351912,-0.086315,-0.012395,0.730051,1.668788,-0.090286
0.322252,-0.050481,-0.007255,1.580176,1.798589,-0.223823
0.289191,-0.008046,0.018824,0.415692,1.167035,-0.056847
0.259282,0.015913,-0.009320,0.885776,2.132150,-1.206824
0.224449,0.056008,0.004496,1.205492,2.852291,-2.164011
0.186865,0.068317,0.031750,1.564794,2.046354,-2.872493
0.190869,0.104263,0.008540,1.022286,3.176619,-3.352501
0.157848,0.134416,0.010703,1.593650,3.578123,-4.321593
0.102696,0.136999,0.036969,2.309248,3.077545,-4.998971
0.095074,0.175243,0.021913,1.775789,3.291130,-5.224039
0.084446,0.207647,0.005861,1.810544,4.126546,-5.779983
0.057684,0.205868,0.025589,2.375953,4.614727,-6.664309
0.041797,0.206485,0.044233,2.748119,3.503523,-6.404924
0.026317,0.245234,0.036339,2.203474,2.996597,-6.415494
0.006655,0.257465,0.043885,1.735024,3.006060,-6.904969
0.000937,0.249232,0.046167,2.777937,3.728436,-7.642274
0.004430,0.270010,0.064161,2.726114,3.259297,-7.129098
0.007003,0.259139,0.065011,2.258885,3.153766,-7.179411
0.010801,0.249183,0.047374,1.802452,3.152897,-7.473139
0.021059,0.252052,0.056490,2.484563,2.858639,-7.450805
0.025332,0.248435,0.068060,2.576241,3.455695,-7.081479
0.026110,0.223882,0.068188,2.278938,2.561316,-6.705521
0.038738,0.211149,0.036933,1.684623,2.980178,-7.114259
0.051835,0.200557,0.063130,2.023229,2.591071,-6.885046
0.054934,0.160669,0.059155,2.661624,3.224053,-6.535646
0.076571,0.161683,0.050243,2.053831,3.100345,-5.890095
0.085339,0.134291,0.048694,1.479490,2.983168,-6.189401
0.082033,0.096277,0.044325,1.801133,2.965194,-5.920870
0.113696,0.084102,0.045943,1.816137,3.093163,-5.759682
0.138948,0.061470,0.040071,1.777211,3.378961,-4.975320
0.151175,0.025409,0.031021,1.207442,3.147766,-4.547013
0.184505,-0.003023,0.026478,1.021282,3.190986,-4.371707
0.210357,-0.030205,0.039743,1.719555,3.342635,-4.193272
0.229031,-0.067835,0.023117,1.076978,2.895623,-2.979061
0.261478,-0.086112,-0.003943,0.734439,2.748957,-2.603333
0.282896,-0.134022,0.024722,0.431401,2.300500,-2.668734
0.322597,-0.167874,0.015945,1.243401,3.161241,-1.817005
0.354236,-0.194948,0.011717,0.855634,2.731514,-1.183300
0.366368,-0.233680,0.012840,0.067359,2.095719,-0.589637
0.400158,-0.251422,-0.003510,0.205412,2.171976,0.196298
0.424592,-0.281479,0.002008,0.773642,1.264766,0.534932
0.442961,-0.318220,0.001118,0.160190,1.201770,1.283907
0.489775,-0.336112,-0.008404,-0.789166,1.084048,2.217118
0.511179,-0.366199,-0.006073,-0.004651,0.725655,2.114599
0.526630,-0.407187,-0.003733,0.166017,0.288510,3.475562
0.558053,-0.407515,-0.012477,0.018044,0.236530,4.312033
0.579884,-0.439841,-0.004954,-1.221047,0.098707,4.368781
0.603534,-0.469675,-0.007229,-0.280011,0.053816,4.780439
0.629088,-0.476824,-0.008857,-0.152514,0.192250,5.134595
0.638246,-0.495416,0.006436,-0.798291,-0.533228,5.666968
0.654602,-0.521843,-0.008539,-0.903159,-0.397890,5.545482
0.670552,-0.522545,-0.025361,-0.519445,0.080033,6.068145
0.667627,-0.541508,0.009108,-0.162900,-0.248664,6.121931
0.686117,-0.543057,-0.010406,-0.616983,0.312213,6.908936
0.691083,-0.541186,-0.015750,-0.791700,-0.038542,6.430560
0.681410,-0.545470,0.001079,-0.792163,0.094797,6.055462
0.694799,-0.554194,-0.000851,0.042069,0.496115,6.476790
0.699693,-0.544688,-0.010508,0.088026,0.362165,6.756743
0.687230,-0.547272,0.002385,-1.063050,-0.450110,6.884774
0.692518,-0.541475,-0.014785,-0.801075,0.624911,6.770627
0.692472,-0.520838,0.003144,0.304860,0.631443,6.597839
0.664358,-0.509189,0.030257,-0.648277,-2.203011,6.718268
0.679628,-0.501882,-0.019170,-1.253165,0.545844,6.690010
0.673706,-0.473538,-0.002660,-0.541634,0.895761,6.045604
0.640491,-0.466074,0.027046,0.137036,0.662738,5.481342
0.645234,-0.425434,0.022556,-0.182966,0.586785,6.171175
0.630332,-0.394274,0.009137,-0.277789,0.780955,5.812063
0.613322,-0.384820,0.019342,-0.398999,1.458739,4.811712
0.596309,-0.365493,0.004709,0.172151,1.501204,4.612025
0.578138,-0.327765,0.023216,1.022096,0.864302,4.398439
0.544900,-0.305369,0.061899,0.705915,-0.556645,4.105992
0.530789,-0.281502,-0.000845,-0.287567,0.735861,3.795998
0.496494,-0.251307,0.018180,1.153787,0.968933,2.606585
0.466509,-0.215742,0.072452,1.362225,0.875141,2.337608
0.458148,-0.188980,0.046669,0.985060,1.114257,2.185522
0.429860,-0.159455,0.019723,-0.088103,0.850900,1.175436
0.392618,-0.140584,0.058676,1.104817,2.004736,0.347360
0.363841,-0.099839,0.060714,1.530910,1.893068,0.030105
0.344005,-0.068698,0.067893,1.565566,2.269350,0.002134
0.298057,-0.051837,0.086150,1.568106,1.687856,-0.685915
0.282538,-0.016376,0.083120,1.282439,2.404626,-1.638188
0.255179,0.011029,0.075912,1.756761,2.713270,-2.355681
0.225712,0.022238,0.089580,2.194717,2.651770,-2.505591
0.214069,0.042068,0.085726,1.764668,2.703544,-3.424323
0.181458,0.075788,0.033250,0.475333,3.013859,-3.646762
0.153600,0.073264,0.088182,2.787177,3.494986,-4.276964
0.142768,0.110569,0.071084,2.738059,3.657358,-4.515536
0.106186,0.111596,0.084013,1.785571,2.813946,-5.229280
0.108752,0.127618,0.073037,1.981073,3.596722,-5.767745
0.092708,0.142582,0.081768,2.747151,3.565611,-6.204651
0.074402,0.148619,0.083117,2.284583,3.977836,-6.150357
0.065542,0.169121,0.050217,1.152425,3.486917,-6.131007
0.049521,0.176234,0.035118,1.429682,3.418068,-6.677182
0.028428,0.159001,0.082812,2.256880,3.166364,-6.821590
0.046314,0.168606,0.045244,1.796272,3.752096,-6.697166
0.050571,0.169850,0.012604,0.888156,3.848409,-6.920214
0.034858,0.153096,0.052600,1.608208,3.116002,-7.029897
0.058561,0.149715,0.047923,2.292123,3.115969,-6.497393
0.071667,0.147299,0.023331,2.471538,3.574401,-6.173396
0.070568,0.127628,0.029318,1.154726,3.549963,-6.604757
0.094500,0.121975,0.027828,1.392207,3.598931,-5.770538
0.115826,0.110395,0.037442,1.959110,3.739475,-5.909861
0.114598,0.083653,0.026879,1.355581,3.279838,-6.315002
0.149218,0.068248,0.003695,0.852203,3.869804,-5.636212
0.160513,0.050346,0.024092,1.846962,3.198184,-5.746810
0.169543,0.016231,0.046216,2.028245,2.623958,-5.322892
0.205617,0.008038,0.016073,1.353865,3.241299,-4.103413
0.240106,-0.015073,0.029147,1.402133,3.417885,-4.394706
0.235153,-0.054101,0.024758,1.159663,2.899456,-4.106553
0.292461,-0.075864,0.044276,2.012250,3.050028,-3.862036
0.310819,-0.078503,0.039772,1.791525,2.870994,-2.235203
0.337571,-0.130812,0.004237,0.217905,2.560440,-1.564281
0.374088,-0.154813,0.004394,0.842852,2.683846,-2.109375
0.392073,-0.194180,0.039946,1.082768,2.679884,-1.288065
0.441618,-0.226712,0.042329,1.786943,2.794661,-0.957138
0.465028,-0.239067,0.036624,1.366063,1.970313,0.153604
0.488032,-0.276779,0.039346,0.951999,3.702689,0.878601
0.529751,-0.306968,0.018135,0.789699,2.354506,1.467564
0.552269,-0.327312,0.021017,1.049393,2.422236,1.808341
0.566515,-0.376900,0.053923,1.052239,1.312700,2.690471
0.616070,-0.383271,0.020882,0.029756,2.588610,3.604704
0.630161,-0.421846,0.037970,0.777637,1.632354,3.708689
0.656667,-0.447036,0.024749,1.028132,1.753574,3.890623
0.682401,-0.459361,0.007683,0.648282,0.136156,4.917695
0.690611,-0.490958,0.035138,-0.325269,-0.529516,5.718618
0.727948,-0.520087,0.011964,0.096248,0.742573,5.836787
0.747213,-0.533847,0.003915,0.348415,0.955528,5.846441
0.738029,-0.562174,0.028149,0.364269,-0.135147,6.244319
0.771372,-0.559240,0.041588,-0.222716,-0.052430,7.591433
0.770092,-0.565860,-0.012730,-1.252118,0.000989,7.433850
0.771405,-0.587987,-0.007583,-0.279985,0.387758,7.422808
0.787006,-0.578744,-0.009743,0.073882,0.029470,8.041518
0.774103,-0.591831,-0.008371,-0.889940,-0.704457,7.997934
0.790571,-0.608154,-0.027048,-0.540850,0.307614,8.200878
0.789471,-0.597267,-0.011184,0.341834,0.995292,7.799363
0.763510,-0.604560,0.005586,-0.507448,0.209381,7.956214
0.786313,-0.579820,-0.015159,-0.691714,0.051394,8.724643
0.767321,-0.587544,-0.020339,-0.238839,0.091508,7.607730
0.741282,-0.586782,-0.010741,-0.476271,0.207411,7.633024
0.754090,-0.581504,0.018906,0.250021,0.760151,8.321539
0.748776,-0.561892,0.019451,0.267392,0.175690,7.872425
0.711119,-0.545463,0.014701,-0.075508,0.830612,7.727875
0.714563,-0.523359,-0.018452,-0.909999,1.495446,7.470936
0.689334,-0.512383,0.017885,0.094725,-0.413364,7.180722
0.678548,-0.504045,0.024079,-0.154267,-0.586785,7.643863
0.669813,-0.466566,-0.018337,-0.376574,1.756850,6.779334
0.621801,-0.454231,0.007142,-0.349165,0.727225,6.387472
0.603908,-0.417711,0.028510,-0.301455,-0.507668,5.976299
0.582303,-0.381922,0.031632,-0.063498,-0.178088,6.285553
0.543269,-0.369409,0.005399,-0.847627,0.195850,5.565296
0.524467,-0.341656,0.028349,-0.403040,0.421062,4.584992
0.504503,-0.312784,0.029324,0.054473,0.187168,3.867877
0.473271,-0.286127,0.036542,0.762662,0.325395,3.672869
0.443345,-0.235049,0.015000,0.428592,0.808685,3.597342
0.393402,-0.203738,0.018486,-0.256141,0.726128,3.097553
0.362078,-0.183482,0.030549,0.587885,0.794170,2.096582
0.339941,-0.141332,0.018177,1.146316,0.934566,0.685592
0.297273,-0.112020,0.036539,0.538061,0.679613,0.123125
0.279761,-0.092709,0.038197,0.457526,1.404470,-0.538993
0.243546,-0.041661,0.022681,0.625748,1.455377,-1.557105
0.192599,-0.014039,0.050263,1.022119,1.631408,-2.641716
0.164314,0.024769,0.060212,1.258218,1.980384,-2.446570
0.157795,0.046085,0.036949,1.170908,4.477380,-2.837969
0.118839,0.069279,0.046728,1.054657,4.629383,-3.806742
0.086435,0.086919,0.037186,0.887053,3.249541,-4.830237
0.046570,0.118854,0.074077,1.792310,2.281921,-4.885236
0.011484,0.124273,0.071441,1.543652,1.042525,-4.961034
0.029908,0.158535,0.020803,1.422609,3.399322,-5.626201
0.012442,0.183088,0.052088,1.363489,3.347985,-7.641744
-0.017136,0.170086,0.067936,2.044430,3.215138,-7.278700
-0.017543,0.192758,0.062273,1.989738,2.764499,-7.159128
-0.044869,0.211343,0.068792,0.851822,1.686119,-6.875440
-0.045585,0.218932,0.056500,1.960026,3.260692,-5.731793
-0.057717,0.210979,0.040481,1.946857,3.467689,-7.037915
-0.042716,0.222654,0.076319,2.142871,2.933978,-6.441555
-0.041176,0.216949,0.073693,1.221448,2.677810,-6.149634
-0.031782,0.212761,0.048628,0.721811,3.246298,-6.899464
-0.034802,0.206199,0.054616,1.261516,3.415836,-6.533052
-0.020330,0.200504,0.081154,1.437678,2.060107,-6.604126
0.016578,0.211793,0.074704,1.586744,2.073697,-5.634178
0.005605,0.192942,0.054159,1.194483,2.146429,-5.189401
0.005749,0.161053,0.065064,1.038895,1.973582,-5.653498
0.053850,0.141982,0.072219,0.955275,2.025714,-6.055589
0.068392,0.130877,0.056982,1.496861,1.895979,-5.009167
0.076978,0.104972,0.052610,1.162420,1.710048,-4.599426
0.117582,0.096231,0.021269,0.438366,2.118554,-4.059983
0.116702,0.069207,0.057248,1.051864,1.741445,-4.156260
0.148854,0.037997,0.058948,1.441040,1.575429,-3.363973
0.168942,0.029624,0.028753,1.270629,1.840883,-3.302450
0.204265,0.005445,0.027795,0.625843,1.858267,-2.799631
0.227757,-0.020614,0.054494,0.853739,1.595748,-3.253037
0.229658,-0.041533,0.039316,1.283706,0.853985,-2.370734
0.254713,-0.050189,0.059188,0.512491,0.923304,-1.190250
0.280713,-0.085859,0.019274,0.322795,1.519116,-0.806292
0.309270,-0.096547,-0.001872,-0.047956,1.417908,-1.167967
0.338714,-0.119025,0.054491,0.459657,0.831842,-0.856515
0.355188,-0.163213,0.033713,0.356132,0.777022,-0.095057
0.376629,-0.171875,0.000232,-0.552194,1.253865,-0.205592
0.393599,-0.193864,0.026794,-0.120521,0.976273,-0.362633
0.406765,-0.225583,0.032502,0.318492,0.046332,0.551198
0.434016,-0.224611,0.035837,0.211504,0.528125,1.419361
0.450330,-0.251829,0.024033,-0.680839,-0.077498,1.121080
0.464388,-0.294222,0.036533,0.008840,0.094735,1.319055
0.483597,-0.287749,0.027076,-0.022924,0.111695,1.700478
0.478309,-0.315062,0.041414,0.114124,-0.648888,1.156634
0.489880,-0.318666,0.004322,-1.053685,-0.554285,2.400472
0.502054,-0.327630,0.003019,-1.188925,-0.615907,1.717945
0.503197,-0.348832,0.035827,-0.407153,-1.113541,2.001860
0.522773,-0.356263,0.005766,-0.551784,-0.277211,2.608078
0.527434,-0.342677,-0.020713,-1.615284,-0.646282,2.740905
0.514226,-0.349475,-0.009852,-1.921998,-0.808743,2.386211
0.511209,-0.388704,0.008304,-0.739966,-0.223914,1.488087
0.523042,-0.342740,-0.001554,-0.576665,-0.121040,2.841413
0.517810,-0.361384,0.010621,-1.245205,-0.542245,2.371174
0.522711,-0.370312,-0.013406,-1.439811,-0.263209,1.831597
0.492122,-0.364972,-0.007203,-0.376968,-0.201062,1.708279
0.489706,-0.335236,0.004059,-0.732932,0.313214,2.502717
0.481523,-0.351251,0.007532,-0.785434,0.322740,1.774278
0.470828,-0.350017,-0.009366,-0.617895,0.352492,1.578513
0.459415,-0.345474,0.013588,-0.460191,0.072696,0.073863
0.449867,-0.350322,0.000235,-0.436429,0.748682,0.572734
0.434206,-0.304145,-0.020316,-1.418288,0.428779,0.996965
0.394860,-0.289492,0.025829,-0.716739,-0.004188,0.986198
0.398989,-0.273523,0.024194,-0.140324,0.783554,0.875819
0.398332,-0.238105,0.002234,-0.460962,0.638635,0.957466
0.368075,-0.255719,0.027614,-1.170326,-0.158075,-0.394738
0.344668,-0.249892,0.006209,-1.061917,0.531450,-0.446217
0.330675,-0.199464,0.028435,0.123637,0.433147,-0.513088
0.319774,-0.157781,0.032485,-0.284554,0.498310,0.507835
0.278136,-0.182773,0.004063,-0.986477,0.353995,-0.880703
0.296600,-0.151846,0.016772,-0.245555,0.764752,-1.795158
0.275425,-0.124657,0.056733,0.431467,0.335879,-1.432591
0.269316,-0.108793,0.032800,0.137610,0.797245,-1.304746
0.249395,-0.054991,0.021043,-0.211648,1.044055,-1.034350
0.206530,-0.054476,0.065992,0.280317,0.744158,-1.852341
0.217723,-0.019160,0.069288,0.754715,1.101547,-1.447312
0.192143,-0.015188,0.057281,0.556462,0.666978,-2.334503
0.185443,-0.008479,0.028832,-0.076589,1.497957,-2.433472
0.167160,0.014928,0.057310,1.157828,1.750551,-2.804326
0.137365,0.036021,0.096719,1.202078,1.430736,-2.233065
0.134004,0.053428,0.077110,1.186418,2.593116,-1.299096
0.134513,0.073083,0.049029,1.255106,4.601374,-1.467981
0.116492,0.069056,0.119181,1.373540,1.677401,-3.059160
0.133584,0.077715,0.112478,1.870205,2.392743,-2.213715
0.117339,0.087638,0.088129,1.162636,0.672516,-2.287846
0.103071,0.095522,0.086527,1.124255,3.367962,-1.871515
0.096598,0.085583,0.126639,2.517502,1.745414,-1.653089
0.102115,0.101161,0.105483,2.243294,1.283125,-1.098892
0.098807,0.096648,0.122677,1.576289,1.126822,-0.817954
0.126323,0.082140,0.109820,2.067391,2.476728,-0.677331
0.112711,0.067589,0.116125,2.926060,1.191932,-1.317324
0.107906,0.066302,0.153190,2.098827,0.529484,0.376624
0.119827,0.052135,0.115009,1.562372,0.996755,0.412019
0.126757,0.039665,0.118397,1.755126,1.777260,0.041354
0.117592,0.001145,0.139972,2.167581,1.494310,0.076302
0.167163,0.017932,0.130492,1.669406,1.375933,1.924539
0.174467,0.010142,0.113069,1.232431,1.091559,2.474739
0.161081,-0.017069,0.126767,1.422356,1.421788,3.029520
0.174329,-0.027737,0.110250,1.482116,1.587647,3.755520
0.178261,-0.051134,0.117681,1.785709,0.795512,4.337481
0.195235,-0.071072,0.107233,0.924171,1.134690,5.625409
0.203388,-0.082961,0.060140,0.793139,1.586869,5.348815
0.192215,-0.122895,0.110749,1.115091,0.638733,4.787548
0.219620,-0.123525,0.100855,1.137677,0.553104,5.601504
0.227859,-0.134767,0.088359,0.796061,0.358997,6.566479
0.208745,-0.172811,0.061213,0.426799,0.764657,6.195646
0.219502,-0.181516,0.074684,0.828603,0.820160,6.321236
0.219706,-0.195082,0.062231,1.136413,0.625915,7.288915
0.222184,-0.222802,0.048221,0.176848,0.030629,7.563338
0.224564,-0.232364,0.037862,-0.146583,0.493518,7.275212
0.224393,-0.251517,0.045389,0.432495,0.433860,6.779515
0.229671,-0.259208,0.036598,0.512589,0.592310,7.935794
0.231791,-0.265376,0.008071,-0.162884,0.245356,7.568318
0.218570,-0.281949,0.011914,-0.745983,0.656307,7.032404
0.232796,-0.305812,0.014245,-0.150384,1.248413,6.496980
0.246057,-0.301358,0.021515,0.111666,1.544762,6.798462
0.224715,-0.302861,0.018075,-0.637843,-0.550789,7.016557
0.236896,-0.294905,-0.022850,-0.969536,1.740244,7.031942
0.220510,-0.309915,-0.016732,-0.412234,0.975849,6.151211
0.209133,-0.317662,0.020258,-0.201909,-0.812295,5.536702
0.232973,-0.303879,-0.002115,-0.787194,-1.182866,5.991567
0.234808,-0.300675,-0.045873,-0.893817,0.985572,5.493581
0.202785,-0.304489,-0.047724,-0.857399,1.037041,4.743779
0.207232,-0.289328,0.001056,-0.011317,-0.015430,4.997272
0.210190,-0.267614,-0.021153,-0.642816,-0.532211,4.748253
0.209028,-0.276149,-0.070948,-1.241418,0.783197,3.905444
0.200034,-0.270204,-0.041301,-0.310899,1.001334,2.815352
0.199006,-0.247184,-0.000339,-0.070342,0.245592,3.017675
0.183746,-0.237587,-0.026969,-0.468075,0.296148,2.860367
0.178314,-0.207834,-0.041987,-0.648320,-0.311017,2.483385
0.173925,-0.195407,-0.047596,-0.689390,0.908156,1.046993
0.167541,-0.196415,-0.035793,-0.355898,0.943160,0.826669
0.168470,-0.167454,-0.010282,-0.428499,-0.626059,0.858511
0.167666,-0.140430,-0.041333,-1.465864,-0.466208,0.318894
0.161183,-0.129968,-0.036777,-0.117347,1.693049,-0.270727
0.147915,-0.112263,-0.025332,0.278584,0.601838,-1.012037
0.153413,-0.089877,-0.018980,-0.131809,1.304986,-0.900786
0.158649,-0.089053,-0.019115,-0.012910,1.939806,-1.532160
0.160953,-0.050786,-0.051821,-0.475398,2.056658,-2.695827
0.155462,-0.037630,-0.008473,0.468762,1.211699,-3.405051
0.145309,-0.024553,-0.010731,0.332203,1.333074,-2.975233
0.151982,0.021372,-0.005007,-0.262089,1.323696,-3.123583
0.137763,0.029988,0.000997,0.324479,1.075852,-3.367370
0.151263,0.031242,0.009052,0.814147,1.320505,-3.784049
0.163658,0.063912,-0.002817,0.733402,1.037398,-3.917930
0.149497,0.073064,0.025346,0.274245,0.754967,-4.253209
0.161390,0.081611,0.001154,0.504347,1.402313,-4.887734
0.154798,0.103663,0.024010,1.404017,1.371202,-5.844014
0.141025,0.120784,0.052410,0.624087,-0.298925,-5.732631
0.175268,0.134298,0.002481,-0.029729,1.177788,-5.387597
0.179919,0.132948,0.026777,0.616399,1.570955,-6.308410
0.161403,0.137475,0.054435,1.143716,0.656937,-6.741059
0.190738,0.148199,0.044315,1.146536,1.376182,-6.030217
0.188260,0.159362,0.039237,0.772601,1.091463,-6.437962
0.178284,0.158272,0.060629,0.585981,1.621196,-6.270800
0.194696,0.164450,0.048425,1.202026,2.460194,-6.386808
0.200861,0.172410,0.063261,1.330087,0.883104,-6.535755
0.206343,0.163446,0.062113,0.475724,1.681393,-6.848985
0.220116,0.163469,0.055689,0.592237,1.890451,-6.919052
0.228446,0.162372,0.062296,1.155143,1.760539,-7.151251
0.223802,0.154235,0.076677,1.320597,1.800345,-6.123628
0.246034,0.156497,0.069580,1.049668,1.439001,-6.173238
0.255231,0.140301,0.049465,0.621953,1.812096,-6.002827
0.255848,0.098443,0.074914,1.528897,1.952263,-6.768396
0.281409,0.118371,0.076299,1.523682,1.961940,-5.678094
0.286345,0.100150,0.094786,1.037369,1.308173,-5.596128
0.297594,0.066427,0.075160,0.730838,1.532817,-5.110221
0.310402,0.061729,0.066580,0.947558,1.710715,-5.426625
0.320847,0.060748,0.109094,1.254620,1.095550,-4.385531
0.348334,0.028518,0.084246,0.621241,1.180627,-3.759946
0.350488,0.002691,0.079116,0.719475,1.266578,-4.389022
0.352464,-0.010232,0.091668,0.810191,1.386134,-3.665910
0.364819,-0.042961,0.111812,0.879408,0.787372,-3.310257
0.396370,-0.041182,0.092498,0.502607,0.793631,-2.038603
0.392851,-0.089184,0.096516,0.135194,0.912426,-2.358197
0.425068,-0.115329,0.083590,0.383589,1.966725,-2.302106
0.412877,-0.130221,0.101239,0.754072,0.749509,-1.748736
0.413143,-0.155831,0.096125,0.475875,-0.771235,-0.710595
0.444562,-0.162504,0.062116,-0.284781,1.463820,-0.005024
0.459146,-0.190273,0.067240,-0.032374,2.043748,0.043248
0.454817,-0.246239,0.076404,0.803469,1.180690,-0.514726
0.469768,-0.241332,0.072075,-0.011468,0.398492,0.472060
0.450113,-0.264266,0.064433,-0.889271,-0.280389,0.748717
0.467569,-0.275128,0.041581,-0.812764,0.527984,1.775760
0.468823,-0.295889,0.052768,0.198874,0.519013,1.626465
0.467697,-0.322274,0.068339,-0.378596,0.173559,1.551813
0.481775,-0.341423,0.033575,-1.119242,0.427561,1.609454
0.485895,-0.350191,0.033230,-1.162376,0.598993,1.912971
0.454016,-0.367381,0.056450,-0.365331,-0.141223,2.291469
0.457669,-0.367325,0.045326,-0.149793,0.673767,2.886234
0.461204,-0.367374,0.030493,-0.925007,0.632257,3.082819
0.451692,-0.404833,0.019497,-1.242901,0.789374,2.650844
0.448419,-0.414074,0.021998,-0.126281,0.282234,2.341064
0.437492,-0.393926,0.044630,-0.491121,0.210185,3.443858
0.429388,-0.396155,0.017104,-0.904951,0.749302,3.837885
0.420217,-0.396063,0.007171,-1.017283,0.856283,3.400756
0.385117,-0.408352,0.038738,-0.841170,-0.249773,2.694571
0.401566,-0.398886,0.023495,-0.366795,0.250464,3.376958
0.393626,-0.391993,0.003587,-0.861426,0.923459,3.359610
0.382331,-0.393450,0.006958,-0.810722,0.883091,3.562832
0.378385,-0.360563,0.025359,-0.008662,0.210378,3.753472
0.346175,-0.359496,0.019027,-0.057701,0.311816,3.796140
0.345137,-0.352203,-0.006796,-0.682385,1.021482,4.014917
0.325961,-0.340393,0.011504,-0.096602,1.136206,3.168720
0.315047,-0.314822,0.049580,-0.097206,0.309387,3.935852
0.317804,-0.296178,0.024463,-0.196575,0.180216,3.631425
0.293642,-0.288674,0.021699,-0.260028,1.132097,3.238307
0.281369,-0.273880,0.015587,0.347739,1.919488,3.522874
0.263395,-0.266978,0.058833,0.451142,-0.147650,3.145088
0.260759,-0.236356,0.052905,0.153596,0.659751,4.038048
0.253751,-0.228402,0.021099,0.576758,1.802535,3.914133
0.243785,-0.205054,0.027765,1.020461,1.801002,3.084755
0.233570,-0.181273,0.059851,1.144928,1.338020,3.294778
0.220421,-0.177321,0.054898,0.835427,-0.211047,3.573050
0.210285,-0.147310,0.016158,1.005073,1.679174,3.568536
0.202739,-0.140607,0.047663,1.396602,3.392584,3.369702
0.192117,-0.137712,0.058410,1.965902,1.350878,3.172135
0.190584,-0.111199,0.036690,1.328564,1.585992,3.440690
0.173334,-0.103302,0.059145,0.716803,1.400656,2.979097
0.200930,-0.065944,0.055810,1.738747,1.979514,4.581413
0.175777,-0.060824,0.062306,2.427038,1.896682,4.003424
0.144761,-0.073606,0.074110,1.317883,1.364516,3.273143
0.145588,-0.080535,0.040964,0.810894,1.710725,2.859881
0.156827,-0.049053,0.061128,1.628631,1.525152,3.239518
0.141915,-0.054055,0.076985,2.146340,1.770623,3.284201
0.148568,-0.036399,0.072360,1.206093,1.417748,3.795001
0.155865,-0.019580,0.067026,1.061784,1.872657,4.062648
0.134145,-0.041605,0.078925,1.641058,1.471284,3.309338
0.132038,-0.038191,0.071074,1.981303,0.758828,2.950558
0.140664,-0.018625,0.059359,1.807718,1.205689,3.699311
0.161088,-0.003841,0.039401,1.117956,2.123921,4.139135
0.147777,-0.022107,0.047663,1.930113,1.569610,3.104813
0.150971,0.002278,0.081141,2.086748,1.045007,4.300181
0.145988,-0.022843,0.039845,1.951905,1.425862,3.592567
0.152740,-0.010067,0.012023,1.443223,1.514333,3.625132
0.138554,-0.015914,0.062221,1.447999,0.497916,3.501446
0.162814,-0.026273,0.048747,1.885649,1.078773,3.643028
0.151611,-0.025101,0.020114,1.596765,0.605305,3.310270
0.144157,-0.025104,0.022635,1.192300,2.055637,3.198562
0.157063,-0.033704,0.038932,1.378907,0.636206,2.915413
0.164554,-0.028784,0.042572,1.209339,-0.263842,2.844050
0.153528,-0.067018,0.021643,0.820393,0.962624,2.359421
0.166372,-0.068048,-0.024718,0.753645,2.750595,1.765890
0.165811,-0.076645,0.009814,0.951441,1.193711,1.232294
0.156318,-0.078703,0.008264,0.979710,0.334986,1.692722
0.170026,-0.073986,-0.026109,-0.072807,0.907299,1.815557
0.167784,-0.085354,-0.019154,0.557381,1.300489,1.099611
0.164321,-0.141660,-0.016978,1.040914,1.573164,-0.312989
0.186911,-0.103141,-0.026907,0.574427,1.066310,1.102524
0.160907,-0.128872,-0.027662,-0.207384,0.110842,-0.067715
0.176686,-0.125412,-0.045968,0.073258,1.534451,0.279524
0.163546,-0.136533,-0.027012,0.437658,-1.304625,-0.879344
0.189487,-0.123338,-0.030590,-0.138482,0.055421,0.127407
0.193249,-0.152388,-0.052359,-0.942053,0.975045,-0.651460
0.199394,-0.154295,-0.071978,-0.389399,0.969225,-1.562786
0.189514,-0.180029,-0.059574,0.326508,-0.147519,-1.682805
0.196203,-0.156586,-0.080476,0.068472,-0.064483,-1.081905
0.196807,-0.159510,-0.056912,-0.929094,0.069342,-1.123783
0.222377,-0.162058,-0.074135,-0.381133,1.050141,-1.630867
0.216833,-0.173405,-0.073265,-0.206222,0.111088,-2.121447
0.223520,-0.175516,-0.065916,-0.767512,0.049877,-2.207775
0.227984,-0.169522,-0.075267,-1.208039,-0.004743,-2.437355
0.215734,-0.171971,-0.067557,-0.664293,-0.158676,-2.951864
0.230032,-0.169079,-0.074811,0.048269,-0.375222,-2.207962
0.237693,-0.148531,-0.103178,-0.709975,0.334806,-2.806367
0.229395,-0.164063,-0.075582,-1.262905,-0.150621,-3.360075
0.245469,-0.165468,-0.049759,-0.639113,-0.039356,-3.561882
0.253531,-0.149867,-0.057388,-0.668412,-0.518284,-3.327043
0.246411,-0.147280,-0.055382,-1.125495,0.142530,-3.047432
0.254289,-0.127063,-0.058694,-1.236297,0.498750,-3.147787
0.245246,-0.126926,-0.037844,-0.638178,-0.021697,-3.138225
0.249861,-0.134758,-0.034299,-0.071199,0.048131,-3.699256
0.264603,-0.113763,-0.033413,-0.567832,-0.086440,-3.608086
0.264373,-0.105550,-0.038442,-0.857435,0.257606,-3.856101
0.258970,-0.104782,-0.016295,-0.474420,0.075066,-3.630680
0.252543,-0.081493,-0.000411,-0.002084,-0.758735,-3.390678
0.252280,-0.087750,-0.017693,-0.372379,0.192138,-3.446627
0.269510,-0.079012,-0.008939,-0.925247,0.680955,-4.007921
0.271154,-0.065731,0.003981,-0.222782,-0.112082,-3.886313
0.270885,-0.064822,0.016355,0.193477,-0.162786,-3.574366
0.265932,-0.041812,-0.007708,-0.311116,0.516777,-3.243760
0.239633,-0.048580,0.034934,-0.449986,0.023072,-3.580243
0.254000,-0.037899,0.050542,-0.119054,-0.224824,-3.223993
0.255812,-0.026237,0.049157,0.094663,0.126410,-3.001280
0.252441,-0.041139,0.029521,-0.212885,0.424380,-3.144378
0.250252,-0.022318,0.019168,-0.098627,0.835203,-3.410065
0.226618,-0.023857,0.076979,0.224066,-0.189452,-2.949897
0.234828,-0.005321,0.077652,0.401492,-0.367702,-2.670640
0.232806,-0.012247,0.061509,-0.018907,1.240345,-2.741994
0.222344,-0.023942,0.064739,0.015687,0.633757,-2.687191
0.225184,-0.007812,0.063166,0.923363,0.376712,-2.562875
0.209789,-0.011833,0.094537,0.748511,0.254875,-2.218134
0.204508,0.001493,0.084650,0.161516,0.390147,-2.076087
0.190804,-0.004724,0.085392,0.063141,0.250302,-2.208356
0.191040,-0.008101,0.087378,0.579016,0.645439,-1.735452
0.181101,-0.012805,0.081197,1.325705,0.767165,-2.215462
0.170679,-0.014128,0.110230,0.331533,0.111121,-1.681492
0.167026,-0.009421,0.090305,0.150818,0.981991,-1.569036
0.157080,-0.006053,0.094960,0.765540,0.818742,-1.971273
0.143878,-0.019015,0.106219,1.579450,1.225922,-1.341090
0.145037,-0.014702,0.092239,1.209894,1.164251,-1.298530
0.124429,-0.030688,0.113351,0.059823,0.658861,-1.233183
0.132475,-0.032749,0.101039,0.655549,1.087478,-1.326808
0.132534,-0.024015,0.113365,1.119059,1.085998,-1.442741
0.101649,-0.039130,0.110246,1.338995,1.279531,-0.893635
0.109642,-0.028620,0.113821,0.236996,0.631919,-0.586839
0.103803,-0.036117,0.088996,-0.010451,1.634874,-0.926328
0.116122,-0.059409,0.090729,1.000701,3.545683,-1.173000
0.092514,-0.060886,0.110798,1.272467,0.250637,-1.184649
0.101935,-0.056114,0.132508,0.590902,0.991182,-0.386649
0.091703,-0.067543,0.089127,0.631482,0.357120,-0.270372
0.095721,-0.052020,0.082086,1.446725,3.012326,-0.005502
0.067709,-0.087727,0.109941,1.466446,1.184271,-0.744839
0.086304,-0.082675,0.105287,0.618425,-0.666210,-0.113435
0.087715,-0.088357,0.086977,0.191019,0.356069,-0.385638
0.078314,-0.094452,0.077757,0.498386,1.615528,-0.050974
0.072859,-0.109916,0.102851,1.008503,-0.936365,-0.179967
0.080395,-0.100062,0.098498,0.749187,-0.895872,0.540122
0.087062,-0.123157,0.071763,0.414773,1.741836,0.659104
0.104210,-0.126151,0.062887,0.395915,1.880237,0.536617
0.099627,-0.141808,0.084647,0.923163,0.935078,0.171236
0.105358,-0.153202,0.072406,0.759406,0.895528,1.101226
0.129727,-0.143512,0.061850,0.004218,2.072108,1.483969
0.120809,-0.144359,0.043514,0.293874,2.071337,1.366054
0.125710,-0.171324,0.056500,0.905559,1.124879,1.752469
0.143737,-0.169164,0.056529,0.412304,0.552865,1.830569
0.155662,-0.184181,0.039920,-0.002245,0.561826,2.055193
0.158360,-0.203114,0.038817,0.136412,1.159239,1.875838
0.177044,-0.191780,0.051888,0.821808,1.403952,2.592611
0.180349,-0.189827,0.035912,0.416030,0.443093,3.316274
0.186395,-0.210234,0.017442,0.077962,0.460953,3.367576
0.205913,-0.217925,0.017242,-0.326156,0.878689,3.312405
0.217838,-0.220803,0.024821,0.252811,1.013190,3.131622
0.227170,-0.237813,0.021880,0.689545,0.170897,3.376656
0.244334,-0.230372,0.005914,-0.021887,0.669545,4.710416
0.254608,-0.229748,-0.009980,-0.209262,0.854101,4.458473
0.243815,-0.255755,0.022136,0.427659,0.052011,4.347881
0.273636,-0.255384,0.009042,0.649437,0.446599,5.134144
0.290524,-0.239093,-0.013902,-0.365197,-0.322860,5.452045
0.278566,-0.247923,0.000560,-0.608350,-0.511962,4.879043
0.304048,-0.254619,-0.004363,0.272174,0.412140,5.638892
0.305876,-0.239326,-0.019709,0.714522,0.346659,5.819278
0.300332,-0.237281,-0.009070,-0.235160,-0.247318,6.136125
0.310879,-0.247523,-0.035156,-0.449474,0.350749,6.095450
0.314095,-0.254330,-0.025194,0.206272,0.002823,5.433047
0.319259,-0.239710,0.004893,0.172269,-0.377533,6.028350
0.321153,-0.240534,-0.011099,0.250697,-0.321416,6.161847
0.321986,-0.223708,-0.043428,-0.182943,0.112430,6.046692
0.302541,-0.205008,-0.012858,0.116067,-0.004326,5.803955
0.314598,-0.214485,-0.015133,0.402237,0.328024,5.821822
0.314049,-0.197462,-0.037401,0.347266,0.024494,5.834206
0.298044,-0.190887,-0.019426,-0.448591,-0.660732,5.361715
0.299351,-0.189423,-0.012412,0.088088,0.220800,5.195039
0.294453,-0.169870,-0.025437,1.116561,-0.167109,4.940706
0.273449,-0.150582,-0.016554,0.338902,-1.145032,5.216358
0.274608,-0.147553,-0.047465,0.050363,0.779248,4.603746
0.261415,-0.133858,-0.043542,0.446461,0.569247,3.602960
0.249480,-0.118437,0.011353,0.674929,-0.260307,3.971705
0.248033,-0.113067,-0.021163,0.801887,0.652782,3.555774
0.228926,-0.090822,-0.052346,-0.005005,0.721713,2.798652
0.215008,-0.081415,-0.010016,0.229666,0.574427,2.446121
0.207633,-0.079819,-0.006231,1.264241,0.784779,2.377315
0.205739,-0.041914,-0.021478,0.696662,1.049405,2.171101
0.178271,-0.037351,-0.011824,-0.020006,0.670852,1.604509
0.163750,-0.039504,-0.024022,0.794084,1.120372,0.764227
0.159456,-0.020003,0.001158,1.082328,0.938577,0.253243
0.152196,-0.004602,-0.009011,0.525394,0.574794,0.343933
0.131024,0.004205,-0.038136,0.473302,2.726551,-0.053229
0.124065,0.001769,0.003757,0.694558,1.069944,-0.957495
0.119411,0.020965,-0.000181,0.776930,-0.542035,-1.228822
0.097454,0.025278,-0.005877,-0.002977,-0.828136,-1.227335
0.099811,0.028045,-0.019847,0.636206,1.791853,-2.333734
0.093098,0.037361,-0.015530,1.395335,1.903860,-2.706866
0.080034,0.039849,0.007824,1.063763,1.006566,-2.141289
0.092675,0.047221,-0.024580,0.679120,1.270589,-2.425420
0.082296,0.053504,-0.038845,0.817383,1.884467,-3.533181
0.056266,0.030957,-0.002821,0.909938,1.366013,-3.963259
0.080116,0.040505,-0.007331,1.044387,1.265767,-3.209998
0.090591,0.056366,-0.017175,0.540234,1.708296,-3.407696
0.064866,0.035654,-0.018133,0.085705,1.205656,-3.742013
0.083274,0.034689,-0.031338,1.264251,1.981358,-4.060038
0.072445,0.034997,0.006088,0.607750,-1.978342,-4.179391
0.092494,0.037525,-0.020516,0.095591,2.001568,-3.941873
0.113715,0.028120,-0.034509,0.657230,3.447607,-3.902359
0.099844,0.018729,-0.027111,1.239679,1.658101,-4.601538
0.104538,0.018838,-0.013518,0.445243,0.793024,-3.840521
0.128145,0.001864,-0.031575,-0.173670,1.491159,-3.429690
0.133856,0.010645,-0.054141,0.573616,1.457268,-4.163831
0.141055,-0.011518,-0.014542,0.875968,0.953821,-4.214498
0.163064,-0.016580,-0.041320,0.147631,0.828038,-3.218225
0.173659,-0.015822,-0.054801,0.056084,1.418227,-3.507440
0.180224,-0.028610,-0.009835,0.104749,0.658867,-3.721553
0.197027,-0.048807,-0.004649,0.401360,0.430902,-2.947948
0.214158,-0.047061,-0.041668,0.108974,0.746253,-2.731385
0.224783,-0.048984,-0.034450,-0.505180,0.660932,-2.779305
0.225407,-0.075802,-0.023877,0.184496,0.962480,-3.204614
0.241891,-0.077735,0.002169,0.481537,0.616495,-2.490476
0.262820,-0.068899,-0.003198,-0.246741,-0.031777,-1.801620
0.255707,-0.090179,-0.010239,-0.858525,0.226400,-2.033248
0.280020,-0.084989,0.007253,-0.551147,0.625978,-1.917194
0.276695,-0.101286,0.006035,0.325050,0.279083,-2.033701
0.292740,-0.104205,0.009843,-0.276696,0.137971,-1.293707
0.305072,-0.112798,-0.009461,-0.794343,0.096576,-1.274278
0.311207,-0.115572,-0.007593,-0.515887,0.264804,-1.508240
0.307888,-0.125668,0.025970,0.168682,-0.323707,-1.391284
0.327904,-0.127674,0.018896,0.185100,0.217439,-0.549151
0.332221,-0.119041,-0.010347,-0.379975,-0.075342,-0.766231
0.319922,-0.128583,0.014176,-0.963008,0.033153,-0.842105
0.344586,-0.136343,0.020708,0.170372,0.564731,-0.842269
0.346257,-0.132608,0.022057,0.184050,0.299434,-0.451307
0.326283,-0.138696,0.033867,-0.652571,-0.179769,-0.329608
0.336557,-0.133251,0.016707,-0.768254,0.273345,-0.155638
0.335100,-0.139061,0.032492,0.224102,-0.140984,-0.312237
0.331341,-0.141365,0.027043,0.054988,-0.308867,0.096643
0.342590,-0.129666,0.004013,-0.297352,0.615950,0.197569
0.329316,-0.130467,0.022592,-0.496248,0.461055,-0.417039
0.324031,-0.139340,0.034944,0.436204,0.048147,0.219974
0.324451,-0.134305,0.016329,0.653235,-0.023174,0.356753
0.305013,-0.131419,0.028885,-0.259243,0.461416,0.223181
0.313957,-0.137095,0.021798,-0.145943,0.883531,0.493529
0.305154,-0.125209,0.033995,0.266374,0.559216,0.089090
0.281950,-0.128488,0.059234,0.412107,0.260764,0.189755
0.288033,-0.125823,0.035646,-0.206340,0.545026,0.482119
0.283723,-0.119012,0.038719,-0.092341,0.966590,0.360196
0.260939,-0.123939,0.069488,0.387880,-0.032631,0.331257
0.266575,-0.117331,0.050808,0.336700,0.519581,1.024902
0.254398,-0.115992,0.036444,-0.179759,0.935429,0.585019
0.218914,-0.125977,0.063347,0.219307,0.573248,0.452004
0.224537,-0.111232,0.084358,0.477950,0.578438,0.725336
0.216393,-0.099773,0.069288,0.144099,0.320471,0.665116
0.196945,-0.119671,0.063022,-0.220225,1.441174,0.230803
0.200031,-0.109637,0.058430,0.195420,1.131036,0.376859
0.180612,-0.106158,0.084679,0.834931,0.800068,0.585556
0.167534,-0.102360,0.064437,0.575399,1.252165,0.585162
0.170334,-0.100223,0.046052,-0.103984,1.513605,0.453313
0.162552,-0.100157,0.053522,0.406619,1.265524,0.038130
0.154378,-0.114193,0.072977,1.077421,0.976496,0.163352
0.155498,-0.095106,0.063639,0.512674,1.138583,0.823739
0.145168,-0.084310,0.045224,0.177991,1.435640,0.879176
0.136807,-0.096681,0.050115,0.545154,1.235182,0.842255
0.134556,-0.084474,0.058774,1.027275,0.766085,0.958975
0.125079,-0.086732,0.065914,0.776070,1.262872,0.866544
0.135751,-0.099087,0.023898,0.293372,1.577855,0.674522
0.130508,-0.083729,0.021955,0.461948,1.681088,0.528112
0.118163,-0.087848,0.059546,1.173817,1.238188,0.453049
0.125874,-0.091938,0.037954,1.263033,1.651365,1.026015
0.132924,-0.081086,0.011596,0.856848,4.076686,1.121829
0.113509,-0.081589,0.051284,0.440779,0.931763,0.704874
0.118061,-0.089552,0.039162,1.552958,1.639716,0.914192
0.133098,-0.077151,0.012476,1.021193,1.826470,0.882993
0.121439,-0.084891,0.030083,0.262448,1.274568,0.742038
0.122427,-0.099553,0.029603,0.804076,1.210071,0.715848
0.127072,-0.085268,0.030526,1.407979,0.969813,1.143717
0.125454,-0.089650,0.026580,0.600325,0.819011,1.180178
0.136778,-0.101910,-0.000139,0.267647,1.530082,0.906092
0.145483,-0.098851,0.006836,1.007381,1.222344,0.509143
0.140077,-0.108570,0.029413,1.160119,0.571253,1.119368
0.157743,-0.100010,0.004273,0.558894,1.274285,1.681972
0.152796,-0.101565,-0.001032,0.342270,1.411074,1.344632
0.152671,-0.126062,0.010329,0.742435,1.351725,0.591008
0.171890,-0.112434,0.031077,0.487593,-0.742369,1.465952
0.193525,-0.105186,-0.010872,0.362972,1.459136,1.818302
0.185250,-0.129335,-0.023113,0.502722,2.558011,1.142035
0.188158,-0.129378,0.001168,0.977527,0.006325,1.306488
0.185932,-0.120515,0.003813,0.600542,-0.730365,1.929265
0.205335,-0.125783,-0.037129,-0.011787,1.430579,2.367284
0.215747,-0.135539,-0.037083,0.738319,1.129090,1.337304
0.212724,-0.145698,-0.016364,0.808498,0.718756,0.975058
0.243822,-0.144126,-0.010239,0.469189,-0.180803,2.409058
0.241114,-0.134262,-0.026352,0.212758,0.623700,2.355189
0.239567,-0.163584,-0.034887,0.606546,1.409134,1.443295
0.256367,-0.159287,-0.019147,0.537897,0.918318,1.910794
0.257992,-0.159494,-0.015924,0.760840,-0.428256,2.631322
0.266083,-0.174340,-0.037933,0.202107,-0.157068,2.625933
0.276626,-0.167726,-0.067462,0.344003,0.784011,1.868552
0.267567,-0.183453,-0.016407,0.610537,0.296073,1.766505
0.285443,-0.178375,-0.020030,0.358052,0.419066,2.260591
0.279896,-0.175972,-0.028811,-0.215226,-0.871221,2.751808
0.266132,-0.202871,-0.044603,-0.007392,0.405326,2.636049
0.274867,-0.186312,-0.028535,0.172719,0.540378,2.593049
0.279098,-0.194915,-0.014857,0.374792,-0.998081,2.667344
0.290314,-0.206709,-0.035629,-0.472267,-1.633640,2.842555
0.294512,-0.187693,-0.062696,0.016344,0.696452,2.536145
0.273748,-0.204083,-0.024521,0.155217,0.272105,2.647341
0.283841,-0.184024,-0.029303,0.354346,0.492917,3.386320
0.287780,-0.174377,-0.049343,-0.591265,-0.693047,3.398642
0.276190,-0.205484,-0.053058,-0.030575,0.320852,2.510835
0.293747,-0.199005,-0.052103,0.019114,0.242060,2.104187
0.292901,-0.186348,-0.033265,0.158234,0.047445,2.662424
0.271519,-0.191777,-0.052126,-0.072860,0.088219,3.318249
0.266805,-0.172305,-0.068761,0.178040,0.455081,3.018473
0.251798,-0.171212,-0.022962,0.437215,-0.197196,2.547859
0.264944,-0.172515,-0.038015,0.015047,-0.031810,2.690354
0.266864,-0.157334,-0.049858,-0.609197,1.017372,2.318246
0.237460,-0.162156,-0.041937,-0.390620,1.414711,1.711106
0.233790,-0.148078,-0.033124,0.008847,0.126496,2.163239
0.214191,-0.131147,-0.020798,0.250949,-0.344682,1.966899
0.205463,-0.144007,-0.019636,-0.141657,-0.693152,1.995240
0.217342,-0.124352,-0.046306,0.002974,1.757263,1.504715
0.201238,-0.108189,-0.026441,0.070917,1.038843,1.247805
0.178547,-0.117400,-0.013597,0.520237,0.069089,0.913445
0.168732,-0.090005,-0.013774,0.111633,-1.199462,0.593387
0.165870,-0.073084,-0.033915,-0.189928,2.060301,0.600641
0.151178,-0.078155,-0.023858,0.366658,0.852397,0.103916
0.136062,-0.051925,-0.004157,0.827168,0.686798,0.077564
0.108992,-0.044746,-0.001760,-0.067592,0.171117,-0.353450
0.121597,-0.036691,-0.016554,-0.308198,0.704628,-1.109984
0.109264,-0.032345,-0.014916,0.836986,0.948828,-1.478044
0.092544,-0.017177,0.018197,0.707149,0.531427,-1.887089
0.075692,-0.007015,0.000698,0.412406,0.869649,-1.307378
0.063924,0.017735,0.001361,-0.267299,0.598648,-1.892745
0.052491,0.021368,0.007687,0.616071,1.260781,-2.585944
0.038006,0.024756,0.042260,0.968218,0.981351,-2.554588
0.056141,0.047864,0.023176,0.365877,0.685672,-2.533485
0.048845,0.055168,0.010733,-0.030549,1.346390,-3.259098
0.020566,0.050215,0.017767,0.677187,1.240453,-3.366559
0.018200,0.078811,0.029144,0.859868,1.491625,-3.041493
0.013562,0.088951,0.007129,0.433115,1.369587,-3.139700
0.010033,0.082760,0.014054,0.108097,1.107843,-3.644529
0.023567,0.087602,0.017087,0.745914,1.212168,-4.321693
0.015587,0.085258,0.045888,0.646076,0.374352,-4.603661
0.020757,0.093316,0.019759,0.337691,1.330763,-4.067317
0.004991,0.097002,-0.004810,0.589956,1.455824,-4.334127
-0.003320,0.096211,0.054081,0.697393,-0.193654,-4.031946
0.019457,0.086430,0.039346,1.039680,0.833372,-3.946093
0.037980,0.085110,0.001686,0.591095,1.284369,-4.493345
0.031280,0.077932,0.026318,0.319700,1.257085,-4.870648
0.036818,0.071895,0.045293,0.989005,1.192726,-4.388953
0.041535,0.095437,0.036024,0.903353,1.205400,-3.409956
0.040307,0.088504,0.023636,0.474411,1.350530,-3.168861
0.049990,0.045192,0.018811,0.285907,1.403761,-4.202897
0.079752,0.046079,0.026305,0.928687,0.964121,-3.926354
0.093791,0.046187,0.047447,0.920038,1.032327,-3.392370
0.097185,0.027070,0.022782,0.222277,0.748957,-2.877555
0.096689,0.024845,0.017373,0.556757,1.340820,-2.893548
0.110292,0.008255,0.047919,0.520421,1.124524,-2.569830
0.124420,-0.006962,0.041177,0.849617,0.977812,-2.002007
0.146261,-0.017089,0.025612,-0.013783,0.811829,-2.341072
0.152964,-0.032949,0.029856,-0.101890,1.067262,-2.324804
0.157792,-0.057335,0.047401,0.620128,0.495363,-1.617379
0.181133,-0.053845,0.049180,0.692181,0.706643,-0.941718
0.187029,-0.068154,0.035095,-0.063318,0.601189,-0.308939
0.201993,-0.101753,0.027611,0.191517,1.032435,-0.809339
0.225427,-0.100817,0.040773,0.400553,0.247828,-0.521265
0.229914,-0.115509,0.052807,-0.004516,-0.311723,0.200097
0.249178,-0.124923,0.033332,-0.126354,0.662193,0.796343
0.247058,-0.137899,0.031297,-0.290249,1.229969,0.399811
0.257509,-0.149968,0.060366,0.372557,-0.571013,1.252845
0.266746,-0.166784,0.034662,0.049706,-0.124916,1.599353
0.279042,-0.169322,0.026863,-0.450166,-0.130057,1.409970
0.288029,-0.190287,0.029971,0.277810,0.392842,0.962370
0.289008,-0.200354,0.052301,0.321197,0.000690,2.013913
0.303073,-0.187539,0.046593,-0.537600,-0.427925,2.579819
0.294752,-0.207368,0.028990,-0.282690,-0.376742,2.292018
0.283099,-0.233395,0.028494,-0.074961,0.237708,2.015705
0.294601,-0.220836,0.043642,-0.031403,-1.202728,2.586610
0.300650,-0.219008,0.041522,-0.514837,-0.829226,3.653869
0.305587,-0.236382,-0.000050,-0.068353,2.296151,2.777166
0.295313,-0.234048,0.015141,0.178414,0.143889,2.312018
0.279288,-0.236218,0.045067,0.192217,-0.887253,2.706990
0.283007,-0.236599,0.017534,-0.910554,-0.181322,3.319228
0.280440,-0.236832,-0.001524,-0.211769,0.313992,2.259945
0.269937,-0.228983,0.032748,0.400054,0.082974,2.257227
0.261212,-0.232866,0.009810,0.336375,0.090517,2.773660
0.256571,-0.208504,-0.000736,-0.363090,0.404751,2.657060
0.238369,-0.212683,0.014058,-0.540236,0.116418,2.296763
0.238002,-0.203508,0.009666,0.136271,0.610071,2.206069
0.229658,-0.202881,0.029630,0.129604,-0.457168,1.978248
0.208332,-0.186837,0.030703,-0.573829,-0.238610,2.186466
0.207383,-0.183548,0.017071,-0.374270,0.673619,1.667282
0.203369,-0.159990,0.015650,0.314018,0.745117,1.445894
0.184997,-0.162602,0.013506,0.425542,1.100789,1.463875
0.186248,-0.155453,-0.002535,-0.125986,0.767385,1.342418
0.180848,-0.124191,0.000987,-0.375048,1.144961,1.280547
0.148296,-0.122248,0.036854,0.220885,0.342588,0.740434
0.162154,-0.101355,0.008284,0.009083,0.841456,1.170811
0.149149,-0.091991,-0.026064,0.098835,1.363512,0.483740
0.139207,-0.090642,0.007388,0.527482,1.170833,0.377586
0.146064,-0.067651,0.002753,0.841804,0.683952,0.348198
0.132307,-0.051328,0.021332,0.148330,0.502036,0.393039
0.131109,-0.055743,-0.002683,0.328812,1.398759,0.117176
0.129609,-0.035487,-0.000441,0.580142,1.498358,-0.261266
0.124925,-0.019209,0.016884,1.123986,1.883736,0.422176
0.111428,-0.022948,0.019569,0.598586,0.559771,0.088950
0.118482,-0.011827,0.003196,0.375738,1.687098,-0.491208
0.120103,-0.005078,0.002271,0.833086,1.583803,-0.391018
0.118560,-0.007891,0.033907,1.123323,0.894894,-0.184116
0.125736,0.015168,-0.000992,1.035609,0.987019,0.338198
0.105772,0.021713,0.011875,0.304148,1.150708,0.144613
0.108336,0.012962,0.015702,1.065112,1.590683,-0.106694
0.126789,0.030185,0.020209,1.135146,0.213411,0.012669
0.119374,0.017475,0.024273,0.711521,0.711062,0.251663
0.136942,0.017613,-0.009435,0.424974,1.470326,0.423942
0.131414,0.022892,-0.022883,1.419681,2.110234,-0.132684
0.112343,0.018949,0.033953,1.196905,0.596363,0.288587
0.143947,0.019005,0.014058,0.941229,0.640230,0.926077
0.151198,0.013474,-0.014526,1.054044,1.816334,0.105441
0.144708,-0.002695,0.030946,1.153945,1.023983,0.281692
0.170311,0.002622,0.032141,1.360390,0.345920,0.767358
0.172212,0.013471,-0.014532,0.984558,0.544790,1.063126
0.168621,-0.003299,-0.010600,0.295229,1.834801,1.453414
0.181416,-0.016068,-0.008210,1.078517,1.532534,0.593383
0.194651,-0.022088,0.016549,1.101166,0.452205,1.353275
0.193357,-0.023017,0.008592,0.499525,0.090940,1.675840
0.207728,-0.044202,-0.013318,0.675323,0.979260,1.887682
0.200234,-0.045400,-0.010035,1.203966,1.126500,1.564556
0.196853,-0.056609,0.019651,0.873270,0.416716,2.005798
0.205538,-0.064159,0.007302,0.210654,-0.994470,2.361129
0.217687,-0.078798,-0.027757,1.023445,1.600031,1.982864
0.212409,-0.086187,0.013204,0.708180,-0.857478,1.807569
0.225719,-0.108741,0.005563,1.040536,0.238414,2.375362
0.227166,-0.095890,-0.005968,0.577214,-0.769823,2.412188
0.208027,-0.116120,-0.005903,-0.115348,-0.338081,2.386181
0.217926,-0.126670,-0.030895,0.230940,0.945687,2.291273
0.226612,-0.132086,-0.002551,0.428017,0.769919,2.322699
0.216357,-0.156107,0.000029,-0.032108,0.129886,2.197445
0.226651,-0.151098,-0.000598,-0.943517,0.848015,2.384639
0.222148,-0.152486,-0.012225,0.163508,-0.288503,1.877397
0.199390,-0.173674,0.001207,0.138211,-1.533666,2.298039
0.218629,-0.155791,-0.023746,-0.487136,-0.098374,2.878637
0.205873,-0.171127,-0.032097,-0.619849,0.197084,1.803559
0.210551,-0.187421,-0.033932,0.308904,0.767851,1.985246
0.216105,-0.179143,-0.028328,0.115539,0.046565,2.096327
0.212635,-0.180016,-0.028010,-0.561129,0.390115,2.227089
0.202663,-0.184493,-0.046858,0.002991,1.319055,1.818002
0.194611,-0.176474,-0.032701,0.465860,0.447941,1.696164
0.192855,-0.172171,-0.012057,-0.197638,0.089463,1.647915
0.206684,-0.177446,-0.041383,-0.906816,0.513101,2.077810
0.203815,-0.175909,-0.069553,-0.322535,1.334741,0.650126
0.166671,-0.178421,-0.012087,0.219569,-0.277087,0.510103
0.176482,-0.158358,-0.021183,-0.144788,-0.210381,1.516735
0.183221,-0.153461,-0.053239,-0.363825,0.966110,1.097699
0.164610,-0.162481,-0.048929,-0.501592,1.405176,0.052373
0.165112,-0.156924,-0.012894,-0.057583,0.476663,0.105775
0.167029,-0.132729,-0.021668,0.060640,-0.258052,0.298218
0.161288,-0.134813,-0.018947,-0.744867,-0.362539,0.522500
0.154844,-0.114984,-0.062252,-0.447678,1.703868,-0.021774
0.145611,-0.114282,-0.009520,0.465164,0.734055,-0.094070
0.142000,-0.106207,-0.015750,0.571506,0.921036,-0.212265
0.153817,-0.086978,-0.016666,-0.212265,0.076497,-0.561923
0.135330,-0.082688,-0.004436,-0.220678,0.924643,-1.280873
0.124922,-0.083135,0.017340,0.205566,0.790802,-1.493165
0.139995,-0.061316,0.014553,0.205550,0.518143,-1.257295
0.137421,-0.030126,0.000682,-0.328480,-0.097462,-0.868488
0.110154,-0.037607,0.007073,-0.209813,0.417999,-1.297043
0.116246,-0.034164,0.029433,0.712063,0.625085,-2.172801
0.133472,-0.001425,0.018827,0.573656,0.289015,-1.441139
0.125371,0.003348,0.030010,-0.028281,0.148488,-1.941364
0.120270,0.006118,0.013651,0.110490,1.155070,-2.473628
0.114155,0.015723,0.016053,0.443815,1.189963,-2.852192
0.098734,0.033720,0.053723,0.790868,-1.891265,-2.218008
0.112462,0.040860,0.033043,0.249662,1.299462,-2.261619
0.122319,0.061404,0.021926,0.149670,1.967543,-2.622819
0.118705,0.064165,0.036093,1.031631,1.686307,-3.225727
0.111969,0.050556,0.048983,1.028267,0.432753,-2.587920
0.126914,0.081552,0.040435,0.433502,-0.400031,-2.511948
0.106927,0.076510,0.037718,0.233664,0.478681,-2.904380
0.121981,0.068767,0.041141,1.079197,1.771558,-3.205521
0.125263,0.082773,0.042047,1.419681,0.699218,-2.817051
0.109501,0.079911,0.058003,0.272997,-0.458195,-2.571964
0.128273,0.082228,0.042694,0.434552,1.308429,-3.126457
0.122972,0.082346,0.042543,0.899720,1.295434,-3.366872
0.116043,0.072364,0.074215,0.974943,0.585922,-2.920638
0.144091,0.084861,0.056985,0.713835,0.659347,-1.979769
0.131329,0.081529,0.032718,0.464875,0.796402,-2.930199
0.130000,0.070136,0.062956,0.937258,1.107721,-3.451575
0.131857,0.055552,0.071093,0.915571,0.827073,-2.677589
0.155892,0.068475,0.069797,0.245402,-0.397815,-2.218231
0.157395,0.052250,0.034783,0.225553,1.164865,-2.314836
0.139617,0.033681,0.060166,0.722931,1.479319,-2.573535
0.150702,0.031623,0.068425,0.995308,0.370893,-2.380022
0.162020,0.039281,0.061676,0.555353,-0.329990,-1.353035
0.165181,0.027539,0.035528,-0.335859,0.990968,-1.912842
0.177592,-0.012464,0.050329,0.919644,1.082706,-2.047461
0.180205,-0.009125,0.049314,1.121087,1.150285,-1.495105
0.180697,-0.011266,0.056798,0.228593,-0.183409,-0.955183
0.182827,-0.043378,0.030772,0.235328,0.529694,-0.947764
0.191010,-0.039540,0.060251,0.547501,0.522315,-1.061599
0.193308,-0.061113,0.061545,0.839513,-1.705722,-0.782798
0.200113,-0.080883,0.058971,-0.020128,0.671150,-0.164452
0.215547,-0.081290,0.030575,-0.002898,1.629153,-0.329260
0.217165,-0.103656,0.026114,0.655355,1.638564,-0.706947
0.197638,-0.120617,0.058952,0.605443,-0.189190,0.110387
0.221964,-0.124996,0.028064,-0.129298,0.151435,0.693900
0.227606,-0.133415,0.013011,-0.252327,0.457585,0.320382
0.216768,-0.158509,0.038646,0.203321,0.063125,0.460296
0.249280,-0.157150,0.028973,0.299152,0.725160,0.975758
0.235963,-0.166843,0.009784,-0.067477,0.598871,1.629974
0.233259,-0.184903,0.023373,-0.337510,0.208763,1.341570
0.243854,-0.198985,0.014727,0.423471,0.623936,1.558759
0.243267,-0.186417,0.008717,0.255230,0.239766,2.142252
0.229277,-0.222428,0.007358,-0.554906,0.178555,2.064229
0.252399,-0.219989,-0.005414,-0.732853,0.674935,2.263942
0.251591,-0.220925,-0.005440,0.174738,0.679728,2.038012
0.240332,-0.239500,0.011090,-0.163143,0.169899,2.864616
0.248601,-0.234636,-0.015510,-0.763321,0.394559,3.084641
0.238737,-0.238466,-0.008617,-0.481743,0.319083,2.648772
0.228033,-0.247296,0.008258,-0.113598,-0.301623,2.689195
0.239587,-0.245192,0.002330,-0.437207,0.150999,2.877483
0.241862,-0.239333,-0.017490,-0.892468,0.623345,2.903148
0.222230,-0.248258,-0.000211,-0.718515,0.048518,2.532456
0.230334,-0.234015,0.010798,-0.157901,-0.079215,2.977567
0.224964,-0.227815,-0.016623,-0.078532,0.214796,3.092574
0.211798,-0.240692,-0.014857,-0.438947,0.576892,2.961772
0.216016,-0.228048,-0.019666,-0.651488,0.215528,2.623996
0.219643,-0.222346,-0.002597,0.318945,0.246318,3.078056
0.214591,-0.218099,-0.020838,-0.160087,0.444026,2.971803
0.207721,-0.207198,-0.045830,-0.408798,0.700453,2.667031
0.189517,-0.201411,-0.002043,-0.205096,-0.075588,2.697912
0.198639,-0.188032,-0.001396,0.471034,0.147887,3.119692
0.191920,-0.174833,-0.038412,0.092559,0.523382,2.859260
0.170321,-0.169200,-0.024862,-0.278446,0.500464,2.361360
0.179292,-0.166072,-0.011965,0.339657,0.831199,2.032522
0.176834,-0.131058,-0.002962,0.275541,0.447072,2.417206
0.150492,-0.130024,-0.001101,-0.260034,0.512888,2.497583
0.156161,-0.123791,-0.020707,-0.188937,1.317656,2.364861
0.149675,-0.106250,-0.001468,0.240508,0.569372,1.813503
0.129973,-0.113084,0.005651,0.766391,0.243232,1.631087
0.146796,-0.083748,-0.009786,0.257107,1.034785,1.667522
0.137864,-0.074285,-0.011125,-0.030090,1.454258,1.333235
0.122004,-0.071249,0.004082,0.467735,0.910775,1.113032
0.122801,-0.048249,0.017882,1.083018,0.530505,1.425651
0.123399,-0.035021,-0.001498,0.867831,1.231016,1.331957
0.104725,-0.041254,-0.012714,0.400005,1.115635,0.645169
0.113443,-0.025518,0.003738,0.560319,0.962486,0.750913
0.105201,-0.017968,0.016605,1.256839,0.805599,0.152038
0.106455,-0.012007,0.014051,1.407500,1.037884,0.494022
0.112911,0.011935,0.001985,0.628873,1.217660,0.777011
0.101259,0.005527,-0.007304,0.472704,1.390730,0.451531
0.097966,0.002478,0.022904,1.407900,1.353720,0.413274
0.108431,0.019878,0.013359,1.633693,0.927473,0.499106
0.102289,0.026043,0.019930,0.684149,0.177252,0.447690
0.106383,0.025964,-0.001455,0.738112,1.105410,0.728768
0.095951,0.030074,-0.002312,1.541065,1.330851,0.056141
0.090269,0.041424,0.036017,1.451435,0.745665,0.615560
0.096788,0.024871,0.007713,1.031510,0.975216,0.517340
0.110121,0.027182,0.005858,0.637348,1.007456,0.454015
0.089485,0.022767,0.028753,0.796625,0.222024,-0.305433
0.104695,0.019888,0.039109,1.367067,1.135251,-0.112150
0.120054,0.034580,-0.001409,0.705892,2.468558,0.544673
0.102027,0.006496,0.003899,0.452704,0.975761,0.247255
0.108985,0.012805,0.002671,1.056699,1.295762,0.228968
0.109393,0.007874,0.030197,1.220742,0.612336,-0.118271
0.110912,-0.010146,0.001867,0.288865,0.698457,0.460525
0.114960,-0.009083,-0.017221,0.421147,0.841575,0.223622
0.107771,-0.017089,0.026035,0.565108,0.507816,0.026275
0.117572,-0.028817,0.019136,1.017395,0.699635,0.309116
0.127193,-0.020640,0.003734,0.521616,0.662357,0.135387
0.121859,-0.039518,0.008547,-0.096822,0.146699,0.574663
0.140658,-0.051105,0.005047,0.428657,0.867867,0.210710
0.150443,-0.058204,-0.002358,1.359225,2.622409,0.154705
0.133043,-0.069335,0.009505,-0.034360,0.174485,0.040811
0.140372,-0.080889,-0.010836,-0.235813,0.301558,0.222261
0.146307,-0.085317,0.000485,0.104930,0.566828,-0.250978
0.146990,-0.099238,-0.007636,0.694062,0.765376,0.257177
0.156761,-0.087116,-0.023185,-0.145543,0.269150,0.479214
0.145801,-0.107566,-0.008315,-0.754813,0.077525,0.279868
0.154923,-0.116694,-0.003989,-0.240126,0.335094,0.235671
0.161583,-0.108961,0.002635,0.146601,-0.767667,0.430838
0.150170,-0.120771,-0.001560,-0.239975,0.039563,0.231764
0.166084,-0.128055,-0.014575,-0.848848,0.545604,0.335300
0.160805,-0.135319,-0.016246,-0.481264,0.652099,-0.384447
0.149704,-0.144112,0.008432,-0.242890,0.092509,-0.589462
0.164915,-0.131258,-0.011542,-0.084966,0.292042,0.092557
0.158156,-0.129673,-0.018731,-0.730181,0.347597,-0.169963
0.169839,-0.143285,-0.016489,-0.597055,0.536442,-0.269933
0.167889,-0.136862,-0.013810,0.146138,0.277173,-0.564029
0.153584,-0.135568,0.004598,-0.123416,0.043069,-0.914949
0.170699,-0.131892,-0.006628,-0.853995,0.885733,-0.261812
0.180858,-0.126469,-0.005637,-0.743738,0.543316,-0.616624
0.154516,-0.138897,-0.000976,0.125051,0.487331,-0.911203
0.178209,-0.122383,0.009285,-0.252780,0.654998,-0.839482
0.171844,-0.118575,-0.013817,-0.618759,0.708747,-0.801107
0.167833,-0.128514,-0.018520,-0.538513,0.564215,-1.232767
0.176774,-0.110435,0.009702,-0.196165,0.533173,-1.089053
0.164446,-0.111613,0.020094,0.226850,0.098660,-1.528154
0.171647,-0.110093,0.002146,-0.455520,0.124677,-1.334320
0.178498,-0.088528,-0.019679,-0.584418,0.152062,-1.393794
0.155934,-0.096369,0.009961,0.053786,1.027669,-1.976096
0.166852,-0.079878,0.021949,0.377212,0.546057,-1.666510
0.176059,-0.064415,0.013119,-0.280940,0.280997,-1.492347
0.172944,-0.066624,0.004000,-0.128931,1.603277,-1.355702
0.176541,-0.054847,0.004824,0.459286,1.315834,-1.682384
0.154500,-0.055608,0.041791,0.357802,0.177544,-2.073854
0.177129,-0.039537,0.042717,0.063364,0.449336,-1.346210
0.170597,-0.026588,0.016185,-0.262184,0.275009,-1.620822
0.151683,-0.038680,0.027851,0.299588,0.679675,-2.163140
0.159886,-0.025840,0.052305,0.661796,0.663128,-2.012611
0.166684,-0.010816,0.055948,0.009815,-0.569716,-1.159630
0.169658,-0.017814,0.010460,0.272689,2.020305,-1.130974
0.163251,-0.006440,0.014724,0.379329,1.150180,-2.015713
0.084443,-0.016265,0.132219,-0.134265,-12.209722,-2.273631
0.163681,-0.001550,0.052813,0.370187,-0.275669,-1.136489
0.161436,0.010120,0.021273,0.507935,1.892739,-1.551281
0.139233,-0.000450,0.057054,0.210752,1.102164,-1.627618
0.149359,0.007858,0.069899,0.557506,-0.233194,-1.557672
0.157083,0.013313,0.069308,0.625672,-0.554604,-1.024414
0.156883,0.012854,0.030696,0.344325,2.130086,-1.144338
0.158714,0.025255,0.018043,0.551141,2.157744,-1.315918
0.138416,0.006148,0.074258,1.114582,0.385703,-1.770473
0.145637,0.003778,0.074343,0.507426,-0.800655,-0.966466
0.163307,0.014305,0.030864,0.527508,1.983827,-1.009180
0.135222,0.002481,0.063888,0.103387,0.876437,-1.162464
0.147607,0.001634,0.077550,0.491982,1.047567,-1.204246
0.148394,0.004789,0.069505,0.982073,0.587790,-0.798392
0.128989,-0.011187,0.062848,0.510347,0.698592,-0.607282
0.143809,0.003693,0.043498,-0.010786,0.720403,-0.671168
0.146310,-0.003860,0.050979,0.412918,0.596744,-0.639738
0.142246,-0.027225,0.053752,1.021328,1.192644,-0.291891
0.152100,-0.011075,0.058597,0.850867,0.666092,0.073631
0.140096,-0.025909,0.051586,0.260987,0.370748,0.039077
0.145890,-0.045403,0.030181,0.388693,1.197581,-0.223688
0.148555,-0.036596,0.035623,1.042486,0.925044,0.067139
0.141774,-0.038809,0.061952,0.433318,0.241972,0.568587
0.151930,-0.060043,0.031839,0.135837,0.968703,0.457516
0.150157,-0.062918,0.017951,0.238811,0.542981,0.094626
0.129278,-0.084024,0.047676,0.456125,0.747247,0.138132
0.160011,-0.071423,0.037714,0.349048,1.194768,1.345275
0.153479,-0.079038,0.024962,-0.154402,0.617030,1.045500
0.145713,-0.116530,0.009114,0.167723,1.153288,0.580471
0.159112,-0.108468,0.012476,0.908750,1.286420,0.517642
0.146002,-0.112476,0.034704,0.416397,0.548528,1.025678
0.161298,-0.116133,0.007145,-0.364797,0.985431,1.428811
0.165473,-0.124231,0.001640,-0.250328,0.733868,1.307456
0.164849,-0.139159,0.029643,0.995964,0.784326,1.691850
0.171352,-0.133225,0.015774,0.220754,0.477940,2.184691
0.169074,-0.148488,-0.006648,-0.439167,0.589904,1.729864
0.180999,-0.152489,-0.009395,-0.105156,0.520408,1.864628
0.182315,-0.147717,-0.013817,0.486980,0.843666,2.069580
0.172773,-0.143692,0.011310,0.394448,0.154445,2.515972
0.200073,-0.153625,-0.007288,-0.574951,0.921223,2.473865
0.197890,-0.153123,-0.018028,-0.111763,0.681080,2.032515
0.189189,-0.174088,0.002579,0.451592,0.476312,2.780068
0.199269,-0.164185,-0.008479,-0.176962,0.081569,2.616750
0.199056,-0.162658,-0.025010,-0.356745,0.543027,2.595079
0.207081,-0.169062,-0.017894,-0.075000,0.413213,2.771997
0.223602,-0.147024,-0.025716,0.826206,0.707073,3.658028
0.208837,-0.161746,0.000705,-0.095187,0.282900,2.988999
0.212264,-0.164858,-0.017624,-0.603410,0.513715,2.977018
0.216124,-0.151439,-0.020460,-0.187085,0.174291,2.873063
0.205827,-0.178998,0.000255,0.528456,-0.134570,3.035344
0.212356,-0.154991,-0.021862,0.048410,0.076780,3.077516
0.207360,-0.157426,-0.021951,-0.414214,0.296381,2.952481
0.212750,-0.155988,-0.014217,-0.045570,0.451854,2.856729
0.211696,-0.151547,0.007591,0.286698,0.126190,2.936243
0.201252,-0.148393,-0.007235,0.006999,0.182399,3.115792
0.212067,-0.128232,-0.016932,-0.705553,0.486677,2.792337
0.207659,-0.124011,-0.002184,0.092966,0.146561,2.840408
0.201672,-0.132969,-0.011805,0.537211,0.330115,2.494046
0.210515,-0.113491,-0.039082,0.104126,0.493255,2.784269
0.188906,-0.121017,-0.012136,-0.223560,0.154551,2.305180
0.200178,-0.107901,0.008609,0.334760,0.334605,2.624778
0.201918,-0.089821,-0.003077,0.356903,0.055608,2.536936
0.180681,-0.087845,-0.003937,-0.261180,0.293841,2.555324
0.192005,-0.085715,-0.034099,-0.187315,0.710550,1.759960
0.182095,-0.077486,0.004151,0.370476,0.297323,1.599704
0.172753,-0.079429,0.005625,0.768872,0.483736,2.073258
0.172497,-0.059934,-0.012231,0.067898,0.493055,1.929333
0.164416,-0.059573,-0.008483,-0.263110,0.447400,1.160819
0.156801,-0.054745,-0.006707,0.364187,0.509119,0.986767
0.155734,-0.038208,0.007335,0.701825,0.177705,1.077618
0.150400,-0.022255,-0.000326,0.516183,0.267023,1.428048
0.139207,-0.030281,-0.010282,0.508095,1.241257,0.831556
0.134861,-0.024635,-0.002699,-0.079018,0.925182,0.596228
0.135636,-0.011443,0.016237,0.597240,0.468306,0.609949
0.120159,-0.017890,0.013585,0.892905,0.583408,0.850873
0.127869,0.001694,0.003111,0.034092,0.589359,0.580278
0.126655,0.006982,-0.001370,0.072135,0.793195,0.247974
0.105181,0.000387,0.018837,0.715342,0.841020,-0.183654
0.111923,0.010710,0.035896,0.393351,0.407807,0.165351
0.112396,0.011301,0.000623,0.202366,0.426274,-0.286844
0.100261,0.006378,-0.004567,0.214084,1.408711,-0.452374
0.107525,0.013839,0.015121,0.549927,0.858479,-0.331157
0.097083,0.010471,0.022096,0.837708,0.306491,-0.662769
0.086921,0.000968,0.020074,0.161542,0.416394,-0.503781
0.102673,0.013711,0.008894,-0.263786,1.137726,-0.656050
0.098849,0.016087,0.000045,0.476295,0.912912,-1.214215
0.078731,0.001861,0.030499,0.838328,0.125347,-1.058854
0.087134,0.012532,0.017701,0.280137,0.857032,-0.739956
0.092531,0.010963,0.011005,-0.108908,0.660670,-1.114239
0.080028,0.001431,0.024322,-0.198272,0.368473,-1.564629
0.102499,-0.006335,0.033139,0.228107,0.737019,-1.755542
0.104777,0.003318,0.009902,0.496981,1.420885,-1.520293
0.090525,-0.004937,0.021929,-0.209196,0.744503,-1.427042
0.103638,-0.014420,0.005884,-0.161870,0.979444,-1.172649
0.101830,-0.017466,0.001752,0.769781,0.903780,-1.694849
0.101656,-0.011085,0.028704,0.269892,0.254366,-1.162566
0.112796,-0.021963,-0.004931,-0.083059,1.054490,-1.220018
0.112796,-0.020220,-0.004892,-0.098699,0.672286,-1.606469
0.102985,-0.033386,0.029003,0.281433,0.361886,-1.673963
0.120274,-0.034069,0.027998,0.171783,0.372255,-1.251253
0.122368,-0.037620,0.005182,-0.128277,0.942365,-1.454426
0.119233,-0.046680,0.024381,-0.509391,0.473449,-1.313130
0.130377,-0.047261,0.033280,0.303642,0.526388,-1.330803
0.164455,-0.032326,-0.012484,0.259549,5.133592,-0.808974
0.125234,-0.064595,0.000337,-0.694843,0.757984,-1.589308
0.141029,-0.057282,0.005001,-0.290975,0.766932,-1.891765
0.147134,-0.053583,0.025799,0.201906,-0.154583,-1.172448
0.153627,-0.070162,0.005320,0.293417,0.593783,-1.046746
0.152996,-0.068590,0.000931,-0.736382,0.496564,-1.713758
0.162962,-0.067592,0.008635,-0.271191,0.521517,-1.437481
0.173282,-0.081434,0.029502,0.352813,0.360711,-0.901649
0.177749,-0.068669,0.002920,-0.604900,0.406123,-1.158752
0.182538,-0.076005,0.017176,-0.408686,0.744897,-1.051732
0.184334,-0.076767,0.028973,0.103322,0.135604,-0.669702
0.198468,-0.083272,-0.000631,0.456860,0.365628,-0.887291
0.188056,-0.083752,-0.002601,-0.580220,0.441157,-0.930468
0.202814,-0.078362,0.008077,-0.628068,0.964548,-0.852339
0.209622,-0.072985,0.032679,-0.208927,-0.021014,-0.759299
0.206779,-0.088843,0.026298,0.351343,0.024970,-0.461414
0.206989,-0.075365,-0.015803,-0.546270,0.663650,-0.374748
0.210574,-0.080108,0.005586,-0.592988,0.720719,-0.342133
0.216945,-0.090382,0.026603,0.475297,0.116162,-0.257633
0.216899,-0.075605,0.023534,0.467019,-0.001815,0.160208
0.211998,-0.069995,0.009347,-0.822930,-0.241233,-0.076381
0.217296,-0.091354,0.000101,-0.238534,0.706729,-0.158789
0.216738,-0.091886,0.021387,0.628115,1.311272,-0.567515
0.211562,-0.074863,0.034799,0.193100,-0.730136,0.234417
0.211650,-0.083177,-0.001642,-0.321882,0.623759,0.154063
0.210580,-0.081910,0.001128,0.065380,0.789751,-0.217489
0.194779,-0.091121,0.053598,0.792883,-0.387495,-0.078537
0.205299,-0.084490,0.025162,0.529943,0.514069,0.485074
0.205965,-0.082747,0.025362,0.022817,0.543155,-0.054490
0.194641,-0.083656,0.016250,-0.746183,0.352675,-0.258789
0.193420,-0.091620,0.054950,0.196031,0.627937,-0.062581
0.199223,-0.073468,0.030394,0.364295,0.616593,0.389089
0.175077,-0.085669,0.043537,0.266272,0.146909,0.222511
0.190561,-0.081470,0.039973,-0.048137,0.525496,0.023527
0.184803,-0.068121,0.018867,0.098854,0.350771,0.127370
0.162745,-0.087067,0.047489,0.909347,0.487242,-0.002641
0.179591,-0.065807,0.047453,0.082606,0.185839,0.724225
0.169556,-0.068731,0.023682,-0.027250,0.452717,0.815080
0.168877,-0.073202,0.009567,0.016432,1.784435,0.810084
0.160018,-0.069828,0.027220,0.889272,1.391856,-0.013756
0.150778,-0.070904,0.042326,0.781398,0.995337,0.496387
0.159118,-0.064838,0.031277,0.328444,-0.718493,1.180274
0.152156,-0.064100,-0.004593,0.009595,1.020310,0.796448
0.132908,-0.073750,0.034225,0.369330,0.564632,0.215880
0.137602,-0.082491,0.029912,1.024400,1.068706,0.479817
0.141856,-0.064264,0.009672,0.533439,0.179014,0.816596
0.120980,-0.077636,0.016579,0.589188,0.863219,0.352511
0.128122,-0.083181,0.020675,1.156489,1.360272,0.284033
0.125391,-0.073107,0.016037,1.465953,0.821466,0.455678
0.120943,-0.069171,0.032695,0.249469,0.472855,0.828770
0.119479,-0.085137,0.001506,0.361187,0.937540,0.854291
0.112878,-0.083647,0.001936,1.116479,1.635606,0.373128
0.112038,-0.076862,0.040993,0.872269,0.851855,0.895603
0.113725,-0.074508,0.015489,0.599170,0.381265,1.300735
0.111319,-0.076406,-0.029553,0.308618,0.847230,0.697256
0.094950,-0.094164,0.021775,0.734075,0.603831,0.374191
0.110167,-0.081808,0.022625,1.233179,1.270386,0.780285
0.106497,-0.076373,0.018837,0.293726,-0.516925,1.232070
0.107282,-0.082918,-0.013242,-0.096533,1.620005,0.837064
0.107239,-0.090510,-0.010652,0.283002,1.909030,0.939267
0.100727,-0.090241,0.018466,0.597473,0.153343,0.802996
0.109137,-0.098900,0.026160,1.063021,-0.342959,1.500584
0.119374,-0.086371,-0.032605,0.476945,1.476720,1.214407
0.106534,-0.094715,-0.017037,0.464817,1.707055,0.643493
0.115925,-0.106545,0.013303,1.323217,1.154936,1.357089
0.122860,-0.084976,-0.012267,0.679606,0.816582,1.720172
0.120205,-0.095381,-0.012504,-0.177862,0.843396,1.306601
0.131582,-0.105133,-0.031706,0.147717,2.347272,1.183221
0.128611,-0.107123,-0.002210,1.051707,0.477523,1.224994
0.118685,-0.106453,0.029682,0.470203,-0.580397,1.360004
0.129632,-0.109637,-0.006477,0.233730,0.161273,1.691724
0.136207,-0.107323,-0.047655,-0.427931,0.567304,1.365495
0.131093,-0.111108,0.004283,0.413863,0.551739,1.232773
0.151670,-0.111721,0.013516,0.522203,0.339263,1.517693
0.154300,-0.094091,-0.026828,-0.237002,0.484852,1.807197
0.139364,-0.132752,0.001565,0.560349,0.376512,0.873678
0.153115,-0.120295,-0.015970,0.315413,0.891018,1.341948
0.163779,-0.119317,-0.011345,0.375170,0.892413,1.290397
0.164052,-0.121762,-0.005381,0.625889,0.467682,1.944118
0.169520,-0.114751,-0.031686,0.521678,0.420533,1.869620
0.159404,-0.130845,-0.036702,-0.205694,0.515911,1.091022
0.170984,-0.136596,-0.008667,0.626674,0.326078,1.036892
0.172599,-0.119278,-0.017431,0.667034,0.253188,1.567248
0.171706,-0.123650,0.001309,0.269249,-0.049328,1.820915
0.182916,-0.126325,-0.014033,0.541773,0.983438,1.575927
0.179292,-0.122603,-0.014713,0.614381,0.534141,1.644527
0.171142,-0.134616,-0.010242,0.563871,0.276470,1.441370
0.196893,-0.119507,-0.015084,0.545473,0.473626,1.861536
0.194490,-0.116153,-0.047623,-0.642648,0.491122,1.616653
0.179653,-0.135384,-0.006602,0.277114,0.060151,1.355489
0.186445,-0.124746,-0.022085,0.464236,0.170927,1.580034
0.193978,-0.121615,-0.018645,0.625807,0.870047,1.660164
0.188581,-0.130372,-0.018819,0.290595,0.579298,1.726184
0.195195,-0.115467,-0.042184,-0.198541,-0.106220,1.731430
0.184390,-0.118992,-0.000884,0.505968,0.130388,1.682662
0.192740,-0.119547,-0.001291,0.864289,0.217534,1.763643
0.193430,-0.098053,-0.035297,0.264542,0.068800,1.877872
0.173433,-0.122353,-0.005703,-0.501678,-0.495333,1.187122
0.180395,-0.101913,-0.026773,-0.272091,0.630435,1.500290
0.174953,-0.108265,0.000816,1.067758,0.468808,0.978579
0.166651,-0.097929,0.008218,0.171698,-0.164890,1.178594
0.177060,-0.094190,-0.018448,-0.413836,0.444295,1.498313
0.171250,-0.092706,-0.019574,0.425782,1.154956,0.947789
0.135173,-0.091620,0.035384,0.777538,-0.870204,0.694778
0.160290,-0.086345,0.006945,0.567639,0.217452,1.184709
0.153256,-0.076816,-0.017424,0.275095,0.231120,0.751420
0.133853,-0.076655,0.009502,-0.059924,-0.109069,0.056780
0.142299,-0.076386,-0.006178,0.071702,0.765596,0.099196
0.134802,-0.066736,0.024164,0.836372,0.109325,0.010209
0.101413,-0.061090,0.032475,-0.153283,-3.436161,0.168074
0.124285,-0.049519,-0.012126,0.042646,2.273282,0.304351
0.127108,-0.049647,-0.014060,0.049237,1.712632,-0.389055
0.090463,-0.057121,0.044118,0.854498,0.503513,-0.171370
0.103540,-0.040066,0.024841,0.111042,0.337258,-0.245357
0.098849,-0.017912,0.000222,-0.337346,0.477178,-0.232815
0.084649,-0.044261,-0.002683,0.101096,0.950666,-1.334359
0.085976,-0.032923,0.010657,0.844358,0.589539,-1.745314
0.075577,-0.020322,0.024374,0.805218,0.172249,-1.493419
0.077999,-0.024166,0.017252,0.514765,0.386369,-0.946860
0.072646,-0.010110,-0.021786,-0.523650,1.451606,-1.523218
0.073131,-0.013695,0.019920,0.304686,0.306061,-2.283759
0.062657,-0.018306,0.023455,0.921581,0.742826,-1.902481
0.067719,0.003538,0.009574,0.270782,0.962158,-1.665331
0.061426,0.015129,-0.003940,-0.720081,0.645810,-1.466101
0.054727,-0.006562,0.028796,0.638356,1.047492,-2.196722
0.066005,0.014150,0.013066,0.695546,0.886324,-2.005605
0.056132,0.009430,0.031090,0.276487,0.433229,-2.038725
0.054254,-0.002515,0.007122,0.112000,1.303509,-2.241048
0.050250,-0.001169,-0.002420,0.017312,0.939470,-2.664663
0.039582,-0.003470,0.040366,1.067866,0.843711,-2.908578
0.053325,-0.002968,0.032259,0.930374,0.605794,-1.716265
0.066160,0.003663,0.007302,0.236467,2.249294,-1.729641
0.060740,-0.005190,0.026610,0.372590,1.607994,-2.190794
0.063120,-0.019957,0.023524,1.213550,2.006709,-2.626311
0.069885,-0.004832,0.024279,0.859461,0.451821,-2.548553
0.070276,-0.008860,0.033125,0.016465,0.284735,-1.995420
0.085900,-0.023069,0.007148,0.367899,1.365842,-2.560159
0.088483,-0.025452,-0.002358,1.009967,1.475016,-2.384601
0.093194,-0.022377,0.045330,0.799287,0.270850,-1.718322
0.106865,-0.031558,0.028684,0.074430,-0.223314,-1.219732
0.120221,-0.027720,0.008484,0.091561,1.253773,-1.509023
0.104958,-0.041008,0.022540,-0.117101,0.900117,-1.578145
0.122847,-0.055421,0.028714,0.654102,-0.410390,-1.011425
0.131513,-0.048239,0.003675,0.528122,-0.532096,-0.708278
0.123711,-0.063141,0.013240,-0.220901,0.041937,-0.722616
0.140451,-0.069791,0.000180,0.071656,0.862457,-0.821407
0.150928,-0.062307,0.014399,0.731488,0.382299,-0.540473
0.155846,-0.065350,0.024552,0.364584,0.065225,-0.170283
0.165348,-0.090244,-0.010971,0.280770,0.922260,-0.359991
0.168385,-0.081438,-0.010886,-0.161338,0.241190,-0.129796
0.174772,-0.091718,0.025041,0.231173,0.059160,-0.076010
0.183421,-0.103121,0.018236,0.730704,0.586887,-0.040589
0.186412,-0.090106,0.004463,0.024225,0.065633,0.206017
0.191322,-0.097095,0.004854,-0.458573,0.126820,0.400446
0.196502,-0.120528,0.015453,0.356785,0.418166,-0.129500
0.200533,-0.102865,0.016247,0.833149,0.046194,0.481283
0.204642,-0.116402,0.010683,-0.133785,-0.389517,0.885805
0.198022,-0.131061,0.000833,-0.206472,0.300488,0.575827
0.200680,-0.131334,0.014438,0.756057,0.533656,0.646843
0.204757,-0.134498,0.026869,0.737265,0.118969,1.182048
0.200401,-0.138414,0.020678,0.079865,0.150845,1.348642
0.216774,-0.121785,-0.007498,-0.130670,1.415017,1.409879
0.205696,-0.127096,0.010411,-0.236624,0.036563,1.014109
0.196193,-0.139767,0.014238,0.822034,0.775371,1.632845
0.204166,-0.126043,0.004634,0.668085,0.055263,1.555130
0.207728,-0.121352,0.007125,-0.435875,0.003434,2.051376
0.212392,-0.142521,-0.019600,-0.096454,1.934804,1.378492
0.200004,-0.136868,-0.005657,1.054421,1.237919,1.159215
0.187958,-0.129374,0.025573,0.479144,-0.846652,1.835890
0.194716,-0.131922,-0.004895,-0.120862,-0.346468,1.800276
0.187370,-0.119987,-0.037585,-0.203064,1.943821,1.794124
0.174441,-0.128468,0.013805,0.324154,0.471572,1.030592
0.167429,-0.139438,0.026173,0.426543,-1.129950,1.695963
0.181127,-0.114275,-0.001169,-0.497361,0.469697,1.886813
0.176108,-0.107136,-0.021435,-0.180130,1.643218,1.633215
0.146737,-0.131869,0.026925,0.220518,-0.148376,0.656493
0.151703,-0.106466,0.025687,0.112614,-1.327598,1.508154
0.150778,-0.091301,-0.001169,-0.012027,0.113464,1.779395
0.133082,-0.113829,-0.012740,0.007149,0.858167,0.529320
0.133479,-0.103348,0.018236,0.442250,0.346077,0.579223
0.136765,-0.080154,0.018381,0.510794,0.485440,1.412769
0.120136,-0.094518,-0.001485,0.232151,0.439880,1.427028
0.121892,-0.084339,-0.007016,-0.224023,1.201185,0.939799
0.114024,-0.079573,-0.003162,0.132279,0.804913,1.130780
0.105299,-0.085665,0.009669,0.695972,0.594384,0.945835
0.112708,-0.066758,-0.012986,0.451621,0.924929,1.271246
0.107988,-0.059695,-0.002210,0.001550,0.919224,0.978491
0.098190,-0.074689,-0.005699,0.229492,0.851205,0.673658
0.097133,-0.062577,0.012502,0.741864,1.166244,0.881879
0.102371,-0.050983,-0.005151,0.501032,1.555292,0.900707
0.082838,-0.069489,-0.009924,0.117259,0.956204,0.481261
0.101035,-0.044051,-0.009806,0.313480,0.931208,0.430137
0.099207,-0.041011,0.007378,0.980202,1.431842,0.779181
0.092659,-0.053606,0.007992,0.526720,0.915131,0.952110
0.094146,-0.043368,-0.015616,0.071938,0.873309,0.579202
0.097907,-0.037006,-0.003067,0.354087,1.622168,0.369372
0.083780,-0.050067,0.010001,0.913444,0.694528,0.263077
0.097402,-0.032142,0.019635,0.049401,0.740968,0.578676
0.106868,-0.024540,-0.019246,0.217449,1.899015,0.881406
0.092189,-0.034469,-0.000884,0.367243,0.444324,0.316735
0.105674,-0.028118,0.005786,1.021298,1.154962,0.833374
0.111615,-0.027760,-0.005473,0.843889,1.155248,0.951309
0.095646,-0.028794,-0.006737,-0.133979,0.229351,0.814365
0.108848,-0.030832,-0.006366,0.555540,0.657548,0.392818
0.113821,-0.026667,0.003377,0.774869,0.674141,0.179253
0.099969,-0.033022,0.004434,0.397622,0.413167,0.947114
0.120527,-0.025616,-0.018097,0.075483,1.374196,0.888697
0.122683,-0.031167,-0.002919,0.436709,0.603076,0.645793
0.111241,-0.044914,0.018443,0.798069,0.064940,0.791113
0.125125,-0.032559,0.001466,0.468979,0.523726,1.031788
0.134355,-0.035135,-0.020854,0.048114,1.064885,0.908247
0.118226,-0.048065,0.000882,0.013636,0.464045,0.850749
0.145650,-0.038395,0.012384,0.583769,0.452698,0.826127
0.141383,-0.042701,-0.002709,0.576551,0.399266,0.985411
0.138239,-0.062134,-0.016686,-0.041408,0.966094,0.762616
0.151076,-0.053704,-0.014194,0.095342,0.550852,0.686654
0.146366,-0.058470,0.017429,0.525719,0.395695,0.441990
0.153197,-0.069358,-0.003004,0.642662,0.429317,1.001972
0.148851,-0.061182,-0.032218,-0.088721,0.161463,0.966613
0.152839,-0.067792,-0.020421,-0.104250,0.322815,0.689365
0.153279,-0.088862,-0.002765,1.023172,0.635694,1.135997
0.153200,-0.076655,-0.004396,0.793142,-0.002357,0.821726
0.167042,-0.074013,0.004722,0.022708,0.251330,0.898299
0.165266,-0.080367,-0.018264,-0.314785,0.196533,1.360546
0.158140,-0.091232,-0.016439,0.746148,0.540454,0.889004
0.156105,-0.089870,0.011511,0.380156,-0.218062,0.754860
0.164675,-0.089562,-0.019128,-0.110441,0.552589,1.526312
0.166202,-0.085678,-0.037500,-0.200173,0.767188,0.828971
0.148703,-0.103857,-0.003920,-0.046072,0.125219,0.175552
0.153564,-0.114275,-0.009458,0.762366,0.694078,0.561837
0.155399,-0.092588,-0.014923,0.310243,-1.620014,0.835644
0.153571,-0.095444,-0.020808,-0.169373,0.688055,0.996822
0.161324,-0.105990,-0.036810,-0.176529,1.866568,0.448773
0.164876,-0.100407,-0.018606,0.624865,2.927403,0.451514
0.131805,-0.115936,0.012180,0.281089,-0.240156,0.570922
0.152800,-0.090254,-0.009989,-0.473321,-0.252688,0.836938
0.153686,-0.087116,-0.028755,-0.692584,1.640458,0.521206
0.127029,-0.100958,0.011859,0.121336,-0.096398,-0.067414
0.136007,-0.108623,0.012115,0.391139,-0.609660,0.048167
0.144511,-0.078542,-0.009021,-0.427301,-0.312501,0.702922
0.113085,-0.097587,-0.002522,-0.505150,0.235551,-0.107509
0.131460,-0.095844,-0.015277,-0.072246,0.754967,0.072812
0.127968,-0.078142,0.014445,0.251209,0.159120,-0.068380
0.111730,-0.076520,0.008796,-0.372212,-0.535582,0.032575
0.127656,-0.082747,-0.018832,-0.645123,0.683867,0.190956
0.120697,-0.074029,-0.026992,0.306222,1.040448,-0.763810
0.110929,-0.065642,0.020298,0.134003,-0.104158,-0.338111
0.128802,-0.060000,0.005349,0.250815,0.630031,0.364850
0.119978,-0.045603,-0.005555,-0.373741,0.596567,-0.577680
0.087788,-0.058109,0.014504,-0.215416,0.286790,-0.868636
0.114139,-0.044402,0.006932,0.369869,0.640016,-1.002451
0.111191,-0.030688,0.015830,0.685357,0.987118,-0.622794
0.091802,-0.034883,0.010211,-0.394319,0.182386,-0.603097
0.108641,-0.023345,-0.006599,-0.432651,0.740459,-0.802255
0.108171,-0.019652,0.015469,0.308382,1.116078,-1.136877
0.086609,-0.023759,0.040573,0.608955,-0.546644,-1.189492
0.102641,-0.011745,0.024726,0.249662,0.479440,-0.906289
0.109212,0.002626,-0.000287,-0.218837,0.396079,-1.212423
0.087577,-0.008695,0.020350,0.013485,0.457579,-1.546339
0.097878,-0.004412,0.039684,0.661201,0.629122,-1.545738
0.094930,0.009420,0.025697,0.417799,0.260429,-1.509937
0.091109,0.012066,0.024384,-0.192538,0.564117,-0.947567
0.107072,0.013527,-0.007324,-0.478921,2.244055,-1.299332
0.092412,0.017410,0.031002,1.245232,0.831481,-1.594637
0.081252,0.017380,0.039861,0.799248,-0.100177,-1.314366
0.109061,0.024195,0.026446,0.046319,0.923816,-1.265106
0.105299,0.016684,0.017147,0.273821,1.399615,-1.923160
0.085985,0.008255,0.039349,0.910837,0.848349,-1.892489
0.108004,0.020765,0.035249,0.687356,0.499627,-1.140649
0.103652,0.023922,-0.007488,-0.811714,0.709791,-1.333201
0.092156,0.012243,0.025113,-0.039274,0.410413,-1.639892
0.099887,0.011373,0.041069,0.978774,0.241968,-1.521740
0.107216,0.019064,0.016917,0.275531,0.448076,-1.052532
0.102020,-0.001310,0.028560,0.465053,0.386061,-1.168011
0.108418,0.001634,0.023278,1.128233,0.748360,-1.487987
0.104167,-0.000243,0.027148,1.016762,1.009264,-1.251300
0.115413,-0.004750,0.021867,0.459105,0.799595,-0.451067
0.117950,-0.005636,0.009558,-0.068744,0.748350,-1.074678
0.118180,-0.009834,0.020836,0.675447,0.255817,-1.024985
0.117195,-0.021930,0.020941,1.291495,0.572513,-0.552340
0.135439,-0.008482,0.016697,0.619193,0.516636,-0.424702
0.127170,-0.024815,0.006922,-0.088681,0.580017,0.013677
0.126172,-0.054055,0.006705,0.745429,1.069156,-1.078163
0.132770,-0.045882,0.007870,1.176259,1.270501,-0.714161
0.135570,-0.039019,0.008080,-0.074160,0.283071,0.074951
0.143297,-0.072838,0.005612,0.515445,1.719148,-0.117042
0.137297,-0.066650,-0.012999,0.738217,1.189989,-0.302588
0.136942,-0.077003,0.024079,0.774232,0.016297,-0.189879
0.129714,-0.095637,0.032049,0.364919,-2.206084,0.196878
0.155117,-0.076754,-0.004869,-0.622616,1.072067,0.722062
0.152954,-0.097620,-0.010629,-0.179073,0.920159,0.368980
0.138623,-0.121428,0.018075,0.536955,0.178305,0.053278
0.162555,-0.109453,0.024010,0.395577,0.261013,0.679401
0.166802,-0.111009,-0.011483,-0.621707,0.427790,1.313643
0.144137,-0.146000,-0.003090,0.140131,0.437405,0.746842
0.167994,-0.142163,0.012975,0.182530,0.652611,0.880309
0.165709,-0.130966,0.026623,0.336493,-1.167839,1.521051
0.156108,-0.145524,0.018345,-0.201256,-0.953223,1.506231
0.174270,-0.155673,-0.017565,-0.195331,0.818237,1.417350
0.174418,-0.163958,0.003265,0.586805,0.802261,1.244592
0.162778,-0.163249,0.013027,0.134091,-0.752407,1.743063
0.181472,-0.150891,-0.019397,-0.332314,1.005660,2.445295
0.180809,-0.156960,-0.039958,-0.016435,2.166738,2.001463
0.155970,-0.174111,-0.002729,0.513485,0.395285,1.611726
0.179952,-0.156658,0.021699,0.619593,0.060230,2.488764
0.185253,-0.158985,-0.039548,-0.449986,1.276744,2.707759
0.161065,-0.172840,-0.003861,0.159153,0.658730,1.702042
0.179315,-0.170953,-0.004383,0.423146,0.889075,2.136805
0.175054,-0.160974,-0.023671,0.453476,0.368280,2.700488
0.167354,-0.156527,-0.000913,-0.073884,-0.538284,2.707755
0.162348,-0.171931,-0.005466,0.764296,0.524806,1.663506
0.160270,-0.157118,0.006817,0.628390,0.729486,1.884053
0.165657,-0.140233,-0.009536,0.525076,1.170875,2.279488
0.136880,-0.153211,-0.011115,-0.653339,-1.157775,2.016522
0.147643,-0.142419,-0.028387,-0.430616,0.941042,1.544481
0.154339,-0.135618,0.013858,1.022145,1.297262,1.735660
0.124840,-0.135880,0.019759,0.294107,-0.499226,1.645685
0.146290,-0.123653,-0.010377,-0.288336,0.055743,2.217368
0.132051,-0.112030,-0.028906,0.335354,0.573219,1.570549
0.121518,-0.108616,0.000921,0.440504,0.410587,1.282167
0.137628,-0.108472,-0.007373,0.457835,0.951664,1.529827
0.130889,-0.083791,-0.005368,0.320330,0.106784,1.935477
0.114073,-0.082780,-0.021809,-0.706938,0.149239,1.075216
0.122762,-0.078313,-0.016695,0.251015,1.053669,1.006317
0.114503,-0.068501,0.014708,0.889403,0.120981,1.005906
0.082893,-0.062357,0.035380,0.066453,-2.946208,1.203522
0.108181,-0.056763,-0.047051,-0.664556,1.257837,0.656389
0.100399,-0.055148,0.005044,1.424847,1.389351,0.256653
0.095856,-0.041050,0.020166,0.966209,0.033616,0.577035
0.102900,-0.022071,-0.008932,-0.975836,-1.544183,1.169998
0.112475,-0.013448,-0.026201,0.074636,2.051878,0.363549
0.087732,-0.034758,0.023918,1.673899,0.666837,-0.059088
0.085332,-0.016757,0.028441,0.734872,-1.244412,0.205538
0.087788,-0.010176,0.032784,0.984456,-1.451514,0.451098
0.086996,-0.020269,0.008412,1.199012,1.403656,-0.206112
0.084416,-0.007074,0.013933,1.273028,1.076134,-0.478476
0.082939,0.004244,0.031675,1.176298,0.770080,-0.063045
0.097937,-0.000197,0.016999,0.709283,0.053281,0.228246
0.095147,0.015286,-0.061947,-0.218364,1.675928,0.015340
0.080579,0.011245,-0.003037,0.326035,0.535198,-0.279137
0.091595,-0.005928,0.022444,1.079988,-0.338918,-0.357715
0.088359,0.018148,0.004742,0.947072,-0.312202,0.049238
0.091175,0.016622,-0.010669,0.104910,1.093508,0.316310
0.087239,0.002524,-0.000818,0.898784,1.919297,-0.212523
0.091369,0.001628,0.021197,1.078143,-0.339089,-0.307415
0.092124,0.007687,0.027063,0.543017,-0.595004,0.438700
0.101308,0.000013,-0.001160,0.999224,1.990756,0.089382
0.099220,0.002705,-0.041051,-0.370449,1.206785,-0.264517
0.088677,-0.012428,0.034944,0.723272,-0.406198,-0.190944
0.110052,-0.010530,0.026462,0.620827,-0.299023,0.377821
0.115183,-0.018743,-0.002748,0.889072,1.366239,-0.049464
0.089787,-0.034000,0.032515,0.734525,0.518008,-0.839564
0.110788,-0.031105,0.031606,0.954054,0.462473,-0.371333
0.121626,-0.021100,0.012761,0.546405,0.179871,0.378464
0.098472,-0.032792,0.007391,-0.434440,-0.949865,-0.088968
0.120471,-0.036905,-0.013810,-0.077016,1.735806,0.070644
0.119545,-0.044796,0.008658,0.222569,-0.134376,-0.381256
0.106058,-0.052680,0.037051,0.144352,-1.354232,0.188185
0.124429,-0.056058,-0.020923,-0.563135,0.015260,0.364807
0.131608,-0.054374,-0.017848,-0.032148,1.175799,-0.027248
0.122647,-0.066194,0.011898,0.228678,0.415796,-0.021201
0.123888,-0.070448,0.015692,0.295055,-0.943107,0.103164
0.137822,-0.055963,-0.021429,-0.905920,0.071994,0.675306
0.151598,-0.064779,-0.018320,-0.175105,1.950796,0.037075
0.121889,-0.089978,0.009833,-0.344032,0.551558,-0.642192
0.131437,-0.087454,0.010713,-0.046679,-0.561133,0.079245
0.139095,-0.074646,0.000436,-0.570097,-0.477686,0.164641
0.127567,-0.091078,-0.008916,-0.714298,0.700660,-0.273555
0.141574,-0.091928,-0.025880,-0.799677,0.567337,-0.030572
0.140221,-0.083932,-0.008194,0.088259,0.227224,0.050307
0.126120,-0.096008,0.004102,-0.370190,0.120157,-0.014908
0.141114,-0.101703,-0.027898,-0.442085,0.821246,0.054562
0.141626,-0.095765,-0.040447,-0.505482,0.613721,-0.275333
0.137004,-0.093537,0.006584,-0.285674,-0.179392,-0.270466
0.133033,-0.097873,-0.002509,0.015270,0.060971,-0.113667
0.141265,-0.092575,-0.019715,-0.266908,0.546191,-0.100895
0.124551,-0.086253,-0.012638,-0.740701,0.727556,0.071147
0.132117,-0.100417,0.003094,0.001701,0.163331,-0.657121
0.134812,-0.093963,-0.013383,0.582571,0.236372,-0.329546
0.136939,-0.078149,-0.001481,-0.171753,0.108957,-0.348654
0.137687,-0.083039,-0.020201,-0.508420,0.544251,-0.612224
0.133065,-0.075733,-0.016663,-0.282017,0.354451,-0.567120
0.134611,-0.069128,0.010516,0.626956,0.277524,-0.868579
0.131119,-0.081073,0.008435,0.509789,0.370528,-0.587983
0.130124,-0.059104,-0.016787,-0.442108,0.307220,-0.573846
0.138626,-0.062997,0.000111,0.002193,1.446423,-0.627231
0.115888,-0.066946,0.007296,0.378892,0.889876,-1.212599
0.123605,-0.058113,0.036405,0.211110,-0.064503,-0.702990
0.134831,-0.044087,0.000623,-0.326760,0.691282,-0.608906
0.110371,-0.049102,0.011369,-0.438195,-0.013747,-0.848025
0.121787,-0.047307,0.012023,0.271038,0.958722,-1.122450
0.127433,-0.034328,0.019572,0.641392,0.680637,-0.622361
0.111418,-0.031718,0.038141,-0.044598,-0.329058,-0.743775
0.127489,-0.030520,0.006761,0.250726,0.565617,-0.770487
0.127702,-0.025177,-0.006910,0.599216,1.395076,-1.050224
0.120540,-0.017935,0.035052,0.706263,0.626276,-0.855418
0.114671,-0.018461,0.027851,0.536397,-0.966773,-0.475774
0.125486,0.001989,-0.003080,0.147116,0.616376,-0.347198
0.123156,-0.001369,-0.002995,0.220075,1.859022,-0.579765
0.108992,-0.018050,0.018633,0.441583,0.594233,-0.979691
0.111552,0.000082,0.039894,0.287755,-0.653950,-0.616335
0.123605,0.002137,0.023639,0.137121,0.033875,0.051875
0.105024,-0.009129,0.002300,0.089486,0.889731,-0.342084
0.121807,0.004585,0.017563,0.438573,0.765530,-0.665818
0.120980,0.005701,0.034038,0.784148,0.291911,-0.521466
0.123464,-0.001753,0.012699,0.620900,0.203803,0.009062
0.119657,-0.000749,-0.008036,0.041254,1.617041,-0.380790
0.112002,0.000719,0.020823,0.311290,0.546647,-0.494675
0.113709,-0.011249,0.037544,0.711213,0.537775,-0.627899
0.130059,0.001720,0.031130,0.494802,0.166659,0.290702
0.122939,0.003371,0.008760,0.137850,1.147678,-0.009875
0.119125,-0.019140,0.012009,0.282920,1.085680,-0.272837
0.118849,-0.016074,0.040846,0.585820,0.144056,-0.647958
0.121580,-0.011131,0.027122,0.711813,0.123233,0.074369
0.113062,-0.020194,0.013867,0.180045,0.804194,-0.187707
0.125575,-0.016947,-0.009379,-0.148510,0.999181,-0.089559
0.119181,-0.027711,0.019864,0.539951,0.611824,-0.189637
0.125486,-0.037407,0.027217,0.909439,0.773116,0.467435
0.137211,-0.025803,0.013638,0.035208,1.222538,0.349835
0.125601,-0.038126,0.007824,-0.125776,0.293253,-0.018198
0.128207,-0.048177,0.008336,0.459089,0.775460,0.347679
0.130633,-0.045721,0.014173,0.805186,1.073735,0.436429
0.135603,-0.049457,0.005107,0.470361,0.531417,0.768895
0.129859,-0.064133,-0.003480,0.069450,0.643420,0.689499
0.140911,-0.065708,-0.012691,0.774679,0.955882,0.533964
0.126954,-0.073789,0.027627,1.051194,0.492051,0.649280
0.143802,-0.078198,0.003547,0.472839,0.461199,1.309428
0.136545,-0.076514,-0.020089,-0.212649,0.347791,0.948537
0.127147,-0.089933,0.006022,0.062140,-0.423474,0.803292
0.143015,-0.104185,-0.002837,1.018252,0.751436,1.047427
0.140825,-0.089210,0.015056,0.258768,-1.254705,1.538033
0.143162,-0.098834,-0.005318,-0.188786,1.391744,1.716897
0.148427,-0.108124,-0.008378,0.140259,1.010863,0.961490
0.143074,-0.104720,0.000715,0.836113,-0.035828,1.284764
0.144436,-0.116156,0.007532,0.310332,0.072371,1.578966
0.147948,-0.107119,-0.024777,-0.113454,-0.795538,1.548722
0.142273,-0.118552,-0.024793,-0.073507,0.801611,1.466509
0.151332,-0.130034,-0.007646,0.840705,0.555563,1.633917
0.142105,-0.112404,0.000948,0.497759,-2.846763,1.747969
0.146395,-0.128764,-0.000113,-0.023357,-0.497217,2.139062
0.161390,-0.132650,-0.027436,0.132299,1.018767,1.269935
0.156502,-0.128327,-0.007140,0.877678,0.966261,1.441672
0.147567,-0.133668,0.011753,0.236615,-0.434860,1.507754
0.165575,-0.125133,-0.019673,-0.330068,-0.327968,1.779451
0.153535,-0.130307,-0.016180,-0.290676,0.227709,1.052798
0.155780,-0.142517,-0.024307,0.638638,0.908842,0.842998
0.159174,-0.119934,-0.001196,0.464521,-1.442395,1.351506
0.163825,-0.121598,-0.000589,0.007537,-0.144946,1.403520
0.169563,-0.120200,-0.046241,-0.232462,1.236465,1.487816
0.172878,-0.116474,-0.035671,0.137397,1.238737,0.847458
0.158183,-0.124214,0.007857,0.859024,0.444597,1.145195
0.155186,-0.119261,-0.016065,0.024704,-0.370118,2.184501
0.162844,-0.097646,-0.050294,-0.090385,1.671276,1.829419
0.142486,-0.120213,0.007723,0.423599,-0.179175,0.824274
0.166077,-0.113038,-0.002026,0.828671,0.545663,1.064966
0.161682,-0.089745,-0.010577,0.235066,0.196247,1.610218
0.140635,-0.095775,-0.006405,-0.419584,-0.482886,1.096861
0.157894,-0.097147,-0.027140,0.646808,2.231927,0.798507
0.149954,-0.083394,-0.014749,0.776277,-0.329458,0.504098
0.124695,-0.083407,0.023587,-0.121388,-2.852521,1.227150
0.157103,-0.069007,-0.011926,0.022633,2.238557,1.540154
0.139072,-0.064090,-0.020070,0.340908,0.843170,0.871845
0.121964,-0.077919,0.020698,0.839966,0.017003,0.118739
0.142283,-0.056035,-0.001839,0.356181,1.217282,1.292674
0.117540,-0.045590,-0.004790,0.061543,0.507019,0.794671
0.137809,-0.055858,-0.004951,0.858827,2.193542,0.435192
0.125431,-0.044589,0.020367,0.860321,0.721267,0.417838
0.111136,-0.041530,0.006662,0.638608,0.536817,0.897418
0.127597,-0.027323,-0.022187,0.078234,1.371380,0.394919
0.090390,-0.031679,0.006157,0.399657,0.399387,0.260080
0.113125,-0.037610,0.017124,0.891484,0.933489,-0.213606
0.121058,-0.017693,0.017504,0.597000,0.477434,0.245391
0.094041,-0.022869,0.008491,0.002787,-0.045350,0.084075
0.107088,-0.015582,0.013142,0.371727,0.981062,-0.224815
0.097756,-0.007937,0.029554,0.951139,0.611420,-0.276488
0.086146,-0.027294,0.032938,0.540076,-0.744729,-0.026566
0.095708,-0.005551,-0.005259,0.216257,0.484084,-0.501647
0.081498,-0.008344,0.012239,0.747027,1.249503,-0.817135
0.085795,-0.015506,0.021230,0.782067,0.613402,-0.132875
0.076759,-0.007721,0.015945,0.848901,-1.256649,-0.455847
0.077835,-0.000850,0.018062,0.029854,0.806728,0.041176
0.097848,-0.007366,-0.019013,0.273568,2.650342,-0.620379
0.078314,-0.006883,-0.005250,0.657239,0.695696,-0.991380
0.071615,0.000702,0.042904,0.428408,-0.120626,-0.069567
0.084075,-0.007445,0.014422,0.390056,0.285989,-0.032600
0.083904,-0.008581,-0.013685,0.439548,1.184179,-0.737257
0.075347,-0.008160,0.022247,0.276188,-0.728636,-1.116064
0.077143,-0.029874,0.021082,0.628971,-0.470327,-0.874798
0.087686,-0.006713,0.011005,0.355534,-0.583082,-0.448655
0.078226,-0.013274,-0.005456,-0.044818,0.163656,-0.540304
0.084709,-0.037285,0.002648,0.457884,1.031818,-0.655284
0.088585,-0.032270,0.006351,0.597296,0.321295,-1.226120
0.087620,-0.024622,0.040990,0.524652,-0.268920,-0.700786
0.095898,-0.033087,0.010565,-0.204223,0.533114,-0.346909
0.094155,-0.032155,-0.013406,-0.170240,0.892062,-1.191756
0.085332,-0.038122,0.027647,-0.049430,-0.082455,-1.120429
0.100829,-0.048879,0.014310,0.666122,0.393604,-0.816619
0.102788,-0.042308,-0.009330,0.196654,0.447052,-0.682765
0.095521,-0.046036,0.013864,-0.564979,0.213838,-0.796314
0.118002,-0.066105,0.000143,0.276418,0.689309,-0.743896
0.112508,-0.057689,-0.004183,0.798207,0.427705,-0.914629
0.112852,-0.059747,0.011888,-0.017042,0.335751,-0.391986
0.117313,-0.072424,-0.008604,-0.324991,0.404676,-0.339598
0.121098,-0.071009,-0.001537,0.223840,0.504232,-0.403047
0.117448,-0.073629,0.022205,0.409616,-0.623696,-0.462023
0.127994,-0.078231,0.005586,0.035362,0.881335,-0.159933
0.129632,-0.080111,-0.005896,-0.635555,0.838243,-0.352002
0.136919,-0.066873,0.016470,0.035497,0.115663,-0.482686
0.125178,-0.094479,0.001269,0.745268,0.602311,-0.702806
0.137661,-0.084700,-0.000959,0.028022,0.127625,-0.237100
0.136656,-0.078690,0.002917,-0.527185,-0.124559,-0.184331
0.132750,-0.089906,0.003649,-0.058828,0.390216,-0.553110
0.150374,-0.080922,0.016165,0.420284,0.405536,-0.037061
0.148109,-0.084418,0.000967,0.025272,0.369094,0.126102
0.150666,-0.094699,0.005681,-0.403927,0.278568,0.194052
0.146999,-0.092043,-0.002492,-0.145868,0.439607,-0.357388
0.150174,-0.084789,0.025139,0.537877,0.104749,-0.027907
0.152090,-0.095916,0.019306,0.229965,0.245681,0.122918
0.155701,-0.079360,0.000646,-0.372898,-0.110165,0.119639
0.149849,-0.086693,0.001092,-0.177248,0.236021,-0.154372
0.148952,-0.104559,0.011442,0.692040,0.619232,-0.643344
0.154562,-0.088869,0.018338,0.418843,-0.378951,0.248311
0.152041,-0.076576,0.015276,-0.065156,0.319460,0.036541
0.157283,-0.087500,-0.003648,0.339946,2.418002,0.171613
0.155422,-0.081900,0.012118,0.765872,0.880770,-0.373305
0.148752,-0.074229,0.034087,0.443878,-0.459531,0.099508
0.164370,-0.079665,0.011757,0.396151,0.166984,0.607508
0.151844,-0.067684,-0.015842,0.232630,0.408605,0.218808
0.135498,-0.081749,0.019155,0.343842,0.590107,-0.037547
0.150111,-0.076163,0.020298,0.648216,0.789630,0.523123
0.160369,-0.056396,0.013408,0.102311,0.241844,0.673478
0.137457,-0.075739,0.004847,0.075913,0.299588,0.261985
0.139184,-0.066604,0.011310,0.194833,0.836060,-0.279746
0.142893,-0.057712,0.020623,0.982404,0.444626,0.374789
0.145992,-0.066358,0.014727,0.470121,0.639258,0.967778
0.137375,-0.051991,-0.002253,0.171373,0.104300,-0.045380
0.132012,-0.055930,0.015157,0.540654,0.746305,-0.130421
0.129389,-0.070940,0.016188,0.908087,0.658461,0.339769
0.138659,-0.048528,0.001273,0.805071,0.287640,0.949570
0.123848,-0.051246,0.027214,-0.168248,-0.407327,0.678043
0.128280,-0.054000,-0.000808,0.338259,0.890325,0.382689
0.114546,-0.054758,0.010299,1.362107,-0.948306,-0.343137
0.105805,-0.040279,0.039638,0.369672,-1.753977,0.552001
0.109251,-0.053799,0.010027,0.095503,0.009260,0.839204
0.121314,-0.045022,-0.025627,0.532211,1.160211,0.140199
0.104692,-0.063716,0.047105,1.066120,0.268136,-0.457618
0.107492,-0.061684,0.027719,0.879776,0.048364,0.640646
0.113719,-0.041622,-0.002975,0.071321,-0.145235,0.655936
0.103353,-0.049371,0.001102,-0.043922,1.539188,0.706630
0.111890,-0.063863,-0.001370,0.368231,1.382816,0.181207
0.107417,-0.053478,0.010148,1.078074,0.780288,0.244311
0.099394,-0.049614,0.028619,0.337051,-0.108744,0.850115
0.106527,-0.059711,-0.001770,0.215427,0.863623,0.643495
0.099256,-0.055280,-0.011033,0.507098,1.287789,0.257635
0.084659,-0.059547,0.026022,0.423822,0.348950,0.466841
0.097806,-0.064139,0.020931,0.545676,0.080292,0.306228
0.101308,-0.046542,0.006150,0.192633,0.374897,0.729321
0.094277,-0.072096,-0.013725,0.274090,1.492850,0.392602
0.095396,-0.060272,0.012689,0.295170,0.935613,0.627831
0.106599,-0.056399,0.013821,0.791390,0.721608,0.506870
0.100261,-0.059744,0.004946,0.447032,0.617906,1.274439
0.105844,-0.056412,-0.009829,-0.114508,0.738280,0.946405
0.102178,-0.060377,-0.009881,-0.203636,0.730054,0.429257
0.095882,-0.069916,0.006423,0.523214,0.383474,0.587024
0.110033,-0.066046,0.015715,0.654216,0.758962,0.986290
0.118646,-0.057709,-0.009947,0.280137,0.594164,1.167606
0.099322,-0.074377,-0.015038,-0.427547,0.777564,0.516892
0.111283,-0.080587,-0.003228,0.204795,0.928973,0.519200
0.120845,-0.071420,0.012062,0.694919,0.500615,1.091388
0.109373,-0.085980,0.013073,0.201000,-0.214215,0.842047
0.120474,-0.075483,-0.012885,-0.260789,0.639248,0.890289
0.124029,-0.079698,-0.012333,0.219395,1.397265,0.736208
0.110873,-0.089420,0.025658,0.512983,-0.698611,1.032127
0.133272,-0.074325,0.014212,-0.024224,-0.860990,1.060931
0.126786,-0.077459,-0.016036,0.047835,0.205701,0.920918
0.134644,-0.089191,-0.020828,0.057663,1.256403,1.165992
0.140776,-0.083653,-0.005683,0.535543,0.637253,0.666657
0.131319,-0.080105,0.019736,0.164240,-1.314055,1.686330
0.151487,-0.096015,-0.022473,0.417198,0.810838,1.517180
0.151808,-0.075539,-0.029822,-0.012745,1.431471,0.723588
0.129258,-0.083371,0.010746,0.041313,-1.534641,0.852676
0.147863,-0.095844,0.011356,0.287102,-0.730976,1.068326
0.155032,-0.080013,-0.009330,0.044510,-0.310066,1.535053
0.156105,-0.075674,-0.009891,-0.299880,0.756356,1.468607
0.155350,-0.096205,-0.009166,0.328484,1.030515,0.897735
0.158261,-0.078569,0.001581,0.574473,-0.081293,1.451600
0.165214,-0.067901,0.009200,0.072739,-0.239414,1.608744
0.150128,-0.084474,-0.005703,-0.211599,0.083532,1.302111
0.158055,-0.077164,-0.012855,-0.368030,0.358892,0.723749
0.153128,-0.079944,0.021538,0.372081,-0.422998,1.038988
0.152248,-0.083246,0.010234,0.543070,0.077082,1.338117
0.154851,-0.066880,-0.008722,-0.418783,0.523733,1.385643
0.151811,-0.064878,-0.020034,-0.730224,0.694594,0.990125
0.142877,-0.069788,0.007949,0.150080,-0.106351,0.904168
0.153410,-0.069187,0.008389,0.396237,0.113490,0.847136
0.152593,-0.064050,0.003954,0.331973,0.903468,0.739248
0.133781,-0.065984,0.004683,-0.439190,-0.132850,0.875016
0.143973,-0.052119,0.007427,-0.605806,0.420005,0.747106
0.146875,-0.047937,0.008901,0.415514,0.526172,0.635234
0.128509,-0.058500,0.009246,0.598694,0.836887,0.412704
0.134090,-0.047280,0.000754,-0.337198,0.450587,0.668350
0.126248,-0.038057,0.000724,-0.124099,0.480995,0.354227
0.114825,-0.061608,0.023905,0.625233,0.523457,-0.552730
0.133656,-0.034489,0.015837,0.248103,0.924610,0.562774
0.134103,-0.028239,-0.009517,-0.047979,2.495641,0.443966
0.105286,-0.043184,0.011553,-0.087811,0.814734,0.053464
0.116443,-0.028075,0.016053,0.388533,0.655887,-0.401420
0.112219,-0.033645,0.032213,0.698904,0.727969,-0.734732
0.098948,-0.029286,0.017022,0.222490,0.741450,-0.435417
0.104324,-0.020634,0.012919,-0.441671,0.365644,-0.069274
0.097822,-0.015940,0.008527,-0.127332,0.469743,-1.123206
0.088779,-0.028607,0.029134,0.761132,0.217531,-0.815126
0.096410,-0.013852,0.022477,0.419916,0.732834,-0.735278
0.091244,-0.002869,0.020646,-0.179943,0.510652,-0.294328
0.091503,-0.016780,0.007194,0.157387,1.704229,-0.626481
0.083172,-0.002088,0.035952,0.594814,0.999322,-1.269370
0.085953,-0.006368,0.030598,0.741657,0.698831,-1.096658
0.094119,-0.007048,0.017018,0.316591,1.662509,-0.488218
0.093972,0.006683,-0.011128,0.079823,1.197634,-1.091114
0.063366,-0.005177,0.027460,0.358567,0.463832,-1.589874
0.089816,-0.006470,0.034891,0.774291,0.479354,-1.571778
0.085024,0.008698,0.032938,0.188642,-0.647405,-0.825420
0.068769,-0.002455,0.027283,-0.138384,0.402309,-1.193004
0.083691,0.003223,0.011021,0.774475,1.372079,-1.257150
0.086934,0.004969,0.029045,0.640670,1.190800,-1.299405
0.074595,-0.000361,0.025530,0.271842,1.017142,-0.885552
0.093916,0.003108,0.004240,0.182212,2.375445,-1.088186
0.087998,0.001808,0.030066,0.840908,1.492869,-1.500756
0.062237,-0.004290,0.059303,0.496072,-2.619015,-1.316421
0.093387,-0.002311,0.034901,-0.007497,0.628232,-0.811644
0.096995,-0.002652,0.012640,0.395472,2.659244,-0.956219
0.083123,-0.018536,0.031044,0.458160,1.176600,-1.395573
0.099841,-0.005528,0.027814,0.506346,1.271210,-0.840352
0.105198,-0.004054,0.007880,0.139373,1.256590,-0.757601
0.106025,-0.012277,-0.000759,0.232607,2.602429,-0.347999
0.105237,-0.020532,0.013825,0.314412,1.500219,-1.464704
0.108496,-0.017719,0.031908,0.643759,0.119189,-1.064145
0.113213,-0.029375,0.013254,0.167772,0.476567,-0.394488
0.115058,-0.019327,-0.004166,-0.666538,0.717863,-0.653777
0.113013,-0.036626,0.015515,0.147831,0.449346,-1.475345
0.122880,-0.040483,0.017357,1.183795,1.016003,-0.347601
0.131398,-0.025754,-0.017578,0.260957,0.544488,-0.272512
0.125378,-0.037479,0.010936,-0.243901,0.464380,-0.280557
0.129560,-0.048209,0.007401,0.168340,0.280504,-0.291238
0.138577,-0.042715,0.005724,0.563047,0.349055,-0.467131
0.127643,-0.043745,0.005658,-0.219874,-0.156175,0.263635
0.142880,-0.054827,0.006170,-0.260990,0.073162,0.153674
0.155576,-0.044064,0.000252,0.098037,0.034292,-0.412120
0.132307,-0.065357,0.025523,0.331382,-0.153382,-0.480208
0.150065,-0.060656,0.004982,0.256470,0.676803,0.247250
0.162886,-0.050888,-0.002768,-0.393820,0.129880,0.387781
0.136305,-0.074695,0.005182,-0.315649,-0.067845,-0.347850
0.155288,-0.073799,0.004394,0.213763,0.209758,0.509373
0.165493,-0.061559,-0.007537,0.394717,1.026005,0.636163
0.147935,-0.073422,0.005576,-0.895518,-0.037459,0.844336
0.161075,-0.079977,-0.005010,-0.529985,0.278581,0.765984
0.163431,-0.072326,-0.010291,0.522952,0.334251,0.511700
0.155173,-0.073629,0.015328,-0.355015,-0.133099,0.960715
0.170269,-0.080079,-0.015497,-0.056284,0.358167,0.983932
0.161354,-0.089368,-0.023891,0.009125,0.765803,0.347404
0.150325,-0.085344,0.026048,0.448614,0.141345,0.660910
0.166340,-0.085311,0.005799,0.631118,0.922099,0.904809
0.162722,-0.073661,-0.012008,0.036600,0.488253,0.842665
0.160809,-0.077118,-0.009054,-0.601323,0.163203,1.287931
0.170196,-0.076701,-0.006346,-0.135929,0.132919,0.662056
0.170617,-0.078785,-0.003402,0.912692,0.641720,0.623136
0.159079,-0.077883,0.005244,-0.088517,-0.075178,1.048809
0.160549,-0.090704,-0.026464,-0.567989,0.676622,0.744215
0.160612,-0.069457,-0.009346,-0.031029,0.256060,1.136831
0.154858,-0.080207,0.006915,0.629027,0.643279,0.918473
0.142178,-0.075756,-0.019134,-0.493925,0.634991,1.448032
0.142486,-0.068849,-0.006412,-0.289452,0.255039,1.206533
0.138252,-0.079550,0.013772,0.542512,0.337162,1.003472
0.145614,-0.086361,-0.002528,0.481015,0.533685,0.916412
0.142391,-0.064047,-0.007551,0.409133,0.433850,1.102292
0.134736,-0.067271,0.017527,0.053757,0.370797,1.232431
0.127485,-0.075687,0.007559,0.322135,0.419637,1.209786
0.129281,-0.068242,-0.004127,0.735004,0.606503,1.115465
0.122647,-0.060653,0.009525,0.431592,0.815909,1.187068
0.130010,-0.078359,-0.000611,-0.046876,0.797570,1.083530
0.124429,-0.065403,-0.016439,0.445844,0.494844,0.551460
0.120435,-0.052985,0.010076,0.819333,0.936394,1.128725
0.112993,-0.064477,-0.001531,0.829607,0.684490,0.926209
0.115934,-0.057305,-0.003428,-0.086548,0.732194,0.789945
0.117756,-0.057555,-0.000053,0.055644,0.546421,0.349573
0.101741,-0.072335,-0.007478,0.867818,1.031766,0.452257
0.115399,-0.045009,0.010674,0.839546,0.809141,0.933433
0.100546,-0.045370,-0.000287,-0.090838,0.225389,1.221884
0.109954,-0.053524,-0.011381,-0.177228,0.526280,0.930505
0.106235,-0.044776,-0.006582,0.676734,1.100014,0.570917
0.094750,-0.039639,0.016526,0.878295,0.463516,0.618762
0.103300,-0.048291,0.005730,0.503786,0.118637,1.210540
0.113259,-0.041750,-0.007413,0.013022,0.647284,0.948926
0.090663,-0.042846,0.001003,0.189453,0.663017,0.886116
0.097976,-0.055890,0.005865,0.976010,0.894064,0.913476
0.104515,-0.037919,-0.005873,0.872525,0.466366,1.025049
0.088112,-0.047924,0.020567,0.032798,-0.621736,0.822214
0.106146,-0.055066,-0.005712,0.250040,0.662567,0.116703
0.104630,-0.053245,-0.012005,1.143001,0.706381,0.022038
0.090962,-0.048275,0.032006,0.634049,-0.839034,0.093184
0.104676,-0.046480,0.003472,0.629293,0.541340,0.934319
0.115271,-0.036504,-0.026310,0.807086,2.957920,1.242471
0.100372,-0.045258,0.009305,0.477083,0.603860,-0.346932
0.100678,-0.064727,0.016671,1.207051,0.793612,0.440874
0.105319,-0.042537,0.025891,0.422266,-0.423001,0.310190
0.105759,-0.040023,0.009774,-0.054567,-0.321692,0.941705
0.108854,-0.056281,-0.006671,0.281374,1.051782,0.194047
0.108539,-0.046611,0.008254,0.824545,1.048614,-0.010958
0.106002,-0.051361,0.026774,0.551112,-0.886110,0.374470
0.110804,-0.057453,0.014084,0.151216,-1.089037,0.654403
0.124275,-0.054528,-0.009914,0.079540,1.153922,0.265569
0.119434,-0.054495,0.008153,0.137318,0.554046,-0.290283
0.121465,-0.071219,0.007687,0.903967,0.509320,0.261115
0.126300,-0.046805,0.001371,0.654883,0.214448,0.833056
0.121282,-0.057344,-0.010012,-0.201876,0.581290,0.531443
0.123635,-0.069007,-0.031059,-0.108287,1.586928,0.660006
0.117664,-0.068127,0.001952,0.473860,0.390223,0.144125
0.111812,-0.067267,0.030900,0.183692,-1.511100,0.399712
0.128175,-0.067257,0.001637,0.101562,-0.178692,0.940960
0.143586,-0.068311,-0.016718,0.280334,0.858926,0.494450
0.115537,-0.069854,0.011540,0.054633,0.443789,0.396325
0.132803,-0.071347,0.021003,0.364646,0.149433,0.723847
0.133568,-0.067497,0.004985,0.321115,0.738388,1.429860
0.125696,-0.084648,-0.002581,-0.140698,0.010051,0.506756
0.133988,-0.077604,-0.014063,-0.239654,0.683630,0.278203
0.131772,-0.074906,0.004949,0.056393,0.220212,0.316697
0.136135,-0.077108,0.029505,0.438334,-0.267771,0.455357
0.136322,-0.070363,-0.000831,0.070176,0.145294,0.611085
0.134621,-0.075920,-0.002427,-0.214500,0.389409,0.217180
0.131014,-0.090169,-0.004107,0.123551,0.521199,-0.015506
0.134818,-0.077758,-0.002716,0.794301,0.308750,0.532737
0.135225,-0.067169,0.024686,0.053701,0.017394,0.929630
0.138225,-0.086348,-0.004065,-0.355340,0.176270,0.410237
0.142877,-0.079235,-0.021921,-0.334319,0.757121,-0.296108
0.136762,-0.079685,0.005566,0.044845,0.415386,-0.015132
0.130312,-0.088193,0.003058,0.785803,0.386944,0.175509
0.141354,-0.061667,-0.015159,-0.027444,0.514338,0.306429
0.139342,-0.070323,0.002947,-0.467258,0.283124,0.140843
0.134126,-0.087106,-0.002640,0.092083,0.563641,-0.119671
0.138199,-0.067605,0.001506,0.425312,0.407393,0.170966
0.133722,-0.068810,0.018630,0.255499,0.196237,-0.168205
0.132222,-0.074531,0.001118,-0.423231,0.001077,0.470059
0.132727,-0.075841,-0.002935,-0.315751,0.239159,-0.567822
0.123592,-0.070097,0.010818,0.394684,0.674528,-0.594922
0.121488,-0.080640,0.015062,0.915039,0.803265,-0.528190
0.122335,-0.062971,0.026918,-0.155092,-1.494350,-0.235259
0.128546,-0.054334,0.001745,-0.267925,-0.071370,0.174944
0.121383,-0.067927,-0.001432,0.282316,1.055934,-0.989124
0.119404,-0.053803,0.001601,0.546385,1.083773,-0.564537
0.124314,-0.047917,0.024903,0.634686,0.309980,-0.365454
0.122962,-0.054206,0.016290,0.068242,-0.020203,-0.057177
0.127653,-0.042291,-0.013850,-0.170719,2.024188,-0.573928
0.099138,-0.060279,0.037314,0.761654,0.455731,-0.851186
0.115623,-0.042882,0.023199,0.303570,0.752210,-0.314235
0.106675,-0.036750,0.014675,0.189256,0.209475,-0.472734
0.106662,-0.049089,-0.000589,0.157439,1.043737,-0.973762
0.111241,-0.031794,0.000843,0.554516,1.283758,-1.079546
0.104810,-0.032024,0.022129,0.757879,0.683729,-0.867730
0.101334,-0.035195,0.030408,0.226518,0.136294,-0.594346
0.108162,-0.023755,0.012682,0.035785,0.888799,-0.885491
0.108884,-0.029605,0.020774,0.641011,1.228958,-1.371095
0.098698,-0.037062,0.036030,0.795535,0.808451,-0.917567
0.112412,-0.020453,0.014494,0.134528,0.560693,-0.539463
0.103412,-0.011128,0.012459,-0.188208,0.598284,-0.699469
0.102079,-0.034820,0.008100,0.720771,1.054618,-1.231910
0.110669,-0.016357,0.011281,0.931110,0.538773,-0.823171
0.105319,-0.012858,0.035456,0.168964,0.038467,-0.337479
0.108956,-0.025646,0.013798,0.209820,0.425522,-0.683799
0.106415,-0.019623,0.007542,0.772719,1.034437,-1.346507
0.091946,-0.031735,0.043140,0.966590,-0.016005,-1.088668
0.109609,-0.013750,0.016651,0.266580,-0.154324,-0.456001
0.118052,-0.016560,-0.009792,0.131048,2.444028,-0.247842
0.104718,-0.036741,-0.001061,0.215614,1.851551,-1.039799
0.109731,-0.035792,0.025527,0.859221,-0.167690,-0.946535
0.112957,-0.021602,0.023862,0.493229,-0.340445,-0.349295
0.129067,-0.041723,-0.025788,0.179084,2.303533,-0.161421
0.122371,-0.031219,-0.020181,0.372609,1.436625,-0.941266
0.115580,-0.043909,0.039730,0.778158,0.268175,-0.737053
0.127751,-0.049936,0.026593,0.707783,-0.279939,-0.063483
0.135734,-0.039465,-0.008722,0.515117,0.572861,0.214766
0.121508,-0.038841,0.008274,-0.137215,0.525151,-0.007425
0.133591,-0.066079,0.005553,0.415662,0.723164,-0.260596
0.132498,-0.055785,-0.001084,0.971668,-0.120987,0.130290
0.129120,-0.052020,0.019802,0.229023,-0.322549,0.607090
0.143875,-0.070560,-0.010954,0.115470,1.019890,0.330762
0.142069,-0.064218,-0.004442,0.204335,1.265731,-0.063866
0.129816,-0.080236,0.036894,0.368671,-0.918820,0.379037
0.158206,-0.075260,0.027388,-0.224052,-0.415822,0.881483
0.151139,-0.083144,-0.002949,0.090395,0.910919,0.750442
0.141209,-0.100328,-0.004324,0.114275,0.796917,0.253825
0.158783,-0.096212,0.022618,0.318584,0.177616,0.688660
0.160769,-0.088813,-0.000546,0.295154,0.718079,1.190187
0.161738,-0.105577,-0.025725,-0.308670,0.703473,1.074009
0.164039,-0.104457,-0.030022,-0.215200,0.916861,0.677283
0.148962,-0.106194,0.019497,0.216323,-0.683630,0.869549
0.165210,-0.110458,-0.005942,0.369245,0.254274,1.524501
0.168007,-0.107093,-0.030698,0.248786,0.771045,1.522653
0.159561,-0.112506,-0.012284,-0.346225,0.423261,1.177685
0.170154,-0.122110,-0.008686,0.208478,0.259464,1.306747
0.174450,-0.113057,-0.014690,0.753717,0.442279,1.204653
0.153623,-0.116136,-0.000684,0.166489,0.165238,1.523368
0.165286,-0.121083,-0.024215,-0.122523,1.009419,1.737689
0.162227,-0.119645,-0.025463,0.127983,0.484780,0.867173
0.148861,-0.116858,0.013158,0.425283,0.165379,1.427222
0.163635,-0.116898,-0.017326,0.325477,0.594368,1.941758
0.161478,-0.117095,-0.030249,-0.097787,0.524580,1.555221
0.144078,-0.113950,-0.000152,-0.249005,-0.142192,0.919166
0.153811,-0.123102,-0.010255,0.546500,0.752328,1.497798
0.159289,-0.100423,-0.005387,0.602708,0.618861,1.435809
0.147259,-0.109243,0.002382,-0.030569,0.391992,1.493869
0.150377,-0.103630,-0.006415,-0.319680,0.680029,1.443394
0.152337,-0.102629,-0.000405,0.471979,0.683230,0.969958
0.125670,-0.112437,0.020662,0.718674,0.429760,0.621888
0.147134,-0.086762,-0.007183,0.143187,0.615142,1.436573
0.127774,-0.095283,-0.022469,-0.858305,-0.555336,0.634115
0.131595,-0.100620,0.006810,0.609483,0.866416,0.801923
0.131073,-0.094472,-0.017759,1.378296,0.976752,0.834203
0.120287,-0.087254,0.010250,-0.029824,0.214347,0.864388
0.134910,-0.079603,-0.006372,0.109053,1.403393,1.511327
0.124288,-0.072706,-0.017641,0.570682,1.416290,0.449907
0.108408,-0.081667,0.020495,0.882887,0.199175,0.533216
0.126671,-0.066614,0.019221,0.301965,0.141086,0.852318
0.142992,-0.049283,-0.024544,0.243941,4.318428,1.231348
0.113469,-0.063053,-0.012947,0.353122,0.893266,0.453564
0.110167,-0.055851,0.009370,0.756497,1.116036,0.394562
0.113345,-0.045564,0.029183,0.513032,-0.487898,0.655447
0.107807,-0.052329,0.007893,0.035493,-0.776208,0.598240
0.114382,-0.043903,-0.029336,0.620811,1.123392,0.349517
0.100530,-0.040197,0.011950,0.785061,1.142463,0.010795
0.098945,-0.054485,0.031491,0.853454,-0.950518,-0.300544
0.114503,-0.035181,0.012794,0.412563,0.119891,0.630093
0.093926,-0.037939,0.005412,0.030041,0.377481,-0.055776
0.107577,-0.034075,-0.000536,0.419292,1.248521,-0.140246
0.104512,-0.024139,0.021913,1.073312,0.610120,0.088191
0.101593,-0.035444,0.026603,0.352754,-0.747355,0.455684
0.107367,-0.018385,-0.010022,0.150654,0.580302,0.118035
0.101232,-0.026178,0.012239,0.565509,0.975075,-0.139859
0.094267,-0.040292,0.040475,1.094464,-1.872244,-0.225951
0.110551,-0.017443,0.013217,0.697650,0.392951,0.274979
0.110607,-0.017712,0.004759,0.125878,2.012502,-0.035117
0.119194,-0.024638,0.016720,0.629437,0.841420,-0.190126
0.111460,-0.030872,0.004059,1.137296,0.489116,-0.493640
0.095672,-0.027487,0.034327,0.010304,-1.616712,0.093969
0.126832,-0.024747,0.004775,0.044970,1.667695,0.102464
0.112133,-0.027619,0.002376,0.251386,0.942559,-0.540625
0.103422,-0.045311,0.031714,0.905211,0.719133,-0.483691
0.126323,-0.020900,0.038765,0.021070,0.181713,0.557236
0.116955,-0.031469,0.011156,0.162051,0.034095,0.074159
0.127393,-0.042852,0.003597,0.679527,1.376986,-0.324237
0.126231,-0.042898,0.008195,1.276951,1.459687,-0.233021
0.114441,-0.037233,0.030316,0.384325,-0.099773,0.362985
0.126327,-0.042189,0.007916,0.191051,0.321666,0.220658
0.124292,-0.042678,-0.024058,0.478849,1.272687,-0.310631
0.113446,-0.056665,0.033762,0.826183,0.459305,-0.255729
0.133541,-0.049811,0.021341,0.495491,0.674410,0.375668
0.137497,-0.047491,0.002802,0.278538,1.071739,-0.017263
0.116341,-0.055145,-0.005414,0.027602,1.414760,-0.076412
0.128713,-0.059819,0.022090,0.388835,-0.001894,-0.338955
0.123061,-0.053064,0.030933,0.328359,0.052408,0.175032
0.134628,-0.059376,0.007467,0.210795,0.554896,0.113100
0.134733,-0.057538,-0.029133,0.379046,2.747036,0.050441
0.129314,-0.064668,0.016060,0.112798,0.304952,-0.330509
0.126625,-0.079606,0.026895,0.595677,-1.158192,-0.078736
0.135898,-0.056770,-0.002135,0.075454,-0.617758,0.316345
0.120051,-0.073021,0.001676,-0.346376,1.231886,-0.403845
0.129031,-0.082623,0.001857,-0.033553,0.556705,-0.238091
0.124554,-0.075257,0.015528,0.381029,-1.265153,-0.190345
0.121114,-0.082028,0.016250,-0.131422,-0.859286,0.239871
0.140408,-0.082232,-0.020313,0.022511,1.089839,0.060263
0.122874,-0.080522,0.000872,-0.202273,0.538927,-0.490472
0.111815,-0.092663,0.027614,0.223856,-0.057561,-0.427478
0.127341,-0.067934,0.025819,-0.360927,-0.859848,0.366071
0.128690,-0.075710,-0.007958,-0.404150,0.170536,-0.143882
0.114296,-0.091459,0.008855,-0.180018,0.799310,-0.631505
0.128365,-0.085061,0.014425,0.125275,0.318945,-0.220110
0.125943,-0.077095,0.017783,0.466701,0.093192,0.060722
0.117142,-0.089759,-0.001796,0.029056,0.231156,-0.175610
0.135563,-0.073510,-0.023756,-0.394444,0.604747,-0.145402
0.122414,-0.070707,0.012814,-0.056008,0.034325,-0.119714
0.130430,-0.078562,0.015965,0.463563,0.127753,-0.254921
0.133860,-0.063181,0.000600,0.144044,0.285241,0.079511
0.111175,-0.080348,0.007959,-0.372448,0.539768,-0.588551
0.126432,-0.074288,0.021955,0.097673,0.668245,-0.280117
0.130019,-0.061661,0.011113,0.640217,0.767227,-0.088045
0.124659,-0.075293,0.002087,0.273920,0.406885,0.195003
0.127055,-0.064316,-0.007455,0.162222,0.495711,-0.406067
0.115547,-0.072631,0.019621,0.147717,0.168852,-0.593751
0.125660,-0.056343,0.026003,0.470374,0.512146,-0.338256
0.119873,-0.050113,0.010014,0.070546,0.088373,0.259801
0.124410,-0.063988,-0.002830,-0.204942,0.685931,-0.164175
0.125815,-0.060315,-0.003523,0.399338,0.453738,-0.667130
0.112865,-0.057449,0.036828,0.559607,-0.262615,-0.086342
0.129878,-0.043519,0.003666,0.151869,0.835105,0.006919
0.122608,-0.054978,0.016477,-0.201755,0.409264,-0.410020
0.122191,-0.048922,0.015239,0.348100,0.693750,-0.384164
0.115974,-0.049362,0.022014,1.336744,0.370246,-0.588095
0.114447,-0.039432,0.036949,0.525414,0.632027,-0.303147
0.127623,-0.037607,0.022625,-0.389064,0.490639,-0.013669
0.119191,-0.038273,0.009610,0.059416,0.464331,-0.340570
0.121446,-0.048557,0.001312,0.881545,1.087636,-0.030389
0.126796,-0.041356,0.021640,0.997681,0.777298,-0.063631
0.109107,-0.044362,0.027519,0.200656,0.010379,0.191543
0.122043,-0.033343,0.001020,0.148068,0.187733,0.149078
0.107095,-0.043860,0.019300,0.573015,0.112667,-0.535216
0.117592,-0.046017,0.035305,0.921748,0.176366,-0.180042
0.125936,-0.020634,0.020836,0.187884,0.320396,0.253440
0.106235,-0.045639,0.009574,0.216388,0.396860,-0.371455
0.113397,-0.033845,0.001903,0.785655,0.873624,-0.416874
0.107673,-0.042052,0.041430,0.726502,0.367988,-0.080841
0.127324,-0.027208,0.025001,-0.113927,-0.355278,0.232166
0.113899,-0.037259,-0.016672,-0.271999,1.174122,0.269277
0.110617,-0.051489,-0.004504,0.655218,1.409824,-0.093540
0.115908,-0.047950,0.022139,1.156095,-0.004011,0.083826
0.097753,-0.043522,0.039375,0.199901,-1.060172,0.572434
0.125138,-0.042596,-0.007321,-0.029551,1.941090,0.464333
0.113906,-0.051446,-0.002135,0.370578,1.358470,-0.164424
0.098111,-0.054456,0.038827,0.560910,-0.474985,0.110286
0.116542,-0.046509,0.017301,0.323380,-0.131488,0.466434
0.120799,-0.049877,-0.008972,0.092017,2.572798,1.030058
0.111441,-0.075408,-0.001173,0.668886,1.484010,-0.067671
0.114313,-0.072549,0.030759,1.120158,0.405700,-0.235781
0.106517,-0.067454,0.021650,0.113960,-0.186104,0.436594
0.120707,-0.065807,0.006121,-0.085399,0.237741,0.141841
0.104137,-0.079173,0.014077,0.585328,0.664494,0.144489
0.117041,-0.084352,0.028025,0.825382,-0.270368,0.535543
0.129350,-0.067980,0.001102,0.412445,0.730382,1.133407
0.107787,-0.075792,-0.008486,-0.362959,0.724454,0.761769
0.134024,-0.083282,-0.015773,0.039550,1.761219,0.461242
0.120753,-0.092503,0.034350,0.443087,-0.694436,0.474749
0.123573,-0.098473,0.017557,0.137114,-0.713628,1.253485
0.131608,-0.082944,-0.025256,0.161808,0.725698,0.928842
0.110344,-0.097748,0.009328,-0.163396,-0.202887,0.457592
0.133056,-0.107421,0.001470,0.419404,0.918193,0.951248
0.125549,-0.098244,0.015761,0.583726,0.044746,1.239797
0.125106,-0.109053,0.006049,0.127599,0.087405,1.249934
0.127873,-0.105767,-0.010922,-0.338422,0.338058,1.186635
0.131122,-0.111393,0.012604,0.096796,0.167982,0.960029
0.142453,-0.107110,0.010033,0.430981,0.592831,1.344255
0.148802,-0.104034,0.003777,0.047458,0.536065,1.626729
0.135934,-0.118483,-0.026943,-0.011872,0.640410,1.439731
0.138544,-0.116238,-0.013308,0.044280,0.559511,0.888971
0.134677,-0.112614,0.025070,0.552185,0.076593,1.749016
0.147354,-0.116038,0.000695,0.110481,-0.207030,1.749174
0.152091,-0.105728,-0.035461,0.011220,2.581188,1.393616
0.131270,-0.128501,-0.001275,0.270411,0.778939,0.918831
0.133643,-0.116405,0.015436,0.481262,-1.350503,1.296870
0.132734,-0.112936,0.024004,-0.130463,-1.073521,1.692249
0.137572,-0.116327,-0.005817,-0.112302,0.545591,1.694458
0.139611,-0.104598,-0.000181,-0.023571,0.414241,1.568938
0.129163,-0.112391,0.017078,0.532592,0.142038,1.022638
0.146146,-0.101631,0.012938,0.504436,0.377353,1.363195
0.130269,-0.103505,-0.007623,0.008577,0.120544,1.306963
0.136259,-0.100948,-0.015461,-0.189147,0.632135,1.018052
0.133781,-0.093888,0.000170,0.763558,0.945838,0.757899
0.116991,-0.093573,0.044135,0.173044,-0.916850,1.011976
0.129609,-0.082373,0.002635,0.097755,-0.198039,1.232770
0.135990,-0.081260,-0.023241,-0.291057,1.066274,0.750655
0.123307,-0.095703,0.007421,0.245093,0.586792,0.219120
0.123005,-0.072345,-0.010721,1.216790,0.424698,0.860285
0.117704,-0.076031,0.021361,0.399325,0.233129,1.056233
0.121961,-0.068252,0.003111,-0.324607,0.489241,0.968937
0.111766,-0.063076,-0.003763,0.032185,0.885329,0.255016
0.119345,-0.067710,0.025543,0.925149,0.120242,0.844420
0.120802,-0.050336,-0.001419,0.133152,0.366330,0.378068
0.097054,-0.058546,0.020921,0.022144,0.080984,0.177730
0.100674,-0.047786,0.003469,-0.153874,0.854284,0.215376
0.104420,-0.036508,0.023728,0.366140,0.621947,0.306018
0.106448,-0.054243,0.025458,0.731285,-0.056399,0.346382
0.100264,-0.041159,0.007483,0.303783,0.663666,-0.059823
0.089586,-0.054922,-0.000743,0.126207,1.264970,-0.764596
0.106379,-0.027166,-0.001721,0.489720,1.348459,0.062693
0.092783,-0.023322,0.041640,0.604783,-0.213345,0.034005
0.100983,-0.031988,0.000442,0.451677,1.431278,-0.167186
0.096749,-0.037197,-0.021347,0.098789,1.846181,-0.655970
0.081127,-0.033612,0.027890,0.382414,1.373307,-0.534553
0.099004,-0.029316,0.016923,0.667914,0.802720,-0.312969
0.095961,-0.016366,0.012462,0.318364,0.540063,-0.389775
0.087725,-0.033911,-0.006714,0.423924,1.201130,-0.733679
0.094677,-0.026982,0.007703,0.799198,0.931474,-0.589924
0.089196,-0.021129,0.031717,0.440471,0.678736,-0.304100
0.093647,-0.026490,0.003846,0.084060,0.476567,-0.162413
0.096194,-0.019655,-0.004833,0.104451,1.931748,-0.602644
0.074523,-0.035250,0.033762,0.587980,0.155240,-1.267647
0.092265,-0.024658,0.040803,0.649496,0.222513,-0.701705
0.105010,-0.018415,0.020724,0.321358,0.049460,-0.223909
0.095042,-0.040929,-0.011132,0.199727,1.016584,-1.350337
0.102621,-0.033415,0.018610,0.364689,0.588026,-0.689297
0.087965,-0.036015,0.049075,0.581028,0.097758,-0.608178
0.104423,-0.034252,0.008231,-0.022205,0.017413,-0.575764
0.097668,-0.043259,0.006597,-0.066380,0.516298,-0.966538
0.101649,-0.049749,0.024309,0.429195,0.106748,-0.495048
0.113866,-0.030527,0.011960,0.790349,0.200416,-0.246725
0.109455,-0.037532,0.019237,-0.089961,-0.253775,0.173072
0.113512,-0.042308,0.010135,-0.084339,0.993850,-0.162028
0.107545,-0.057459,0.014041,0.309449,0.351123,-0.771919
0.123432,-0.062353,0.014301,0.867549,0.270700,0.095299
0.119532,-0.045045,0.014031,0.321998,0.095795,-0.265517
0.108388,-0.059153,0.016562,0.104251,-0.076530,-0.714006
0.116555,-0.065692,0.016428,0.129213,0.008551,-0.845205
0.115163,-0.062938,0.034616,0.312987,-0.462134,-0.180863
0.127482,-0.063959,0.027654,0.102097,-0.947085,0.351638
0.137838,-0.065209,-0.004511,-0.154235,0.732266,0.099524
0.120425,-0.082058,0.012075,0.343199,0.787752,-0.612700
0.128188,-0.077078,0.031336,0.137557,0.028439,-0.468745
0.138465,-0.062672,0.021850,0.265441,0.188130,0.553734
0.132012,-0.083223,-0.006848,0.076996,0.522719,0.311153
0.137503,-0.077827,-0.008883,-0.058896,0.592490,-0.132357
0.118147,-0.090576,0.030184,0.285914,-0.126265,-0.327341
0.142575,-0.086036,0.020632,0.148823,-0.183908,0.449826
0.135373,-0.074341,0.009515,0.078930,0.260288,-0.193975
0.125181,-0.100817,-0.000211,-0.093930,0.847824,-0.296400
0.140592,-0.083821,0.017222,0.279585,0.072857,0.046375
0.134477,-0.079127,0.029443,0.062281,-0.870581,0.321161
0.143448,-0.082918,0.009292,-0.369500,0.186791,0.270487
0.138498,-0.082432,-0.005588,-0.308588,1.040346,0.043680
0.135481,-0.096028,0.007378,0.304679,0.319165,-0.141676
0.143267,-0.080345,0.003249,0.594801,0.140882,0.616088
0.134497,-0.076809,0.005602,-0.082632,0.256657,0.937790
0.135885,-0.085912,-0.000060,-0.584835,0.476292,0.078159
0.137539,-0.087947,0.005550,0.178762,0.574440,-0.321921
0.143559,-0.092263,0.015226,0.835801,0.583394,0.494362
0.140474,-0.068055,-0.006326,0.127474,0.526562,0.485749
0.124580,-0.081237,0.002927,-0.354857,0.854087,0.096947
0.128011,-0.070734,0.024279,-0.021710,0.603358,-0.087076
0.125499,-0.080285,0.036890,0.423097,-0.870542,0.180357
0.143041,-0.079156,0.008675,0.050074,0.053901,0.986436
0.128523,-0.070225,-0.006881,-0.069853,0.834888,-0.034781
0.119995,-0.080167,0.004480,0.211350,0.535884,-0.374644
0.133262,-0.066118,0.025205,0.225028,0.123817,0.445227
0.135711,-0.060085,0.020846,0.191524,0.038562,0.400779
0.138065,-0.071242,-0.019955,0.287621,0.936171,0.640910
0.133262,-0.066151,-0.019397,0.416735,1.058478,-0.052660
0.110295,-0.076360,0.028057,0.367893,-0.008981,0.086604
0.131831,-0.058854,0.014133,0.352744,0.138568,0.666667
0.124052,-0.057722,0.000416,0.128672,0.105005,0.562124
0.127587,-0.071935,-0.009441,0.200216,1.007052,0.356814
0.132366,-0.066778,0.025487,0.469487,0.690491,0.213132
0.109419,-0.070100,0.032873,0.376864,-0.693195,0.545951
0.132081,-0.046004,-0.007984,0.096645,0.843662,0.547455
0.127397,-0.047491,0.001177,0.074906,1.811030,-0.094072
0.121163,-0.064891,0.027700,0.589690,-0.245500,0.071235
0.114136,-0.052608,0.038495,0.427935,-1.112963,0.325191
0.108460,-0.052828,0.012354,0.300708,0.518527,0.504366
0.120041,-0.044149,-0.010009,0.225684,1.919084,0.174494
0.112153,-0.058785,0.035623,0.375206,0.152332,0.675309
0.123208,-0.049132,0.023590,0.339772,0.810700,0.401865
0.118235,-0.047451,0.019973,0.538455,0.689375,0.592371
0.113637,-0.060249,0.002615,0.575684,0.888881,0.146807
0.114146,-0.053596,0.022297,0.947272,0.478179,0.242513
0.111772,-0.046204,0.041381,0.347528,0.221650,0.877756
0.129488,-0.061057,0.004420,0.413771,0.861535,0.473859
0.123143,-0.054075,-0.016607,0.561540,1.974223,0.265398
0.098524,-0.067359,0.035292,0.775476,0.225999,0.055233
0.111910,-0.041093,0.016802,0.581294,-0.876985,0.620994
0.104193,-0.043729,0.020189,0.031820,-0.416275,0.724621
0.120694,-0.061362,-0.015379,0.369626,1.408081,0.316447
0.107843,-0.052618,0.014632,0.692824,0.926068,-0.348773
0.105985,-0.071899,0.017947,0.590993,0.080128,0.644858
0.119023,-0.057144,-0.009385,0.200715,0.229285,1.052369
0.114132,-0.064907,-0.006953,0.023342,1.871804,0.755046
0.116125,-0.063410,0.017885,0.401262,-0.119185,0.302188
0.122293,-0.065862,0.022894,0.490216,0.259877,1.068926
0.126950,-0.066322,0.002579,0.014535,0.689063,1.403033
0.129796,-0.067087,-0.034775,0.100807,2.001332,0.671649
0.111227,-0.084129,0.031018,0.844352,0.763515,0.428069
0.123832,-0.075500,0.027998,0.673849,-0.494857,0.778427
0.124278,-0.075746,0.005993,-0.083951,-0.112354,1.132182
0.134342,-0.083181,-0.033462,-0.199296,1.792041,1.615367
0.126021,-0.083450,0.007982,0.785350,1.293701,0.216313
0.117677,-0.090402,0.031126,0.789066,1.005194,0.689549
0.132123,-0.079849,0.007539,0.055024,0.046660,1.335241
0.139059,-0.085596,-0.012980,-0.146600,1.194197,1.556224
0.123333,-0.099018,-0.009664,0.835502,1.236088,0.049532
0.131362,-0.089187,0.001479,1.149897,0.470124,0.802248
0.110079,-0.083479,0.027466,-0.209754,-2.981166,1.340368
0.135501,-0.091042,-0.024570,-0.156145,1.703789,0.899067
0.134306,-0.086401,-0.006008,0.251711,1.560859,0.728255
0.122017,-0.097764,0.006075,0.444085,0.344682,0.645984
0.140625,-0.088058,-0.003356,0.673708,0.048016,1.213558
0.127196,-0.084674,0.011278,-0.338934,-0.261692,1.248565
0.134001,-0.089460,-0.000762,-0.513327,0.649234,0.897498
0.134595,-0.093103,0.014432,0.132900,0.470167,0.872332
0.132104,-0.100696,0.014740,0.399342,0.111793,0.931885
0.142338,-0.089401,0.003232,0.251077,0.280846,1.186721
0.130485,-0.089654,0.004381,-0.400474,0.306993,0.873326
0.133896,-0.082642,-0.001373,-0.334421,0.116691,0.304919
0.127794,-0.084392,0.033647,0.222733,-0.446050,0.589612
0.142128,-0.080210,0.006748,0.194019,0.332793,1.091897
0.140891,-0.077791,-0.011371,-0.187489,1.210028,0.425263
0.125847,-0.088665,0.011281,-0.719605,0.422374,0.238939
0.134149,-0.081392,0.024890,0.483471,0.272889,0.590682
0.130824,-0.065308,0.015850,0.330049,-0.009975,1.075737
0.133889,-0.080161,-0.001921,-0.167696,0.653977,0.649218
0.134076,-0.068452,-0.008158,-0.210072,0.617099,0.178499
0.128309,-0.084599,0.006807,0.696176,0.269176,0.377957
0.134835,-0.056914,0.000258,0.773668,0.431033,0.815873
0.124912,-0.064661,-0.002190,-0.157563,0.616114,0.586093
0.128578,-0.058195,-0.006835,-0.230213,0.910581,0.261026
0.119138,-0.061930,0.028221,0.167543,-0.095407,0.058197
0.127597,-0.060538,0.025280,0.308119,0.289249,0.304978
0.136919,-0.039350,-0.003681,-0.008291,1.918313,0.501231
0.124978,-0.059481,0.005175,0.039534,0.180301,0.536321
0.124052,-0.056340,-0.017546,0.358285,0.820725,-0.202779
0.107111,-0.052273,0.037435,0.709509,-0.235882,-0.189463
0.123816,-0.038136,0.024972,0.275620,0.273398,0.422321
0.112097,-0.036379,0.010270,-0.271090,0.616839,-0.151456
0.112222,-0.058700,0.018876,0.031078,0.674285,-0.104198
0.115760,-0.038454,0.026206,1.004443,0.609693,-0.243833
0.103688,-0.041349,0.024726,0.171655,0.248061,-0.143358
0.117471,-0.041208,0.007214,-0.080879,0.696711,-0.034834
0.099306,-0.037400,0.005198,0.355196,0.982247,-0.536532
0.097513,-0.047212,0.016365,1.068995,0.535582,-0.460507
0.105099,-0.025905,0.010125,0.636649,0.181946,-0.055717
0.083865,-0.041717,0.025448,-0.400372,-0.677249,-0.486416
0.102910,-0.032539,0.014839,-0.086075,0.798693,-0.363364
0.095288,-0.027589,0.015850,0.926606,0.776234,-0.690617
0.080940,-0.043289,0.018811,0.822297,0.156733,-0.602076
0.103520,-0.020906,0.003039,0.038539,0.411444,-0.436227
0.094835,-0.024806,0.021335,-0.095286,1.338818,-0.735422
0.101721,-0.034801,0.024630,0.710855,2.002560,-0.679463
0.104400,-0.026883,0.008730,0.713258,1.620274,-0.354265
0.085933,-0.029073,0.008619,-0.178443,0.887315,-0.918185
0.094392,-0.029391,-0.004892,0.041681,0.692588,-0.862311
0.081016,-0.035329,0.033427,0.595031,0.209712,-0.627062
0.093666,-0.038851,0.032407,0.574368,0.558041,-0.577815
0.097389,-0.027090,0.011310,0.025580,1.167081,-0.111220
0.104840,-0.038211,-0.008401,0.163407,1.202702,-0.514192
0.095770,-0.028485,0.020025,0.448782,0.273414,-1.147095
0.077507,-0.040785,0.051707,0.518366,-2.254280,-1.026092
0.114553,-0.033432,0.006387,0.406822,0.710986,-0.674361
0.094530,-0.040433,0.015811,-0.087674,0.173145,-0.779879
0.101790,-0.042482,-0.007281,-0.016386,0.874937,-1.081299
0.107610,-0.047963,0.023035,0.969629,0.018959,-0.967289
0.104689,-0.039035,0.028435,0.548072,-0.063876,-0.534828
0.121068,-0.035424,-0.020569,0.097830,0.914766,-0.380360
0.109117,-0.037390,-0.003388,-0.351050,1.933737,-0.571749
0.119105,-0.053038,0.011300,0.164808,0.784421,-0.574391
0.112429,-0.047730,0.029462,0.179363,-0.800609,-0.205465
0.130998,-0.047901,0.000143,0.247755,0.451667,0.334247
0.125861,-0.048676,-0.000822,-0.237556,0.695014,0.129554
0.119857,-0.074479,0.004066,-0.211687,0.475711,-0.689148
0.129179,-0.067139,0.003285,0.798004,0.471788,0.201512
0.127603,-0.064766,0.027004,0.338974,0.027225,0.131718
0.133230,-0.056921,0.002881,-0.318613,0.735535,0.262877
0.126763,-0.063696,0.006475,-0.422147,-0.095650,0.042954
0.138889,-0.062219,0.017540,0.047783,0.207762,-0.053047
0.142739,-0.067458,0.007345,0.662167,0.770444,0.577516
0.138409,-0.076675,0.004155,0.131442,0.092755,0.710090
0.145348,-0.067054,-0.034128,0.014522,0.771101,0.215122
0.126809,-0.079951,0.014931,-0.297671,-0.673819,-0.038043
0.145023,-0.066296,0.010569,0.424298,0.148685,0.106013
0.146560,-0.075109,0.008921,0.257448,0.334901,0.405480
0.133853,-0.078736,-0.013758,0.111613,0.497664,0.711147
0.150328,-0.080689,-0.025368,-0.245749,0.662163,0.652021
0.132507,-0.082793,0.018079,-0.225093,-0.622980,0.166735
0.151529,-0.077042,0.006922,0.440566,0.599702,0.499450
0.147226,-0.076750,0.006446,0.300488,-0.367712,1.111218
0.138705,-0.091324,-0.011565,-0.126607,0.767349,0.588601
0.150564,-0.078080,-0.004462,-0.191113,0.365349,0.871692
0.145430,-0.085242,0.020081,0.924204,0.527409,0.521449
0.142476,-0.097705,0.016687,0.576019,0.392074,0.528053
0.145447,-0.075313,0.001207,0.097351,-0.180577,0.736452
0.140254,-0.076852,-0.007613,-0.291162,-0.120252,0.906620
0.141649,-0.092158,-0.000319,0.609309,0.585029,0.425516
0.128634,-0.083194,0.023770,0.478711,-2.559799,0.492658
0.131647,-0.081776,0.030831,0.028649,-0.189866,0.724405
0.151618,-0.074823,-0.006970,0.107018,1.801005,0.897081
0.129429,-0.085974,0.018837,0.411664,0.544186,0.483435
0.129107,-0.093077,0.004512,0.771646,-0.023157,0.840111
0.140100,-0.068426,0.013083,0.209082,0.498580,0.894685
0.128299,-0.077374,0.005084,-0.025087,1.851627,0.697495
0.134408,-0.073238,-0.011634,0.608502,2.316620,0.019222
0.116309,-0.080312,0.025760,0.976637,-0.395800,0.276404
0.135452,-0.081021,0.015354,0.421344,0.344151,0.920560
0.137398,-0.061487,-0.008926,0.297268,1.827123,0.567468
0.117769,-0.078595,-0.003329,0.550045,2.415146,0.416134
0.112531,-0.072408,0.021499,0.959670,-0.581917,0.129610
0.109205,-0.060154,0.025362,0.450302,-0.479403,0.728232
0.122227,-0.059645,0.000997,-0.083955,0.202464,1.149487
0.115728,-0.062301,0.000442,0.467945,1.055553,0.307761
0.115869,-0.072824,0.007286,1.088247,1.092409,0.124385
0.120592,-0.044051,0.010536,0.622012,0.652956,1.098730
0.097750,-0.061658,0.017737,0.020210,-0.384557,0.812029
0.115606,-0.055083,-0.016745,0.133366,2.336417,0.166797
0.103517,-0.059540,0.026183,0.941459,0.148826,0.389855
0.114165,-0.059147,0.020718,0.564783,-0.976000,1.307330
0.119742,-0.050432,-0.009438,0.075526,0.763912,1.003018
0.099995,-0.061132,-0.011975,-0.092932,2.052374,0.375369
0.111214,-0.048295,0.005645,0.418245,0.786787,0.567769
0.098935,-0.048173,0.022005,0.500378,-0.337953,0.708021
0.117067,-0.044326,0.010010,0.161079,0.112220,1.502050
0.117651,-0.046335,0.004138,0.058273,0.741710,1.164225
0.090315,-0.064083,0.006269,-0.076631,0.612001,0.040055
0.104594,-0.051689,0.025881,0.668541,0.815089,-0.054660
0.112501,-0.028633,0.018295,0.691521,0.216461,1.027747
0.109823,-0.042022,-0.021055,-0.470728,0.596974,0.651967
0.122489,-0.044494,-0.004948,0.204989,0.904456,0.845339
0.105959,-0.057230,0.003088,0.551729,0.590435,0.502840
0.110456,-0.054400,-0.006599,1.011477,0.375793,0.283399
0.099785,-0.051091,0.020271,-0.027273,0.148278,0.859437
0.118839,-0.046791,-0.001084,-0.367272,1.056384,0.958081
0.112711,-0.042189,0.008773,0.231639,0.379502,0.795210
0.120156,-0.053711,0.016224,0.595494,-0.313906,1.102472
0.118347,-0.031695,-0.003500,0.263564,1.657336,0.384504
0.113299,-0.051971,-0.008210,-0.074974,1.695310,0.059769
0.107318,-0.053770,-0.019899,0.519820,0.418321,0.294126
0.109330,-0.055024,0.036099,0.432110,-0.657889,0.784808
0.125174,-0.048685,0.006449,-0.356331,0.851973,0.778683
0.121091,-0.058277,0.001397,-0.235515,0.901650,0.535612
0.130167,-0.065301,-0.011887,0.131879,0.888566,0.707441
0.124058,-0.055283,0.016493,0.614791,0.382939,0.226524
0.109140,-0.066627,0.011839,0.445604,-0.221820,0.275245
0.124580,-0.073179,-0.006060,-0.315255,0.451565,0.482597
0.117638,-0.054692,0.005271,0.206525,0.827929,0.003965
0.118734,-0.074531,0.017905,0.867936,0.142478,-0.211278
0.121495,-0.050487,0.011314,0.274314,-0.277169,0.177731
0.116378,-0.068695,0.009649,-0.140731,-0.232623,0.283002
0.114861,-0.076268,-0.015773,0.255597,0.497979,-0.463113
0.120802,-0.064129,0.023784,0.930279,0.364892,0.122281
0.133975,-0.064503,0.018952,0.226538,0.379906,0.738454
0.117874,-0.067037,-0.005666,-0.208730,-0.143876,-0.065964
0.126556,-0.081024,0.000478,0.343370,0.517805,-0.204666
0.131733,-0.060043,-0.000690,0.699553,0.427495,-0.038237
0.112248,-0.052372,0.015748,-0.032335,-0.156946,-0.285671
0.131881,-0.067471,-0.009369,-0.323540,0.989068,0.282556
0.126195,-0.063135,0.004013,0.241204,0.585321,-0.124355
0.112445,-0.072513,0.034954,0.713757,0.166016,0.318695
0.131762,-0.062285,0.020498,0.208491,0.633179,0.248970
0.123914,-0.061142,-0.001714,-0.256834,0.200249,0.073257
0.134329,-0.080781,0.004007,-0.147788,0.520427,0.276871
0.134595,-0.058129,-0.005499,0.817974,0.952314,0.518566
0.111352,-0.070343,0.027716,0.501833,-0.259742,-0.132365
0.133732,-0.057988,0.003242,-0.184653,1.199101,0.034236
0.119532,-0.054029,0.002152,-0.331546,-0.180672,-0.632001
0.117238,-0.083512,0.011090,0.368116,0.504603,-0.503303
0.123304,-0.051173,0.009682,0.907772,0.187854,-0.131718
0.113328,-0.069289,0.011113,-0.205221,-0.315262,-0.418002
0.129015,-0.067349,-0.003280,-0.226931,0.477211,-0.084493
0.133236,-0.053642,0.007614,0.240416,0.505542,0.030553
0.109951,-0.060302,0.031878,0.775325,0.315807,-0.087382
0.126048,-0.058257,0.008888,0.078670,0.220846,0.410800
0.125975,-0.057771,-0.000589,-0.291969,0.766377,-0.455202
0.105972,-0.060824,0.017222,0.272003,0.314678,-0.752877
0.122608,-0.048318,0.017652,0.486976,0.769164,-0.060657
0.119072,-0.056547,0.004644,-0.149026,-0.292925,0.440812
0.109882,-0.063785,-0.002368,-0.187545,0.219858,-0.313618
0.122841,-0.041241,0.001420,0.529093,0.580237,-0.158680
0.097858,-0.047957,0.034629,0.227414,-0.564586,-0.135080
0.121449,-0.047346,0.003836,0.127612,0.065002,-0.178647
0.112517,-0.029201,-0.009120,-0.438622,0.991142,-0.410926
0.097595,-0.054873,0.009472,0.111147,0.646184,-0.635780
0.104429,-0.039488,0.022484,0.477083,-0.124112,-0.217761
0.108785,-0.036412,0.011005,0.147362,0.312541,0.342102
0.109219,-0.068154,-0.001169,-0.014600,-0.101608,0.053362
0.111076,-0.044520,-0.005791,0.216510,1.064557,0.100504
0.090535,-0.051676,0.033582,0.484810,-0.282546,-0.806142
0.110449,-0.043673,0.019592,0.345349,0.190178,-0.008312
0.107837,-0.032070,-0.001570,0.055362,0.815958,-0.122853
0.096296,-0.053563,0.004640,0.067550,0.892679,-0.487016
0.101626,-0.040949,0.036999,0.141178,0.326967,-0.829713
0.116023,-0.028098,0.023961,0.615421,0.412343,0.019887
0.106711,-0.051686,0.003912,0.287319,0.660496,-0.224903
0.106038,-0.047825,-0.026100,0.031049,0.797111,-0.171012
0.092590,-0.049627,0.017051,0.183846,0.859687,-0.245911
0.119584,-0.028653,0.024831,0.352232,0.937402,0.737967
0.106255,-0.049020,0.000816,-0.096910,0.397966,-0.246797
0.098928,-0.059035,-0.000543,0.024514,0.672165,-0.795277
0.105004,-0.044346,0.007650,0.570665,0.168235,-0.064753
0.101593,-0.049949,0.035771,0.514496,-0.110900,-0.250589
0.108559,-0.054896,-0.001957,0.197895,0.672939,0.220336
0.118255,-0.044671,-0.007669,-0.059530,0.887263,0.289018
0.093781,-0.064710,0.011694,0.338308,0.564579,-0.885327
0.103533,-0.054180,0.013838,0.697991,0.544127,-0.039052
0.106973,-0.061431,0.024578,0.345099,0.036905,0.155295
0.113312,-0.069677,-0.002824,0.032825,0.102360,0.036277
0.114415,-0.067254,-0.026188,0.271770,0.834521,-0.145865
0.097868,-0.072650,0.034790,0.732388,0.273870,-0.323987
0.124492,-0.075106,0.008094,0.699859,1.470559,0.619160
0.118406,-0.065331,0.003544,-0.129082,0.215197,0.298610
0.113870,-0.073921,0.006741,0.071255,1.721038,0.140170
0.124728,-0.071216,0.019474,0.481613,1.441558,0.128635
0.115705,-0.066946,0.023731,0.705550,-0.324170,0.399332
0.126589,-0.091337,0.011327,0.478918,1.998851,0.720840
0.131349,-0.081319,-0.005460,-0.156910,0.781887,0.933063
0.126005,-0.080752,0.005510,0.400468,0.457667,0.778526
0.113486,-0.111823,0.038994,0.659731,-3.424722,0.591473
0.130167,-0.091049,-0.001025,0.277698,0.237219,1.018354
0.131582,-0.077574,-0.002112,-0.014945,1.591566,0.767641
0.135865,-0.099672,-0.023375,0.737610,2.636970,0.280987
0.147078,-0.087851,-0.012793,1.508130,4.982807,0.702363
0.121252,-0.105938,0.023711,0.231563,0.372147,0.875115
0.142883,-0.103302,0.011438,-0.448016,-0.605163,1.719546
0.135209,-0.098706,-0.016771,0.196261,0.953053,0.289377
0.129008,-0.104556,0.016451,0.824273,-0.453689,0.889578
0.143871,-0.101631,0.018056,0.575106,-0.775939,1.234845
0.135662,-0.085413,0.008642,-0.302729,-0.480824,1.676729
0.134454,-0.098766,-0.010777,0.195781,1.051834,1.207009
0.136998,-0.106492,0.000810,0.939303,0.348992,0.731062
0.132632,-0.086561,0.030063,0.425312,-0.580240,1.175307
0.141866,-0.105954,-0.009809,0.444137,2.174044,1.590008
0.137169,-0.097751,-0.023552,0.388017,1.655183,1.296360
0.129927,-0.094462,0.024046,0.395511,-0.492182,0.954514
0.134815,-0.101395,0.009580,0.743194,-0.268999,0.752667
0.146622,-0.104008,-0.010948,0.347591,1.293435,1.257159
0.146471,-0.110530,0.004788,0.010606,0.910788,1.906556
0.155222,-0.094498,-0.002052,0.498281,0.664116,1.880924
0.124951,-0.097817,0.012850,0.644865,0.629999,0.518343
0.127777,-0.114334,0.008832,-0.119277,-0.056668,1.916827
0.137471,-0.093126,0.007539,-0.317539,0.883531,1.136076
0.126208,-0.100433,0.013913,0.366291,0.748577,0.563940
0.116860,-0.101749,0.018903,0.856605,0.219037,0.563378
0.129195,-0.097574,0.008871,0.518084,0.610159,1.270876
0.132094,-0.085872,-0.001760,-0.162878,0.629605,1.406256
0.130282,-0.089184,0.004795,0.641707,0.606631,0.981972
0.117382,-0.085029,-0.005381,0.896595,1.000819,0.828504
0.113144,-0.080807,0.008199,-0.056723,0.540644,1.259964
0.125526,-0.079225,-0.005949,0.060545,0.366927,0.772617
0.124206,-0.080459,0.000488,0.621976,0.584484,0.745560
0.104456,-0.072742,0.026725,0.700670,0.276641,0.407229
0.126195,-0.088472,-0.000651,0.460648,1.054007,1.746327
0.121459,-0.072559,-0.014723,-0.137613,0.678802,0.703033
0.093837,-0.062606,0.015692,0.154495,0.534076,0.442646
0.094425,-0.074787,0.032003,0.523188,-0.523450,-0.017699
0.097835,-0.066529,0.016634,0.680663,-0.869603,0.101099
0.082148,-0.054886,0.032669,-0.234635,-1.276432,0.133197
0.101751,-0.065015,0.000892,0.313306,1.076781,0.043758
0.100215,-0.058362,0.012824,0.789407,0.839388,-0.303991
0.092042,-0.060450,0.028455,0.675926,-0.795712,0.723636
0.099460,-0.043433,0.020455,-0.220438,-0.085452,0.338790
0.093716,-0.057312,-0.000864,0.335419,1.239882,-0.454763
0.077546,-0.066273,0.019651,1.079236,0.634660,-0.491783
0.098836,-0.053625,0.023892,0.753897,0.228990,-0.287542
0.106330,-0.039849,0.007841,0.303616,0.286225,0.555923
0.080983,-0.056724,-0.003182,0.128823,0.740315,-0.153212
0.094789,-0.049211,0.012968,0.574342,0.859195,-0.388737
0.103990,-0.043030,0.032823,0.807457,0.872626,0.137162
0.106547,-0.049411,-0.003103,0.415432,0.832863,0.223556
0.106881,-0.042514,-0.009605,0.053731,0.581445,0.071228
0.094713,-0.046972,0.012508,0.719947,0.324082,-0.162862
0.098331,-0.055152,0.016264,1.062896,0.490633,0.427360
0.102513,-0.039143,-0.002033,0.602754,-0.019127,-0.113931
0.104974,-0.041950,0.009118,0.053878,0.500316,-0.181677
0.104239,-0.070025,0.001328,0.763584,1.570341,-0.170277
0.107876,-0.052440,0.015092,0.844151,0.293962,0.227912
0.115560,-0.045383,0.014373,0.362060,0.853867,0.790450
0.109589,-0.067126,-0.002545,0.166141,0.583339,0.254346
0.103845,-0.052181,-0.004944,0.565866,0.636084,-0.158542
0.108779,-0.056005,0.031327,0.596941,0.370079,0.312511
0.122522,-0.059458,0.008028,0.463599,0.465991,0.909823
0.123215,-0.050615,0.008054,-0.113674,0.105439,0.618030
0.106048,-0.072109,0.004913,0.450600,0.775755,-0.689539
0.122480,-0.063420,0.012528,1.013256,1.358483,0.013543
0.123740,-0.057036,0.025622,0.183095,0.605019,0.557627
0.127331,-0.063404,0.003984,0.229203,0.370164,0.652237
0.117451,-0.060752,-0.009211,0.428867,0.750037,-0.348628
0.107636,-0.067257,0.037872,0.443855,0.461911,-0.377297
0.125365,-0.062235,0.029292,0.213080,0.434730,0.156425
0.121446,-0.053058,0.012558,-0.035076,0.360619,0.095430
0.107019,-0.068885,-0.001045,-0.084250,0.604642,-0.260209
0.121350,-0.064083,0.008169,0.256011,0.641123,-0.053317
0.125995,-0.065820,0.015623,0.538179,0.980638,0.178404
0.121833,-0.070681,0.020137,0.071150,-0.192636,0.534627
0.125542,-0.060062,-0.034985,-0.217757,0.850953,-0.043939
0.116945,-0.075316,0.007437,0.476456,1.043615,-0.302986
0.125142,-0.080249,0.021230,0.673310,0.624582,-0.095105
0.139099,-0.062081,0.013812,0.676869,0.080269,0.586263
0.121561,-0.065954,0.000314,-0.228720,-0.113490,0.437434
0.130302,-0.076287,-0.003372,0.193838,1.398102,0.048922
0.116637,-0.077489,0.001204,0.287765,0.571738,-0.622222
0.115803,-0.074909,0.029196,0.328077,-0.129666,-0.047244
0.131851,-0.069788,0.002618,-0.249265,-0.158007,0.559797
0.131086,-0.066568,-0.023352,-0.202566,1.634792,0.042186
0.119460,-0.086378,0.006935,0.342487,0.232584,-0.384285
0.119138,-0.069801,0.020967,0.474851,-1.043855,0.106902
0.123372,-0.061717,0.020488,-0.136795,-0.832203,0.524120
0.128939,-0.076113,-0.017040,-0.256046,1.637057,0.317596
0.122972,-0.078431,-0.015103,0.503063,0.525876,-0.574305
0.106553,-0.072289,0.045727,0.110523,-1.420508,-0.148084
0.128634,-0.068846,0.016090,0.217436,-0.138105,0.197577
0.127968,-0.053547,0.000859,-0.218689,0.219310,0.550140
0.112357,-0.075381,0.010066,-0.251930,0.755617,0.000243
0.117933,-0.066004,0.020134,0.204270,0.337307,-0.218076
0.126550,-0.056855,0.020504,0.178105,-0.114025,-0.023082
0.118564,-0.069142,0.003685,0.087704,0.521005,-0.094190
0.123609,-0.058316,-0.018898,-0.116500,0.975570,-0.104864
0.111277,-0.072549,0.024913,0.088925,-0.022796,-0.470974
0.121137,-0.058454,0.020028,0.573321,0.130060,-0.037574
0.121403,-0.045800,0.003216,0.123814,0.945772,-0.009680
0.106317,-0.059183,0.012417,-0.206764,0.049361,-0.088265
0.122588,-0.050799,0.014202,-0.016153,0.571620,0.050356
0.118531,-0.056012,0.029032,0.636718,0.462105,-0.205596
0.115646,-0.056468,0.016001,0.476709,0.412767,0.173851
0.126376,-0.041313,-0.008634,-0.248172,0.786531,-0.230415
0.113985,-0.045912,0.007956,-0.073841,0.789230,-0.190618
0.114457,-0.046906,0.017892,0.746171,0.424712,-0.095503
0.122785,-0.043519,0.010280,1.034894,0.453459,0.447478
0.112035,-0.045341,0.015781,0.014062,0.033143,0.085057
0.128017,-0.042554,-0.005538,-0.071537,1.245941,0.000807
0.114530,-0.039327,0.002175,0.715864,0.561734,-0.684392
0.098843,-0.043030,0.034350,0.810792,0.054502,0.078036
0.120750,-0.041001,0.017429,0.288730,0.390256,0.485446
0.127630,-0.030888,-0.001357,-0.150680,0.650074,0.091021
0.105677,-0.052401,0.011484,0.183177,0.675749,0.001798
0.123983,-0.039865,0.027703,0.774199,0.688748,0.380185
0.121245,-0.034230,0.026925,0.495639,0.233900,0.569220
0.110459,-0.054837,0.016917,0.226039,1.001984,0.054009
0.126297,-0.039714,0.006127,0.192630,2.181154,0.533586
0.122919,-0.037899,0.015449,0.916611,1.377912,0.169646
0.109343,-0.055880,0.033624,0.969452,-0.128685,0.450357
0.122427,-0.033468,0.022100,0.189755,-0.513550,0.249839
0.123353,-0.036347,0.007749,0.016747,0.682455,0.334391
0.121446,-0.050819,0.004447,0.824069,1.145715,0.073027
0.123724,-0.045029,0.009666,0.846328,0.298584,0.305936
0.115757,-0.047934,0.020770,0.624146,0.263363,0.797035
0.126363,-0.058822,0.004453,-0.011554,0.726112,0.720597
0.116591,-0.061756,-0.004193,0.649447,0.824293,-0.180292
0.108162,-0.059632,0.032889,0.775168,0.357349,0.462689
0.131244,-0.054958,0.031688,0.240826,0.264174,1.137250
0.131267,-0.050783,0.007559,0.024963,0.032168,0.154780
0.110738,-0.065347,0.001207,0.478540,0.836589,0.265345
0.127958,-0.059012,0.019201,0.580043,0.734291,0.270043
0.126336,-0.063617,0.022572,0.582679,-0.656005,0.888546
0.130334,-0.063210,0.009032,-0.014938,0.479788,0.951093
0.126350,-0.071636,-0.000411,0.126479,0.805980,0.446159
0.123386,-0.068282,0.023702,0.397484,0.467403,0.262316
0.121360,-0.076245,0.026538,0.256992,-1.574287,0.731744
0.137723,-0.071144,-0.014470,0.291067,0.134170,0.920216
0.121006,-0.072618,-0.011371,-0.162018,1.666094,0.428312
0.131316,-0.080939,0.006938,0.112939,0.506477,0.508690
0.137740,-0.075549,0.030949,0.300022,-0.307010,0.704875
0.119309,-0.083985,0.010112,0.083529,0.173011,1.565855
0.129373,-0.082655,-0.015044,-0.474499,0.711262,0.811186
0.131818,-0.078221,-0.010347,-0.175183,0.485312,0.558530
0.123510,-0.099087,0.010641,0.454854,0.167592,0.615212
0.135675,-0.082563,-0.001531,0.337629,0.055076,0.972544
0.127945,-0.074246,-0.013961,-0.184597,0.560129,1.078603
0.137599,-0.094344,-0.012005,-0.099444,0.913956,0.589861
0.133761,-0.086397,0.013490,0.485194,-0.024398,0.660739
0.123661,-0.091003,0.021259,0.400212,0.031597,1.290268
0.134319,-0.076481,-0.003851,-0.313965,0.336486,0.902261
0.129622,-0.081897,-0.012031,-0.433820,0.349071,0.624153
0.125020,-0.094810,0.015971,0.069700,0.380668,0.646618
0.136020,-0.074567,0.001988,0.536393,0.414572,1.144390
0.132727,-0.074804,-0.009763,-0.334414,0.467925,1.507224
0.128654,-0.089676,-0.013370,-0.643958,0.504101,0.877524
0.129757,-0.074439,0.002277,-0.002035,0.148698,0.886321
0.122036,-0.077131,0.025202,0.501238,-0.169433,1.050249
0.132071,-0.082298,-0.001816,0.265326,0.307509,1.200490
0.126504,-0.071242,-0.015064,0.237409,0.668252,0.576646
0.114260,-0.082166,0.010854,0.284286,0.373788,0.642239
0.127177,-0.074617,0.021463,0.393558,0.360061,1.008316
0.128224,-0.063732,0.001086,-0.029325,0.380953,1.212395
0.109068,-0.076278,0.002894,-0.478271,0.255558,-0.021513
0.125893,-0.069191,0.003380,0.076698,0.503388,0.502430
0.122411,-0.059048,0.021427,0.492392,0.144066,0.172479
0.106468,-0.063982,0.009157,0.289856,-0.159858,0.566289
0.123428,-0.056268,0.000101,-0.156982,0.865904,0.529913
0.113029,-0.057965,0.005783,-0.138945,0.104001,0.260350
0.114923,-0.063325,0.008894,0.686056,0.715220,0.352360
0.116922,-0.049102,0.004933,0.620181,0.644904,0.776221
0.107975,-0.045751,0.020032,-0.119907,0.005209,0.234612
0.113614,-0.058500,-0.005158,-0.166137,0.800958,0.411752
0.118531,-0.033054,0.005356,0.485095,0.627648,0.207200
0.100379,-0.035841,0.038184,0.621481,0.049105,0.185253
0.115301,-0.034909,0.017908,-0.058210,0.351661,0.475145
0.109888,-0.033264,0.001020,-0.359453,0.727526,0.416770
0.109609,-0.048948,-0.001649,0.789299,2.243041,-0.041176
0.099155,-0.031577,0.012351,0.850237,-0.428210,-0.296126
0.103780,-0.025692,0.034813,0.306836,-1.205305,-0.006008
0.107597,-0.037413,0.013533,0.020499,-0.467245,0.111658
0.103789,-0.032086,-0.010167,0.266935,1.164468,-0.068568
0.090482,-0.034958,0.029469,0.728294,0.027028,-0.259865
0.098531,-0.038313,0.034474,0.386136,-1.553945,-0.028335
0.103635,-0.028249,0.005057,-0.000788,-0.165950,-0.130803
0.087472,-0.032454,0.012787,0.143929,0.451854,-0.292854
0.094192,-0.038871,0.028632,0.377070,1.076988,-0.763542
0.103481,-0.028072,0.033145,0.690606,-0.048678,-0.308012
0.097635,-0.038034,0.028077,0.242727,-0.191665,-0.130232
0.105893,-0.029539,-0.001307,0.032651,0.549385,-0.621856
0.086514,-0.038205,0.033618,0.498514,0.303721,-1.081220
0.103077,-0.039137,0.025769,0.705997,0.193109,-0.220065
0.098810,-0.023207,0.018118,-0.297881,-0.688491,-0.271813
0.096020,-0.040440,0.015587,-0.091022,0.674147,-0.510827
0.103064,-0.041618,0.027549,0.551020,0.866922,-0.810740
0.106379,-0.035753,0.037205,0.829410,0.789991,-0.357839
0.102844,-0.045134,0.021936,0.226919,0.285671,-0.150527
0.109560,-0.036754,-0.013827,0.006851,2.232350,-0.299041
0.110765,-0.042275,0.015453,0.388346,1.015504,-0.484781
0.097802,-0.054115,0.027595,0.408769,-1.024741,-0.494103
0.107610,-0.041933,0.004148,0.340376,0.041690,0.033720
0.096092,-0.057604,0.006955,-0.219644,0.173503,-0.544098
0.110788,-0.051886,0.007355,0.140344,1.165440,-0.217682
0.112892,-0.044848,0.025881,0.340957,0.078962,-0.055441
0.101725,-0.052349,0.021017,0.311540,0.035296,0.223169
0.109652,-0.046828,-0.007777,-0.213381,0.320570,-0.036639
0.110065,-0.054745,0.009298,-0.121804,0.424462,-0.178273
0.109363,-0.070428,0.020042,0.561425,0.384758,-0.150628
0.116000,-0.057282,0.003081,0.535126,0.362079,-0.088541
0.118702,-0.052408,0.009108,-0.099848,0.362138,0.276046
0.119266,-0.070753,-0.004002,-0.047687,0.747973,-0.047999
0.120618,-0.059284,-0.007721,0.329925,0.525131,-0.054679
0.115258,-0.061920,0.023839,0.508276,-0.081070,-0.150933
0.121679,-0.072099,0.009666,0.283852,0.047044,0.589112
0.121636,-0.072066,-0.012592,-0.118643,0.341938,0.125494
0.111237,-0.073829,0.021341,-0.323185,-0.022918,-0.167168
0.124275,-0.078736,0.015246,0.491759,0.482135,0.327131
0.132632,-0.069808,0.010933,0.557151,0.932702,0.422447
0.111920,-0.077617,0.008908,-0.016372,0.303140,0.238968
0.126422,-0.072611,0.007673,-0.499803,0.420943,0.294898
0.117448,-0.079885,0.015948,0.365644,0.583158,-0.200038
0.119824,-0.088423,0.027749,0.932052,0.481990,0.255942
0.127075,-0.060361,-0.008223,0.198732,0.235788,0.621743
0.115074,-0.067211,0.016027,-0.665235,-0.511131,0.004815
0.121482,-0.090904,0.015935,0.484892,0.673822,-0.378435
0.121994,-0.077604,0.004532,1.133649,0.589339,0.028961
0.117060,-0.065688,0.022480,0.004464,-0.212098,0.509500
0.121071,-0.076609,0.004450,-0.396879,0.363970,0.496699
0.125398,-0.072509,0.003203,0.225425,0.756267,-0.048436
0.098117,-0.084224,0.035945,0.732476,-0.390400,-0.233900
0.120812,-0.059846,0.027224,-0.133194,0.191202,0.714561
0.117825,-0.067228,-0.007754,-0.745481,0.031187,0.116753
0.119049,-0.070366,0.008153,0.402247,1.176889,0.247840
0.116909,-0.066539,0.018571,0.783630,-0.395773,0.010710
0.102690,-0.072870,0.029889,0.490072,-0.726745,-0.050543
0.120471,-0.071918,0.008061,-0.051829,-0.215587,0.638103
0.111917,-0.067553,-0.006303,0.459801,0.503063,0.016271
0.106195,-0.072664,0.029495,0.643368,0.551148,0.193427
0.118675,-0.068039,0.025724,0.278020,-0.219398,0.191130
0.112416,-0.061510,0.009515,-0.094498,0.144657,0.578221
0.113775,-0.064901,-0.001557,0.400156,0.864663,0.350101
0.110774,-0.060624,-0.001895,0.844867,0.969622,0.240625
0.107929,-0.062626,0.036516,0.341197,0.240156,0.341012
0.117487,-0.059143,0.025582,-0.085799,0.244381,0.524274
0.111382,-0.055112,0.005523,0.101060,1.383141,0.135485
0.094526,-0.078070,0.008182,0.654420,0.821450,-0.337829
0.102086,-0.057387,0.031327,0.107543,-1.318211,0.144443
0.108684,-0.045360,0.018686,0.002774,-0.195302,0.917687
0.111040,-0.060036,-0.012986,0.380015,2.486184,0.296870
0.108762,-0.054213,-0.010715,0.468158,0.935840,0.105586
0.090883,-0.052995,0.034714,0.486543,-0.263265,0.470412
0.113896,-0.059924,0.013651,0.494145,0.086922,0.777692
0.105431,-0.048767,-0.007597,0.120676,0.248861,0.380841
0.086583,-0.058940,0.010506,-0.140396,0.540040,0.293436
0.110266,-0.046430,0.041039,0.090819,0.438110,0.633776
0.104393,-0.043299,0.021840,0.639524,0.058529,0.419308
0.106790,-0.061969,-0.003937,0.144129,1.008490,0.428423
0.106888,-0.053044,-0.014326,0.188668,0.635034,0.247410
0.094556,-0.069585,0.017705,0.537079,0.088511,0.258606
0.107141,-0.045981,0.022339,0.408611,0.254842,0.927787
0.100208,-0.062380,0.011425,-0.166370,0.145248,0.512605
0.108923,-0.057873,-0.005427,0.062137,0.720705,0.481947
0.110788,-0.051866,0.018486,0.657312,0.984574,0.219568
0.101298,-0.066269,0.005113,0.948431,0.522318,0.318701
0.110039,-0.045006,-0.003664,0.267447,0.180311,0.735988
0.097280,-0.066141,0.019576,0.074344,-0.072867,-0.199826
0.102460,-0.071272,0.020363,0.660588,0.884479,0.333791
0.113584,-0.053097,0.006223,0.575074,0.969380,0.495769
0.100136,-0.059416,-0.000634,-0.405039,0.182950,0.814983
0.111257,-0.058664,0.003679,-0.064654,0.305162,0.389021
0.113584,-0.053251,0.018174,0.326380,0.246449,0.764043
0.119338,-0.055963,0.007716,0.453144,1.293773,1.057877
0.116108,-0.047527,0.001076,-0.139004,0.519479,0.992058
0.094717,-0.065219,0.010296,-0.327505,0.154708,0.550195
0.111106,-0.054594,0.009863,0.258453,0.477414,0.959617
0.115321,-0.052283,0.008228,0.397307,0.544310,1.122715
0.099197,-0.075723,0.009587,-0.286688,0.193080,0.607513
0.102900,-0.066923,0.002963,-0.153966,0.200935,-0.060335
0.098465,-0.086680,0.019083,0.616029,0.175072,-0.372347
0.114904,-0.073612,0.010381,0.583096,0.278006,0.665925
0.109169,-0.060036,0.015216,0.114479,-2.190926,0.996486
0.096565,-0.088534,0.008034,-0.330246,0.674656,-0.300340
0.114848,-0.080722,0.005756,0.220600,0.907696,0.209620
0.133781,-0.071679,0.010506,0.957921,4.134021,0.291763
0.107965,-0.063447,0.029797,-0.136428,-1.113295,1.190727
0.118958,-0.082675,-0.021701,-0.193729,1.269017,0.090983
0.107929,-0.088705,0.007079,0.478416,0.900012,-0.724756
0.104837,-0.108452,0.010933,0.738089,-0.107523,-0.328588
0.122243,-0.059780,0.008688,0.407725,-1.302031,1.302189
0.115357,-0.067497,-0.007209,-0.363671,1.081170,0.759806
0.114887,-0.084277,-0.003838,-0.043774,1.035606,-0.330578
0.110784,-0.072168,0.033148,0.304496,-1.006986,0.485775
0.115275,-0.064789,0.024125,-0.034695,-0.723633,1.416261
0.123189,-0.072365,-0.005010,-0.506043,1.739896,0.109043
0.113135,-0.088157,-0.005033,0.157351,1.603652,-0.563014
0.118915,-0.061451,0.032045,0.884735,0.521586,1.379202
0.118738,-0.060456,0.019644,0.076498,-0.413564,1.138425
0.119624,-0.060131,-0.006684,-0.444596,0.408286,0.329258
0.108549,-0.072522,-0.003897,0.277114,1.311784,0.273273
0.107633,-0.079209,0.028714,0.461308,-0.717452,-0.328470
0.110893,-0.066578,0.024207,0.247946,-1.130734,0.727749
0.110886,-0.065793,0.001975,-0.075158,1.096692,0.748196
0.108073,-0.086624,-0.017460,-0.080511,2.019747,-0.736149
0.115163,-0.043854,0.036720,0.279280,-0.623886,0.565222
0.113381,-0.055391,0.029209,0.255023,-1.171197,0.605107
0.125568,-0.042537,-0.008913,0.115861,1.696397,0.637974
0.107318,-0.054613,0.011264,-0.317155,1.089047,0.043492
0.108336,-0.060000,0.005041,0.024901,-0.001529,-0.419384
0.134723,-0.033773,0.005287,0.306767,3.862839,1.324916
0.102568,-0.056353,0.014718,-0.120839,-0.050651,0.051084
0.111969,-0.054600,-0.002026,-0.330535,1.298713,-0.052904
0.098255,-0.051666,0.018154,0.301686,0.350026,-0.624373
0.091546,-0.059642,0.032643,0.523608,0.107628,-0.161402
0.115885,-0.024973,0.016569,-0.280051,0.190339,0.502662
0.107302,-0.033809,0.007854,0.136914,0.984988,0.095682
0.101449,-0.038313,0.013963,0.440169,0.584149,0.049314
0.097264,-0.031364,0.033178,0.176589,-1.191679,0.145441
0.107866,-0.031370,0.011511,0.061484,0.110996,-0.040897
0.100001,-0.046782,0.003213,-0.057291,0.767661,-0.244198
0.100793,-0.030711,0.013122,0.260570,0.687490,-0.534202
0.094044,-0.040528,0.040531,0.562538,0.033763,-0.208784
0.101121,-0.038464,0.022973,0.404187,0.363809,0.022093
0.098958,-0.024274,-0.002397,-0.337369,0.440438,-0.276960
0.089938,-0.034817,0.027690,-0.298672,0.279411,-0.652448
0.088874,-0.058621,0.028914,0.714384,0.465975,-0.895995
0.089117,-0.032966,0.015633,0.428818,0.206958,-0.031749
0.089452,-0.033507,0.007815,-0.040390,0.501304,-0.355243
0.105696,-0.047934,0.012613,0.094702,1.044607,-0.551559
0.096985,-0.040069,0.013926,0.776536,0.396164,-0.773560
0.084167,-0.027665,0.026800,0.087093,0.066509,-0.046356
0.105664,-0.039911,-0.001370,-0.208398,1.247330,-0.483888
0.093174,-0.041779,0.005077,-0.214891,1.121432,-0.722236
0.088500,-0.041556,0.031448,0.566523,-0.014055,-0.901681
0.094434,-0.038671,0.002530,0.710274,0.516229,-0.608802
0.092458,-0.034627,0.016021,-0.277582,-0.062478,-0.608290
0.101242,-0.044671,0.006298,-0.435743,0.941774,-0.596752
0.095938,-0.033324,0.009338,0.451286,0.377497,-0.216192
0.086796,-0.043240,0.034842,0.396913,-0.088317,-0.065295
0.102394,-0.037712,0.019037,-0.256713,-0.035641,-0.091994
0.094087,-0.038365,0.013500,-0.469697,0.145583,-0.181139
0.106383,-0.052660,0.006764,0.312662,0.416368,-0.238814
0.109061,-0.045088,0.009242,0.963251,0.320451,-0.502713
0.091526,-0.046585,0.022924,0.201473,-0.253903,0.203556
0.122450,-0.048633,0.001036,-0.204515,1.093105,0.264912
0.114556,-0.050780,0.006160,0.339841,0.427922,-0.406554
0.100789,-0.062179,0.021181,0.750517,0.670349,-0.030970
0.113906,-0.050796,-0.004478,-0.020151,0.808376,0.184725
0.110026,-0.057702,0.016621,-0.359975,-0.044221,-0.176491
0.114920,-0.067897,0.003321,0.685429,0.544251,-0.096415
0.112146,-0.060551,-0.013728,1.055619,0.547859,0.294178
0.099795,-0.058172,0.018414,0.052670,-0.002255,0.529467
0.111257,-0.072683,0.003794,-0.059957,0.597758,-0.020089
0.119660,-0.060135,0.002333,0.322513,0.779720,-0.146965
0.100747,-0.075634,0.033434,0.744526,0.140134,-0.201181
0.122782,-0.060624,0.018929,0.090848,0.546575,0.507993
0.125181,-0.062606,0.015170,-1.123874,-0.016195,0.258177
0.128063,-0.074626,-0.007462,0.662708,2.349464,0.745173
0.118462,-0.071311,0.003941,1.039575,0.981672,-0.156395
0.113394,-0.072906,0.030769,-0.059090,0.186200,0.301623
0.130745,-0.073589,-0.002594,0.065800,1.478555,0.556886
0.129373,-0.059560,0.002996,0.234294,0.850831,-0.037495
0.114589,-0.082183,0.019510,0.715969,0.171274,0.165524
0.123819,-0.062183,0.009492,0.733399,-0.654462,0.469346
0.115846,-0.068521,0.044296,-0.442147,-1.218044,0.322569
0.127682,-0.070691,0.001637,-0.574357,0.527741,0.545427
0.121324,-0.067796,0.013880,0.355239,0.658031,-0.126591
0.094477,-0.084054,0.052275,0.358360,-2.925660,0.445312
0.131897,-0.065925,0.025799,-0.234097,0.438055,0.994001
0.132695,-0.060138,0.002963,-0.068455,1.493424,1.004689
0.122237,-0.082616,0.004762,0.221388,1.013463,0.521222
0.123087,-0.074229,0.025553,0.752161,0.755686,0.283895
0.115557,-0.069476,0.028113,0.088249,-0.245641,0.659485
0.129251,-0.061763,0.007897,-0.193558,0.110316,0.542305
0.114310,-0.070963,0.009640,0.216421,0.629736,-0.121450
0.117700,-0.080404,0.017005,0.999037,0.394523,0.457185
0.124935,-0.060049,-0.030278,1.212274,-0.187082,0.702452
0.109002,-0.063266,-0.003510,-0.217645,1.217427,0.514131
0.119644,-0.073596,-0.029031,-0.218978,1.736571,0.509333
0.113161,-0.070274,0.016254,0.338242,0.309091,0.143643
0.106038,-0.073412,0.038535,0.379256,-0.378412,0.452228
0.118606,-0.049851,0.002884,0.165750,0.305237,0.991299
0.108129,-0.061618,-0.008808,0.091282,1.876261,0.388187
0.109695,-0.071416,0.008373,0.352524,0.640056,0.176306
0.108667,-0.057404,0.016454,0.785566,0.382595,0.568196
0.097494,-0.054252,0.015771,-0.121617,-0.013963,1.058527
0.106458,-0.063847,-0.009769,0.099278,1.521975,0.564986
0.109786,-0.058270,-0.015622,0.607724,1.702000,0.391650
0.084446,-0.069956,0.036185,0.555166,-0.712010,0.138055
0.112445,-0.058493,0.004102,0.613133,0.360553,1.103887
0.106051,-0.048525,-0.011050,0.198713,0.622383,0.756674
0.078866,-0.062885,-0.001383,0.107044,0.423891,0.227259
0.104646,-0.059087,0.012843,0.661175,0.832604,0.076940
0.104580,-0.048531,0.010500,0.633501,0.212742,0.707122
0.097819,-0.061877,-0.001639,0.202425,0.474345,0.385266
0.099699,-0.052503,-0.020165,-0.072551,0.670707,0.282886
0.085851,-0.051436,0.027338,0.411785,0.175739,0.040856
0.100678,-0.056983,0.013024,0.865061,0.605328,0.684230
0.101406,-0.053005,-0.023874,0.447810,1.440833,0.375156
0.078758,-0.058552,0.013664,-0.232170,0.159228,-0.284756
0.086422,-0.056478,0.035213,-0.082478,0.137478,0.073332
0.099877,-0.045032,0.016172,0.788445,0.964426,0.453724
0.087587,-0.057889,0.007440,0.174465,0.623319,0.476947
0.096946,-0.048577,-0.024547,-0.068586,0.727096,0.323789
0.086737,-0.051354,0.026908,0.198476,0.230286,0.649466
0.093079,-0.054492,0.030733,0.513209,0.467603,0.345620
0.092403,-0.049815,0.003990,0.193490,0.636855,0.133716
0.084334,-0.065363,0.010033,-0.088547,0.452212,-0.220039
0.096410,-0.044920,0.006042,-0.199963,0.551945,0.124157
0.091552,-0.055959,0.026482,0.866751,0.676734,-0.320111
0.094057,-0.064507,0.017560,0.731180,0.530846,0.157205
0.106704,-0.043217,-0.016902,0.057085,0.959549,0.577735
0.091953,-0.046059,0.003830,-0.293180,0.951192,0.183244
0.095764,-0.058631,0.019576,1.011556,1.047594,-0.184759
0.104538,-0.056717,0.010719,0.775332,0.704385,0.176634
0.097011,-0.047061,0.030224,-0.187719,-0.636012,0.385404
0.109947,-0.053501,-0.012477,-0.325946,0.589460,0.341432
0.104256,-0.059488,0.000570,0.594584,0.887381,-0.086099
0.085148,-0.061336,0.033821,0.427991,0.256368,0.272051
0.110850,-0.059678,0.019661,-0.092003,-0.387797,0.872659
0.111162,-0.054177,0.001177,-0.139562,0.661599,0.086088
0.093125,-0.069703,0.007746,0.412166,0.963753,-0.296310
0.107344,-0.065521,0.025389,0.339907,-0.415061,-0.248465
0.109379,-0.048561,0.016539,-0.254277,-1.088401,0.794327
0.108122,-0.061431,0.002211,0.092732,0.416384,0.196106
0.113643,-0.052700,0.005980,0.267660,0.659987,-0.230959
0.111316,-0.062623,0.018433,0.859651,0.578976,0.131166
0.100162,-0.070688,0.028724,-0.134553,-1.969433,0.384777
0.118068,-0.056849,-0.017017,0.249689,1.326860,0.340658
0.094746,-0.058894,0.022572,0.280918,0.382250,-0.453184
0.113210,-0.071859,0.019999,0.776320,-0.116736,0.221958
0.107564,-0.060171,0.021207,0.146827,-0.969307,0.377641
0.111283,-0.064677,0.014189,-0.382670,1.272483,0.706249
0.121383,-0.058802,0.015633,0.326147,2.169055,-0.142491
0.114142,-0.055145,0.029902,0.665997,-0.019366,0.254920
0.096863,-0.067389,0.016638,-0.129091,-0.009893,-0.063608
0.117497,-0.067083,-0.000096,-0.299758,1.306388,0.086259
0.105608,-0.060847,0.018279,0.481206,-0.005370,-0.173412
0.098140,-0.067261,0.028192,0.395882,-0.047365,0.358836
0.124058,-0.063719,0.003104,-0.203567,1.785125,0.414070
0.119673,-0.056540,-0.004327,0.027123,1.438785,0.155049
0.098718,-0.071856,0.019910,0.754111,0.153779,-0.276523
0.101705,-0.065081,0.043101,0.238266,-3.217981,-0.254996
0.117018,-0.045341,0.016516,-0.100574,-0.498175,0.666105
0.105572,-0.071879,-0.004048,0.050655,0.482276,-0.385431
0.109064,-0.063975,0.010726,0.778204,0.855699,-0.175204
0.102434,-0.056908,0.041653,0.606592,-0.806459,-0.359785
0.105736,-0.060095,0.011708,0.167979,-0.417644,0.336922
0.112560,-0.049270,-0.019463,-0.374191,1.083142,0.069958
0.106829,-0.052808,-0.005148,-0.255885,1.308918,-0.358673
0.099141,-0.058743,0.028691,0.570373,-0.559373,-0.286512
0.112389,-0.037535,0.014823,0.107753,-0.459380,0.329993
0.094572,-0.053881,-0.008499,-0.151317,1.125643,-0.300242
0.109836,-0.049690,-0.007258,-0.201978,1.439681,-0.051912
0.102552,-0.055674,0.024302,0.445004,-0.507028,-0.432912
0.087715,-0.055224,0.033345,0.245609,-0.851957,0.164469
0.109987,-0.034781,-0.010570,-0.351680,1.144603,0.116260
0.093108,-0.048790,-0.003910,0.176694,1.516687,-0.455837
0.094405,-0.052496,0.020114,0.690681,0.444298,-0.356356
0.097881,-0.044569,0.013956,0.606234,-1.258424,0.105487
0.097448,-0.039206,0.002664,0.006027,0.601139,0.319630
0.099260,-0.049982,-0.014762,-0.053218,2.083213,-0.309220
0.093469,-0.040981,0.004568,0.627757,-0.043804,-0.637559
0.085552,-0.044750,0.049597,0.144063,-1.486130,-0.123736
0.101810,-0.038881,0.008954,-0.069545,0.223521,0.239355
0.096479,-0.041881,-0.009825,0.100548,1.289834,-0.264198
0.069189,-0.051873,0.044998,-0.043538,-2.475736,-0.563960
0.101039,-0.040000,0.030893,0.518855,0.183978,0.004381
0.095800,-0.024855,0.016887,0.207716,-0.597784,0.125926
0.084124,-0.037456,0.002244,-0.297057,1.325504,-0.302455
0.098711,-0.042324,0.011071,-0.082405,0.905917,-0.510456
0.096168,-0.037893,0.018138,0.382463,0.371854,-0.333996
0.092632,-0.045885,0.034173,0.375101,-0.105094,-0.018051
0.097868,-0.033629,0.017028,-0.318160,0.149223,-0.095701
0.093099,-0.033996,0.001069,0.025177,0.887266,-0.203608
0.098321,-0.046283,0.019237,0.350512,0.419161,-0.197912
0.096269,-0.036688,0.012768,0.787506,-0.079346,0.266595
0.091677,-0.034413,0.019746,-0.160783,-0.065741,0.028786
0.099627,-0.057262,0.001197,-0.324781,0.779461,-0.283715
0.101518,-0.049667,0.001896,0.599436,0.781614,-0.122620
0.087791,-0.048866,0.049689,0.216585,-1.238720,0.088159
0.109100,-0.054735,0.006341,0.455534,0.336667,0.551049
0.107420,-0.045032,-0.007879,0.041218,0.648167,0.150010
0.089810,-0.058605,0.021535,0.006066,0.285750,-0.345031
0.112987,-0.058237,0.025454,0.689857,0.424190,0.353682
0.121314,-0.045354,-0.005827,0.560440,0.555927,0.561815
0.100425,-0.056419,0.004155,-0.316335,0.295157,0.171756
0.113545,-0.071643,0.006987,0.262257,0.949908,0.106137
0.115376,-0.055913,0.006232,0.941065,0.218181,0.359286
0.110660,-0.060617,0.025924,0.122389,-0.316335,0.585547
0.117671,-0.062321,-0.017027,0.118037,1.793524,0.478789
0.119394,-0.064356,-0.031841,0.745790,0.846626,0.100889
0.110282,-0.066630,0.024194,0.522899,0.082274,0.194041
0.120021,-0.069030,0.006610,0.248304,-0.045537,0.878108
0.118052,-0.067100,-0.019810,-0.139487,0.640768,0.474926
0.105509,-0.071649,0.015184,0.030189,0.089309,0.092387
0.120999,-0.070665,0.017163,0.467360,0.514545,0.648285
0.124905,-0.071305,-0.012684,0.182461,0.179146,0.607648
0.113049,-0.071328,-0.000099,-0.441730,0.102068,0.317441
0.126622,-0.079826,0.015026,0.165708,0.410141,0.635750
0.128421,-0.068006,0.011478,0.814419,0.376256,0.673251
0.125191,-0.061132,0.018880,-0.048179,0.179756,1.104806
0.121521,-0.085265,-0.020779,-0.294168,0.927532,0.627708
0.131116,-0.067044,-0.009507,-0.071751,0.485821,0.513708
0.118633,-0.068902,0.034668,0.203869,-0.251851,0.188835
0.124068,-0.081119,-0.005699,0.367715,0.676527,0.957399
0.124863,-0.064287,-0.025853,-0.015939,1.007357,0.610944
0.109015,-0.074574,0.019605,-0.108918,-0.811366,0.297711
0.120106,-0.082380,0.012571,0.680108,0.193943,0.434900
0.121780,-0.067376,-0.002752,0.121897,0.257891,1.042755
0.124252,-0.067743,0.000363,-0.314300,0.690881,0.823308
0.115298,-0.085954,0.006331,0.072155,0.586848,0.334034
0.123130,-0.074810,0.021604,0.413308,0.096176,0.734610
0.115616,-0.064218,0.019874,0.238430,-0.164269,1.217361
0.117234,-0.079005,0.000084,0.037062,0.552727,0.868143
0.120510,-0.065436,-0.010886,-0.210351,0.300527,0.559209
0.112616,-0.063729,0.009840,0.271668,0.175227,0.780285
0.125010,-0.073996,0.004424,0.744441,0.605275,0.421918
0.119095,-0.063197,-0.013429,0.310118,0.776750,1.019840
0.089524,-0.069250,0.023166,-0.337536,-1.409393,0.012873
0.112727,-0.065350,0.010319,0.181752,0.596229,0.278830
0.112409,-0.057404,0.016339,0.365861,0.113809,0.406136
0.103878,-0.068390,0.002113,-0.030119,0.594893,0.648225
0.107472,-0.055424,0.005875,-0.170529,0.641887,0.135945
0.114339,-0.046420,0.024870,0.584885,0.126962,0.732873
0.109491,-0.065518,0.006833,0.305034,0.494654,0.397001
0.112501,-0.055355,-0.016623,-0.179825,0.974894,-0.026585
0.097251,-0.051233,0.025057,0.383783,0.000420,0.350938
0.111766,-0.062675,0.014235,0.830913,0.469559,0.703019
0.108989,-0.039537,-0.013646,0.167011,0.507317,0.756329
0.086901,-0.056773,0.024312,-0.367961,-0.471522,-0.208272
0.108917,-0.050908,0.023892,0.431171,0.637945,0.244019
0.111316,-0.043066,0.019362,0.586418,0.472501,0.477804
0.093903,-0.047710,0.022782,-0.203787,-0.141965,0.267216
0.108890,-0.049197,0.006902,0.017220,1.247520,0.373892
0.099269,-0.040840,0.008356,0.494444,-0.680233,-0.031197
0.068700,-0.047044,0.063189,-0.382295,-5.083614,-0.074824
0.108789,-0.045180,-0.000845,-0.082074,1.307602,0.541966
0.104341,-0.038556,0.000294,0.188169,1.082998,-0.268101
0.087469,-0.051006,0.047338,0.319290,-0.246353,-0.297626
0.104610,-0.036974,0.031356,0.062367,-0.782543,0.672325
0.108775,-0.029444,0.009357,0.246508,0.251504,0.177530
0.093853,-0.045432,0.000787,-0.044654,1.601761,-0.121481
0.102358,-0.040650,0.034799,0.639701,-0.315747,0.126140
0.094812,-0.036307,0.020209,0.270706,-0.788917,0.359744
0.109747,-0.043158,-0.018041,0.059429,2.084509,0.454207
0.098948,-0.038815,-0.034214,0.368950,1.433067,-0.040270
0.092009,-0.047750,0.028717,0.472983,0.252896,-0.166384
0.108986,-0.041904,0.015259,0.221342,0.237668,0.187197
0.098610,-0.039380,0.012545,-0.333794,-0.216053,-0.118356
0.102926,-0.046814,-0.004117,0.072198,1.302386,0.000945
0.104400,-0.038612,0.020806,0.477044,0.570878,-0.493624
0.083333,-0.047950,0.044680,0.220436,-1.442201,-0.040779
0.116194,-0.036238,0.003318,-0.496111,0.907420,0.243619
0.103182,-0.046588,0.006705,0.199458,1.329811,-0.686388
0.090775,-0.057298,0.038003,0.280311,-0.452904,-0.747412
0.109882,-0.038523,0.007910,0.333253,-0.588482,0.325250
0.105995,-0.039593,-0.008017,-0.061831,1.112228,-0.032116
0.107223,-0.054774,0.015472,0.602397,1.130012,-0.081930
0.109642,-0.040555,0.015420,0.698602,0.229534,0.249386
0.097353,-0.051505,0.021870,-0.132216,0.062846,-0.111958
0.106304,-0.050185,0.009049,-0.178742,0.580890,0.006627
0.110364,-0.047986,0.010854,0.459486,1.156072,-0.364493
0.107206,-0.048433,0.022602,0.527042,0.670592,0.366809
0.116873,-0.046269,-0.000378,0.095398,0.116599,0.296739
0.096115,-0.059347,0.021164,-0.176677,0.610980,-0.246216
0.105674,-0.068774,0.024200,0.751071,0.789482,-0.789883
0.112275,-0.052322,0.024965,0.467259,0.641960,0.106810
0.107525,-0.062022,0.002917,-0.157911,0.203150,-0.103529
0.111556,-0.059583,0.007683,-0.025005,1.131164,-0.284893
0.104955,-0.060266,0.025829,0.406776,0.298820,-0.572747
0.109025,-0.060210,0.025937,0.460100,-0.670083,0.332740
0.115485,-0.053172,-0.019069,-0.107519,0.395133,0.118469
0.104567,-0.069864,0.011435,0.215906,0.757662,-0.486231
0.114070,-0.063729,0.011980,0.718792,0.803787,0.073247
0.125893,-0.053868,0.018807,0.365841,0.474710,0.574916
0.105175,-0.059163,0.022146,-0.196181,-0.408470,0.150831
0.109350,-0.061060,0.000357,0.042117,0.943550,-0.631430
0.099302,-0.065193,0.043491,0.488168,-1.986968,-0.357960
0.104003,-0.068518,0.024978,0.340983,-2.010467,0.186357
0.120188,-0.059777,-0.009481,0.156553,0.729703,-0.025508
0.109796,-0.061277,0.014852,0.169679,1.505412,-0.023916
0.109547,-0.077745,0.026387,0.761165,-0.612900,-0.275525
0.097133,-0.061231,0.034911,0.223800,-3.272912,0.005987
0.093030,-0.065006,0.033999,-0.531321,-1.123165,-0.022492
0.119089,-0.055162,0.002927,0.069181,1.729290,-0.105816
0.107177,-0.061576,0.027319,0.639498,0.339759,-0.169105
0.103655,-0.062971,0.020994,0.401774,0.834268,0.494174
0.123684,-0.050484,0.009242,-0.004936,2.181991,0.207847
0.110577,-0.059941,0.012042,0.384492,1.674989,-0.200157
0.098954,-0.068977,0.022307,0.838696,0.033294,-0.032559
0.115662,-0.051607,0.010802,0.386475,0.370318,0.506198
0.100238,-0.049391,0.010690,-0.202418,0.139218,0.143307
0.103970,-0.056445,0.008494,0.408457,0.727690,-0.130569
0.103455,-0.055231,0.019336,0.836973,0.421695,-0.511936
0.108670,-0.046069,0.018709,0.313053,-0.001657,0.424560
0.105634,-0.058369,-0.013830,-0.358357,0.946219,-0.017099
0.098245,-0.056855,-0.000451,0.618156,0.457349,-0.259701
0.047446,-0.060164,0.090690,-0.380539,-8.843689,-0.294928
0.103051,-0.054847,0.002756,-0.379666,0.057617,0.370774
0.106967,-0.052670,-0.010196,0.169479,1.549078,0.158958
0.085483,-0.056507,0.035390,0.522207,0.282165,-0.086414
0.099309,-0.052834,0.037409,0.599098,-0.157711,0.039392
0.101072,-0.041415,0.008044,0.056603,0.475241,0.175088
0.097389,-0.052486,0.016106,0.024671,1.663799,-0.087120
0.106957,-0.045275,0.025074,0.774311,1.658843,-0.262455
0.098922,-0.045721,0.016323,0.922520,0.475809,-0.029182
0.082414,-0.058067,0.013729,-0.084247,0.055877,-0.300400
0.095619,-0.053067,0.012019,-0.229695,0.369271,-0.577635
0.095528,-0.043890,0.027010,0.645810,0.464600,-0.222107
0.089783,-0.063023,0.026288,0.917199,0.539623,0.033680
0.090496,-0.049296,-0.007770,0.337176,0.777209,-0.033698
0.077064,-0.055526,0.032147,-0.331976,-0.430383,-0.368314
0.104521,-0.052657,0.016139,0.692204,0.418268,-0.119554
0.098383,-0.045229,0.017777,0.399292,0.283465,0.354273
0.091654,-0.057758,-0.005601,-0.032374,1.053295,0.391942
0.098176,-0.053645,0.012394,-0.032335,0.410630,-0.212680
0.092009,-0.053044,0.031159,0.640818,-0.070940,-0.192851
0.102854,-0.058690,0.005116,0.274235,0.606312,0.516793
0.107331,-0.046782,-0.007843,0.020046,0.884712,0.258935
0.084794,-0.054233,0.014317,-0.061250,0.079839,0.054123
0.099749,-0.060072,0.034202,0.326931,0.307430,0.677176
0.101377,-0.050438,0.009590,0.239625,0.466526,0.199919
0.089892,-0.060151,-0.005775,-0.518385,0.536787,0.283914
0.100359,-0.065117,0.005149,-0.131077,0.692913,-0.205517
0.103451,-0.057065,0.030903,0.480231,0.142678,0.309668
0.095596,-0.067234,0.019067,0.471010,0.173969,0.305614
0.106051,-0.054249,0.012590,-0.498740,0.567869,0.609450
0.101600,-0.064668,0.010020,-0.242355,0.835715,0.337316
0.100793,-0.081513,0.017445,0.607186,0.177761,0.426838
0.104577,-0.067323,0.002077,0.589339,0.005203,0.391401
0.096286,-0.066355,0.017150,-0.086443,0.251612,0.634009
0.103497,-0.087208,-0.004288,-0.174012,0.753428,0.252245
0.110289,-0.068849,0.017928,0.432947,0.474802,0.328089
0.101800,-0.071531,0.024722,0.408664,0.063981,0.778916
0.105066,-0.080469,0.006892,-0.255475,0.450032,0.323881
0.112833,-0.078162,-0.003365,-0.284298,0.247010,0.198640
0.103514,-0.083328,0.018942,0.721382,0.591148,0.245966
0.106898,-0.071853,0.017275,0.949967,0.375042,0.504212
0.099782,-0.080292,0.015663,-0.253552,-0.581369,0.880800
0.114316,-0.082872,-0.008614,-0.257402,0.457828,0.747694
0.116657,-0.075562,0.011973,0.453784,0.741454,0.330761
0.100231,-0.094768,0.021174,1.040681,0.684277,0.423618
0.113916,-0.073983,-0.005243,0.691141,0.403258,1.137572
0.107160,-0.075532,0.009495,-0.200235,-0.458071,0.753536
0.110840,-0.081083,0.001384,0.106341,0.502843,0.233651
0.112659,-0.085573,0.008320,0.986915,1.201999,0.355012
0.107361,-0.086122,0.005185,0.425440,0.754304,0.664457
0.115458,-0.077807,-0.011240,-0.273210,0.725173,0.562987
0.108083,-0.086020,-0.001915,-0.025544,0.215377,0.371963
0.107551,-0.091587,0.021496,0.694361,-0.172909,0.576091
0.112662,-0.070461,-0.005099,0.557480,0.222986,0.722468
0.103340,-0.075020,0.004503,-0.356105,0.039645,0.577873
0.110771,-0.080397,-0.000730,-0.106370,0.109735,0.534168
0.108638,-0.070418,0.008031,0.769807,0.459459,0.732853
0.100704,-0.076573,0.028363,0.399814,0.077672,0.627901
0.114326,-0.073228,0.007841,-0.018943,0.424206,0.944151
0.111369,-0.067015,-0.017365,0.260114,1.707058,0.556544
0.097225,-0.078539,0.019920,0.459811,0.486681,0.196519
0.102083,-0.082012,0.024043,0.611108,0.232098,-0.005465
0.108257,-0.054892,0.000367,0.030008,0.413108,0.586617
0.092974,-0.062911,0.018341,-0.530363,-0.245375,0.284561
0.106409,-0.075391,0.016657,0.455261,0.861056,-0.133379
0.100021,-0.059734,0.025129,0.750123,0.537900,-0.110993
0.091195,-0.066388,0.028225,0.576741,0.150674,0.431814
0.103008,-0.062088,0.006416,-0.122421,0.904131,0.424665
0.103130,-0.058480,0.010362,0.090789,1.100493,-0.378207
0.083849,-0.074131,0.026308,0.780193,0.479640,0.057294
0.098416,-0.052335,0.020554,0.556039,0.362893,0.394529
0.092967,-0.048140,0.017833,-0.182162,-0.292564,0.187118
0.095380,-0.057440,0.009863,-0.010444,1.108417,0.065881
0.092590,-0.055483,0.029249,0.837321,1.546918,-0.199360
0.077438,-0.050451,0.033500,0.300360,-0.145891,-0.096925
0.094096,-0.046128,0.008924,-0.386034,0.811114,0.374240
0.088099,-0.043900,-0.001488,-0.005071,0.559049,-0.340118
0.077940,-0.056419,0.036605,0.781752,-0.016209,-0.218664
0.092344,-0.036091,0.005894,0.093697,0.402332,0.202076
0.085539,-0.039921,-0.002377,0.026440,0.630760,0.022726
0.085733,-0.049992,0.000951,0.140029,0.634889,0.157943
0.095807,-0.039389,-0.001156,0.786128,0.248740,-0.046018
0.089363,-0.037315,0.024844,0.523008,-0.048173,-0.068250
0.093794,-0.044586,-0.006024,-0.033907,0.813467,-0.067731
0.085877,-0.040857,0.001522,0.135535,0.749033,-0.556079
0.077921,-0.039511,0.036165,0.536859,-0.185920,-0.167960
0.100793,-0.042711,0.013296,0.549165,0.572999,-0.055852
0.090029,-0.034387,-0.012248,-0.216371,0.404380,-0.336047
0.081676,-0.047435,0.007037,0.261148,0.717965,-0.412404
0.095308,-0.037469,0.035656,0.422939,0.417011,-0.170514
0.094766,-0.025456,0.017035,0.619754,0.125245,0.280989
0.090647,-0.044405,-0.004439,0.182251,0.467025,-0.184481
0.089176,-0.046811,0.002152,0.036816,0.768215,-0.329262
0.097080,-0.040151,0.019638,0.741487,0.566139,-0.446403
0.094369,-0.056448,0.009311,0.711521,0.479919,-0.362336
0.098153,-0.043667,0.004476,0.052841,0.388723,0.055988
0.091658,-0.049473,0.012174,0.037010,0.718188,-0.269709
0.099824,-0.053346,0.025704,0.543546,-0.293082,-0.126296
0.099050,-0.040181,0.018647,0.213772,-0.996903,0.160766
0.093348,-0.046841,0.016579,-0.141696,0.832758,0.061883
0.109327,-0.056796,0.001847,0.037286,1.578817,-0.449396
0.101587,-0.049677,0.034419,0.085843,-0.595542,0.076221
0.095977,-0.055060,0.030808,-0.042875,-0.670484,0.321724
0.109544,-0.049348,-0.009904,-0.307482,0.701030,-0.225288
0.102020,-0.057266,0.017389,0.463198,0.705189,-0.647682
0.107220,-0.070711,0.037455,0.581878,-0.452546,-0.062357
0.117569,-0.046847,0.012748,0.127362,0.151974,0.641142
0.093597,-0.057679,0.008904,-0.413692,-0.303711,-0.143962
0.102778,-0.063243,0.018676,0.150595,0.653947,-0.147848
0.111887,-0.062797,0.031507,0.396824,0.382096,0.651157
0.117727,-0.064576,0.020547,0.274622,0.220042,1.000566
0.109993,-0.053734,0.006328,-0.007454,0.227791,0.070989
0.097786,-0.074919,0.013342,0.348093,1.019847,-0.174108
0.107508,-0.061037,-0.003090,1.038209,0.701224,0.029945
0.049455,-0.069230,0.095321,-1.091749,-11.956958,0.084378
0.120750,-0.058221,0.000081,-0.190933,1.884950,0.212633
0.113975,-0.057538,0.015335,0.444905,0.863521,-0.147956
0.101331,-0.076806,0.024128,0.829597,-1.061412,-0.034594
0.103041,-0.060138,0.013168,0.316033,-1.006425,0.010526
0.107039,-0.066217,0.014074,-0.423782,0.482217,-0.114859
0.117595,-0.068695,0.021588,0.307959,1.532039,-0.166558
0.100274,-0.068373,0.023514,0.517007,0.146755,-0.169745
0.099558,-0.071557,0.010618,-0.220465,0.337254,0.340103
0.107574,-0.064904,0.013148,-0.389425,0.558576,0.217097
0.101744,-0.052526,0.028930,0.584763,0.296280,0.334283
0.104853,-0.068741,0.014547,0.811819,0.510465,0.755709
0.113873,-0.059764,0.001919,0.031223,1.035294,0.357831
0.096404,-0.065807,0.014793,-0.400707,0.495297,-0.193044
0.106481,-0.061989,0.011383,0.483326,-0.007776,0.209941
0.100070,-0.054873,0.023281,0.144132,-0.057817,0.503092
0.109330,-0.059258,0.000610,-0.360500,0.525049,0.806984
0.111979,-0.051341,0.012439,-0.131727,0.675798,0.133119
0.087108,-0.069119,0.030020,0.624212,-0.209469,-0.068548
0.118485,-0.049220,0.004686,0.272768,0.665741,0.748012
0.112705,-0.054453,0.006022,-0.298416,0.302401,0.110411
0.101262,-0.069696,0.005622,0.165406,0.433334,0.070211
0.110164,-0.045541,0.020025,0.562646,0.135850,0.243908
0.093361,-0.060968,0.027352,0.316539,-0.225644,0.384402
0.102627,-0.047694,-0.007948,-0.368667,1.062401,0.233125
0.095193,-0.059150,0.010890,0.194655,-0.042796,0.156270
0.107121,-0.054574,0.019054,0.603614,0.381252,0.199838
0.105995,-0.043279,0.004125,-0.232472,0.158611,0.433081
0.083458,-0.064881,0.010418,-0.076920,0.450525,0.032138
0.098331,-0.048561,0.019237,0.226748,0.266344,0.223172
0.094740,-0.047143,0.023216,0.518573,0.417526,0.237543
0.102634,-0.042488,0.016372,-0.167588,0.266012,0.842624
0.100363,-0.045981,0.001479,-0.168431,0.548440,0.288207
0.093545,-0.059813,0.017337,0.543667,0.679639,0.197822
0.102897,-0.051617,0.019090,0.798076,0.795831,0.529742
0.091316,-0.045071,0.005271,-0.276023,0.518438,0.521011
0.100868,-0.052076,0.002461,-0.074547,0.771150,0.067184
0.103382,-0.052286,0.025970,0.379828,0.360835,0.303983
0.092094,-0.043351,0.025083,-0.071258,0.262237,0.708687
0.104784,-0.038073,0.004388,-0.604270,0.859992,0.815974
0.094201,-0.050471,0.016237,-0.162979,0.453938,-0.014125
0.095436,-0.053291,0.021410,0.840528,0.190972,0.615988
0.104141,-0.041077,-0.005844,0.263334,0.440792,0.611787
0.088447,-0.040588,0.007434,-0.514489,-0.130828,0.191907
0.100760,-0.055401,0.014189,-0.118023,0.353184,0.175708
0.104301,-0.042977,0.013126,0.548627,0.909081,0.534928
0.088372,-0.051692,0.026876,0.448155,-0.293860,0.493156
0.096049,-0.053297,0.001309,-0.292865,0.893982,0.558326
0.095721,-0.045981,0.004033,-0.142218,0.515038,0.088385
0.087111,-0.060837,0.042251,0.602840,0.247420,0.414305
0.101643,-0.032969,0.009502,-0.176260,0.256418,0.971450
0.092173,-0.050080,0.012305,-0.216962,0.387006,0.302482
0.092229,-0.065849,-0.000490,0.309774,0.738004,0.342647
0.099791,-0.050592,0.023304,0.652779,0.244414,0.404937
0.084745,-0.048948,0.019976,0.034364,-0.050976,0.405131
0.093666,-0.054741,0.008576,-0.205855,0.854583,0.331670
0.097152,-0.053425,0.015719,0.349134,0.478576,0.140366
0.081935,-0.055231,0.035485,0.222622,-0.700003,0.517243
0.109724,-0.045715,0.011783,-0.553435,0.969754,0.690772
0.101091,-0.055103,0.002681,0.270939,1.062749,0.064525
0.098360,-0.065987,0.018207,0.807496,0.896634,0.419426
0.087193,-0.062521,0.032167,-0.266606,-2.839476,0.153306
0.094851,-0.056468,0.007641,0.005288,0.448604,0.420729
0.102247,-0.061976,0.000918,0.617007,1.576739,0.250069
0.095265,-0.057801,0.026643,0.536114,-0.608725,0.142474
0.089402,-0.056278,0.029869,-0.151153,0.340071,0.480492
0.106149,-0.055697,0.002254,-0.161709,0.937149,0.456757
0.101570,-0.073648,0.027010,0.728006,0.514388,-0.062081
0.096473,-0.069634,0.025294,0.377317,0.054006,0.523256
0.107344,-0.052001,0.005159,-0.519002,0.064776,0.799588
0.102926,-0.058933,-0.002880,-0.089295,0.338163,0.475067
0.097684,-0.070829,0.020347,0.536403,0.583513,0.456153
0.104528,-0.052523,0.014675,-0.438277,0.064654,0.716920
0.109895,-0.053648,0.001204,-0.303215,0.526359,0.661477
0.091444,-0.078569,0.019280,0.126233,0.121982,0.135131
0.104387,-0.047537,0.018903,0.444580,-0.185753,0.804020
0.105135,-0.045744,0.014767,0.027461,0.529123,0.758696
0.108270,-0.065170,-0.007715,-0.165907,0.758306,0.668518
0.104679,-0.060807,0.002966,0.396804,0.174212,0.218013
0.098977,-0.060331,0.027811,0.581123,0.061431,0.770975
0.104735,-0.050195,0.009597,0.218273,0.704871,0.746275
0.104475,-0.059921,-0.010610,-0.249455,0.968076,0.584648
0.084738,-0.073123,0.031970,0.178434,0.151163,0.013812
0.107840,-0.058608,0.030749,0.373361,0.233421,0.846895
0.101249,-0.046102,0.015325,-0.292393,0.235308,0.748530
0.091763,-0.054348,0.000196,-0.432408,0.502075,0.051396
0.097487,-0.054462,0.012541,0.302044,0.341459,0.521992
0.100868,-0.047018,0.021364,0.501888,0.236401,0.735725
0.101633,-0.052198,0.001296,0.160124,0.318252,0.645117
0.096726,-0.043358,-0.016279,-0.011314,0.966937,0.042713
0.089842,-0.056258,0.045530,0.056330,0.098460,-0.239048
0.107843,-0.047786,0.024450,0.166292,0.230447,0.536947
0.096325,-0.039892,0.006544,-0.119192,0.482801,0.520193
0.081879,-0.052086,0.009134,-0.578431,0.214399,0.172265
0.097842,-0.043043,0.039421,0.005236,0.494197,0.161909
0.095219,-0.030560,0.026685,0.388684,0.056192,0.256649
0.087797,-0.052697,0.013483,0.041375,0.401705,0.490704
0.088122,-0.041448,0.004063,-0.441639,1.527565,-0.145443
0.091241,-0.042856,0.039037,0.414280,-0.356660,-0.169063
0.098403,-0.037115,0.019277,0.231150,0.475274,0.420450
0.098997,-0.031879,-0.015835,-0.309347,2.269107,0.559934
0.091021,-0.034489,0.011583,0.114390,1.456809,-0.407703
0.070942,-0.046877,0.053486,0.099524,-0.801296,-0.006586
0.086557,-0.031354,0.034665,0.106735,-0.808674,0.512309
0.098639,-0.030967,0.005993,0.097469,0.905654,0.315123
0.068497,-0.042790,0.020823,-0.000699,0.734419,0.001456
0.091615,-0.043834,0.035899,0.676245,0.841351,-0.247828
0.089934,-0.025508,0.038706,0.223062,-0.500463,0.222932
0.072580,-0.037850,0.021266,-0.004969,0.187506,-0.102118
0.079910,-0.043627,0.013812,0.089588,0.918246,-0.609140
0.081653,-0.032270,0.029813,0.488696,0.566999,-0.248590
0.075426,-0.038136,0.045418,0.339529,-1.042292,0.028149
0.092580,-0.031302,0.014248,0.031121,1.155382,0.234329
0.088881,-0.034059,0.000383,0.047422,1.387355,-0.596499
0.064640,-0.051544,0.047634,0.226610,-0.609142,-0.954075
0.088631,-0.036383,0.032321,0.158266,-1.007019,0.409116
0.093561,-0.024369,-0.020378,-0.331887,1.606475,0.187495
0.076443,-0.040962,0.013808,0.147227,0.656731,-0.587860
0.092705,-0.032099,0.035847,0.511036,0.251546,0.262830
0.097881,-0.033117,0.010687,0.134446,0.157633,0.233863
0.079060,-0.051433,0.032275,0.169377,0.159159,-0.705312
0.085841,-0.053790,0.020006,0.945418,0.933860,-0.299136
0.093653,-0.037607,0.022444,0.541501,0.464321,0.023659
0.076463,-0.040509,0.029656,-0.413932,-1.223243,0.150659
0.099161,-0.052332,0.010913,0.010100,0.585357,-0.129473
0.089859,-0.038290,-0.005374,0.741582,0.917911,-0.362064
0.086133,-0.047257,0.036693,0.622337,0.045452,-0.214118
0.101078,-0.048971,0.010818,0.500549,1.149681,0.353334
0.102375,-0.047248,-0.013410,0.230887,1.199882,0.192396
0.074789,-0.043699,0.048274,0.012296,-3.288261,-0.350697
0.097152,-0.056970,0.022041,0.896812,0.650222,0.032571
0.098236,-0.051512,-0.002335,0.448106,0.373870,0.330613
0.095399,-0.047510,0.018561,0.170221,1.116036,0.632729
0.096824,-0.062639,0.013894,0.446195,0.543634,0.097373
0.087679,-0.055940,0.005523,0.936798,-0.995898,-0.195877
0.100405,-0.059232,0.018781,0.027051,0.019862,0.250735
0.109954,-0.062984,0.009416,0.246774,0.957093,0.475257
0.106179,-0.059875,0.013762,0.551486,0.799425,-0.309653
0.089068,-0.064585,0.029971,0.596377,0.192315,0.139677
0.105966,-0.054551,0.003734,-0.322795,-0.009460,0.539232
0.104121,-0.055460,0.001847,-0.038000,0.637207,0.531590
0.103806,-0.066115,0.019667,0.544274,0.543132,0.094061
0.108447,-0.053763,0.007375,0.728078,0.592707,0.872652
0.101968,-0.067635,0.015400,-0.460004,0.184890,0.174399
0.108414,-0.071843,0.015449,0.079353,0.237714,0.446195
0.105601,-0.058067,-0.010567,1.217699,0.473013,0.351234
0.098331,-0.063328,0.019155,0.282589,0.110664,0.644519
0.112747,-0.066066,-0.005332,-0.265519,0.747779,0.612188
0.113561,-0.058936,0.012866,0.312607,0.644934,0.390597
0.095157,-0.063995,0.021650,0.788288,0.262339,0.316978
0.106350,-0.053058,0.014458,-0.221220,0.585732,0.379751
0.109133,-0.058132,-0.005207,-0.309366,0.593777,0.652132
0.101866,-0.081648,0.003554,0.378472,0.629897,0.056349
0.106790,-0.064805,0.006229,0.725330,0.362076,0.442902
0.088956,-0.065610,0.012696,0.021248,-0.114271,0.601529
0.106957,-0.070530,-0.012530,-0.189902,1.224189,0.432694
0.102670,-0.063972,0.020094,0.370765,0.335163,-0.054043
0.093456,-0.073635,0.033093,0.528003,0.185386,0.324876
0.106172,-0.054925,-0.006290,0.321581,0.502072,1.051027
0.092823,-0.059504,0.011579,-0.337960,0.145475,0.606085
0.095078,-0.075171,0.000042,0.197679,0.710218,0.361130
0.102762,-0.047389,0.021601,0.573137,0.148576,0.711770
0.092301,-0.061205,0.024742,0.174235,0.197199,0.554702
0.094805,-0.061126,0.003544,-0.381176,0.763390,0.501786
0.103451,-0.060732,0.002920,0.188573,0.536016,0.391358
0.091786,-0.060496,0.031737,0.528755,-0.104211,0.676352
0.105411,-0.056012,0.012377,0.044953,0.518773,0.780343
0.098426,-0.055382,-0.019758,-0.222710,1.679381,0.632860
0.093066,-0.067031,-0.003063,0.376237,0.800416,0.198357
0.093666,-0.061093,0.017015,0.451867,-1.111394,0.562669
0.096978,-0.053793,0.016736,-0.053832,0.298091,0.675387
0.096063,-0.051449,0.002126,-0.016697,1.033223,0.334897
0.101744,-0.047674,0.012485,0.619731,0.916985,0.285857
0.083396,-0.064280,0.040577,0.555422,-0.395918,0.341960
0.102893,-0.045570,0.024145,-0.011377,0.090874,0.974559
0.100333,-0.042150,0.017557,-0.110424,1.002860,0.578053
0.093561,-0.054088,0.011606,0.851498,0.577076,0.244623
0.098098,-0.040883,0.001200,0.654646,0.113566,0.595309
0.084029,-0.057591,0.026413,-0.230102,0.125366,0.221941
0.099115,-0.050274,0.009541,-0.015575,0.323589,0.451853
0.092110,-0.049539,0.018985,0.752489,0.162780,0.197133
0.090515,-0.056819,0.018440,0.548102,0.242874,0.931391
0.084226,-0.049749,-0.022952,-0.245756,0.696241,-0.086313
0.078209,-0.052618,0.027867,0.382582,0.331008,0.196197
0.092173,-0.043154,0.027338,0.604812,0.431414,0.552135
0.092669,-0.038891,0.008268,0.297445,0.222257,0.975090
0.082365,-0.052989,0.004998,0.103368,0.665419,0.152432
0.083596,-0.049480,-0.001376,0.331182,0.655434,0.193239
0.081974,-0.052575,0.040360,0.568144,-0.448443,0.323191
0.100067,-0.055027,-0.002545,0.251796,0.455652,0.872140
0.095813,-0.044592,-0.007853,0.140669,1.358191,0.357650
0.076470,-0.055503,0.029807,0.566024,0.625748,0.171582
0.101932,-0.041018,0.028579,0.351871,0.795348,0.823117
0.092806,-0.049197,0.019707,0.263468,-0.142195,0.579487
0.099480,-0.039261,-0.009139,0.142356,1.362671,0.749406
0.100812,-0.056232,0.010391,1.350809,0.963753,0.221331
0.085739,-0.044881,0.029571,0.100328,-0.598431,0.513940
0.103461,-0.047202,0.003905,-0.379637,0.598041,0.551698
0.099588,-0.050126,0.006987,-0.025678,0.426330,0.204574
0.086379,-0.073031,0.033260,0.880189,-0.125199,-0.081379
0.107531,-0.043604,-0.010826,0.377848,0.469257,0.853361
0.088871,-0.057246,0.017301,-0.100232,0.381797,0.377188
0.096296,-0.053248,0.008599,-0.253296,0.186922,-0.030619
0.092248,-0.050153,0.018886,0.398134,0.466917,0.167978
0.101731,-0.055004,0.012597,0.568259,1.010203,0.630004
0.103044,-0.047681,-0.004147,0.101881,0.757741,0.302256
0.083382,-0.060597,0.014242,-0.273437,-0.078985,0.056283
0.111267,-0.051863,0.012170,0.503339,0.658037,0.103219
0.101446,-0.044999,0.017964,0.610613,0.731508,0.506286
0.097362,-0.071567,0.013322,0.199940,0.957011,0.378468
0.096765,-0.058707,-0.018028,-0.278301,0.932830,0.108031
0.095603,-0.061188,0.027092,0.259864,0.082622,0.009948
0.106117,-0.057387,0.015906,0.731433,0.900852,0.413816
0.093125,-0.053855,0.024306,0.417064,0.050809,-0.024340
0.088746,-0.075575,0.005602,0.203475,0.736310,0.018269
0.094553,-0.055848,0.012479,0.884109,-0.063302,0.196647
0.087899,-0.051098,0.025313,0.305605,0.007287,0.553681
0.098794,-0.064054,0.011527,-0.285867,0.657505,0.627969
0.106363,-0.049581,-0.015149,-0.404544,1.442146,0.264479
0.091185,-0.064530,0.034767,0.158562,-0.070533,0.043223
0.101856,-0.055907,0.014855,0.079586,0.035457,0.481993
0.095426,-0.053635,0.008701,-0.033678,0.346071,0.555621
0.105519,-0.054810,0.000045,0.196287,0.758762,0.351037
0.098872,-0.055431,0.012837,0.237186,0.551778,0.114812
0.090128,-0.059810,0.027831,-0.132909,-0.506408,0.414676
0.100221,-0.047858,-0.003063,-0.315859,0.193257,0.385738
0.102838,-0.040604,-0.013840,-0.534883,0.658178,0.437696
0.096292,-0.067152,0.023649,0.734255,0.302099,0.256775
0.106849,-0.039337,0.002543,0.586408,0.349915,0.459403
0.089380,-0.048045,0.009321,-0.670119,-0.311497,0.054520
0.093000,-0.056363,0.007444,-0.000607,0.947276,-0.053895
0.089458,-0.050609,0.029456,0.483736,0.036360,-0.222449
0.082959,-0.062616,0.030805,0.473256,-1.184110,0.494594
0.095767,-0.049312,-0.012349,0.245284,0.312669,-0.139810
0.083199,-0.050468,-0.001383,0.029861,0.987587,-0.070718
0.094280,-0.056928,0.042589,0.559338,-0.107493,-0.344952
0.089271,-0.051873,0.020550,0.415426,-0.157045,0.016733
0.095557,-0.055322,0.005047,-0.279076,0.337901,0.186035
0.089173,-0.058815,0.004949,0.799428,1.329463,-0.677125
0.083599,-0.048101,0.027207,0.236044,-0.460510,-0.181858
0.094369,-0.049299,0.017984,0.005932,-0.584645,0.192826
0.096765,-0.031210,-0.001872,-0.330377,1.034175,0.324793
0.081196,-0.053675,-0.016994,-0.445791,1.684518,-0.617851
0.082539,-0.047884,0.024384,0.305690,-0.352291,-0.161464
0.087315,-0.042268,0.034054,0.359522,-1.445389,0.072219
0.099978,-0.041805,-0.007380,-0.350823,1.247373,0.176568
0.096161,-0.044477,-0.022328,0.859654,2.200320,-0.222849
0.076962,-0.043049,0.027588,0.197981,0.025974,-0.179081
0.090574,-0.045879,0.013126,0.053074,-0.310089,0.345052
0.088024,-0.042216,-0.003037,0.037118,-0.243416,0.154316
0.076056,-0.056438,0.015535,0.691141,1.322764,-0.812556
0.086803,-0.036563,0.025034,1.117208,0.711879,-0.029487
0.089110,-0.033527,0.036201,0.329255,-0.314346,-0.017470
0.085372,-0.039419,0.015180,0.054689,0.294248,0.478345
0.082585,-0.046978,0.007447,0.639442,0.797291,-0.739338
0.074323,-0.047996,0.034573,1.082900,0.412166,-0.220545
0.076480,-0.041441,0.065254,-0.381147,-3.347706,-0.107114
0.097405,-0.042373,0.034330,1.199035,1.203483,0.136722
0.101180,-0.044848,-0.001124,0.289997,1.451517,0.210952
0.077835,-0.043407,0.014957,0.891569,0.384853,-0.450398
0.075091,-0.044152,0.031061,-0.051967,0.135430,0.209605
0.079690,-0.056481,0.018302,0.232459,0.232180,-0.419818
0.086717,-0.048758,0.016556,0.732000,0.710467,-0.168564
0.093525,-0.043342,0.006751,0.704369,0.955039,0.193367
0.088487,-0.046660,-0.020854,-0.061447,0.493364,0.349874
0.074458,-0.052834,0.025750,-0.321337,0.536590,0.098488
0.090968,-0.047294,0.023501,0.329550,0.326035,0.114468
0.093466,-0.037909,0.016792,0.227657,0.263156,0.760314
0.092619,-0.056360,-0.005624,-0.119211,0.571407,-0.085147
0.087210,-0.057170,0.000695,0.725150,0.571066,-0.207188
0.087177,-0.056760,0.030335,0.162428,-0.159756,0.102595
0.107203,-0.053389,0.027355,-0.150125,-0.350656,0.907909
0.104003,-0.046617,-0.010682,0.272492,1.196042,0.498884
0.078485,-0.064605,0.015285,-0.351470,0.312994,-0.043165
0.092383,-0.056560,0.036953,0.295978,-1.257312,-0.069464
0.099171,-0.050136,0.014081,0.097587,-0.442279,0.752259
0.107000,-0.060719,-0.019249,-0.069052,2.177261,0.722674
0.099506,-0.063565,-0.013137,0.355065,1.094175,0.707227
0.093358,-0.057131,0.029446,0.097456,-0.798807,0.175977
0.097123,-0.064963,0.008166,0.058795,-0.590169,0.962778
0.104738,-0.059005,-0.026792,0.241053,1.961116,0.640006
0.084846,-0.070297,0.021558,-0.292810,0.093169,0.414197
0.096410,-0.063942,0.029446,0.425424,-1.217456,0.278061
0.103031,-0.055129,0.003291,-0.099188,-0.587750,1.076623
0.093627,-0.072772,-0.016636,-0.160334,0.846597,0.156752
0.095741,-0.068702,0.001624,0.550291,0.732818,0.349061
0.097648,-0.062862,0.028064,0.559173,0.106453,0.659727
0.105391,-0.062015,-0.005099,0.034630,0.072788,0.863481
0.105756,-0.058119,-0.017240,0.040489,0.894012,0.335071
0.075331,-0.073340,0.029574,0.207746,-1.085814,0.156811
0.100622,-0.068396,0.028340,0.668712,0.144444,0.422505
0.096246,-0.055762,0.030637,-0.090437,-1.982530,0.677892
0.095600,-0.065764,-0.013466,0.080604,2.544218,0.793155
0.097980,-0.067819,0.008185,0.281814,0.572979,0.736536
0.093194,-0.059229,0.025957,0.482328,0.242976,0.675528
0.078813,-0.075073,0.018745,0.133750,0.227946,0.830397
0.101249,-0.062724,-0.002574,-0.090697,1.431416,0.584782
0.101223,-0.062028,0.008832,0.726079,0.561944,0.357112
0.078905,-0.068803,0.036270,0.515323,0.444094,0.202782
0.097070,-0.057965,0.009019,0.128078,0.575740,0.920907
0.096834,-0.061375,0.002083,-0.435208,0.075618,0.354440
0.071933,-0.069864,0.023134,0.563812,0.218876,0.346516
0.099194,-0.051777,0.013152,0.251149,0.406491,0.939033
0.097093,-0.047970,-0.001741,-0.014196,0.686627,0.834119
0.075731,-0.062035,0.014445,-0.330620,0.002721,0.736326
0.085007,-0.059156,0.037780,0.226804,0.012063,0.517984
0.095921,-0.051823,0.014337,0.271182,0.021543,0.505682
0.075386,-0.059212,0.014786,-0.220077,0.557112,0.419701
0.088418,-0.046299,-0.004718,-0.426989,0.961036,0.746737
0.081292,-0.053199,0.007838,0.240826,0.357999,0.296065
0.081167,-0.056284,0.013917,0.976749,0.616911,0.346503
0.087827,-0.045213,0.018433,-0.038207,0.352603,0.819345
0.080418,-0.052207,0.018335,-0.216365,0.334993,0.157897
0.070844,-0.057952,0.022943,0.382572,0.579341,-0.157017
0.082995,-0.054508,0.029032,0.859444,0.515517,0.369342
0.085546,-0.036711,0.015774,0.323009,0.099107,0.872468
0.065572,-0.058933,0.006160,-0.185513,0.409599,0.268466
0.082138,-0.043712,0.032131,0.081831,0.840399,0.064305
0.084548,-0.043414,0.020695,0.912377,0.588659,0.470714
0.072770,-0.044927,0.023639,-0.131845,0.053284,0.448514
0.083875,-0.038188,0.015541,-0.454184,0.296841,0.042332
0.083717,-0.036921,0.009859,0.516951,0.560936,0.042526
0.064689,-0.038648,0.025103,0.262684,-0.071373,0.355664
0.080103,-0.047231,-0.008476,-0.245080,0.956499,0.407688
0.082477,-0.039550,-0.011050,0.115332,0.683903,0.424182
0.077770,-0.039928,0.022602,0.578107,0.428998,-0.229480
0.075193,-0.051055,0.012111,1.030850,0.237905,0.351023
0.079050,-0.039626,0.012275,0.299680,-0.062780,0.140106
0.083786,-0.038208,-0.001869,0.099832,1.179515,0.360059
0.074645,-0.049660,0.020695,0.730461,0.709798,0.153535
0.092104,-0.033662,0.017291,0.297199,0.811905,0.497288
0.081850,-0.030133,0.008077,-0.190752,0.240291,0.054832
0.064397,-0.055063,0.015548,-0.341294,0.033054,0.037274
0.079897,-0.047418,0.023869,0.270654,0.071971,-0.293123
0.080707,-0.042065,0.005523,0.822363,-0.400274,-0.060247
0.074051,-0.040039,0.021322,-0.296575,0.045583,0.353757
0.084764,-0.048958,-0.012025,-0.270758,0.947302,-0.070157
0.080878,-0.047284,0.003048,0.564258,0.373387,-0.227924
0.076887,-0.040647,0.018253,0.245671,-0.158213,0.195770
0.085293,-0.052273,0.004033,0.005482,0.900754,0.038371
0.081738,-0.043867,-0.013702,-0.161269,0.432763,-0.062223
0.069554,-0.052634,0.031461,0.671282,0.027205,-0.078694
0.093857,-0.046125,0.007023,0.412012,0.621487,0.499439
0.085352,-0.041582,-0.010826,0.061753,0.444314,0.576563
0.081853,-0.047038,0.013428,-0.034150,0.150277,-0.112517
0.084331,-0.061507,0.022825,0.576800,0.325372,-0.173317
0.092751,-0.039521,0.022799,0.244877,0.271100,0.449749
0.082788,-0.050245,0.012633,-0.162510,0.072503,0.100790
0.083648,-0.063148,-0.005640,0.029109,0.958918,-0.156672
0.085349,-0.061769,0.028461,0.136399,-0.702612,-0.178946
0.095081,-0.050648,0.029167,-0.024582,-1.214771,0.678545
0.090262,-0.055421,-0.006513,0.164441,1.260355,0.423641
0.093200,-0.051745,-0.003861,-0.166639,1.179288,-0.104100
0.086593,-0.054318,0.024847,0.152909,-0.193562,0.138653
0.076703,-0.060926,0.031107,0.144966,-0.814645,0.300391
0.097536,-0.048784,-0.002568,-0.166117,0.701785,0.354483
0.090926,-0.043489,-0.017007,-0.031918,1.960804,0.138990
0.083655,-0.067034,0.038197,0.897829,0.689145,-0.213238
0.093112,-0.051272,0.019415,0.301873,0.196461,0.435500
0.095596,-0.048781,0.008730,-0.232475,0.756733,-0.127281
0.086337,-0.071915,0.011560,0.675080,1.016355,-0.295374
0.092357,-0.058073,0.026515,0.847368,0.913601,0.293528
0.100169,-0.050225,0.012991,0.410157,0.873477,0.430727
0.096693,-0.053780,0.007624,-0.162103,0.316736,0.150000
0.088119,-0.053799,-0.011851,0.287762,0.738138,-0.507423
0.079752,-0.050451,0.033920,0.606142,-0.024749,0.291972
0.093473,-0.061858,0.012183,0.121913,-0.314943,0.174586
0.097054,-0.053511,-0.015100,0.118749,1.288446,0.092685
0.078964,-0.057985,0.025208,0.196454,0.256076,-0.360367
0.081515,-0.063854,0.027450,0.772998,-0.958711,0.016638
0.092225,-0.042491,0.020140,0.218059,-0.507665,0.524372
0.075052,-0.045098,0.012778,-0.300267,0.051449,-0.389272
0.089107,-0.054243,0.023820,0.259897,1.153833,-0.214269
0.085762,-0.048058,0.019438,0.638402,0.835413,-0.091154
0.066885,-0.058172,0.025139,-0.042642,-0.799044,-0.096511
0.095429,-0.042902,0.003406,-0.110480,1.374426,0.058791
0.084774,-0.051013,0.022310,0.594410,0.324669,-0.514146
0.069908,-0.059777,0.034967,0.427078,-0.023512,-0.300820
0.085962,-0.048964,0.017833,-0.315311,0.022468,0.400388
0.088592,-0.047238,0.010674,-0.039999,0.283527,-0.043155
0.068808,-0.051095,0.024778,0.828419,0.272925,-0.071929
0.089133,-0.027133,0.024361,0.128468,0.343094,0.230236
0.088546,-0.041224,-0.004908,-0.084214,1.322389,0.089721
0.078396,-0.056035,0.002766,0.091899,0.716126,0.165890
0.085585,-0.034190,0.006771,0.613875,0.316874,0.194647
0.089127,-0.031735,0.027342,0.442079,0.671498,0.447983
0.089045,-0.047986,0.009393,-0.090037,0.402118,0.393255
0.092268,-0.042514,0.000944,0.294041,0.913204,-0.204658
0.062621,-0.047789,0.041814,0.300091,-0.780754,-0.347139
0.093545,-0.028662,0.016323,-0.110162,0.541684,0.613109
0.082526,-0.029132,-0.006530,-0.644001,0.578566,0.315162
0.077717,-0.056028,0.014222,0.043690,0.653967,-0.063017
0.087407,-0.036222,0.031507,0.452603,0.041644,0.511918
0.087650,-0.033734,0.022897,-0.075355,0.212289,0.597436
0.077809,-0.044303,-0.002397,0.178555,0.708902,0.262029
0.083511,-0.045508,-0.007836,0.668321,0.749292,-0.204257
0.076194,-0.036517,0.030667,0.508877,-0.128576,0.512844
0.088122,-0.044162,0.003951,0.007763,0.447777,0.320884
0.082861,-0.048068,-0.021836,0.576682,1.069264,-0.215372
0.072990,-0.044080,0.030201,0.217550,0.444390,-0.028775
0.077694,-0.049992,0.028244,0.360297,-1.101530,0.408180
0.089035,-0.036481,0.001174,0.322388,-0.139198,0.578913
0.072770,-0.043020,0.000075,-0.192994,1.307011,0.397472
0.083941,-0.050356,0.016497,0.044855,1.055074,0.074504
0.082723,-0.050793,0.031852,0.489586,-0.714997,0.149222
0.088766,-0.044435,0.007401,0.101638,-0.101870,0.786573
0.089258,-0.041034,-0.024875,-0.084539,1.714519,0.603216
0.072419,-0.054515,0.020580,-0.185438,0.514644,0.028034
0.076926,-0.061569,0.041075,0.396207,-1.536647,0.409628
0.086097,-0.041077,0.005530,0.139038,-0.383182,0.998461
0.088634,-0.058950,-0.009037,-0.096897,2.197881,0.265581
0.086028,-0.056028,-0.001668,0.731954,0.553107,-0.158592
0.069383,-0.051190,0.047532,0.328858,-2.025376,0.264012
0.096319,-0.044270,0.008143,-0.122760,0.265379,0.646200
0.095646,-0.050297,0.007883,0.059600,0.974343,0.131897
0.068769,-0.058326,0.031002,0.437103,0.486490,-0.031473
0.100382,-0.052349,0.020751,0.344840,0.678789,0.874769
0.096624,-0.037735,0.017169,-0.069935,-0.092985,0.774392
0.082375,-0.067638,0.000987,0.080778,0.682091,0.145332
0.088572,-0.060873,0.023061,0.652812,1.071880,0.157917
0.074625,-0.055027,0.044890,0.267834,-2.943881,0.418287
0.077120,-0.065278,0.021742,-0.192045,-0.837074,0.649200
0.088861,-0.051666,-0.001389,0.104224,1.094457,0.306224
0.084991,-0.058526,0.012233,0.835555,1.090902,0.222499
0.091809,-0.065022,0.014740,0.586066,0.310145,0.627339
0.096437,-0.048912,0.005691,-0.190375,-0.373837,1.037427
0.096164,-0.053271,0.010099,0.296828,1.108010,0.383345
0.074553,-0.070471,0.037097,0.742977,-0.755945,0.071504
0.095560,-0.051377,0.023770,-0.021437,0.253998,0.456990
0.098387,-0.048941,0.013513,-0.131622,0.562013,0.698522
0.090765,-0.065265,0.011478,0.169935,2.236010,0.018374
0.091086,-0.058536,0.025612,0.557611,0.415586,0.032742
0.091736,-0.050189,0.016822,0.295469,0.153805,0.666311
0.100133,-0.067422,-0.003533,0.131176,1.715215,0.799841
0.096630,-0.052480,-0.005584,0.429517,0.690927,-0.132020
0.088943,-0.060157,0.030818,0.635950,-0.070513,0.024145
0.106914,-0.051633,-0.003493,-0.228218,0.067277,0.467347
0.095078,-0.050615,-0.008545,-0.298708,-0.078043,0.227459
0.082214,-0.045531,0.017609,-0.013189,-0.266101,0.416192
0.094169,-0.061060,0.025307,0.730806,0.600657,0.642586
0.095432,-0.049020,-0.002151,0.194065,0.871310,0.474331
0.075255,-0.054604,0.015660,-0.406283,-0.723259,-0.146148
0.095084,-0.053616,0.009423,0.354582,0.591059,0.087755
0.094503,-0.047714,0.007693,0.863029,0.611512,0.244698
0.084935,-0.042560,0.014031,0.041116,0.368766,0.549391
0.089865,-0.051295,-0.000323,-0.129955,0.573015,0.216739
0.085267,-0.049572,0.001962,0.491490,0.542279,-0.153803
0.074188,-0.046345,0.021959,0.347404,-0.066213,0.537190
0.087170,-0.045298,-0.007508,-0.208274,0.820498,0.141413
0.085647,-0.042347,-0.000497,-0.403290,1.066645,-0.241717
0.077441,-0.040988,0.023948,0.543730,-0.030293,0.073745
0.087138,-0.031768,0.031297,0.020693,0.408273,0.497213
0.082634,-0.028745,-0.007665,-0.270203,0.494388,0.233268
0.073085,-0.057495,0.005921,0.181667,0.686571,-0.208636
0.085510,-0.037955,0.021351,0.674663,0.446668,0.264235
0.067827,-0.042245,0.020928,0.231786,-0.032545,0.067705
0.077527,-0.040660,-0.003470,-0.009312,0.789453,0.340342
0.078252,-0.033166,0.013598,0.142878,0.844348,0.117365
0.072662,-0.048068,0.037228,0.684681,0.226459,-0.169766
0.082309,-0.029861,0.012577,0.354878,0.295508,0.773692
0.068920,-0.038887,0.004296,-0.294503,0.115256,-0.023651
0.071441,-0.045275,0.007545,0.448700,1.053801,-0.177831
0.071740,-0.032618,0.043275,0.481714,0.420300,0.518378
0.078777,-0.024687,0.022316,0.264811,-0.032017,0.611215
0.075104,-0.042199,-0.000044,0.095933,0.620624,-0.097916
0.070663,-0.037059,0.001112,0.162346,0.592483,-0.218031
0.062523,-0.034403,0.036391,0.319234,-1.006993,-0.401444
0.085808,-0.038635,0.022474,0.220830,-0.259779,-0.014332
0.077710,-0.032276,-0.009743,0.270801,0.495783,-0.171039
0.063941,-0.038891,0.025661,0.424997,0.489182,-0.810055
0.077819,-0.037686,0.033247,0.800758,0.510035,-0.126700
0.088372,-0.029024,0.024857,0.257363,-0.052155,0.361261
0.066353,-0.048662,0.018860,0.377369,0.582108,0.028306
0.086882,-0.032303,-0.001458,0.059655,1.651542,0.125037
0.067331,-0.037689,0.024204,0.334041,-0.178368,-0.299393
0.068648,-0.043387,0.033352,0.449340,-1.501200,0.067673
0.084958,-0.029966,-0.008253,-0.019451,0.685777,0.663298
0.076384,-0.034535,0.002284,-0.367295,0.906097,-0.292414
0.078820,-0.051508,0.019303,0.519387,0.558829,-0.070652
0.085503,-0.036212,0.015312,0.853103,-0.281958,-0.070124
0.069829,-0.040092,0.022933,0.131836,0.333955,0.537255
0.077504,-0.047989,0.007555,0.289606,0.761769,0.028792
0.084735,-0.048341,0.026718,0.786476,0.373696,-0.340800
0.075065,-0.058969,0.034750,0.462850,-0.848185,-0.116222
0.094848,-0.034272,0.000629,0.230253,1.382701,0.217027
0.076929,-0.049076,0.027168,0.295715,-0.557099,0.060320
0.082296,-0.040492,0.030529,0.764946,0.353817,0.118124
0.087295,-0.032769,-0.005207,-0.359220,0.009467,0.648937
0.077645,-0.056274,0.003488,-0.360700,0.390190,0.010477
0.082805,-0.044264,0.018975,0.174150,0.127109,-0.097824
0.084489,-0.039636,0.038620,0.325730,-0.299450,-0.233474
0.091264,-0.053419,0.001755,-0.390137,0.642409,0.287393
0.094106,-0.044228,-0.001238,-0.195485,0.619613,-0.245403
0.077018,-0.061897,0.025382,0.127638,-0.035867,-0.351790
0.093890,-0.054098,0.034708,0.332711,0.131941,0.373291
0.092491,-0.040916,-0.001645,-0.539803,0.516899,0.102949
0.088336,-0.063279,0.004772,-0.270456,0.550426,-0.024297
0.085345,-0.054906,0.008753,0.820603,0.147044,0.225499
0.079769,-0.050386,0.039145,0.496023,-0.406592,0.403046
0.088044,-0.058152,0.011314,0.264588,0.834324,0.318639
0.094274,-0.049004,0.001079,0.063896,0.493833,-0.128945
0.069721,-0.057269,0.037268,0.294980,-1.447053,0.053637
0.092603,-0.060725,0.014580,0.367016,0.006230,0.270170
0.091789,-0.047852,-0.029897,-0.189085,0.585216,0.059756
0.082792,-0.050041,-0.002154,-0.553809,0.179238,-0.181609
0.088746,-0.060676,0.027913,0.408667,0.228264,0.103780
0.099092,-0.044474,0.019402,-0.055378,0.169272,0.490773
0.074313,-0.058861,0.015886,-0.361002,-0.100771,-0.027278
0.083990,-0.058963,0.015338,0.088331,0.186118,-0.097992
0.080898,-0.054334,0.035236,0.367404,-1.425691,0.290833
0.091349,-0.056143,0.027174,0.186948,-0.193490,0.920412
0.089941,-0.047487,-0.020644,-0.640167,0.565318,0.165930
0.088339,-0.051324,-0.011719,-0.191796,1.528779,-0.178109
0.069760,-0.059101,0.045517,0.265234,-1.068867,0.121863
0.093400,-0.042094,0.011015,-0.486043,-0.134708,0.862201
0.084794,-0.042134,-0.022108,-0.386930,1.225338,0.420771
0.077251,-0.062291,0.001923,0.217472,1.111874,-0.036075
0.083684,-0.047412,0.022346,0.363832,-1.530575,0.158600
0.079673,-0.039737,0.011035,-0.521651,-0.413321,0.461244
0.087646,-0.059639,0.032315,0.799018,0.698099,0.265296
0.085815,-0.051869,0.006452,0.868556,0.775949,0.008271
0.083734,-0.039009,0.022940,0.352206,0.341800,0.536146
0.087351,-0.052503,0.010887,0.128892,0.226515,0.138761
0.084193,-0.048357,-0.003772,0.374651,0.619367,-0.189848
0.077648,-0.045190,0.040363,0.863990,0.211888,-0.117453
0.091474,-0.052375,0.037186,0.616491,0.263646,0.668199
0.087788,-0.038254,-0.012031,-0.268421,0.325920,0.593333
0.072186,-0.041014,0.009341,-0.827817,-0.059806,0.310097
0.075291,-0.053918,0.037914,0.878312,-0.776927,-0.300659
0.083776,-0.040535,0.021821,0.657302,-0.008780,0.276777
0.071346,-0.050885,-0.013669,-1.046086,0.660023,0.353042
0.084357,-0.044353,-0.000726,-0.164778,0.515271,0.153952
0.076854,-0.044320,0.035197,1.087781,0.363510,0.040648
0.082092,-0.058533,0.022218,0.568515,0.369176,0.597265
0.095485,-0.032208,-0.033547,-0.200202,2.328158,0.242187
0.078935,-0.047907,0.029715,0.431270,0.637318,0.282216
0.087459,-0.057019,0.037711,1.121471,0.636652,0.086652
0.080619,-0.037994,0.027378,0.714574,0.212581,0.608868
0.080533,-0.045715,-0.019016,-1.075858,0.371054,0.227840
0.088677,-0.045249,0.008258,0.441206,0.757698,0.399189
0.074769,-0.046713,0.031359,0.595083,-0.071531,-0.112786
0.087315,-0.049490,0.026160,0.760945,0.493981,0.374197
0.084830,-0.038792,0.001657,-0.511706,0.572214,0.162027
0.073102,-0.049828,0.004460,-0.194914,0.108291,0.026636
0.079069,-0.043046,0.023196,0.485561,-0.006801,0.182305
0.079572,-0.042652,0.018345,-0.053474,-0.990016,0.824029
0.091021,-0.043371,-0.008778,-0.569017,0.581576,0.862184
0.085733,-0.043827,0.009843,0.321436,0.454677,-0.038845
0.070128,-0.052825,0.028642,0.210526,-0.240271,-0.090882
0.086274,-0.040821,0.003058,-0.289813,0.255545,0.366693
0.088451,-0.037837,0.001502,-0.505308,1.432722,0.223562
0.089967,-0.059380,-0.011312,0.079091,0.841302,0.090050
0.086471,-0.050156,0.008271,0.953109,0.230142,0.097878
0.083396,-0.053389,0.029781,0.679071,0.403235,0.176069
0.088424,-0.055244,-0.024783,-0.931070,0.912075,0.195472
0.093959,-0.042639,-0.007400,-0.520952,0.442299,0.298783
0.072846,-0.061782,0.041830,0.765645,-0.060820,0.554157
0.090594,-0.050655,-0.015658,-0.633760,0.314875,0.347639
0.079316,-0.056875,0.005051,-0.175810,0.902523,0.040481
0.087932,-0.066223,0.001374,-0.032072,0.365936,0.765782
0.097428,-0.048049,-0.002574,0.675483,0.129643,0.291276
0.077842,-0.050711,0.004161,-0.553675,-0.083600,0.732505
0.093643,-0.057748,-0.019495,-0.212196,0.867109,0.535588
0.089425,-0.046237,0.001141,-0.055630,-0.284174,0.134907
0.070000,-0.053035,0.048694,-0.172022,-4.235071,0.655020
0.102496,-0.051292,-0.028200,-0.582613,1.485855,0.795584
0.082683,-0.058982,0.016717,0.941147,0.799218,0.018450
0.076319,-0.067996,0.048323,0.567540,-0.779825,0.193837
0.093873,-0.054417,0.031796,-0.096398,-0.823048,0.340667
0.094500,-0.056225,0.010263,0.430118,0.927401,0.761289
0.079529,-0.068508,0.012331,0.449428,1.390457,0.227298
0.075508,-0.061428,0.027096,0.643542,-0.737048,-0.297426
0.089015,-0.059176,0.019277,-0.089033,-0.146052,0.672850
0.104049,-0.063141,-0.021150,0.338065,2.144844,0.153125
0.089806,-0.057121,-0.010203,0.105993,1.148771,-0.140762
0.077310,-0.059481,0.032354,0.185379,-1.456821,-0.025397
0.105549,-0.049427,-0.021370,-0.673034,0.175640,0.653963
0.096909,-0.056370,-0.018803,0.142123,0.827270,-0.214866
0.077290,-0.059682,0.052915,0.863899,0.157341,-0.330352
0.092291,-0.055070,0.028990,0.646831,0.031072,0.552637
0.102033,-0.032877,-0.024600,-0.124266,-0.088396,0.314732
0.077550,-0.047241,-0.001196,-0.653582,0.518333,-0.098970
0.087164,-0.056744,0.017980,0.841207,0.766991,-0.154889
0.078803,-0.038687,0.030867,0.079416,-2.278862,0.402410
0.075961,-0.045252,0.033687,0.016452,-0.245605,0.010450
0.082037,-0.049066,0.012600,0.071016,-0.670188,-0.034736
0.096302,-0.036544,0.025527,0.589001,0.770273,0.183208
0.086501,-0.047435,0.016976,0.216641,1.164248,0.167764
0.094559,-0.038228,0.022110,0.301069,0.898062,0.202112
0.083153,-0.042498,0.021863,0.889035,0.534778,-0.055084
0.083090,-0.044241,0.023029,0.748980,0.019875,0.407405
0.098222,-0.041664,-0.013948,0.468608,0.548801,0.100491
0.073397,-0.051682,0.023324,-0.175052,-0.087201,-0.284766
0.091733,-0.048909,0.015384,0.440385,0.717577,0.247255
0.087036,-0.031738,0.008750,0.454749,0.798003,-0.041291
0.070758,-0.037079,-0.015888,-0.921938,0.456584,0.068014
0.078790,-0.035654,0.000580,-0.273821,0.636028,-0.096088
0.072839,-0.031101,0.028474,0.136481,-0.110661,0.071021
0.069580,-0.043680,0.020120,0.266121,0.022495,0.178212
0.076414,-0.033264,-0.008223,-0.221446,0.733454,0.529994
0.078587,-0.034394,0.018587,-0.018309,0.460556,-0.190117
0.070627,-0.049414,0.026534,-0.002077,0.199887,-0.506606
0.090020,-0.028557,0.021814,0.252899,0.290978,0.377588
0.075016,-0.024175,0.010378,-0.385466,0.230506,0.630516
0.060379,-0.045098,0.000843,-0.304991,0.476748,-0.497882
0.088851,-0.033465,0.029603,0.328677,0.466592,-0.206775
0.088552,-0.022935,0.018082,0.192377,0.031462,0.291607
0.075324,-0.041415,-0.006054,-0.179011,0.614404,0.421342
0.081108,-0.025311,-0.039551,0.115240,0.833303,-0.196327
0.071352,-0.034348,0.027644,0.391119,0.127690,-0.166057
0.089406,-0.027497,0.014839,0.363340,0.390939,0.563114
0.077917,-0.022797,0.001086,-0.120383,0.211793,0.293399
0.060612,-0.049312,0.006383,-0.344528,0.149945,-0.576821
0.078416,-0.038733,0.032623,0.391185,0.335505,0.085368
0.087663,-0.028639,0.018220,0.364348,-0.166623,0.101400
0.068556,-0.040072,-0.006704,0.095611,1.417813,0.073397
0.082539,-0.037138,-0.001242,-0.079070,1.090239,-0.021846
0.073949,-0.040893,0.023429,0.170973,-0.396620,0.113804
0.069823,-0.047520,0.040501,0.110011,-1.190954,0.041961
0.087873,-0.022853,0.007388,-0.331227,1.279931,0.107942
0.089855,-0.038795,-0.006090,0.141378,1.178645,-0.016197
0.082907,-0.049558,0.011911,0.457795,0.222195,-0.234682
0.084453,-0.033008,0.026114,0.199129,-1.085909,0.390826
0.083852,-0.035772,0.030759,0.070743,-0.658014,0.523571
0.090499,-0.049191,-0.009507,-0.070605,0.581192,0.206369
0.086287,-0.042957,-0.012139,0.337766,0.831376,-0.347900
0.081768,-0.042235,0.024535,0.294123,-0.072158,0.202404
0.089839,-0.052844,0.014015,0.461091,0.128435,0.290968
0.091205,-0.041434,-0.008168,0.304341,0.558451,0.086580
0.075944,-0.048725,0.002904,-0.350682,0.030829,0.001167
0.083412,-0.050005,0.017875,-0.263409,0.215407,0.158469
0.095002,-0.048055,0.022402,0.451897,0.914993,0.040117
0.083793,-0.054804,0.016477,0.214645,0.047783,0.311486
0.090568,-0.041477,-0.009527,-0.387820,0.384164,0.518093
0.078820,-0.060072,0.010181,-0.294651,0.164867,-0.155526
0.093289,-0.054712,0.025136,0.325044,0.255174,0.047624
0.105542,-0.045163,0.017721,0.282983,0.661411,0.437279
0.083212,-0.056045,0.013835,-0.106380,0.124122,0.176863
0.092993,-0.047806,-0.006776,0.020919,0.773349,-0.049461
0.079076,-0.058286,0.030841,0.292873,-0.704631,0.002182
0.091329,-0.053504,0.026643,-0.130900,-0.671708,0.869711
0.095390,-0.048731,-0.013232,-0.169728,0.801637,0.806783
0.092097,-0.059885,-0.010350,0.201450,1.350421,0.216023
0.089370,-0.063916,0.019234,0.826410,-0.446408,0.119319
0.092934,-0.056580,0.022842,0.046542,-0.214182,0.788963
0.107055,-0.051505,-0.017575,-0.215534,1.941428,0.922965
0.096653,-0.048836,0.011980,0.199701,1.188456,0.077028
0.086809,-0.070212,0.021788,0.947765,0.841476,-0.019528
0.104932,-0.045879,0.018594,0.384699,0.286275,0.509552
0.098226,-0.041037,0.018673,-0.203685,-0.295459,0.505482
0.095193,-0.064280,0.004880,0.548676,1.339327,0.186120
0.097842,-0.048223,0.018430,0.540917,0.080266,0.253453
0.094681,-0.045009,0.011570,0.109690,0.249797,0.535815
0.101666,-0.058559,-0.001258,-0.017722,0.908510,0.714032
0.090916,-0.050734,0.011360,0.681825,0.798059,-0.142373
0.085953,-0.049023,0.035092,0.670681,0.244355,0.280309
0.093607,-0.047280,-0.008923,-0.501537,0.187969,0.602941
0.093702,-0.043739,0.001105,-0.268766,0.224191,0.346329
0.072557,-0.062229,0.030043,0.443300,0.281299,-0.073810
0.094917,-0.034410,0.014665,0.217695,0.816021,0.572712
0.090085,-0.039495,0.008835,-0.299854,-0.140449,0.632295
0.075478,-0.052237,0.015499,-0.053943,0.471063,0.207029
0.093102,-0.040906,0.026387,0.542364,0.643466,0.302525
0.088369,-0.035172,0.008281,0.268576,0.618546,0.859272
0.076818,-0.049493,0.007450,-0.237107,0.408135,0.325436
0.082936,-0.045807,0.009571,-0.444563,0.199021,0.006708
0.081564,-0.039573,0.021850,0.613698,0.317852,0.331361
0.079844,-0.047182,0.011176,0.748104,0.267384,0.357624
0.085608,-0.037285,-0.006500,0.000604,0.044615,0.210351
0.065864,-0.046883,0.009292,0.076294,0.417907,-0.207996
0.085247,-0.044379,0.030161,0.273683,0.484767,0.214398
0.083872,-0.039255,0.020688,0.517542,0.743338,0.492118
0.074540,-0.048669,0.005382,-0.149456,0.822983,0.604949
0.075984,-0.043046,0.006246,-0.426093,0.511374,0.169343
0.076105,-0.043276,0.022464,0.531798,0.258436,0.015095
0.081045,-0.043223,0.005353,0.332426,0.533977,0.798764
0.081269,-0.043978,-0.017608,0.482187,0.711531,0.215547
0.066931,-0.044802,0.026003,0.026063,0.054535,-0.033554
0.083432,-0.050248,0.020301,0.308855,-0.195774,0.172133
0.073594,-0.037834,-0.005312,0.301282,-0.420959,0.122434
0.066842,-0.047651,0.011373,-0.146603,0.464869,0.281189
0.081889,-0.049982,0.020806,0.387932,0.045508,0.240608
0.076269,-0.039941,0.012824,0.493548,-1.192782,0.163546
0.077346,-0.035172,0.001982,-0.331437,0.409799,0.747653
0.072521,-0.048452,-0.003625,-0.035818,0.691925,-0.119902
0.075721,-0.044369,0.017212,0.627970,0.425430,-0.246316
0.063586,-0.053327,0.037465,0.273631,-0.553458,0.220086
0.089783,-0.045423,0.003101,-0.119139,1.369256,0.596517
0.093046,-0.042416,-0.004248,0.508542,1.684731,-0.123178
0.071290,-0.047100,0.024640,0.832121,1.130475,0.098219
0.083215,-0.037390,0.023849,0.306633,-0.260783,0.555794
0.082158,-0.041421,0.005428,-0.199782,-0.009391,0.339964
0.078961,-0.058631,0.004562,0.451063,1.694605,-0.022827
0.079122,-0.045554,0.018177,0.893710,0.162638,0.084653
0.079056,-0.039212,0.016382,0.018366,0.019504,0.545836
0.080277,-0.050560,0.000422,-0.208379,0.030438,0.570208
0.082910,-0.051013,-0.001849,0.050448,0.300708,-0.069717
0.076266,-0.050556,0.019681,0.651151,-0.123423,-0.483383
0.085060,-0.054088,0.001332,0.452452,0.613061,0.436879
0.077907,-0.043365,-0.025614,-0.292783,0.690474,0.281291
0.067473,-0.050760,0.017619,-0.179529,-0.076996,-0.206844
0.083684,-0.049316,0.006813,0.774242,0.382572,0.287872
0.086609,-0.039760,-0.002387,0.070103,0.301597,0.453369
0.080241,-0.055211,0.004877,-0.612030,0.580542,0.384166
0.079424,-0.061251,0.013076,-0.075046,0.484731,0.044837
0.089081,-0.042610,0.016595,0.386140,0.061372,0.382459
0.071589,-0.049069,0.002783,0.258338,0.386566,0.474836
0.086281,-0.042803,-0.003579,-0.683259,0.362115,0.392070
0.083717,-0.046102,0.008954,-0.135069,0.132273,0.154526
0.077198,-0.057571,0.019530,0.529769,0.060052,0.214549
0.086156,-0.046099,0.012919,-0.060781,0.105107,0.274486
0.083474,-0.043995,-0.008791,-0.327850,0.524222,0.341599
0.076434,-0.061362,0.014018,0.091390,0.517168,-0.177213
0.083655,-0.041132,0.015371,0.082961,-0.442134,0.327878
0.084843,-0.038086,-0.000188,0.362884,0.174170,0.560085
0.077530,-0.057128,-0.011135,-0.238383,0.776474,0.464687
0.085073,-0.048341,0.003275,-0.200133,0.550659,0.063412
0.090715,-0.042747,0.012807,0.484843,0.559223,-0.087025
0.077054,-0.056475,0.016306,0.408710,-0.179392,0.403043
0.078072,-0.045908,0.000327,-0.625616,0.444032,0.276029
0.080448,-0.047592,-0.001412,-0.134068,0.708209,-0.060815
0.071549,-0.054866,0.023216,0.423894,-0.109226,0.169182
0.091014,-0.041142,0.006416,0.108459,0.378590,0.552191
0.082644,-0.041543,-0.014493,-0.421432,0.198469,0.258392
0.075071,-0.048738,0.008297,-0.036070,0.587914,-0.228318
0.082680,-0.040417,0.016277,0.450400,-0.295623,-0.093039
0.071050,-0.040657,0.013306,0.190615,-0.106725,0.454065
0.084374,-0.047720,-0.007505,-0.263724,0.933338,0.028927
0.079335,-0.041329,-0.013282,0.322122,0.754577,-0.383958
0.070528,-0.047917,0.023501,0.577394,-0.029929,0.140435
0.083501,-0.047911,-0.003136,0.203915,0.220623,0.380936
0.087479,-0.037558,-0.024714,-0.081276,1.069382,0.169888
0.066583,-0.048905,0.017668,0.092043,0.134229,-0.202190
0.077868,-0.044815,0.019543,0.437418,0.404465,-0.029002
0.078748,-0.038165,-0.003664,0.050734,0.557598,0.124183
0.060412,-0.045501,0.000360,-0.552454,0.409386,-0.103326
0.077146,-0.043591,0.024434,0.033031,0.259093,0.264494
0.080297,-0.044284,0.018755,0.531680,0.036235,-0.052852
0.062644,-0.048991,0.003951,-0.195321,0.670287,-0.080159
0.082578,-0.040834,0.002126,-0.578454,0.755089,-0.310700
0.073863,-0.030478,0.012157,0.013445,0.047595,-0.145440
0.068979,-0.044776,0.024650,0.534050,0.007550,0.205243
0.084420,-0.030215,-0.001787,-0.399899,0.611282,0.192021
0.076171,-0.038720,-0.001064,-0.260402,0.712594,-0.307792
0.063836,-0.056845,0.017888,0.261742,0.077951,-0.570588
0.074044,-0.030507,0.008369,0.569520,-0.179799,-0.171850
0.072101,-0.037601,0.001699,0.231360,0.288546,-0.020412
0.073361,-0.046690,-0.014759,-0.214192,0.519787,-0.127780
0.076939,-0.040069,-0.014024,0.452760,0.360215,-0.305964
0.066045,-0.040066,0.025924,0.594286,0.265457,0.231771
0.080638,-0.035346,0.006915,0.328818,0.692512,0.281957
0.077934,-0.033100,-0.010836,-0.002104,0.405092,-0.007682
0.067725,-0.041392,0.021414,0.017926,-0.075532,-0.309552
0.081876,-0.037000,0.025044,0.298236,-0.099077,0.031228
0.077871,-0.037880,0.007276,0.238653,0.301459,0.387353
0.075793,-0.049818,-0.009920,-0.120846,0.778355,0.091851
0.077195,-0.044687,-0.004353,0.142173,0.640233,0.050437
0.071454,-0.045373,0.030168,0.486832,-0.010198,0.257509
0.091185,-0.044970,0.010030,0.174134,0.351425,0.570264
0.083097,-0.040417,-0.015786,-0.023338,1.044459,0.295648
0.074592,-0.050028,0.020737,0.086709,0.394543,-0.084944
0.086606,-0.046329,0.023728,0.478022,0.047097,0.392644
0.081154,-0.037791,0.003771,-0.192653,0.065481,-0.004285
0.078423,-0.058759,0.000311,-0.152594,0.561146,0.335793
0.082142,-0.048692,0.005560,0.349229,0.563529,-0.014017
0.076939,-0.045285,0.024758,0.441038,-0.040456,0.413491
0.089238,-0.052332,0.005957,0.134413,0.004257,0.850253
0.089265,-0.047967,-0.019292,0.039235,0.522440,0.272048
0.060271,-0.064395,0.036480,-0.309337,-1.691335,-0.192477
0.090240,-0.050497,0.023866,0.419844,0.285077,0.452900
0.095692,-0.039879,0.010312,0.237685,0.405302,0.756010
0.074188,-0.056484,0.001873,-0.381307,0.175387,0.268174
0.091040,-0.050507,-0.008348,-0.297750,0.726729,0.005031
0.075905,-0.052884,0.023255,0.475090,-0.077200,-0.216921
0.087922,-0.050868,0.018003,0.514519,0.188721,0.825585
0.083156,-0.045682,-0.005627,-0.280835,-0.171294,0.655210
0.076578,-0.053494,0.003272,-0.250131,0.516728,0.024722
0.085273,-0.067720,0.013414,0.551397,0.663417,0.299190
0.090843,-0.045058,0.005152,0.376726,-0.759395,0.579366
0.075902,-0.042921,0.010611,-0.292672,-0.157284,0.493674
0.076178,-0.065065,-0.009769,0.032828,1.130944,0.198843
0.080871,-0.059918,0.009472,0.098224,-0.393180,-0.015379
0.081462,-0.058490,0.017865,0.243692,-0.834885,0.348663
0.095196,-0.060246,-0.013984,0.104861,1.402461,1.053084
0.081259,-0.062721,-0.032720,0.127342,1.258008,0.547365
0.075882,-0.057440,0.016956,0.411191,0.080161,0.238452
0.095813,-0.048882,0.004650,0.480707,0.494073,0.870791
0.082972,-0.051318,-0.004816,-0.002439,0.280386,0.571196
0.059644,-0.060502,-0.013052,-0.356797,0.233089,0.282764
0.079243,-0.052582,0.010132,-0.377372,0.368851,0.065034
0.084574,-0.047556,0.024841,0.457021,0.159202,0.587684
0.078958,-0.058369,0.013437,0.217225,0.243724,0.596487
0.084482,-0.046266,-0.021724,-0.399495,0.630192,0.263425
0.086773,-0.054443,0.012794,-0.206265,0.526175,0.120773
0.079122,-0.068216,0.018223,0.619341,0.030963,-0.016062
0.079726,-0.045492,-0.007094,0.668968,0.004530,0.568143
0.078728,-0.039819,0.011668,-0.279322,-0.063180,0.732199
0.083212,-0.055677,-0.009317,-0.293643,0.842727,0.474128
0.081065,-0.059787,0.001732,0.510367,0.282838,0.123081
0.071556,-0.049545,0.019129,0.241506,-0.306077,0.733791
0.084741,-0.046775,-0.004353,-0.016176,0.348733,0.678768
0.076663,-0.053255,-0.018153,-0.114284,0.948726,-0.018051
0.062165,-0.047110,0.027201,0.091127,-0.660633,-0.221589
0.083717,-0.037482,0.012906,0.151820,0.282611,0.619297
0.086074,-0.037312,-0.014345,-0.195695,0.717754,0.416964
0.058397,-0.052949,0.013930,-0.257921,0.062002,-0.085315
0.080845,-0.047579,0.025467,0.512950,0.468509,0.099398
0.089849,-0.036517,0.014757,0.614581,1.487119,0.703704
0.066560,-0.040236,-0.001215,-0.286927,0.463021,0.333265
0.077957,-0.037732,0.006252,-0.543401,0.572553,0.102998
0.075951,-0.043401,0.011488,0.233687,0.433627,-0.614989
0.063524,-0.050757,0.027617,0.554952,0.211753,0.312050
0.090033,-0.042747,-0.008089,0.080453,1.823145,0.364599
0.077106,-0.039094,-0.005854,0.155982,1.214102,0.123911
0.063918,-0.051590,0.040682,0.678113,0.279936,-0.128296
0.087633,-0.035323,0.015735,0.274579,-0.402680,0.672160
0.081013,-0.026690,-0.000493,0.051876,0.711974,0.053148
0.059263,-0.049860,0.009965,0.272846,0.260665,-0.191873
0.078255,-0.047947,0.018263,0.642446,0.831655,-0.000746
0.077264,-0.035808,-0.004137,0.808061,0.047848,0.759729
0.063130,-0.038667,0.021017,-0.165727,-0.881554,0.231545
0.070876,-0.052677,-0.005899,0.320711,0.990476,-0.068729
0.078945,-0.037630,-0.002253,0.560585,0.524977,-0.028516
0.072521,-0.036153,0.028464,0.639774,-0.019048,0.156804
0.079256,-0.042600,0.000810,0.169958,0.794993,-0.039640
0.077822,-0.039015,0.001315,-0.046049,0.748839,-0.196413
0.070023,-0.041589,0.008218,0.589132,0.537214,-0.243686
0.065385,-0.048974,0.040659,0.634430,-0.532592,0.036870
0.085276,-0.032414,0.038486,-0.979377,-0.959509,0.561289
0.071543,-0.037578,-0.012930,0.346137,0.983773,-0.195911
0.066199,-0.051915,0.033306,0.613895,0.251199,-0.076929
0.084154,-0.035779,0.022914,0.414054,0.917149,0.456254
0.085391,-0.031521,0.007657,-0.293922,0.379056,0.453757
0.058351,-0.045199,0.008809,-0.012821,0.642045,-0.441772
0.075938,-0.042442,0.028671,0.371612,0.559623,-0.286394
0.086599,-0.039741,0.013812,0.462200,0.691062,0.267967
0.065283,-0.039193,0.015774,-0.096750,-0.168113,0.363135
0.075275,-0.045587,-0.003500,-0.115387,0.710195,-0.179774
0.065178,-0.048912,0.011753,0.843272,-0.571193,-0.504870
0.070240,-0.033878,0.020390,0.417064,0.102107,0.082686
0.080356,-0.044589,-0.003786,-0.128776,0.690356,0.004010
0.077743,-0.044848,0.002225,0.131091,0.478455,-0.432463
0.067715,-0.045899,0.029072,0.521370,0.254721,-0.028496
0.084971,-0.040801,0.005661,0.294057,0.033878,0.290262
0.082696,-0.048744,0.000226,-0.393318,0.018316,-0.136629
0.058039,-0.049447,0.007736,-0.013898,-0.067103,-0.374091
0.077914,-0.046831,0.004979,0.725980,0.758112,0.135833
0.083330,-0.038841,0.009475,0.455901,0.366625,0.323802
0.064659,-0.054223,0.001391,-0.358399,0.335071,0.163582
0.073886,-0.041530,-0.000145,-0.311703,0.728019,-0.102604
0.078419,-0.041113,0.018978,0.269544,-0.156733,0.242752
0.069284,-0.049440,0.015381,0.338830,0.187969,0.046856
0.083609,-0.044343,-0.009215,-0.580187,0.599931,0.259075
0.078524,-0.038763,-0.001475,0.095506,0.959700,-0.078530
0.061006,-0.054187,0.038837,0.322044,-0.531610,0.090207
0.084846,-0.033087,0.020481,-0.139782,-1.049586,0.403936
0.076348,-0.041132,-0.003917,-0.286622,1.266627,0.102746
0.075324,-0.054538,-0.001449,0.537273,0.787024,-0.376884
0.062358,-0.053724,0.020478,0.764263,-2.079411,-0.509390
0.078570,-0.036123,0.017652,0.090100,0.804801,0.650329
0.079286,-0.047504,0.001929,0.093625,0.025232,0.507874
0.076716,-0.037794,-0.042210,0.151196,1.250113,-0.264221
0.066668,-0.051495,0.035591,0.265087,-0.355035,-0.371685
0.073486,-0.054981,0.024086,0.551424,-2.026994,0.582760
0.079975,-0.036173,-0.020139,-0.036747,-0.114836,0.492466
0.059710,-0.045711,0.009525,0.091190,0.293191,-0.361178
0.080238,-0.050041,0.018995,0.761910,0.699865,-0.130534
0.092435,-0.042396,0.003754,1.064584,3.823597,0.319679
0.072078,-0.043345,0.019628,0.073904,-0.156129,0.030929
0.067758,-0.040821,0.010083,-0.619593,-0.166918,-0.286289
0.082874,-0.038106,0.011153,0.784332,0.770845,-0.706477
0.068339,-0.052381,0.017120,0.743971,0.693464,-0.230931
0.079283,-0.035076,0.000032,0.291563,-0.433699,0.344166
0.058081,-0.047625,0.019700,-0.222470,0.021333,-0.097283
0.067289,-0.042399,0.015085,0.343734,0.922067,-0.192625
0.066573,-0.043305,0.017718,0.543930,-0.757849,-0.546225
0.067358,-0.047707,0.014248,-0.023811,0.919687,-0.008641
0.083231,-0.036448,0.017445,-0.167489,0.837340,-0.037011
0.072025,-0.037046,0.008684,0.824906,1.221106,0.076433
0.065999,-0.051387,0.026840,0.452343,-0.576232,-0.089047
0.074021,-0.034961,0.004663,-0.053737,0.660194,0.436415
0.075252,-0.036412,0.010454,0.227670,0.550465,-0.131529
0.056486,-0.047822,0.020206,0.618520,0.041756,-0.386604
0.076883,-0.032007,0.013345,0.616728,0.383448,0.046248
0.065181,-0.034469,0.006807,-0.088379,0.285388,0.289011
0.070981,-0.043108,-0.001275,0.002035,1.064577,0.033877
0.072541,-0.035949,-0.009740,0.916188,0.808606,-0.435584
0.051464,-0.036032,0.043376,0.222494,-1.713662,0.456415
0.079762,-0.040466,0.018515,0.045377,-0.625564,0.477768
0.076624,-0.028876,-0.002174,-0.068685,2.249599,0.271259
0.053040,-0.054183,0.023403,0.610160,1.744160,-0.468087
0.064180,-0.042386,0.035302,0.598655,0.641953,0.037215
0.064778,-0.035772,0.026180,-0.053077,-1.387027,0.378812
0.067134,-0.049519,-0.000559,0.157009,1.383174,0.415437
0.080251,-0.039852,0.003938,0.234232,1.005257,-0.220841
0.066583,-0.039097,0.019264,0.903390,0.263800,0.158530
0.060547,-0.047546,0.018912,0.037755,-0.214501,0.285558
0.076394,-0.040893,0.014146,-0.575119,0.333046,-0.385041
0.077185,-0.038080,0.006712,0.316319,0.666650,-0.023129
0.057842,-0.051840,0.032968,0.693645,0.274717,-0.243700
0.070440,-0.035851,0.024276,0.049765,0.202559,0.682772
0.066429,-0.044093,-0.008709,-0.468968,-0.003637,0.025753
0.052354,-0.058953,0.006209,0.180695,0.499784,-0.451028
0.075931,-0.042682,0.017892,0.484455,0.457858,0.070049
0.073581,-0.036734,0.007775,0.339240,0.303767,0.331686
0.054316,-0.060499,0.004526,0.029713,0.447022,-0.359389
0.073834,-0.041402,0.014468,-0.191999,0.432327,0.164478
0.075380,-0.038441,0.016460,0.543214,0.535947,0.073483
0.069819,-0.051571,0.007801,0.304584,0.946324,0.235510
0.075954,-0.038310,0.000482,-0.476370,0.855495,0.004023
0.065775,-0.045498,0.009154,-0.010717,0.266508,0.396708
0.061604,-0.053474,0.020285,0.783912,0.466014,0.421083
0.073601,-0.044231,0.006616,-0.088419,-0.058588,0.494226
0.073493,-0.053100,0.008038,-0.450002,0.505906,0.300483
0.045369,-0.060574,0.016411,0.181417,0.271953,0.176466
0.072429,-0.053438,0.010066,0.468211,-0.185769,0.519586
0.068549,-0.050120,0.001896,-0.162116,0.041937,0.602523
0.074697,-0.065610,-0.008007,0.073074,1.081544,-0.522664
0.068323,-0.046555,0.003065,0.240790,-0.190434,0.101334
0.064292,-0.049115,0.031281,0.321046,-1.103368,0.257752
0.068096,-0.058963,-0.007183,0.046201,0.564987,1.048475
0.075629,-0.043824,-0.023221,0.141890,2.048987,0.906526
0.057540,-0.054541,0.017281,0.187775,-0.292367,0.472755
0.078685,-0.060804,0.013789,0.522367,-0.610750,0.341077
0.093056,-0.041313,-0.011000,0.178581,0.248084,0.502773
0.061764,-0.055818,-0.017145,-0.159825,1.641886,0.140727
0.064794,-0.057955,0.005891,0.321456,0.237432,0.341274
0.069416,-0.043916,0.023626,0.182261,-1.042591,0.612860
0.071622,-0.057033,0.009965,0.027120,-0.055092,0.534984
0.073932,-0.049988,-0.022903,-0.294352,1.489781,0.564060
0.022559,-0.060033,0.061036,-0.829265,-8.483931,-0.676660
0.063435,-0.062340,0.012568,0.665508,-1.061330,0.264563
0.077609,-0.039649,0.008028,0.316939,-0.646023,0.784633
0.069577,-0.053560,-0.012172,-0.119057,1.209044,0.078925
0.064971,-0.051781,-0.003838,-0.133171,1.486790,0.222269
0.067630,-0.051482,0.024959,0.428010,-0.285917,0.129435
0.067397,-0.058999,0.016684,0.457631,-1.183880,0.328640
0.085096,-0.039314,-0.031509,0.213438,1.183677,0.415789
0.059447,-0.049260,-0.000267,0.120505,0.896999,-0.305839
0.062890,-0.056255,0.017685,0.682065,-0.435448,-0.093255
0.080678,-0.039652,-0.010528,0.632503,0.129535,0.224803
0.052747,-0.049467,0.024443,-0.360428,-0.246885,0.032908
0.066219,-0.052014,0.009006,0.372068,1.064639,-0.122548
0.065099,-0.047208,0.019044,0.685061,0.747891,0.210048
0.058036,-0.050379,0.013795,0.320094,0.965552,0.068618
0.068923,-0.034417,0.002287,-0.293141,1.022670,0.394718
0.059325,-0.038982,0.004506,0.388175,1.208732,0.289122
0.055213,-0.048991,0.005018,1.026281,0.595615,-0.059621
0.067427,-0.037459,0.026222,0.495061,-0.956762,0.136748
0.071388,-0.027970,-0.010147,-0.241348,1.563281,0.294610
0.048264,-0.055217,-0.001491,0.212272,0.400884,-0.581624
0.065611,-0.041139,0.014012,0.742412,0.432202,0.288055
0.090601,-0.017594,-0.031726,0.973200,5.787608,0.502421
0.047180,-0.046210,0.004837,-0.017078,-0.047599,-0.089556
0.054359,-0.038608,0.009098,-0.130946,0.504209,0.255812
0.058200,-0.031164,0.019441,0.685157,0.589391,0.521798
0.052347,-0.041720,0.004178,0.745760,0.305799,0.510870
0.062943,-0.033136,-0.001370,-0.239966,-0.301183,0.624614
0.060819,-0.039258,-0.001721,-0.036484,0.337320,-0.035101
0.044394,-0.046292,0.015669,0.884315,0.443691,0.706455
0.064325,-0.026000,-0.011942,0.790323,0.457487,0.403220
0.048930,-0.036094,0.002510,-0.279916,0.076599,0.249162
0.054241,-0.037998,0.004191,-0.165021,0.301108,0.438417
0.063603,-0.033238,-0.001882,0.421935,0.471099,0.138494
0.044226,-0.042124,0.017107,0.397983,-0.078358,0.212740
0.060737,-0.028502,-0.008854,-0.412103,0.440027,0.556887
0.065677,-0.044871,-0.011437,-0.007490,0.923609,-0.298372
0.061469,-0.038523,0.007811,0.454730,0.088419,0.155977
0.054622,-0.032792,-0.006152,0.755394,-0.211937,0.655774
0.049465,-0.028951,0.010516,-0.294759,0.406061,0.057129
0.058971,-0.036849,-0.012218,-0.533714,0.846771,0.301825
0.057031,-0.035542,0.011579,0.237826,-0.184601,0.163933
0.048930,-0.045488,0.017760,0.448027,-0.307929,0.243913
0.060281,-0.038382,-0.002167,-0.309557,0.505335,-0.131473
0.062651,-0.035178,-0.005748,-0.043968,0.634371,-0.178251
0.052859,-0.046644,0.019257,0.359785,-0.005767,0.053381
0.065759,-0.034072,0.006095,0.670064,-0.029148,0.257788
0.053992,-0.038513,0.004247,-0.131632,0.423330,0.069021
0.066235,-0.047297,-0.011424,-0.244499,0.833871,-0.237571
0.064505,-0.043355,-0.008699,0.493771,-0.115066,-0.243142
0.052879,-0.054075,0.021007,0.534732,0.102731,-0.229723
0.071710,-0.035628,0.006239,-0.175974,0.667497,0.200129
0.062273,-0.041093,0.003025,-0.087848,0.392504,-0.015728
0.056640,-0.058477,0.008524,0.290962,0.148987,-0.285380
0.067108,-0.034958,0.000419,0.730441,0.542059,0.060202
0.059056,-0.041441,0.001965,0.098697,0.408358,-0.058255
0.070013,-0.043003,-0.019646,-0.599186,0.139349,0.371922
0.070742,-0.036419,0.003091,0.127868,0.393164,-0.216544
0.052797,-0.048836,0.025290,0.567281,-0.267000,0.002605
0.068484,-0.041257,-0.001892,-0.255885,0.494099,0.148693
0.062109,-0.043621,-0.012550,-0.147926,0.530544,-0.374721
0.059181,-0.051590,0.027227,0.381869,-0.066676,0.016821
0.072938,-0.038306,0.010992,0.117925,0.061467,0.413658
0.070374,-0.036836,-0.001471,-0.208530,0.305897,0.407894
0.053614,-0.059448,0.007706,-0.049696,0.430052,-0.534803
0.076283,-0.043092,0.032912,0.189147,-0.967128,0.071093
0.064899,-0.042554,0.023639,0.155493,-0.645245,0.480308
0.071930,-0.051331,0.002943,-0.188051,0.468903,0.525031
0.066741,-0.047763,0.000915,0.328497,0.393138,0.189973
0.064184,-0.048863,0.026547,0.463284,0.159353,0.374830
0.077674,-0.047340,-0.003319,0.603723,-0.203957,0.730473
0.072524,-0.045534,-0.022216,-0.056408,0.529809,0.007814
0.065342,-0.045285,0.022287,-0.102934,-0.161161,0.231988
0.072025,-0.044681,0.017918,0.434822,0.259641,0.476412
0.084262,-0.033281,0.007109,-0.034131,-0.049991,0.509834
0.056821,-0.050231,0.009971,-0.662698,-0.177412,0.119883
0.064912,-0.046982,0.007069,-0.129279,0.881716,0.081613
0.067269,-0.043663,0.023501,0.342729,-0.578559,0.383450
0.075150,-0.040870,0.021115,-0.066614,-1.194827,0.817799
0.081685,-0.039872,-0.028758,0.023112,1.775011,0.422613
0.059280,-0.063804,0.017514,0.555740,1.053791,-0.436864
0.076591,-0.038671,0.021145,0.197984,0.470206,0.294332
0.066974,-0.030110,0.025087,-0.284761,-0.975619,0.534281
0.080707,-0.048774,-0.020644,-0.416567,1.740812,0.467835
0.065224,-0.049949,-0.006441,0.592326,0.628229,-0.546019
0.056447,-0.045413,0.047831,0.441196,-0.462239,0.431777
0.065024,-0.031873,0.021279,-0.349245,-0.447767,0.736574
0.072642,-0.034682,-0.018793,-0.389907,1.676305,0.099289
0.062030,-0.051068,-0.001219,-0.011872,1.153505,-0.138333
0.065900,-0.045534,0.015079,0.559459,-0.725455,-0.036584
0.054399,-0.028994,0.029065,-0.053005,-0.552273,0.319704
0.066691,-0.041562,-0.011335,-0.114143,0.507862,0.592508
0.064403,-0.031252,-0.014106,0.217882,0.823495,0.030673
0.036365,-0.047359,0.033496,0.194035,-0.505945,-0.054231
0.066862,-0.035959,0.016986,0.293821,0.361127,0.136443
0.063793,-0.036576,0.000852,-0.291333,0.381170,0.095478
0.055154,-0.051561,-0.003828,-0.098545,0.480927,0.074671
0.064804,-0.036055,0.009354,0.679485,0.271372,0.157004
0.059690,-0.031653,0.018640,0.431736,0.048892,0.473815
0.066465,-0.040883,-0.001800,-0.085540,0.149029,0.175931
0.068447,-0.036324,-0.017148,0.194934,1.408452,-0.297177
0.042841,-0.047005,0.035062,0.206846,-0.813034,0.191030
0.065897,-0.030025,0.020416,-0.140931,-1.022053,0.478151
0.064456,-0.031364,-0.013354,-0.013152,1.658281,0.150472
0.063310,-0.053376,0.010309,0.758404,0.900832,-0.273895
0.055121,-0.043762,0.027306,0.318466,-1.268908,-0.221931
0.062864,-0.048410,-0.004225,-0.161788,0.125704,0.298359
0.061531,-0.035762,-0.017119,-0.342621,1.498079,0.233399
0.053328,-0.041553,0.022152,0.445883,0.157679,-0.023927
0.064246,-0.051682,0.027322,0.439286,-1.342632,0.458572
0.074113,-0.034292,-0.015005,0.166725,0.712788,0.636864
0.054609,-0.040788,-0.013439,-0.239723,1.443830,0.126487
0.064138,-0.048584,0.007096,0.346278,1.207754,-0.377167
0.068090,-0.045180,0.018187,0.533721,-0.379062,0.578831
0.064364,-0.054416,0.002162,0.227161,-0.000276,0.888200
0.076890,-0.041267,-0.041015,0.355488,2.359075,0.167547
0.054261,-0.057906,0.017409,0.458498,0.062458,-0.181231
0.060996,-0.054952,0.027903,0.268238,-1.574241,0.289178
0.074310,-0.038224,-0.004902,-0.042369,-0.141726,0.645960
0.059864,-0.051938,-0.012609,0.183393,1.272802,0.185978
0.060553,-0.053970,-0.004475,0.692585,0.437287,-0.321339
0.063261,-0.044556,0.029708,0.366849,-0.075105,0.376662
0.072583,-0.047842,-0.003943,-0.011413,-0.329652,0.638450
0.072029,-0.047809,-0.031588,0.049444,1.542565,-0.013646
0.040691,-0.058434,0.038430,0.794744,-0.484137,-0.434002
0.075101,-0.044723,0.033539,0.170228,-0.306205,0.852232
0.080760,-0.044589,-0.003014,0.123141,0.398751,0.883192
0.062857,-0.061470,-0.006156,0.340858,0.584366,0.041298
0.065428,-0.046834,0.015354,0.795765,0.459016,0.201928
0.068982,-0.042350,0.025527,0.516587,-1.140102,0.493067
0.079749,-0.049388,-0.007301,0.208484,0.395819,1.003772
0.075613,-0.038677,-0.034883,0.100646,1.816344,0.797533
0.052810,-0.062692,0.020255,0.053415,0.306508,-0.311610
0.063008,-0.048318,0.018922,0.280990,-1.428947,0.525376
0.073765,-0.038195,-0.004396,-0.295780,0.143407,1.142107
0.080760,-0.055201,-0.029494,-0.023019,1.802840,0.593017
0.063816,-0.050199,-0.013607,0.927922,-0.205067,0.124574
0.055213,-0.051567,0.028198,0.268625,-0.940409,0.560610
0.074231,-0.042573,0.002904,-0.205021,-0.057643,0.602848
0.069626,-0.043998,-0.014293,-0.011810,1.077336,0.067584
0.058003,-0.057758,0.014435,0.969777,0.545440,0.144935
0.069924,-0.045462,0.002934,0.629618,-0.014630,0.676828
0.060044,-0.049762,0.011373,-0.056346,-0.342663,0.542963
0.072255,-0.050327,0.000593,0.090835,0.666706,-0.069192
0.054513,-0.060121,0.011950,0.641064,0.904548,-0.412341
0.066754,-0.049759,0.003446,0.754652,-0.101775,0.539034
0.073929,-0.035769,-0.021271,0.410548,1.061048,0.968193
0.042631,-0.055835,-0.006566,0.127402,0.189078,-0.354922
0.060563,-0.042626,0.021197,0.379821,0.828520,0.102424
0.052042,-0.037269,0.025963,0.081858,-2.481303,0.364641
0.066429,-0.044481,-0.006477,0.390433,1.512882,0.211348
0.059949,-0.044986,-0.020772,0.425709,1.053121,-0.103375
0.049655,-0.046594,0.028169,0.413958,-0.030274,-0.301484
0.054953,-0.045364,0.025527,0.599561,-1.478728,0.530293
0.068664,-0.028945,-0.017188,0.213300,0.026095,0.269959
0.038219,-0.050530,-0.002391,-0.103341,0.150700,-0.416619
0.064078,-0.045114,-0.008004,0.648039,1.038383,-0.371997
0.054310,-0.043949,0.014967,0.903678,0.933020,0.077838
0.050712,-0.042337,0.006994,0.024838,0.355560,-0.020346
0.052088,-0.033297,-0.006691,0.164329,0.238725,-0.056887
0.049934,-0.031682,-0.003736,0.103630,0.483572,0.024482
0.054310,-0.050986,0.002674,0.754176,0.817508,0.053479
0.067259,-0.025869,-0.016302,0.433663,0.110195,0.463620
0.039227,-0.040837,0.002527,-0.237750,-0.092614,-0.462140
0.050095,-0.043896,0.014347,0.429665,0.034988,-0.214670
0.052876,-0.031640,0.018256,0.749525,0.166581,-0.359728
0.050092,-0.031229,0.019274,-0.091524,-0.363435,0.523800
0.057353,-0.028321,-0.006320,-0.052095,0.364574,0.280227
0.045520,-0.036908,0.004046,0.800991,-1.076210,-0.499671
0.031100,-0.039156,0.051507,0.164598,-1.736482,-0.132396
0.050447,-0.033048,0.010565,-0.156434,-1.054992,0.198806
0.065900,-0.028229,-0.007633,0.427905,1.845236,-0.109445
0.030479,-0.046023,0.023820,0.436417,-2.033149,-0.249323
0.056706,-0.034292,0.012791,0.747756,-0.027178,0.041810
0.053529,-0.034413,0.002963,0.053806,0.629549,0.734979
0.060461,-0.037230,-0.010022,0.034000,0.937432,0.079322
0.056995,-0.035329,0.020724,0.865835,0.626473,-0.203657
0.042890,-0.044819,0.021870,0.501307,0.725005,0.183493
0.068044,-0.040079,-0.008378,0.013146,1.629130,0.285791
0.061846,-0.034627,-0.009487,0.567609,1.433401,-0.273127
0.043304,-0.049401,0.024877,0.969176,0.497181,-0.464470
0.067052,-0.039074,0.008583,0.067097,0.320744,0.351019
0.058685,-0.042468,-0.002522,-0.364613,1.144087,0.059194
0.054274,-0.051242,0.013103,0.603565,0.322017,0.001518
0.060238,-0.035913,0.015738,0.724631,0.346970,0.052724
0.061318,-0.038145,0.016890,-0.172141,-0.253808,0.541644
0.062828,-0.044359,-0.001114,-0.244147,0.273765,0.562133
0.061853,-0.040903,-0.009110,0.304240,0.532300,-0.006422
0.043278,-0.047747,0.028619,0.680427,0.269882,0.034057
0.062982,-0.039764,0.017304,-0.289596,-0.262391,0.471567
0.066622,-0.037568,-0.010945,-0.272373,1.515259,0.213849
0.062102,-0.049430,0.008028,0.600450,0.581441,0.113469
0.054120,-0.046191,0.013280,0.747385,0.046135,-0.297584
0.059401,-0.036777,0.016608,0.098644,0.480267,0.941835
0.064082,-0.048705,-0.006960,-0.150444,0.326396,0.327110
0.058026,-0.045117,-0.008502,0.651823,0.296404,-0.203447
0.052780,-0.040253,0.026131,0.166203,0.263078,0.524010
0.065467,-0.043138,0.007286,-0.122527,0.070924,0.433730
0.059749,-0.045987,-0.014861,-0.277362,-0.022432,-0.063477
0.042707,-0.055657,0.023777,0.359280,-0.073136,0.279363
0.067095,-0.039833,0.003623,0.799015,0.896989,0.262925
0.067285,-0.044802,0.001847,-0.211471,0.534122,0.487569
0.049422,-0.053990,0.013076,-0.407048,0.090881,0.136564
0.060215,-0.050550,0.003990,0.196067,0.511381,-0.323286
0.061190,-0.041960,0.015226,0.514450,0.572142,0.234253
0.067361,-0.056970,-0.000936,0.035103,0.616573,0.283011
0.059857,-0.048075,-0.007531,-0.266524,0.123692,0.271092
0.046163,-0.054243,0.016562,-0.023272,-0.176090,0.241803
0.056749,-0.054400,0.008720,0.527567,0.046470,0.327438
0.059125,-0.037942,-0.000982,-0.154668,-0.034991,0.582861
0.043061,-0.056570,-0.003769,-0.431460,0.681352,-0.050364
0.061059,-0.049168,0.007293,-0.015913,0.625951,0.135632
0.070496,-0.045104,0.015180,0.335127,1.519812,0.043389
0.047545,-0.055601,0.016726,-0.423769,0.410564,0.151407
0.057057,-0.046893,-0.005420,-0.502863,0.784112,0.363709
0.060734,-0.051912,0.012984,0.538474,-0.080702,-0.103799
0.046429,-0.056484,0.018637,0.379230,0.114455,0.242817
0.061265,-0.042245,0.006590,-0.443047,0.088849,0.621646
0.055104,-0.041090,0.002661,-0.232537,0.706588,0.500961
0.049560,-0.060112,0.024873,0.394494,0.078706,-0.092704
0.057287,-0.042170,0.005205,0.344019,-0.035388,0.645506
0.045490,-0.039846,0.008343,-0.381330,-0.188976,0.325656
0.059063,-0.047996,-0.012103,-0.027300,0.917911,0.232431
0.059339,-0.037177,0.019490,0.687382,0.735956,0.556963
0.044555,-0.047422,0.015788,-0.038795,-0.941397,0.425370
0.064321,-0.039216,0.001003,-0.242683,0.861430,0.616283
0.057783,-0.037834,-0.011201,-0.185316,1.062584,0.283706
0.036348,-0.060912,0.024493,0.755066,0.026243,-0.201809
0.064384,-0.037689,0.019365,0.273526,0.159806,0.456884
0.059467,-0.037075,0.009449,-0.095762,0.106121,0.180414
0.058580,-0.061057,-0.002725,0.344637,0.856277,-0.352542
0.061308,-0.039232,0.004394,0.844161,0.654321,0.424168
0.047289,-0.040614,0.031323,-0.124450,-0.305729,0.731053
0.061521,-0.046670,-0.002364,-0.238242,0.278453,0.152149
0.066347,-0.028728,-0.016082,0.641553,0.865074,0.359957
0.035574,-0.054571,0.023797,0.863377,0.699271,0.171532
0.062122,-0.041241,0.008353,0.397687,0.939339,0.758291
0.053627,-0.039787,-0.005722,-0.455507,0.045551,-0.031438
0.044620,-0.045173,0.018358,-0.108773,0.139674,-0.217943
0.065638,-0.045350,0.007604,0.660236,0.542059,-0.056896
0.061860,-0.036379,-0.002180,0.442240,0.901430,0.258543
0.043872,-0.042961,-0.009192,-0.279929,0.300150,0.074585
0.053949,-0.044960,-0.001895,-0.012837,0.596921,0.207143
0.051838,-0.039728,0.013647,0.475816,0.134990,0.324149
0.043842,-0.045117,0.018719,0.142550,0.229945,-0.043806
0.058078,-0.036580,-0.009244,-0.398947,0.514969,0.402990
0.055157,-0.029847,-0.014660,0.118526,0.688127,0.033279
0.054146,-0.048226,0.018217,0.545118,0.157285,0.227074
0.064390,-0.036455,-0.009175,0.526644,0.408145,0.410481
0.048654,-0.037111,-0.008200,-0.213273,0.447180,0.314469
0.051727,-0.049404,0.007946,0.567386,0.473354,0.215950
0.062634,-0.023883,-0.002525,0.858916,0.099021,0.700756
0.051608,-0.045324,-0.002565,0.121536,0.036373,0.591143
0.056755,-0.029536,-0.009264,-0.091898,0.560572,0.115176
0.045651,-0.042639,0.010178,0.054367,-0.560194,-0.107154
0.057779,-0.039009,0.018660,0.412567,-1.688893,0.927038
0.063018,-0.032332,-0.016180,0.355977,0.601287,0.695715
0.046343,-0.046237,-0.011992,-0.045192,0.688593,0.266811
0.057464,-0.045039,0.020262,0.142146,0.690904,-0.147938
0.052547,-0.039051,0.008773,0.306501,-0.911238,0.380131
0.050036,-0.051068,-0.003188,0.287013,1.053229,0.106664
0.055446,-0.030737,-0.023831,0.274458,0.563033,-0.211591
0.044594,-0.055592,0.019654,0.645400,-0.462574,-0.147390
0.062139,-0.039101,0.016523,0.325060,0.361282,0.488199
0.064180,-0.036094,-0.014378,0.222943,1.182692,0.532735
0.041512,-0.046640,0.014022,0.523129,-0.558648,0.041918
0.054316,-0.048902,0.014340,0.618441,1.222899,-0.144632
0.055708,-0.043486,0.012518,0.459903,0.356493,0.408675
0.060944,-0.047540,-0.010649,0.221332,1.030830,0.464661
0.063077,-0.043312,-0.011742,0.042958,0.496016,0.402196
0.044765,-0.050307,0.023337,0.859067,0.088974,0.078357
0.070532,-0.037272,0.011189,-0.035270,0.116372,0.534468
0.062618,-0.039068,-0.003241,-0.225050,1.113137,-0.208991
0.048096,-0.062550,0.006341,0.571614,0.481425,-0.114516
0.063350,-0.038996,-0.002844,0.772591,0.909308,0.623189
0.046911,-0.045462,0.010161,0.174872,0.213277,0.189871
0.067289,-0.049660,-0.017247,-0.479646,0.618553,0.279554
0.062306,-0.042111,-0.006874,0.130077,0.750034,-0.046878
0.057704,-0.049421,0.008615,0.920616,0.744585,0.320558
0.061955,-0.038602,-0.019597,0.335761,0.421573,0.485074
0.050348,-0.044100,0.000990,-0.334030,1.009783,0.063100
0.060478,-0.044385,0.001181,0.356256,0.482108,0.216498
0.062178,-0.033077,0.006482,0.618956,0.389159,0.562832
0.053870,-0.048108,-0.003011,0.246807,0.885093,0.182597
0.056247,-0.038342,-0.014371,-0.318905,0.441150,0.173026
0.042995,-0.044687,0.018512,0.519275,0.046975,-0.039125
0.058725,-0.036035,0.023679,0.420405,-0.275226,0.434600
0.057806,-0.030934,0.016510,0.076261,-0.714107,0.375365
0.051087,-0.046348,-0.002683,0.036852,1.862889,-0.195950
0.053965,-0.037098,0.015860,0.631722,0.309403,0.049714
0.056096,-0.032907,0.027473,0.313178,-0.466454,0.676594
0.062923,-0.035076,0.017097,0.162924,0.344837,0.546692
0.059046,-0.029900,0.000157,0.007238,0.638769,-0.063202
0.050666,-0.044507,0.032426,0.604126,0.353246,-0.028930
0.058081,-0.028479,-0.013242,0.399955,-0.052233,0.413930
0.041128,-0.029237,0.022950,-0.602580,-0.593409,0.499286
0.054467,-0.030113,0.005996,-0.225667,0.217409,-0.400847
0.049475,-0.036439,0.019021,0.735115,-0.647316,-0.169980
0.047177,-0.030996,0.016490,0.203705,-0.547149,0.316589
0.067932,-0.025377,-0.014818,-0.114747,1.297879,0.197263
0.038863,-0.043174,0.011130,0.157905,-0.107871,-0.607178
0.051093,-0.031308,0.033296,0.439647,-0.335248,0.212188
0.054792,-0.026089,0.010007,-0.060055,0.050533,0.053682
0.058452,-0.032165,0.002405,-0.091127,1.956287,0.115579
0.047282,-0.031768,-0.013813,0.712171,-0.270407,-0.164853
0.039509,-0.038569,0.037045,0.426504,-0.022429,0.156784
0.053246,-0.030507,0.010260,-0.210978,0.251054,0.441768
0.053965,-0.028072,-0.006103,-0.280937,0.460861,-0.062165
0.051674,-0.044376,0.019398,0.514427,0.409291,-0.091362
0.048214,-0.041418,0.000022,1.136863,0.323665,0.094838
0.045605,-0.035661,0.026515,-0.238032,-0.637128,0.273084
0.065969,-0.026352,-0.012865,0.072946,1.281878,0.566987
0.058741,-0.023571,0.004247,0.672913,1.226989,-0.375001
0.033598,-0.041743,0.037809,0.521832,-0.901101,-0.000133
0.053230,-0.030287,0.023337,-0.035440,-0.629516,0.326447
0.058292,-0.040807,-0.004774,0.010402,1.038737,-0.176942
0.051707,-0.041608,0.023446,0.322835,0.522801,-0.130669
0.054428,-0.029434,-0.000014,0.882878,0.540654,0.348498
0.036998,-0.046036,0.013270,-0.218075,0.328385,0.056932
0.055108,-0.039751,-0.010094,-0.121630,0.515930,0.132133
0.057950,-0.033898,0.023610,0.410853,0.198959,0.045608
0.049143,-0.039193,0.013565,0.195154,0.394257,0.358503
0.056933,-0.029440,0.000442,0.247824,0.369534,0.376182
0.045723,-0.035828,0.021847,-0.212068,-0.311004,-0.065585
0.053539,-0.045725,0.021982,0.437342,-0.030674,-0.078665
0.057993,-0.029503,-0.000260,0.000486,0.494325,0.597563
0.044302,-0.050202,-0.015422,-0.251461,0.467419,0.120352
0.055344,-0.031695,0.005202,-0.147220,-0.058824,0.315188
0.050575,-0.043568,0.020902,0.735063,-0.078322,0.234821
0.060904,-0.046450,-0.005916,0.068754,0.384426,0.715189
0.057061,-0.038267,-0.022141,-0.211852,0.616051,0.564620
0.042729,-0.037985,0.027900,0.070773,-0.617000,0.191391
0.054986,-0.037601,0.014970,-0.007224,-1.358860,0.491744
0.062181,-0.034065,0.003259,-0.173785,0.546989,0.497015
0.059979,-0.042271,-0.018543,0.314609,1.843782,0.534612
0.051005,-0.056498,0.010982,0.083814,-0.263051,-0.131591
0.054146,-0.044559,0.015896,0.373387,-0.376108,0.703570
0.060543,-0.050776,0.008747,-0.066929,-0.072571,0.246054
0.055613,-0.054036,-0.009829,0.272600,0.626933,-0.112504
0.051668,-0.042229,0.025169,0.558343,0.061470,0.074795
0.049885,-0.046696,0.037146,-0.381330,-2.313354,0.385833
0.063455,-0.037410,0.002907,-0.204899,0.785964,0.577002
0.060126,-0.052329,0.011195,0.463234,0.987955,0.217421
0.049334,-0.044897,0.009173,0.693376,0.166607,0.203985
0.041095,-0.046516,0.022044,-0.184033,-1.570541,0.297138
0.059723,-0.046194,0.012617,-0.460326,0.117226,0.684023
0.054569,-0.045452,0.010657,0.435209,0.645958,-0.013519
0.053424,-0.058789,0.010815,0.710372,0.315774,0.447372
0.055216,-0.048991,-0.016932,-0.074035,0.330286,0.199879
0.045756,-0.057062,-0.002725,-0.208323,0.580795,-0.009540
0.048379,-0.048213,0.012525,0.344397,-0.252790,0.250727
0.062559,-0.030435,0.015797,0.135496,-0.084815,0.842538
0.058262,-0.050632,-0.011381,-0.307728,0.416794,0.256354
0.049623,-0.051535,-0.035199,0.492136,0.380569,-0.065253
0.050299,-0.035910,0.033007,0.265471,-0.324771,0.712314
0.065260,-0.034213,0.001365,0.063246,-0.306107,1.301761
0.055968,-0.042399,-0.013551,0.129131,0.714800,0.707800
0.046301,-0.057341,0.004539,0.101204,0.561271,0.415352
0.047397,-0.049440,-0.002771,0.656196,-0.538530,0.286628
0.041216,-0.044037,0.026918,-0.260363,-1.450283,0.641915
0.062637,-0.041293,-0.011384,-0.386336,1.290606,0.243132
0.056611,-0.038595,0.010427,0.676340,0.616902,0.717658
0.057711,-0.038228,0.022848,0.205117,0.469625,0.946404
0.061840,-0.042399,0.022297,-0.173063,0.565669,0.260105
0.036565,-0.042866,0.009626,0.371536,0.052910,0.506324
0.048763,-0.054764,0.009229,0.523336,0.799097,-0.164242
0.050213,-0.036649,0.008615,0.270467,0.130392,-0.043455
0.057845,-0.045692,-0.002223,0.264936,2.171241,0.517284
0.048910,-0.039527,-0.001984,-0.149196,0.769187,-0.084255
0.049061,-0.043473,0.014310,1.072176,0.349711,-0.369033
0.054546,-0.050373,0.004007,0.120502,0.712204,0.400594
0.049462,-0.032798,-0.007876,-0.018296,0.342605,0.222045
0.045913,-0.036938,0.022238,-0.320737,0.368503,0.429285
0.055433,-0.040328,0.033713,0.259438,0.536748,0.376235
0.051448,-0.022606,0.017120,0.087146,-0.225887,0.651690
0.028730,-0.052296,0.012285,-0.299972,-0.036875,-0.431006
0.048116,-0.039048,0.004755,0.304164,0.381580,-0.016700
0.038535,-0.042951,0.029836,0.785484,0.054699,-0.301592
0.053411,-0.032857,0.016664,0.174147,0.121903,0.937482
0.046242,-0.033648,-0.004564,-0.239916,-0.068951,0.044318
0.023087,-0.070809,0.022947,0.013967,0.009326,-1.110645
0.040872,-0.041510,0.027296,0.663555,0.219576,0.067643
0.051100,-0.037164,0.015006,0.135161,1.147327,0.330385
0.053795,-0.042452,-0.011821,-0.066052,0.430052,0.380177
0.038807,-0.047251,-0.002981,0.089719,0.144073,-0.491606
0.045264,-0.028295,0.030749,0.303760,-0.536852,0.419628
0.049242,-0.039225,-0.000434,0.106702,0.404541,0.496979
0.048628,-0.034551,-0.035599,0.092132,0.601100,0.043727
0.030607,-0.046493,0.014589,-0.255918,-1.112014,-0.091520
0.054011,-0.048977,0.011550,0.761808,0.290378,0.375870
0.050220,-0.025771,-0.006441,0.163738,-0.268500,0.847081
0.045858,-0.030488,-0.003894,-0.240028,1.330083,0.533650
0.055259,-0.032106,0.007595,0.100722,0.263199,0.907120
0.060363,-0.030648,0.009633,0.472478,-0.040032,0.683763
0.043301,-0.029605,0.025599,-0.222464,-0.781742,0.783802
0.047909,-0.053307,-0.010587,0.100745,0.725215,0.242656
0.053456,-0.036051,0.006721,0.207362,0.443139,-0.156906
0.032137,-0.042974,0.030552,0.169318,-1.386837,0.605766
0.053916,-0.040509,0.012873,-0.266373,0.030057,0.235891
0.050190,-0.039852,-0.006313,-0.002357,1.342557,0.154398
0.051126,-0.041707,-0.004485,0.519472,0.311533,0.422143
0.050010,-0.042780,0.006459,0.473449,-1.485628,0.188650
0.049176,-0.042419,0.003718,-0.265661,0.457703,0.399307
0.062903,-0.045757,-0.035609,0.263232,2.179729,0.779354
0.053713,-0.042580,-0.007731,1.081350,0.205471,-0.034897
0.047607,-0.048662,0.030726,0.458055,0.154662,-0.066740
0.059056,-0.044760,0.006108,-0.027513,0.243373,0.425114
0.050949,-0.040282,-0.010607,-0.245588,0.765251,-0.057973
0.044243,-0.049752,0.009384,0.242937,0.553984,0.020015
0.051707,-0.045813,0.005878,0.517335,-1.096308,0.066586
0.062759,-0.035680,0.008051,-0.122041,0.990692,0.337105
0.059483,-0.053757,-0.016206,0.514119,1.144974,0.271010
0.034087,-0.046000,0.001486,0.806091,-1.266056,-0.259978
0.039358,-0.053980,0.012174,0.413679,0.700216,-0.187350
0.052738,-0.042885,0.012055,-0.553143,0.508184,0.123237
0.051395,-0.039314,0.011212,0.235473,0.503375,-0.390802
0.045828,-0.053241,0.006177,0.695956,0.509320,0.097667
0.055154,-0.036553,-0.023520,0.131416,0.290105,0.159502
0.030131,-0.054653,0.019270,-0.440060,-0.424504,-0.032505
0.057244,-0.044408,0.021735,0.267660,0.339726,-0.180083
0.044702,-0.035076,0.006055,0.173379,-0.090690,0.130426
0.038518,-0.050596,-0.001622,-0.026148,0.344177,0.365242
0.052583,-0.040748,-0.013541,0.369357,0.494421,-0.154427
0.038078,-0.051059,0.020905,0.670770,-0.329534,-0.341766
0.057976,-0.033481,0.010999,-0.113024,0.358239,0.436123
0.045976,-0.037266,-0.015514,-0.063137,0.741342,-0.084968
0.042680,-0.054446,0.029997,0.127690,-0.038989,-0.435476
0.050952,-0.037348,0.005852,0.514089,-0.102967,0.718481
0.033663,-0.042852,0.019635,-0.339003,-0.871267,0.113410
0.056785,-0.043099,-0.006274,-0.179585,0.978751,0.105949
0.041459,-0.050986,0.024611,0.514943,-0.707365,-0.241090
0.052705,-0.040591,0.008839,0.426845,-0.306071,0.586554
0.064121,-0.025902,-0.042581,0.196687,1.830206,0.796052
0.047863,-0.042550,0.005668,0.174528,0.749138,0.476845
0.046563,-0.052631,0.017087,0.593416,-1.173622,0.528327
0.050850,-0.022734,0.012679,-0.046541,-0.533577,0.576844
0.052951,-0.048357,-0.016446,0.107822,1.126070,0.553027
0.050991,-0.042560,-0.033846,0.578691,0.904935,-0.311302
0.036181,-0.044087,0.032643,0.561438,-0.641103,0.110790
0.058666,-0.032720,0.007109,-0.117636,-0.511309,0.880634
0.052478,-0.039101,-0.005486,-0.074902,0.312393,0.443177
0.050187,-0.063095,-0.019000,0.946419,0.971743,-0.462297
0.040386,-0.049860,-0.006723,1.074428,-1.258736,-0.299866
0.045874,-0.040115,0.012013,0.053593,-0.448194,0.188834
0.062936,-0.030547,-0.026599,-0.084782,1.975191,0.204589
0.040245,-0.037000,-0.007275,0.241463,0.927112,-0.175915
0.056122,-0.038996,0.013411,0.492478,-0.597164,0.668772
0.060908,-0.024087,0.004069,-0.124824,-0.480614,0.786412
0.048950,-0.048045,-0.022272,0.044448,1.420265,0.114792
0.049570,-0.041615,-0.015310,0.679921,0.570685,-0.134326
0.030456,-0.054311,0.039227,0.656645,-1.081018,-0.425544
0.057182,-0.034305,0.002195,0.046496,-0.293286,0.840303
0.047046,-0.039019,-0.011834,0.342112,0.194560,0.291869
0.062516,-0.035106,-0.007130,0.387449,0.792850,0.153180
0.054753,-0.033077,0.000222,0.862677,0.587685,0.418480
0.041302,-0.041950,0.019900,0.077118,-0.639944,0.226303
0.044046,-0.043660,-0.019853,0.285064,0.594561,-0.358188
0.044525,-0.045219,0.016447,0.683443,0.259628,-0.428846
0.053256,-0.036859,0.000656,0.530787,0.249334,0.529810
0.052715,-0.036629,-0.004820,-0.008829,-0.160170,0.103211
0.037753,-0.051219,0.012449,0.189620,0.321259,-0.380896
0.046179,-0.047655,0.010739,0.774032,0.286823,-0.374991
0.052869,-0.030852,-0.000224,0.536925,0.558536,0.599184
0.043603,-0.043003,-0.004570,-0.080593,-0.149814,0.445855
0.051300,-0.030527,-0.012642,0.545643,0.595461,0.044258
0.048654,-0.045734,0.025612,0.638349,0.470419,-0.204064
0.051228,-0.046745,0.008950,0.405562,0.073868,0.549918
0.059962,-0.029545,-0.026267,0.480113,0.971274,0.248453
0.033755,-0.053097,0.007555,0.273552,-0.254510,-0.676667
0.049147,-0.050172,0.014242,0.786902,0.233017,0.166717
0.053460,-0.034922,-0.020106,0.602081,0.364160,0.402163
0.039690,-0.030465,0.004732,-0.740245,-0.599291,0.533581
0.048162,-0.055365,0.007805,0.553790,0.591623,-0.268338
0.059365,-0.036271,0.009640,0.856579,0.423182,-0.025569
0.042739,-0.032631,0.005146,0.112568,0.116934,0.743667
0.058666,-0.034433,0.000340,-0.298925,0.256457,0.457255
0.048736,-0.047307,0.003439,0.377146,0.134475,-0.148296
0.039920,-0.041562,0.015532,0.269393,-0.541668,0.608503
0.058479,-0.043095,-0.008578,-0.074275,0.662183,0.580980
0.049436,-0.041155,-0.016338,-0.190837,0.666736,-0.005549
0.033916,-0.043141,0.032055,0.111206,-0.798482,-0.014914
0.066127,-0.024540,0.011652,-0.020541,0.319496,0.977578
0.053585,-0.034246,-0.006802,-0.145809,0.214228,0.365101
0.037858,-0.061241,-0.004902,-0.124985,0.493269,-0.046320
0.044525,-0.049168,-0.002486,0.508358,0.183351,-0.019027
0.058475,-0.036826,0.006777,0.401180,0.011157,0.593204
0.047653,-0.052943,-0.016495,0.015792,0.282779,0.487884
0.058462,-0.035073,-0.022384,-0.097045,0.436489,0.284228
0.040287,-0.058241,0.013126,0.243291,0.091058,-0.129569
0.056161,-0.046007,0.010408,0.387384,-0.498839,0.764597
0.058922,-0.029207,-0.023300,0.103722,0.333548,1.048967
0.041121,-0.051981,-0.008936,-0.179556,1.118534,-0.185942
0.053378,-0.058411,0.017035,0.187979,0.064283,-0.315076
0.053781,-0.045702,0.021476,0.184825,-0.930889,0.208030
0.052071,-0.047061,-0.004442,0.262375,0.459502,0.562497
0.052728,-0.039130,-0.017805,-0.341012,1.255303,0.175838
-0.012117,-0.059534,0.071175,-1.067258,-11.208788,-0.909641
0.042477,-0.055946,0.026715,0.732575,-0.311507,-0.223736
0.055679,-0.020870,0.010562,0.103075,-0.535027,0.805564
0.048283,-0.041247,-0.012661,-0.315370,0.738759,0.386827
0.047906,-0.047011,-0.008338,0.638054,1.047239,-0.345429
0.027831,-0.048344,0.042789,0.820232,-0.703413,0.091388
0.055902,-0.047760,0.018459,0.202720,-0.679849,0.412079
0.054060,-0.031521,-0.002358,-0.136641,0.058244,0.381903
0.049682,-0.049407,-0.004875,0.287168,0.605364,-0.031825
0.063356,-0.010517,-0.005355,0.742944,0.686617,1.017840
0.051572,-0.025689,0.024345,0.251402,-0.303291,0.555879
0.047965,-0.037541,0.012883,-0.299345,-0.407879,0.066858
0.044912,-0.036997,0.008524,0.426638,0.899995,-0.027591
0.054924,-0.029312,0.017652,0.813809,0.316194,0.374455
0.045867,-0.033980,-0.007846,0.611620,0.274071,-0.189484
0.035941,-0.030533,0.012666,-0.224023,-0.559104,0.320823
0.043340,-0.051341,-0.007176,0.180679,0.647310,-1.069775
0.048999,-0.039557,0.007122,0.714603,0.838735,-0.273265
0.037550,-0.041635,0.028609,0.418570,0.120603,0.040004
0.053716,-0.017702,0.008701,-0.312301,-0.400467,0.426265
0.043507,-0.039879,0.000652,0.132026,0.875659,-0.501358
0.051835,-0.038638,0.011471,0.768124,0.522525,0.214913
0.047358,-0.027120,0.024388,0.425719,-0.791333,0.216275
0.038833,-0.021356,0.028176,-0.396328,-1.548920,0.378164
0.048175,-0.026703,0.000679,-0.135968,0.708337,-0.115787
0.046212,-0.025685,0.001131,0.665843,0.914432,-0.048329
0.033437,-0.035231,0.026278,0.361508,-3.072441,0.155730
0.052958,-0.020456,-0.008965,0.346685,0.088747,0.251436
0.029633,-0.038352,-0.004317,-0.318793,0.101247,-0.768300
0.051244,-0.032798,-0.003569,0.125586,1.201107,-0.352132
0.045132,-0.029588,0.030634,0.612076,-0.009982,0.067718
0.044971,-0.025574,0.010043,0.023302,-0.453223,0.697703
0.051993,-0.035405,-0.023093,0.717141,3.451605,-0.201672
0.036893,-0.013297,0.009380,-0.111891,-0.024001,0.678005
0.047610,-0.033068,0.033037,0.510387,0.287177,0.338657
0.042470,-0.037922,0.012436,0.405171,0.028268,-0.129914
0.049609,-0.031137,-0.007590,-0.060774,0.313217,0.555649
0.038600,-0.034440,-0.016774,-0.149150,0.421038,-0.644778
0.046169,-0.028656,0.024414,0.304118,-0.111938,0.108135
0.040996,-0.060226,0.006360,0.369035,0.219093,-0.487480
0.051395,-0.032913,-0.027029,0.061818,0.455911,0.154857
0.027227,-0.051541,0.002694,-0.493790,0.046056,-1.065341
0.040025,-0.061313,0.014366,0.442250,0.200866,-0.430855
0.061584,-0.021733,0.007660,0.587911,0.329472,0.729428
0.041505,-0.036819,0.015748,-0.187565,-0.319112,0.393057
0.049609,-0.035506,-0.004390,-0.454699,0.558533,0.340820
0.049688,-0.032532,0.001653,0.006234,0.293040,-0.004916
0.031336,-0.040076,0.017097,0.480293,-0.726679,-0.200802
0.051090,-0.031732,0.012157,-0.091668,-0.173588,-0.023347
0.049281,-0.038027,0.002618,-0.376236,0.189390,-0.329605
0.036519,-0.063335,-0.007167,-0.007448,0.392169,-0.989063
0.033279,-0.061887,0.002582,0.631643,-0.134511,-0.863792
0.048546,-0.033947,0.018171,0.166899,-0.076638,0.268154
0.047308,-0.044464,-0.015724,-0.252268,0.516390,0.009731
0.048536,-0.029447,-0.009428,-0.032407,0.486881,-0.075521
0.033174,-0.051456,0.013746,0.390922,0.115887,-0.455424
0.048533,-0.032431,-0.004774,0.447429,-0.056583,0.034805
0.040586,-0.039432,-0.002535,-0.401212,-0.115309,0.083618
0.052698,-0.045288,-0.003983,-0.217153,0.728344,-0.178550
0.047482,-0.044156,0.014071,0.122862,-0.111271,-0.240050
0.042020,-0.041539,0.004122,0.565758,-0.027628,-0.073099
0.057326,-0.030474,-0.035307,0.068620,0.319549,0.002247
0.034152,-0.049673,0.000357,-0.171589,0.060423,-0.056401
0.058249,-0.035979,0.029367,0.322700,0.317487,0.589869
0.055882,-0.032897,0.022169,0.332436,-0.092305,0.614408
0.052649,-0.035040,-0.005401,0.016908,0.009129,0.300141
0.060271,-0.030872,-0.026914,0.091935,1.703369,-0.025749
0.038498,-0.044536,0.015564,0.289226,-0.633875,-0.221570
0.052153,-0.038956,0.015075,0.201105,-0.582347,0.369558
0.060159,-0.024175,-0.006057,-0.430820,0.380192,0.469505
0.051530,-0.049256,0.001644,0.323353,1.113784,0.193623
0.053358,-0.049079,-0.000021,0.983714,1.033840,-0.261497
0.034622,-0.045518,0.031005,0.376571,-0.985345,-0.089084
0.059792,-0.027812,0.009919,-0.330197,-0.157097,0.407218
0.057717,-0.032894,-0.008739,-0.446723,1.436063,-0.030702
0.049790,-0.054673,-0.000063,0.780784,0.254478,-0.161711
0.042749,-0.043138,0.016588,0.553278,-1.063283,-0.218090
0.038433,-0.038733,0.011186,-0.406966,-0.778204,0.435108
0.051320,-0.034696,-0.021146,-0.210214,1.344506,-0.008379
0.049984,-0.041379,0.012952,0.847316,0.810831,-0.447336
0.041101,-0.051144,0.025845,0.609178,0.151928,0.415847
0.053049,-0.026703,-0.003168,0.079281,0.003850,0.585188
0.044328,-0.035526,0.006439,-0.060639,0.127247,-0.410051
0.048142,-0.048062,0.003153,0.744109,0.736441,0.074621
0.059263,-0.023676,-0.001819,0.709798,0.438281,0.475699
0.041088,-0.036009,0.010112,-0.660515,-0.127933,-0.017330
0.051372,-0.032345,0.000826,-0.069535,1.408094,0.466735
0.038909,-0.039554,0.012653,0.852318,-0.271024,0.030013
0.036933,-0.043644,0.019392,0.372583,0.049315,0.022601
0.051707,-0.037788,-0.004688,-0.282719,0.742967,0.628191
0.052528,-0.033681,-0.001150,0.073435,0.548663,-0.252517
0.041210,-0.050185,0.025179,1.092908,0.599659,-0.203615
0.051293,-0.022908,0.005543,0.226164,0.034535,0.510440
0.041170,-0.035674,0.000501,-0.310397,-0.284663,0.241707
0.049567,-0.047661,-0.006116,-0.080836,0.672427,-0.005345
0.054257,-0.025006,0.003928,0.880363,0.407991,0.123467
0.035177,-0.037837,0.018043,0.300081,0.113648,0.381132
0.052160,-0.024976,-0.010561,-0.402656,0.530836,0.668900
0.044765,-0.025557,-0.001311,0.169118,0.141053,-0.052731
0.045543,-0.038592,0.011422,0.695024,0.581218,0.496805
0.057481,-0.028997,-0.002663,0.162323,0.086440,0.376776
0.050988,-0.031942,0.001785,-0.325440,0.004294,-0.082943
0.043865,-0.041602,-0.005765,0.415767,1.228400,-0.194257
0.048349,-0.033701,0.002917,0.966714,0.178509,0.082207
0.052931,-0.029020,0.006039,0.579200,0.804969,0.273474
0.049688,-0.039009,0.001877,-0.180084,-0.624645,0.142505
0.051986,-0.015785,-0.023677,0.403507,0.753208,-0.007132
0.042533,-0.041461,0.021860,0.751183,-0.111370,-0.397298
0.062070,-0.032500,0.007949,0.443280,0.369609,0.618574
0.054914,-0.028341,-0.010954,0.317924,0.026525,0.157729
0.044423,-0.030274,0.003452,-0.171596,-0.090034,-0.146560
0.046888,-0.047556,-0.004734,0.643066,1.131644,-0.510385
0.049291,-0.036389,0.003754,0.975521,-0.058818,-0.030479
0.051366,-0.024238,0.022205,-0.063403,-0.252075,0.141973
0.059247,-0.048078,-0.026310,-0.110483,0.810766,0.161491
0.052623,-0.042537,-0.028765,0.560138,0.723364,-0.331423
0.042398,-0.044103,0.024699,0.637121,0.418216,-0.008490
0.059030,-0.038953,0.013217,0.220298,0.359375,0.390563
0.057028,-0.036819,-0.016124,-0.059671,0.158286,0.513037
0.052580,-0.046250,-0.007646,0.243268,0.611528,-0.137263
0.046833,-0.056140,0.007778,0.907220,0.619764,0.076414
0.064446,-0.039462,0.009754,0.290893,0.047976,0.439904
0.056709,-0.031476,-0.004084,0.025462,0.055631,0.453224
0.049905,-0.055490,-0.007272,0.464012,0.726240,-0.489085
0.061718,-0.038234,0.011225,0.644405,0.403484,0.205755
0.061869,-0.033222,0.012272,0.298758,-0.202805,0.834765
0.054920,-0.053888,-0.006201,0.086200,-0.019261,0.153479
0.062926,-0.042436,0.003180,0.221424,0.562508,-0.328085
0.050712,-0.049106,0.020751,0.610242,0.104723,0.183795
0.058912,-0.049155,0.007874,0.447170,0.017817,0.555578
0.053374,-0.043630,-0.012520,0.067746,-0.127122,0.146073
0.050817,-0.045633,0.003482,0.197849,0.762950,-0.131385
0.057543,-0.055129,0.023212,0.794918,-0.162641,-0.122597
0.061814,-0.035368,0.000137,0.442171,0.465673,0.324041
0.038538,-0.045226,0.017586,-0.270144,-0.377408,-0.061292
0.052038,-0.055270,-0.011631,0.309895,0.489753,-0.137549
0.053174,-0.042721,0.010591,0.728189,-0.354973,0.011457
0.037629,-0.047947,0.019362,0.202901,-0.604655,0.078045
0.065047,-0.036212,-0.000060,-0.172492,2.083748,0.298658
0.049390,-0.034965,0.003958,0.542522,1.070787,-0.756791
0.040182,-0.042925,0.027161,0.666115,0.244483,-0.241734
0.057343,-0.035759,0.026416,-0.095312,-0.256046,0.062368
0.045805,-0.029371,-0.001248,-0.155203,-0.287706,-0.233869
0.043406,-0.050356,0.002546,0.483333,0.475543,-0.319859
0.044883,-0.038234,0.022300,0.687546,-0.236805,-0.001528
0.048953,-0.030872,0.004082,0.144569,0.366343,0.551208
0.049127,-0.033350,-0.016672,0.100436,0.855413,-0.326792
0.047345,-0.028567,-0.002528,0.600913,0.114236,-0.540088
0.032488,-0.031190,0.028038,0.494240,0.024576,-0.415267
0.058748,-0.044343,-0.006756,-0.112991,-0.036441,1.062806
0.050204,-0.027510,-0.014952,-0.426533,0.304088,0.158550
0.035666,-0.050832,0.009101,0.696136,0.347564,-0.335119
0.041522,-0.031686,0.019838,0.484422,-0.038890,0.135379
0.035495,-0.036711,0.009948,-0.245835,-0.335872,0.030958
0.052511,-0.038723,-0.000749,-0.059986,0.633445,-0.096295
0.048106,-0.031098,0.001946,0.884000,0.482971,-0.280486
0.041236,-0.033855,0.018630,0.392734,0.243623,-0.099572
0.053489,-0.040318,0.005254,-0.374595,0.685347,0.322787
0.054005,-0.039042,-0.000835,-0.017298,0.471634,0.313583
0.032807,-0.050954,0.009751,0.684802,0.388683,0.137660
0.059979,-0.032615,0.009830,0.458271,0.696350,0.618594
0.053040,-0.034745,-0.006198,-0.125727,0.547242,0.160962
0.049321,-0.052483,0.007408,-0.099238,0.132873,0.066166
0.049767,-0.032631,0.012820,0.509139,-0.268868,-0.012354
0.046727,-0.035726,0.016083,0.463293,0.143758,0.266959
0.054228,-0.037771,0.005861,-0.302414,0.069506,0.944116
0.049107,-0.029513,-0.015629,-0.122924,0.712266,0.025151
0.035314,-0.044428,0.031563,0.414411,-0.579501,0.089445
0.058978,-0.037988,0.011855,0.119589,0.140045,0.578551
0.051280,-0.030530,-0.008040,-0.446418,0.545896,0.218221
0.035305,-0.042226,0.012157,-0.308930,0.130687,-0.130656
0.044814,-0.032844,0.012413,0.439463,0.006680,0.300069
0.052987,-0.032454,0.002330,0.345510,0.345624,0.476592
0.045611,-0.033888,-0.006162,-0.363274,0.305237,0.260174
0.044430,-0.039517,0.009065,-0.417286,-0.075296,-0.290337
0.046009,-0.031978,0.023935,0.482312,-0.047044,0.332109
0.052449,-0.032976,0.004046,0.321617,-0.113986,0.576138
0.057238,-0.026224,-0.015356,-0.207414,0.853457,0.126395
0.040557,-0.034446,0.006620,-0.233552,0.274353,-0.290452
0.054277,-0.035388,0.010703,0.445864,0.546362,0.188515
0.051697,-0.024924,0.003767,0.270375,-0.573140,0.160641
0.038219,-0.043253,0.023029,-0.298987,-0.468364,-0.186563
0.050660,-0.041359,-0.008069,-0.202470,0.951664,0.051756
0.052373,-0.036025,0.020504,0.409639,0.560558,-0.024761
0.041659,-0.034174,0.034031,0.189683,-0.390525,0.422231
0.054714,-0.035821,0.004795,0.028344,0.148091,0.650308
0.052780,-0.035063,-0.028095,-0.440552,0.800226,0.011007
0.031504,-0.035897,0.020974,-0.322302,-0.450597,-0.043110
0.047863,-0.045436,0.019464,0.450256,-0.170811,0.060920
0.051218,-0.026476,0.008711,0.194019,-0.309064,0.479592
0.045621,-0.036865,-0.007764,-0.517630,0.393965,0.041252
0.053791,-0.043735,0.001634,0.037331,0.209190,0.250317
0.051474,-0.034975,-0.000566,0.754606,0.269560,0.276544
0.047400,-0.032457,0.011609,-0.148097,-0.490078,0.435515
0.053269,-0.048784,-0.010419,0.021264,0.578773,0.106894
0.054776,-0.040555,-0.019285,0.268182,0.790792,-0.273764
0.042457,-0.037394,0.023780,0.591328,-0.609014,0.059972
0.059339,-0.039202,0.007119,-0.097974,-0.291392,0.545412
0.058144,-0.033169,-0.041806,0.124930,2.272107,0.350960
0.049695,-0.039626,0.007729,0.406931,0.906439,0.062627
0.053371,-0.057505,0.002481,0.984088,-0.113106,0.525576
0.061160,-0.035634,0.011708,0.351996,-1.575721,0.574852
0.046419,-0.036163,-0.007862,-0.240963,0.630950,0.662952
0.064942,-0.035871,-0.008040,-0.103058,1.327950,0.278435
0.054015,-0.038126,0.005218,0.290837,-0.543201,-0.127357
0.039263,-0.047267,0.023698,0.246567,-1.445825,0.388012
0.062926,-0.032575,0.004273,-0.490140,0.541228,0.544266
0.060012,-0.040991,-0.018015,-0.082130,1.594940,0.162555
0.035764,-0.043900,0.031366,0.047714,-0.632867,-0.122457
0.050637,-0.045167,0.020659,0.346908,-0.870647,0.219587
0.054779,-0.031636,-0.026851,0.061526,0.267033,0.582716
0.045992,-0.037978,-0.008266,-0.318908,1.364221,0.279905
0.055160,-0.044956,0.016605,0.671640,0.838696,0.034602
0.057497,-0.025587,0.014698,0.447351,-0.062386,0.733013
0.042280,-0.035214,0.020376,-0.103620,-0.706105,0.188666
0.053726,-0.041943,-0.013639,0.148491,0.643913,0.128043
0.055882,-0.040919,0.011842,0.517825,0.673336,-0.553792
0.042578,-0.044448,0.033838,0.275886,-1.542148,-0.041978
0.059010,-0.029447,-0.000739,-0.148852,-0.015365,0.571592
0.050683,-0.037627,-0.016377,0.082961,0.737101,-0.054815
0.038505,-0.042271,0.014258,0.973611,-0.336049,-0.041321
0.053962,-0.035270,0.018351,0.610291,-0.223882,-0.041085
0.050397,-0.030356,0.008885,0.171596,-0.095952,0.227340
0.054474,-0.040883,-0.012290,0.163009,0.379985,-0.052314
0.050571,-0.036432,-0.017185,0.697249,0.219710,-0.265797
0.046291,-0.031692,0.023488,0.764556,0.097731,-0.061837
0.055436,-0.039836,0.010706,0.305723,-0.818341,0.180549
0.056424,-0.026243,-0.015793,0.161312,0.337474,0.235040
0.050296,-0.030425,-0.006018,0.205320,1.307848,-0.133702
0.055022,-0.044681,0.010798,0.686709,0.928172,0.128181
0.054195,-0.027277,-0.009103,0.698746,0.598786,0.254207
0.049291,-0.025511,0.010112,0.048072,0.124615,0.266663
0.062224,-0.035730,-0.016403,0.168718,2.205792,0.142285
0.048667,-0.027970,-0.009198,1.071385,0.554348,-0.058525
0.040412,-0.032421,0.020445,0.712857,0.096192,0.396736
0.051897,-0.029723,-0.000513,0.064356,0.280622,0.476950
0.055843,-0.017965,-0.008171,-0.346107,0.648577,0.271141
0.047745,-0.028255,0.006554,0.646588,0.518858,-0.137224
0.034743,-0.041421,0.024233,0.810953,0.330732,-0.276095
0.056877,-0.032093,0.007181,0.205911,-0.105140,0.509988
0.057688,-0.024408,-0.007839,-0.126580,0.766036,0.182370
0.034894,-0.038257,0.004617,0.422053,1.187859,-0.268844
0.045257,-0.030878,0.020429,0.649828,0.357911,-0.279042
0.061003,-0.019708,0.005681,0.196073,0.396427,0.596549
0.043169,-0.042360,-0.000726,-0.186557,0.639104,-0.146602
0.046632,-0.035283,0.006964,0.179776,0.647589,-0.397253
0.045822,-0.028567,0.022457,0.681533,0.567333,0.201169
0.039572,-0.031607,0.019438,-0.064529,0.056859,0.266749
0.051165,-0.026122,-0.008256,-0.374555,0.693074,0.294387
0.050197,-0.031784,-0.001150,0.514050,0.748153,0.222567
0.038065,-0.044353,0.036306,0.576757,-0.195925,-0.332556
0.058259,-0.029582,0.006357,-0.325253,0.281975,0.101846
0.039792,-0.027763,-0.000700,-0.336207,-0.050087,0.136695
0.045920,-0.039928,0.009108,0.875026,0.223577,0.450378
0.054159,-0.024054,0.022382,0.053931,0.330295,0.482887
0.052163,-0.033281,-0.005670,-0.276926,0.079196,0.300082
0.040438,-0.037906,0.007769,-0.170627,-0.127214,-0.050919
0.053952,-0.028702,0.004952,0.403891,0.271317,0.066175
0.055364,-0.027930,0.004158,0.394270,0.653941,0.429229
0.041032,-0.040121,-0.001977,-0.192331,0.115141,0.238743
0.049285,-0.034121,0.004453,-0.383297,0.609283,-0.017369
0.043179,-0.028613,0.013838,0.351786,0.016242,-0.200086
0.042766,-0.038346,-0.005466,0.462246,0.228668,0.348816
0.046819,-0.031410,-0.007731,-0.248510,0.605085,0.260604
0.050427,-0.036852,-0.006162,-0.035007,0.719858,0.047226
0.044177,-0.044789,0.012912,0.458842,-0.011574,-0.059119
0.052147,-0.029135,-0.001363,0.527826,0.013038,0.274594
0.045582,-0.033908,-0.007774,-0.148816,0.328316,0.068837
0.047528,-0.047152,-0.014043,-0.209551,0.635510,-0.074956
0.046350,-0.032946,0.004529,0.572398,-0.195085,0.293117
0.046823,-0.023161,0.019618,0.206912,-0.227214,0.445448
0.056270,-0.035625,-0.020270,-0.068324,0.787821,0.143536
0.046642,-0.027389,-0.034342,-0.230305,0.398324,0.207763
0.045746,-0.032874,0.029856,0.242766,-0.178663,-0.286894
0.050811,-0.041989,-0.001012,0.494201,0.132538,0.324828
0.046015,-0.023617,-0.013859,-0.053572,-0.197169,0.145646
0.039844,-0.038198,-0.003910,-0.179890,0.239831,-0.323050
0.041617,-0.048344,0.014133,0.418120,0.170569,0.075002
0.058722,-0.021080,0.011507,0.101907,-0.486523,0.379901
0.046101,-0.028049,-0.004757,-0.238784,-0.190286,0.262222
0.045352,-0.038480,-0.000168,-0.183212,0.756533,0.164701
0.045431,-0.036435,0.015630,0.318981,-0.676573,0.106018
0.049150,-0.025081,0.015164,0.218355,-1.304805,0.756827
0.051756,-0.032985,-0.008161,0.071994,0.876106,0.604410
0.041469,-0.031147,-0.025138,-0.055000,0.787145,-0.036342
0.048139,-0.021910,0.012656,0.128718,-0.021523,0.166690
0.040773,-0.041487,0.022205,0.491411,-1.469354,0.261717
0.061170,-0.022117,-0.002607,-0.086082,0.137029,0.560507
0.051572,-0.029647,-0.018655,0.174843,1.866421,0.300433
0.053434,-0.045606,0.015824,0.915364,0.384945,-0.385196
0.057556,-0.019610,0.007578,0.341544,0.566825,0.172379
0.040776,-0.028728,0.009150,-0.241915,-0.046824,0.452781
0.047203,-0.032368,0.004555,0.292521,0.877609,-0.420624
0.045572,-0.028813,0.018716,0.885156,0.310322,-0.044978
0.042972,-0.036137,0.038131,0.178043,-0.924485,0.172418
0.063123,-0.015024,-0.013114,-0.398803,0.378564,0.630318
0.036312,-0.025800,0.011169,0.175581,0.167552,0.012527
0.046324,-0.033639,0.009489,0.800094,0.571056,0.184553
0.044075,-0.025495,0.020856,0.236592,-2.228043,0.165614
0.038791,-0.024993,0.017429,-0.311385,0.039137,-0.164029
0.057139,-0.015762,0.006833,0.304069,1.182817,-0.107860
0.050066,-0.025669,0.015686,0.865313,0.273260,-0.147275
0.028060,-0.036429,0.033657,0.238046,-2.776529,0.234837
0.062171,-0.019757,-0.021872,0.162202,1.238480,0.318116
0.045877,-0.020663,0.013188,0.337084,1.205535,-0.177293
0.051375,-0.036363,0.014114,0.789696,0.468434,-0.368781
0.050850,-0.018103,0.018706,0.187106,-0.510094,0.509593
0.036552,-0.032293,-0.003736,-0.319237,0.363973,-0.033434
0.043232,-0.023775,-0.000634,0.221076,0.593334,-0.174175
0.043740,-0.020194,0.032620,0.474431,-0.080367,-0.075662
0.045973,-0.031732,0.001969,0.292502,0.525902,0.166789
0.040412,-0.027166,-0.022013,-0.085140,-0.012916,0.130242
0.035836,-0.036002,0.025536,-0.002068,-0.432458,-0.361185
0.058387,-0.014171,0.007224,0.463966,0.099428,0.883883
0.052885,-0.019964,-0.006615,-0.146265,0.396453,0.578653
0.045664,-0.038979,-0.007853,-0.146163,0.498097,-0.167636
0.047164,-0.039783,0.004174,0.669726,0.199664,-0.272057
0.032347,-0.028502,0.033765,-0.190401,-2.097996,0.013771
0.063872,-0.033054,-0.001317,-0.387114,1.757716,0.247373
0.050128,-0.020158,-0.000776,0.217357,0.765120,-0.168775
0.034189,-0.041411,0.045930,0.464278,-1.095901,-0.157388
0.053177,-0.030438,0.007952,-0.027979,-0.416279,0.143723
0.057120,-0.028341,-0.004065,0.157918,0.732562,0.028614
0.029974,-0.047313,0.011294,0.240889,0.510541,-0.744193
0.039660,-0.030655,0.029121,0.268983,-0.967141,0.146785
0.055511,-0.019239,0.006177,-0.093398,0.555211,0.711060
0.055849,-0.039176,-0.011650,0.154137,2.399558,0.310527
0.054481,-0.025380,-0.009586,0.410239,0.551952,0.094096
0.049780,-0.024120,0.022897,0.589661,-0.154304,0.643097
0.053575,-0.038546,-0.006169,-0.266550,0.323074,0.388977
0.055121,-0.029746,-0.015314,-0.099917,0.100495,0.142390
0.037320,-0.036281,0.001102,0.027599,-0.212882,-0.427556
0.054966,-0.028331,0.009384,0.327069,-0.057597,0.549239
0.054461,-0.020778,-0.000979,-0.375543,0.006128,0.234669
0.039733,-0.033793,-0.003464,-0.301528,0.225231,0.237945
0.060225,-0.044060,0.007719,0.269324,0.526431,0.177572
0.055406,-0.028731,0.015985,0.321069,0.613373,0.244569
0.032794,-0.047576,0.004381,-0.005097,-0.106771,0.150294
0.053719,-0.029352,0.002297,-0.472385,0.372163,0.187117
0.052104,-0.033914,0.010569,0.271701,-0.088724,-0.092435
0.039132,-0.053625,0.013772,0.660739,-0.355370,0.124061
0.060465,-0.025935,-0.010817,-0.286875,0.503011,0.271866
0.048615,-0.032336,-0.021439,-0.863163,0.716182,-0.152543
0.044387,-0.053215,0.016526,0.320941,0.160991,-0.357768
0.062802,-0.034033,0.032528,-0.145753,-0.845402,0.378848
0.043701,-0.032844,0.007322,-0.130395,-0.074288,0.108345
0.041545,-0.038073,-0.002397,-0.193204,0.496915,0.034142
0.044607,-0.044536,0.018420,0.390771,0.061927,-0.119430
0.050164,-0.036770,0.007365,0.237744,0.155404,-0.180411
0.043990,-0.039065,-0.009093,-0.028088,1.579821,0.328987
0.058479,-0.037174,-0.009435,-0.092656,1.208663,0.038682
0.042526,-0.043030,0.017990,0.338252,-0.894950,-0.480899
0.046107,-0.029788,0.036211,-0.119385,-1.158674,0.780917
0.061682,-0.031380,-0.016436,-0.196910,1.814982,0.655610
0.059099,-0.017656,-0.011775,0.163695,0.870424,0.957282
0.039303,-0.026358,0.038857,0.104552,-0.107782,-0.025966
0.049747,-0.035546,0.029180,-0.041871,-1.028680,0.064935
0.056700,-0.017847,0.005615,-0.165152,-0.138624,0.756174
0.041131,-0.037072,0.012279,-0.205976,0.189889,-0.102014
0.057494,-0.024858,0.026981,0.262553,0.409405,0.322892
0.047893,-0.029831,0.006144,0.411021,-0.331749,0.001357
0.037504,-0.031305,0.008819,-0.289386,-0.027874,0.335089
0.064479,-0.015684,-0.001901,-0.247824,0.930532,0.617110
0.048897,-0.033875,0.018223,0.330919,-0.109069,-0.447707
0.035367,-0.028147,0.031314,0.122504,-1.443363,0.167156
0.053184,-0.029542,-0.018061,-0.081660,0.988533,0.111640
0.050125,-0.028617,-0.050606,0.279441,1.469574,-0.221160
0.034494,-0.041530,0.011340,0.337185,-0.098292,-0.731293
0.056545,-0.018100,0.019415,0.734679,-0.818046,0.775747
0.057845,-0.016252,-0.016393,0.133428,-0.000187,0.758724
0.037254,-0.035565,0.005553,0.117728,0.423550,-0.501877
0.044148,-0.038572,0.012656,0.886180,-0.144575,0.055534
0.055012,-0.023181,0.016733,0.599075,-0.534584,0.449587
0.050171,-0.023112,0.011330,-0.026318,0.852246,0.168656
0.058735,-0.033153,-0.006513,0.043197,1.874850,0.674257
0.042250,-0.033366,-0.001980,0.942769,0.352636,-0.596116
0.048234,-0.017348,0.016973,0.308513,-0.331053,0.459769
0.043031,-0.033241,0.003173,-0.177340,-0.257484,0.558508
0.037550,-0.031357,-0.013443,0.191320,0.508565,-0.614288
0.054343,-0.011466,0.007929,0.602239,0.723791,0.027846
0.040451,-0.018661,0.012206,0.218404,0.548804,0.448943
0.051159,-0.021615,-0.002670,-0.567221,0.135020,0.205164
0.037707,-0.036622,-0.002955,-0.084674,0.004494,-0.465869
0.043114,-0.020056,0.030975,0.323488,-0.137875,0.775323
0.051523,-0.015375,0.015449,-0.505968,0.202024,0.641173
0.042231,-0.027546,-0.009202,0.019127,0.341101,-0.294893
0.021157,-0.049473,0.020439,0.149535,0.230408,-0.926707
0.041968,-0.028863,0.015338,0.398774,0.014134,0.090777
0.046859,-0.027300,0.002376,-0.004848,-0.143416,-0.011504
0.039647,-0.023850,-0.013561,-0.219529,0.614171,0.378148
0.055334,-0.009191,0.000229,-0.044556,0.335455,0.082646
0.049659,-0.013711,0.020508,0.452409,-0.854057,0.976228
0.060025,-0.020991,-0.017962,-0.032808,0.851839,0.461949
0.048983,-0.016908,-0.038671,-0.009998,1.450611,0.004596
0.021213,-0.044582,0.021607,0.547363,0.305828,-0.997801
0.047889,-0.031554,0.012390,0.283652,-0.740974,0.054575
0.058843,-0.003808,-0.004242,-0.350436,0.204115,0.688109
0.051612,-0.009969,-0.006018,0.386005,1.717884,0.791768
0.041853,-0.032713,-0.004140,1.203086,0.451650,-0.646538
0.038702,-0.023847,0.019316,0.178447,0.692342,-0.044115
0.055889,-0.014906,-0.009408,-0.418599,0.692224,0.387217
0.064561,0.007133,0.006804,0.133087,0.425663,1.228894
0.049504,-0.037453,0.009731,0.888408,0.702091,-0.129025
0.052426,-0.019675,-0.016364,0.326626,0.726610,0.338348
0.035656,-0.025639,0.002628,-0.311611,0.151366,0.027518
0.061942,-0.007862,0.007575,-0.070969,0.339834,0.803444
0.048356,-0.014584,0.009876,0.559265,0.162852,-0.047207
0.038912,-0.020433,0.004631,0.057134,0.009578,0.629845
0.057333,-0.012073,-0.013344,-0.493783,0.555415,0.157726
0.034458,-0.025738,0.018548,0.084855,-0.553160,-0.349421
0.054947,-0.028229,0.009748,0.498287,0.383642,0.668759
0.055813,-0.022748,-0.017079,0.007140,0.896802,0.458988
0.036385,-0.032102,0.008248,-0.170004,0.008462,-0.571678
0.045864,-0.031101,0.022208,0.119156,0.260829,-0.031625
0.053844,-0.014335,0.019415,0.202136,-0.200406,0.506045
0.048822,-0.025567,-0.006083,-0.052752,0.020893,0.400439
0.045145,-0.032939,-0.005227,-0.019127,0.688081,-0.196827
0.021886,-0.034210,0.038184,0.052907,-3.667875,-0.448659
0.050565,-0.032680,0.009223,0.166292,-0.001319,0.398053
0.048500,-0.027967,-0.011283,-0.048554,0.156973,0.087212
0.035252,-0.040190,0.010798,-0.327219,0.394293,-0.339551
0.037730,-0.041986,0.026321,0.197567,-0.770237,-0.433822
0.044948,-0.029434,0.014192,0.168576,-1.544886,0.021807
0.055344,-0.028065,-0.023224,-0.055102,1.863473,0.445668
0.049262,-0.022941,-0.012802,0.298945,0.689210,-0.197628
0.030975,-0.045606,0.032997,0.824614,-0.171491,-0.465140
0.060734,-0.020706,0.013086,-0.075834,-0.527921,0.280292
0.040133,-0.024425,0.003314,-0.081943,-0.041710,0.037355
0.051786,-0.033783,0.005884,0.528118,0.945254,0.082207
0.036411,-0.030064,0.025182,0.415160,-0.922431,-0.094169
0.037980,-0.024310,0.024867,0.003992,0.517654,0.137145
0.050588,-0.032342,-0.005893,-0.222926,1.462697,0.080191
0.043626,-0.022846,0.001745,0.221969,-0.008193,-0.341028
0.028382,-0.025790,0.029252,0.764818,-0.058421,-0.174622
0.058564,-0.018621,0.007453,-0.314244,0.060262,0.446715
0.046140,-0.021691,-0.004219,-0.142490,0.789528,-0.155987
0.030929,-0.039823,0.007798,0.411477,0.602754,0.061393
0.044991,-0.020719,0.005438,0.831202,0.387732,0.467768
0.036168,-0.022081,0.023669,-0.216618,-0.500050,0.565500
0.046609,-0.037056,-0.005968,-0.404216,0.446894,-0.028182
0.044706,-0.019360,0.006978,0.025114,0.267456,0.274131
0.042201,-0.032821,0.008917,0.684041,0.368247,0.198904
0.045848,-0.019019,-0.018067,0.574998,-0.086814,0.246476
0.027870,-0.023417,0.003705,-0.353246,0.207522,-0.048510
0.044187,-0.021878,-0.004527,-0.124119,0.076051,0.047800
0.041896,-0.021891,0.013247,0.527747,-0.209879,0.035553
0.025579,-0.031748,0.004457,0.180433,-0.010024,-0.137313
0.038512,-0.019866,-0.026602,-0.290916,0.430603,-0.015436
0.032324,-0.020223,0.005363,-0.220422,0.192738,0.028561
0.045664,-0.034266,0.022727,0.686558,0.213106,-0.144590
0.043281,-0.014220,-0.015517,0.387019,0.383822,0.793678
0.022306,-0.026444,0.005605,-0.378672,-0.279746,-0.303848
0.037320,-0.025623,0.005464,-0.037735,0.524261,0.101140
0.042982,-0.018254,0.013821,0.567445,1.028181,0.114932
0.042027,-0.025541,0.009298,0.149128,-0.538110,0.452233
0.047748,-0.023256,-0.032953,-0.039881,1.622805,0.170186
0.024932,-0.032526,0.009003,-0.305591,0.720948,-0.360467
0.037149,-0.028406,0.025195,0.052033,-1.476162,-0.194917
0.042936,-0.014876,0.012229,-0.041132,-0.757360,0.644482
0.040570,-0.031233,-0.016663,-0.006981,1.763693,0.350142
0.045290,-0.024510,-0.019476,0.105767,1.069819,0.091775
0.030831,-0.034614,0.032968,0.749167,-0.588045,-0.031491
0.044807,-0.024372,0.006009,-0.034991,-0.350594,0.090203
0.047650,-0.014262,-0.002286,0.048498,0.154570,0.404637
0.036647,-0.039852,0.002605,0.707339,0.863245,-0.223901
0.041699,-0.028541,0.013191,0.631787,-0.483582,-0.020583
0.037011,-0.030606,0.005116,0.008167,0.720797,0.459001
0.049783,-0.031416,-0.006188,0.100157,1.251394,0.158438
0.043452,-0.019603,0.012755,0.657732,0.183754,-0.031057
0.032390,-0.035267,0.007604,0.343504,0.216178,0.159048
0.043130,-0.028338,-0.001731,-0.467078,0.064923,-0.101058
0.036719,-0.024710,0.017606,-0.219073,-0.122737,0.053101
0.044108,-0.035185,0.020209,0.388477,0.026522,0.675478
0.041515,-0.017486,0.005438,0.131583,0.038231,0.748095
0.029032,-0.038218,-0.006178,-0.601424,0.390541,-0.087502
0.045506,-0.032687,0.002966,0.259726,0.282510,0.016834
0.039116,-0.026105,0.024555,0.505154,-0.175666,0.506074
0.047144,-0.033363,-0.004396,0.070734,0.098739,0.821136
0.040530,-0.024001,-0.013393,-0.404590,0.385411,0.129267
0.035587,-0.046381,0.003803,0.420435,0.433013,-0.179335
0.043383,-0.030734,0.006840,0.466792,-1.023694,0.328813
0.031773,-0.028403,0.017800,-0.583266,-1.537707,0.495951
0.045418,-0.029782,-0.023884,-0.257139,1.506514,0.400462
0.041653,-0.027218,0.007266,0.360576,0.176960,-0.101663
0.038200,-0.031984,0.027361,0.050320,-1.267307,0.569157
0.048510,-0.025580,-0.015386,0.143157,-0.102251,0.616568
0.039756,-0.029726,-0.001632,-0.305109,0.337015,0.016581
0.041180,-0.034952,0.016319,0.276194,-0.091974,-0.065487
0.049737,-0.017135,0.018578,0.108692,-1.279081,0.474087
0.049790,-0.030678,-0.004764,0.028597,0.645180,0.656220
0.057070,-0.025607,-0.035064,0.231215,2.233591,-0.155028
0.029534,-0.041188,0.044233,0.510600,-0.877271,-0.305426
0.045024,-0.022262,0.034452,0.075296,-1.331347,0.449919
0.044814,-0.019436,-0.010882,-0.148947,0.900537,0.475531
0.042395,-0.036767,-0.016292,-0.093900,1.213311,-0.172688
0.044088,-0.034279,0.004571,1.043254,0.437687,0.136836
0.013788,-0.031059,0.059497,-0.333673,-4.535614,0.277521
0.042677,-0.025433,-0.001984,-0.501993,0.131688,0.286781
-0.008765,-0.029916,0.057760,-1.129237,-10.590075,-0.522970
0.045283,-0.040506,0.011133,0.736875,0.611131,-0.159778
0.049091,-0.019015,0.008366,0.296628,0.147526,0.255181
0.033778,-0.035214,0.009669,-0.135203,-0.042931,0.198819
0.032268,-0.030366,-0.008404,-0.197402,0.407098,-0.222135
0.036151,-0.029979,0.014245,0.508043,0.236293,-0.393202
0.051044,-0.022511,0.010303,0.628114,0.505847,0.417902
0.046018,-0.014095,0.008084,0.059944,-0.043184,0.213895
0.031349,-0.038720,0.002113,0.003759,0.229383,-0.428991
0.040028,-0.024901,-0.014536,0.594634,0.544711,-0.370429
0.017323,-0.027054,0.037494,0.257448,-2.134461,-0.042224
0.042723,-0.030767,0.010339,-0.184791,-0.304052,0.230957
0.044939,-0.014016,-0.020474,-0.505305,0.540437,0.217417
0.026133,-0.033307,0.019277,0.224450,-0.453006,-0.476386
0.032183,-0.032848,0.017147,0.719350,-1.113455,-0.327629
0.006862,-0.025853,0.053910,-0.730378,-5.845865,0.112027
0.047545,-0.025403,-0.001773,-0.224620,0.992058,0.129812
0.046481,-0.018356,0.000994,0.486405,1.420406,-0.185352
0.033247,-0.031771,0.017156,0.967121,0.644418,-0.215222
0.047496,-0.023535,-0.011325,0.331458,0.471621,-0.007230
0.022782,-0.033186,0.011839,-0.379988,-0.223186,-0.482934
0.034116,-0.025968,0.013201,0.112893,0.511401,-0.191149
0.036355,-0.015887,0.010742,0.746519,0.283524,0.061366
0.039989,-0.027241,-0.000316,0.352652,0.386865,0.286315
0.036539,-0.023811,-0.021586,-0.327141,0.507636,0.001383
0.019431,-0.029066,0.017101,0.131600,-0.368201,-0.166452
0.040074,-0.017945,0.023967,0.189666,0.035359,0.191443
0.042664,-0.012099,-0.013991,-0.218797,0.375508,0.232581
0.031198,-0.034876,-0.010088,-0.073664,0.732283,0.044682
0.036132,-0.023512,0.003298,0.469950,0.095854,-0.215947
0.030131,-0.023210,0.030243,0.152814,-1.183512,0.280111
0.036815,-0.017696,0.003501,-0.084834,-0.382539,0.407982
0.042963,-0.011013,-0.016344,-0.292787,1.851374,0.118054
0.035482,-0.041782,0.006416,0.760393,0.118857,-0.397374
0.042408,-0.015145,0.023061,0.260741,-1.215336,-0.135633
0.036033,-0.031781,0.008497,-0.154425,0.030845,0.277551
0.047670,-0.015776,-0.028768,-0.243107,2.018240,0.100893
0.024177,-0.031262,0.025701,0.429891,-0.101197,-0.283487
0.045287,-0.022304,0.031117,0.134216,-0.054521,0.019725
0.037940,-0.024448,0.004913,-0.151944,0.159487,0.129457
0.043609,-0.026709,-0.009156,0.218174,0.595723,0.172477
0.046803,-0.022531,-0.019656,0.683355,0.834836,-0.467133
0.025273,-0.026184,0.026741,0.294271,-0.069407,-0.216574
0.040836,-0.019521,0.012285,-0.225188,-0.653632,0.454996
0.039509,-0.018149,0.000459,-0.037774,0.157649,-0.125877
0.048674,-0.041283,0.002911,1.014103,0.996210,-0.523423
0.038686,-0.018825,0.010674,0.344968,0.229380,0.360662
0.031579,-0.028318,0.003833,-0.451995,-0.366812,0.264188
0.045838,-0.034075,0.009866,0.015976,0.504655,-0.227974
0.037990,-0.025954,0.013867,0.451601,0.565039,0.016745
0.034215,-0.024280,-0.005742,0.351599,-0.270122,0.202042
0.053496,-0.022134,-0.016430,0.331769,1.728821,0.234331
0.025575,-0.030510,0.026068,-0.179280,-0.652043,-0.218488
0.047729,-0.031791,0.015791,0.374635,0.017473,0.251265
0.042903,-0.017223,-0.010469,-0.083347,0.783364,0.249893
0.032190,-0.034866,0.000839,-0.088248,0.366711,-0.095662
0.038695,-0.031282,0.008560,0.617266,0.170126,-0.308765
0.034796,-0.033632,0.022461,0.160866,-0.103489,0.225817
0.044417,-0.027327,-0.010577,-0.286983,0.320872,0.114050
0.042257,-0.019967,0.001299,-0.146675,0.292249,-0.098889
0.040461,-0.045436,0.005166,0.465171,0.603535,-0.131411
0.041666,-0.016590,0.004384,0.356092,-1.271698,0.348005
0.032895,-0.021582,0.016142,-0.404639,-0.805589,0.235480
0.052104,-0.030691,-0.017880,-0.280287,1.684406,0.193153
0.040711,-0.029342,0.017475,0.325369,-0.189666,0.058760
0.043143,-0.038795,0.018912,0.421288,-1.346705,1.026167
0.053306,-0.026233,-0.026316,-0.189295,1.073525,0.413989
0.026045,-0.040200,0.013598,-0.099901,0.277005,-0.334522
0.047781,-0.023995,0.032594,0.526497,0.428710,0.311715
0.050995,-0.024697,0.008766,0.386061,0.252813,0.611871
0.033617,-0.039491,-0.004485,-0.016432,0.106338,0.028201
0.044492,-0.026811,-0.004587,0.353151,0.571660,-0.448984
0.034481,-0.024481,0.024552,0.482588,-1.228653,-0.072574
0.048287,-0.037052,-0.010173,0.239050,1.085276,0.357623
0.042785,-0.030990,-0.004163,-0.237586,0.235558,-0.423072
0.030522,-0.038756,0.023446,0.599974,0.452399,-0.054904
0.043475,-0.020604,0.005967,0.675766,0.228845,0.465664
0.038502,-0.027789,-0.001294,-0.031445,0.189265,0.608017
0.031179,-0.025810,-0.009399,-0.049972,0.275820,0.186096
0.034461,-0.038982,0.001286,0.544934,-0.242713,-0.612613
0.029843,-0.026631,0.009640,0.357668,-0.104014,-0.050690
0.045707,-0.026050,-0.012796,-0.475005,0.693215,0.027751
0.033910,-0.026614,-0.003113,-0.389789,0.208763,-0.302558
0.038413,-0.043263,0.018952,0.580585,0.236112,-0.110863
0.048244,-0.016777,-0.002338,0.403031,0.186088,0.445897
0.028064,-0.031485,0.001906,-0.364048,0.025130,0.145292
0.042401,-0.022252,-0.009996,0.036517,1.008966,-0.357890
0.029468,-0.025308,0.023830,0.186958,-1.446741,0.254932
0.040074,-0.025639,0.002563,-0.153926,-0.236651,0.783286
0.043022,-0.020420,-0.016187,-0.097373,1.562359,0.086198
0.030883,-0.040220,0.004230,0.255883,0.601011,-0.257342
0.033017,-0.025557,0.014320,0.327821,-1.426541,0.074857
0.037323,-0.023457,0.012781,-0.204578,0.011026,0.500862
0.041561,-0.028886,-0.010446,-0.016632,0.674433,-0.067853
0.039142,-0.024116,0.001007,0.630169,0.809929,-0.589226
0.027936,-0.038598,0.023564,0.535172,-0.293053,-0.329851
0.042152,-0.020243,0.009528,0.025853,-0.360983,0.405707
0.036709,-0.019971,-0.005309,-0.144450,0.925569,-0.309536
0.038764,-0.032237,0.006022,0.819950,0.909052,-0.397039
0.037891,-0.033127,0.001630,0.966380,0.505121,-0.077999
0.038633,-0.022229,0.027224,-0.009381,-0.300195,0.432778
0.051753,-0.026759,-0.014342,0.182120,2.042609,0.760933
0.043399,-0.017430,-0.006221,0.314950,0.971375,0.171876
0.023800,-0.040033,0.033493,0.642938,-0.079169,-0.258347
0.041850,-0.015198,0.003721,-0.138611,0.211143,0.274196
0.033420,-0.016790,-0.007127,-0.415330,0.283895,0.337508
0.043343,-0.039934,0.001365,0.348667,0.462670,-0.130344
0.045861,-0.019160,-0.011112,0.989242,0.498819,-0.052469
0.019404,-0.026893,0.031980,0.038329,-1.658636,-0.038814
0.041843,-0.024490,0.002080,-0.559744,0.089601,0.361135
0.044824,-0.017158,0.011904,-0.140212,0.047953,0.153731
0.043356,-0.042130,0.009820,0.657794,0.297596,0.047341
0.048510,-0.014981,-0.011342,0.395012,0.734961,0.493555
0.030614,-0.031219,0.001397,-0.485410,0.113756,0.299488
0.049111,-0.020768,0.007040,-0.163107,0.517539,0.635803
0.041935,-0.017266,0.007956,0.628049,0.644464,0.289046
0.041062,-0.035270,-0.001570,0.587402,0.414493,0.548047
0.048963,-0.020522,-0.026973,0.145150,0.311549,0.407762
0.024029,-0.029270,0.007805,-0.220793,-0.936699,-0.040517
0.044555,-0.030977,0.011245,0.490787,0.346645,0.180342
0.037573,-0.018339,0.017511,0.517713,-0.087208,0.439352
0.040412,-0.034069,0.002300,0.167556,0.010405,0.171013
0.041640,-0.032102,-0.014027,-0.215298,0.170067,0.088607
0.031136,-0.036823,0.012512,0.166246,-0.217540,-0.248155
0.044853,-0.034456,0.004036,0.686299,0.290857,0.354075
0.045913,-0.023217,0.008238,0.245494,0.284962,0.359038
0.029048,-0.034853,0.004732,-0.468834,-0.060548,-0.078256
0.040763,-0.023670,-0.020208,0.316391,0.323432,0.125656
0.024528,-0.034919,0.022182,0.267023,-0.484284,0.422645
0.039546,-0.024881,-0.001442,-0.201935,0.389671,0.367139
0.040077,-0.026828,-0.011611,-0.477105,0.707523,0.371537
0.043777,-0.036494,0.000925,0.211110,0.165504,0.052763
0.050000,-0.018346,0.005152,0.354812,0.257540,0.354239
0.033050,-0.030195,-0.006933,-0.113096,0.386251,0.030393
0.039769,-0.027038,-0.018878,-0.155239,0.661159,0.125417
0.021413,-0.033908,0.030454,-0.016829,-0.725241,-0.307882
0.035764,-0.025905,0.012604,0.484521,0.022019,0.087055
0.034468,-0.025134,0.005967,-0.132699,0.107031,0.272174
0.037684,-0.035021,-0.010938,-0.369166,0.526231,0.001971
0.036503,-0.027110,0.007762,0.368221,0.313384,0.114578
0.036339,-0.035329,0.010230,0.352422,-1.048204,0.324831
0.050673,-0.013278,-0.036489,0.207093,1.366578,0.346013
0.029019,-0.032769,-0.008713,-0.235685,0.950161,-0.372218
0.042628,-0.023552,0.010457,0.967417,-0.020640,0.106060
0.027919,-0.030671,0.037179,0.178214,-1.271718,0.014286
0.037245,-0.016613,-0.019705,-0.048442,0.212856,0.402231
0.034310,-0.026493,-0.009897,-0.162238,0.890457,-0.156322
0.035961,-0.028009,0.010815,-0.078910,0.386126,-0.149458
0.036992,-0.022281,0.017081,0.475130,-0.206793,0.180131
0.040865,-0.023401,0.006068,0.097206,-0.511679,0.739971
0.038899,-0.020896,-0.014923,-0.079950,1.318588,-0.074264
0.033611,-0.033110,0.009082,0.180111,0.412951,-0.132232
0.032094,-0.020699,0.004617,0.477739,-0.841174,0.157197
0.032908,-0.018595,0.011931,-0.283465,-0.165566,0.174079
0.042910,-0.022088,-0.027245,-0.271674,1.224665,-0.066754
0.030099,-0.025551,0.010985,0.488161,0.403198,-0.562235
0.036381,-0.028095,0.025408,0.625311,-0.479032,0.403344
0.042835,-0.008502,0.006370,-0.278429,-0.286609,0.431205
0.029984,-0.024139,-0.012960,-0.265300,1.527978,-0.158928
0.031576,-0.025961,-0.011916,0.556675,-0.068793,-0.417968
0.021922,-0.028229,0.039585,0.019938,-1.322412,-0.281626
0.042628,-0.012500,0.017734,-0.205349,-0.551118,0.740440
0.037931,-0.015090,-0.026408,-0.448466,1.627623,-0.110909
0.037005,-0.032043,-0.007216,0.292702,0.807296,-0.432739
0.027975,-0.024832,0.024604,0.434671,-1.738464,-0.198294
0.022224,-0.022455,0.019822,-0.245733,-1.122305,0.067347
0.040658,-0.020998,-0.025752,-0.029630,1.642096,0.026274
0.024364,-0.025291,0.002474,0.108120,0.628446,-0.355028
0.031316,-0.024349,0.029557,0.498327,0.038674,0.315473
0.035295,-0.012024,0.025182,-0.042786,-0.971254,0.590462
0.041279,-0.021914,-0.005883,-0.032998,0.584576,0.000740
0.032147,-0.018139,0.003229,0.305651,0.814035,-0.536054
0.026245,-0.031919,0.022169,0.643923,-0.023079,-0.150394
0.044863,-0.017479,0.002034,0.431139,0.267749,0.363081
0.034468,-0.018881,0.007575,-0.189357,0.213910,0.113209
0.045480,-0.020184,-0.004609,0.243560,1.321244,-0.103757
0.042313,-0.025452,0.010870,0.750021,0.412888,-0.118574
0.025477,-0.032339,0.016625,0.138161,0.021080,0.275637
0.052551,-0.015109,-0.014765,-0.199687,1.342412,0.083332
0.034927,-0.023804,-0.003940,0.156737,1.564866,-0.061867
0.038436,-0.025390,0.018430,0.609848,1.445287,-0.030677
0.036342,-0.023374,0.016884,0.603854,0.137446,0.219872
0.047213,-0.029975,-0.001104,-0.155699,0.830670,0.343614
0.052537,-0.027126,-0.007935,0.158191,1.690784,-0.024712
0.022372,-0.037794,0.021410,0.723410,-0.300586,-0.281366
0.029541,-0.028344,0.018968,0.406028,-2.339863,-0.025083
0.027512,-0.022564,0.018473,-0.094629,-0.886366,0.129500
0.045588,-0.025840,-0.007600,-0.191031,1.152989,0.259494
0.038945,-0.018405,0.009873,0.461849,-0.376768,0.253668
0.029898,-0.040089,0.014114,0.951379,-0.061306,-0.116020
0.049774,-0.023230,-0.010242,0.652552,1.068427,-0.018075
0.029761,-0.025501,0.005678,-0.220258,1.285675,0.262786
0.047105,-0.022249,0.006462,0.323553,0.798023,-0.148726
0.037681,-0.028836,0.017629,0.645725,0.357257,-0.129865
0.042139,-0.032592,-0.001275,0.383005,1.086405,0.478811
0.048625,-0.018628,-0.009083,-0.063850,1.500439,0.504985
0.036060,-0.033983,-0.007189,0.093415,0.694597,-0.031638
0.032718,-0.032276,-0.009520,0.993253,0.297330,-0.188933
0.024197,-0.029946,0.028018,-0.040210,-0.030034,0.249417
0.044167,-0.028508,-0.006707,-0.411614,0.203695,0.314108
0.028989,-0.031512,0.018325,0.210759,0.264108,-0.299870
0.038469,-0.042626,0.016329,0.733205,0.637436,-0.286323
0.039591,-0.019403,-0.004692,-0.294014,-0.705484,0.518554
0.026534,-0.031666,0.008478,-0.355363,-0.066981,0.435827
0.042733,-0.031554,-0.027354,0.394651,0.784969,0.131256
0.030814,-0.025908,0.030690,0.506907,-0.558582,0.334724
0.042611,-0.022295,0.004637,0.422027,0.401659,0.533453
0.047699,-0.029184,-0.008729,-0.085632,0.693192,0.113964
0.028349,-0.036166,-0.016108,0.140354,0.290174,-0.015961
0.034609,-0.024507,0.002710,0.785071,-0.281955,0.049510
0.022835,-0.025961,0.018867,-0.094491,-1.105118,0.361132
0.042693,-0.028863,-0.014608,-0.567198,0.712378,0.369164
0.035085,-0.027638,0.000117,-0.004040,0.137856,-0.252277
0.029222,-0.034676,0.016799,0.690553,0.119179,0.276832
0.039930,-0.022636,-0.009930,-0.021080,0.119816,0.552203
0.027404,-0.023013,-0.000950,-0.574971,-0.084004,0.319845
0.033535,-0.033376,0.002008,0.068452,0.662609,-0.148451
0.029780,-0.028699,0.019766,0.115657,-1.248840,0.468806
0.045303,-0.028498,0.006843,0.173937,-0.167739,0.702512
0.039687,-0.019980,-0.015291,-0.081542,0.700902,0.171889
0.023869,-0.036383,-0.001606,0.288021,0.612421,-0.256272
0.026770,-0.030012,0.012689,0.450088,-1.106323,0.095861
0.034353,-0.016160,0.014714,0.045465,-0.884394,0.693689
0.043567,-0.017341,-0.002029,-0.331070,0.642478,0.579637
0.036723,-0.023929,-0.002177,0.138611,0.632332,-0.215695
0.025960,-0.043867,0.015400,0.489789,-1.319937,0.222485
0.040878,-0.018713,0.008071,0.284702,-1.003146,0.455443
0.029426,-0.027816,-0.015602,-0.418209,1.737562,0.237144
0.039920,-0.020407,-0.014326,0.241519,1.320715,-0.056454
0.016102,-0.036337,0.040737,0.549940,-0.617545,-0.151835
0.048818,-0.012083,0.021709,0.236359,-0.495999,0.611625
0.033906,-0.019692,0.008251,-0.119540,-0.258226,0.092126
0.035331,-0.035963,-0.010331,-0.104257,0.640141,-0.133702
0.030877,-0.025350,0.012919,0.803210,0.542134,0.213087
0.034553,-0.039793,0.029078,0.759044,0.214872,0.307507
0.039204,-0.015615,-0.009467,-0.343953,-0.316762,0.438578
0.021528,-0.040164,0.000685,0.304315,0.559180,-0.474371
0.033650,-0.021458,0.011711,0.768475,0.401377,0.016974
0.033424,-0.022278,0.033119,0.285631,-0.202887,0.407959
0.041590,-0.024257,0.001532,-0.090904,0.297051,0.165961
0.033578,-0.027425,-0.009041,0.014361,0.474250,-0.204298
0.041715,-0.033599,0.017554,0.627658,0.765596,0.411622
0.043225,-0.016432,0.007312,0.048190,-0.496262,0.591017
0.039870,-0.027674,0.007398,0.028009,2.335264,0.297288
0.034688,-0.026053,0.008402,0.565262,0.992475,-0.218984
0.031625,-0.018067,0.016342,0.657509,0.588502,0.249148
0.043143,-0.027185,0.016772,0.331310,0.241407,0.733147
0.040051,-0.025840,0.008973,0.108183,0.005689,-0.046104
0.043238,-0.035831,-0.010209,0.135785,1.690091,0.184323
0.039641,-0.030484,0.000025,0.939713,0.436771,-0.055334
0.030230,-0.028889,0.011320,0.439381,-0.006689,0.576762
0.041942,-0.030885,-0.005259,0.364183,-0.140652,0.024754
0.023760,-0.033826,0.013785,0.034778,-0.526999,0.066740
0.043724,-0.027402,0.016287,0.467390,0.327144,0.249079
0.031412,-0.023148,0.029502,0.759770,-0.106229,0.310749
0.042493,-0.040249,0.003318,0.159799,0.820104,0.385008
0.040507,-0.024776,-0.012957,-0.269682,0.681730,-0.148979
0.025277,-0.033563,0.005753,0.789683,-0.152797,-0.038827
0.033463,-0.018021,0.003800,0.696399,0.249301,0.747816
0.030335,-0.028682,0.002687,-0.604638,0.169403,0.573942
0.041348,-0.025974,-0.000309,-0.353479,0.494775,0.396891
0.026081,-0.030684,0.024880,0.080866,-0.506844,-0.407816
0.042080,-0.026585,0.012994,0.585600,0.343740,0.886503
0.032130,-0.024080,0.006616,-0.056927,0.322874,0.228318
0.033214,-0.041192,0.001929,-0.009742,0.349878,0.045095
0.035754,-0.022363,0.002369,0.706223,0.283544,0.084166
0.028710,-0.025725,0.020898,0.014203,0.045813,0.245337
0.044148,-0.022642,-0.009185,-0.557226,0.291513,0.223283
0.025507,-0.034456,0.024637,0.225133,0.220757,-0.354473
0.046061,-0.036412,0.000180,0.706177,0.163856,0.042227
0.042697,-0.018900,-0.002755,0.079560,0.156198,0.172437
0.029931,-0.036012,-0.004859,-0.441593,0.351740,0.244717
0.042624,-0.023017,-0.011627,-0.470216,0.090362,0.367733
0.024863,-0.039074,0.033270,0.432573,-0.524461,0.138438
0.044482,-0.023260,0.010959,0.309606,0.042885,0.392279
0.034192,-0.026847,-0.001298,0.021904,0.237120,0.347336
0.042119,-0.028200,-0.019233,-1.105331,0.371329,0.107609
0.040596,-0.027832,0.008612,0.319782,0.026086,-0.134034
0.035321,-0.040752,0.005087,0.966583,0.400123,0.203936
0.039647,-0.020968,-0.003838,-0.249879,0.177186,0.252680
0.040146,-0.032766,-0.021245,-0.385778,0.865477,0.398824
0.039690,-0.023516,-0.016144,0.428605,0.105527,0.114604
0.026472,-0.034298,0.036733,0.360822,-0.374923,0.205889
0.042418,-0.021625,0.000170,-0.226265,-0.210063,0.064511
0.025244,-0.026480,-0.005673,-0.419095,-0.580982,0.385340
0.035721,-0.030176,0.003567,0.048964,-0.080830,0.047006
0.041249,-0.026437,0.025490,0.447708,-0.014213,0.356497
0.041597,-0.028009,-0.007167,-0.496078,0.266084,0.611651
0.028933,-0.024750,-0.009336,-0.239339,0.376378,-0.010920
0.043652,-0.039997,0.019907,0.338997,0.192348,0.211561
0.055357,-0.015733,-0.012684,0.508847,2.135348,0.562756
0.031014,-0.033012,-0.024842,-0.069043,0.370535,0.343065
0.037540,-0.025758,-0.018406,-0.181594,0.512228,0.009704
0.020209,-0.028787,0.015843,0.194245,-1.619630,-0.102831
0.043511,-0.029723,0.011550,0.284558,0.183177,0.716485
0.039207,-0.011436,-0.005486,-0.072102,-0.236401,0.482437
0.047473,-0.032782,-0.029832,0.068531,2.126242,0.182117
0.036243,-0.026434,0.008875,0.527849,0.466520,-0.388059
0.026235,-0.030176,0.019221,0.222668,-0.289449,0.489025
0.043813,-0.015418,-0.017920,-0.282319,-0.067815,0.388225
0.026537,-0.034019,0.011589,-0.043170,-0.071705,-0.187236
0.040218,-0.026880,0.011977,0.431857,0.548302,-0.257375
0.032692,-0.027241,0.012344,0.311664,-0.280258,0.456812
0.043626,-0.025758,-0.028942,-0.190736,1.880601,0.289857
0.041417,-0.026155,-0.010807,0.345050,1.442057,-0.113709
0.007588,-0.035759,0.031497,0.516804,-0.458583,-0.241229
0.038180,-0.021999,0.016510,-0.071462,-0.083495,0.277814
0.032255,-0.023059,-0.001038,-0.551357,-0.314740,0.237259
0.031464,-0.041024,0.004335,0.366924,0.515871,-0.312881
0.029767,-0.021815,0.002001,0.950391,0.441990,-0.074543
0.031421,-0.025945,0.018397,0.055142,-0.654797,0.531947
0.040363,-0.028170,-0.004472,-0.366940,0.600837,0.610269
0.033063,-0.018878,0.006465,-0.144151,-0.137271,0.121277
0.026810,-0.033127,0.027145,0.215259,0.212331,0.117919
0.036033,-0.027497,-0.010048,-0.236558,0.124329,0.514615
0.032580,-0.027451,-0.008112,-0.278672,0.397927,0.053656
0.041466,-0.031951,0.011957,0.645117,0.354704,0.272877
0.045378,-0.022423,0.010388,0.096763,0.122021,0.616873
0.031668,-0.037469,-0.003211,-0.155456,0.254501,0.090337
0.030923,-0.036790,-0.005581,0.439171,0.500979,-0.084578
0.025214,-0.038077,0.033185,0.044707,-0.509477,0.275700
0.039641,-0.020148,0.005448,0.005892,-0.115122,0.403994
0.031953,-0.031308,-0.004836,-0.293748,0.101933,0.409285
0.039355,-0.040171,0.002031,-0.035979,0.567740,-0.334368
0.039930,-0.023581,0.017350,0.152125,0.007254,-0.122870
0.047220,-0.036855,0.007644,-0.160005,-0.573107,0.700819
0.043504,-0.022816,-0.017447,-0.132591,1.897801,0.080621
0.030660,-0.042537,0.001617,0.125655,0.408070,-0.090673
0.033539,-0.036068,0.010900,0.533009,-1.583743,-0.213026
0.024542,-0.038700,0.019195,-0.086252,-0.169922,0.256642
0.046153,-0.025104,-0.024967,-0.106485,1.235116,0.605667
0.030063,-0.040226,0.000889,0.105498,0.097534,-0.037934
0.038882,-0.048111,0.017685,0.219723,-0.834819,0.051647
0.037921,-0.024513,0.007352,0.091872,-0.517745,0.402182
0.034418,-0.032011,-0.016226,-0.413574,1.317843,0.535610
0.042112,-0.033327,0.010316,0.591381,0.999407,-0.129865
0.045510,-0.035487,0.025261,0.720968,1.016788,0.415246
0.042490,-0.033058,0.012630,0.048177,-0.029315,0.511051
0.037845,-0.024520,-0.028883,0.240925,0.245234,0.132553
0.024154,-0.043781,0.016529,0.258630,0.131160,-0.106104
0.038728,-0.030159,0.029790,0.196132,-0.667467,0.363420
0.044085,-0.019738,0.011241,-0.233473,-1.218756,0.359025
0.045106,-0.036773,-0.014851,0.394339,2.560623,0.125604
0.038932,-0.035155,-0.006188,1.096561,0.446641,-0.417023
0.024210,-0.032408,0.021758,0.219234,-0.607461,0.437370
0.049265,-0.018415,0.003613,-0.614226,0.203666,0.546206
0.029751,-0.033271,0.010634,-0.129965,-0.454476,0.097293
0.035400,-0.033557,0.004926,0.607888,0.558221,-0.096765
0.043576,-0.012707,0.005747,-0.139927,0.133733,0.547469
0.041640,-0.041264,-0.004235,0.017112,0.187726,0.455755
0.043094,-0.028154,-0.024570,0.128166,0.110858,0.103930
0.022664,-0.043197,0.020183,0.584576,-0.211428,0.148495
0.038672,-0.021937,0.004066,0.015221,-0.086998,0.640933
0.026367,-0.032500,0.005934,-0.576888,0.541376,0.108052
0.035593,-0.031466,0.001269,-0.025327,0.395892,0.143260
0.037330,-0.029398,0.028277,0.453226,-0.000584,0.255523
0.049695,-0.024763,-0.004071,0.017151,0.211258,0.594481
0.041055,-0.026969,-0.016810,-0.215574,0.841460,0.159958
0.028280,-0.035874,0.012197,0.036662,0.149423,0.060493
0.041607,-0.026939,0.000757,0.669782,0.149660,0.482726
0.040826,-0.026834,0.002382,-0.044428,0.036973,0.252838
0.041338,-0.028511,-0.010794,-0.229025,0.561100,0.512157
0.031651,-0.032112,0.013020,0.128518,0.085659,-0.366263
0.034139,-0.034847,0.010437,0.659829,0.259273,0.340840
0.040557,-0.018178,-0.022548,0.377569,0.189151,0.660598
0.024043,-0.028692,0.007824,-0.343280,-0.257724,0.190550
0.047092,-0.030281,-0.000539,-0.234651,0.465896,0.129142
0.040570,-0.020358,0.009305,0.589930,0.494332,0.422182
0.043826,-0.023749,-0.004560,0.649401,0.544977,0.589557
0.047450,-0.028360,-0.004915,0.050077,0.430794,0.176928
0.024670,-0.028905,0.003029,-0.347052,-0.195210,0.031394
0.037392,-0.021700,0.016103,0.390548,0.407574,0.271797
0.038636,-0.027057,0.014350,0.410597,0.346875,0.191167
0.041059,-0.027409,-0.003572,-0.114810,-0.022944,0.731141
0.043658,-0.025006,-0.006050,-0.324029,0.635756,0.022463
0.041403,-0.031433,-0.004268,0.320970,0.233431,-0.130443
0.049934,-0.021421,0.007385,0.515898,0.432589,0.171351
0.032268,-0.038635,0.008799,0.302940,0.400750,0.279521
0.046252,-0.026125,-0.019791,-0.447517,0.311927,0.315542
0.025858,-0.029742,0.010608,0.029933,-0.161384,0.361742
0.045989,-0.025104,0.015614,0.452859,0.686332,0.051808
0.042208,-0.021060,0.001690,0.087641,0.310959,0.022916
0.034510,-0.031584,-0.008210,-0.363947,0.393830,0.631017
0.040383,-0.021766,-0.007255,0.111134,0.147621,0.074447
0.028700,-0.037535,0.016267,0.917619,0.545417,0.051105
0.042372,-0.030369,-0.006983,0.547655,0.760406,-0.024702
0.026524,-0.033212,0.008812,-0.358317,-0.280671,-0.129800
0.038354,-0.029027,0.000419,-0.432684,0.104247,0.108000
0.027808,-0.028472,0.025875,0.349160,-1.082597,0.276999
0.044072,-0.027225,0.016933,0.184017,-0.008203,0.620815
0.038279,-0.029805,-0.000497,-0.138614,0.179622,0.024426
0.031572,-0.036163,-0.006182,0.084812,0.211494,0.042519
0.041718,-0.027638,0.001479,0.559459,0.306626,-0.316003
0.035429,-0.019652,0.016106,0.332078,0.518304,0.536256
0.046147,-0.030583,-0.006842,-0.266905,0.600496,-0.102027
0.039618,-0.035848,0.005569,-0.195042,0.375199,-0.072994
0.032088,-0.030793,0.008487,0.359726,0.189154,-0.041932
0.043258,-0.023529,0.005179,0.376122,0.326672,0.160427
0.030696,-0.023378,0.004535,-0.218147,0.123128,0.435515
0.045930,-0.029339,-0.005345,-0.381061,0.157255,0.014237
0.037868,-0.028229,0.010303,0.302815,0.255298,-0.276735
0.030998,-0.039941,0.011133,0.558471,0.271904,0.231482
0.040346,-0.022048,-0.021153,-0.130286,0.382381,0.382326
0.021866,-0.036183,0.008766,-0.536711,-0.465207,-0.162943
0.034425,-0.028574,0.014521,-0.310942,0.211225,0.099003
0.042910,-0.031830,0.008865,0.569392,0.596885,0.240574
0.029826,-0.032782,0.008300,0.108823,0.071656,0.264602
0.043672,-0.024714,-0.004199,-0.180491,-0.024684,0.416349
0.028444,-0.029004,0.017160,-0.113247,-0.166295,0.037785
0.038472,-0.041569,0.006337,0.394014,0.042806,0.084071
0.039939,-0.020637,-0.002029,0.033619,0.052296,0.632432
0.030529,-0.033031,0.001778,-0.382893,0.288592,0.241533
